session_date,signal_time,entry_time,exit_time,direction,entry_price,exit_price,stop_price,target_price,pnl_points,pnl_brl,fill_reason,exit_reason
2021-03-30,2021-03-30 11:38:00,2021-03-30 11:38:00,2021-03-30 11:38:00,long,5792.5,5798.5,5779.0,5798.5,6.0,60.0,limit_touch,take_profit
2021-03-30,2021-03-30 12:40:00,2021-03-30 13:27:00,2021-03-30 14:00:00,short,5752.5,5746.0,5766.5,5746.0,6.5,65.0,limit_touch,take_profit
2021-03-31,2021-03-31 11:59:00,2021-03-31 13:35:00,2021-03-31 13:45:00,short,5677.0,5691.0,5691.0,5670.5,-14.0,-140.0,limit_touch,stop_loss
2021-04-01,2021-04-01 10:57:00,2021-04-01 11:11:00,2021-04-01 11:16:00,long,5691.5,5698.0,5677.5,5698.0,6.5,65.0,limit_touch,take_profit
2021-04-05,2021-04-05 10:18:00,2021-04-05 10:19:00,2021-04-05 10:20:00,short,5660.5,5654.5,5673.0,5654.5,6.0,60.0,limit_touch,take_profit
2021-04-05,2021-04-05 10:24:00,2021-04-05 10:33:00,2021-04-05 10:53:00,short,5657.0,5651.0,5669.5,5651.0,6.0,60.0,limit_touch,take_profit
2021-04-05,2021-04-05 11:16:00,2021-04-05 11:22:00,2021-04-05 11:50:00,short,5654.5,5666.5,5666.5,5649.0,-12.0,-120.0,limit_touch,stop_loss
2021-04-06,2021-04-06 13:28:00,2021-04-06 14:01:00,2021-04-06 14:24:00,short,5622.5,5632.0,5632.0,5618.0,-9.5,-95.0,limit_touch,stop_loss
2021-04-07,2021-04-07 10:31:00,2021-04-07 10:31:00,2021-04-07 10:31:00,short,5585.0,5580.0,5596.0,5580.0,5.0,50.0,limit_touch,take_profit
2021-04-07,2021-04-07 10:35:00,2021-04-07 10:39:00,2021-04-07 10:44:00,short,5584.0,5595.0,5595.0,5579.0,-11.0,-110.0,limit_touch,stop_loss
2021-04-07,2021-04-07 11:41:00,2021-04-07 11:56:00,2021-04-07 11:59:00,short,5571.0,5565.5,5582.5,5565.5,5.5,55.0,limit_touch,take_profit
2021-04-07,2021-04-07 12:43:00,2021-04-07 12:53:00,2021-04-07 12:56:00,long,5609.0,5615.0,5596.0,5615.0,6.0,60.0,limit_touch,take_profit
2021-04-07,2021-04-07 13:23:00,2021-04-07 13:49:00,2021-04-07 14:40:00,long,5620.5,5607.5,5607.5,5626.5,-13.0,-130.0,limit_touch,stop_loss
2021-04-08,2021-04-08 10:09:00,2021-04-08 10:09:00,2021-04-08 10:09:00,short,5595.0,5589.0,5608.0,5589.0,6.0,60.0,limit_touch,take_profit
2021-04-08,2021-04-08 10:11:00,2021-04-08 10:21:00,2021-04-08 10:24:00,short,5591.5,5585.5,5604.5,5585.5,6.0,60.0,limit_touch,take_profit
2021-04-08,2021-04-08 10:25:00,2021-04-08 10:29:00,2021-04-08 10:32:00,short,5589.5,5583.5,5602.5,5583.5,6.0,60.0,limit_touch,take_profit
2021-04-08,2021-04-08 11:18:00,2021-04-08 11:24:00,2021-04-08 11:27:00,long,5613.5,5619.5,5600.0,5619.5,6.0,60.0,limit_touch,take_profit
2021-04-08,2021-04-08 12:54:00,2021-04-08 12:58:00,2021-04-08 13:10:00,short,5585.5,5579.5,5598.5,5579.5,6.0,60.0,limit_touch,take_profit
2021-04-08,2021-04-08 14:32:00,2021-04-08 14:57:00,2021-04-08 14:58:00,short,5566.0,5560.5,5578.0,5560.5,5.5,55.0,limit_touch,take_profit
2021-04-09,2021-04-09 10:06:00,2021-04-09 10:22:00,2021-04-09 10:33:00,long,5640.0,5628.0,5628.0,5645.5,-12.0,-120.0,limit_touch,stop_loss
2021-04-09,2021-04-09 11:07:00,2021-04-09 11:24:00,2021-04-09 11:26:00,long,5643.0,5648.5,5631.0,5648.5,5.5,55.0,limit_touch,take_profit
2021-04-09,2021-04-09 12:44:00,2021-04-09 12:50:00,2021-04-09 13:01:00,long,5660.5,5666.0,5649.0,5666.0,5.5,55.0,limit_touch,take_profit
2021-04-12,2021-04-12 12:13:00,2021-04-12 12:13:00,2021-04-12 12:13:00,long,5685.0,5690.0,5674.0,5690.0,5.0,50.0,limit_touch,take_profit
2021-04-12,2021-04-12 13:29:00,2021-04-12 13:52:00,2021-04-12 14:10:00,long,5695.0,5700.0,5684.5,5700.0,5.0,50.0,limit_touch,take_profit
2021-04-13,2021-04-13 12:58:00,2021-04-13 13:20:00,2021-04-13 13:42:00,short,5710.5,5704.5,5724.0,5704.5,6.0,60.0,limit_touch,take_profit
2021-04-14,2021-04-14 10:13:00,2021-04-14 10:30:00,2021-04-14 10:35:00,long,5728.5,5715.5,5715.5,5734.5,-13.0,-130.0,limit_touch,stop_loss
2021-04-14,2021-04-14 11:19:00,2021-04-14 11:25:00,2021-04-14 11:28:00,short,5692.5,5686.5,5705.5,5686.5,6.0,60.0,limit_touch,take_profit
2021-04-14,2021-04-14 13:19:00,2021-04-14 14:03:00,2021-04-14 14:38:00,short,5688.0,5682.5,5700.0,5682.5,5.5,55.0,limit_touch,take_profit
2021-04-16,2021-04-16 10:23:00,2021-04-16 10:34:00,2021-04-16 10:36:00,long,5666.5,5671.5,5655.5,5671.5,5.0,50.0,limit_touch,take_profit
2021-04-16,2021-04-16 12:19:00,2021-04-16 12:33:00,2021-04-16 12:51:00,short,5617.5,5612.0,5629.5,5612.0,5.5,55.0,limit_touch,take_profit
2021-04-16,2021-04-16 13:21:00,2021-04-16 14:25:00,2021-04-16 14:34:00,short,5606.0,5600.0,5618.5,5600.0,6.0,60.0,limit_touch,take_profit
2021-04-19,2021-04-19 10:22:00,2021-04-19 10:43:00,2021-04-19 10:52:00,long,5610.0,5597.5,5597.5,5616.0,-12.5,-125.0,limit_touch,stop_loss
2021-04-19,2021-04-19 11:43:00,2021-04-19 11:56:00,2021-04-19 11:58:00,short,5565.5,5559.0,5579.5,5559.0,6.5,65.0,limit_touch,take_profit
2021-04-20,2021-04-20 10:18:00,2021-04-20 10:29:00,2021-04-20 10:57:00,short,5541.5,5535.5,5554.0,5535.5,6.0,60.0,limit_touch,take_profit
2021-04-20,2021-04-20 11:38:00,2021-04-20 12:23:00,2021-04-20 12:25:00,short,5528.0,5522.0,5540.5,5522.0,6.0,60.0,limit_touch,take_profit
2021-04-22,2021-04-22 11:34:00,2021-04-22 11:59:00,2021-04-22 12:30:00,short,5502.5,5515.0,5515.0,5496.5,-12.5,-125.0,limit_touch,stop_loss
2021-04-23,2021-04-23 10:11:00,2021-04-23 10:12:00,2021-04-23 10:16:00,long,5456.5,5462.0,5444.5,5462.0,5.5,55.0,limit_touch,take_profit
2021-04-23,2021-04-23 10:27:00,2021-04-23 10:31:00,2021-04-23 10:51:00,long,5462.5,5468.0,5450.5,5468.0,5.5,55.0,limit_touch,take_profit
2021-04-23,2021-04-23 11:20:00,2021-04-23 11:28:00,2021-04-23 11:30:00,long,5474.0,5479.5,5462.0,5479.5,5.5,55.0,limit_touch,take_profit
2021-04-23,2021-04-23 12:38:00,2021-04-23 12:54:00,2021-04-23 13:00:00,long,5501.5,5507.0,5489.5,5507.0,5.5,55.0,limit_touch,take_profit
2021-04-26,2021-04-26 10:13:00,2021-04-26 10:14:00,2021-04-26 10:14:00,long,5468.0,5473.0,5457.5,5473.0,5.0,50.0,limit_touch,take_profit
2021-04-26,2021-04-26 10:41:00,2021-04-26 10:49:00,2021-04-26 10:53:00,long,5480.0,5485.0,5469.0,5485.0,5.0,50.0,limit_touch,take_profit
2021-04-26,2021-04-26 11:21:00,2021-04-26 11:29:00,2021-04-26 11:54:00,short,5453.5,5448.0,5465.0,5448.0,5.5,55.0,limit_touch,take_profit
2021-04-27,2021-04-27 10:03:00,2021-04-27 10:06:00,2021-04-27 10:19:00,long,5447.5,5452.0,5438.0,5452.0,4.5,45.0,limit_touch,take_profit
2021-04-27,2021-04-27 10:28:00,2021-04-27 10:37:00,2021-04-27 10:48:00,long,5454.5,5444.5,5444.5,5459.0,-10.0,-100.0,limit_touch,stop_loss
2021-04-27,2021-04-27 14:15:00,2021-04-27 14:25:00,2021-04-27 14:33:00,short,5426.0,5436.0,5436.0,5421.5,-10.0,-100.0,limit_touch,stop_loss
2021-04-28,2021-04-28 10:13:00,2021-04-28 10:29:00,2021-04-28 10:32:00,short,5417.0,5412.0,5427.5,5412.0,5.0,50.0,limit_touch,take_profit
2021-04-28,2021-04-28 11:27:00,2021-04-28 11:50:00,2021-04-28 12:11:00,short,5405.0,5415.0,5415.0,5400.5,-10.0,-100.0,limit_touch,stop_loss
2021-04-29,2021-04-29 10:38:00,2021-04-29 10:41:00,2021-04-29 11:04:00,long,5371.0,5376.0,5360.0,5376.0,5.0,50.0,limit_touch,take_profit
2021-04-30,2021-04-30 10:10:00,2021-04-30 10:12:00,2021-04-30 10:18:00,long,5377.5,5382.5,5367.0,5382.5,5.0,50.0,limit_touch,take_profit
2021-04-30,2021-04-30 10:22:00,2021-04-30 10:23:00,2021-04-30 10:28:00,long,5378.5,5383.5,5368.0,5383.5,5.0,50.0,limit_touch,take_profit
2021-05-03,2021-05-03 11:35:00,2021-05-03 12:02:00,2021-05-03 12:04:00,short,5422.5,5416.5,5435.0,5416.5,6.0,60.0,limit_touch,take_profit
2021-05-03,2021-05-03 12:37:00,2021-05-03 13:00:00,2021-05-03 13:31:00,short,5407.0,5419.5,5419.5,5401.5,-12.5,-125.0,limit_touch,stop_loss
2021-05-04,2021-05-04 10:17:00,2021-05-04 10:17:00,2021-05-04 10:17:00,short,5473.0,5468.0,5484.0,5468.0,5.0,50.0,limit_touch,take_profit
2021-05-04,2021-05-04 10:19:00,2021-05-04 10:22:00,2021-05-04 10:27:00,short,5472.0,5467.0,5483.5,5467.0,5.0,50.0,limit_touch,take_profit
2021-05-04,2021-05-04 10:32:00,2021-05-04 10:33:00,2021-05-04 10:34:00,short,5470.5,5465.5,5481.5,5465.5,5.0,50.0,limit_touch,take_profit
2021-05-04,2021-05-04 10:44:00,2021-05-04 10:51:00,2021-05-04 10:53:00,short,5457.5,5452.0,5469.5,5452.0,5.5,55.0,limit_touch,take_profit
2021-05-04,2021-05-04 11:02:00,2021-05-04 11:12:00,2021-05-04 11:22:00,short,5455.5,5467.0,5467.0,5450.0,-11.5,-115.0,limit_touch,stop_loss
2021-05-04,2021-05-04 14:19:00,2021-05-04 14:25:00,2021-05-04 14:26:00,short,5442.0,5437.0,5453.5,5437.0,5.0,50.0,limit_touch,take_profit
2021-05-05,2021-05-05 10:45:00,2021-05-05 11:04:00,2021-05-05 11:11:00,short,5408.5,5403.5,5419.5,5403.5,5.0,50.0,limit_touch,take_profit
2021-05-05,2021-05-05 11:56:00,2021-05-05 12:00:00,2021-05-05 12:08:00,short,5406.0,5401.0,5417.0,5401.0,5.0,50.0,limit_touch,take_profit
2021-05-05,2021-05-05 13:06:00,2021-05-05 14:03:00,2021-05-05 14:09:00,short,5394.5,5389.5,5405.0,5389.5,5.0,50.0,limit_touch,take_profit
2021-05-06,2021-05-06 10:00:00,2021-05-06 10:02:00,2021-05-06 10:03:00,short,5343.0,5338.0,5353.5,5338.0,5.0,50.0,limit_touch,take_profit
2021-05-06,2021-05-06 10:05:00,2021-05-06 10:06:00,2021-05-06 10:10:00,short,5340.0,5335.0,5351.0,5335.0,5.0,50.0,limit_touch,take_profit
2021-05-06,2021-05-06 12:00:00,2021-05-06 13:32:00,2021-05-06 14:13:00,short,5298.5,5293.5,5309.5,5293.5,5.0,50.0,limit_touch,take_profit
2021-05-07,2021-05-07 10:01:00,2021-05-07 10:07:00,2021-05-07 10:14:00,short,5260.0,5255.0,5271.0,5255.0,5.0,50.0,limit_touch,take_profit
2021-05-07,2021-05-07 11:58:00,2021-05-07 13:36:00,2021-05-07 13:45:00,short,5237.0,5231.5,5248.5,5231.5,5.5,55.0,limit_touch,take_profit
2021-05-10,2021-05-10 10:30:00,2021-05-10 10:38:00,2021-05-10 10:44:00,short,5233.0,5229.0,5241.5,5229.0,4.0,40.0,limit_touch,take_profit
2021-05-10,2021-05-10 11:22:00,2021-05-10 11:30:00,2021-05-10 11:53:00,short,5220.5,5230.0,5230.0,5216.0,-9.5,-95.0,limit_touch,stop_loss
2021-05-11,2021-05-11 10:14:00,2021-05-11 10:36:00,2021-05-11 10:39:00,long,5275.0,5279.5,5265.0,5279.5,4.5,45.0,limit_touch,take_profit
2021-05-11,2021-05-11 12:24:00,2021-05-11 13:11:00,2021-05-11 13:20:00,short,5232.0,5227.0,5243.0,5227.0,5.0,50.0,limit_touch,take_profit
2021-05-12,2021-05-12 10:08:00,2021-05-12 10:12:00,2021-05-12 10:22:00,short,5233.0,5244.0,5244.0,5228.0,-11.0,-110.0,limit_touch,stop_loss
2021-05-12,2021-05-12 12:34:00,2021-05-12 12:42:00,2021-05-12 13:14:00,long,5265.0,5270.5,5253.0,5270.5,5.5,55.0,limit_touch,take_profit
2021-05-13,2021-05-13 11:01:00,2021-05-13 11:29:00,2021-05-13 11:35:00,short,5278.5,5272.5,5291.5,5272.5,6.0,60.0,limit_touch,take_profit
2021-05-14,2021-05-14 10:21:00,2021-05-14 10:24:00,2021-05-14 10:30:00,short,5279.5,5273.5,5293.0,5273.5,6.0,60.0,limit_touch,take_profit
2021-05-14,2021-05-14 10:56:00,2021-05-14 11:04:00,2021-05-14 11:38:00,short,5273.5,5286.5,5286.5,5267.5,-13.0,-130.0,limit_touch,stop_loss
2021-05-14,2021-05-14 12:47:00,2021-05-14 13:00:00,2021-05-14 13:15:00,short,5270.0,5264.5,5282.0,5264.5,5.5,55.0,limit_touch,take_profit
2021-05-14,2021-05-14 13:24:00,2021-05-14 13:35:00,2021-05-14 14:04:00,short,5265.5,5277.0,5277.0,5260.0,-11.5,-115.0,limit_touch,stop_loss
2021-05-17,2021-05-17 10:00:00,2021-05-17 10:01:00,2021-05-17 10:04:00,long,5318.0,5307.5,5307.5,5323.0,-10.5,-105.0,limit_touch,stop_loss
2021-05-17,2021-05-17 12:00:00,2021-05-17 12:32:00,2021-05-17 12:36:00,short,5275.0,5270.0,5286.0,5270.0,5.0,50.0,limit_touch,take_profit
2021-05-17,2021-05-17 14:08:00,2021-05-17 14:28:00,2021-05-17 14:46:00,short,5271.0,5266.5,5281.0,5266.5,4.5,45.0,limit_touch,take_profit
2021-05-18,2021-05-18 10:56:00,2021-05-18 10:56:00,2021-05-18 10:56:00,long,5274.0,5278.5,5264.0,5278.5,4.5,45.0,limit_touch,take_profit
2021-05-18,2021-05-18 11:07:00,2021-05-18 11:13:00,2021-05-18 11:19:00,long,5277.5,5282.0,5267.5,5282.0,4.5,45.0,limit_touch,take_profit
2021-05-18,2021-05-18 12:55:00,2021-05-18 13:02:00,2021-05-18 13:11:00,short,5249.5,5259.5,5259.5,5245.0,-10.0,-100.0,limit_touch,stop_loss
2021-05-19,2021-05-19 10:42:00,2021-05-19 10:45:00,2021-05-19 10:46:00,short,5283.0,5279.0,5292.0,5279.0,4.0,40.0,limit_touch,take_profit
2021-05-19,2021-05-19 10:51:00,2021-05-19 10:58:00,2021-05-19 11:03:00,short,5282.5,5291.5,5291.5,5278.5,-9.0,-90.0,limit_touch,stop_loss
2021-05-19,2021-05-19 11:12:00,2021-05-19 11:14:00,2021-05-19 11:15:00,long,5302.0,5306.5,5292.5,5306.5,4.5,45.0,limit_touch,take_profit
2021-05-19,2021-05-19 12:34:00,2021-05-19 12:46:00,2021-05-19 12:49:00,short,5282.5,5278.0,5292.5,5278.0,4.5,45.0,limit_touch,take_profit
2021-05-19,2021-05-19 13:03:00,2021-05-19 13:34:00,2021-05-19 14:47:00,short,5276.5,5286.0,5286.0,5272.0,-9.5,-95.0,limit_touch,stop_loss
2021-05-20,2021-05-20 12:44:00,2021-05-20 12:51:00,2021-05-20 13:14:00,short,5288.5,5298.0,5298.0,5284.0,-9.5,-95.0,limit_touch,stop_loss
2021-05-21,2021-05-21 10:06:00,2021-05-21 10:11:00,2021-05-21 10:17:00,short,5285.0,5281.5,5292.5,5281.5,3.5,35.0,limit_touch,take_profit
2021-05-21,2021-05-21 11:15:00,2021-05-21 11:28:00,2021-05-21 11:37:00,long,5307.5,5311.5,5299.0,5311.5,4.0,40.0,limit_touch,take_profit
2021-05-21,2021-05-21 11:39:00,2021-05-21 11:44:00,2021-05-21 11:52:00,long,5312.0,5316.0,5303.0,5316.0,4.0,40.0,limit_touch,take_profit
2021-05-24,2021-05-24 12:09:00,2021-05-24 13:24:00,2021-05-24 13:29:00,short,5330.0,5326.5,5338.0,5326.5,3.5,35.0,limit_touch,take_profit
2021-05-25,2021-05-25 10:36:00,2021-05-25 10:44:00,2021-05-25 10:51:00,long,5316.5,5320.0,5309.5,5320.0,3.5,35.0,limit_touch,take_profit
2021-05-25,2021-05-25 10:57:00,2021-05-25 11:00:00,2021-05-25 11:01:00,long,5320.5,5324.0,5313.0,5324.0,3.5,35.0,limit_touch,take_profit
2021-05-26,2021-05-26 10:32:00,2021-05-26 10:38:00,2021-05-26 10:39:00,long,5334.0,5337.5,5326.5,5337.5,3.5,35.0,limit_touch,take_profit
2021-05-26,2021-05-26 12:22:00,2021-05-26 12:38:00,2021-05-26 12:53:00,short,5303.0,5311.0,5311.0,5299.0,-8.0,-80.0,limit_touch,stop_loss
2021-05-27,2021-05-27 12:00:00,2021-05-27 13:04:00,2021-05-27 14:10:00,short,5273.5,5270.0,5281.0,5270.0,3.5,35.0,limit_touch,take_profit
2021-05-28,2021-05-28 10:08:00,2021-05-28 10:10:00,2021-05-28 10:12:00,short,5240.5,5236.5,5249.0,5236.5,4.0,40.0,limit_touch,take_profit
2021-05-28,2021-05-28 10:19:00,2021-05-28 10:22:00,2021-05-28 10:32:00,short,5235.0,5231.0,5243.5,5231.0,4.0,40.0,limit_touch,take_profit
2021-05-28,2021-05-28 10:34:00,2021-05-28 10:37:00,2021-05-28 10:50:00,short,5235.0,5231.0,5243.5,5231.0,4.0,40.0,limit_touch,take_profit
2021-05-28,2021-05-28 11:02:00,2021-05-28 11:02:00,2021-05-28 11:02:00,short,5233.5,5229.5,5242.0,5229.5,4.0,40.0,limit_touch,take_profit
2021-05-28,2021-05-28 13:08:00,2021-05-28 13:30:00,2021-05-28 14:16:00,short,5228.0,5224.5,5235.5,5224.5,3.5,35.0,limit_touch,take_profit
2021-05-31,2021-05-31 10:05:00,2021-05-31 10:08:00,2021-05-31 10:18:00,short,5234.0,5231.0,5241.0,5231.0,3.0,30.0,limit_touch,take_profit
2021-05-31,2021-05-31 10:35:00,2021-05-31 10:47:00,2021-05-31 11:00:00,short,5222.5,5229.5,5229.5,5219.0,-7.0,-70.0,better_open,stop_loss
2021-05-31,2021-05-31 12:25:00,2021-05-31 12:58:00,2021-05-31 13:13:00,long,5261.0,5264.5,5253.0,5264.5,3.5,35.0,limit_touch,take_profit
2021-06-01,2021-06-01 10:33:00,2021-06-01 10:55:00,2021-06-01 10:57:00,short,5175.5,5171.5,5184.0,5171.5,4.0,40.0,limit_touch,take_profit
2021-06-02,2021-06-02 10:15:00,2021-06-02 10:19:00,2021-06-02 10:34:00,long,5181.5,5174.5,5174.5,5185.0,-7.0,-70.0,limit_touch,stop_loss
2021-06-04,2021-06-04 10:53:00,2021-06-04 11:50:00,2021-06-04 12:01:00,short,5080.5,5076.0,5090.5,5076.0,4.5,45.0,limit_touch,take_profit
2021-06-07,2021-06-07 10:14:00,2021-06-07 10:21:00,2021-06-07 10:41:00,long,5069.0,5060.5,5060.5,5073.0,-8.5,-85.0,limit_touch,stop_loss
2021-06-07,2021-06-07 11:01:00,2021-06-07 11:13:00,2021-06-07 11:29:00,long,5072.0,5063.5,5063.5,5076.0,-8.5,-85.0,limit_touch,stop_loss
2021-06-07,2021-06-07 13:02:00,2021-06-07 13:10:00,2021-06-07 13:13:00,short,5043.0,5039.0,5051.5,5039.0,4.0,40.0,limit_touch,take_profit_gap_open
2021-06-08,2021-06-08 10:11:00,2021-06-08 10:15:00,2021-06-08 10:21:00,long,5064.0,5068.0,5055.5,5068.0,4.0,40.0,limit_touch,take_profit
2021-06-08,2021-06-08 10:52:00,2021-06-08 11:06:00,2021-06-08 11:32:00,long,5069.5,5061.5,5061.5,5073.5,-8.0,-80.0,limit_touch,stop_loss
2021-06-08,2021-06-08 12:29:00,2021-06-08 12:50:00,2021-06-08 13:03:00,short,5045.0,5053.5,5053.5,5041.0,-8.5,-85.0,limit_touch,stop_loss
2021-06-09,2021-06-09 10:11:00,2021-06-09 10:18:00,2021-06-09 10:22:00,long,5053.5,5046.0,5046.0,5057.0,-7.5,-75.0,limit_touch,stop_loss
2021-06-09,2021-06-09 11:14:00,2021-06-09 11:21:00,2021-06-09 11:24:00,long,5057.0,5061.0,5048.5,5061.0,4.0,40.0,limit_touch,take_profit
2021-06-09,2021-06-09 14:05:00,2021-06-09 14:41:00,2021-06-09 14:42:00,long,5080.0,5084.0,5072.0,5084.0,4.0,40.0,limit_touch,take_profit
2021-06-10,2021-06-10 12:01:00,2021-06-10 12:37:00,2021-06-10 13:09:00,long,5079.5,5084.0,5069.5,5084.0,4.5,45.0,limit_touch,take_profit
2021-06-10,2021-06-10 13:34:00,2021-06-10 13:50:00,2021-06-10 14:30:00,long,5087.0,5091.5,5077.5,5091.5,4.5,45.0,limit_touch,take_profit
2021-06-11,2021-06-11 12:30:00,2021-06-11 14:05:00,2021-06-11 14:11:00,long,5126.5,5130.5,5118.0,5130.5,4.0,40.0,limit_touch,take_profit
2021-06-14,2021-06-14 10:01:00,2021-06-14 10:01:00,2021-06-14 10:01:00,short,5104.5,5101.0,5111.5,5101.0,3.5,35.0,limit_touch,take_profit
2021-06-14,2021-06-14 10:36:00,2021-06-14 10:41:00,2021-06-14 10:57:00,short,5094.5,5091.0,5102.0,5091.0,3.5,35.0,limit_touch,take_profit
2021-06-14,2021-06-14 11:00:00,2021-06-14 11:07:00,2021-06-14 11:13:00,short,5094.0,5090.5,5101.5,5090.5,3.5,35.0,limit_touch,take_profit
2021-06-14,2021-06-14 12:12:00,2021-06-14 14:51:00,2021-06-14 15:08:00,short,5078.5,5086.0,5086.0,5075.0,-7.5,-75.0,limit_touch,stop_loss
2021-06-15,2021-06-15 10:00:00,2021-06-15 10:16:00,2021-06-15 10:22:00,long,5086.0,5079.5,5079.5,5089.0,-6.5,-65.0,limit_touch,stop_loss
2021-06-15,2021-06-15 10:32:00,2021-06-15 10:35:00,2021-06-15 10:45:00,long,5087.0,5090.0,5080.0,5090.0,3.0,30.0,limit_touch,take_profit
2021-06-15,2021-06-15 10:47:00,2021-06-15 10:59:00,2021-06-15 11:01:00,long,5089.5,5092.5,5082.5,5092.5,3.0,30.0,limit_touch,take_profit
2021-06-15,2021-06-15 11:15:00,2021-06-15 11:34:00,2021-06-15 11:35:00,long,5101.5,5105.0,5094.0,5105.0,3.5,35.0,limit_touch,take_profit
2021-06-15,2021-06-15 14:53:00,2021-06-15 14:59:00,2021-06-15 15:06:00,short,5069.0,5065.5,5077.0,5065.5,3.5,35.0,limit_touch,take_profit
2021-06-16,2021-06-16 10:38:00,2021-06-16 10:45:00,2021-06-16 10:46:00,short,5045.0,5041.5,5053.0,5041.5,3.5,35.0,limit_touch,take_profit
2021-06-16,2021-06-16 11:07:00,2021-06-16 11:14:00,2021-06-16 11:17:00,short,5040.5,5037.0,5048.5,5037.0,3.5,35.0,limit_touch,take_profit
2021-06-16,2021-06-16 12:47:00,2021-06-16 13:25:00,2021-06-16 13:48:00,short,5017.0,5013.5,5025.0,5013.5,3.5,35.0,limit_touch,take_profit
2021-06-17,2021-06-17 10:33:00,2021-06-17 10:44:00,2021-06-17 11:07:00,short,5041.0,5035.5,5053.0,5035.5,5.5,55.0,limit_touch,take_profit
2021-06-17,2021-06-17 11:34:00,2021-06-17 12:06:00,2021-06-17 12:13:00,short,5039.0,5050.5,5050.5,5033.5,-11.5,-115.0,limit_touch,stop_loss
2021-06-17,2021-06-17 12:35:00,2021-06-17 12:48:00,2021-06-17 13:22:00,short,5032.0,5026.5,5044.0,5026.5,5.5,55.0,limit_touch,take_profit
2021-06-18,2021-06-18 10:06:00,2021-06-18 10:08:00,2021-06-18 10:16:00,short,5007.0,5002.5,5016.5,5002.5,4.5,45.0,limit_touch,take_profit
2021-06-18,2021-06-18 10:31:00,2021-06-18 10:36:00,2021-06-18 10:46:00,short,4999.5,5009.0,5009.0,4995.0,-9.5,-95.0,limit_touch,stop_loss
2021-06-18,2021-06-18 11:20:00,2021-06-18 11:38:00,2021-06-18 11:46:00,long,5044.5,5049.5,5033.5,5049.5,5.0,50.0,limit_touch,take_profit
2021-06-18,2021-06-18 14:01:00,2021-06-18 14:37:00,2021-06-18 14:51:00,long,5064.5,5070.0,5053.0,5070.0,5.5,55.0,limit_touch,take_profit
2021-06-21,2021-06-21 10:20:00,2021-06-21 10:46:00,2021-06-21 11:01:00,short,5052.5,5047.5,5063.5,5047.5,5.0,50.0,limit_touch,take_profit
2021-06-21,2021-06-21 11:05:00,2021-06-21 11:13:00,2021-06-21 11:15:00,short,5051.0,5046.0,5062.0,5046.0,5.0,50.0,limit_touch,take_profit
2021-06-21,2021-06-21 13:02:00,2021-06-21 13:27:00,2021-06-21 13:30:00,short,5043.5,5039.0,5052.5,5039.0,4.5,45.0,limit_touch,take_profit
2021-06-22,2021-06-22 12:34:00,2021-06-22 12:43:00,2021-06-22 12:44:00,short,5017.5,5013.5,5026.5,5013.5,4.0,40.0,limit_touch,take_profit
2021-06-22,2021-06-22 13:26:00,2021-06-22 14:14:00,2021-06-22 14:22:00,short,5008.5,5004.5,5017.5,5004.5,4.0,40.0,limit_touch,take_profit
2021-06-23,2021-06-23 10:15:00,2021-06-23 10:20:00,2021-06-23 10:21:00,long,4964.5,4968.5,4955.5,4968.5,4.0,40.0,limit_touch,take_profit
2021-06-23,2021-06-23 10:28:00,2021-06-23 10:30:00,2021-06-23 10:32:00,long,4966.0,4970.5,4956.5,4970.5,4.5,45.0,limit_touch,take_profit
2021-06-23,2021-06-23 11:43:00,2021-06-23 11:57:00,2021-06-23 12:09:00,long,4973.5,4978.5,4963.0,4978.5,5.0,50.0,limit_touch,take_profit
2021-06-23,2021-06-23 13:21:00,2021-06-23 13:25:00,2021-06-23 13:39:00,short,4951.5,4962.0,4962.0,4946.5,-10.5,-105.0,limit_touch,stop_loss
2021-06-25,2021-06-25 12:17:00,2021-06-25 12:38:00,2021-06-25 13:50:00,long,4935.0,4939.0,4926.5,4939.0,4.0,40.0,limit_touch,take_profit
2021-06-28,2021-06-28 10:07:00,2021-06-28 10:15:00,2021-06-28 10:23:00,short,4947.5,4943.0,4957.5,4943.0,4.5,45.0,limit_touch,take_profit
2021-06-28,2021-06-28 10:38:00,2021-06-28 10:40:00,2021-06-28 11:07:00,short,4939.5,4949.5,4949.5,4935.0,-10.0,-100.0,limit_touch,stop_loss
2021-06-29,2021-06-29 11:01:00,2021-06-29 11:01:00,2021-06-29 11:01:00,long,4953.5,4957.5,4945.0,4957.5,4.0,40.0,limit_touch,take_profit
2021-06-29,2021-06-29 11:13:00,2021-06-29 11:15:00,2021-06-29 11:16:00,long,4956.0,4960.0,4947.5,4960.0,4.0,40.0,limit_touch,take_profit
2021-06-29,2021-06-29 11:21:00,2021-06-29 11:28:00,2021-06-29 11:35:00,long,4961.5,4953.0,4953.0,4965.5,-8.5,-85.0,limit_touch,stop_loss
2021-06-30,2021-06-30 10:17:00,2021-06-30 10:39:00,2021-06-30 10:46:00,long,5012.0,5016.5,5002.5,5016.5,4.5,45.0,limit_touch,take_profit
2021-06-30,2021-06-30 12:40:00,2021-06-30 13:00:00,2021-06-30 13:15:00,long,5022.0,5011.5,5011.5,5027.0,-10.5,-105.0,limit_touch,stop_loss
2021-07-01,2021-07-01 10:03:00,2021-07-01 10:08:00,2021-07-01 10:25:00,short,4969.5,4978.5,4978.5,4965.5,-9.0,-90.0,limit_touch,stop_loss
2021-07-01,2021-07-01 10:45:00,2021-07-01 10:47:00,2021-07-01 10:50:00,long,4995.5,5000.0,4986.0,5000.0,4.5,45.0,limit_touch,take_profit
2021-07-01,2021-07-01 11:00:00,2021-07-01 11:01:00,2021-07-01 11:03:00,long,5007.5,5012.0,4997.5,5012.0,4.5,45.0,limit_touch,take_profit
2021-07-01,2021-07-01 12:36:00,2021-07-01 13:42:00,2021-07-01 13:51:00,long,5038.0,5043.0,5027.5,5043.0,5.0,50.0,limit_touch,take_profit
2021-07-02,2021-07-02 10:07:00,2021-07-02 10:39:00,2021-07-02 10:41:00,short,5020.5,5032.0,5032.0,5015.0,-11.5,-115.0,limit_touch,stop_loss
2021-07-02,2021-07-02 11:10:00,2021-07-02 11:18:00,2021-07-02 11:27:00,long,5067.0,5053.5,5053.5,5073.5,-13.5,-135.0,limit_touch,stop_loss
2021-07-05,2021-07-05 10:02:00,2021-07-05 10:04:00,2021-07-05 10:12:00,long,5080.5,5071.5,5071.5,5085.0,-9.0,-90.0,limit_touch,stop_loss
2021-07-05,2021-07-05 10:19:00,2021-07-05 10:22:00,2021-07-05 11:02:00,long,5083.0,5087.5,5073.5,5087.5,4.5,45.0,limit_touch,take_profit
2021-07-05,2021-07-05 11:12:00,2021-07-05 11:16:00,2021-07-05 11:28:00,long,5090.0,5094.5,5080.5,5094.5,4.5,45.0,limit_touch,take_profit
2021-07-05,2021-07-05 11:40:00,2021-07-05 12:02:00,2021-07-05 12:13:00,long,5090.5,5095.0,5081.5,5095.0,4.5,45.0,limit_touch,take_profit
2021-07-05,2021-07-05 12:24:00,2021-07-05 12:33:00,2021-07-05 13:17:00,long,5096.5,5087.5,5087.5,5100.5,-9.0,-90.0,limit_touch,stop_loss
2021-07-06,2021-07-06 12:14:00,2021-07-06 14:18:00,2021-07-06 14:32:00,long,5188.5,5193.5,5178.0,5193.5,5.0,50.0,limit_touch,take_profit
2021-07-07,2021-07-07 10:08:00,2021-07-07 10:16:00,2021-07-07 10:31:00,long,5217.0,5221.5,5206.5,5221.5,4.5,45.0,limit_touch,take_profit
2021-07-07,2021-07-07 12:18:00,2021-07-07 12:44:00,2021-07-07 12:46:00,long,5267.0,5272.5,5255.0,5272.5,5.5,55.0,limit_touch,take_profit
2021-07-08,2021-07-08 10:24:00,2021-07-08 10:30:00,2021-07-08 10:30:00,short,5282.0,5275.5,5296.0,5275.5,6.5,65.0,limit_touch,take_profit
2021-07-08,2021-07-08 10:32:00,2021-07-08 10:36:00,2021-07-08 10:44:00,short,5280.5,5294.0,5294.0,5274.0,-13.5,-135.0,limit_touch,stop_loss
2021-07-08,2021-07-08 11:22:00,2021-07-08 11:25:00,2021-07-08 11:34:00,long,5307.0,5314.0,5292.5,5314.0,7.0,70.0,limit_touch,take_profit
2021-07-08,2021-07-08 11:39:00,2021-07-08 11:40:00,2021-07-08 11:40:00,long,5313.0,5298.0,5298.0,5320.0,-15.0,-150.0,limit_touch,stop_loss
2021-07-08,2021-07-08 12:07:00,2021-07-08 12:07:00,2021-07-08 12:09:00,short,5282.0,5297.5,5297.5,5275.0,-15.5,-155.0,limit_touch,stop_loss
2021-07-08,2021-07-08 13:24:00,2021-07-08 14:02:00,2021-07-08 14:24:00,short,5256.0,5271.0,5271.0,5249.0,-15.0,-150.0,limit_touch,stop_loss
2021-07-12,2021-07-12 10:10:00,2021-07-12 10:16:00,2021-07-12 10:19:00,short,5258.0,5252.5,5270.0,5252.5,5.5,55.0,limit_touch,take_profit
2021-07-12,2021-07-12 10:25:00,2021-07-12 10:38:00,2021-07-12 10:39:00,short,5256.5,5251.0,5268.5,5251.0,5.5,55.0,limit_touch,take_profit
2021-07-13,2021-07-13 11:17:00,2021-07-13 11:33:00,2021-07-13 11:51:00,short,5183.5,5178.0,5195.5,5178.0,5.5,55.0,limit_touch,take_profit
2021-07-13,2021-07-13 13:49:00,2021-07-13 14:03:00,2021-07-13 14:09:00,short,5177.5,5172.5,5188.0,5172.5,5.0,50.0,limit_touch,take_profit
2021-07-14,2021-07-14 11:19:00,2021-07-14 11:44:00,2021-07-14 11:49:00,short,5099.5,5094.0,5111.0,5094.0,5.5,55.0,limit_touch,take_profit
2021-07-15,2021-07-15 10:23:00,2021-07-15 10:35:00,2021-07-15 10:36:00,long,5096.0,5085.5,5085.5,5101.0,-10.5,-105.0,limit_touch,stop_loss
2021-07-15,2021-07-15 10:55:00,2021-07-15 10:58:00,2021-07-15 11:01:00,long,5104.5,5109.5,5093.0,5109.5,5.0,50.0,limit_touch,take_profit
2021-07-15,2021-07-15 12:25:00,2021-07-15 13:38:00,2021-07-15 13:42:00,long,5115.5,5121.0,5103.5,5121.0,5.5,55.0,limit_touch,take_profit
2021-07-16,2021-07-16 10:47:00,2021-07-16 10:56:00,2021-07-16 11:05:00,long,5123.0,5112.0,5112.0,5128.0,-11.0,-110.0,limit_touch,stop_loss
2021-07-16,2021-07-16 12:00:00,2021-07-16 12:05:00,2021-07-16 12:07:00,short,5096.5,5091.0,5108.0,5091.0,5.5,55.0,better_open,take_profit
2021-07-16,2021-07-16 13:55:00,2021-07-16 14:21:00,2021-07-16 14:25:00,short,5095.5,5090.0,5107.0,5090.0,5.5,55.0,limit_touch,take_profit
2021-07-19,2021-07-19 10:01:00,2021-07-19 10:02:00,2021-07-19 10:23:00,long,5196.5,5202.0,5185.0,5202.0,5.5,55.0,limit_touch,take_profit
2021-07-19,2021-07-19 11:13:00,2021-07-19 11:34:00,2021-07-19 11:35:00,long,5203.5,5209.5,5190.5,5209.5,6.0,60.0,limit_touch,take_profit
2021-07-20,2021-07-20 10:31:00,2021-07-20 10:47:00,2021-07-20 10:55:00,long,5285.5,5275.0,5275.0,5290.5,-10.5,-105.0,limit_touch,stop_loss
2021-07-20,2021-07-20 11:22:00,2021-07-20 11:28:00,2021-07-20 11:39:00,short,5253.0,5265.0,5265.0,5247.5,-12.0,-120.0,limit_touch,stop_loss
2021-07-20,2021-07-20 12:47:00,2021-07-20 13:05:00,2021-07-20 13:37:00,short,5232.0,5226.0,5244.5,5226.0,6.0,60.0,limit_touch,take_profit
2021-07-21,2021-07-21 11:35:00,2021-07-21 11:40:00,2021-07-21 11:57:00,long,5271.0,5260.0,5260.0,5276.0,-11.0,-110.0,limit_touch,stop_loss
2021-07-22,2021-07-22 10:39:00,2021-07-22 10:43:00,2021-07-22 10:56:00,long,5206.5,5211.5,5195.5,5211.5,5.0,50.0,limit_touch,take_profit
2021-07-22,2021-07-22 11:09:00,2021-07-22 11:17:00,2021-07-22 11:41:00,long,5214.0,5219.5,5202.5,5219.5,5.5,55.0,limit_touch,take_profit
2021-07-22,2021-07-22 12:41:00,2021-07-22 12:54:00,2021-07-22 13:17:00,long,5216.0,5205.0,5205.0,5221.0,-11.0,-110.0,limit_touch,stop_loss
2021-07-23,2021-07-23 10:03:00,2021-07-23 10:08:00,2021-07-23 10:09:00,short,5173.5,5169.5,5182.5,5169.5,4.0,40.0,limit_touch,take_profit
2021-07-23,2021-07-23 12:06:00,2021-07-23 12:10:00,2021-07-23 12:23:00,short,5172.5,5181.5,5181.5,5168.0,-9.0,-90.0,better_open,stop_loss
2021-07-23,2021-07-23 14:50:00,2021-07-23 14:52:00,2021-07-23 14:52:00,long,5196.5,5188.0,5188.0,5200.5,-8.5,-85.0,limit_touch,stop_loss
2021-07-26,2021-07-26 11:35:00,2021-07-26 12:27:00,2021-07-26 12:35:00,short,5183.5,5178.5,5194.0,5178.5,5.0,50.0,limit_touch,take_profit
2021-07-26,2021-07-26 13:40:00,2021-07-26 14:10:00,2021-07-26 14:34:00,short,5174.5,5170.0,5184.5,5170.0,4.5,45.0,limit_touch,take_profit
2021-07-27,2021-07-27 11:03:00,2021-07-27 11:19:00,2021-07-27 11:28:00,short,5173.0,5168.5,5183.0,5168.5,4.5,45.0,limit_touch,take_profit
2021-07-27,2021-07-27 12:15:00,2021-07-27 12:35:00,2021-07-27 13:55:00,short,5166.0,5175.5,5175.5,5161.5,-9.5,-95.0,limit_touch,stop_loss
2021-07-28,2021-07-28 10:26:00,2021-07-28 10:28:00,2021-07-28 10:31:00,short,5158.5,5155.0,5166.5,5155.0,3.5,35.0,limit_touch,take_profit
2021-07-28,2021-07-28 10:39:00,2021-07-28 10:42:00,2021-07-28 10:47:00,short,5156.0,5152.0,5164.0,5152.0,4.0,40.0,limit_touch,take_profit
2021-07-28,2021-07-28 10:49:00,2021-07-28 10:51:00,2021-07-28 10:56:00,short,5147.0,5143.0,5155.5,5143.0,4.0,40.0,limit_touch,take_profit
2021-07-28,2021-07-28 11:02:00,2021-07-28 11:11:00,2021-07-28 11:23:00,short,5142.5,5138.5,5151.0,5138.5,4.0,40.0,limit_touch,take_profit
2021-07-28,2021-07-28 14:38:00,2021-07-28 14:59:00,2021-07-28 14:59:00,long,5167.5,5171.5,5159.0,5171.5,4.0,40.0,limit_touch,take_profit
2021-07-29,2021-07-29 13:25:00,2021-07-29 13:42:00,2021-07-29 14:02:00,short,5054.0,5063.5,5063.5,5049.5,-9.5,-95.0,limit_touch,stop_loss
2021-08-02,2021-08-02 11:31:00,2021-08-02 12:09:00,2021-08-02 12:21:00,short,5161.0,5155.5,5172.5,5155.5,5.5,55.0,limit_touch,take_profit
2021-08-02,2021-08-02 12:29:00,2021-08-02 13:04:00,2021-08-02 13:10:00,short,5155.5,5150.0,5167.5,5150.0,5.5,55.0,limit_touch,take_profit
2021-08-02,2021-08-02 13:43:00,2021-08-02 14:59:00,2021-08-02 15:03:00,short,5154.0,5166.0,5166.0,5148.5,-12.0,-120.0,limit_touch,stop_loss
2021-08-03,2021-08-03 11:05:00,2021-08-03 11:50:00,2021-08-03 11:55:00,long,5266.5,5273.5,5252.0,5273.5,7.0,70.0,limit_touch,take_profit
2021-08-04,2021-08-04 10:35:00,2021-08-04 10:41:00,2021-08-04 10:50:00,short,5197.5,5191.5,5211.0,5191.5,6.0,60.0,limit_touch,take_profit
2021-08-04,2021-08-04 11:31:00,2021-08-04 11:43:00,2021-08-04 11:44:00,long,5238.0,5244.5,5223.5,5244.5,6.5,65.0,limit_touch,take_profit
2021-08-04,2021-08-04 12:31:00,2021-08-04 13:13:00,2021-08-04 13:24:00,long,5245.0,5251.5,5230.5,5251.5,6.5,65.0,limit_touch,take_profit
2021-08-05,2021-08-05 10:39:00,2021-08-05 10:47:00,2021-08-05 10:58:00,short,5142.5,5136.5,5155.0,5136.5,6.0,60.0,limit_touch,take_profit
2021-08-06,2021-08-06 10:29:00,2021-08-06 10:32:00,2021-08-06 10:45:00,short,5239.5,5255.5,5255.5,5232.0,-16.0,-160.0,limit_touch,stop_loss
2021-08-09,2021-08-09 11:57:00,2021-08-09 12:22:00,2021-08-09 12:24:00,long,5296.5,5303.0,5282.5,5303.0,6.5,65.0,limit_touch,take_profit
2021-08-10,2021-08-10 10:16:00,2021-08-10 10:18:00,2021-08-10 10:18:00,short,5245.0,5239.0,5257.5,5239.0,6.0,60.0,limit_touch,take_profit
2021-08-10,2021-08-10 11:58:00,2021-08-10 12:01:00,2021-08-10 12:02:00,short,5241.5,5235.0,5255.5,5235.0,6.5,65.0,limit_touch,take_profit
2021-08-10,2021-08-10 12:57:00,2021-08-10 13:16:00,2021-08-10 13:20:00,short,5224.0,5218.0,5237.5,5218.0,6.0,60.0,limit_touch,take_profit
2021-08-10,2021-08-10 14:08:00,2021-08-10 14:25:00,2021-08-10 14:27:00,short,5220.0,5214.0,5233.0,5214.0,6.0,60.0,limit_touch,take_profit
2021-08-11,2021-08-11 11:36:00,2021-08-11 11:50:00,2021-08-11 12:03:00,long,5231.5,5237.5,5218.5,5237.5,6.0,60.0,limit_touch,take_profit
2021-08-12,2021-08-12 10:15:00,2021-08-12 10:17:00,2021-08-12 10:18:00,long,5254.0,5258.5,5244.5,5258.5,4.5,45.0,limit_touch,take_profit
2021-08-12,2021-08-12 11:40:00,2021-08-12 11:48:00,2021-08-12 12:02:00,long,5257.0,5262.0,5246.5,5262.0,5.0,50.0,limit_touch,take_profit
2021-08-12,2021-08-12 12:04:00,2021-08-12 12:13:00,2021-08-12 12:15:00,long,5259.5,5264.5,5249.0,5264.5,5.0,50.0,limit_touch,take_profit
2021-08-12,2021-08-12 14:17:00,2021-08-12 14:25:00,2021-08-12 15:14:00,short,5234.5,5244.5,5244.5,5230.0,-10.0,-100.0,limit_touch,stop_loss
2021-08-13,2021-08-13 10:43:00,2021-08-13 10:51:00,2021-08-13 10:54:00,long,5278.0,5283.0,5267.0,5283.0,5.0,50.0,limit_touch,take_profit
2021-08-13,2021-08-13 11:28:00,2021-08-13 11:35:00,2021-08-13 11:47:00,long,5281.0,5269.5,5269.5,5286.0,-11.5,-115.0,limit_touch,stop_loss
2021-08-13,2021-08-13 12:27:00,2021-08-13 12:46:00,2021-08-13 12:48:00,short,5251.5,5246.0,5263.0,5246.0,5.5,55.0,limit_touch,take_profit
2021-08-13,2021-08-13 14:13:00,2021-08-13 14:55:00,2021-08-13 15:15:00,short,5248.0,5243.0,5258.5,5243.0,5.0,50.0,limit_touch,take_profit
2021-08-16,2021-08-16 10:15:00,2021-08-16 10:32:00,2021-08-16 10:32:00,short,5271.0,5266.5,5280.5,5266.5,4.5,45.0,limit_touch,take_profit
2021-08-16,2021-08-16 11:51:00,2021-08-16 12:06:00,2021-08-16 12:35:00,short,5257.5,5252.5,5268.0,5252.5,5.0,50.0,limit_touch,take_profit
2021-08-17,2021-08-17 10:17:00,2021-08-17 10:25:00,2021-08-17 10:30:00,long,5298.5,5289.0,5289.0,5303.0,-9.5,-95.0,limit_touch,stop_loss
2021-08-17,2021-08-17 10:40:00,2021-08-17 10:42:00,2021-08-17 10:44:00,short,5271.5,5266.5,5282.5,5266.5,5.0,50.0,limit_touch,take_profit
2021-08-17,2021-08-17 11:07:00,2021-08-17 11:35:00,2021-08-17 11:36:00,short,5269.0,5264.0,5280.0,5264.0,5.0,50.0,limit_touch,take_profit
2021-08-17,2021-08-17 12:26:00,2021-08-17 12:38:00,2021-08-17 13:18:00,short,5262.0,5273.0,5273.0,5257.0,-11.0,-110.0,limit_touch,stop_loss
2021-08-17,2021-08-17 14:50:00,2021-08-17 15:00:00,2021-08-17 15:07:00,long,5297.0,5302.0,5285.5,5302.0,5.0,50.0,limit_touch,take_profit
2021-08-18,2021-08-18 10:11:00,2021-08-18 10:13:00,2021-08-18 10:26:00,short,5286.5,5297.5,5297.5,5281.5,-11.0,-110.0,limit_touch,stop_loss
2021-08-18,2021-08-18 11:00:00,2021-08-18 11:03:00,2021-08-18 11:09:00,short,5280.5,5291.5,5291.5,5275.5,-11.0,-110.0,limit_touch,stop_loss
2021-08-18,2021-08-18 11:32:00,2021-08-18 11:47:00,2021-08-18 11:49:00,long,5318.0,5323.5,5305.5,5323.5,5.5,55.0,limit_touch,take_profit
2021-08-18,2021-08-18 12:40:00,2021-08-18 14:22:00,2021-08-18 14:30:00,long,5341.0,5347.0,5328.0,5347.0,6.0,60.0,limit_touch,take_profit
2021-08-19,2021-08-19 10:34:00,2021-08-19 10:36:00,2021-08-19 10:42:00,short,5421.0,5435.5,5435.5,5414.5,-14.5,-145.0,limit_touch,stop_loss
2021-08-19,2021-08-19 10:58:00,2021-08-19 11:00:00,2021-08-19 11:14:00,short,5419.0,5412.0,5434.5,5412.0,7.0,70.0,limit_touch,take_profit
2021-08-19,2021-08-19 11:18:00,2021-08-19 11:21:00,2021-08-19 11:34:00,short,5411.0,5426.5,5426.5,5404.0,-15.5,-155.0,limit_touch,stop_loss
2021-08-19,2021-08-19 13:44:00,2021-08-19 14:05:00,2021-08-19 14:23:00,short,5408.5,5401.0,5424.5,5401.0,7.5,75.0,limit_touch,take_profit
2021-08-19,2021-08-19 14:27:00,2021-08-19 14:45:00,2021-08-19 14:58:00,short,5407.0,5423.0,5423.0,5399.5,-16.0,-160.0,limit_touch,stop_loss
2021-08-20,2021-08-20 10:03:00,2021-08-20 10:07:00,2021-08-20 10:11:00,long,5471.0,5477.5,5457.0,5477.5,6.5,65.0,limit_touch,take_profit
2021-08-20,2021-08-20 13:36:00,2021-08-20 14:16:00,2021-08-20 15:04:00,short,5415.5,5409.5,5428.5,5409.5,6.0,60.0,limit_touch,take_profit
2021-08-23,2021-08-23 10:42:00,2021-08-23 10:45:00,2021-08-23 10:45:00,long,5384.0,5389.5,5371.5,5389.5,5.5,55.0,limit_touch,take_profit
2021-08-23,2021-08-23 12:33:00,2021-08-23 12:40:00,2021-08-23 12:42:00,long,5394.5,5400.0,5382.5,5400.0,5.5,55.0,limit_touch,take_profit
2021-08-25,2021-08-25 10:10:00,2021-08-25 10:19:00,2021-08-25 10:25:00,short,5241.5,5251.0,5251.0,5237.0,-9.5,-95.0,limit_touch,stop_loss
2021-08-25,2021-08-25 10:36:00,2021-08-25 10:38:00,2021-08-25 10:39:00,long,5264.0,5268.5,5254.0,5268.5,4.5,45.0,limit_touch,take_profit
2021-08-26,2021-08-26 10:05:00,2021-08-26 10:10:00,2021-08-26 10:18:00,long,5240.0,5244.0,5231.5,5244.0,4.0,40.0,limit_touch,take_profit
2021-08-26,2021-08-26 10:24:00,2021-08-26 10:29:00,2021-08-26 10:33:00,long,5240.0,5244.0,5231.5,5244.0,4.0,40.0,limit_touch,take_profit
2021-08-26,2021-08-26 10:53:00,2021-08-26 10:55:00,2021-08-26 11:08:00,long,5244.5,5248.5,5236.0,5248.5,4.0,40.0,limit_touch,take_profit
2021-08-26,2021-08-26 11:26:00,2021-08-26 11:31:00,2021-08-26 11:37:00,long,5249.5,5240.5,5240.5,5253.5,-9.0,-90.0,limit_touch,stop_loss
2021-08-26,2021-08-26 12:06:00,2021-08-26 12:10:00,2021-08-26 12:35:00,long,5251.0,5255.0,5242.0,5255.0,4.0,40.0,limit_touch,take_profit
2021-08-27,2021-08-27 10:54:00,2021-08-27 10:59:00,2021-08-27 11:00:00,short,5235.5,5245.0,5245.0,5231.0,-9.5,-95.0,limit_touch,stop_loss
2021-08-27,2021-08-27 11:01:00,2021-08-27 11:04:00,2021-08-27 11:04:00,short,5227.0,5222.5,5237.0,5222.5,4.5,45.0,limit_touch,take_profit
2021-08-27,2021-08-27 11:16:00,2021-08-27 11:21:00,2021-08-27 11:27:00,short,5224.0,5234.0,5234.0,5219.5,-10.0,-100.0,limit_touch,stop_loss
2021-08-27,2021-08-27 12:49:00,2021-08-27 14:14:00,2021-08-27 15:16:00,short,5210.5,5206.0,5220.5,5206.0,4.5,45.0,limit_touch,take_profit
2021-08-30,2021-08-30 11:06:00,2021-08-30 11:10:00,2021-08-30 11:11:00,short,5202.5,5198.5,5211.0,5198.5,4.0,40.0,limit_touch,take_profit
2021-08-30,2021-08-30 11:59:00,2021-08-30 12:26:00,2021-08-30 12:37:00,short,5194.5,5190.5,5203.5,5190.5,4.0,40.0,limit_touch,take_profit
2021-08-30,2021-08-30 14:27:00,2021-08-30 14:47:00,2021-08-30 14:57:00,short,5192.5,5200.5,5200.5,5188.5,-8.0,-80.0,limit_touch,stop_loss
2021-08-31,2021-08-31 10:40:00,2021-08-31 10:55:00,2021-08-31 10:56:00,short,5179.0,5175.0,5188.0,5175.0,4.0,40.0,limit_touch,take_profit
2021-08-31,2021-08-31 11:04:00,2021-08-31 11:07:00,2021-08-31 11:07:00,short,5174.0,5170.0,5183.0,5170.0,4.0,40.0,limit_touch,take_profit
2021-08-31,2021-08-31 11:59:00,2021-08-31 12:35:00,2021-08-31 12:36:00,short,5158.5,5154.0,5168.5,5154.0,4.5,45.0,limit_touch,take_profit
2021-09-01,2021-09-01 10:21:00,2021-09-01 10:21:00,2021-09-01 10:21:00,long,5181.5,5186.0,5172.0,5186.0,4.5,45.0,limit_touch,take_profit
2021-09-01,2021-09-01 10:23:00,2021-09-01 10:27:00,2021-09-01 10:35:00,long,5185.0,5175.0,5175.0,5189.5,-10.0,-100.0,limit_touch,stop_loss
2021-09-01,2021-09-01 12:48:00,2021-09-01 13:02:00,2021-09-01 13:13:00,long,5197.5,5187.5,5187.5,5202.0,-10.0,-100.0,limit_touch,stop_loss
2021-09-02,2021-09-02 10:10:00,2021-09-02 10:12:00,2021-09-02 10:17:00,long,5210.5,5215.0,5201.0,5215.0,4.5,45.0,limit_touch,take_profit
2021-09-02,2021-09-02 10:19:00,2021-09-02 10:22:00,2021-09-02 10:48:00,long,5212.5,5203.0,5203.0,5217.0,-9.5,-95.0,limit_touch,stop_loss
2021-09-02,2021-09-02 11:36:00,2021-09-02 11:47:00,2021-09-02 11:51:00,short,5184.5,5180.0,5194.5,5180.0,4.5,45.0,limit_touch,take_profit
2021-09-02,2021-09-02 11:59:00,2021-09-02 12:21:00,2021-09-02 12:30:00,short,5176.0,5171.0,5186.5,5171.0,5.0,50.0,limit_touch,take_profit
2021-09-03,2021-09-03 10:44:00,2021-09-03 10:50:00,2021-09-03 10:55:00,long,5192.5,5197.5,5181.5,5197.5,5.0,50.0,limit_touch,take_profit
2021-09-03,2021-09-03 11:29:00,2021-09-03 11:38:00,2021-09-03 11:42:00,long,5195.0,5200.0,5183.5,5200.0,5.0,50.0,limit_touch,take_profit
2021-09-06,2021-09-06 12:33:00,2021-09-06 12:53:00,2021-09-06 12:58:00,short,5187.5,5183.5,5195.5,5183.5,4.0,40.0,limit_touch,take_profit
2021-09-08,2021-09-08 10:16:00,2021-09-08 10:25:00,2021-09-08 10:33:00,long,5239.5,5243.0,5231.5,5243.0,3.5,35.0,limit_touch,take_profit
2021-09-08,2021-09-08 12:16:00,2021-09-08 13:03:00,2021-09-08 13:25:00,long,5298.0,5302.5,5288.0,5302.5,4.5,45.0,limit_touch,take_profit
2021-09-09,2021-09-09 10:11:00,2021-09-09 10:17:00,2021-09-09 10:25:00,short,5314.0,5308.0,5327.5,5308.0,6.0,60.0,limit_touch,take_profit
2021-09-09,2021-09-09 10:47:00,2021-09-09 10:55:00,2021-09-09 11:01:00,short,5301.5,5295.0,5315.0,5295.0,6.5,65.0,limit_touch,take_profit
2021-09-09,2021-09-09 11:27:00,2021-09-09 11:49:00,2021-09-09 11:57:00,short,5296.5,5290.0,5311.0,5290.0,6.5,65.0,limit_touch,take_profit
2021-09-10,2021-09-10 10:32:00,2021-09-10 10:40:00,2021-09-10 10:54:00,long,5226.0,5233.5,5209.5,5233.5,7.5,75.0,limit_touch,take_profit
2021-09-10,2021-09-10 11:33:00,2021-09-10 12:26:00,2021-09-10 14:05:00,long,5235.0,5242.5,5218.5,5242.5,7.5,75.0,limit_touch,take_profit
2021-09-13,2021-09-13 12:36:00,2021-09-13 12:50:00,2021-09-13 14:12:00,short,5226.5,5238.5,5238.5,5221.0,-12.0,-120.0,limit_touch,stop_loss
2021-09-14,2021-09-14 11:00:00,2021-09-14 11:06:00,2021-09-14 11:18:00,long,5253.0,5243.0,5243.0,5257.5,-10.0,-100.0,limit_touch,stop_loss
2021-09-15,2021-09-15 10:11:00,2021-09-15 10:16:00,2021-09-15 10:33:00,long,5271.5,5276.0,5262.5,5276.0,4.5,45.0,limit_touch,take_profit
2021-09-15,2021-09-15 10:39:00,2021-09-15 10:45:00,2021-09-15 11:12:00,long,5274.5,5279.0,5265.0,5279.0,4.5,45.0,limit_touch,take_profit
2021-09-16,2021-09-16 10:14:00,2021-09-16 10:22:00,2021-09-16 10:26:00,long,5272.0,5276.5,5262.5,5276.5,4.5,45.0,limit_touch,take_profit
2021-09-16,2021-09-16 10:48:00,2021-09-16 11:09:00,2021-09-16 11:11:00,long,5278.5,5283.0,5269.0,5283.0,4.5,45.0,limit_touch,take_profit
2021-09-17,2021-09-17 11:01:00,2021-09-17 11:50:00,2021-09-17 11:57:00,long,5334.0,5338.0,5325.0,5338.0,4.0,40.0,limit_touch,take_profit
2021-09-20,2021-09-20 10:15:00,2021-09-20 10:19:00,2021-09-20 10:24:00,short,5330.0,5325.5,5340.0,5325.5,4.5,45.0,limit_touch,take_profit
2021-09-20,2021-09-20 10:28:00,2021-09-20 10:30:00,2021-09-20 10:31:00,short,5326.0,5321.0,5336.5,5321.0,5.0,50.0,limit_touch,take_profit
2021-09-20,2021-09-20 13:59:00,2021-09-20 14:18:00,2021-09-20 14:29:00,long,5357.5,5347.0,5347.0,5362.5,-10.5,-105.0,limit_touch,stop_loss
2021-09-21,2021-09-21 11:11:00,2021-09-21 11:11:00,2021-09-21 11:11:00,long,5330.5,5336.5,5318.0,5336.5,6.0,60.0,limit_touch,take_profit
2021-09-21,2021-09-21 11:22:00,2021-09-21 11:29:00,2021-09-21 12:03:00,long,5335.0,5322.5,5322.5,5341.0,-12.5,-125.0,limit_touch,stop_loss
2021-09-21,2021-09-21 13:11:00,2021-09-21 13:40:00,2021-09-21 13:51:00,short,5301.5,5296.0,5314.0,5296.0,5.5,55.0,limit_touch,take_profit
2021-09-22,2021-09-22 10:06:00,2021-09-22 10:16:00,2021-09-22 10:19:00,long,5284.0,5288.5,5274.0,5288.5,4.5,45.0,limit_touch,take_profit
2021-09-22,2021-09-22 10:54:00,2021-09-22 11:00:00,2021-09-22 11:38:00,long,5289.0,5293.5,5279.5,5293.5,4.5,45.0,limit_touch,take_profit
2021-09-23,2021-09-23 10:03:00,2021-09-23 10:22:00,2021-09-23 10:25:00,long,5299.5,5304.5,5288.5,5304.5,5.0,50.0,limit_touch,take_profit
2021-09-23,2021-09-23 11:32:00,2021-09-23 11:44:00,2021-09-23 11:59:00,long,5303.0,5292.0,5292.0,5308.0,-11.0,-110.0,limit_touch,stop_loss
2021-09-24,2021-09-24 10:10:00,2021-09-24 10:17:00,2021-09-24 10:40:00,long,5348.5,5340.5,5340.5,5352.0,-8.0,-80.0,limit_touch,stop_loss
2021-09-24,2021-09-24 11:19:00,2021-09-24 11:30:00,2021-09-24 11:49:00,long,5350.0,5354.0,5341.5,5354.0,4.0,40.0,limit_touch,take_profit
2021-09-27,2021-09-27 10:09:00,2021-09-27 10:27:00,2021-09-27 10:35:00,long,5345.5,5349.5,5337.5,5349.5,4.0,40.0,limit_touch,take_profit
2021-09-27,2021-09-27 12:32:00,2021-09-27 13:18:00,2021-09-27 13:35:00,long,5356.0,5360.0,5347.5,5360.0,4.0,40.0,limit_touch,take_profit
2021-09-28,2021-09-28 10:13:00,2021-09-28 10:13:00,2021-09-28 10:13:00,short,5399.0,5395.0,5407.5,5395.0,4.0,40.0,limit_touch,take_profit
2021-09-28,2021-09-28 10:22:00,2021-09-28 10:24:00,2021-09-28 10:44:00,short,5397.5,5406.0,5406.0,5393.5,-8.5,-85.0,limit_touch,stop_loss
2021-09-28,2021-09-28 10:53:00,2021-09-28 10:58:00,2021-09-28 11:08:00,long,5419.0,5423.0,5410.0,5423.0,4.0,40.0,limit_touch,take_profit
2021-09-28,2021-09-28 11:12:00,2021-09-28 11:24:00,2021-09-28 11:32:00,long,5422.5,5427.0,5413.0,5427.0,4.5,45.0,limit_touch,take_profit
2021-09-28,2021-09-28 12:21:00,2021-09-28 12:33:00,2021-09-28 12:37:00,long,5431.5,5436.0,5422.5,5436.0,4.5,45.0,limit_touch,take_profit
2021-09-29,2021-09-29 10:46:00,2021-09-29 10:49:00,2021-09-29 10:53:00,long,5437.0,5428.5,5428.5,5441.0,-8.5,-85.0,limit_touch,stop_loss
2021-09-29,2021-09-29 12:07:00,2021-09-29 12:07:00,2021-09-29 12:07:00,short,5417.5,5413.0,5427.0,5413.0,4.5,45.0,limit_touch,take_profit
2021-09-29,2021-09-29 12:21:00,2021-09-29 12:27:00,2021-09-29 13:11:00,short,5404.0,5414.0,5414.0,5399.5,-10.0,-100.0,limit_touch,stop_loss
2021-09-30,2021-09-30 10:23:00,2021-09-30 10:32:00,2021-09-30 10:38:00,long,5446.5,5452.0,5435.0,5452.0,5.5,55.0,limit_touch,take_profit
2021-09-30,2021-09-30 11:58:00,2021-09-30 12:09:00,2021-09-30 12:17:00,long,5461.5,5449.5,5449.5,5467.0,-12.0,-120.0,limit_touch,stop_loss
2021-10-01,2021-10-01 10:35:00,2021-10-01 10:39:00,2021-10-01 10:41:00,short,5418.0,5413.0,5429.5,5413.0,5.0,50.0,limit_touch,take_profit
2021-10-01,2021-10-01 11:13:00,2021-10-01 11:23:00,2021-10-01 11:26:00,short,5415.0,5409.5,5426.5,5409.5,5.5,55.0,limit_touch,take_profit
2021-10-01,2021-10-01 11:36:00,2021-10-01 11:42:00,2021-10-01 12:03:00,short,5411.5,5406.0,5423.0,5406.0,5.5,55.0,limit_touch,take_profit
2021-10-01,2021-10-01 12:47:00,2021-10-01 13:36:00,2021-10-01 13:49:00,short,5402.0,5397.0,5413.0,5397.0,5.0,50.0,limit_touch,take_profit
2021-10-04,2021-10-04 10:19:00,2021-10-04 10:22:00,2021-10-04 10:28:00,long,5424.5,5429.0,5415.0,5429.0,4.5,45.0,limit_touch,take_profit
2021-10-04,2021-10-04 10:51:00,2021-10-04 11:10:00,2021-10-04 11:13:00,long,5433.0,5437.5,5423.5,5437.5,4.5,45.0,limit_touch,take_profit
2021-10-05,2021-10-05 10:08:00,2021-10-05 10:10:00,2021-10-05 10:14:00,long,5475.0,5479.5,5465.5,5479.5,4.5,45.0,limit_touch,take_profit
2021-10-05,2021-10-05 10:42:00,2021-10-05 10:53:00,2021-10-05 10:58:00,long,5482.0,5486.5,5472.0,5486.5,4.5,45.0,limit_touch,take_profit
2021-10-05,2021-10-05 11:20:00,2021-10-05 12:15:00,2021-10-05 12:19:00,long,5484.0,5474.0,5474.0,5488.5,-10.0,-100.0,limit_touch,stop_loss
2021-10-05,2021-10-05 14:03:00,2021-10-05 14:11:00,2021-10-05 14:21:00,long,5486.5,5491.0,5477.0,5491.0,4.5,45.0,limit_touch,take_profit
2021-10-06,2021-10-06 11:02:00,2021-10-06 11:08:00,2021-10-06 11:10:00,long,5535.0,5539.5,5525.0,5539.5,4.5,45.0,limit_touch,take_profit
2021-10-06,2021-10-06 11:11:00,2021-10-06 11:12:00,2021-10-06 11:22:00,long,5538.0,5527.5,5527.5,5543.0,-10.5,-105.0,limit_touch,stop_loss
2021-10-06,2021-10-06 13:38:00,2021-10-06 14:00:00,2021-10-06 14:07:00,long,5546.0,5551.0,5535.5,5551.0,5.0,50.0,limit_touch,take_profit
2021-10-07,2021-10-07 10:47:00,2021-10-07 11:04:00,2021-10-07 11:10:00,long,5532.5,5537.0,5523.0,5537.0,4.5,45.0,limit_touch,take_profit
2021-10-08,2021-10-08 10:47:00,2021-10-08 10:57:00,2021-10-08 10:58:00,long,5523.5,5528.0,5513.5,5528.0,4.5,45.0,limit_touch,take_profit
2021-10-08,2021-10-08 11:23:00,2021-10-08 11:32:00,2021-10-08 11:35:00,long,5533.5,5538.0,5523.5,5538.0,4.5,45.0,limit_touch,take_profit_gap_open
2021-10-08,2021-10-08 11:43:00,2021-10-08 11:52:00,2021-10-08 12:19:00,long,5535.0,5525.0,5525.0,5539.5,-10.0,-100.0,limit_touch,stop_loss
2021-10-08,2021-10-08 14:02:00,2021-10-08 14:35:00,2021-10-08 14:36:00,long,5535.5,5539.5,5526.5,5539.5,4.0,40.0,limit_touch,take_profit
2021-10-11,2021-10-11 10:30:00,2021-10-11 10:30:00,2021-10-11 10:30:00,long,5528.0,5532.0,5519.5,5532.0,4.0,40.0,limit_touch,take_profit
2021-10-11,2021-10-11 10:44:00,2021-10-11 10:50:00,2021-10-11 11:10:00,long,5534.0,5525.0,5525.0,5538.0,-9.0,-90.0,limit_touch,stop_loss
2021-10-11,2021-10-11 11:48:00,2021-10-11 12:07:00,2021-10-11 12:12:00,long,5535.5,5539.5,5527.0,5539.5,4.0,40.0,limit_touch,take_profit
2021-10-11,2021-10-11 12:19:00,2021-10-11 12:33:00,2021-10-11 12:59:00,long,5537.0,5529.0,5529.0,5541.0,-8.0,-80.0,limit_touch,stop_loss
2021-10-13,2021-10-13 10:28:00,2021-10-13 10:33:00,2021-10-13 10:37:00,long,5554.0,5546.0,5546.0,5557.5,-8.0,-80.0,limit_touch,stop_loss
2021-10-13,2021-10-13 11:12:00,2021-10-13 11:25:00,2021-10-13 11:32:00,long,5563.0,5567.0,5554.0,5567.0,4.0,40.0,limit_touch,take_profit
2021-10-13,2021-10-13 12:44:00,2021-10-13 12:53:00,2021-10-13 12:59:00,long,5566.5,5571.0,5557.0,5571.0,4.5,45.0,limit_touch,take_profit
2021-10-13,2021-10-13 14:32:00,2021-10-13 15:00:00,2021-10-13 15:00:00,long,5573.5,5565.5,5565.5,5577.5,-8.0,-80.0,limit_touch,stop_loss
2021-10-14,2021-10-14 10:19:00,2021-10-14 10:24:00,2021-10-14 10:32:00,long,5509.0,5514.0,5498.0,5514.0,5.0,50.0,limit_touch,take_profit
2021-10-14,2021-10-14 10:42:00,2021-10-14 10:55:00,2021-10-14 11:06:00,long,5510.0,5515.0,5499.0,5515.0,5.0,50.0,limit_touch,take_profit
2021-10-14,2021-10-14 11:28:00,2021-10-14 11:47:00,2021-10-14 11:48:00,long,5514.0,5519.0,5503.5,5519.0,5.0,50.0,limit_touch,take_profit
2021-10-14,2021-10-14 12:17:00,2021-10-14 12:38:00,2021-10-14 13:53:00,long,5527.5,5517.0,5517.0,5532.5,-10.5,-105.0,limit_touch,stop_loss
2021-10-15,2021-10-15 10:15:00,2021-10-15 10:21:00,2021-10-15 10:23:00,long,5511.0,5515.0,5502.0,5515.0,4.0,40.0,limit_touch,take_profit
2021-10-18,2021-10-18 10:39:00,2021-10-18 11:03:00,2021-10-18 11:07:00,long,5535.0,5539.0,5526.5,5539.0,4.0,40.0,limit_touch,take_profit
2021-10-19,2021-10-19 11:01:00,2021-10-19 11:03:00,2021-10-19 11:05:00,short,5556.0,5551.5,5565.5,5551.5,4.5,45.0,limit_touch,take_profit
2021-10-19,2021-10-19 12:19:00,2021-10-19 12:22:00,2021-10-19 12:49:00,long,5576.5,5566.5,5566.5,5581.0,-10.0,-100.0,limit_touch,stop_loss
2021-10-20,2021-10-20 10:18:00,2021-10-20 10:24:00,2021-10-20 10:28:00,short,5572.0,5583.0,5583.0,5567.0,-11.0,-110.0,limit_touch,stop_loss
2021-10-20,2021-10-20 11:21:00,2021-10-20 11:25:00,2021-10-20 11:26:00,short,5570.5,5565.0,5582.5,5565.0,5.5,55.0,limit_touch,take_profit
2021-10-20,2021-10-20 11:34:00,2021-10-20 11:45:00,2021-10-20 11:46:00,short,5564.5,5559.0,5576.0,5559.0,5.5,55.0,limit_touch,take_profit
2021-10-20,2021-10-20 12:19:00,2021-10-20 12:48:00,2021-10-20 13:48:00,short,5559.0,5553.5,5571.0,5553.5,5.5,55.0,limit_touch,take_profit
2021-10-21,2021-10-21 10:44:00,2021-10-21 11:00:00,2021-10-21 11:05:00,short,5643.0,5636.5,5656.5,5636.5,6.5,65.0,limit_touch,take_profit
2021-10-21,2021-10-21 14:50:00,2021-10-21 14:52:00,2021-10-21 14:53:00,long,5680.5,5686.5,5667.5,5686.5,6.0,60.0,limit_touch,take_profit
2021-10-22,2021-10-22 10:07:00,2021-10-22 10:15:00,2021-10-22 10:30:00,long,5714.0,5720.0,5701.0,5720.0,6.0,60.0,limit_touch,take_profit
2021-10-22,2021-10-22 11:39:00,2021-10-22 11:41:00,2021-10-22 11:43:00,long,5723.0,5729.5,5709.0,5729.5,6.5,65.0,limit_touch,take_profit
2021-10-22,2021-10-22 11:46:00,2021-10-22 11:50:00,2021-10-22 11:57:00,long,5724.5,5730.5,5711.0,5730.5,6.0,60.0,limit_touch,take_profit
2021-10-22,2021-10-22 12:32:00,2021-10-22 12:41:00,2021-10-22 12:55:00,long,5741.5,5728.0,5728.0,5748.0,-13.5,-135.0,limit_touch,stop_loss
2021-10-25,2021-10-25 10:14:00,2021-10-25 10:28:00,2021-10-25 10:35:00,short,5624.5,5618.0,5638.5,5618.0,6.5,65.0,limit_touch,take_profit
2021-10-25,2021-10-25 11:07:00,2021-10-25 11:26:00,2021-10-25 11:56:00,short,5607.0,5600.5,5621.0,5600.5,6.5,65.0,limit_touch,take_profit
2021-10-25,2021-10-25 12:10:00,2021-10-25 12:28:00,2021-10-25 13:33:00,short,5606.0,5600.0,5619.5,5600.0,6.0,60.0,limit_touch,take_profit
2021-10-26,2021-10-26 10:16:00,2021-10-26 10:21:00,2021-10-26 10:21:00,long,5575.5,5580.5,5565.0,5580.5,5.0,50.0,limit_touch,take_profit
2021-10-26,2021-10-26 10:37:00,2021-10-26 10:41:00,2021-10-26 10:42:00,long,5579.5,5584.5,5569.0,5584.5,5.0,50.0,limit_touch,take_profit
2021-10-26,2021-10-26 10:53:00,2021-10-26 11:00:00,2021-10-26 11:07:00,long,5586.0,5575.5,5575.5,5591.0,-10.5,-105.0,limit_touch,stop_loss
2021-10-26,2021-10-26 13:26:00,2021-10-26 14:00:00,2021-10-26 14:15:00,long,5597.0,5586.5,5586.5,5602.0,-10.5,-105.0,limit_touch,stop_loss
2021-10-27,2021-10-27 11:14:00,2021-10-27 11:17:00,2021-10-27 11:31:00,short,5550.5,5546.0,5560.5,5546.0,4.5,45.0,limit_touch,take_profit
2021-10-27,2021-10-27 11:33:00,2021-10-27 11:40:00,2021-10-27 11:44:00,short,5549.0,5559.0,5559.0,5544.5,-10.0,-100.0,limit_touch,stop_loss
2021-10-27,2021-10-27 12:19:00,2021-10-27 13:06:00,2021-10-27 14:20:00,long,5582.0,5587.0,5571.0,5587.0,5.0,50.0,limit_touch,take_profit
2021-10-28,2021-10-28 12:16:00,2021-10-28 12:45:00,2021-10-28 13:29:00,long,5616.0,5621.0,5605.0,5621.0,5.0,50.0,limit_touch,take_profit
2021-10-29,2021-10-29 10:03:00,2021-10-29 10:07:00,2021-10-29 10:13:00,short,5664.5,5659.0,5676.5,5659.0,5.5,55.0,limit_touch,take_profit
2021-10-29,2021-10-29 10:31:00,2021-10-29 10:32:00,2021-10-29 10:38:00,short,5658.0,5669.5,5669.5,5652.5,-11.5,-115.0,limit_touch,stop_loss
2021-10-29,2021-10-29 11:04:00,2021-10-29 11:08:00,2021-10-29 11:28:00,long,5683.5,5671.0,5671.0,5689.5,-12.5,-125.0,limit_touch,stop_loss
2021-11-01,2021-11-01 12:06:00,2021-11-01 13:38:00,2021-11-01 13:44:00,long,5702.5,5707.5,5691.5,5707.5,5.0,50.0,limit_touch,take_profit
2021-11-03,2021-11-03 10:06:00,2021-11-03 10:09:00,2021-11-03 10:13:00,long,5711.5,5703.0,5703.0,5715.5,-8.5,-85.0,limit_touch,stop_loss
2021-11-03,2021-11-03 11:13:00,2021-11-03 11:22:00,2021-11-03 11:24:00,long,5717.5,5708.0,5708.0,5722.0,-9.5,-95.0,limit_touch,stop_loss
2021-11-03,2021-11-03 11:51:00,2021-11-03 11:59:00,2021-11-03 12:02:00,short,5690.0,5700.5,5700.5,5685.0,-10.5,-105.0,limit_touch,stop_loss
2021-11-03,2021-11-03 13:25:00,2021-11-03 14:57:00,2021-11-03 15:00:00,short,5655.5,5650.5,5666.5,5650.5,5.0,50.0,limit_touch,take_profit
2021-11-04,2021-11-04 11:35:00,2021-11-04 11:41:00,2021-11-04 12:03:00,short,5604.0,5616.5,5616.5,5598.5,-12.5,-125.0,limit_touch,stop_loss
2021-11-04,2021-11-04 13:39:00,2021-11-04 14:30:00,2021-11-04 14:33:00,long,5634.5,5640.0,5622.5,5640.0,5.5,55.0,limit_touch,take_profit
2021-11-05,2021-11-05 11:05:00,2021-11-05 11:19:00,2021-11-05 11:25:00,short,5569.0,5580.5,5580.5,5563.5,-11.5,-115.0,limit_touch,stop_loss
2021-11-08,2021-11-08 12:39:00,2021-11-08 12:46:00,2021-11-08 12:56:00,short,5577.0,5572.0,5587.5,5572.0,5.0,50.0,limit_touch,take_profit
2021-11-09,2021-11-09 10:12:00,2021-11-09 10:25:00,2021-11-09 10:27:00,short,5541.5,5537.5,5550.0,5537.5,4.0,40.0,limit_touch,take_profit
2021-11-09,2021-11-09 11:07:00,2021-11-09 11:27:00,2021-11-09 11:30:00,short,5518.5,5514.5,5527.5,5514.5,4.0,40.0,limit_touch,take_profit
2021-11-09,2021-11-09 11:48:00,2021-11-09 12:10:00,2021-11-09 12:12:00,short,5512.5,5522.0,5522.0,5508.0,-9.5,-95.0,limit_touch,stop_loss
2021-11-10,2021-11-10 10:15:00,2021-11-10 10:30:00,2021-11-10 10:30:00,short,5478.5,5489.5,5489.5,5473.5,-11.0,-110.0,limit_touch,stop_loss
2021-11-10,2021-11-10 11:05:00,2021-11-10 11:33:00,2021-11-10 11:34:00,short,5473.0,5467.5,5484.5,5467.5,5.5,55.0,limit_touch,take_profit
2021-11-11,2021-11-11 10:32:00,2021-11-11 10:47:00,2021-11-11 10:49:00,short,5463.0,5458.5,5473.5,5458.5,4.5,45.0,limit_touch,take_profit
2021-11-12,2021-11-12 11:41:00,2021-11-12 11:45:00,2021-11-12 11:48:00,long,5437.5,5442.0,5428.0,5442.0,4.5,45.0,limit_touch,take_profit
2021-11-12,2021-11-12 12:49:00,2021-11-12 12:57:00,2021-11-12 12:59:00,long,5438.5,5442.5,5429.5,5442.5,4.0,40.0,limit_touch,take_profit
2021-11-12,2021-11-12 13:51:00,2021-11-12 14:06:00,2021-11-12 14:09:00,long,5447.5,5451.5,5439.0,5451.5,4.0,40.0,limit_touch,take_profit
2021-11-16,2021-11-16 10:00:00,2021-11-16 10:02:00,2021-11-16 10:06:00,short,5453.5,5449.5,5462.5,5449.5,4.0,40.0,limit_touch,take_profit
2021-11-16,2021-11-16 10:07:00,2021-11-16 10:08:00,2021-11-16 10:18:00,short,5453.0,5448.5,5462.5,5448.5,4.5,45.0,limit_touch,take_profit
2021-11-16,2021-11-16 11:26:00,2021-11-16 11:38:00,2021-11-16 11:39:00,long,5488.5,5493.5,5478.0,5493.5,5.0,50.0,limit_touch,take_profit
2021-11-17,2021-11-17 10:00:00,2021-11-17 10:02:00,2021-11-17 10:06:00,short,5486.0,5494.0,5494.0,5482.5,-8.0,-80.0,limit_touch,stop_loss
2021-11-17,2021-11-17 11:12:00,2021-11-17 11:26:00,2021-11-17 11:30:00,long,5519.0,5523.0,5510.0,5523.0,4.0,40.0,limit_touch,take_profit
2021-11-18,2021-11-18 10:31:00,2021-11-18 10:32:00,2021-11-18 10:34:00,long,5561.5,5565.5,5552.5,5565.5,4.0,40.0,limit_touch,take_profit
2021-11-18,2021-11-18 10:35:00,2021-11-18 10:38:00,2021-11-18 11:03:00,long,5563.0,5567.0,5554.0,5567.0,4.0,40.0,limit_touch,take_profit
2021-11-18,2021-11-18 11:07:00,2021-11-18 11:12:00,2021-11-18 11:19:00,long,5564.5,5568.5,5555.5,5568.5,4.0,40.0,limit_touch,take_profit
2021-11-18,2021-11-18 11:24:00,2021-11-18 11:34:00,2021-11-18 11:40:00,long,5566.0,5557.0,5557.0,5570.0,-9.0,-90.0,limit_touch,stop_loss
2021-11-18,2021-11-18 12:19:00,2021-11-18 12:24:00,2021-11-18 12:31:00,long,5568.0,5559.0,5559.0,5572.0,-9.0,-90.0,limit_touch,stop_loss
2021-11-19,2021-11-19 10:32:00,2021-11-19 10:38:00,2021-11-19 10:45:00,short,5562.0,5558.0,5570.5,5558.0,4.0,40.0,limit_touch,take_profit
2021-11-19,2021-11-19 11:36:00,2021-11-19 11:47:00,2021-11-19 11:49:00,short,5546.0,5541.5,5555.5,5541.5,4.5,45.0,limit_touch,take_profit
2021-11-22,2021-11-22 10:05:00,2021-11-22 10:05:00,2021-11-22 10:05:00,short,5603.0,5598.5,5612.0,5598.5,4.5,45.0,limit_touch,take_profit
2021-11-22,2021-11-22 10:07:00,2021-11-22 10:11:00,2021-11-22 10:12:00,short,5602.5,5598.0,5612.0,5598.0,4.5,45.0,limit_touch,take_profit
2021-11-22,2021-11-22 11:00:00,2021-11-22 11:00:00,2021-11-22 11:04:00,short,5585.0,5580.5,5595.0,5580.5,4.5,45.0,limit_touch,take_profit
2021-11-23,2021-11-23 10:25:00,2021-11-23 10:31:00,2021-11-23 10:32:00,long,5634.0,5638.5,5624.0,5638.5,4.5,45.0,limit_touch,take_profit
2021-11-23,2021-11-23 11:03:00,2021-11-23 11:19:00,2021-11-23 11:21:00,long,5642.5,5647.0,5633.0,5647.0,4.5,45.0,limit_touch,take_profit
2021-11-23,2021-11-23 13:04:00,2021-11-23 13:49:00,2021-11-23 13:55:00,long,5653.0,5657.0,5644.0,5657.0,4.0,40.0,limit_touch,take_profit
2021-11-24,2021-11-24 10:55:00,2021-11-24 11:21:00,2021-11-24 11:45:00,long,5611.0,5616.0,5600.5,5616.0,5.0,50.0,limit_touch,take_profit
2021-11-25,2021-11-25 10:41:00,2021-11-25 10:43:00,2021-11-25 11:10:00,long,5595.0,5599.0,5586.0,5599.0,4.0,40.0,limit_touch,take_profit
2021-11-25,2021-11-25 11:11:00,2021-11-25 11:23:00,2021-11-25 11:42:00,long,5596.0,5587.0,5587.0,5600.0,-9.0,-90.0,limit_touch,stop_loss
2021-11-25,2021-11-25 12:28:00,2021-11-25 13:08:00,2021-11-25 13:14:00,short,5565.5,5561.5,5574.5,5561.5,4.0,40.0,better_open,take_profit
2021-11-26,2021-11-26 10:08:00,2021-11-26 10:19:00,2021-11-26 10:22:00,short,5615.0,5610.5,5625.0,5610.5,4.5,45.0,limit_touch,take_profit
2021-11-26,2021-11-26 11:04:00,2021-11-26 11:45:00,2021-11-26 11:50:00,short,5605.0,5600.5,5615.0,5600.5,4.5,45.0,limit_touch,take_profit
2021-11-26,2021-11-26 12:06:00,2021-11-26 12:18:00,2021-11-26 12:20:00,short,5603.5,5598.5,5614.0,5598.5,5.0,50.0,limit_touch,take_profit
2021-11-29,2021-11-29 10:10:00,2021-11-29 10:13:00,2021-11-29 10:20:00,long,5603.5,5608.0,5594.0,5608.0,4.5,45.0,limit_touch,take_profit
2021-11-29,2021-11-29 10:42:00,2021-11-29 10:44:00,2021-11-29 10:46:00,long,5605.0,5609.5,5595.5,5609.5,4.5,45.0,limit_touch,take_profit
2021-11-29,2021-11-29 11:27:00,2021-11-29 11:33:00,2021-11-29 11:46:00,short,5589.0,5598.5,5598.5,5584.5,-9.5,-95.0,limit_touch,stop_loss
2021-11-29,2021-11-29 11:53:00,2021-11-29 11:54:00,2021-11-29 11:58:00,long,5615.0,5620.0,5604.5,5620.0,5.0,50.0,limit_touch,take_profit
2021-11-29,2021-11-29 12:17:00,2021-11-29 12:29:00,2021-11-29 12:32:00,long,5626.5,5631.5,5616.0,5631.5,5.0,50.0,limit_touch,take_profit
2021-11-30,2021-11-30 12:27:00,2021-11-30 12:31:00,2021-11-30 12:36:00,short,5624.5,5635.5,5635.5,5619.5,-11.0,-110.0,limit_touch,stop_loss
2021-11-30,2021-11-30 13:05:00,2021-11-30 13:27:00,2021-11-30 13:37:00,long,5684.0,5690.0,5671.0,5690.0,6.0,60.0,limit_touch,take_profit
2021-12-01,2021-12-01 10:09:00,2021-12-01 10:18:00,2021-12-01 10:22:00,long,5643.5,5648.5,5633.0,5648.5,5.0,50.0,limit_touch,take_profit
2021-12-01,2021-12-01 11:48:00,2021-12-01 12:01:00,2021-12-01 12:17:00,long,5651.5,5656.0,5641.5,5656.0,4.5,45.0,limit_touch,take_profit
2021-12-02,2021-12-02 10:58:00,2021-12-02 11:16:00,2021-12-02 11:34:00,short,5670.0,5680.5,5680.5,5665.0,-10.5,-105.0,limit_touch,stop_loss
2021-12-02,2021-12-02 13:24:00,2021-12-02 13:36:00,2021-12-02 13:45:00,short,5664.5,5659.5,5675.0,5659.5,5.0,50.0,limit_touch,take_profit
2021-12-03,2021-12-03 10:31:00,2021-12-03 10:35:00,2021-12-03 10:35:00,short,5658.5,5653.5,5669.0,5653.5,5.0,50.0,limit_touch,take_profit
2021-12-03,2021-12-03 10:56:00,2021-12-03 11:13:00,2021-12-03 11:14:00,short,5651.5,5646.5,5662.5,5646.5,5.0,50.0,limit_touch,take_profit
2021-12-03,2021-12-03 12:15:00,2021-12-03 12:24:00,2021-12-03 12:41:00,long,5694.0,5699.5,5682.0,5699.5,5.5,55.0,limit_touch,take_profit
2021-12-03,2021-12-03 13:55:00,2021-12-03 14:19:00,2021-12-03 14:40:00,long,5694.5,5682.0,5682.0,5700.5,-12.5,-125.0,limit_touch,stop_loss
2021-12-06,2021-12-06 11:37:00,2021-12-06 11:52:00,2021-12-06 11:53:00,long,5717.5,5722.5,5706.5,5722.5,5.0,50.0,limit_touch,take_profit
2021-12-07,2021-12-07 10:14:00,2021-12-07 10:24:00,2021-12-07 10:27:00,short,5666.5,5662.0,5676.0,5662.0,4.5,45.0,limit_touch,take_profit
2021-12-07,2021-12-07 14:03:00,2021-12-07 14:35:00,2021-12-07 14:59:00,short,5665.0,5660.5,5674.5,5660.5,4.5,45.0,limit_touch,take_profit
2021-12-08,2021-12-08 10:17:00,2021-12-08 10:26:00,2021-12-08 10:42:00,short,5638.0,5633.5,5648.5,5633.5,4.5,45.0,limit_touch,take_profit
2021-12-08,2021-12-08 11:02:00,2021-12-08 11:12:00,2021-12-08 11:21:00,short,5619.0,5614.0,5629.5,5614.0,5.0,50.0,limit_touch,take_profit
2021-12-09,2021-12-09 10:17:00,2021-12-09 10:20:00,2021-12-09 10:22:00,long,5567.0,5571.0,5558.5,5571.0,4.0,40.0,limit_touch,take_profit
2021-12-09,2021-12-09 10:29:00,2021-12-09 10:41:00,2021-12-09 10:43:00,long,5569.5,5573.5,5560.5,5573.5,4.0,40.0,limit_touch,take_profit
2021-12-09,2021-12-09 10:45:00,2021-12-09 10:45:00,2021-12-09 10:45:00,long,5573.0,5577.0,5564.5,5577.0,4.0,40.0,limit_touch,take_profit
2021-12-09,2021-12-09 10:57:00,2021-12-09 11:07:00,2021-12-09 11:23:00,long,5581.0,5585.0,5572.0,5585.0,4.0,40.0,limit_touch,take_profit
2021-12-10,2021-12-10 10:22:00,2021-12-10 10:26:00,2021-12-10 10:29:00,long,5610.5,5614.0,5603.0,5614.0,3.5,35.0,limit_touch,take_profit
2021-12-10,2021-12-10 10:57:00,2021-12-10 11:01:00,2021-12-10 11:04:00,long,5612.0,5616.0,5603.5,5616.0,4.0,40.0,limit_touch,take_profit
2021-12-10,2021-12-10 11:34:00,2021-12-10 11:36:00,2021-12-10 11:36:00,long,5641.0,5631.5,5631.5,5645.5,-9.5,-95.0,limit_touch,stop_loss
2021-12-13,2021-12-13 10:15:00,2021-12-13 10:21:00,2021-12-13 10:24:00,short,5632.5,5640.5,5640.5,5628.5,-8.0,-80.0,limit_touch,stop_loss
2021-12-13,2021-12-13 10:55:00,2021-12-13 10:57:00,2021-12-13 10:58:00,long,5650.5,5655.0,5641.5,5655.0,4.5,45.0,limit_touch,take_profit
2021-12-13,2021-12-13 11:26:00,2021-12-13 11:41:00,2021-12-13 11:42:00,long,5657.0,5661.5,5647.5,5661.5,4.5,45.0,limit_touch,take_profit
2021-12-13,2021-12-13 11:46:00,2021-12-13 11:56:00,2021-12-13 12:04:00,long,5658.0,5662.0,5649.0,5662.0,4.0,40.0,limit_touch,take_profit
2021-12-13,2021-12-13 12:59:00,2021-12-13 13:10:00,2021-12-13 13:10:00,long,5682.5,5672.5,5672.5,5687.0,-10.0,-100.0,limit_touch,stop_loss
2021-12-14,2021-12-14 10:30:00,2021-12-14 10:40:00,2021-12-14 10:46:00,short,5655.0,5664.5,5664.5,5650.5,-9.5,-95.0,limit_touch,stop_loss
2021-12-15,2021-12-15 10:25:00,2021-12-15 10:30:00,2021-12-15 10:30:00,long,5727.0,5731.5,5717.5,5731.5,4.5,45.0,limit_touch,take_profit
2021-12-15,2021-12-15 10:47:00,2021-12-15 10:48:00,2021-12-15 10:48:00,long,5730.0,5720.5,5720.5,5734.5,-9.5,-95.0,limit_touch,stop_loss
2021-12-15,2021-12-15 13:00:00,2021-12-15 13:16:00,2021-12-15 13:16:00,long,5731.5,5736.0,5721.5,5736.0,4.5,45.0,limit_touch,take_profit
2021-12-16,2021-12-16 12:10:00,2021-12-16 12:15:00,2021-12-16 12:16:00,long,5725.5,5731.0,5713.5,5731.0,5.5,55.0,limit_touch,take_profit
2021-12-16,2021-12-16 12:22:00,2021-12-16 12:44:00,2021-12-16 12:52:00,long,5728.5,5716.5,5716.5,5734.0,-12.0,-120.0,limit_touch,stop_loss
2021-12-16,2021-12-16 13:27:00,2021-12-16 14:25:00,2021-12-16 14:34:00,short,5694.0,5687.5,5707.5,5687.5,6.5,65.0,limit_touch,take_profit
2021-12-17,2021-12-17 10:00:00,2021-12-17 10:01:00,2021-12-17 10:09:00,long,5724.0,5714.0,5714.0,5728.5,-10.0,-100.0,limit_touch,stop_loss
2021-12-17,2021-12-17 11:52:00,2021-12-17 11:55:00,2021-12-17 12:00:00,short,5708.0,5703.0,5718.5,5703.0,5.0,50.0,limit_touch,take_profit
2021-12-17,2021-12-17 12:07:00,2021-12-17 12:07:00,2021-12-17 12:07:00,short,5706.5,5701.5,5717.0,5701.5,5.0,50.0,limit_touch,take_profit
2021-12-17,2021-12-17 12:42:00,2021-12-17 12:56:00,2021-12-17 12:58:00,short,5692.0,5687.0,5702.5,5687.0,5.0,50.0,limit_touch,take_profit
2021-12-17,2021-12-17 14:20:00,2021-12-17 14:38:00,2021-12-17 15:25:00,short,5690.5,5686.0,5700.5,5686.0,4.5,45.0,limit_touch,take_profit
2021-12-20,2021-12-20 10:00:00,2021-12-20 10:01:00,2021-12-20 10:01:00,short,5715.5,5711.5,5724.0,5711.5,4.0,40.0,limit_touch,take_profit
2021-12-20,2021-12-20 10:06:00,2021-12-20 10:10:00,2021-12-20 10:12:00,short,5712.5,5708.5,5721.5,5708.5,4.0,40.0,limit_touch,take_profit
2021-12-20,2021-12-20 10:25:00,2021-12-20 10:29:00,2021-12-20 10:34:00,short,5710.0,5706.0,5719.0,5706.0,4.0,40.0,limit_touch,take_profit
2021-12-21,2021-12-21 11:03:00,2021-12-21 11:07:00,2021-12-21 11:09:00,long,5753.0,5757.0,5744.5,5757.0,4.0,40.0,limit_touch,take_profit
2021-12-21,2021-12-21 11:30:00,2021-12-21 11:38:00,2021-12-21 11:39:00,long,5754.5,5758.0,5746.5,5758.0,3.5,35.0,limit_touch,take_profit
2021-12-23,2021-12-23 11:54:00,2021-12-23 13:13:00,2021-12-23 13:13:00,long,5703.5,5695.0,5695.0,5707.5,-8.5,-85.0,limit_touch,stop_loss
2021-12-27,2021-12-27 11:28:00,2021-12-27 11:33:00,2021-12-27 11:40:00,short,5665.5,5660.5,5676.0,5660.5,5.0,50.0,limit_touch,take_profit
2021-12-27,2021-12-27 12:32:00,2021-12-27 12:34:00,2021-12-27 12:36:00,short,5664.0,5659.0,5674.5,5659.0,5.0,50.0,limit_touch,take_profit
2021-12-28,2021-12-28 10:06:00,2021-12-28 10:08:00,2021-12-28 10:13:00,long,5653.5,5646.0,5646.0,5657.0,-7.5,-75.0,limit_touch,stop_loss
2021-12-29,2021-12-29 10:11:00,2021-12-29 10:17:00,2021-12-29 10:23:00,long,5643.5,5647.0,5636.0,5647.0,3.5,35.0,limit_touch,take_profit
2021-12-29,2021-12-29 10:45:00,2021-12-29 10:51:00,2021-12-29 11:03:00,long,5651.0,5654.5,5644.0,5654.5,3.5,35.0,limit_touch,take_profit
2021-12-30,2021-12-30 11:03:00,2021-12-30 11:15:00,2021-12-30 11:17:00,short,5625.5,5620.0,5637.0,5620.0,5.5,55.0,limit_touch,take_profit
2022-01-03,2022-01-03 10:09:00,2022-01-03 10:21:00,2022-01-03 10:24:00,long,5629.0,5634.0,5618.5,5634.0,5.0,50.0,limit_touch,take_profit
2022-01-04,2022-01-04 10:40:00,2022-01-04 10:47:00,2022-01-04 10:49:00,long,5734.0,5738.0,5725.0,5738.0,4.0,40.0,limit_touch,take_profit
2022-01-04,2022-01-04 11:25:00,2022-01-04 11:27:00,2022-01-04 11:27:00,long,5735.5,5726.0,5726.0,5740.0,-9.5,-95.0,limit_touch,stop_loss
2022-01-04,2022-01-04 12:00:00,2022-01-04 12:00:00,2022-01-04 12:00:00,short,5694.5,5689.5,5705.5,5689.5,5.0,50.0,limit_touch,take_profit
2022-01-04,2022-01-04 12:29:00,2022-01-04 12:47:00,2022-01-04 12:56:00,short,5691.0,5702.5,5702.5,5686.0,-11.5,-115.0,limit_touch,stop_loss
2022-01-05,2022-01-05 11:52:00,2022-01-05 11:58:00,2022-01-05 11:59:00,short,5688.0,5683.0,5698.5,5683.0,5.0,50.0,limit_touch,take_profit
2022-01-06,2022-01-06 12:11:00,2022-01-06 12:16:00,2022-01-06 12:33:00,long,5747.5,5736.0,5736.0,5752.5,-11.5,-115.0,limit_touch,stop_loss
2022-01-07,2022-01-07 10:36:00,2022-01-07 10:45:00,2022-01-07 10:52:00,long,5729.0,5733.5,5719.5,5733.5,4.5,45.0,limit_touch,take_profit
2022-01-07,2022-01-07 12:13:00,2022-01-07 12:49:00,2022-01-07 12:54:00,short,5689.5,5684.5,5700.0,5684.5,5.0,50.0,limit_touch,take_profit
2022-01-10,2022-01-10 10:36:00,2022-01-10 10:37:00,2022-01-10 10:39:00,long,5681.5,5685.0,5673.5,5685.0,3.5,35.0,limit_touch,take_profit
2022-01-10,2022-01-10 11:54:00,2022-01-10 12:58:00,2022-01-10 12:59:00,long,5704.5,5708.0,5696.5,5708.0,3.5,35.0,limit_touch,take_profit
2022-01-11,2022-01-11 10:13:00,2022-01-11 10:25:00,2022-01-11 10:39:00,short,5669.5,5677.5,5677.5,5666.0,-8.0,-80.0,limit_touch,stop_loss
2022-01-11,2022-01-11 13:19:00,2022-01-11 14:04:00,2022-01-11 14:07:00,short,5628.5,5624.0,5639.0,5624.0,4.5,45.0,limit_touch,take_profit
2022-01-12,2022-01-12 10:05:00,2022-01-12 10:08:00,2022-01-12 10:17:00,short,5603.0,5599.0,5612.0,5599.0,4.0,40.0,limit_touch,take_profit
2022-01-12,2022-01-12 10:34:00,2022-01-12 10:34:00,2022-01-12 10:34:00,short,5599.5,5595.0,5609.5,5595.0,4.5,45.0,limit_touch,take_profit
2022-01-12,2022-01-12 10:51:00,2022-01-12 10:59:00,2022-01-12 11:06:00,short,5584.5,5595.0,5595.0,5579.5,-10.5,-105.0,limit_touch,stop_loss
2022-01-13,2022-01-13 11:12:00,2022-01-13 11:29:00,2022-01-13 11:37:00,short,5542.0,5537.5,5552.0,5537.5,4.5,45.0,limit_touch,take_profit
2022-01-13,2022-01-13 11:56:00,2022-01-13 12:01:00,2022-01-13 12:03:00,short,5535.0,5530.0,5545.5,5530.0,5.0,50.0,limit_touch,take_profit
2022-01-14,2022-01-14 11:01:00,2022-01-14 11:03:00,2022-01-14 11:04:00,long,5563.0,5567.0,5554.5,5567.0,4.0,40.0,limit_touch,take_profit
2022-01-14,2022-01-14 11:31:00,2022-01-14 11:35:00,2022-01-14 11:44:00,long,5564.5,5556.0,5556.0,5568.5,-8.5,-85.0,limit_touch,stop_loss
2022-01-17,2022-01-17 10:31:00,2022-01-17 10:43:00,2022-01-17 10:52:00,short,5524.0,5520.5,5531.5,5520.5,3.5,35.0,limit_touch,take_profit
2022-01-18,2022-01-18 10:07:00,2022-01-18 10:07:00,2022-01-18 10:07:00,short,5544.5,5541.0,5552.0,5541.0,3.5,35.0,limit_touch,take_profit
2022-01-18,2022-01-18 10:08:00,2022-01-18 10:15:00,2022-01-18 10:20:00,short,5543.0,5550.5,5550.5,5539.5,-7.5,-75.0,limit_touch,stop_loss
2022-01-18,2022-01-18 10:40:00,2022-01-18 10:46:00,2022-01-18 10:57:00,short,5535.5,5532.0,5543.5,5532.0,3.5,35.0,limit_touch,take_profit
2022-01-18,2022-01-18 11:01:00,2022-01-18 11:15:00,2022-01-18 11:19:00,short,5532.5,5529.0,5540.5,5529.0,3.5,35.0,limit_touch,take_profit
2022-01-19,2022-01-19 10:18:00,2022-01-19 10:44:00,2022-01-19 10:50:00,short,5540.0,5536.5,5548.0,5536.5,3.5,35.0,limit_touch,take_profit
2022-01-20,2022-01-20 10:06:00,2022-01-20 10:10:00,2022-01-20 10:13:00,short,5451.0,5447.5,5459.0,5447.5,3.5,35.0,limit_touch,take_profit
2022-01-20,2022-01-20 10:32:00,2022-01-20 11:36:00,2022-01-20 11:44:00,short,5428.5,5437.0,5437.0,5424.5,-8.5,-85.0,limit_touch,stop_loss
2022-01-20,2022-01-20 14:30:00,2022-01-20 14:57:00,2022-01-20 15:14:00,short,5411.0,5420.0,5420.0,5407.0,-9.0,-90.0,limit_touch,stop_loss
2022-01-21,2022-01-21 10:11:00,2022-01-21 10:21:00,2022-01-21 10:29:00,long,5473.0,5462.5,5462.5,5478.0,-10.5,-105.0,limit_touch,stop_loss
2022-01-21,2022-01-21 11:47:00,2022-01-21 11:56:00,2022-01-21 12:24:00,short,5436.5,5431.5,5447.5,5431.5,5.0,50.0,limit_touch,take_profit
2022-01-21,2022-01-21 13:20:00,2022-01-21 13:31:00,2022-01-21 13:47:00,short,5431.0,5442.0,5442.0,5426.0,-11.0,-110.0,limit_touch,stop_loss
2022-01-24,2022-01-24 11:07:00,2022-01-24 11:11:00,2022-01-24 11:39:00,long,5495.0,5485.5,5485.5,5499.5,-9.5,-95.0,limit_touch,stop_loss
2022-01-24,2022-01-24 11:55:00,2022-01-24 11:56:00,2022-01-24 11:58:00,long,5501.0,5505.5,5491.5,5505.5,4.5,45.0,limit_touch,take_profit
2022-01-24,2022-01-24 12:12:00,2022-01-24 12:15:00,2022-01-24 12:19:00,long,5512.5,5517.0,5502.5,5517.0,4.5,45.0,limit_touch,take_profit
2022-01-24,2022-01-24 14:18:00,2022-01-24 14:45:00,2022-01-24 14:48:00,long,5519.5,5524.0,5509.5,5524.0,4.5,45.0,limit_touch,take_profit
2022-01-25,2022-01-25 11:03:00,2022-01-25 11:07:00,2022-01-25 11:16:00,short,5508.0,5504.0,5517.0,5504.0,4.0,40.0,limit_touch,take_profit
2022-01-25,2022-01-25 11:29:00,2022-01-25 11:34:00,2022-01-25 11:36:00,short,5501.5,5497.5,5510.5,5497.5,4.0,40.0,limit_touch,take_profit
2022-01-25,2022-01-25 12:54:00,2022-01-25 13:13:00,2022-01-25 13:43:00,short,5495.0,5491.0,5504.0,5491.0,4.0,40.0,limit_touch,take_profit
2022-01-26,2022-01-26 10:16:00,2022-01-26 10:19:00,2022-01-26 10:32:00,short,5425.0,5434.5,5434.5,5420.5,-9.5,-95.0,limit_touch,stop_loss
2022-01-26,2022-01-26 11:16:00,2022-01-26 11:25:00,2022-01-26 11:33:00,long,5445.5,5450.0,5435.5,5450.0,4.5,45.0,limit_touch,take_profit
2022-01-26,2022-01-26 11:44:00,2022-01-26 11:53:00,2022-01-26 12:08:00,long,5452.0,5441.5,5441.5,5457.0,-10.5,-105.0,limit_touch,stop_loss
2022-01-27,2022-01-27 11:12:00,2022-01-27 11:23:00,2022-01-27 11:50:00,short,5376.5,5370.5,5389.0,5370.5,6.0,60.0,limit_touch,take_profit
2022-01-28,2022-01-28 10:16:00,2022-01-28 10:21:00,2022-01-28 10:30:00,short,5402.5,5398.0,5412.5,5398.0,4.5,45.0,limit_touch,take_profit
2022-01-28,2022-01-28 10:46:00,2022-01-28 10:48:00,2022-01-28 10:56:00,short,5391.0,5386.0,5401.5,5386.0,5.0,50.0,limit_touch,take_profit
2022-01-31,2022-01-31 11:43:00,2022-01-31 11:54:00,2022-01-31 12:04:00,short,5401.5,5396.5,5412.0,5396.5,5.0,50.0,limit_touch,take_profit
2022-02-01,2022-02-01 10:35:00,2022-02-01 10:41:00,2022-02-01 10:45:00,long,5342.5,5333.0,5333.0,5347.0,-9.5,-95.0,limit_touch,stop_loss
2022-02-02,2022-02-02 10:34:00,2022-02-02 10:39:00,2022-02-02 10:44:00,long,5316.5,5320.0,5309.0,5320.0,3.5,35.0,limit_touch,take_profit
2022-02-02,2022-02-02 10:58:00,2022-02-02 11:06:00,2022-02-02 11:10:00,long,5320.0,5323.5,5312.0,5323.5,3.5,35.0,limit_touch,take_profit
2022-02-02,2022-02-02 12:06:00,2022-02-02 12:31:00,2022-02-02 12:38:00,long,5335.0,5338.5,5327.0,5338.5,3.5,35.0,limit_touch,take_profit
2022-02-03,2022-02-03 10:01:00,2022-02-03 10:07:00,2022-02-03 10:08:00,long,5334.5,5338.0,5326.5,5338.0,3.5,35.0,limit_touch,take_profit
2022-02-03,2022-02-03 10:49:00,2022-02-03 11:04:00,2022-02-03 11:05:00,long,5342.5,5346.5,5334.5,5346.5,4.0,40.0,limit_touch,take_profit
2022-02-03,2022-02-03 11:15:00,2022-02-03 11:27:00,2022-02-03 11:37:00,long,5343.5,5335.5,5335.5,5347.5,-8.0,-80.0,limit_touch,stop_loss
2022-02-03,2022-02-03 12:45:00,2022-02-03 12:53:00,2022-02-03 13:09:00,short,5317.5,5313.0,5327.0,5313.0,4.5,45.0,limit_touch,take_profit
2022-02-04,2022-02-04 10:18:00,2022-02-04 10:26:00,2022-02-04 10:26:00,long,5335.0,5339.0,5326.5,5339.0,4.0,40.0,limit_touch,take_profit
2022-02-04,2022-02-04 10:46:00,2022-02-04 11:06:00,2022-02-04 11:15:00,long,5357.0,5347.5,5347.5,5361.5,-9.5,-95.0,limit_touch,stop_loss
2022-02-04,2022-02-04 13:00:00,2022-02-04 13:40:00,2022-02-04 15:14:00,long,5363.5,5354.0,5354.0,5368.0,-9.5,-95.0,limit_touch,stop_loss
2022-02-07,2022-02-07 10:08:00,2022-02-07 10:24:00,2022-02-07 10:30:00,short,5323.5,5331.5,5331.5,5319.5,-8.0,-80.0,limit_touch,stop_loss
2022-02-07,2022-02-07 13:28:00,2022-02-07 13:39:00,2022-02-07 14:19:00,short,5318.5,5314.5,5327.0,5314.5,4.0,40.0,limit_touch,take_profit
2022-02-08,2022-02-08 10:06:00,2022-02-08 10:06:00,2022-02-08 10:06:00,long,5301.0,5304.5,5293.0,5304.5,3.5,35.0,limit_touch,take_profit
2022-02-08,2022-02-08 10:08:00,2022-02-08 10:11:00,2022-02-08 10:13:00,long,5304.0,5308.0,5296.0,5308.0,4.0,40.0,limit_touch,take_profit
2022-02-08,2022-02-08 10:39:00,2022-02-08 10:46:00,2022-02-08 11:00:00,long,5306.5,5298.5,5298.5,5310.5,-8.0,-80.0,limit_touch,stop_loss
2022-02-09,2022-02-09 10:01:00,2022-02-09 10:09:00,2022-02-09 10:12:00,long,5289.5,5293.0,5282.5,5293.0,3.5,35.0,limit_touch,take_profit
2022-02-09,2022-02-09 10:53:00,2022-02-09 11:14:00,2022-02-09 11:15:00,long,5301.5,5305.0,5293.5,5305.0,3.5,35.0,limit_touch,take_profit
2022-02-10,2022-02-10 10:06:00,2022-02-10 10:06:00,2022-02-10 10:06:00,short,5249.0,5245.0,5257.5,5245.0,4.0,40.0,limit_touch,take_profit
2022-02-10,2022-02-10 10:25:00,2022-02-10 10:29:00,2022-02-10 10:30:00,short,5243.5,5252.5,5252.5,5239.5,-9.0,-90.0,limit_touch,stop_loss
2022-02-10,2022-02-10 10:34:00,2022-02-10 10:37:00,2022-02-10 10:42:00,long,5261.5,5266.0,5252.0,5266.0,4.5,45.0,limit_touch,take_profit
2022-02-10,2022-02-10 12:35:00,2022-02-10 12:52:00,2022-02-10 13:30:00,short,5213.0,5207.5,5224.5,5207.5,5.5,55.0,limit_touch,take_profit
2022-02-10,2022-02-10 14:52:00,2022-02-10 14:57:00,2022-02-10 15:01:00,long,5254.0,5241.5,5241.5,5259.5,-12.5,-125.0,limit_touch,stop_loss
2022-02-11,2022-02-11 10:08:00,2022-02-11 10:22:00,2022-02-11 10:37:00,short,5218.0,5229.5,5229.5,5212.5,-11.5,-115.0,limit_touch,stop_loss
2022-02-11,2022-02-11 14:44:00,2022-02-11 14:53:00,2022-02-11 15:00:00,short,5216.5,5211.5,5227.0,5211.5,5.0,50.0,limit_touch,take_profit
2022-02-14,2022-02-14 10:40:00,2022-02-14 11:31:00,2022-02-14 11:49:00,short,5231.5,5225.5,5244.5,5225.5,6.0,60.0,limit_touch,take_profit
2022-02-15,2022-02-15 10:37:00,2022-02-15 10:42:00,2022-02-15 10:50:00,short,5214.0,5209.5,5223.5,5209.5,4.5,45.0,limit_touch,take_profit
2022-02-15,2022-02-15 11:32:00,2022-02-15 11:46:00,2022-02-15 11:50:00,short,5195.0,5204.5,5204.5,5190.5,-9.5,-95.0,limit_touch,stop_loss
2022-02-16,2022-02-16 10:59:00,2022-02-16 11:00:00,2022-02-16 11:05:00,long,5185.5,5189.5,5177.0,5189.5,4.0,40.0,limit_touch,take_profit
2022-02-17,2022-02-17 11:57:00,2022-02-17 12:06:00,2022-02-17 12:19:00,long,5179.5,5183.5,5170.5,5183.5,4.0,40.0,limit_touch,take_profit
2022-02-18,2022-02-18 10:22:00,2022-02-18 10:26:00,2022-02-18 10:35:00,short,5151.0,5147.5,5159.0,5147.5,3.5,35.0,limit_touch,take_profit
2022-02-18,2022-02-18 10:40:00,2022-02-18 11:00:00,2022-02-18 11:00:00,short,5147.5,5144.0,5155.5,5144.0,3.5,35.0,limit_touch,take_profit
2022-02-18,2022-02-18 12:15:00,2022-02-18 12:41:00,2022-02-18 12:45:00,short,5138.5,5135.0,5146.5,5135.0,3.5,35.0,limit_touch,take_profit
2022-02-18,2022-02-18 14:05:00,2022-02-18 14:15:00,2022-02-18 14:17:00,short,5129.5,5125.5,5138.0,5125.5,4.0,40.0,limit_touch,take_profit
2022-02-21,2022-02-21 12:56:00,2022-02-21 13:56:00,2022-02-21 14:01:00,short,5102.0,5098.0,5110.0,5098.0,4.0,40.0,limit_touch,take_profit
2022-02-22,2022-02-22 11:09:00,2022-02-22 11:15:00,2022-02-22 11:41:00,short,5071.5,5068.0,5079.0,5068.0,3.5,35.0,limit_touch,take_profit
2022-02-22,2022-02-22 13:00:00,2022-02-22 13:31:00,2022-02-22 13:48:00,short,5067.5,5064.0,5075.0,5064.0,3.5,35.0,limit_touch,take_profit
2022-02-23,2022-02-23 11:15:00,2022-02-23 11:26:00,2022-02-23 11:29:00,short,5015.0,5011.5,5023.0,5011.5,3.5,35.0,limit_touch,take_profit
2022-02-24,2022-02-24 10:17:00,2022-02-24 10:25:00,2022-02-24 10:28:00,long,5086.0,5090.5,5076.0,5090.5,4.5,45.0,limit_touch,take_profit
2022-02-24,2022-02-24 12:45:00,2022-02-24 13:15:00,2022-02-24 13:37:00,long,5123.5,5128.5,5112.0,5128.5,5.0,50.0,limit_touch,take_profit
2022-02-25,2022-02-25 10:21:00,2022-02-25 10:23:00,2022-02-25 10:25:00,long,5164.5,5171.5,5150.0,5171.5,7.0,70.0,limit_touch,take_profit
2022-02-25,2022-02-25 11:29:00,2022-02-25 11:43:00,2022-02-25 11:54:00,long,5178.5,5185.5,5164.0,5185.5,7.0,70.0,limit_touch,take_profit
2022-03-02,2022-03-02 13:25:00,2022-03-02 13:26:00,2022-03-02 13:27:00,short,5225.0,5219.0,5238.0,5219.0,6.0,60.0,limit_touch,take_profit
2022-03-03,2022-03-03 11:13:00,2022-03-03 11:48:00,2022-03-03 12:08:00,short,5088.0,5082.5,5100.5,5082.5,5.5,55.0,limit_touch,take_profit
2022-03-04,2022-03-04 10:30:00,2022-03-04 10:30:00,2022-03-04 10:32:00,long,5102.0,5091.0,5091.0,5107.0,-11.0,-110.0,limit_touch,stop_loss
2022-03-04,2022-03-04 10:52:00,2022-03-04 11:18:00,2022-03-04 11:19:00,long,5116.5,5122.0,5104.5,5122.0,5.5,55.0,limit_touch,take_profit
2022-03-04,2022-03-04 11:33:00,2022-03-04 12:00:00,2022-03-04 12:13:00,long,5120.5,5126.0,5108.5,5126.0,5.5,55.0,limit_touch,take_profit
2022-03-07,2022-03-07 10:39:00,2022-03-07 11:00:00,2022-03-07 11:06:00,short,5084.0,5079.5,5094.5,5079.5,4.5,45.0,limit_touch,take_profit
2022-03-08,2022-03-08 10:41:00,2022-03-08 10:41:00,2022-03-08 10:41:00,long,5125.0,5130.0,5114.5,5130.0,5.0,50.0,limit_touch,take_profit
2022-03-08,2022-03-08 10:42:00,2022-03-08 10:52:00,2022-03-08 10:57:00,long,5126.0,5131.0,5115.5,5131.0,5.0,50.0,limit_touch,take_profit
2022-03-08,2022-03-08 14:19:00,2022-03-08 14:22:00,2022-03-08 14:27:00,short,5096.0,5106.5,5106.5,5091.0,-10.5,-105.0,limit_touch,stop_loss
2022-03-09,2022-03-09 11:01:00,2022-03-09 11:04:00,2022-03-09 11:08:00,short,5048.0,5043.5,5057.5,5043.5,4.5,45.0,limit_touch,take_profit
2022-03-09,2022-03-09 11:13:00,2022-03-09 11:14:00,2022-03-09 11:29:00,short,5041.0,5036.5,5051.0,5036.5,4.5,45.0,limit_touch,take_profit
2022-03-09,2022-03-09 11:49:00,2022-03-09 11:54:00,2022-03-09 12:05:00,short,5037.0,5032.5,5047.0,5032.5,4.5,45.0,limit_touch,take_profit
2022-03-09,2022-03-09 12:18:00,2022-03-09 12:25:00,2022-03-09 12:38:00,short,5032.5,5027.5,5043.0,5027.5,5.0,50.0,limit_touch,take_profit
2022-03-09,2022-03-09 13:39:00,2022-03-09 14:03:00,2022-03-09 14:19:00,short,5031.0,5041.0,5041.0,5026.5,-10.0,-100.0,limit_touch,stop_loss
2022-03-10,2022-03-10 10:04:00,2022-03-10 10:06:00,2022-03-10 10:10:00,long,5072.0,5064.5,5064.5,5075.5,-7.5,-75.0,limit_touch,stop_loss
2022-03-10,2022-03-10 10:15:00,2022-03-10 10:19:00,2022-03-10 10:20:00,long,5077.0,5080.5,5069.0,5080.5,3.5,35.0,limit_touch,take_profit
2022-03-10,2022-03-10 10:26:00,2022-03-10 10:30:00,2022-03-10 10:31:00,long,5081.0,5085.0,5072.5,5085.0,4.0,40.0,limit_touch,take_profit
2022-03-10,2022-03-10 10:54:00,2022-03-10 11:00:00,2022-03-10 11:03:00,long,5086.5,5090.5,5078.0,5090.5,4.0,40.0,limit_touch,take_profit
2022-03-10,2022-03-10 11:39:00,2022-03-10 11:52:00,2022-03-10 11:55:00,long,5093.0,5084.5,5084.5,5097.0,-8.5,-85.0,limit_touch,stop_loss
2022-03-11,2022-03-11 10:01:00,2022-03-11 10:04:00,2022-03-11 10:05:00,long,5033.5,5037.0,5025.5,5037.0,3.5,35.0,limit_touch,take_profit
2022-03-11,2022-03-11 10:16:00,2022-03-11 10:29:00,2022-03-11 10:38:00,long,5036.0,5028.5,5028.5,5039.5,-7.5,-75.0,limit_touch,stop_loss
2022-03-11,2022-03-11 11:04:00,2022-03-11 11:11:00,2022-03-11 11:15:00,long,5042.5,5046.0,5034.5,5046.0,3.5,35.0,limit_touch,take_profit
2022-03-14,2022-03-14 10:04:00,2022-03-14 10:09:00,2022-03-14 10:12:00,short,5072.0,5068.5,5080.0,5068.5,3.5,35.0,limit_touch,take_profit
2022-03-14,2022-03-14 10:53:00,2022-03-14 10:59:00,2022-03-14 11:01:00,long,5094.0,5098.0,5085.5,5098.0,4.0,40.0,limit_touch,take_profit
2022-03-15,2022-03-15 10:31:00,2022-03-15 10:39:00,2022-03-15 10:42:00,long,5162.5,5167.0,5153.0,5167.0,4.5,45.0,limit_touch,take_profit
2022-03-16,2022-03-16 11:24:00,2022-03-16 11:34:00,2022-03-16 12:14:00,short,5138.5,5133.5,5149.0,5133.5,5.0,50.0,limit_touch,take_profit
2022-03-16,2022-03-16 12:25:00,2022-03-16 12:40:00,2022-03-16 12:58:00,short,5136.0,5131.0,5146.5,5131.0,5.0,50.0,limit_touch,take_profit
2022-03-17,2022-03-17 10:19:00,2022-03-17 10:24:00,2022-03-17 10:29:00,long,5115.0,5120.0,5104.0,5120.0,5.0,50.0,limit_touch,take_profit
2022-03-17,2022-03-17 11:05:00,2022-03-17 11:11:00,2022-03-17 11:24:00,long,5119.0,5107.5,5107.5,5124.5,-11.5,-115.0,limit_touch,stop_loss
2022-03-18,2022-03-18 10:34:00,2022-03-18 10:36:00,2022-03-18 10:39:00,long,5085.0,5089.0,5076.0,5089.0,4.0,40.0,limit_touch,take_profit
2022-03-18,2022-03-18 12:14:00,2022-03-18 12:21:00,2022-03-18 12:36:00,short,5056.5,5052.0,5066.5,5052.0,4.5,45.0,limit_touch,take_profit
2022-03-21,2022-03-21 12:16:00,2022-03-21 13:58:00,2022-03-21 14:15:00,short,4972.5,4982.0,4982.0,4968.0,-9.5,-95.0,limit_touch,stop_loss
2022-03-22,2022-03-22 10:13:00,2022-03-22 10:24:00,2022-03-22 10:40:00,short,4929.0,4937.5,4937.5,4925.0,-8.5,-85.0,limit_touch,stop_loss
2022-03-22,2022-03-22 12:28:00,2022-03-22 12:45:00,2022-03-22 12:58:00,long,4954.0,4958.5,4944.5,4958.5,4.5,45.0,limit_touch,take_profit
2022-03-23,2022-03-23 11:18:00,2022-03-23 12:39:00,2022-03-23 12:40:00,short,4877.0,4872.5,4886.5,4872.5,4.5,45.0,limit_touch,take_profit
2022-03-24,2022-03-24 10:11:00,2022-03-24 10:17:00,2022-03-24 10:20:00,long,4838.5,4842.5,4829.5,4842.5,4.0,40.0,limit_touch,take_profit
2022-03-24,2022-03-24 10:31:00,2022-03-24 10:36:00,2022-03-24 10:37:00,long,4840.0,4844.0,4831.0,4844.0,4.0,40.0,limit_touch,take_profit
2022-03-24,2022-03-24 11:01:00,2022-03-24 11:08:00,2022-03-24 11:12:00,short,4812.0,4807.5,4822.0,4807.5,4.5,45.0,limit_touch,take_profit
2022-03-24,2022-03-24 11:41:00,2022-03-24 11:44:00,2022-03-24 11:50:00,short,4794.0,4789.0,4804.5,4789.0,5.0,50.0,limit_touch,take_profit
2022-03-24,2022-03-24 14:17:00,2022-03-24 14:31:00,2022-03-24 14:40:00,long,4846.0,4851.5,4834.0,4851.5,5.5,55.0,limit_touch,take_profit
2022-03-25,2022-03-25 10:11:00,2022-03-25 10:12:00,2022-03-25 10:13:00,short,4796.5,4791.0,4809.0,4791.0,5.5,55.0,limit_touch,take_profit
2022-03-25,2022-03-25 11:55:00,2022-03-25 12:13:00,2022-03-25 12:18:00,short,4780.0,4774.5,4792.5,4774.5,5.5,55.0,limit_touch,take_profit
2022-03-25,2022-03-25 12:36:00,2022-03-25 13:40:00,2022-03-25 13:45:00,short,4773.0,4767.0,4785.5,4767.0,6.0,60.0,limit_touch,take_profit
2022-03-28,2022-03-28 11:49:00,2022-03-28 12:06:00,2022-03-28 12:11:00,long,4804.0,4793.5,4793.5,4809.0,-10.5,-105.0,limit_touch,stop_loss
2022-03-29,2022-03-29 10:28:00,2022-03-29 10:33:00,2022-03-29 10:33:00,long,4758.5,4764.5,4745.5,4764.5,6.0,60.0,limit_touch,take_profit
2022-03-29,2022-03-29 10:39:00,2022-03-29 10:47:00,2022-03-29 10:51:00,long,4763.5,4750.5,4750.5,4769.5,-13.0,-130.0,limit_touch,stop_loss
2022-03-29,2022-03-29 14:31:00,2022-03-29 15:00:00,2022-03-29 16:50:00,long,4771.5,4759.5,4759.5,4777.0,-12.0,-120.0,limit_touch,stop_loss
2022-03-30,2022-03-30 10:01:00,2022-03-30 10:04:00,2022-03-30 10:22:00,short,4738.5,4748.5,4748.5,4734.0,-10.0,-100.0,limit_touch,stop_loss
2022-03-30,2022-03-30 11:26:00,2022-03-30 11:35:00,2022-03-30 11:37:00,long,4758.0,4763.0,4747.0,4763.0,5.0,50.0,limit_touch,take_profit
2022-03-30,2022-03-30 11:40:00,2022-03-30 11:47:00,2022-03-30 11:54:00,long,4759.0,4764.0,4748.0,4764.0,5.0,50.0,limit_touch,take_profit
2022-03-30,2022-03-30 12:22:00,2022-03-30 12:48:00,2022-03-30 14:04:00,long,4775.5,4780.5,4764.5,4780.5,5.0,50.0,limit_touch,take_profit
2022-03-31,2022-03-31 10:04:00,2022-03-31 10:10:00,2022-03-31 10:11:00,short,4795.5,4790.0,4807.5,4790.0,5.5,55.0,limit_touch,take_profit
2022-03-31,2022-03-31 11:08:00,2022-03-31 11:13:00,2022-03-31 11:18:00,short,4786.0,4780.5,4798.0,4780.5,5.5,55.0,limit_touch,take_profit
2022-03-31,2022-03-31 13:07:00,2022-03-31 14:50:00,2022-03-31 15:51:00,short,4778.5,4790.0,4790.0,4773.0,-11.5,-115.0,limit_touch,stop_loss
2022-04-04,2022-04-04 10:31:00,2022-04-04 11:34:00,2022-04-04 11:50:00,short,4655.5,4651.5,4664.0,4651.5,4.0,40.0,limit_touch,take_profit
2022-04-05,2022-04-05 10:19:00,2022-04-05 10:40:00,2022-04-05 10:52:00,long,4657.5,4661.5,4649.5,4661.5,4.0,40.0,limit_touch,take_profit
2022-04-05,2022-04-05 12:20:00,2022-04-05 13:52:00,2022-04-05 14:09:00,long,4682.0,4672.5,4672.5,4686.5,-9.5,-95.0,limit_touch,stop_loss
2022-04-06,2022-04-06 10:06:00,2022-04-06 10:21:00,2022-04-06 10:22:00,long,4714.5,4719.0,4705.0,4719.0,4.5,45.0,limit_touch,take_profit
2022-04-06,2022-04-06 10:58:00,2022-04-06 11:13:00,2022-04-06 11:35:00,long,4727.0,4717.5,4717.5,4731.5,-9.5,-95.0,limit_touch,stop_loss
2022-04-07,2022-04-07 10:10:00,2022-04-07 10:13:00,2022-04-07 10:21:00,long,4746.0,4751.0,4735.0,4751.0,5.0,50.0,limit_touch,take_profit
2022-04-07,2022-04-07 10:28:00,2022-04-07 10:33:00,2022-04-07 10:36:00,long,4756.0,4761.5,4744.0,4761.5,5.5,55.0,limit_touch,take_profit
2022-04-07,2022-04-07 12:31:00,2022-04-07 14:01:00,2022-04-07 14:59:00,long,4779.5,4768.5,4768.5,4784.5,-11.0,-110.0,limit_touch,stop_loss
2022-04-08,2022-04-08 10:22:00,2022-04-08 10:24:00,2022-04-08 10:25:00,long,4777.5,4782.0,4767.5,4782.0,4.5,45.0,limit_touch,take_profit
2022-04-08,2022-04-08 10:49:00,2022-04-08 11:00:00,2022-04-08 11:02:00,long,4799.5,4788.5,4788.5,4804.5,-11.0,-110.0,limit_touch,stop_loss
2022-04-12,2022-04-12 10:02:00,2022-04-12 10:21:00,2022-04-12 10:25:00,short,4661.5,4656.5,4672.0,4656.5,5.0,50.0,limit_touch,take_profit
2022-04-13,2022-04-13 10:17:00,2022-04-13 10:22:00,2022-04-13 10:23:00,long,4706.0,4710.5,4696.0,4710.5,4.5,45.0,limit_touch,take_profit
2022-04-13,2022-04-13 10:35:00,2022-04-13 10:57:00,2022-04-13 11:01:00,long,4712.0,4716.5,4702.0,4716.5,4.5,45.0,limit_touch,take_profit
2022-04-14,2022-04-14 10:01:00,2022-04-14 10:05:00,2022-04-14 10:09:00,long,4739.5,4743.0,4732.0,4743.0,3.5,35.0,limit_touch,take_profit
2022-04-14,2022-04-14 10:52:00,2022-04-14 10:57:00,2022-04-14 11:05:00,long,4746.5,4750.5,4738.0,4750.5,4.0,40.0,limit_touch,take_profit
2022-04-18,2022-04-18 10:59:00,2022-04-18 11:06:00,2022-04-18 11:35:00,short,4686.5,4696.0,4696.0,4682.0,-9.5,-95.0,limit_touch,stop_loss
2022-04-19,2022-04-19 10:07:00,2022-04-19 10:08:00,2022-04-19 10:10:00,long,4678.5,4682.5,4670.0,4682.5,4.0,40.0,limit_touch,take_profit
2022-04-19,2022-04-19 10:11:00,2022-04-19 10:12:00,2022-04-19 10:22:00,long,4678.5,4682.5,4670.0,4682.5,4.0,40.0,limit_touch,take_profit
2022-04-19,2022-04-19 10:52:00,2022-04-19 10:55:00,2022-04-19 10:59:00,short,4661.5,4670.5,4670.5,4657.5,-9.0,-90.0,limit_touch,stop_loss
2022-04-19,2022-04-19 12:01:00,2022-04-19 12:40:00,2022-04-19 12:48:00,long,4688.0,4692.0,4679.0,4692.0,4.0,40.0,limit_touch,take_profit
2022-04-20,2022-04-20 10:37:00,2022-04-20 10:46:00,2022-04-20 10:53:00,short,4659.5,4668.0,4668.0,4655.5,-8.5,-85.0,limit_touch,stop_loss
2022-04-20,2022-04-20 12:09:00,2022-04-20 14:23:00,2022-04-20 14:25:00,short,4638.5,4634.0,4647.5,4634.0,4.5,45.0,limit_touch,take_profit
2022-04-25,2022-04-25 10:19:00,2022-04-25 10:22:00,2022-04-25 10:27:00,long,4855.0,4862.5,4839.0,4862.5,7.5,75.0,limit_touch,take_profit
2022-04-25,2022-04-25 10:32:00,2022-04-25 10:41:00,2022-04-25 11:01:00,long,4866.0,4873.5,4850.0,4873.5,7.5,75.0,limit_touch,take_profit
2022-04-25,2022-04-25 13:00:00,2022-04-25 13:45:00,2022-04-25 14:19:00,long,4921.0,4905.0,4905.0,4928.5,-16.0,-160.0,limit_touch,stop_loss
2022-04-26,2022-04-26 11:44:00,2022-04-26 11:45:00,2022-04-26 11:46:00,long,4979.0,4985.5,4965.5,4985.5,6.5,65.0,limit_touch,take_profit
2022-04-27,2022-04-27 13:16:00,2022-04-27 13:18:00,2022-04-27 13:21:00,short,4990.0,4983.5,5004.5,4983.5,6.5,65.0,limit_touch,take_profit
2022-04-28,2022-04-28 10:52:00,2022-04-28 11:06:00,2022-04-28 11:12:00,long,5022.0,5028.5,5008.0,5028.5,6.5,65.0,limit_touch,take_profit
2022-04-28,2022-04-28 11:47:00,2022-04-28 11:55:00,2022-04-28 12:04:00,long,5032.5,5019.5,5019.5,5038.5,-13.0,-130.0,limit_touch,stop_loss
2022-04-28,2022-04-28 13:47:00,2022-04-28 13:58:00,2022-04-28 13:59:00,short,4986.0,4980.5,4998.5,4980.5,5.5,55.0,limit_touch,take_profit
2022-04-29,2022-04-29 10:44:00,2022-04-29 10:47:00,2022-04-29 10:56:00,long,4953.5,4939.5,4939.5,4960.0,-14.0,-140.0,limit_touch,stop_loss
2022-04-29,2022-04-29 12:01:00,2022-04-29 12:18:00,2022-04-29 12:20:00,long,4982.0,4989.0,4967.0,4989.0,7.0,70.0,limit_touch,take_profit_gap_open
2022-05-02,2022-05-02 11:10:00,2022-05-02 11:23:00,2022-05-02 11:38:00,long,5064.5,5070.5,5051.5,5070.5,6.0,60.0,limit_touch,take_profit
2022-05-02,2022-05-02 12:27:00,2022-05-02 13:23:00,2022-05-02 13:31:00,long,5069.5,5075.5,5056.5,5075.5,6.0,60.0,limit_touch,take_profit
2022-05-03,2022-05-03 11:00:00,2022-05-03 11:05:00,2022-05-03 11:54:00,short,5066.0,5060.0,5079.0,5060.0,6.0,60.0,limit_touch,take_profit
2022-05-03,2022-05-03 11:59:00,2022-05-03 12:05:00,2022-05-03 12:08:00,short,5062.0,5056.0,5075.5,5056.0,6.0,60.0,limit_touch,take_profit
2022-05-03,2022-05-03 12:21:00,2022-05-03 12:39:00,2022-05-03 12:49:00,short,5052.5,5046.5,5065.5,5046.5,6.0,60.0,limit_touch,take_profit
2022-05-03,2022-05-03 12:51:00,2022-05-03 13:06:00,2022-05-03 13:10:00,short,5052.0,5046.0,5065.0,5046.0,6.0,60.0,limit_touch,take_profit
2022-05-04,2022-05-04 10:12:00,2022-05-04 10:25:00,2022-05-04 10:30:00,long,5049.5,5055.0,5038.0,5055.0,5.5,55.0,limit_touch,take_profit
2022-05-04,2022-05-04 10:51:00,2022-05-04 11:11:00,2022-05-04 11:15:00,long,5057.0,5062.5,5045.0,5062.5,5.5,55.0,limit_touch,take_profit
2022-05-05,2022-05-05 13:22:00,2022-05-05 14:06:00,2022-05-05 14:12:00,long,5066.5,5073.5,5051.0,5073.5,7.0,70.0,limit_touch,take_profit
2022-05-06,2022-05-06 10:47:00,2022-05-06 11:01:00,2022-05-06 11:03:00,long,5125.5,5132.5,5110.5,5132.5,7.0,70.0,limit_touch,take_profit
2022-05-09,2022-05-09 10:05:00,2022-05-09 10:13:00,2022-05-09 10:19:00,short,5160.5,5153.5,5175.5,5153.5,7.0,70.0,limit_touch,take_profit
2022-05-09,2022-05-09 13:15:00,2022-05-09 13:38:00,2022-05-09 14:10:00,short,5151.5,5165.5,5165.5,5145.0,-14.0,-140.0,limit_touch,stop_loss
2022-05-10,2022-05-10 10:00:00,2022-05-10 10:00:00,2022-05-10 10:02:00,short,5168.0,5162.5,5180.0,5162.5,5.5,55.0,limit_touch,take_profit
2022-05-10,2022-05-10 10:15:00,2022-05-10 10:23:00,2022-05-10 10:30:00,short,5160.0,5154.5,5171.5,5154.5,5.5,55.0,limit_touch,take_profit
2022-05-10,2022-05-10 11:50:00,2022-05-10 11:56:00,2022-05-10 12:03:00,long,5187.0,5193.0,5174.0,5193.0,6.0,60.0,limit_touch,take_profit
2022-05-11,2022-05-11 10:00:00,2022-05-11 10:07:00,2022-05-11 10:18:00,long,5184.0,5172.0,5172.0,5189.5,-12.0,-120.0,limit_touch,stop_loss
2022-05-11,2022-05-11 10:48:00,2022-05-11 11:09:00,2022-05-11 11:13:00,short,5144.0,5158.0,5158.0,5137.5,-14.0,-140.0,limit_touch,stop_loss
2022-05-11,2022-05-11 12:40:00,2022-05-11 13:29:00,2022-05-11 14:00:00,short,5143.5,5157.5,5157.5,5137.0,-14.0,-140.0,limit_touch,stop_loss
2022-05-12,2022-05-12 10:13:00,2022-05-12 10:27:00,2022-05-12 10:32:00,short,5197.5,5210.5,5210.5,5191.5,-13.0,-130.0,limit_touch,stop_loss
2022-05-12,2022-05-12 12:09:00,2022-05-12 12:48:00,2022-05-12 13:32:00,short,5160.0,5153.5,5174.0,5153.5,6.5,65.0,limit_touch,take_profit
2022-05-13,2022-05-13 10:00:00,2022-05-13 10:05:00,2022-05-13 10:08:00,long,5166.5,5172.0,5155.0,5172.0,5.5,55.0,limit_touch,take_profit
2022-05-13,2022-05-13 10:44:00,2022-05-13 10:50:00,2022-05-13 11:00:00,long,5168.0,5156.0,5156.0,5173.5,-12.0,-120.0,limit_touch,stop_loss
2022-05-13,2022-05-13 11:05:00,2022-05-13 11:11:00,2022-05-13 11:13:00,short,5146.0,5140.5,5158.5,5140.5,5.5,55.0,limit_touch,take_profit
2022-05-13,2022-05-13 11:34:00,2022-05-13 11:43:00,2022-05-13 11:58:00,short,5126.0,5120.0,5138.5,5120.0,6.0,60.0,limit_touch,take_profit
2022-05-13,2022-05-13 12:29:00,2022-05-13 12:43:00,2022-05-13 12:44:00,short,5115.5,5109.5,5129.0,5109.5,6.0,60.0,limit_touch,take_profit
2022-05-16,2022-05-16 10:14:00,2022-05-16 10:16:00,2022-05-16 10:24:00,short,5094.5,5089.0,5106.5,5089.0,5.5,55.0,limit_touch,take_profit
2022-05-16,2022-05-16 10:32:00,2022-05-16 10:36:00,2022-05-16 10:37:00,short,5086.5,5081.0,5098.5,5081.0,5.5,55.0,limit_touch,take_profit
2022-05-16,2022-05-16 10:40:00,2022-05-16 10:46:00,2022-05-16 10:50:00,short,5076.5,5089.0,5089.0,5070.5,-12.5,-125.0,limit_touch,stop_loss
2022-05-16,2022-05-16 11:29:00,2022-05-16 11:34:00,2022-05-16 11:37:00,short,5073.0,5067.0,5086.5,5067.0,6.0,60.0,limit_touch,take_profit
2022-05-17,2022-05-17 10:04:00,2022-05-17 10:10:00,2022-05-17 10:34:00,short,4993.5,4987.5,5006.5,4987.5,6.0,60.0,limit_touch,take_profit
2022-05-18,2022-05-18 10:28:00,2022-05-18 10:35:00,2022-05-18 10:39:00,long,4976.5,4981.5,4965.5,4981.5,5.0,50.0,limit_touch,take_profit
2022-05-18,2022-05-18 11:41:00,2022-05-18 11:52:00,2022-05-18 11:56:00,long,4982.0,4987.0,4971.0,4987.0,5.0,50.0,limit_touch,take_profit
2022-05-18,2022-05-18 13:31:00,2022-05-18 13:43:00,2022-05-18 13:48:00,long,4985.0,4989.5,4975.0,4989.5,4.5,45.0,limit_touch,take_profit
2022-05-19,2022-05-19 10:01:00,2022-05-19 10:03:00,2022-05-19 10:04:00,short,4942.5,4937.5,4953.5,4937.5,5.0,50.0,limit_touch,take_profit
2022-05-19,2022-05-19 10:20:00,2022-05-19 10:25:00,2022-05-19 10:31:00,short,4939.0,4933.5,4950.5,4933.5,5.5,55.0,limit_touch,take_profit
2022-05-19,2022-05-19 10:56:00,2022-05-19 10:59:00,2022-05-19 11:00:00,short,4936.5,4931.0,4948.5,4931.0,5.5,55.0,limit_touch,take_profit
2022-05-19,2022-05-19 11:01:00,2022-05-19 11:08:00,2022-05-19 11:12:00,short,4936.0,4930.5,4947.5,4930.5,5.5,55.0,limit_touch,take_profit
2022-05-19,2022-05-19 11:17:00,2022-05-19 11:30:00,2022-05-19 11:38:00,short,4935.5,4947.0,4947.0,4930.0,-11.5,-115.0,limit_touch,stop_loss
2022-05-19,2022-05-19 12:44:00,2022-05-19 13:21:00,2022-05-19 13:29:00,short,4926.0,4920.0,4938.5,4920.0,6.0,60.0,limit_touch,take_profit
2022-05-20,2022-05-20 10:10:00,2022-05-20 10:12:00,2022-05-20 10:29:00,short,4912.0,4923.5,4923.5,4906.5,-11.5,-115.0,limit_touch,stop_loss
2022-05-20,2022-05-20 10:53:00,2022-05-20 10:55:00,2022-05-20 10:58:00,short,4909.0,4903.5,4921.0,4903.5,5.5,55.0,limit_touch,take_profit
2022-05-20,2022-05-20 11:04:00,2022-05-20 11:12:00,2022-05-20 11:14:00,short,4902.0,4896.5,4914.0,4896.5,5.5,55.0,limit_touch,take_profit
2022-05-20,2022-05-20 11:46:00,2022-05-20 12:13:00,2022-05-20 12:29:00,short,4887.5,4882.0,4899.5,4882.0,5.5,55.0,limit_touch,take_profit
2022-05-20,2022-05-20 12:51:00,2022-05-20 13:02:00,2022-05-20 13:03:00,short,4884.5,4879.0,4896.0,4879.0,5.5,55.0,limit_touch,take_profit
2022-05-23,2022-05-23 10:25:00,2022-05-23 10:38:00,2022-05-23 10:43:00,short,4824.5,4819.5,4835.5,4819.5,5.0,50.0,limit_touch,take_profit
2022-05-23,2022-05-23 10:51:00,2022-05-23 11:08:00,2022-05-23 11:11:00,short,4816.5,4811.5,4828.0,4811.5,5.0,50.0,limit_touch,take_profit
2022-05-23,2022-05-23 13:04:00,2022-05-23 14:11:00,2022-05-23 15:02:00,short,4813.5,4823.5,4823.5,4809.0,-10.0,-100.0,limit_touch,stop_loss
2022-05-24,2022-05-24 10:05:00,2022-05-24 10:36:00,2022-05-24 10:45:00,short,4804.5,4800.5,4813.5,4800.5,4.0,40.0,limit_touch,take_profit
2022-05-24,2022-05-24 10:52:00,2022-05-24 11:11:00,2022-05-24 11:15:00,short,4801.0,4810.5,4810.5,4796.5,-9.5,-95.0,limit_touch,stop_loss
2022-05-24,2022-05-24 12:35:00,2022-05-24 12:45:00,2022-05-24 12:50:00,long,4844.5,4850.0,4833.0,4850.0,5.5,55.0,limit_touch,take_profit
2022-05-25,2022-05-25 10:36:00,2022-05-25 10:39:00,2022-05-25 10:45:00,short,4843.5,4838.5,4854.0,4838.5,5.0,50.0,limit_touch,take_profit
2022-05-25,2022-05-25 11:02:00,2022-05-25 11:11:00,2022-05-25 11:18:00,short,4840.0,4835.5,4850.0,4835.5,4.5,45.0,limit_touch,take_profit
2022-05-25,2022-05-25 11:40:00,2022-05-25 11:41:00,2022-05-25 12:04:00,short,4835.0,4845.5,4845.5,4830.0,-10.5,-105.0,limit_touch,stop_loss
2022-05-26,2022-05-26 10:10:00,2022-05-26 10:15:00,2022-05-26 10:20:00,short,4822.5,4833.0,4833.0,4817.5,-10.5,-105.0,limit_touch,stop_loss
2022-05-26,2022-05-26 11:07:00,2022-05-26 11:09:00,2022-05-26 11:12:00,short,4813.5,4808.5,4824.0,4808.5,5.0,50.0,limit_touch,take_profit
2022-05-27,2022-05-27 10:26:00,2022-05-27 10:31:00,2022-05-27 10:42:00,long,4775.0,4779.5,4765.5,4779.5,4.5,45.0,limit_touch,take_profit
2022-05-27,2022-05-27 12:23:00,2022-05-27 13:13:00,2022-05-27 14:03:00,short,4734.0,4744.5,4744.5,4729.0,-10.5,-105.0,limit_touch,stop_loss
2022-05-30,2022-05-30 12:03:00,2022-05-30 12:19:00,2022-05-30 12:37:00,long,4732.5,4737.0,4723.5,4737.0,4.5,45.0,limit_touch,take_profit
2022-05-31,2022-05-31 10:03:00,2022-05-31 10:03:00,2022-05-31 10:03:00,short,4798.5,4794.0,4808.5,4794.0,4.5,45.0,limit_touch,take_profit
2022-05-31,2022-05-31 10:53:00,2022-05-31 11:11:00,2022-05-31 11:22:00,short,4760.5,4755.0,4772.0,4755.0,5.5,55.0,limit_touch,take_profit
2022-06-01,2022-06-01 10:08:00,2022-06-01 10:11:00,2022-06-01 10:13:00,short,4769.0,4778.5,4778.5,4764.5,-9.5,-95.0,limit_touch,stop_loss
2022-06-01,2022-06-01 10:26:00,2022-06-01 10:26:00,2022-06-01 10:26:00,long,4784.0,4788.5,4774.0,4788.5,4.5,45.0,limit_touch,take_profit
2022-06-01,2022-06-01 10:36:00,2022-06-01 10:43:00,2022-06-01 10:57:00,long,4793.5,4798.0,4783.5,4798.0,4.5,45.0,limit_touch,take_profit
2022-06-01,2022-06-01 11:00:00,2022-06-01 11:00:00,2022-06-01 11:00:00,long,4795.5,4800.0,4785.5,4800.0,4.5,45.0,limit_touch,take_profit
2022-06-02,2022-06-02 10:37:00,2022-06-02 10:39:00,2022-06-02 10:42:00,long,4840.5,4830.5,4830.5,4845.0,-10.0,-100.0,limit_touch,stop_loss
2022-06-02,2022-06-02 14:08:00,2022-06-02 14:14:00,2022-06-02 14:26:00,short,4821.0,4831.0,4831.0,4816.5,-10.0,-100.0,limit_touch,stop_loss
2022-06-03,2022-06-03 10:08:00,2022-06-03 10:14:00,2022-06-03 10:22:00,short,4838.0,4848.0,4848.0,4833.5,-10.0,-100.0,limit_touch,stop_loss
2022-06-03,2022-06-03 10:33:00,2022-06-03 10:37:00,2022-06-03 10:38:00,short,4837.0,4832.5,4847.0,4832.5,4.5,45.0,limit_touch,take_profit
2022-06-03,2022-06-03 10:55:00,2022-06-03 11:05:00,2022-06-03 11:07:00,short,4829.0,4824.5,4839.0,4824.5,4.5,45.0,limit_touch,take_profit
2022-06-03,2022-06-03 14:11:00,2022-06-03 14:31:00,2022-06-03 15:17:00,short,4827.5,4836.0,4836.0,4823.5,-8.5,-85.0,limit_touch,stop_loss
2022-06-06,2022-06-06 10:47:00,2022-06-06 10:55:00,2022-06-06 11:03:00,long,4814.5,4818.5,4806.0,4818.5,4.0,40.0,limit_touch,take_profit
2022-06-06,2022-06-06 11:43:00,2022-06-06 12:07:00,2022-06-06 12:09:00,long,4825.0,4829.0,4816.0,4829.0,4.0,40.0,limit_touch,take_profit
2022-06-06,2022-06-06 12:27:00,2022-06-06 13:10:00,2022-06-06 13:15:00,long,4828.0,4832.0,4819.0,4832.0,4.0,40.0,limit_touch,take_profit
2022-06-06,2022-06-06 14:05:00,2022-06-06 14:34:00,2022-06-06 14:41:00,long,4828.5,4820.5,4820.5,4832.0,-8.0,-80.0,limit_touch,stop_loss
2022-06-07,2022-06-07 11:17:00,2022-06-07 11:53:00,2022-06-07 11:57:00,long,4935.0,4940.0,4924.5,4940.0,5.0,50.0,limit_touch,take_profit
2022-06-08,2022-06-08 10:17:00,2022-06-08 10:18:00,2022-06-08 10:22:00,short,4904.5,4899.5,4915.0,4899.5,5.0,50.0,limit_touch,take_profit
2022-06-08,2022-06-08 10:30:00,2022-06-08 10:34:00,2022-06-08 10:35:00,short,4895.0,4890.0,4905.5,4890.0,5.0,50.0,limit_touch,take_profit
2022-06-09,2022-06-09 10:15:00,2022-06-09 10:17:00,2022-06-09 10:21:00,long,4928.5,4933.0,4919.0,4933.0,4.5,45.0,limit_touch,take_profit
2022-06-09,2022-06-09 10:33:00,2022-06-09 10:38:00,2022-06-09 10:42:00,long,4936.0,4940.5,4926.0,4940.5,4.5,45.0,limit_touch,take_profit
2022-06-13,2022-06-13 10:25:00,2022-06-13 10:31:00,2022-06-13 10:31:00,long,5102.5,5108.0,5090.5,5108.0,5.5,55.0,limit_touch,take_profit
2022-06-13,2022-06-13 12:01:00,2022-06-13 12:20:00,2022-06-13 12:42:00,long,5138.5,5126.5,5126.5,5144.0,-12.0,-120.0,limit_touch,stop_loss
2022-06-14,2022-06-14 10:32:00,2022-06-14 10:34:00,2022-06-14 10:36:00,long,5142.0,5148.0,5129.0,5148.0,6.0,60.0,limit_touch,take_profit
2022-06-14,2022-06-14 10:51:00,2022-06-14 10:54:00,2022-06-14 11:11:00,long,5143.5,5149.5,5130.0,5149.5,6.0,60.0,limit_touch,take_profit
2022-06-14,2022-06-14 12:21:00,2022-06-14 12:26:00,2022-06-14 12:41:00,long,5146.0,5152.0,5133.5,5152.0,6.0,60.0,limit_touch,take_profit
2022-06-14,2022-06-14 13:42:00,2022-06-14 14:06:00,2022-06-14 14:17:00,long,5161.0,5148.5,5148.5,5166.5,-12.5,-125.0,limit_touch,stop_loss
2022-06-15,2022-06-15 10:13:00,2022-06-15 10:19:00,2022-06-15 10:23:00,long,5138.0,5143.5,5126.5,5143.5,5.5,55.0,limit_touch,take_profit
2022-06-15,2022-06-15 10:31:00,2022-06-15 10:39:00,2022-06-15 10:56:00,long,5143.0,5131.5,5131.5,5148.5,-11.5,-115.0,limit_touch,stop_loss
2022-06-20,2022-06-20 10:15:00,2022-06-20 10:18:00,2022-06-20 10:23:00,long,5189.0,5194.0,5178.5,5194.0,5.0,50.0,limit_touch,take_profit
2022-06-20,2022-06-20 10:43:00,2022-06-20 11:03:00,2022-06-20 11:05:00,long,5194.5,5199.5,5183.5,5199.5,5.0,50.0,limit_touch,take_profit
2022-06-21,2022-06-21 10:00:00,2022-06-21 10:02:00,2022-06-21 10:08:00,long,5194.5,5185.5,5185.5,5198.5,-9.0,-90.0,limit_touch,stop_loss
2022-06-21,2022-06-21 10:36:00,2022-06-21 10:43:00,2022-06-21 10:53:00,short,5173.0,5168.5,5182.5,5168.5,4.5,45.0,limit_touch,take_profit
2022-06-21,2022-06-21 11:40:00,2022-06-21 12:29:00,2022-06-21 13:38:00,short,5151.0,5146.5,5161.0,5146.5,4.5,45.0,limit_touch,take_profit
2022-06-22,2022-06-22 10:30:00,2022-06-22 10:33:00,2022-06-22 10:34:00,long,5187.0,5191.5,5177.5,5191.5,4.5,45.0,limit_touch,take_profit
2022-06-22,2022-06-22 11:51:00,2022-06-22 12:00:00,2022-06-22 12:10:00,short,5155.5,5150.5,5166.0,5150.5,5.0,50.0,limit_touch,take_profit
2022-06-23,2022-06-23 10:03:00,2022-06-23 10:07:00,2022-06-23 10:11:00,short,5191.5,5187.0,5201.5,5187.0,4.5,45.0,limit_touch,take_profit
2022-06-23,2022-06-23 11:00:00,2022-06-23 11:07:00,2022-06-23 11:17:00,short,5190.5,5200.5,5200.5,5186.0,-10.0,-100.0,limit_touch,stop_loss
2022-06-24,2022-06-24 10:05:00,2022-06-24 10:07:00,2022-06-24 10:16:00,long,5237.0,5241.5,5227.5,5241.5,4.5,45.0,limit_touch,take_profit
2022-06-24,2022-06-24 10:41:00,2022-06-24 11:00:00,2022-06-24 11:01:00,long,5268.5,5257.5,5257.5,5273.5,-11.0,-110.0,limit_touch,stop_loss
2022-06-27,2022-06-27 11:03:00,2022-06-27 11:11:00,2022-06-27 11:14:00,short,5239.0,5233.5,5250.5,5233.5,5.5,55.0,limit_touch,take_profit
2022-06-27,2022-06-27 12:16:00,2022-06-27 14:06:00,2022-06-27 14:27:00,short,5229.0,5223.5,5240.5,5223.5,5.5,55.0,limit_touch,take_profit
2022-06-28,2022-06-28 10:19:00,2022-06-28 10:24:00,2022-06-28 10:38:00,short,5208.0,5203.5,5218.0,5203.5,4.5,45.0,limit_touch,take_profit
2022-06-28,2022-06-28 12:44:00,2022-06-28 13:13:00,2022-06-28 13:15:00,long,5252.0,5257.0,5240.5,5257.0,5.0,50.0,limit_touch,take_profit
2022-06-29,2022-06-29 10:00:00,2022-06-29 10:17:00,2022-06-29 10:19:00,short,5228.0,5223.5,5238.0,5223.5,4.5,45.0,limit_touch,take_profit
2022-06-29,2022-06-29 10:33:00,2022-06-29 10:39:00,2022-06-29 10:47:00,short,5225.0,5235.0,5235.0,5220.5,-10.0,-100.0,limit_touch,stop_loss
2022-06-30,2022-06-30 10:15:00,2022-06-30 10:23:00,2022-06-30 11:05:00,long,5299.0,5287.0,5287.0,5304.5,-12.0,-120.0,limit_touch,stop_loss
2022-07-01,2022-07-01 10:19:00,2022-07-01 10:26:00,2022-07-01 10:29:00,long,5355.5,5361.0,5343.5,5361.0,5.5,55.0,limit_touch,take_profit
2022-07-01,2022-07-01 10:40:00,2022-07-01 10:49:00,2022-07-01 10:51:00,long,5358.5,5364.0,5346.5,5364.0,5.5,55.0,limit_touch,take_profit
2022-07-01,2022-07-01 11:04:00,2022-07-01 11:10:00,2022-07-01 11:11:00,long,5360.5,5366.0,5348.5,5366.0,5.5,55.0,limit_touch,take_profit
2022-07-01,2022-07-01 11:17:00,2022-07-01 11:49:00,2022-07-01 12:01:00,long,5365.0,5370.5,5353.5,5370.5,5.5,55.0,limit_touch,take_profit
2022-07-04,2022-07-04 11:51:00,2022-07-04 13:00:00,2022-07-04 14:14:00,short,5340.5,5350.5,5350.5,5336.0,-10.0,-100.0,limit_touch,stop_loss
2022-07-05,2022-07-05 10:08:00,2022-07-05 10:15:00,2022-07-05 10:17:00,long,5416.5,5420.5,5408.0,5420.5,4.0,40.0,limit_touch,take_profit
2022-07-05,2022-07-05 10:45:00,2022-07-05 11:01:00,2022-07-05 11:02:00,long,5430.0,5434.0,5421.5,5434.0,4.0,40.0,limit_touch,take_profit
2022-07-06,2022-07-06 10:43:00,2022-07-06 10:45:00,2022-07-06 10:49:00,short,5438.0,5447.0,5447.0,5434.0,-9.0,-90.0,limit_touch,stop_loss
2022-07-06,2022-07-06 11:21:00,2022-07-06 11:25:00,2022-07-06 11:26:00,long,5459.0,5463.5,5449.5,5463.5,4.5,45.0,limit_touch,take_profit
2022-07-06,2022-07-06 12:45:00,2022-07-06 13:58:00,2022-07-06 14:16:00,long,5483.0,5473.5,5473.5,5487.5,-9.5,-95.0,limit_touch,stop_loss
2022-07-07,2022-07-07 10:08:00,2022-07-07 10:08:00,2022-07-07 10:08:00,short,5432.5,5428.0,5442.5,5428.0,4.5,45.0,limit_touch,take_profit
2022-07-07,2022-07-07 10:18:00,2022-07-07 10:24:00,2022-07-07 10:30:00,short,5419.0,5414.0,5429.5,5414.0,5.0,50.0,limit_touch,take_profit
2022-07-07,2022-07-07 12:06:00,2022-07-07 12:38:00,2022-07-07 12:50:00,short,5387.5,5382.5,5398.5,5382.5,5.0,50.0,limit_touch,take_profit
2022-07-08,2022-07-08 10:39:00,2022-07-08 10:47:00,2022-07-08 10:50:00,short,5352.0,5362.5,5362.5,5347.0,-10.5,-105.0,limit_touch,stop_loss
2022-07-08,2022-07-08 11:45:00,2022-07-08 13:05:00,2022-07-08 13:17:00,short,5336.5,5331.5,5348.0,5331.5,5.0,50.0,limit_touch,take_profit_gap_open
2022-07-11,2022-07-11 10:49:00,2022-07-11 10:57:00,2022-07-11 11:19:00,long,5377.0,5382.0,5366.5,5382.0,5.0,50.0,limit_touch,take_profit_gap_open
2022-07-12,2022-07-12 10:33:00,2022-07-12 10:38:00,2022-07-12 10:39:00,long,5444.0,5448.0,5435.0,5448.0,4.0,40.0,limit_touch,take_profit
2022-07-13,2022-07-13 10:43:00,2022-07-13 10:56:00,2022-07-13 10:58:00,short,5439.5,5434.0,5451.0,5434.0,5.5,55.0,limit_touch,take_profit
2022-07-13,2022-07-13 14:14:00,2022-07-13 15:00:00,2022-07-13 15:08:00,short,5415.5,5427.0,5427.0,5410.0,-11.5,-115.0,limit_touch,stop_loss
2022-07-14,2022-07-14 10:45:00,2022-07-14 10:50:00,2022-07-14 11:01:00,long,5502.0,5508.0,5489.0,5508.0,6.0,60.0,limit_touch,take_profit
2022-07-14,2022-07-14 11:53:00,2022-07-14 11:59:00,2022-07-14 12:00:00,short,5474.0,5467.5,5488.0,5467.5,6.5,65.0,limit_touch,take_profit
2022-07-14,2022-07-14 12:05:00,2022-07-14 12:13:00,2022-07-14 12:17:00,short,5467.5,5461.0,5481.5,5461.0,6.5,65.0,limit_touch,take_profit
2022-07-14,2022-07-14 12:43:00,2022-07-14 13:01:00,2022-07-14 13:47:00,short,5458.0,5472.5,5472.5,5451.0,-14.5,-145.0,limit_touch,stop_loss
2022-07-15,2022-07-15 10:00:00,2022-07-15 10:00:00,2022-07-15 10:00:00,short,5431.0,5426.0,5441.5,5426.0,5.0,50.0,limit_touch,take_profit
2022-07-15,2022-07-15 10:42:00,2022-07-15 10:45:00,2022-07-15 10:46:00,long,5455.0,5460.5,5443.0,5460.5,5.5,55.0,limit_touch,take_profit
2022-07-15,2022-07-15 10:54:00,2022-07-15 11:00:00,2022-07-15 11:07:00,long,5458.5,5446.5,5446.5,5464.0,-12.0,-120.0,limit_touch,stop_loss
2022-07-15,2022-07-15 12:09:00,2022-07-15 13:15:00,2022-07-15 14:22:00,short,5415.5,5428.5,5428.5,5409.5,-13.0,-130.0,limit_touch,stop_loss
2022-07-18,2022-07-18 10:11:00,2022-07-18 10:14:00,2022-07-18 10:25:00,long,5405.5,5396.0,5396.0,5410.0,-9.5,-95.0,limit_touch,stop_loss
2022-07-18,2022-07-18 10:43:00,2022-07-18 10:45:00,2022-07-18 10:57:00,short,5388.5,5384.0,5398.5,5384.0,4.5,45.0,limit_touch,take_profit
2022-07-18,2022-07-18 11:19:00,2022-07-18 11:21:00,2022-07-18 11:39:00,short,5383.5,5379.0,5393.5,5379.0,4.5,45.0,limit_touch,take_profit
2022-07-18,2022-07-18 11:44:00,2022-07-18 12:02:00,2022-07-18 12:05:00,short,5382.0,5377.5,5392.5,5377.5,4.5,45.0,limit_touch,take_profit
2022-07-19,2022-07-19 10:00:00,2022-07-19 10:03:00,2022-07-19 10:07:00,short,5415.0,5410.5,5425.0,5410.5,4.5,45.0,limit_touch,take_profit
2022-07-19,2022-07-19 10:14:00,2022-07-19 10:24:00,2022-07-19 10:27:00,short,5409.0,5404.0,5419.5,5404.0,5.0,50.0,limit_touch,take_profit
2022-07-19,2022-07-19 10:40:00,2022-07-19 10:53:00,2022-07-19 11:05:00,short,5405.0,5416.0,5416.0,5400.0,-11.0,-110.0,limit_touch,stop_loss
2022-07-19,2022-07-19 13:50:00,2022-07-19 14:54:00,2022-07-19 15:28:00,short,5399.5,5410.5,5410.5,5394.5,-11.0,-110.0,limit_touch,stop_loss
2022-07-20,2022-07-20 10:00:00,2022-07-20 10:00:00,2022-07-20 10:00:00,short,5438.0,5433.5,5448.0,5433.5,4.5,45.0,limit_touch,take_profit
2022-07-20,2022-07-20 10:22:00,2022-07-20 10:25:00,2022-07-20 10:30:00,short,5420.0,5415.0,5431.0,5415.0,5.0,50.0,limit_touch,take_profit
2022-07-21,2022-07-21 10:27:00,2022-07-21 10:34:00,2022-07-21 10:35:00,long,5484.5,5490.0,5473.0,5490.0,5.5,55.0,limit_touch,take_profit
2022-07-21,2022-07-21 11:28:00,2022-07-21 12:05:00,2022-07-21 12:07:00,long,5491.5,5497.0,5479.5,5497.0,5.5,55.0,limit_touch,take_profit
2022-07-22,2022-07-22 10:08:00,2022-07-22 10:11:00,2022-07-22 10:13:00,short,5470.5,5466.0,5480.0,5466.0,4.5,45.0,limit_touch,take_profit
2022-07-22,2022-07-22 10:19:00,2022-07-22 10:23:00,2022-07-22 10:25:00,short,5467.5,5463.0,5477.0,5463.0,4.5,45.0,limit_touch,take_profit
2022-07-22,2022-07-22 10:45:00,2022-07-22 10:59:00,2022-07-22 11:03:00,short,5460.5,5456.0,5470.0,5456.0,4.5,45.0,limit_touch,take_profit
2022-07-22,2022-07-22 11:18:00,2022-07-22 11:25:00,2022-07-22 11:35:00,short,5459.0,5454.5,5469.0,5454.5,4.5,45.0,limit_touch,take_profit
2022-07-25,2022-07-25 10:12:00,2022-07-25 10:19:00,2022-07-25 10:22:00,short,5448.0,5444.0,5456.5,5444.0,4.0,40.0,better_open,take_profit
2022-07-25,2022-07-25 11:13:00,2022-07-25 11:47:00,2022-07-25 11:50:00,short,5426.5,5422.0,5436.0,5422.0,4.5,45.0,limit_touch,take_profit
2022-07-26,2022-07-26 10:40:00,2022-07-26 11:01:00,2022-07-26 11:03:00,short,5355.5,5350.0,5367.0,5350.0,5.5,55.0,limit_touch,take_profit
2022-07-27,2022-07-27 10:24:00,2022-07-27 10:29:00,2022-07-27 10:30:00,short,5325.0,5320.0,5335.5,5320.0,5.0,50.0,limit_touch,take_profit
2022-07-27,2022-07-27 10:35:00,2022-07-27 10:39:00,2022-07-27 10:44:00,short,5323.5,5318.5,5334.0,5318.5,5.0,50.0,limit_touch,take_profit
2022-07-27,2022-07-27 11:04:00,2022-07-27 11:07:00,2022-07-27 11:22:00,short,5316.5,5327.0,5327.0,5311.5,-10.5,-105.0,limit_touch,stop_loss
2022-07-27,2022-07-27 12:59:00,2022-07-27 13:28:00,2022-07-27 13:42:00,short,5311.0,5306.0,5321.5,5306.0,5.0,50.0,limit_touch,take_profit
2022-07-28,2022-07-28 10:36:00,2022-07-28 10:52:00,2022-07-28 11:11:00,short,5202.5,5214.5,5214.5,5197.0,-12.0,-120.0,limit_touch,stop_loss
2022-07-29,2022-07-29 10:03:00,2022-07-29 10:06:00,2022-07-29 10:06:00,long,5229.5,5235.5,5216.5,5235.5,6.0,60.0,limit_touch,take_profit
2022-07-29,2022-07-29 10:12:00,2022-07-29 10:13:00,2022-07-29 10:14:00,long,5237.5,5243.5,5224.0,5243.5,6.0,60.0,limit_touch,take_profit
2022-07-29,2022-07-29 10:17:00,2022-07-29 10:24:00,2022-07-29 10:33:00,long,5244.0,5250.0,5230.5,5250.0,6.0,60.0,limit_touch,take_profit
2022-08-01,2022-08-01 10:06:00,2022-08-01 10:09:00,2022-08-01 10:11:00,long,5221.0,5226.5,5209.5,5226.5,5.5,55.0,limit_touch,take_profit
2022-08-01,2022-08-01 10:33:00,2022-08-01 10:52:00,2022-08-01 11:00:00,long,5225.5,5231.0,5214.0,5231.0,5.5,55.0,limit_touch,take_profit
2022-08-02,2022-08-02 10:11:00,2022-08-02 10:13:00,2022-08-02 10:15:00,short,5243.0,5238.0,5254.0,5238.0,5.0,50.0,limit_touch,take_profit
2022-08-02,2022-08-02 10:44:00,2022-08-02 10:45:00,2022-08-02 10:48:00,long,5268.0,5273.5,5256.0,5273.5,5.5,55.0,limit_touch,take_profit
2022-08-02,2022-08-02 10:50:00,2022-08-02 10:58:00,2022-08-02 10:59:00,long,5270.5,5276.0,5258.5,5276.0,5.5,55.0,limit_touch,take_profit
2022-08-02,2022-08-02 11:10:00,2022-08-02 11:16:00,2022-08-02 11:16:00,long,5278.5,5284.0,5266.5,5284.0,5.5,55.0,limit_touch,take_profit
2022-08-03,2022-08-03 10:32:00,2022-08-03 10:38:00,2022-08-03 10:40:00,long,5321.0,5325.5,5311.5,5325.5,4.5,45.0,limit_touch,take_profit
2022-08-03,2022-08-03 11:36:00,2022-08-03 12:02:00,2022-08-03 12:03:00,long,5340.5,5345.5,5330.0,5345.5,5.0,50.0,limit_touch,take_profit
2022-08-04,2022-08-04 10:15:00,2022-08-04 10:20:00,2022-08-04 10:22:00,short,5299.0,5294.5,5308.5,5294.5,4.5,45.0,limit_touch,take_profit
2022-08-04,2022-08-04 10:48:00,2022-08-04 11:04:00,2022-08-04 11:04:00,short,5289.5,5285.0,5299.0,5285.0,4.5,45.0,limit_touch,take_profit
2022-08-05,2022-08-05 11:47:00,2022-08-05 12:25:00,2022-08-05 12:55:00,short,5246.5,5240.5,5259.5,5240.5,6.0,60.0,limit_touch,take_profit
2022-08-08,2022-08-08 10:33:00,2022-08-08 10:55:00,2022-08-08 11:08:00,short,5151.0,5161.0,5161.0,5146.5,-10.0,-100.0,limit_touch,stop_loss
2022-08-09,2022-08-09 10:08:00,2022-08-09 10:09:00,2022-08-09 10:11:00,short,5135.5,5131.5,5144.0,5131.5,4.0,40.0,limit_touch,take_profit
2022-08-09,2022-08-09 11:40:00,2022-08-09 11:50:00,2022-08-09 11:51:00,long,5168.5,5173.0,5159.0,5173.0,4.5,45.0,limit_touch,take_profit
2022-08-11,2022-08-11 10:17:00,2022-08-11 10:23:00,2022-08-11 10:23:00,long,5115.0,5120.0,5104.0,5120.0,5.0,50.0,limit_touch,take_profit
2022-08-11,2022-08-11 10:24:00,2022-08-11 10:25:00,2022-08-11 10:27:00,long,5115.5,5120.5,5104.5,5120.5,5.0,50.0,limit_touch,take_profit
2022-08-11,2022-08-11 11:08:00,2022-08-11 11:08:00,2022-08-11 11:14:00,long,5116.5,5122.0,5105.0,5122.0,5.5,55.0,limit_touch,take_profit
2022-08-11,2022-08-11 12:21:00,2022-08-11 13:19:00,2022-08-11 13:33:00,long,5164.5,5170.0,5152.0,5170.0,5.5,55.0,limit_touch,take_profit
2022-08-12,2022-08-12 10:48:00,2022-08-12 11:00:00,2022-08-12 11:08:00,short,5145.0,5141.0,5154.0,5141.0,4.0,40.0,limit_touch,take_profit
2022-08-15,2022-08-15 10:05:00,2022-08-15 10:09:00,2022-08-15 10:14:00,short,5135.0,5130.0,5145.5,5130.0,5.0,50.0,limit_touch,take_profit
2022-08-15,2022-08-15 11:11:00,2022-08-15 11:12:00,2022-08-15 11:31:00,short,5133.0,5128.0,5143.5,5128.0,5.0,50.0,limit_touch,take_profit
2022-08-15,2022-08-15 11:50:00,2022-08-15 11:56:00,2022-08-15 11:58:00,short,5125.5,5120.5,5136.0,5120.5,5.0,50.0,limit_touch,take_profit
2022-08-15,2022-08-15 13:07:00,2022-08-15 14:14:00,2022-08-15 14:45:00,short,5116.5,5126.0,5126.0,5112.0,-9.5,-95.0,limit_touch,stop_loss
2022-08-16,2022-08-16 11:21:00,2022-08-16 11:29:00,2022-08-16 11:38:00,long,5163.0,5167.5,5153.0,5167.5,4.5,45.0,limit_touch,take_profit
2022-08-16,2022-08-16 11:57:00,2022-08-16 12:07:00,2022-08-16 12:11:00,long,5165.5,5170.0,5155.5,5170.0,4.5,45.0,limit_touch,take_profit_gap_open
2022-08-16,2022-08-16 14:00:00,2022-08-16 14:09:00,2022-08-16 14:10:00,long,5166.5,5170.5,5158.5,5170.5,4.0,40.0,limit_touch,take_profit
2022-08-16,2022-08-16 14:22:00,2022-08-16 14:48:00,2022-08-16 14:52:00,long,5167.5,5159.0,5159.0,5171.5,-8.5,-85.0,limit_touch,stop_loss
2022-08-17,2022-08-17 11:07:00,2022-08-17 11:12:00,2022-08-17 11:24:00,short,5200.0,5195.5,5210.5,5195.5,4.5,45.0,limit_touch,take_profit
2022-08-17,2022-08-17 12:31:00,2022-08-17 12:44:00,2022-08-17 12:49:00,short,5193.0,5188.5,5202.5,5188.5,4.5,45.0,limit_touch,take_profit
2022-08-18,2022-08-18 10:52:00,2022-08-18 11:45:00,2022-08-18 12:14:00,long,5201.0,5190.0,5190.0,5206.0,-11.0,-110.0,limit_touch,stop_loss
2022-08-19,2022-08-19 11:51:00,2022-08-19 12:00:00,2022-08-19 12:04:00,long,5224.5,5229.5,5214.0,5229.5,5.0,50.0,limit_touch,take_profit
2022-08-22,2022-08-22 10:00:00,2022-08-22 10:01:00,2022-08-22 10:06:00,short,5189.0,5185.0,5197.5,5185.0,4.0,40.0,limit_touch,take_profit
2022-08-22,2022-08-22 10:07:00,2022-08-22 10:09:00,2022-08-22 10:13:00,short,5185.5,5194.5,5194.5,5181.5,-9.0,-90.0,limit_touch,stop_loss
2022-08-22,2022-08-22 10:40:00,2022-08-22 10:44:00,2022-08-22 10:49:00,long,5202.0,5206.5,5192.0,5206.5,4.5,45.0,limit_touch,take_profit
2022-08-22,2022-08-22 11:30:00,2022-08-22 11:36:00,2022-08-22 11:52:00,long,5209.0,5213.5,5199.0,5213.5,4.5,45.0,limit_touch,take_profit
2022-08-22,2022-08-22 13:53:00,2022-08-22 14:24:00,2022-08-22 15:05:00,short,5179.0,5174.5,5189.0,5174.5,4.5,45.0,limit_touch,take_profit
2022-08-23,2022-08-23 10:40:00,2022-08-23 10:44:00,2022-08-23 10:45:00,short,5139.5,5135.0,5149.0,5135.0,4.5,45.0,limit_touch,take_profit
2022-08-23,2022-08-23 11:11:00,2022-08-23 11:45:00,2022-08-23 11:50:00,short,5111.5,5106.5,5122.0,5106.5,5.0,50.0,limit_touch,take_profit
2022-08-23,2022-08-23 12:17:00,2022-08-23 14:17:00,2022-08-23 14:45:00,short,5104.0,5099.5,5114.0,5099.5,4.5,45.0,limit_touch,take_profit
2022-08-24,2022-08-24 10:14:00,2022-08-24 10:21:00,2022-08-24 10:28:00,long,5120.5,5124.5,5111.5,5124.5,4.0,40.0,limit_touch,take_profit
2022-08-24,2022-08-24 10:34:00,2022-08-24 10:45:00,2022-08-24 10:48:00,long,5123.5,5127.5,5114.5,5127.5,4.0,40.0,limit_touch,take_profit
2022-08-25,2022-08-25 10:19:00,2022-08-25 10:44:00,2022-08-25 10:58:00,long,5138.0,5129.5,5129.5,5142.0,-8.5,-85.0,limit_touch,stop_loss
2022-08-26,2022-08-26 10:09:00,2022-08-26 10:18:00,2022-08-26 10:23:00,short,5086.5,5082.5,5095.5,5082.5,4.0,40.0,limit_touch,take_profit
2022-08-26,2022-08-26 11:11:00,2022-08-26 11:13:00,2022-08-26 11:14:00,short,5081.0,5076.0,5092.0,5076.0,5.0,50.0,limit_touch,take_profit
2022-08-29,2022-08-29 11:07:00,2022-08-29 11:13:00,2022-08-29 11:16:00,short,5063.0,5058.0,5074.0,5058.0,5.0,50.0,limit_touch,take_profit
2022-08-29,2022-08-29 11:32:00,2022-08-29 11:41:00,2022-08-29 11:51:00,short,5056.5,5051.5,5067.5,5051.5,5.0,50.0,limit_touch,take_profit
2022-08-30,2022-08-30 11:46:00,2022-08-30 12:00:00,2022-08-30 12:00:00,long,5063.0,5067.5,5053.5,5067.5,4.5,45.0,limit_touch,take_profit
2022-08-31,2022-08-31 10:35:00,2022-08-31 10:45:00,2022-08-31 10:47:00,long,5221.0,5208.5,5208.5,5226.5,-12.5,-125.0,limit_touch,stop_loss
2022-08-31,2022-08-31 11:09:00,2022-08-31 11:21:00,2022-08-31 11:40:00,long,5224.0,5210.5,5210.5,5230.0,-13.5,-135.0,limit_touch,stop_loss
2022-09-01,2022-09-01 10:13:00,2022-09-01 10:31:00,2022-09-01 10:41:00,short,5205.0,5199.0,5218.5,5199.0,6.0,60.0,limit_touch,take_profit
2022-09-01,2022-09-01 11:46:00,2022-09-01 12:05:00,2022-09-01 12:11:00,long,5246.0,5252.5,5232.0,5252.5,6.5,65.0,limit_touch,take_profit
2022-09-02,2022-09-02 13:06:00,2022-09-02 13:32:00,2022-09-02 13:37:00,short,5219.5,5232.0,5232.0,5214.0,-12.5,-125.0,limit_touch,stop_loss
2022-09-05,2022-09-05 12:56:00,2022-09-05 13:20:00,2022-09-05 13:27:00,short,5201.0,5196.0,5211.5,5196.0,5.0,50.0,limit_touch,take_profit
2022-09-05,2022-09-05 14:07:00,2022-09-05 14:42:00,2022-09-05 14:50:00,short,5196.0,5191.5,5205.5,5191.5,4.5,45.0,limit_touch,take_profit
2022-09-06,2022-09-06 10:03:00,2022-09-06 10:16:00,2022-09-06 10:19:00,long,5229.5,5233.0,5221.5,5233.0,3.5,35.0,limit_touch,take_profit
2022-09-06,2022-09-06 11:02:00,2022-09-06 11:26:00,2022-09-06 11:30:00,long,5256.0,5260.0,5247.0,5260.0,4.0,40.0,limit_touch,take_profit
2022-09-08,2022-09-08 10:04:00,2022-09-08 10:09:00,2022-09-08 10:11:00,long,5244.5,5249.5,5234.0,5249.5,5.0,50.0,limit_touch,take_profit
2022-09-08,2022-09-08 10:22:00,2022-09-08 10:26:00,2022-09-08 10:30:00,long,5253.5,5258.5,5242.5,5258.5,5.0,50.0,limit_touch,take_profit
2022-09-08,2022-09-08 14:32:00,2022-09-08 14:53:00,2022-09-08 14:56:00,long,5255.5,5260.5,5244.5,5260.5,5.0,50.0,limit_touch,take_profit
2022-09-09,2022-09-09 10:07:00,2022-09-09 10:09:00,2022-09-09 10:20:00,short,5208.5,5219.0,5219.0,5203.5,-10.5,-105.0,limit_touch,stop_loss
2022-09-09,2022-09-09 10:29:00,2022-09-09 10:32:00,2022-09-09 10:46:00,long,5225.5,5214.5,5214.5,5230.5,-11.0,-110.0,limit_touch,stop_loss
2022-09-09,2022-09-09 11:03:00,2022-09-09 11:13:00,2022-09-09 11:15:00,short,5205.5,5200.5,5216.5,5200.5,5.0,50.0,limit_touch,take_profit
2022-09-09,2022-09-09 11:42:00,2022-09-09 12:21:00,2022-09-09 12:27:00,short,5187.0,5181.5,5198.5,5181.5,5.5,55.0,limit_touch,take_profit
2022-09-12,2022-09-12 10:45:00,2022-09-12 10:47:00,2022-09-12 10:47:00,long,5159.0,5163.0,5150.5,5163.0,4.0,40.0,limit_touch,take_profit
2022-09-12,2022-09-12 12:55:00,2022-09-12 13:03:00,2022-09-12 13:18:00,short,5141.0,5137.0,5149.5,5137.0,4.0,40.0,limit_touch,take_profit
2022-09-13,2022-09-13 10:06:00,2022-09-13 10:44:00,2022-09-13 10:50:00,long,5201.0,5188.5,5188.5,5206.5,-12.5,-125.0,limit_touch,stop_loss
2022-09-14,2022-09-14 10:24:00,2022-09-14 10:28:00,2022-09-14 10:34:00,long,5210.0,5215.0,5199.0,5215.0,5.0,50.0,limit_touch,take_profit
2022-09-15,2022-09-15 10:04:00,2022-09-15 10:08:00,2022-09-15 10:17:00,long,5223.5,5227.5,5214.5,5227.5,4.0,40.0,limit_touch,take_profit
2022-09-15,2022-09-15 10:31:00,2022-09-15 10:40:00,2022-09-15 10:46:00,long,5231.0,5235.5,5221.5,5235.5,4.5,45.0,limit_touch,take_profit
2022-09-15,2022-09-15 13:26:00,2022-09-15 14:08:00,2022-09-15 14:10:00,long,5247.5,5251.5,5238.5,5251.5,4.0,40.0,limit_touch,take_profit
2022-09-16,2022-09-16 10:15:00,2022-09-16 10:26:00,2022-09-16 10:31:00,long,5302.5,5306.0,5295.0,5306.0,3.5,35.0,limit_touch,take_profit
2022-09-16,2022-09-16 10:59:00,2022-09-16 11:06:00,2022-09-16 11:08:00,long,5313.5,5305.0,5305.0,5317.5,-8.5,-85.0,limit_touch,stop_loss
2022-09-19,2022-09-19 10:10:00,2022-09-19 10:15:00,2022-09-19 10:17:00,short,5296.5,5292.0,5305.5,5292.0,4.5,45.0,limit_touch,take_profit
2022-09-19,2022-09-19 10:55:00,2022-09-19 11:00:00,2022-09-19 11:02:00,short,5293.0,5288.5,5302.5,5288.5,4.5,45.0,limit_touch,take_profit
2022-09-19,2022-09-19 11:13:00,2022-09-19 11:19:00,2022-09-19 11:26:00,short,5286.5,5282.0,5296.5,5282.0,4.5,45.0,limit_touch,take_profit
2022-09-20,2022-09-20 10:03:00,2022-09-20 10:06:00,2022-09-20 10:09:00,short,5206.0,5200.5,5217.5,5200.5,5.5,55.0,limit_touch,take_profit
2022-09-20,2022-09-20 10:12:00,2022-09-20 10:12:00,2022-09-20 10:14:00,short,5197.5,5192.0,5209.5,5192.0,5.5,55.0,limit_touch,take_profit
2022-09-20,2022-09-20 13:03:00,2022-09-20 13:27:00,2022-09-20 13:55:00,short,5175.0,5169.5,5187.0,5169.5,5.5,55.0,limit_touch,take_profit
2022-09-21,2022-09-21 10:33:00,2022-09-21 10:34:00,2022-09-21 10:37:00,long,5165.0,5170.5,5153.5,5170.5,5.5,55.0,limit_touch,take_profit
2022-09-21,2022-09-21 14:37:00,2022-09-21 14:57:00,2022-09-21 14:58:00,long,5183.0,5187.0,5174.5,5187.0,4.0,40.0,limit_touch,take_profit
2022-09-22,2022-09-22 12:24:00,2022-09-22 12:51:00,2022-09-22 12:58:00,long,5180.0,5185.5,5168.0,5185.5,5.5,55.0,limit_touch,take_profit
2022-09-23,2022-09-23 13:30:00,2022-09-23 13:53:00,2022-09-23 13:55:00,long,5240.5,5245.0,5231.0,5245.0,4.5,45.0,limit_touch,take_profit
2022-09-27,2022-09-27 10:27:00,2022-09-27 10:34:00,2022-09-27 10:36:00,long,5341.0,5347.5,5327.5,5347.5,6.5,65.0,limit_touch,take_profit
2022-09-27,2022-09-27 11:03:00,2022-09-27 11:22:00,2022-09-27 11:28:00,long,5366.0,5372.5,5351.5,5372.5,6.5,65.0,limit_touch,take_profit
2022-09-27,2022-09-27 14:41:00,2022-09-27 14:58:00,2022-09-27 15:15:00,long,5369.5,5375.5,5357.0,5375.5,6.0,60.0,limit_touch,take_profit_gap_open
2022-09-28,2022-09-28 10:07:00,2022-09-28 10:10:00,2022-09-28 10:15:00,short,5373.5,5367.5,5386.0,5367.5,6.0,60.0,limit_touch,take_profit
2022-09-28,2022-09-28 10:51:00,2022-09-28 11:52:00,2022-09-28 12:03:00,short,5362.0,5356.0,5374.5,5356.0,6.0,60.0,limit_touch,take_profit
2022-09-29,2022-09-29 10:07:00,2022-09-29 10:13:00,2022-09-29 10:21:00,short,5388.0,5401.0,5401.0,5382.0,-13.0,-130.0,limit_touch,stop_loss
2022-09-29,2022-09-29 11:16:00,2022-09-29 11:21:00,2022-09-29 11:22:00,long,5418.0,5424.0,5405.0,5424.0,6.0,60.0,limit_touch,take_profit
2022-09-30,2022-09-30 10:29:00,2022-09-30 10:31:00,2022-09-30 10:33:00,long,5445.5,5451.0,5434.0,5451.0,5.5,55.0,limit_touch,take_profit
2022-09-30,2022-09-30 10:38:00,2022-09-30 10:52:00,2022-09-30 10:56:00,long,5448.0,5436.5,5436.5,5453.5,-11.5,-115.0,limit_touch,stop_loss
2022-09-30,2022-09-30 13:21:00,2022-09-30 13:27:00,2022-09-30 14:11:00,long,5453.0,5440.0,5440.0,5459.0,-13.0,-130.0,limit_touch,stop_loss
2022-09-30,2022-09-30 14:30:00,2022-09-30 14:30:00,2022-09-30 14:30:00,short,5413.0,5407.0,5426.0,5407.0,6.0,60.0,limit_touch,take_profit
2022-09-30,2022-09-30 14:35:00,2022-09-30 14:58:00,2022-09-30 15:04:00,short,5391.5,5405.5,5405.5,5385.0,-14.0,-140.0,limit_touch,stop_loss
2022-10-03,2022-10-03 10:18:00,2022-10-03 10:30:00,2022-10-03 10:43:00,short,5281.0,5272.5,5299.0,5272.5,8.5,85.0,limit_touch,take_profit
2022-10-04,2022-10-04 10:57:00,2022-10-04 11:00:00,2022-10-04 11:04:00,long,5191.0,5177.5,5177.5,5197.0,-13.5,-135.0,limit_touch,stop_loss
2022-10-04,2022-10-04 14:22:00,2022-10-04 14:48:00,2022-10-04 15:23:00,long,5226.5,5212.5,5212.5,5233.0,-14.0,-140.0,limit_touch,stop_loss
2022-10-05,2022-10-05 11:25:00,2022-10-05 11:38:00,2022-10-05 11:52:00,long,5259.0,5266.0,5244.0,5266.0,7.0,70.0,limit_touch,take_profit
2022-10-06,2022-10-06 10:26:00,2022-10-06 10:31:00,2022-10-06 10:36:00,long,5232.5,5219.5,5219.5,5238.5,-13.0,-130.0,limit_touch,stop_loss
2022-10-06,2022-10-06 11:09:00,2022-10-06 11:14:00,2022-10-06 11:21:00,long,5235.0,5221.5,5221.5,5241.5,-13.5,-135.0,limit_touch,stop_loss
2022-10-07,2022-10-07 11:23:00,2022-10-07 11:31:00,2022-10-07 11:42:00,short,5233.0,5245.5,5245.5,5227.5,-12.5,-125.0,limit_touch,stop_loss
2022-10-10,2022-10-10 12:04:00,2022-10-10 12:24:00,2022-10-10 12:50:00,long,5228.0,5217.0,5217.0,5233.0,-11.0,-110.0,limit_touch,stop_loss
2022-10-11,2022-10-11 11:08:00,2022-10-11 11:18:00,2022-10-11 11:19:00,long,5239.0,5243.5,5229.5,5243.5,4.5,45.0,limit_touch,take_profit
2022-10-14,2022-10-14 10:05:00,2022-10-14 10:11:00,2022-10-14 10:16:00,short,5273.5,5288.0,5288.0,5267.0,-14.5,-145.0,limit_touch,stop_loss
2022-10-17,2022-10-17 10:15:00,2022-10-17 10:19:00,2022-10-17 10:26:00,short,5287.5,5282.5,5298.5,5282.5,5.0,50.0,limit_touch,take_profit
2022-10-17,2022-10-17 10:41:00,2022-10-17 10:43:00,2022-10-17 10:56:00,short,5281.5,5293.0,5293.0,5276.0,-11.5,-115.0,limit_touch,stop_loss
2022-10-18,2022-10-18 10:39:00,2022-10-18 10:40:00,2022-10-18 10:54:00,short,5264.5,5274.5,5274.5,5260.0,-10.0,-100.0,limit_touch,stop_loss
2022-10-18,2022-10-18 11:27:00,2022-10-18 11:34:00,2022-10-18 11:39:00,long,5291.5,5296.5,5281.0,5296.5,5.0,50.0,limit_touch,take_profit
2022-10-18,2022-10-18 12:24:00,2022-10-18 12:46:00,2022-10-18 12:48:00,long,5297.5,5302.5,5286.5,5302.5,5.0,50.0,limit_touch,take_profit
2022-10-19,2022-10-19 10:39:00,2022-10-19 10:40:00,2022-10-19 10:45:00,short,5287.5,5299.0,5299.0,5282.0,-11.5,-115.0,limit_touch,stop_loss
2022-10-19,2022-10-19 11:25:00,2022-10-19 11:33:00,2022-10-19 11:40:00,short,5278.0,5272.5,5289.5,5272.5,5.5,55.0,limit_touch,take_profit
2022-10-20,2022-10-20 11:23:00,2022-10-20 11:35:00,2022-10-20 11:40:00,short,5232.5,5227.0,5244.5,5227.0,5.5,55.0,limit_touch,take_profit
2022-10-20,2022-10-20 11:55:00,2022-10-20 12:21:00,2022-10-20 12:38:00,short,5220.5,5215.0,5232.5,5215.0,5.5,55.0,limit_touch,take_profit
2022-10-21,2022-10-21 10:02:00,2022-10-21 10:02:00,2022-10-21 10:02:00,short,5248.5,5243.5,5259.0,5243.5,5.0,50.0,limit_touch,take_profit
2022-10-21,2022-10-21 10:03:00,2022-10-21 10:03:00,2022-10-21 10:04:00,short,5248.0,5243.0,5258.5,5243.0,5.0,50.0,limit_touch,take_profit
2022-10-21,2022-10-21 10:09:00,2022-10-21 10:11:00,2022-10-21 10:13:00,short,5240.0,5251.0,5251.0,5235.0,-11.0,-110.0,limit_touch,stop_loss
2022-10-21,2022-10-21 11:09:00,2022-10-21 11:24:00,2022-10-21 11:34:00,short,5207.0,5219.5,5219.5,5201.0,-12.5,-125.0,limit_touch,stop_loss
2022-10-24,2022-10-24 11:23:00,2022-10-24 12:11:00,2022-10-24 12:25:00,long,5284.0,5269.5,5269.5,5290.5,-14.5,-145.0,limit_touch,stop_loss
2022-10-25,2022-10-25 10:04:00,2022-10-25 10:19:00,2022-10-25 10:30:00,long,5345.5,5334.0,5334.0,5350.5,-11.5,-115.0,limit_touch,stop_loss
2022-10-25,2022-10-25 13:21:00,2022-10-25 13:42:00,2022-10-25 14:15:00,short,5301.5,5313.5,5313.5,5296.0,-12.0,-120.0,limit_touch,stop_loss
2022-10-26,2022-10-26 10:22:00,2022-10-26 10:32:00,2022-10-26 10:37:00,long,5325.5,5314.0,5314.0,5330.5,-11.5,-115.0,limit_touch,stop_loss
2022-10-26,2022-10-26 11:35:00,2022-10-26 12:00:00,2022-10-26 12:11:00,long,5327.5,5333.0,5315.5,5333.0,5.5,55.0,limit_touch,take_profit
2022-10-28,2022-10-28 11:00:00,2022-10-28 11:00:00,2022-10-28 11:00:00,short,5340.5,5333.0,5356.5,5333.0,7.5,75.0,limit_touch,take_profit
2022-10-28,2022-10-28 14:11:00,2022-10-28 14:21:00,2022-10-28 14:23:00,short,5333.0,5326.0,5347.5,5326.0,7.0,70.0,limit_touch,take_profit
2022-10-31,2022-10-31 10:17:00,2022-10-31 10:28:00,2022-10-31 10:34:00,short,5364.5,5356.0,5382.5,5356.0,8.5,85.0,limit_touch,take_profit
2022-10-31,2022-10-31 11:27:00,2022-10-31 12:31:00,2022-10-31 12:36:00,short,5289.5,5280.0,5310.5,5280.0,9.5,95.0,limit_touch,take_profit
2022-11-01,2022-11-01 11:42:00,2022-11-01 11:57:00,2022-11-01 12:03:00,short,5176.5,5167.5,5195.5,5167.5,9.0,90.0,limit_touch,take_profit
2022-11-01,2022-11-01 13:06:00,2022-11-01 13:15:00,2022-11-01 13:44:00,short,5148.5,5140.0,5167.0,5140.0,8.5,85.0,limit_touch,take_profit
2022-11-03,2022-11-03 12:48:00,2022-11-03 14:59:00,2022-11-03 15:16:00,short,5150.0,5140.5,5171.0,5140.5,9.5,95.0,better_open,take_profit
2022-11-04,2022-11-04 10:17:00,2022-11-04 10:44:00,2022-11-04 10:55:00,short,5076.0,5068.5,5092.0,5068.5,7.5,75.0,limit_touch,take_profit
2022-11-04,2022-11-04 11:06:00,2022-11-04 11:35:00,2022-11-04 11:37:00,short,5074.5,5067.0,5091.0,5067.0,7.5,75.0,limit_touch,take_profit
2022-11-04,2022-11-04 12:01:00,2022-11-04 12:49:00,2022-11-04 13:09:00,short,5072.5,5065.5,5088.0,5065.5,7.0,70.0,limit_touch,take_profit
2022-11-07,2022-11-07 11:03:00,2022-11-07 11:08:00,2022-11-07 11:10:00,short,5086.0,5079.5,5099.5,5079.5,6.5,65.0,limit_touch,take_profit
2022-11-07,2022-11-07 11:59:00,2022-11-07 12:09:00,2022-11-07 12:21:00,long,5120.0,5127.0,5104.5,5127.0,7.0,70.0,limit_touch,take_profit
2022-11-08,2022-11-08 10:22:00,2022-11-08 10:25:00,2022-11-08 10:28:00,short,5210.5,5203.5,5225.5,5203.5,7.0,70.0,limit_touch,take_profit
2022-11-08,2022-11-08 13:50:00,2022-11-08 14:08:00,2022-11-08 14:23:00,short,5181.5,5175.5,5195.0,5175.5,6.0,60.0,limit_touch,take_profit
2022-11-09,2022-11-09 11:18:00,2022-11-09 11:21:00,2022-11-09 11:26:00,short,5182.5,5196.0,5196.0,5176.0,-13.5,-135.0,limit_touch,stop_loss
2022-11-09,2022-11-09 12:09:00,2022-11-09 12:09:00,2022-11-09 12:09:00,short,5177.5,5170.5,5192.5,5170.5,7.0,70.0,limit_touch,take_profit
2022-11-09,2022-11-09 12:11:00,2022-11-09 12:17:00,2022-11-09 12:33:00,short,5172.0,5187.0,5187.0,5165.0,-15.0,-150.0,limit_touch,stop_loss
2022-11-09,2022-11-09 13:44:00,2022-11-09 13:59:00,2022-11-09 14:02:00,short,5171.5,5165.0,5186.0,5165.0,6.5,65.0,limit_touch,take_profit
2022-11-10,2022-11-10 11:42:00,2022-11-10 11:52:00,2022-11-10 12:15:00,long,5351.5,5362.0,5329.5,5362.0,10.5,105.0,limit_touch,take_profit_gap_open
2022-11-11,2022-11-11 10:25:00,2022-11-11 10:27:00,2022-11-11 10:29:00,short,5326.5,5316.0,5349.0,5316.0,10.5,105.0,limit_touch,take_profit
2022-11-11,2022-11-11 12:29:00,2022-11-11 13:04:00,2022-11-11 13:09:00,short,5308.5,5331.0,5331.0,5298.0,-22.5,-225.0,limit_touch,stop_loss
2022-11-16,2022-11-16 10:05:00,2022-11-16 10:11:00,2022-11-16 10:21:00,short,5344.0,5336.5,5360.5,5336.5,7.5,75.0,limit_touch,take_profit
2022-11-16,2022-11-16 10:47:00,2022-11-16 10:50:00,2022-11-16 10:55:00,short,5339.0,5331.0,5356.0,5331.0,8.0,80.0,limit_touch,take_profit
2022-11-16,2022-11-16 11:20:00,2022-11-16 11:38:00,2022-11-16 11:51:00,short,5327.0,5344.0,5344.0,5319.0,-17.0,-170.0,limit_touch,stop_loss
2022-11-17,2022-11-17 11:50:00,2022-11-17 12:11:00,2022-11-17 12:25:00,short,5475.5,5467.0,5493.5,5467.0,8.5,85.0,limit_touch,take_profit
2022-11-18,2022-11-18 10:03:00,2022-11-18 10:11:00,2022-11-18 10:37:00,short,5360.0,5377.0,5377.0,5352.0,-17.0,-170.0,limit_touch,stop_loss
2022-11-21,2022-11-21 10:06:00,2022-11-21 10:49:00,2022-11-21 10:55:00,short,5332.5,5325.5,5348.0,5325.5,7.0,70.0,limit_touch,take_profit
2022-11-22,2022-11-22 10:06:00,2022-11-22 10:07:00,2022-11-22 10:08:00,long,5320.0,5326.0,5307.5,5326.0,6.0,60.0,limit_touch,take_profit
2022-11-22,2022-11-22 10:34:00,2022-11-22 10:41:00,2022-11-22 11:06:00,long,5337.0,5324.0,5324.0,5343.0,-13.0,-130.0,limit_touch,stop_loss
2022-11-22,2022-11-22 11:43:00,2022-11-22 11:53:00,2022-11-22 12:04:00,long,5355.5,5341.0,5341.0,5362.0,-14.5,-145.0,limit_touch,stop_loss
2022-11-23,2022-11-23 10:14:00,2022-11-23 10:16:00,2022-11-23 10:30:00,long,5390.0,5395.5,5378.0,5395.5,5.5,55.0,limit_touch,take_profit
2022-11-23,2022-11-23 10:44:00,2022-11-23 11:05:00,2022-11-23 11:12:00,long,5403.0,5409.0,5390.5,5409.0,6.0,60.0,limit_touch,take_profit
2022-11-24,2022-11-24 10:27:00,2022-11-24 10:32:00,2022-11-24 11:00:00,long,5335.0,5321.0,5321.0,5341.5,-14.0,-140.0,limit_touch,stop_loss
2022-11-24,2022-11-24 11:50:00,2022-11-24 11:52:00,2022-11-24 12:06:00,short,5316.0,5310.0,5329.0,5310.0,6.0,60.0,limit_touch,take_profit
2022-11-24,2022-11-24 14:46:00,2022-11-24 14:51:00,2022-11-24 14:59:00,long,5338.0,5327.0,5327.0,5343.0,-11.0,-110.0,limit_touch,stop_loss
2022-11-25,2022-11-25 10:22:00,2022-11-25 10:36:00,2022-11-25 10:39:00,long,5348.5,5353.5,5338.0,5353.5,5.0,50.0,limit_touch,take_profit
2022-11-25,2022-11-25 10:58:00,2022-11-25 11:05:00,2022-11-25 11:07:00,long,5355.0,5360.0,5344.5,5360.0,5.0,50.0,limit_touch,take_profit
2022-11-25,2022-11-25 12:20:00,2022-11-25 13:03:00,2022-11-25 13:16:00,long,5360.5,5365.5,5350.0,5365.5,5.0,50.0,limit_touch,take_profit
2022-11-25,2022-11-25 14:19:00,2022-11-25 14:25:00,2022-11-25 14:35:00,long,5393.0,5398.0,5382.0,5398.0,5.0,50.0,limit_touch,take_profit
2022-11-28,2022-11-28 10:00:00,2022-11-28 10:03:00,2022-11-28 10:04:00,short,5385.5,5380.0,5398.0,5380.0,5.5,55.0,limit_touch,take_profit
2022-11-29,2022-11-29 12:40:00,2022-11-29 12:44:00,2022-11-29 12:51:00,short,5304.5,5299.5,5315.0,5299.5,5.0,50.0,limit_touch,take_profit_gap_open
2022-11-29,2022-11-29 13:37:00,2022-11-29 13:56:00,2022-11-29 14:05:00,short,5294.0,5289.0,5304.5,5289.0,5.0,50.0,limit_touch,take_profit
2022-11-30,2022-11-30 10:09:00,2022-11-30 10:18:00,2022-11-30 10:22:00,long,5330.5,5335.5,5319.5,5335.5,5.0,50.0,limit_touch,take_profit
2022-12-01,2022-12-01 11:31:00,2022-12-01 11:33:00,2022-12-01 11:40:00,short,5214.0,5208.5,5226.0,5208.5,5.5,55.0,limit_touch,take_profit
2022-12-01,2022-12-01 11:50:00,2022-12-01 11:56:00,2022-12-01 11:59:00,short,5207.5,5202.0,5220.0,5202.0,5.5,55.0,limit_touch,take_profit
2022-12-02,2022-12-02 10:25:00,2022-12-02 10:29:00,2022-12-02 10:30:00,long,5218.0,5223.0,5207.5,5223.0,5.0,50.0,limit_touch,take_profit
2022-12-02,2022-12-02 10:35:00,2022-12-02 10:40:00,2022-12-02 10:53:00,long,5248.5,5236.5,5236.5,5254.0,-12.0,-120.0,limit_touch,stop_loss
2022-12-02,2022-12-02 12:56:00,2022-12-02 13:12:00,2022-12-02 13:15:00,long,5251.5,5258.0,5237.5,5258.0,6.5,65.0,limit_touch,take_profit
2022-12-05,2022-12-05 10:01:00,2022-12-05 10:05:00,2022-12-05 10:06:00,long,5268.0,5272.5,5258.5,5272.5,4.5,45.0,limit_touch,take_profit
2022-12-05,2022-12-05 12:00:00,2022-12-05 12:06:00,2022-12-05 12:09:00,long,5272.5,5277.0,5262.5,5277.0,4.5,45.0,limit_touch,take_profit
2022-12-05,2022-12-05 14:01:00,2022-12-05 14:24:00,2022-12-05 14:26:00,long,5278.5,5282.5,5269.5,5282.5,4.0,40.0,limit_touch,take_profit
2022-12-06,2022-12-06 10:06:00,2022-12-06 10:10:00,2022-12-06 10:15:00,short,5260.0,5268.5,5268.5,5256.0,-8.5,-85.0,limit_touch,stop_loss
2022-12-07,2022-12-07 10:09:00,2022-12-07 10:20:00,2022-12-07 10:25:00,short,5257.5,5253.0,5267.5,5253.0,4.5,45.0,limit_touch,take_profit
2022-12-07,2022-12-07 11:57:00,2022-12-07 12:10:00,2022-12-07 12:12:00,short,5252.0,5262.0,5262.0,5247.5,-10.0,-100.0,limit_touch,stop_loss
2022-12-08,2022-12-08 10:07:00,2022-12-08 10:20:00,2022-12-08 10:22:00,short,5247.5,5243.0,5257.0,5243.0,4.5,45.0,limit_touch,take_profit
2022-12-08,2022-12-08 10:39:00,2022-12-08 10:50:00,2022-12-08 10:51:00,short,5239.0,5234.5,5249.0,5234.5,4.5,45.0,limit_touch,take_profit
2022-12-08,2022-12-08 12:16:00,2022-12-08 12:40:00,2022-12-08 12:50:00,short,5233.5,5243.0,5243.0,5229.0,-9.5,-95.0,limit_touch,stop_loss
2022-12-08,2022-12-08 14:14:00,2022-12-08 14:22:00,2022-12-08 14:30:00,short,5231.5,5241.0,5241.0,5227.0,-9.5,-95.0,limit_touch,stop_loss
2022-12-09,2022-12-09 10:16:00,2022-12-09 10:19:00,2022-12-09 10:30:00,long,5270.5,5275.0,5261.0,5275.0,4.5,45.0,limit_touch,take_profit
2022-12-09,2022-12-09 10:58:00,2022-12-09 11:07:00,2022-12-09 11:11:00,long,5290.5,5279.5,5279.5,5295.5,-11.0,-110.0,limit_touch,stop_loss
2022-12-09,2022-12-09 12:43:00,2022-12-09 13:13:00,2022-12-09 13:15:00,short,5257.0,5252.0,5268.5,5252.0,5.0,50.0,limit_touch,take_profit
2022-12-12,2022-12-12 12:40:00,2022-12-12 14:07:00,2022-12-12 14:16:00,long,5343.0,5348.0,5332.5,5348.0,5.0,50.0,limit_touch,take_profit
2022-12-13,2022-12-13 10:02:00,2022-12-13 10:12:00,2022-12-13 10:29:00,short,5313.5,5308.5,5324.0,5308.5,5.0,50.0,limit_touch,take_profit
2022-12-13,2022-12-13 10:31:00,2022-12-13 10:34:00,2022-12-13 10:35:00,short,5284.0,5278.5,5296.0,5278.5,5.5,55.0,limit_touch,take_profit
2022-12-14,2022-12-14 12:52:00,2022-12-14 13:00:00,2022-12-14 13:30:00,short,5345.5,5339.5,5359.0,5339.5,6.0,60.0,limit_touch,take_profit
2022-12-14,2022-12-14 13:51:00,2022-12-14 14:14:00,2022-12-14 14:23:00,short,5330.5,5324.5,5343.5,5324.5,6.0,60.0,limit_touch,take_profit
2022-12-15,2022-12-15 11:15:00,2022-12-15 11:32:00,2022-12-15 11:54:00,long,5342.5,5327.5,5327.5,5349.5,-15.0,-150.0,limit_touch,stop_loss
2022-12-15,2022-12-15 12:33:00,2022-12-15 12:59:00,2022-12-15 13:09:00,long,5349.5,5356.0,5335.0,5356.0,6.5,65.0,limit_touch,take_profit
2022-12-15,2022-12-15 14:32:00,2022-12-15 14:37:00,2022-12-15 14:55:00,short,5315.5,5329.0,5329.0,5309.5,-13.5,-135.0,limit_touch,stop_loss
2022-12-16,2022-12-16 10:12:00,2022-12-16 10:22:00,2022-12-16 10:25:00,short,5316.0,5311.0,5327.0,5311.0,5.0,50.0,limit_touch,take_profit
2022-12-16,2022-12-16 10:28:00,2022-12-16 10:30:00,2022-12-16 10:32:00,short,5315.0,5310.0,5325.5,5310.0,5.0,50.0,limit_touch,take_profit
2022-12-16,2022-12-16 11:03:00,2022-12-16 11:17:00,2022-12-16 11:19:00,short,5302.0,5297.0,5312.5,5297.0,5.0,50.0,limit_touch,take_profit
2022-12-16,2022-12-16 13:19:00,2022-12-16 14:31:00,2022-12-16 14:33:00,short,5295.5,5291.0,5305.0,5291.0,4.5,45.0,limit_touch,take_profit
2022-12-19,2022-12-19 12:17:00,2022-12-19 12:17:00,2022-12-19 12:17:00,short,5327.5,5323.0,5337.0,5323.0,4.5,45.0,limit_touch,take_profit
2022-12-19,2022-12-19 12:21:00,2022-12-19 12:49:00,2022-12-19 12:56:00,short,5321.0,5316.5,5331.0,5316.5,4.5,45.0,limit_touch,take_profit
2022-12-20,2022-12-20 10:00:00,2022-12-20 10:01:00,2022-12-20 10:09:00,long,5327.0,5318.5,5318.5,5331.0,-8.5,-85.0,limit_touch,stop_loss
2022-12-20,2022-12-20 13:13:00,2022-12-20 14:06:00,2022-12-20 14:13:00,short,5222.5,5217.0,5234.5,5217.0,5.5,55.0,limit_touch,take_profit
2022-12-21,2022-12-21 10:05:00,2022-12-21 10:05:00,2022-12-21 10:05:00,short,5185.0,5180.0,5196.0,5180.0,5.0,50.0,limit_touch,take_profit
2022-12-21,2022-12-21 10:14:00,2022-12-21 10:21:00,2022-12-21 10:23:00,short,5184.0,5179.0,5195.5,5179.0,5.0,50.0,limit_touch,take_profit
2022-12-21,2022-12-21 10:38:00,2022-12-21 10:43:00,2022-12-21 10:46:00,short,5181.0,5192.5,5192.5,5176.0,-11.5,-115.0,better_open,stop_loss
2022-12-21,2022-12-21 11:05:00,2022-12-21 11:18:00,2022-12-21 11:23:00,long,5212.5,5218.0,5200.5,5218.0,5.5,55.0,limit_touch,take_profit
2022-12-22,2022-12-22 11:42:00,2022-12-22 11:57:00,2022-12-22 12:06:00,short,5182.0,5177.0,5193.5,5177.0,5.0,50.0,limit_touch,take_profit
2022-12-23,2022-12-23 12:24:00,2022-12-23 13:41:00,2022-12-23 14:01:00,short,5136.5,5147.0,5147.0,5131.5,-10.5,-105.0,limit_touch,stop_loss
2022-12-26,2022-12-26 10:45:00,2022-12-26 10:54:00,2022-12-26 11:12:00,long,5186.0,5190.0,5177.0,5190.0,4.0,40.0,limit_touch,take_profit
2022-12-26,2022-12-26 11:45:00,2022-12-26 11:52:00,2022-12-26 11:58:00,long,5187.5,5191.5,5179.0,5191.5,4.0,40.0,limit_touch,take_profit
2022-12-27,2022-12-27 10:56:00,2022-12-27 11:41:00,2022-12-27 11:42:00,long,5271.0,5275.0,5262.0,5275.0,4.0,40.0,limit_touch,take_profit
2022-12-28,2022-12-28 10:03:00,2022-12-28 10:03:00,2022-12-28 10:03:00,long,5275.5,5279.5,5266.5,5279.5,4.0,40.0,limit_touch,take_profit
2022-12-28,2022-12-28 10:53:00,2022-12-28 10:54:00,2022-12-28 10:57:00,long,5281.0,5272.0,5272.0,5285.0,-9.0,-90.0,limit_touch,stop_loss
2022-12-28,2022-12-28 11:42:00,2022-12-28 11:52:00,2022-12-28 12:01:00,short,5260.5,5270.5,5270.5,5256.0,-10.0,-100.0,limit_touch,stop_loss
2022-12-29,2022-12-29 10:58:00,2022-12-29 11:14:00,2022-12-29 11:24:00,short,5243.5,5239.0,5253.5,5239.0,4.5,45.0,limit_touch,take_profit
2023-01-02,2023-01-02 11:13:00,2023-01-02 11:43:00,2023-01-02 11:53:00,long,5378.0,5383.5,5366.0,5383.5,5.5,55.0,limit_touch,take_profit
2023-01-03,2023-01-03 12:32:00,2023-01-03 12:43:00,2023-01-03 12:45:00,long,5427.0,5432.0,5416.0,5432.0,5.0,50.0,limit_touch,take_profit
2023-01-04,2023-01-04 10:39:00,2023-01-04 10:47:00,2023-01-04 11:13:00,short,5468.0,5480.0,5480.0,5462.5,-12.0,-120.0,limit_touch,stop_loss
2023-01-04,2023-01-04 12:10:00,2023-01-04 12:16:00,2023-01-04 12:49:00,long,5496.0,5501.5,5484.5,5501.5,5.5,55.0,limit_touch,take_profit
2023-01-04,2023-01-04 13:13:00,2023-01-04 13:15:00,2023-01-04 13:35:00,short,5469.0,5481.5,5481.5,5463.0,-12.5,-125.0,limit_touch,stop_loss
2023-01-06,2023-01-06 10:05:00,2023-01-06 10:09:00,2023-01-06 10:10:00,short,5370.0,5366.0,5379.0,5366.0,4.0,40.0,limit_touch,take_profit
2023-01-06,2023-01-06 10:23:00,2023-01-06 10:27:00,2023-01-06 10:28:00,short,5368.0,5364.0,5377.0,5364.0,4.0,40.0,limit_touch,take_profit
2023-01-06,2023-01-06 10:31:00,2023-01-06 10:31:00,2023-01-06 10:32:00,short,5367.0,5362.5,5376.5,5362.5,4.5,45.0,limit_touch,take_profit
2023-01-06,2023-01-06 10:36:00,2023-01-06 10:37:00,2023-01-06 10:37:00,short,5359.5,5355.0,5369.0,5355.0,4.5,45.0,limit_touch,take_profit
2023-01-06,2023-01-06 10:50:00,2023-01-06 11:45:00,2023-01-06 11:52:00,short,5322.5,5317.0,5334.0,5317.0,5.5,55.0,limit_touch,take_profit
2023-01-09,2023-01-09 11:02:00,2023-01-09 11:04:00,2023-01-09 11:24:00,long,5318.0,5323.0,5307.0,5323.0,5.0,50.0,limit_touch,take_profit
2023-01-09,2023-01-09 11:58:00,2023-01-09 12:48:00,2023-01-09 13:05:00,long,5319.0,5307.5,5307.5,5324.5,-11.5,-115.0,limit_touch,stop_loss
2023-01-10,2023-01-10 11:42:00,2023-01-10 12:17:00,2023-01-10 12:21:00,short,5256.5,5267.0,5267.0,5252.0,-10.5,-105.0,limit_touch,stop_loss
2023-01-11,2023-01-11 10:16:00,2023-01-11 10:17:00,2023-01-11 10:21:00,short,5222.0,5218.0,5230.5,5218.0,4.0,40.0,limit_touch,take_profit
2023-01-11,2023-01-11 10:24:00,2023-01-11 10:26:00,2023-01-11 10:32:00,short,5220.5,5229.0,5229.0,5216.5,-8.5,-85.0,limit_touch,stop_loss
2023-01-12,2023-01-12 10:35:00,2023-01-12 10:35:00,2023-01-12 10:35:00,short,5156.0,5151.0,5167.0,5151.0,5.0,50.0,limit_touch,take_profit
2023-01-12,2023-01-12 10:50:00,2023-01-12 11:04:00,2023-01-12 11:10:00,short,5149.5,5161.5,5161.5,5144.0,-12.0,-120.0,limit_touch,stop_loss
2023-01-13,2023-01-13 10:46:00,2023-01-13 10:53:00,2023-01-13 11:20:00,short,5130.5,5124.5,5143.5,5124.5,6.0,60.0,limit_touch,take_profit
2023-01-13,2023-01-13 11:50:00,2023-01-13 12:19:00,2023-01-13 12:40:00,short,5123.5,5117.5,5136.5,5117.5,6.0,60.0,limit_touch,take_profit
2023-01-13,2023-01-13 13:24:00,2023-01-13 13:34:00,2023-01-13 13:53:00,short,5119.5,5114.0,5131.0,5114.0,5.5,55.0,limit_touch,take_profit
2023-01-17,2023-01-17 10:10:00,2023-01-17 10:19:00,2023-01-17 10:21:00,short,5145.5,5141.5,5154.5,5141.5,4.0,40.0,limit_touch,take_profit
2023-01-17,2023-01-17 10:39:00,2023-01-17 10:43:00,2023-01-17 10:53:00,short,5141.5,5137.5,5150.5,5137.5,4.0,40.0,limit_touch,take_profit
2023-01-17,2023-01-17 11:13:00,2023-01-17 11:20:00,2023-01-17 11:27:00,short,5138.0,5134.0,5147.0,5134.0,4.0,40.0,limit_touch,take_profit
2023-01-17,2023-01-17 12:38:00,2023-01-17 12:50:00,2023-01-17 12:55:00,short,5133.5,5129.0,5143.0,5129.0,4.5,45.0,limit_touch,take_profit
2023-01-17,2023-01-17 13:03:00,2023-01-17 13:21:00,2023-01-17 13:31:00,short,5131.0,5126.5,5140.5,5126.5,4.5,45.0,limit_touch,take_profit
2023-01-18,2023-01-18 10:15:00,2023-01-18 10:23:00,2023-01-18 10:27:00,long,5107.0,5098.5,5098.5,5111.0,-8.5,-85.0,limit_touch,stop_loss
2023-01-18,2023-01-18 10:51:00,2023-01-18 10:59:00,2023-01-18 11:11:00,short,5087.5,5096.5,5096.5,5083.5,-9.0,-90.0,limit_touch,stop_loss
2023-01-19,2023-01-19 10:30:00,2023-01-19 10:30:00,2023-01-19 10:30:00,short,5222.0,5216.5,5234.0,5216.5,5.5,55.0,limit_touch,take_profit
2023-01-19,2023-01-19 10:42:00,2023-01-19 10:50:00,2023-01-19 10:53:00,short,5214.5,5209.0,5227.0,5209.0,5.5,55.0,limit_touch,take_profit
2023-01-19,2023-01-19 11:31:00,2023-01-19 11:38:00,2023-01-19 11:41:00,short,5213.5,5208.0,5225.5,5208.0,5.5,55.0,limit_touch,take_profit
2023-01-20,2023-01-20 10:38:00,2023-01-20 11:06:00,2023-01-20 11:44:00,long,5232.0,5220.0,5220.0,5237.5,-12.0,-120.0,limit_touch,stop_loss
2023-01-23,2023-01-23 10:13:00,2023-01-23 10:21:00,2023-01-23 10:37:00,short,5200.5,5210.5,5210.5,5196.0,-10.0,-100.0,limit_touch,stop_loss
2023-01-23,2023-01-23 12:31:00,2023-01-23 12:37:00,2023-01-23 12:38:00,short,5197.0,5192.5,5207.0,5192.5,4.5,45.0,limit_touch,take_profit
2023-01-23,2023-01-23 13:04:00,2023-01-23 13:14:00,2023-01-23 13:22:00,short,5188.0,5183.0,5198.5,5183.0,5.0,50.0,limit_touch,take_profit
2023-01-24,2023-01-24 10:10:00,2023-01-24 10:29:00,2023-01-24 10:45:00,short,5187.5,5196.5,5196.5,5183.5,-9.0,-90.0,limit_touch,stop_loss
2023-01-24,2023-01-24 11:49:00,2023-01-24 12:00:00,2023-01-24 12:01:00,short,5180.0,5176.0,5189.0,5176.0,4.0,40.0,limit_touch,take_profit
2023-01-25,2023-01-25 11:48:00,2023-01-25 11:58:00,2023-01-25 11:58:00,short,5122.0,5118.0,5130.5,5118.0,4.0,40.0,limit_touch,take_profit
2023-01-25,2023-01-25 13:00:00,2023-01-25 13:33:00,2023-01-25 13:57:00,short,5096.5,5092.5,5105.0,5092.5,4.0,40.0,limit_touch,take_profit
2023-01-26,2023-01-26 10:53:00,2023-01-26 11:00:00,2023-01-26 11:08:00,long,5110.5,5101.0,5101.0,5115.0,-9.5,-95.0,limit_touch,stop_loss
2023-01-26,2023-01-26 12:24:00,2023-01-26 12:31:00,2023-01-26 12:43:00,short,5079.0,5090.0,5090.0,5074.0,-11.0,-110.0,limit_touch,stop_loss
2023-01-27,2023-01-27 10:02:00,2023-01-27 10:04:00,2023-01-27 10:20:00,short,5069.5,5078.5,5078.5,5065.5,-9.0,-90.0,better_open,stop_loss
2023-01-27,2023-01-27 13:08:00,2023-01-27 13:28:00,2023-01-27 14:16:00,long,5095.5,5086.0,5086.0,5100.0,-9.5,-95.0,limit_touch,stop_loss
2023-01-30,2023-01-30 10:49:00,2023-01-30 10:53:00,2023-01-30 11:07:00,short,5103.0,5099.0,5111.0,5099.0,4.0,40.0,limit_touch,take_profit
2023-01-30,2023-01-30 11:35:00,2023-01-30 11:42:00,2023-01-30 12:03:00,short,5096.0,5092.0,5104.5,5092.0,4.0,40.0,limit_touch,take_profit
2023-01-30,2023-01-30 14:30:00,2023-01-30 14:39:00,2023-01-30 14:43:00,long,5120.5,5124.0,5112.5,5124.0,3.5,35.0,limit_touch,take_profit
2023-01-31,2023-01-31 10:12:00,2023-01-31 10:12:00,2023-01-31 10:12:00,short,5143.5,5139.0,5153.0,5139.0,4.5,45.0,limit_touch,take_profit
2023-01-31,2023-01-31 10:14:00,2023-01-31 10:21:00,2023-01-31 10:30:00,short,5143.5,5139.0,5153.0,5139.0,4.5,45.0,limit_touch,take_profit
2023-01-31,2023-01-31 10:31:00,2023-01-31 10:33:00,2023-01-31 10:35:00,short,5139.0,5134.5,5148.5,5134.5,4.5,45.0,limit_touch,take_profit
2023-01-31,2023-01-31 11:15:00,2023-01-31 12:27:00,2023-01-31 12:34:00,short,5118.5,5114.0,5128.5,5114.0,4.5,45.0,limit_touch,take_profit
2023-02-01,2023-02-01 11:31:00,2023-02-01 11:32:00,2023-02-01 11:44:00,long,5095.5,5099.0,5087.5,5099.0,3.5,35.0,limit_touch,take_profit
2023-02-01,2023-02-01 11:47:00,2023-02-01 11:54:00,2023-02-01 11:56:00,long,5096.0,5099.5,5088.0,5099.5,3.5,35.0,limit_touch,take_profit
2023-02-01,2023-02-01 12:03:00,2023-02-01 12:04:00,2023-02-01 12:15:00,long,5104.0,5096.0,5096.0,5108.0,-8.0,-80.0,limit_touch,stop_loss
2023-02-02,2023-02-02 10:25:00,2023-02-02 10:25:00,2023-02-02 10:25:00,short,5019.0,5013.5,5030.5,5013.5,5.5,55.0,limit_touch,take_profit
2023-02-02,2023-02-02 10:33:00,2023-02-02 10:43:00,2023-02-02 10:58:00,short,4987.5,5000.5,5000.5,4981.5,-13.0,-130.0,limit_touch,stop_loss
2023-02-06,2023-02-06 10:07:00,2023-02-06 10:09:00,2023-02-06 10:20:00,short,5180.5,5176.0,5190.5,5176.0,4.5,45.0,limit_touch,take_profit
2023-02-06,2023-02-06 11:26:00,2023-02-06 11:31:00,2023-02-06 11:52:00,long,5200.0,5204.5,5190.0,5204.5,4.5,45.0,limit_touch,take_profit
2023-02-06,2023-02-06 12:19:00,2023-02-06 12:58:00,2023-02-06 13:37:00,long,5214.5,5219.0,5204.5,5219.0,4.5,45.0,limit_touch,take_profit
2023-02-07,2023-02-07 10:07:00,2023-02-07 10:08:00,2023-02-07 10:08:00,short,5158.0,5167.0,5167.0,5154.0,-9.0,-90.0,limit_touch,stop_loss
2023-02-07,2023-02-07 10:24:00,2023-02-07 10:30:00,2023-02-07 10:33:00,long,5187.0,5191.5,5177.0,5191.5,4.5,45.0,limit_touch,take_profit
2023-02-07,2023-02-07 11:16:00,2023-02-07 11:31:00,2023-02-07 11:38:00,long,5189.5,5194.0,5179.5,5194.0,4.5,45.0,limit_touch,take_profit
2023-02-07,2023-02-07 12:22:00,2023-02-07 12:59:00,2023-02-07 13:21:00,long,5207.5,5197.0,5197.0,5212.5,-10.5,-105.0,limit_touch,stop_loss
2023-02-08,2023-02-08 10:24:00,2023-02-08 10:31:00,2023-02-08 10:33:00,long,5208.0,5213.0,5197.5,5213.0,5.0,50.0,limit_touch,take_profit
2023-02-08,2023-02-08 11:05:00,2023-02-08 11:09:00,2023-02-08 11:16:00,long,5210.0,5214.5,5200.0,5214.5,4.5,45.0,limit_touch,take_profit
2023-02-08,2023-02-08 11:32:00,2023-02-08 11:36:00,2023-02-08 11:42:00,long,5212.0,5216.5,5202.0,5216.5,4.5,45.0,limit_touch,take_profit
2023-02-08,2023-02-08 11:46:00,2023-02-08 11:48:00,2023-02-08 11:50:00,long,5212.5,5217.0,5203.0,5217.0,4.5,45.0,limit_touch,take_profit
2023-02-08,2023-02-08 11:54:00,2023-02-08 12:06:00,2023-02-08 12:06:00,long,5217.0,5221.5,5207.0,5221.5,4.5,45.0,limit_touch,take_profit
2023-02-08,2023-02-08 13:27:00,2023-02-08 13:44:00,2023-02-08 13:47:00,long,5242.5,5232.5,5232.5,5247.0,-10.0,-100.0,limit_touch,stop_loss
2023-02-09,2023-02-09 11:20:00,2023-02-09 11:21:00,2023-02-09 11:22:00,long,5232.5,5237.5,5221.0,5237.5,5.0,50.0,limit_touch,take_profit
2023-02-09,2023-02-09 11:47:00,2023-02-09 13:41:00,2023-02-09 14:25:00,long,5268.0,5255.0,5255.0,5274.0,-13.0,-130.0,limit_touch,stop_loss
2023-02-10,2023-02-10 11:15:00,2023-02-10 11:29:00,2023-02-10 11:35:00,short,5263.0,5258.0,5274.0,5258.0,5.0,50.0,limit_touch,take_profit
2023-02-13,2023-02-13 12:05:00,2023-02-13 13:20:00,2023-02-13 13:35:00,short,5190.0,5200.0,5200.0,5185.5,-10.0,-100.0,limit_touch,stop_loss
2023-02-14,2023-02-14 10:33:00,2023-02-14 10:33:00,2023-02-14 10:33:00,short,5152.0,5147.5,5161.5,5147.5,4.5,45.0,limit_touch,take_profit
2023-02-14,2023-02-14 11:32:00,2023-02-14 11:36:00,2023-02-14 11:39:00,long,5180.0,5185.5,5168.5,5185.5,5.5,55.0,limit_touch,take_profit
2023-02-15,2023-02-15 10:25:00,2023-02-15 10:29:00,2023-02-15 10:30:00,long,5236.5,5242.0,5224.0,5242.0,5.5,55.0,limit_touch,take_profit
2023-02-15,2023-02-15 10:33:00,2023-02-15 10:37:00,2023-02-15 10:43:00,long,5237.5,5225.5,5225.5,5243.0,-12.0,-120.0,limit_touch,stop_loss
2023-02-16,2023-02-16 10:30:00,2023-02-16 10:33:00,2023-02-16 10:37:00,long,5253.5,5258.5,5243.0,5258.5,5.0,50.0,limit_touch,take_profit
2023-02-16,2023-02-16 10:46:00,2023-02-16 11:03:00,2023-02-16 11:09:00,long,5254.5,5259.5,5244.0,5259.5,5.0,50.0,limit_touch,take_profit
2023-02-17,2023-02-17 10:02:00,2023-02-17 10:06:00,2023-02-17 10:10:00,short,5231.5,5227.0,5241.5,5227.0,4.5,45.0,limit_touch,take_profit
2023-02-17,2023-02-17 11:43:00,2023-02-17 11:53:00,2023-02-17 11:58:00,short,5220.5,5216.0,5230.0,5216.0,4.5,45.0,limit_touch,take_profit
2023-02-22,2023-02-22 13:40:00,2023-02-22 13:52:00,2023-02-22 13:59:00,long,5209.0,5201.0,5201.0,5212.5,-8.0,-80.0,limit_touch,stop_loss
2023-02-22,2023-02-22 14:35:00,2023-02-22 14:54:00,2023-02-22 15:08:00,short,5188.0,5184.0,5196.5,5184.0,4.0,40.0,limit_touch,take_profit
2023-02-23,2023-02-23 10:30:00,2023-02-23 10:30:00,2023-02-23 10:30:00,long,5169.0,5173.0,5160.5,5173.0,4.0,40.0,limit_touch,take_profit
2023-02-23,2023-02-23 10:32:00,2023-02-23 10:37:00,2023-02-23 10:42:00,long,5171.0,5162.0,5162.0,5175.0,-9.0,-90.0,limit_touch,stop_loss
2023-02-23,2023-02-23 11:51:00,2023-02-23 12:05:00,2023-02-23 12:11:00,short,5132.0,5127.5,5142.0,5127.5,4.5,45.0,limit_touch,take_profit
2023-02-24,2023-02-24 10:40:00,2023-02-24 10:41:00,2023-02-24 10:42:00,long,5174.0,5178.0,5165.0,5178.0,4.0,40.0,limit_touch,take_profit
2023-02-24,2023-02-24 10:50:00,2023-02-24 10:54:00,2023-02-24 10:54:00,long,5177.5,5182.0,5168.5,5182.0,4.5,45.0,limit_touch,take_profit
2023-02-24,2023-02-24 11:44:00,2023-02-24 12:04:00,2023-02-24 12:08:00,long,5189.5,5194.0,5180.0,5194.0,4.5,45.0,limit_touch,take_profit
2023-02-27,2023-02-27 10:20:00,2023-02-27 10:22:00,2023-02-27 10:24:00,long,5199.0,5203.0,5190.0,5203.0,4.0,40.0,limit_touch,take_profit
2023-02-27,2023-02-27 11:13:00,2023-02-27 11:25:00,2023-02-27 11:57:00,long,5205.0,5195.5,5195.5,5209.5,-9.5,-95.0,limit_touch,stop_loss
2023-02-27,2023-02-27 12:18:00,2023-02-27 12:20:00,2023-02-27 12:33:00,short,5183.0,5193.0,5193.0,5178.5,-10.0,-100.0,limit_touch,stop_loss
2023-02-27,2023-02-27 13:33:00,2023-02-27 13:37:00,2023-02-27 13:44:00,long,5204.5,5209.0,5194.5,5209.0,4.5,45.0,limit_touch,take_profit
2023-02-28,2023-02-28 10:25:00,2023-02-28 10:34:00,2023-02-28 10:36:00,short,5228.0,5223.0,5238.5,5223.0,5.0,50.0,limit_touch,take_profit
2023-02-28,2023-02-28 10:39:00,2023-02-28 10:45:00,2023-02-28 10:51:00,short,5224.5,5219.5,5235.5,5219.5,5.0,50.0,limit_touch,take_profit
2023-02-28,2023-02-28 13:00:00,2023-02-28 13:05:00,2023-02-28 13:06:00,long,5250.0,5254.5,5240.0,5254.5,4.5,45.0,limit_touch,take_profit
2023-02-28,2023-02-28 13:35:00,2023-02-28 13:49:00,2023-02-28 14:37:00,long,5260.5,5265.5,5250.0,5265.5,5.0,50.0,limit_touch,take_profit
2023-03-01,2023-03-01 10:04:00,2023-03-01 10:06:00,2023-03-01 10:07:00,short,5234.5,5229.5,5245.0,5229.5,5.0,50.0,limit_touch,take_profit
2023-03-01,2023-03-01 10:17:00,2023-03-01 10:21:00,2023-03-01 10:28:00,short,5230.5,5241.0,5241.0,5225.5,-10.5,-105.0,limit_touch,stop_loss
2023-03-01,2023-03-01 12:11:00,2023-03-01 12:16:00,2023-03-01 12:21:00,long,5253.5,5242.5,5242.5,5258.5,-11.0,-110.0,limit_touch,stop_loss
2023-03-01,2023-03-01 14:10:00,2023-03-01 14:43:00,2023-03-01 15:12:00,short,5228.5,5223.5,5239.5,5223.5,5.0,50.0,limit_touch,take_profit
2023-03-02,2023-03-02 10:31:00,2023-03-02 10:33:00,2023-03-02 10:34:00,long,5244.0,5248.0,5235.5,5248.0,4.0,40.0,limit_touch,take_profit
2023-03-02,2023-03-02 11:47:00,2023-03-02 11:53:00,2023-03-02 12:16:00,long,5248.5,5240.5,5240.5,5252.5,-8.0,-80.0,limit_touch,stop_loss
2023-03-03,2023-03-03 11:30:00,2023-03-03 11:45:00,2023-03-03 11:45:00,long,5240.5,5244.5,5232.5,5244.5,4.0,40.0,limit_touch,take_profit
2023-03-03,2023-03-03 12:03:00,2023-03-03 12:11:00,2023-03-03 12:23:00,long,5249.0,5240.0,5240.0,5253.0,-9.0,-90.0,limit_touch,stop_loss
2023-03-06,2023-03-06 12:12:00,2023-03-06 12:13:00,2023-03-06 12:14:00,short,5222.5,5219.5,5229.5,5219.5,3.0,30.0,limit_touch,take_profit
2023-03-06,2023-03-06 12:44:00,2023-03-06 12:59:00,2023-03-06 13:04:00,short,5205.0,5201.5,5212.5,5201.5,3.5,35.0,limit_touch,take_profit
2023-03-07,2023-03-07 10:17:00,2023-03-07 10:23:00,2023-03-07 10:25:00,long,5203.0,5206.0,5197.0,5206.0,3.0,30.0,limit_touch,take_profit
2023-03-07,2023-03-07 11:04:00,2023-03-07 11:12:00,2023-03-07 11:14:00,long,5205.5,5208.5,5199.0,5208.5,3.0,30.0,limit_touch,take_profit
2023-03-07,2023-03-07 12:08:00,2023-03-07 12:14:00,2023-03-07 12:15:00,long,5220.5,5224.0,5213.0,5224.0,3.5,35.0,limit_touch,take_profit
2023-03-08,2023-03-08 10:03:00,2023-03-08 10:03:00,2023-03-08 10:03:00,short,5198.0,5195.0,5204.5,5195.0,3.0,30.0,limit_touch,take_profit
2023-03-08,2023-03-08 10:05:00,2023-03-08 10:09:00,2023-03-08 10:21:00,short,5195.0,5192.0,5202.0,5192.0,3.0,30.0,limit_touch,take_profit
2023-03-08,2023-03-08 10:41:00,2023-03-08 11:12:00,2023-03-08 11:15:00,short,5180.5,5177.0,5188.0,5177.0,3.5,35.0,limit_touch,take_profit
2023-03-08,2023-03-08 12:25:00,2023-03-08 12:57:00,2023-03-08 13:00:00,short,5147.5,5143.5,5156.5,5143.5,4.0,40.0,limit_touch,take_profit
2023-03-09,2023-03-09 11:01:00,2023-03-09 11:02:00,2023-03-09 11:07:00,short,5142.5,5138.5,5151.0,5138.5,4.0,40.0,limit_touch,take_profit
2023-03-09,2023-03-09 12:24:00,2023-03-09 12:30:00,2023-03-09 12:43:00,long,5161.0,5165.0,5152.0,5165.0,4.0,40.0,limit_touch,take_profit
2023-03-09,2023-03-09 14:03:00,2023-03-09 14:33:00,2023-03-09 14:36:00,long,5170.5,5174.5,5162.5,5174.5,4.0,40.0,better_open,take_profit
2023-03-10,2023-03-10 10:25:00,2023-03-10 10:30:00,2023-03-10 10:31:00,long,5216.5,5208.0,5208.0,5220.5,-8.5,-85.0,limit_touch,stop_loss
2023-03-13,2023-03-13 10:00:00,2023-03-13 10:09:00,2023-03-13 10:14:00,long,5285.5,5275.5,5275.5,5290.0,-10.0,-100.0,limit_touch,stop_loss
2023-03-14,2023-03-14 11:24:00,2023-03-14 11:43:00,2023-03-14 12:00:00,short,5249.5,5260.0,5260.0,5244.5,-10.5,-105.0,limit_touch,stop_loss
2023-03-15,2023-03-15 10:15:00,2023-03-15 10:25:00,2023-03-15 10:30:00,short,5303.5,5314.0,5314.0,5298.5,-10.5,-105.0,limit_touch,stop_loss
2023-03-16,2023-03-16 10:03:00,2023-03-16 10:09:00,2023-03-16 10:15:00,long,5304.5,5309.0,5295.0,5309.0,4.5,45.0,limit_touch,take_profit
2023-03-16,2023-03-16 10:23:00,2023-03-16 10:25:00,2023-03-16 10:30:00,long,5305.5,5295.5,5295.5,5310.0,-10.0,-100.0,limit_touch,stop_loss
2023-03-16,2023-03-16 11:26:00,2023-03-16 11:51:00,2023-03-16 12:01:00,long,5313.0,5317.5,5303.0,5317.5,4.5,45.0,limit_touch,take_profit
2023-03-17,2023-03-17 10:08:00,2023-03-17 10:21:00,2023-03-17 10:33:00,long,5270.0,5274.0,5262.0,5274.0,4.0,40.0,limit_touch,take_profit
2023-03-17,2023-03-17 10:47:00,2023-03-17 10:58:00,2023-03-17 10:59:00,long,5275.0,5279.0,5267.0,5279.0,4.0,40.0,limit_touch,take_profit
2023-03-17,2023-03-17 11:46:00,2023-03-17 13:28:00,2023-03-17 13:54:00,long,5287.0,5291.0,5278.5,5291.0,4.0,40.0,limit_touch,take_profit_gap_open
2023-03-20,2023-03-20 10:25:00,2023-03-20 10:35:00,2023-03-20 10:49:00,short,5264.0,5260.5,5272.0,5260.5,3.5,35.0,limit_touch,take_profit
2023-03-20,2023-03-20 11:50:00,2023-03-20 12:43:00,2023-03-20 14:00:00,short,5259.0,5255.0,5267.0,5255.0,4.0,40.0,limit_touch,take_profit
2023-03-21,2023-03-21 10:25:00,2023-03-21 10:30:00,2023-03-21 10:39:00,long,5256.5,5259.5,5249.5,5259.5,3.0,30.0,limit_touch,take_profit
2023-03-22,2023-03-22 10:49:00,2023-03-22 11:19:00,2023-03-22 11:28:00,long,5278.5,5281.5,5272.0,5281.5,3.0,30.0,limit_touch,take_profit
2023-03-22,2023-03-22 11:35:00,2023-03-22 11:42:00,2023-03-22 11:55:00,long,5279.5,5282.5,5273.0,5282.5,3.0,30.0,limit_touch,take_profit
2023-03-23,2023-03-23 11:43:00,2023-03-23 12:26:00,2023-03-23 12:34:00,long,5270.0,5274.5,5260.0,5274.5,4.5,45.0,limit_touch,take_profit
2023-03-24,2023-03-24 10:30:00,2023-03-24 10:32:00,2023-03-24 10:45:00,short,5324.5,5333.5,5333.5,5320.5,-9.0,-90.0,limit_touch,stop_loss
2023-03-27,2023-03-27 11:12:00,2023-03-27 11:24:00,2023-03-27 11:32:00,short,5231.0,5238.5,5238.5,5227.5,-7.5,-75.0,limit_touch,stop_loss
2023-03-28,2023-03-28 10:37:00,2023-03-28 10:41:00,2023-03-28 10:42:00,short,5163.0,5159.5,5171.0,5159.5,3.5,35.0,limit_touch,take_profit
2023-03-29,2023-03-29 11:03:00,2023-03-29 11:29:00,2023-03-29 11:35:00,short,5153.5,5150.0,5161.0,5150.0,3.5,35.0,limit_touch,take_profit
2023-03-29,2023-03-29 12:27:00,2023-03-29 13:19:00,2023-03-29 13:23:00,short,5146.5,5143.0,5154.0,5143.0,3.5,35.0,limit_touch,take_profit
2023-03-30,2023-03-30 10:03:00,2023-03-30 10:12:00,2023-03-30 10:14:00,long,5106.5,5096.5,5096.5,5111.0,-10.0,-100.0,limit_touch,stop_loss
2023-03-30,2023-03-30 11:14:00,2023-03-30 11:39:00,2023-03-30 11:45:00,long,5139.5,5127.5,5127.5,5145.0,-12.0,-120.0,limit_touch,stop_loss
2023-03-31,2023-03-31 12:23:00,2023-03-31 12:44:00,2023-03-31 13:26:00,short,5092.5,5088.0,5102.5,5088.0,4.5,45.0,limit_touch,take_profit
2023-04-03,2023-04-03 10:06:00,2023-04-03 10:12:00,2023-04-03 10:18:00,long,5083.5,5087.0,5076.0,5087.0,3.5,35.0,limit_touch,take_profit
2023-04-03,2023-04-03 10:25:00,2023-04-03 10:34:00,2023-04-03 10:38:00,long,5089.0,5092.5,5081.0,5092.5,3.5,35.0,limit_touch,take_profit
2023-04-03,2023-04-03 10:43:00,2023-04-03 11:00:00,2023-04-03 11:06:00,long,5090.5,5082.5,5082.5,5094.0,-8.0,-80.0,limit_touch,stop_loss
2023-04-04,2023-04-04 10:53:00,2023-04-04 11:00:00,2023-04-04 11:01:00,long,5095.0,5089.0,5089.0,5098.0,-6.0,-60.0,limit_touch,stop_loss
2023-04-04,2023-04-04 12:40:00,2023-04-04 13:14:00,2023-04-04 13:20:00,long,5108.0,5111.0,5101.0,5111.0,3.0,30.0,limit_touch,take_profit
2023-04-05,2023-04-05 10:43:00,2023-04-05 11:13:00,2023-04-05 11:13:00,short,5073.0,5070.0,5079.5,5070.0,3.0,30.0,limit_touch,take_profit
2023-04-06,2023-04-06 10:10:00,2023-04-06 10:17:00,2023-04-06 10:32:00,long,5089.5,5092.5,5083.0,5092.5,3.0,30.0,limit_touch,take_profit
2023-04-06,2023-04-06 10:43:00,2023-04-06 11:11:00,2023-04-06 11:18:00,long,5091.0,5094.0,5084.0,5094.0,3.0,30.0,limit_touch,take_profit
2023-04-10,2023-04-10 10:21:00,2023-04-10 11:44:00,2023-04-10 12:00:00,long,5096.0,5099.0,5089.5,5099.0,3.0,30.0,limit_touch,take_profit
2023-04-11,2023-04-11 10:17:00,2023-04-11 10:37:00,2023-04-11 10:42:00,short,5021.0,5028.5,5028.5,5017.5,-7.5,-75.0,limit_touch,stop_loss
2023-04-12,2023-04-12 11:14:00,2023-04-12 12:10:00,2023-04-12 12:27:00,short,4954.0,4949.0,4964.5,4949.0,5.0,50.0,limit_touch,take_profit
2023-04-13,2023-04-13 10:45:00,2023-04-13 10:51:00,2023-04-13 10:56:00,short,4921.5,4917.0,4931.0,4917.0,4.5,45.0,limit_touch,take_profit
2023-04-13,2023-04-13 10:57:00,2023-04-13 11:01:00,2023-04-13 11:20:00,short,4921.5,4931.5,4931.5,4917.0,-10.0,-100.0,limit_touch,stop_loss
2023-04-13,2023-04-13 12:44:00,2023-04-13 13:00:00,2023-04-13 13:38:00,short,4917.0,4926.0,4926.0,4912.5,-9.0,-90.0,limit_touch,stop_loss
2023-04-14,2023-04-14 11:08:00,2023-04-14 12:53:00,2023-04-14 13:02:00,long,4957.5,4948.0,4948.0,4962.0,-9.5,-95.0,limit_touch,stop_loss
2023-04-17,2023-04-17 12:21:00,2023-04-17 13:01:00,2023-04-17 13:12:00,long,4952.5,4955.5,4945.5,4955.5,3.0,30.0,limit_touch,take_profit
2023-04-18,2023-04-18 10:31:00,2023-04-18 10:38:00,2023-04-18 10:39:00,long,4978.5,4982.0,4970.5,4982.0,3.5,35.0,limit_touch,take_profit
2023-04-19,2023-04-19 10:02:00,2023-04-19 10:09:00,2023-04-19 10:10:00,long,5036.0,5039.5,5028.0,5039.5,3.5,35.0,limit_touch,take_profit
2023-04-19,2023-04-19 11:01:00,2023-04-19 11:11:00,2023-04-19 11:19:00,long,5056.0,5047.5,5047.5,5060.0,-8.5,-85.0,limit_touch,stop_loss
2023-04-20,2023-04-20 10:14:00,2023-04-20 10:16:00,2023-04-20 10:24:00,short,5067.5,5064.0,5075.5,5064.0,3.5,35.0,limit_touch,take_profit
2023-04-20,2023-04-20 11:32:00,2023-04-20 12:16:00,2023-04-20 12:21:00,short,5057.0,5053.0,5065.0,5053.0,4.0,40.0,limit_touch,take_profit
2023-04-20,2023-04-20 12:36:00,2023-04-20 13:41:00,2023-04-20 13:58:00,short,5055.0,5051.5,5063.0,5051.5,3.5,35.0,limit_touch,take_profit
2023-04-24,2023-04-24 10:00:00,2023-04-24 10:00:00,2023-04-24 10:00:00,short,5068.0,5065.0,5074.5,5065.0,3.0,30.0,limit_touch,take_profit
2023-04-24,2023-04-24 10:05:00,2023-04-24 10:07:00,2023-04-24 10:08:00,short,5066.5,5063.5,5073.0,5063.5,3.0,30.0,limit_touch,take_profit
2023-04-24,2023-04-24 10:16:00,2023-04-24 10:27:00,2023-04-24 10:30:00,short,5062.0,5068.5,5068.5,5059.0,-6.5,-65.0,limit_touch,stop_loss
2023-04-24,2023-04-24 10:46:00,2023-04-24 10:51:00,2023-04-24 10:51:00,long,5081.5,5085.0,5074.0,5085.0,3.5,35.0,limit_touch,take_profit
2023-04-25,2023-04-25 10:01:00,2023-04-25 10:03:00,2023-04-25 10:03:00,short,5043.5,5040.5,5050.5,5040.5,3.0,30.0,limit_touch,take_profit
2023-04-25,2023-04-25 10:09:00,2023-04-25 10:14:00,2023-04-25 10:15:00,short,5042.5,5049.5,5049.5,5039.0,-7.0,-70.0,limit_touch,stop_loss
2023-04-25,2023-04-25 10:42:00,2023-04-25 10:44:00,2023-04-25 10:45:00,long,5064.5,5068.0,5056.5,5068.0,3.5,35.0,limit_touch,take_profit
2023-04-25,2023-04-25 11:04:00,2023-04-25 11:15:00,2023-04-25 11:30:00,long,5072.0,5064.0,5064.0,5076.0,-8.0,-80.0,limit_touch,stop_loss
2023-04-25,2023-04-25 14:23:00,2023-04-25 15:01:00,2023-04-25 15:05:00,long,5073.5,5077.0,5066.5,5077.0,3.5,35.0,better_open,take_profit
2023-04-27,2023-04-27 10:02:00,2023-04-27 10:05:00,2023-04-27 10:07:00,short,5026.0,5022.5,5034.0,5022.5,3.5,35.0,limit_touch,take_profit
2023-04-27,2023-04-27 10:34:00,2023-04-27 10:40:00,2023-04-27 10:56:00,short,5022.5,5018.5,5030.5,5018.5,4.0,40.0,limit_touch,take_profit
2023-04-27,2023-04-27 11:15:00,2023-04-27 11:22:00,2023-04-27 11:36:00,short,5020.5,5016.5,5028.5,5016.5,4.0,40.0,limit_touch,take_profit
2023-04-27,2023-04-27 11:55:00,2023-04-27 12:21:00,2023-04-27 12:27:00,short,5013.5,5009.5,5022.5,5009.5,4.0,40.0,limit_touch,take_profit
2023-04-28,2023-04-28 10:03:00,2023-04-28 10:07:00,2023-04-28 10:13:00,short,5022.5,5032.0,5032.0,5018.0,-9.5,-95.0,limit_touch,stop_loss
2023-05-02,2023-05-02 10:58:00,2023-05-02 11:03:00,2023-05-02 11:08:00,long,5054.0,5057.5,5046.0,5057.5,3.5,35.0,limit_touch,take_profit
2023-05-02,2023-05-02 11:33:00,2023-05-02 11:40:00,2023-05-02 11:42:00,long,5062.5,5066.5,5054.5,5066.5,4.0,40.0,limit_touch,take_profit
2023-05-03,2023-05-03 11:33:00,2023-05-03 12:37:00,2023-05-03 13:33:00,short,5043.5,5040.0,5051.0,5040.0,3.5,35.0,limit_touch,take_profit
2023-05-04,2023-05-04 10:26:00,2023-05-04 10:32:00,2023-05-04 10:37:00,long,5023.5,5028.0,5014.0,5028.0,4.5,45.0,limit_touch,take_profit
2023-05-04,2023-05-04 11:22:00,2023-05-04 11:46:00,2023-05-04 11:57:00,long,5045.0,5049.5,5035.5,5049.5,4.5,45.0,limit_touch,take_profit
2023-05-05,2023-05-05 10:16:00,2023-05-05 10:21:00,2023-05-05 10:24:00,short,4999.0,4995.0,5007.0,4995.0,4.0,40.0,limit_touch,take_profit
2023-05-05,2023-05-05 11:21:00,2023-05-05 11:50:00,2023-05-05 12:01:00,short,4993.0,4989.0,5001.5,4989.0,4.0,40.0,limit_touch,take_profit
2023-05-08,2023-05-08 10:57:00,2023-05-08 11:25:00,2023-05-08 11:50:00,long,4991.0,4984.0,4984.0,4994.5,-7.0,-70.0,limit_touch,stop_loss
2023-05-08,2023-05-08 12:10:00,2023-05-08 12:10:00,2023-05-08 12:13:00,long,4994.0,4997.5,4986.5,4997.5,3.5,35.0,limit_touch,take_profit
2023-05-09,2023-05-09 11:00:00,2023-05-09 11:08:00,2023-05-09 11:16:00,short,5026.0,5022.5,5034.0,5022.5,3.5,35.0,limit_touch,take_profit
2023-05-11,2023-05-11 10:13:00,2023-05-11 10:33:00,2023-05-11 10:41:00,long,4995.0,4998.5,4988.0,4998.5,3.5,35.0,limit_touch,take_profit
2023-05-11,2023-05-11 14:20:00,2023-05-11 14:47:00,2023-05-11 14:55:00,short,4973.0,4970.0,4979.5,4970.0,3.0,30.0,limit_touch,take_profit
2023-05-12,2023-05-12 10:27:00,2023-05-12 10:37:00,2023-05-12 10:50:00,short,4947.0,4944.0,4954.0,4944.0,3.0,30.0,limit_touch,take_profit
2023-05-12,2023-05-12 11:00:00,2023-05-12 11:04:00,2023-05-12 11:20:00,short,4937.0,4933.5,4944.5,4933.5,3.5,35.0,limit_touch,take_profit
2023-05-15,2023-05-15 10:36:00,2023-05-15 10:41:00,2023-05-15 10:42:00,long,4937.0,4940.0,4930.5,4940.0,3.0,30.0,limit_touch,take_profit
2023-05-15,2023-05-15 10:45:00,2023-05-15 10:48:00,2023-05-15 10:50:00,long,4941.5,4944.5,4935.0,4944.5,3.0,30.0,limit_touch,take_profit
2023-05-16,2023-05-16 10:00:00,2023-05-16 10:10:00,2023-05-16 10:15:00,long,4923.0,4926.0,4917.0,4926.0,3.0,30.0,limit_touch,take_profit
2023-05-16,2023-05-16 12:42:00,2023-05-16 12:52:00,2023-05-16 13:16:00,long,4934.0,4937.5,4926.5,4937.5,3.5,35.0,limit_touch,take_profit
2023-05-16,2023-05-16 13:49:00,2023-05-16 14:49:00,2023-05-16 15:05:00,long,4952.0,4955.5,4944.0,4955.5,3.5,35.0,limit_touch,take_profit
2023-05-17,2023-05-17 10:14:00,2023-05-17 10:23:00,2023-05-17 10:25:00,short,4957.0,4953.0,4965.5,4953.0,4.0,40.0,limit_touch,take_profit_gap_open
2023-05-17,2023-05-17 12:28:00,2023-05-17 12:56:00,2023-05-17 13:35:00,short,4955.0,4950.5,4964.5,4950.5,4.5,45.0,limit_touch,take_profit
2023-05-18,2023-05-18 11:58:00,2023-05-18 12:05:00,2023-05-18 12:48:00,long,4984.0,4976.5,4976.5,4987.5,-7.5,-75.0,limit_touch,stop_loss
2023-05-18,2023-05-18 14:04:00,2023-05-18 14:21:00,2023-05-18 14:30:00,long,4986.5,4989.5,4980.0,4989.5,3.0,30.0,limit_touch,take_profit
2023-05-19,2023-05-19 10:01:00,2023-05-19 10:05:00,2023-05-19 10:08:00,long,4981.5,4984.5,4975.0,4984.5,3.0,30.0,limit_touch,take_profit
2023-05-19,2023-05-19 10:44:00,2023-05-19 11:27:00,2023-05-19 11:38:00,long,4999.0,5002.5,4991.5,5002.5,3.5,35.0,limit_touch,take_profit
2023-05-22,2023-05-22 10:09:00,2023-05-22 10:26:00,2023-05-22 10:26:00,short,4993.0,4990.0,4999.5,4990.0,3.0,30.0,limit_touch,take_profit
2023-05-22,2023-05-22 10:49:00,2023-05-22 11:09:00,2023-05-22 11:15:00,short,4982.0,4979.0,4989.0,4979.0,3.0,30.0,limit_touch,take_profit
2023-05-23,2023-05-23 10:29:00,2023-05-23 10:37:00,2023-05-23 10:45:00,short,4982.0,4988.0,4988.0,4979.0,-6.0,-60.0,limit_touch,stop_loss
2023-05-23,2023-05-23 11:41:00,2023-05-23 11:55:00,2023-05-23 11:58:00,short,4974.5,4971.5,4981.0,4971.5,3.0,30.0,limit_touch,take_profit
2023-05-23,2023-05-23 12:44:00,2023-05-23 13:39:00,2023-05-23 13:52:00,short,4970.0,4967.0,4976.5,4967.0,3.0,30.0,limit_touch,take_profit
2023-05-23,2023-05-23 14:16:00,2023-05-23 14:47:00,2023-05-23 15:22:00,short,4969.5,4975.5,4975.5,4967.0,-6.0,-60.0,limit_touch,stop_loss
2023-05-25,2023-05-25 10:00:00,2023-05-25 10:06:00,2023-05-25 10:06:00,long,4986.0,4989.0,4980.0,4989.0,3.0,30.0,limit_touch,take_profit
2023-05-29,2023-05-29 10:03:00,2023-05-29 10:11:00,2023-05-29 10:13:00,short,4986.5,4983.0,4994.0,4983.0,3.5,35.0,limit_touch,take_profit
2023-05-29,2023-05-29 10:15:00,2023-05-29 10:27:00,2023-05-29 10:38:00,short,4984.5,4992.0,4992.0,4981.0,-7.5,-75.0,limit_touch,stop_loss
2023-05-29,2023-05-29 11:44:00,2023-05-29 12:46:00,2023-05-29 14:14:00,long,5006.5,5010.0,4998.5,5010.0,3.5,35.0,limit_touch,take_profit
2023-05-30,2023-05-30 10:31:00,2023-05-30 10:48:00,2023-05-30 10:49:00,long,5051.5,5044.5,5044.5,5055.0,-7.0,-70.0,limit_touch,stop_loss
2023-05-30,2023-05-30 13:08:00,2023-05-30 14:33:00,2023-05-30 14:42:00,long,5054.0,5047.0,5047.0,5057.5,-7.0,-70.0,limit_touch,stop_loss
2023-05-31,2023-05-31 11:03:00,2023-05-31 11:05:00,2023-05-31 11:06:00,long,5113.5,5118.0,5104.0,5118.0,4.5,45.0,limit_touch,take_profit
2023-05-31,2023-05-31 12:01:00,2023-05-31 12:09:00,2023-05-31 12:11:00,long,5138.0,5142.5,5128.0,5142.5,4.5,45.0,limit_touch,take_profit
2023-06-01,2023-06-01 10:20:00,2023-06-01 10:23:00,2023-06-01 10:28:00,long,5076.5,5067.0,5067.0,5081.0,-9.5,-95.0,limit_touch,stop_loss
2023-06-01,2023-06-01 12:49:00,2023-06-01 13:42:00,2023-06-01 13:53:00,short,5053.0,5048.5,5062.5,5048.5,4.5,45.0,limit_touch,take_profit
2023-06-02,2023-06-02 10:04:00,2023-06-02 10:12:00,2023-06-02 10:14:00,short,4991.5,4987.5,5000.0,4987.5,4.0,40.0,limit_touch,take_profit
2023-06-02,2023-06-02 10:25:00,2023-06-02 10:47:00,2023-06-02 10:47:00,short,4987.5,4983.5,4996.5,4983.5,4.0,40.0,limit_touch,take_profit
2023-06-02,2023-06-02 11:02:00,2023-06-02 11:23:00,2023-06-02 11:46:00,short,4987.0,4983.0,4996.0,4983.0,4.0,40.0,limit_touch,take_profit
2023-06-05,2023-06-05 10:09:00,2023-06-05 10:17:00,2023-06-05 10:18:00,short,4969.0,4966.0,4976.0,4966.0,3.0,30.0,limit_touch,take_profit
2023-06-05,2023-06-05 11:06:00,2023-06-05 11:16:00,2023-06-05 11:25:00,short,4956.5,4953.0,4964.0,4953.0,3.5,35.0,limit_touch,take_profit
2023-06-06,2023-06-06 10:03:00,2023-06-06 10:07:00,2023-06-06 10:15:00,long,4964.5,4967.5,4958.5,4967.5,3.0,30.0,limit_touch,take_profit
2023-06-06,2023-06-06 10:39:00,2023-06-06 10:44:00,2023-06-06 10:46:00,long,4968.5,4971.5,4962.0,4971.5,3.0,30.0,limit_touch,take_profit
2023-06-07,2023-06-07 10:51:00,2023-06-07 10:53:00,2023-06-07 10:57:00,short,4930.0,4927.0,4937.0,4927.0,3.0,30.0,limit_touch,take_profit
2023-06-07,2023-06-07 11:06:00,2023-06-07 11:09:00,2023-06-07 11:24:00,short,4929.0,4936.0,4936.0,4926.0,-7.0,-70.0,limit_touch,stop_loss
2023-06-07,2023-06-07 11:41:00,2023-06-07 11:45:00,2023-06-07 12:09:00,long,4946.5,4939.0,4939.0,4950.0,-7.5,-75.0,limit_touch,stop_loss
2023-06-09,2023-06-09 10:01:00,2023-06-09 10:04:00,2023-06-09 10:07:00,short,4930.0,4927.0,4936.0,4927.0,3.0,30.0,limit_touch,take_profit
2023-06-09,2023-06-09 11:28:00,2023-06-09 11:32:00,2023-06-09 11:53:00,short,4894.0,4901.5,4901.5,4890.5,-7.5,-75.0,limit_touch,stop_loss
2023-06-12,2023-06-12 10:28:00,2023-06-12 10:28:00,2023-06-12 10:28:00,short,4889.5,4886.5,4896.0,4886.5,3.0,30.0,limit_touch,take_profit
2023-06-12,2023-06-12 10:47:00,2023-06-12 10:54:00,2023-06-12 10:55:00,long,4910.5,4914.0,4903.0,4914.0,3.5,35.0,limit_touch,take_profit
2023-06-13,2023-06-13 10:03:00,2023-06-13 10:17:00,2023-06-13 10:27:00,short,4871.0,4868.5,4876.5,4868.5,2.5,25.0,limit_touch,take_profit
2023-06-13,2023-06-13 11:14:00,2023-06-13 11:17:00,2023-06-13 11:24:00,long,4888.5,4882.5,4882.5,4891.5,-6.0,-60.0,limit_touch,stop_loss
2023-06-14,2023-06-14 10:52:00,2023-06-14 10:59:00,2023-06-14 11:06:00,short,4864.5,4862.0,4870.0,4862.0,2.5,25.0,better_open,take_profit
2023-06-14,2023-06-14 11:59:00,2023-06-14 12:38:00,2023-06-14 12:42:00,short,4860.5,4858.0,4865.5,4858.0,2.5,25.0,limit_touch,take_profit
2023-06-14,2023-06-14 12:46:00,2023-06-14 12:59:00,2023-06-14 13:09:00,short,4859.0,4857.0,4864.0,4857.0,2.0,20.0,limit_touch,take_profit
2023-06-14,2023-06-14 13:22:00,2023-06-14 13:51:00,2023-06-14 14:23:00,short,4855.0,4860.0,4860.0,4852.5,-5.0,-50.0,limit_touch,stop_loss
2023-06-15,2023-06-15 10:26:00,2023-06-15 10:33:00,2023-06-15 11:10:00,short,4832.0,4827.5,4841.5,4827.5,4.5,45.0,limit_touch,take_profit
2023-06-15,2023-06-15 11:11:00,2023-06-15 11:17:00,2023-06-15 11:21:00,short,4831.0,4826.5,4840.5,4826.5,4.5,45.0,limit_touch,take_profit
2023-06-15,2023-06-15 11:25:00,2023-06-15 11:38:00,2023-06-15 12:17:00,short,4830.0,4825.5,4839.5,4825.5,4.5,45.0,limit_touch,take_profit
2023-06-15,2023-06-15 12:44:00,2023-06-15 13:00:00,2023-06-15 13:38:00,short,4826.5,4822.5,4835.5,4822.5,4.0,40.0,limit_touch,take_profit
2023-06-16,2023-06-16 10:11:00,2023-06-16 10:21:00,2023-06-16 10:23:00,long,4851.0,4854.0,4844.0,4854.0,3.0,30.0,limit_touch,take_profit
2023-06-20,2023-06-20 10:43:00,2023-06-20 10:45:00,2023-06-20 10:47:00,long,4800.0,4802.5,4794.0,4802.5,2.5,25.0,limit_touch,take_profit
2023-06-20,2023-06-20 11:09:00,2023-06-20 11:11:00,2023-06-20 11:35:00,long,4803.0,4806.0,4797.0,4806.0,3.0,30.0,limit_touch,take_profit
2023-06-20,2023-06-20 13:55:00,2023-06-20 14:02:00,2023-06-20 14:06:00,long,4805.5,4808.5,4799.0,4808.5,3.0,30.0,limit_touch,take_profit
2023-06-20,2023-06-20 14:11:00,2023-06-20 14:19:00,2023-06-20 14:24:00,long,4808.5,4802.0,4802.0,4811.5,-6.5,-65.0,limit_touch,stop_loss
2023-06-21,2023-06-21 11:02:00,2023-06-21 11:06:00,2023-06-21 11:10:00,short,4796.5,4793.5,4803.5,4793.5,3.0,30.0,limit_touch,take_profit
2023-06-22,2023-06-22 10:43:00,2023-06-22 10:46:00,2023-06-22 10:46:00,long,4779.5,4782.0,4773.5,4782.0,2.5,25.0,limit_touch,take_profit
2023-06-22,2023-06-22 11:05:00,2023-06-22 11:13:00,2023-06-22 11:18:00,long,4781.5,4784.5,4775.5,4784.5,3.0,30.0,limit_touch,take_profit_gap_open
2023-06-22,2023-06-22 14:33:00,2023-06-22 14:45:00,2023-06-22 15:09:00,long,4786.0,4780.0,4780.0,4788.5,-6.0,-60.0,limit_touch,stop_loss
2023-06-23,2023-06-23 10:02:00,2023-06-23 10:08:00,2023-06-23 10:14:00,short,4795.0,4801.5,4801.5,4792.0,-6.5,-65.0,limit_touch,stop_loss
2023-06-23,2023-06-23 10:46:00,2023-06-23 10:47:00,2023-06-23 10:47:00,short,4794.0,4791.0,4801.0,4791.0,3.0,30.0,limit_touch,take_profit
2023-06-23,2023-06-23 11:05:00,2023-06-23 11:05:00,2023-06-23 11:05:00,short,4792.5,4789.5,4799.5,4789.5,3.0,30.0,limit_touch,take_profit
2023-06-23,2023-06-23 12:24:00,2023-06-23 12:51:00,2023-06-23 13:02:00,short,4781.0,4777.5,4788.0,4777.5,3.5,35.0,limit_touch,take_profit
2023-06-26,2023-06-26 10:43:00,2023-06-26 10:58:00,2023-06-26 11:04:00,short,4768.0,4765.5,4773.5,4765.5,2.5,25.0,limit_touch,take_profit
2023-06-27,2023-06-27 11:01:00,2023-06-27 11:27:00,2023-06-27 11:29:00,long,4786.0,4789.0,4780.0,4789.0,3.0,30.0,limit_touch,take_profit
2023-06-29,2023-06-29 10:01:00,2023-06-29 10:05:00,2023-06-29 10:07:00,long,4854.5,4858.0,4847.0,4858.0,3.5,35.0,limit_touch,take_profit
2023-06-29,2023-06-29 10:13:00,2023-06-29 10:25:00,2023-06-29 10:25:00,long,4859.0,4862.5,4851.0,4862.5,3.5,35.0,limit_touch,take_profit
2023-06-29,2023-06-29 11:10:00,2023-06-29 11:15:00,2023-06-29 11:24:00,long,4862.0,4865.5,4854.5,4865.5,3.5,35.0,limit_touch,take_profit
2023-06-29,2023-06-29 11:54:00,2023-06-29 12:05:00,2023-06-29 12:12:00,long,4865.0,4868.5,4857.5,4868.5,3.5,35.0,limit_touch,take_profit
2023-06-30,2023-06-30 10:09:00,2023-06-30 10:38:00,2023-06-30 10:42:00,short,4859.0,4855.0,4867.0,4855.0,4.0,40.0,limit_touch,take_profit
2023-06-30,2023-06-30 11:14:00,2023-06-30 11:37:00,2023-06-30 11:45:00,short,4850.0,4846.0,4858.5,4846.0,4.0,40.0,limit_touch,take_profit
2023-07-05,2023-07-05 10:12:00,2023-07-05 10:12:00,2023-07-05 10:12:00,short,4868.0,4865.0,4875.0,4865.0,3.0,30.0,limit_touch,take_profit
2023-07-06,2023-07-06 13:15:00,2023-07-06 14:21:00,2023-07-06 14:27:00,long,4946.0,4950.0,4937.0,4950.0,4.0,40.0,limit_touch,take_profit
2023-07-10,2023-07-10 11:38:00,2023-07-10 11:47:00,2023-07-10 11:52:00,long,4903.5,4895.5,4895.5,4907.5,-8.0,-80.0,limit_touch,stop_loss
2023-07-12,2023-07-12 11:07:00,2023-07-12 11:23:00,2023-07-12 11:30:00,short,4820.5,4829.5,4829.5,4816.5,-9.0,-90.0,limit_touch,stop_loss
2023-07-13,2023-07-13 10:15:00,2023-07-13 10:17:00,2023-07-13 10:24:00,short,4819.0,4827.0,4827.0,4815.5,-8.0,-80.0,limit_touch,stop_loss
2023-07-13,2023-07-13 13:38:00,2023-07-13 13:57:00,2023-07-13 14:03:00,short,4816.0,4812.0,4824.5,4812.0,4.0,40.0,limit_touch,take_profit
2023-07-14,2023-07-14 10:11:00,2023-07-14 10:17:00,2023-07-14 10:26:00,short,4799.5,4807.0,4807.0,4796.0,-7.5,-75.0,limit_touch,stop_loss
2023-07-14,2023-07-14 13:36:00,2023-07-14 14:01:00,2023-07-14 14:24:00,long,4820.0,4823.5,4812.0,4823.5,3.5,35.0,limit_touch,take_profit
2023-07-17,2023-07-17 10:43:00,2023-07-17 11:03:00,2023-07-17 11:04:00,long,4850.0,4853.5,4842.5,4853.5,3.5,35.0,limit_touch,take_profit
2023-07-18,2023-07-18 11:53:00,2023-07-18 12:28:00,2023-07-18 12:46:00,short,4814.5,4810.5,4822.5,4810.5,4.0,40.0,limit_touch,take_profit
2023-07-19,2023-07-19 10:03:00,2023-07-19 10:07:00,2023-07-19 10:21:00,short,4818.5,4816.0,4824.5,4816.0,2.5,25.0,limit_touch,take_profit
2023-07-19,2023-07-19 10:51:00,2023-07-19 11:10:00,2023-07-19 11:14:00,short,4802.5,4799.5,4809.0,4799.5,3.0,30.0,limit_touch,take_profit
2023-07-20,2023-07-20 10:05:00,2023-07-20 10:13:00,2023-07-20 10:16:00,short,4792.0,4789.5,4797.5,4789.5,2.5,25.0,limit_touch,take_profit
2023-07-20,2023-07-20 10:30:00,2023-07-20 10:34:00,2023-07-20 10:35:00,short,4790.0,4795.5,4795.5,4787.5,-5.5,-55.0,limit_touch,stop_loss
2023-07-20,2023-07-20 11:02:00,2023-07-20 11:17:00,2023-07-20 11:24:00,short,4786.5,4792.0,4792.0,4784.0,-5.5,-55.0,limit_touch,stop_loss
2023-07-20,2023-07-20 11:48:00,2023-07-20 12:00:00,2023-07-20 12:34:00,long,4809.0,4812.0,4802.5,4812.0,3.0,30.0,limit_touch,take_profit
2023-07-20,2023-07-20 12:36:00,2023-07-20 13:19:00,2023-07-20 13:25:00,long,4809.5,4812.5,4802.5,4812.5,3.0,30.0,limit_touch,take_profit
2023-07-20,2023-07-20 14:01:00,2023-07-20 14:35:00,2023-07-20 15:18:00,long,4810.5,4804.0,4804.0,4813.5,-6.5,-65.0,limit_touch,stop_loss
2023-07-21,2023-07-21 10:56:00,2023-07-21 11:35:00,2023-07-21 11:40:00,short,4783.0,4779.5,4790.0,4779.5,3.5,35.0,limit_touch,take_profit
2023-07-25,2023-07-25 10:12:00,2023-07-25 10:21:00,2023-07-25 10:25:00,long,4754.0,4748.0,4748.0,4756.5,-6.0,-60.0,limit_touch,stop_gap_open
2023-07-26,2023-07-26 10:38:00,2023-07-26 10:40:00,2023-07-26 11:06:00,short,4738.0,4744.0,4744.0,4735.0,-6.0,-60.0,limit_touch,stop_loss
2023-07-27,2023-07-27 10:07:00,2023-07-27 10:11:00,2023-07-27 10:11:00,short,4718.5,4715.0,4726.0,4715.0,3.5,35.0,limit_touch,take_profit
2023-07-28,2023-07-28 10:44:00,2023-07-28 10:56:00,2023-07-28 11:14:00,long,4725.5,4729.5,4717.0,4729.5,4.0,40.0,limit_touch,take_profit
2023-07-28,2023-07-28 13:14:00,2023-07-28 13:30:00,2023-07-28 13:33:00,long,4732.5,4736.0,4725.0,4736.0,3.5,35.0,limit_touch,take_profit
2023-07-31,2023-07-31 10:24:00,2023-07-31 10:25:00,2023-07-31 10:27:00,long,4764.5,4768.0,4757.5,4768.0,3.5,35.0,limit_touch,take_profit
2023-07-31,2023-07-31 10:32:00,2023-07-31 10:32:00,2023-07-31 10:32:00,long,4766.0,4769.5,4759.0,4769.5,3.5,35.0,limit_touch,take_profit
2023-07-31,2023-07-31 11:08:00,2023-07-31 11:22:00,2023-07-31 11:24:00,long,4769.5,4773.0,4762.0,4773.0,3.5,35.0,limit_touch,take_profit
2023-07-31,2023-07-31 11:59:00,2023-07-31 12:24:00,2023-07-31 13:01:00,long,4777.0,4769.0,4769.0,4780.5,-8.0,-80.0,limit_touch,stop_loss
2023-08-01,2023-08-01 10:22:00,2023-08-01 11:00:00,2023-08-01 11:00:00,long,4794.0,4787.5,4787.5,4797.0,-6.5,-65.0,limit_touch,stop_loss
2023-08-01,2023-08-01 11:16:00,2023-08-01 11:41:00,2023-08-01 11:45:00,long,4796.5,4799.5,4790.0,4799.5,3.0,30.0,limit_touch,take_profit
2023-08-02,2023-08-02 11:01:00,2023-08-02 11:07:00,2023-08-02 11:20:00,long,4830.5,4833.5,4824.0,4833.5,3.0,30.0,limit_touch,take_profit
2023-08-02,2023-08-02 12:14:00,2023-08-02 12:24:00,2023-08-02 12:56:00,long,4838.0,4841.0,4831.0,4841.0,3.0,30.0,limit_touch,take_profit
2023-08-03,2023-08-03 10:06:00,2023-08-03 10:07:00,2023-08-03 10:09:00,long,4892.0,4895.5,4884.0,4895.5,3.5,35.0,limit_touch,take_profit
2023-08-03,2023-08-03 10:18:00,2023-08-03 10:23:00,2023-08-03 10:26:00,long,4897.5,4901.0,4889.5,4901.0,3.5,35.0,limit_touch,take_profit
2023-08-03,2023-08-03 11:02:00,2023-08-03 11:38:00,2023-08-03 11:42:00,long,4910.0,4902.0,4902.0,4913.5,-8.0,-80.0,limit_touch,stop_loss
2023-08-04,2023-08-04 10:31:00,2023-08-04 10:58:00,2023-08-04 11:13:00,short,4894.0,4890.0,4903.0,4890.0,4.0,40.0,limit_touch,take_profit
2023-08-07,2023-08-07 10:45:00,2023-08-07 11:19:00,2023-08-07 11:21:00,long,4926.0,4929.0,4919.0,4929.0,3.0,30.0,limit_touch,take_profit
2023-08-08,2023-08-08 10:27:00,2023-08-08 10:35:00,2023-08-08 10:40:00,short,4941.5,4938.5,4948.0,4938.5,3.0,30.0,limit_touch,take_profit
2023-08-09,2023-08-09 10:54:00,2023-08-09 10:59:00,2023-08-09 11:13:00,long,4920.5,4924.0,4913.0,4924.0,3.5,35.0,limit_touch,take_profit
2023-08-09,2023-08-09 12:17:00,2023-08-09 12:24:00,2023-08-09 13:06:00,long,4923.5,4916.5,4916.5,4926.5,-7.0,-70.0,limit_touch,stop_loss
2023-08-10,2023-08-10 12:09:00,2023-08-10 13:33:00,2023-08-10 13:38:00,short,4874.0,4870.5,4881.5,4870.5,3.5,35.0,limit_touch,take_profit
2023-08-11,2023-08-11 10:18:00,2023-08-11 10:37:00,2023-08-11 10:40:00,long,4915.0,4918.5,4907.5,4918.5,3.5,35.0,limit_touch,take_profit
2023-08-14,2023-08-14 10:48:00,2023-08-14 11:12:00,2023-08-14 11:58:00,long,4968.5,4971.5,4962.0,4971.5,3.0,30.0,limit_touch,take_profit
2023-08-15,2023-08-15 10:11:00,2023-08-15 10:14:00,2023-08-15 10:20:00,short,4984.0,4992.0,4992.0,4980.5,-8.0,-80.0,limit_touch,stop_loss
2023-08-15,2023-08-15 10:44:00,2023-08-15 10:50:00,2023-08-15 11:05:00,long,5004.5,5008.5,4996.0,5008.5,4.0,40.0,limit_touch,take_profit
2023-08-16,2023-08-16 10:15:00,2023-08-16 10:16:00,2023-08-16 10:20:00,long,4999.5,5002.5,4993.0,5002.5,3.0,30.0,limit_touch,take_profit
2023-08-16,2023-08-16 12:12:00,2023-08-16 12:22:00,2023-08-16 12:37:00,short,4975.5,4972.0,4983.0,4972.0,3.5,35.0,limit_touch,take_profit
2023-08-17,2023-08-17 10:40:00,2023-08-17 10:45:00,2023-08-17 10:54:00,short,4980.0,4987.5,4987.5,4976.5,-7.5,-75.0,limit_touch,stop_loss
2023-08-17,2023-08-17 11:37:00,2023-08-17 11:42:00,2023-08-17 11:53:00,long,5002.0,4994.0,4994.0,5006.0,-8.0,-80.0,limit_touch,stop_loss
2023-08-18,2023-08-18 11:23:00,2023-08-18 11:32:00,2023-08-18 11:36:00,short,4987.5,4984.0,4995.0,4984.0,3.5,35.0,limit_touch,take_profit
2023-08-18,2023-08-18 12:15:00,2023-08-18 14:22:00,2023-08-18 14:33:00,short,4981.0,4978.0,4988.0,4978.0,3.0,30.0,limit_touch,take_profit
2023-08-21,2023-08-21 10:45:00,2023-08-21 11:00:00,2023-08-21 11:03:00,long,4996.5,4999.0,4991.0,4999.0,2.5,25.0,limit_touch,take_profit
2023-08-21,2023-08-21 11:32:00,2023-08-21 11:41:00,2023-08-21 11:59:00,long,4998.0,5000.5,4992.5,5000.5,2.5,25.0,limit_touch,take_profit
2023-08-22,2023-08-22 11:15:00,2023-08-22 11:15:00,2023-08-22 11:15:00,short,4952.0,4949.0,4958.5,4949.0,3.0,30.0,limit_touch,take_profit
2023-08-22,2023-08-22 11:20:00,2023-08-22 11:28:00,2023-08-22 11:29:00,short,4948.0,4945.0,4955.0,4945.0,3.0,30.0,limit_touch,take_profit
2023-08-22,2023-08-22 12:03:00,2023-08-22 12:47:00,2023-08-22 14:17:00,short,4944.5,4951.0,4951.0,4941.5,-6.5,-65.0,limit_touch,stop_loss
2023-08-23,2023-08-23 10:27:00,2023-08-23 10:27:00,2023-08-23 10:27:00,short,4934.0,4931.5,4939.0,4931.5,2.5,25.0,limit_touch,take_profit
2023-08-24,2023-08-24 10:36:00,2023-08-24 10:37:00,2023-08-24 10:41:00,long,4888.5,4891.5,4882.0,4891.5,3.0,30.0,limit_touch,take_profit
2023-08-24,2023-08-24 11:00:00,2023-08-24 11:02:00,2023-08-24 11:09:00,short,4870.0,4877.0,4877.0,4867.0,-7.0,-70.0,limit_touch,stop_loss
2023-08-25,2023-08-25 10:45:00,2023-08-25 10:47:00,2023-08-25 11:02:00,long,4888.0,4891.0,4881.5,4891.0,3.0,30.0,limit_touch,take_profit
2023-08-25,2023-08-25 11:37:00,2023-08-25 12:00:00,2023-08-25 12:11:00,long,4895.5,4887.5,4887.5,4899.5,-8.0,-80.0,limit_touch,stop_loss
2023-08-28,2023-08-28 10:35:00,2023-08-28 10:43:00,2023-08-28 10:46:00,long,4895.0,4898.0,4889.0,4898.0,3.0,30.0,limit_touch,take_profit
2023-08-28,2023-08-28 11:54:00,2023-08-28 12:38:00,2023-08-28 12:42:00,long,4897.0,4900.0,4891.0,4900.0,3.0,30.0,limit_touch,take_profit
2023-08-29,2023-08-29 10:32:00,2023-08-29 10:41:00,2023-08-29 10:48:00,long,4898.5,4901.0,4893.0,4901.0,2.5,25.0,limit_touch,take_profit
2023-08-29,2023-08-29 11:05:00,2023-08-29 11:37:00,2023-08-29 12:13:00,short,4872.0,4869.0,4879.0,4869.0,3.0,30.0,limit_touch,take_profit
2023-08-29,2023-08-29 12:48:00,2023-08-29 13:06:00,2023-08-29 13:20:00,short,4866.0,4873.0,4873.0,4863.0,-7.0,-70.0,limit_touch,stop_loss
2023-08-30,2023-08-30 10:18:00,2023-08-30 10:21:00,2023-08-30 10:28:00,long,4859.0,4862.0,4852.5,4862.0,3.0,30.0,limit_touch,take_profit_gap_open
2023-08-30,2023-08-30 10:31:00,2023-08-30 10:31:00,2023-08-30 10:31:00,long,4860.0,4863.0,4853.5,4863.0,3.0,30.0,limit_touch,take_profit
2023-08-30,2023-08-30 10:43:00,2023-08-30 10:48:00,2023-08-30 10:54:00,long,4866.0,4859.5,4859.5,4869.0,-6.5,-65.0,limit_touch,stop_loss
2023-08-30,2023-08-30 11:50:00,2023-08-30 12:17:00,2023-08-30 12:24:00,long,4874.5,4877.5,4868.0,4877.5,3.0,30.0,limit_touch,take_profit
2023-08-31,2023-08-31 10:05:00,2023-08-31 10:05:00,2023-08-31 10:05:00,long,4907.0,4910.0,4900.0,4910.0,3.0,30.0,limit_touch,take_profit
2023-08-31,2023-08-31 12:05:00,2023-08-31 12:23:00,2023-08-31 12:32:00,long,4958.0,4962.0,4949.5,4962.0,4.0,40.0,limit_touch,take_profit
2023-09-01,2023-09-01 10:34:00,2023-09-01 10:41:00,2023-09-01 10:46:00,short,4931.0,4940.0,4940.0,4927.0,-9.0,-90.0,limit_touch,stop_loss
2023-09-01,2023-09-01 13:05:00,2023-09-01 13:25:00,2023-09-01 13:38:00,long,4956.0,4960.0,4947.5,4960.0,4.0,40.0,limit_touch,take_profit
2023-09-04,2023-09-04 10:31:00,2023-09-04 10:39:00,2023-09-04 10:50:00,short,4941.5,4938.5,4948.0,4938.5,3.0,30.0,limit_touch,take_profit
2023-09-04,2023-09-04 12:29:00,2023-09-04 14:31:00,2023-09-04 14:48:00,short,4936.5,4943.0,4943.0,4933.5,-6.5,-65.0,limit_touch,stop_loss
2023-09-05,2023-09-05 10:08:00,2023-09-05 10:11:00,2023-09-05 10:11:00,long,4988.5,4991.0,4982.5,4991.0,2.5,25.0,limit_touch,take_profit
2023-09-05,2023-09-05 10:19:00,2023-09-05 10:25:00,2023-09-05 10:33:00,long,4992.0,4994.5,4986.5,4994.5,2.5,25.0,limit_touch,take_profit
2023-09-05,2023-09-05 11:02:00,2023-09-05 11:22:00,2023-09-05 11:25:00,long,4993.5,4996.0,4987.5,4996.0,2.5,25.0,limit_touch,take_profit
2023-09-06,2023-09-06 10:57:00,2023-09-06 11:00:00,2023-09-06 11:01:00,short,4983.5,4990.0,4990.0,4980.5,-6.5,-65.0,limit_touch,stop_loss
2023-09-08,2023-09-08 10:07:00,2023-09-08 10:16:00,2023-09-08 10:25:00,long,4998.0,5001.0,4992.0,5001.0,3.0,30.0,limit_touch,take_profit
2023-09-08,2023-09-08 10:34:00,2023-09-08 10:37:00,2023-09-08 10:39:00,long,4999.5,5002.0,4993.5,5002.0,2.5,25.0,limit_touch,take_profit
2023-09-08,2023-09-08 10:47:00,2023-09-08 11:01:00,2023-09-08 11:05:00,long,5004.5,4998.5,4998.5,5007.5,-6.0,-60.0,limit_touch,stop_loss
2023-09-11,2023-09-11 10:28:00,2023-09-11 10:46:00,2023-09-11 10:50:00,short,4956.5,4953.5,4962.5,4953.5,3.0,30.0,limit_touch,take_profit
2023-09-11,2023-09-11 11:07:00,2023-09-11 11:57:00,2023-09-11 11:59:00,short,4955.0,4952.0,4961.0,4952.0,3.0,30.0,limit_touch,take_profit
2023-09-11,2023-09-11 14:26:00,2023-09-11 14:56:00,2023-09-11 15:31:00,short,4948.5,4946.0,4954.0,4946.0,2.5,25.0,limit_touch,take_profit
2023-09-12,2023-09-12 10:26:00,2023-09-12 10:35:00,2023-09-12 10:39:00,long,4973.0,4967.5,4967.5,4975.5,-5.5,-55.0,limit_touch,stop_loss
2023-09-13,2023-09-13 11:42:00,2023-09-13 14:21:00,2023-09-13 15:39:00,short,4924.5,4921.0,4931.5,4921.0,3.5,35.0,limit_touch,take_profit
2023-09-14,2023-09-14 10:35:00,2023-09-14 11:02:00,2023-09-14 11:07:00,short,4896.0,4903.0,4903.0,4893.0,-7.0,-70.0,limit_touch,stop_loss
2023-09-14,2023-09-14 13:06:00,2023-09-14 14:46:00,2023-09-14 15:00:00,short,4889.0,4886.0,4896.0,4886.0,3.0,30.0,limit_touch,take_profit
2023-09-15,2023-09-15 10:57:00,2023-09-15 11:00:00,2023-09-15 11:00:00,long,4885.0,4879.0,4879.0,4888.0,-6.0,-60.0,limit_touch,stop_loss
2023-09-18,2023-09-18 10:16:00,2023-09-18 10:49:00,2023-09-18 10:50:00,short,4866.0,4871.0,4871.0,4863.5,-5.0,-50.0,limit_touch,stop_loss
2023-09-19,2023-09-19 10:03:00,2023-09-19 10:04:00,2023-09-19 10:09:00,long,4862.5,4865.0,4857.5,4865.0,2.5,25.0,limit_touch,take_profit
2023-09-19,2023-09-19 10:20:00,2023-09-19 10:23:00,2023-09-19 10:30:00,long,4863.0,4858.0,4858.0,4865.5,-5.0,-50.0,limit_touch,stop_loss
2023-09-19,2023-09-19 11:16:00,2023-09-19 11:42:00,2023-09-19 12:09:00,long,4866.0,4868.5,4861.0,4868.5,2.5,25.0,better_open,take_profit
2023-09-20,2023-09-20 10:09:00,2023-09-20 10:15:00,2023-09-20 10:26:00,short,4855.0,4853.0,4859.5,4853.0,2.0,20.0,limit_touch,take_profit
2023-09-20,2023-09-20 10:43:00,2023-09-20 10:51:00,2023-09-20 11:01:00,short,4853.0,4851.0,4857.5,4851.0,2.0,20.0,limit_touch,take_profit
2023-09-22,2023-09-22 10:40:00,2023-09-22 10:45:00,2023-09-22 10:56:00,long,4930.5,4924.5,4924.5,4933.5,-6.0,-60.0,limit_touch,stop_loss
2023-09-22,2023-09-22 11:03:00,2023-09-22 11:09:00,2023-09-22 11:13:00,short,4915.5,4922.0,4922.0,4912.5,-6.5,-65.0,limit_touch,stop_loss
2023-09-25,2023-09-25 10:34:00,2023-09-25 10:39:00,2023-09-25 10:45:00,long,4964.5,4967.0,4959.0,4967.0,2.5,25.0,limit_touch,take_profit
2023-09-25,2023-09-25 13:51:00,2023-09-25 14:13:00,2023-09-25 14:52:00,long,4968.5,4963.0,4963.0,4971.0,-5.5,-55.0,limit_touch,stop_loss
2023-09-26,2023-09-26 14:37:00,2023-09-26 14:50:00,2023-09-26 15:21:00,long,4980.5,4983.0,4975.0,4983.0,2.5,25.0,limit_touch,take_profit
2023-09-27,2023-09-27 11:13:00,2023-09-27 11:24:00,2023-09-27 11:32:00,long,5018.5,5021.5,5012.0,5021.5,3.0,30.0,limit_touch,take_profit
2023-09-28,2023-09-28 10:49:00,2023-09-28 11:00:00,2023-09-28 11:11:00,long,5057.0,5048.5,5048.5,5061.0,-8.5,-85.0,limit_touch,stop_loss
2023-09-29,2023-09-29 10:51:00,2023-09-29 10:55:00,2023-09-29 10:58:00,long,5034.0,5026.5,5026.5,5037.5,-7.5,-75.0,limit_touch,stop_loss
2023-09-29,2023-09-29 11:07:00,2023-09-29 11:09:00,2023-09-29 11:17:00,long,5037.5,5041.5,5029.5,5041.5,4.0,40.0,limit_touch,take_profit
2023-09-29,2023-09-29 11:24:00,2023-09-29 11:30:00,2023-09-29 11:35:00,long,5041.5,5045.5,5033.0,5045.5,4.0,40.0,limit_touch,take_profit
2023-09-29,2023-09-29 12:27:00,2023-09-29 12:35:00,2023-09-29 13:03:00,short,5020.0,5029.0,5029.0,5016.0,-9.0,-90.0,limit_touch,stop_loss
2023-10-02,2023-10-02 11:59:00,2023-10-02 12:14:00,2023-10-02 12:46:00,long,5085.5,5089.5,5077.0,5089.5,4.0,40.0,limit_touch,take_profit
2023-10-02,2023-10-02 13:03:00,2023-10-02 14:05:00,2023-10-02 14:28:00,long,5089.5,5081.5,5081.5,5093.0,-8.0,-80.0,limit_touch,stop_loss
2023-10-03,2023-10-03 10:56:00,2023-10-03 11:00:00,2023-10-03 11:00:00,short,5097.0,5104.5,5104.5,5093.5,-7.5,-75.0,limit_touch,stop_loss
2023-10-03,2023-10-03 11:20:00,2023-10-03 11:21:00,2023-10-03 11:23:00,long,5112.0,5116.0,5104.0,5116.0,4.0,40.0,limit_touch,take_profit
2023-10-03,2023-10-03 11:30:00,2023-10-03 11:35:00,2023-10-03 11:38:00,long,5122.5,5126.5,5114.0,5126.5,4.0,40.0,limit_touch,take_profit
2023-10-04,2023-10-04 10:51:00,2023-10-04 11:00:00,2023-10-04 11:00:00,long,5174.5,5178.5,5165.5,5178.5,4.0,40.0,limit_touch,take_profit
2023-10-04,2023-10-04 11:08:00,2023-10-04 11:13:00,2023-10-04 11:16:00,long,5183.5,5188.0,5174.0,5188.0,4.5,45.0,limit_touch,take_profit
2023-10-05,2023-10-05 10:02:00,2023-10-05 10:05:00,2023-10-05 10:28:00,short,5180.0,5176.0,5188.0,5176.0,4.0,40.0,limit_touch,take_profit
2023-10-05,2023-10-05 10:30:00,2023-10-05 10:30:00,2023-10-05 10:30:00,short,5178.5,5175.0,5186.5,5175.0,3.5,35.0,limit_touch,take_profit
2023-10-05,2023-10-05 10:31:00,2023-10-05 10:35:00,2023-10-05 10:45:00,short,5178.5,5175.0,5186.5,5175.0,3.5,35.0,limit_touch,take_profit
2023-10-05,2023-10-05 10:58:00,2023-10-05 11:00:00,2023-10-05 11:04:00,short,5175.5,5184.0,5184.0,5171.5,-8.5,-85.0,limit_touch,stop_loss
2023-10-05,2023-10-05 12:09:00,2023-10-05 12:12:00,2023-10-05 12:20:00,long,5195.5,5199.5,5187.0,5199.5,4.0,40.0,limit_touch,take_profit
2023-10-05,2023-10-05 12:44:00,2023-10-05 12:56:00,2023-10-05 12:57:00,long,5196.5,5200.5,5188.0,5200.5,4.0,40.0,limit_touch,take_profit
2023-10-06,2023-10-06 12:57:00,2023-10-06 13:21:00,2023-10-06 13:27:00,short,5181.0,5176.5,5191.0,5176.5,4.5,45.0,limit_touch,take_profit
2023-10-11,2023-10-11 10:01:00,2023-10-11 10:02:00,2023-10-11 10:03:00,short,5049.5,5056.5,5056.5,5046.5,-7.0,-70.0,limit_touch,stop_loss
2023-10-11,2023-10-11 10:38:00,2023-10-11 10:42:00,2023-10-11 10:50:00,long,5066.0,5058.5,5058.5,5069.5,-7.5,-75.0,limit_touch,stop_loss
2023-10-11,2023-10-11 11:16:00,2023-10-11 11:23:00,2023-10-11 11:50:00,long,5068.5,5072.0,5061.0,5072.0,3.5,35.0,limit_touch,take_profit
2023-10-11,2023-10-11 13:54:00,2023-10-11 14:11:00,2023-10-11 14:16:00,long,5073.0,5076.0,5066.0,5076.0,3.0,30.0,limit_touch,take_profit
2023-10-11,2023-10-11 14:38:00,2023-10-11 15:00:00,2023-10-11 15:25:00,long,5076.0,5069.5,5069.5,5079.0,-6.5,-65.0,limit_touch,stop_loss
2023-10-13,2023-10-13 10:50:00,2023-10-13 11:00:00,2023-10-13 11:15:00,short,5066.0,5073.5,5073.5,5062.5,-7.5,-75.0,limit_touch,stop_loss
2023-10-13,2023-10-13 12:42:00,2023-10-13 13:12:00,2023-10-13 14:05:00,long,5086.5,5090.0,5079.5,5090.0,3.5,35.0,limit_touch,take_profit
2023-10-16,2023-10-16 11:31:00,2023-10-16 11:35:00,2023-10-16 11:41:00,short,5067.0,5064.0,5073.5,5064.0,3.0,30.0,limit_touch,take_profit
2023-10-16,2023-10-16 11:47:00,2023-10-16 11:57:00,2023-10-16 12:48:00,short,5066.5,5073.0,5073.0,5063.5,-6.5,-65.0,limit_touch,stop_loss
2023-10-17,2023-10-17 10:36:00,2023-10-17 10:49:00,2023-10-17 10:49:00,long,5067.0,5070.0,5060.5,5070.0,3.0,30.0,limit_touch,take_profit
2023-10-17,2023-10-17 12:07:00,2023-10-17 12:27:00,2023-10-17 12:42:00,short,5036.5,5033.0,5043.5,5033.0,3.5,35.0,limit_touch,take_profit
2023-10-17,2023-10-17 13:24:00,2023-10-17 14:15:00,2023-10-17 14:31:00,short,5034.0,5031.0,5041.0,5031.0,3.0,30.0,limit_touch,take_profit
2023-10-18,2023-10-18 11:01:00,2023-10-18 11:15:00,2023-10-18 11:15:00,long,5062.0,5065.0,5055.5,5065.0,3.0,30.0,limit_touch,take_profit
2023-10-18,2023-10-18 12:10:00,2023-10-18 12:23:00,2023-10-18 12:46:00,long,5073.5,5076.5,5066.5,5076.5,3.0,30.0,limit_touch,take_profit
2023-10-19,2023-10-19 13:00:00,2023-10-19 13:00:00,2023-10-19 13:00:00,short,5057.0,5053.5,5064.0,5053.5,3.5,35.0,limit_touch,take_profit
2023-10-19,2023-10-19 13:21:00,2023-10-19 13:26:00,2023-10-19 13:34:00,short,5045.0,5053.0,5053.0,5041.5,-8.0,-80.0,limit_touch,stop_loss
2023-10-20,2023-10-20 11:02:00,2023-10-20 11:15:00,2023-10-20 11:16:00,short,5067.0,5063.0,5075.5,5063.0,4.0,40.0,limit_touch,take_profit
2023-10-23,2023-10-23 10:01:00,2023-10-23 10:13:00,2023-10-23 10:14:00,short,5039.0,5036.0,5046.0,5036.0,3.0,30.0,limit_touch,take_profit
2023-10-23,2023-10-23 10:30:00,2023-10-23 10:40:00,2023-10-23 10:44:00,short,5038.5,5045.5,5045.5,5035.5,-7.0,-70.0,limit_touch,stop_loss
2023-10-23,2023-10-23 13:57:00,2023-10-23 14:56:00,2023-10-23 15:19:00,short,5016.5,5023.5,5023.5,5013.5,-7.0,-70.0,limit_touch,stop_loss
2023-10-24,2023-10-24 10:38:00,2023-10-24 10:42:00,2023-10-24 10:44:00,short,5017.0,5014.0,5024.0,5014.0,3.0,30.0,limit_touch,take_profit
2023-10-24,2023-10-24 11:00:00,2023-10-24 11:04:00,2023-10-24 11:08:00,short,5012.5,5009.0,5019.5,5009.0,3.5,35.0,limit_touch,take_profit
2023-10-24,2023-10-24 11:28:00,2023-10-24 11:42:00,2023-10-24 11:44:00,short,5004.5,5001.0,5012.0,5001.0,3.5,35.0,limit_touch,take_profit
2023-10-25,2023-10-25 11:18:00,2023-10-25 11:21:00,2023-10-25 11:30:00,long,5015.0,5018.0,5008.5,5018.0,3.0,30.0,limit_touch,take_profit
2023-10-26,2023-10-26 11:14:00,2023-10-26 11:27:00,2023-10-26 11:37:00,long,5015.0,5008.0,5008.0,5018.0,-7.0,-70.0,limit_touch,stop_loss
2023-10-27,2023-10-27 10:24:00,2023-10-27 10:43:00,2023-10-27 10:50:00,short,4948.0,4945.0,4955.0,4945.0,3.0,30.0,limit_touch,take_profit
2023-10-30,2023-10-30 11:31:00,2023-10-30 11:36:00,2023-10-30 11:36:00,long,4999.5,5003.5,4991.0,5003.5,4.0,40.0,limit_touch,take_profit
2023-10-30,2023-10-30 11:50:00,2023-10-30 11:53:00,2023-10-30 11:57:00,long,5018.0,5008.0,5008.0,5022.5,-10.0,-100.0,limit_touch,stop_loss
2023-10-31,2023-10-31 10:14:00,2023-10-31 10:20:00,2023-10-31 10:24:00,long,5073.5,5078.5,5063.0,5078.5,5.0,50.0,limit_touch,take_profit
2023-11-01,2023-11-01 10:42:00,2023-11-01 10:44:00,2023-11-01 10:45:00,short,5039.5,5036.0,5047.5,5036.0,3.5,35.0,limit_touch,take_profit
2023-11-01,2023-11-01 11:04:00,2023-11-01 11:06:00,2023-11-01 11:06:00,short,5035.0,5031.5,5043.0,5031.5,3.5,35.0,limit_touch,take_profit
2023-11-01,2023-11-01 11:23:00,2023-11-01 11:47:00,2023-11-01 11:56:00,short,5033.5,5029.5,5041.5,5029.5,4.0,40.0,limit_touch,take_profit
2023-11-01,2023-11-01 15:00:00,2023-11-01 15:00:00,2023-11-01 15:00:00,short,5017.5,5014.0,5025.0,5014.0,3.5,35.0,limit_touch,take_profit
2023-11-06,2023-11-06 10:29:00,2023-11-06 10:47:00,2023-11-06 10:48:00,long,4920.5,4923.5,4914.0,4923.5,3.0,30.0,limit_touch,take_profit
2023-11-06,2023-11-06 13:01:00,2023-11-06 13:10:00,2023-11-06 13:42:00,short,4908.0,4914.5,4914.5,4905.0,-6.5,-65.0,better_open,stop_loss
2023-11-07,2023-11-07 10:37:00,2023-11-07 11:37:00,2023-11-07 11:59:00,short,4884.5,4881.5,4891.0,4881.5,3.0,30.0,limit_touch,take_profit
2023-11-08,2023-11-08 10:07:00,2023-11-08 10:12:00,2023-11-08 10:18:00,short,4898.5,4904.0,4904.0,4896.0,-5.5,-55.0,limit_touch,stop_loss
2023-11-08,2023-11-08 11:17:00,2023-11-08 11:21:00,2023-11-08 11:24:00,short,4897.5,4895.0,4903.0,4895.0,2.5,25.0,limit_touch,take_profit
2023-11-08,2023-11-08 11:38:00,2023-11-08 12:01:00,2023-11-08 12:21:00,short,4891.0,4897.0,4897.0,4888.5,-6.0,-60.0,limit_touch,stop_loss
2023-11-09,2023-11-09 10:08:00,2023-11-09 10:10:00,2023-11-09 10:13:00,short,4912.5,4918.0,4918.0,4910.0,-5.5,-55.0,limit_touch,stop_loss
2023-11-09,2023-11-09 11:47:00,2023-11-09 12:00:00,2023-11-09 12:06:00,short,4910.5,4916.5,4916.5,4908.0,-6.0,-60.0,limit_touch,stop_loss
2023-11-09,2023-11-09 14:39:00,2023-11-09 15:00:00,2023-11-09 15:01:00,long,4922.5,4925.0,4917.0,4925.0,2.5,25.0,limit_touch,take_profit
2023-11-10,2023-11-10 10:54:00,2023-11-10 11:18:00,2023-11-10 11:28:00,short,4935.0,4932.0,4942.0,4932.0,3.0,30.0,limit_touch,take_profit
2023-11-13,2023-11-13 10:43:00,2023-11-13 11:20:00,2023-11-13 11:21:00,long,4944.0,4946.5,4938.5,4946.5,2.5,25.0,limit_touch,take_profit
2023-11-13,2023-11-13 13:18:00,2023-11-13 14:29:00,2023-11-13 14:40:00,short,4925.5,4923.0,4930.5,4923.0,2.5,25.0,limit_touch,take_profit_gap_open
2023-11-14,2023-11-14 10:15:00,2023-11-14 10:26:00,2023-11-14 10:30:00,short,4900.5,4904.5,4904.5,4898.5,-4.0,-40.0,limit_touch,stop_loss
2023-11-14,2023-11-14 10:34:00,2023-11-14 10:51:00,2023-11-14 10:52:00,short,4871.5,4868.5,4877.5,4868.5,3.0,30.0,limit_touch,take_profit
2023-11-16,2023-11-16 10:39:00,2023-11-16 10:39:00,2023-11-16 10:39:00,short,4856.5,4853.5,4862.5,4853.5,3.0,30.0,limit_touch,take_profit
2023-11-16,2023-11-16 10:52:00,2023-11-16 11:00:00,2023-11-16 11:04:00,short,4852.5,4858.5,4858.5,4849.5,-6.0,-60.0,limit_touch,stop_loss
2023-11-16,2023-11-16 13:43:00,2023-11-16 14:11:00,2023-11-16 14:26:00,long,4882.5,4875.5,4875.5,4885.5,-7.0,-70.0,limit_touch,stop_loss
2023-11-17,2023-11-17 10:51:00,2023-11-17 11:02:00,2023-11-17 11:06:00,long,4892.5,4895.5,4886.0,4895.5,3.0,30.0,limit_touch,take_profit
2023-11-17,2023-11-17 12:13:00,2023-11-17 14:14:00,2023-11-17 14:25:00,long,4897.0,4900.0,4890.0,4900.0,3.0,30.0,limit_touch,take_profit
2023-11-20,2023-11-20 12:47:00,2023-11-20 14:51:00,2023-11-20 14:57:00,short,4874.5,4872.0,4880.0,4872.0,2.5,25.0,limit_touch,take_profit
2023-11-21,2023-11-21 10:15:00,2023-11-21 10:26:00,2023-11-21 10:34:00,long,4878.5,4881.0,4873.0,4881.0,2.5,25.0,limit_touch,take_profit
2023-11-22,2023-11-22 14:51:00,2023-11-22 14:58:00,2023-11-22 15:03:00,long,4913.5,4907.0,4907.0,4916.5,-6.5,-65.0,limit_touch,stop_loss
2023-11-24,2023-11-24 10:01:00,2023-11-24 10:06:00,2023-11-24 10:09:00,short,4890.5,4888.5,4895.0,4888.5,2.0,20.0,limit_touch,take_profit
2023-11-24,2023-11-24 12:51:00,2023-11-24 13:02:00,2023-11-24 13:09:00,long,4902.5,4905.0,4897.5,4905.0,2.5,25.0,limit_touch,take_profit
2023-11-27,2023-11-27 10:53:00,2023-11-27 11:05:00,2023-11-27 11:05:00,short,4882.0,4880.0,4887.0,4880.0,2.0,20.0,limit_touch,take_profit
2023-11-27,2023-11-27 12:24:00,2023-11-27 13:27:00,2023-11-27 13:31:00,long,4910.5,4913.0,4904.5,4913.0,2.5,25.0,limit_touch,take_profit
2023-11-28,2023-11-28 10:49:00,2023-11-28 10:51:00,2023-11-28 10:52:00,long,4903.0,4905.5,4897.5,4905.5,2.5,25.0,limit_touch,take_profit
2023-11-28,2023-11-28 12:40:00,2023-11-28 14:34:00,2023-11-28 14:40:00,short,4871.5,4868.5,4878.5,4868.5,3.0,30.0,limit_touch,take_profit
2023-11-29,2023-11-29 10:14:00,2023-11-29 10:30:00,2023-11-29 10:31:00,long,4892.5,4887.5,4887.5,4895.0,-5.0,-50.0,limit_touch,stop_loss
2023-11-29,2023-11-29 11:18:00,2023-11-29 11:31:00,2023-11-29 11:39:00,long,4895.0,4889.5,4889.5,4897.5,-5.5,-55.0,limit_touch,stop_loss
2023-11-30,2023-11-30 10:15:00,2023-11-30 10:19:00,2023-11-30 10:25:00,long,4952.0,4944.5,4944.5,4955.5,-7.5,-75.0,limit_touch,stop_loss
2023-11-30,2023-11-30 11:45:00,2023-11-30 11:54:00,2023-11-30 12:14:00,long,4952.0,4944.0,4944.0,4956.0,-8.0,-80.0,limit_touch,stop_loss
2023-12-01,2023-12-01 10:07:00,2023-12-01 10:19:00,2023-12-01 10:39:00,long,4933.5,4936.5,4927.0,4936.5,3.0,30.0,limit_touch,take_profit
2023-12-01,2023-12-01 11:03:00,2023-12-01 11:35:00,2023-12-01 11:47:00,long,4942.0,4936.0,4936.0,4945.0,-6.0,-60.0,limit_touch,stop_loss
2023-12-01,2023-12-01 12:20:00,2023-12-01 12:25:00,2023-12-01 12:27:00,short,4919.5,4916.5,4926.5,4916.5,3.0,30.0,limit_touch,take_profit
2023-12-04,2023-12-04 10:49:00,2023-12-04 10:54:00,2023-12-04 10:59:00,long,4916.5,4919.0,4910.5,4919.0,2.5,25.0,limit_touch,take_profit
2023-12-04,2023-12-04 11:25:00,2023-12-04 11:36:00,2023-12-04 11:36:00,long,4923.5,4926.0,4917.5,4926.0,2.5,25.0,limit_touch,take_profit
2023-12-04,2023-12-04 11:57:00,2023-12-04 12:01:00,2023-12-04 12:10:00,long,4924.5,4927.0,4918.5,4927.0,2.5,25.0,limit_touch,take_profit
2023-12-05,2023-12-05 12:04:00,2023-12-05 12:05:00,2023-12-05 12:06:00,short,4954.5,4951.0,4961.5,4951.0,3.5,35.0,limit_touch,take_profit
2023-12-05,2023-12-05 14:12:00,2023-12-05 14:44:00,2023-12-05 14:46:00,short,4952.5,4949.0,4960.0,4949.0,3.5,35.0,limit_touch,take_profit
2023-12-06,2023-12-06 10:30:00,2023-12-06 10:35:00,2023-12-06 10:38:00,short,4919.0,4916.5,4924.5,4916.5,2.5,25.0,limit_touch,take_profit
2023-12-06,2023-12-06 11:27:00,2023-12-06 11:47:00,2023-12-06 11:50:00,short,4906.0,4903.5,4912.0,4903.5,2.5,25.0,limit_touch,take_profit
2023-12-07,2023-12-07 10:05:00,2023-12-07 10:12:00,2023-12-07 10:23:00,short,4897.5,4895.0,4902.5,4895.0,2.5,25.0,limit_touch,take_profit
2023-12-07,2023-12-07 11:49:00,2023-12-07 12:00:00,2023-12-07 12:09:00,long,4916.5,4919.0,4911.0,4919.0,2.5,25.0,limit_touch,take_profit
2023-12-08,2023-12-08 10:16:00,2023-12-08 10:26:00,2023-12-08 10:28:00,long,4921.5,4924.0,4916.5,4924.0,2.5,25.0,limit_touch,take_profit
2023-12-08,2023-12-08 11:27:00,2023-12-08 11:31:00,2023-12-08 11:31:00,long,4935.0,4938.5,4928.0,4938.5,3.5,35.0,limit_touch,take_profit
2023-12-11,2023-12-11 10:44:00,2023-12-11 10:58:00,2023-12-11 11:02:00,long,4959.0,4953.0,4953.0,4961.5,-6.0,-60.0,better_open,stop_loss
2023-12-12,2023-12-12 10:21:00,2023-12-12 10:22:00,2023-12-12 10:25:00,long,4942.0,4937.0,4937.0,4944.5,-5.0,-50.0,limit_touch,stop_loss
2023-12-12,2023-12-12 10:46:00,2023-12-12 10:49:00,2023-12-12 10:54:00,long,4945.5,4948.0,4940.0,4948.0,2.5,25.0,limit_touch,take_profit
2023-12-12,2023-12-12 11:17:00,2023-12-12 11:20:00,2023-12-12 11:28:00,long,4947.0,4949.5,4941.0,4949.5,2.5,25.0,limit_touch,take_profit
2023-12-12,2023-12-12 11:45:00,2023-12-12 12:04:00,2023-12-12 12:07:00,long,4956.5,4959.0,4950.5,4959.0,2.5,25.0,limit_touch,take_profit
2023-12-12,2023-12-12 12:36:00,2023-12-12 13:00:00,2023-12-12 13:15:00,long,4959.0,4962.0,4953.0,4962.0,3.0,30.0,limit_touch,take_profit
2023-12-13,2023-12-13 10:24:00,2023-12-13 10:30:00,2023-12-13 10:34:00,long,4973.5,4976.0,4968.0,4976.0,2.5,25.0,limit_touch,take_profit_gap_open
2023-12-13,2023-12-13 12:03:00,2023-12-13 12:07:00,2023-12-13 12:11:00,short,4957.0,4954.5,4963.0,4954.5,2.5,25.0,limit_touch,take_profit
2023-12-14,2023-12-14 10:36:00,2023-12-14 10:39:00,2023-12-14 10:43:00,long,4904.0,4895.5,4895.5,4908.0,-8.5,-85.0,limit_touch,stop_loss
2023-12-14,2023-12-14 11:50:00,2023-12-14 11:58:00,2023-12-14 12:16:00,short,4888.5,4897.0,4897.0,4884.5,-8.5,-85.0,limit_touch,stop_loss
2023-12-15,2023-12-15 10:19:00,2023-12-15 10:30:00,2023-12-15 10:31:00,long,4937.5,4940.5,4931.0,4940.5,3.0,30.0,limit_touch,take_profit
2023-12-15,2023-12-15 10:39:00,2023-12-15 10:51:00,2023-12-15 10:55:00,long,4942.0,4945.0,4935.5,4945.0,3.0,30.0,limit_touch,take_profit
2023-12-18,2023-12-18 10:26:00,2023-12-18 10:29:00,2023-12-18 10:32:00,long,4949.0,4943.5,4943.5,4951.5,-5.5,-55.0,limit_touch,stop_loss
2023-12-18,2023-12-18 10:49:00,2023-12-18 10:51:00,2023-12-18 11:04:00,short,4935.5,4941.0,4941.0,4933.0,-5.5,-55.0,limit_touch,stop_loss
2023-12-19,2023-12-19 10:37:00,2023-12-19 11:25:00,2023-12-19 11:42:00,short,4868.0,4865.0,4874.5,4865.0,3.0,30.0,limit_touch,take_profit
2023-12-19,2023-12-19 12:58:00,2023-12-19 13:50:00,2023-12-19 14:06:00,short,4863.0,4860.5,4869.0,4860.5,2.5,25.0,limit_touch,take_profit
2023-12-20,2023-12-20 11:19:00,2023-12-20 11:23:00,2023-12-20 11:38:00,long,4870.0,4872.0,4865.5,4872.0,2.0,20.0,limit_touch,take_profit
2023-12-20,2023-12-20 12:13:00,2023-12-20 12:27:00,2023-12-20 12:51:00,long,4875.0,4877.5,4870.0,4877.5,2.5,25.0,limit_touch,take_profit
2023-12-20,2023-12-20 13:00:00,2023-12-20 13:05:00,2023-12-20 13:11:00,long,4875.5,4877.5,4871.0,4877.5,2.0,20.0,limit_touch,take_profit
2023-12-21,2023-12-21 10:30:00,2023-12-21 10:30:00,2023-12-21 10:31:00,long,4894.0,4897.0,4887.5,4897.0,3.0,30.0,limit_touch,take_profit
2023-12-21,2023-12-21 10:41:00,2023-12-21 10:43:00,2023-12-21 11:00:00,short,4882.0,4879.0,4889.0,4879.0,3.0,30.0,limit_touch,take_profit
2023-12-21,2023-12-21 11:02:00,2023-12-21 11:09:00,2023-12-21 11:24:00,short,4880.5,4877.5,4887.0,4877.5,3.0,30.0,limit_touch,take_profit
2023-12-21,2023-12-21 11:38:00,2023-12-21 11:47:00,2023-12-21 12:06:00,short,4874.5,4881.5,4881.5,4871.5,-7.0,-70.0,limit_touch,stop_loss
2023-12-21,2023-12-21 13:31:00,2023-12-21 13:58:00,2023-12-21 14:08:00,short,4872.5,4879.0,4879.0,4869.5,-6.5,-65.0,limit_touch,stop_gap_open
2023-12-22,2023-12-22 10:01:00,2023-12-22 10:04:00,2023-12-22 10:07:00,short,4865.5,4863.0,4871.5,4863.0,2.5,25.0,limit_touch,take_profit
2023-12-22,2023-12-22 10:09:00,2023-12-22 10:15:00,2023-12-22 10:28:00,short,4864.5,4862.0,4870.5,4862.0,2.5,25.0,limit_touch,take_profit
2023-12-22,2023-12-22 11:32:00,2023-12-22 11:33:00,2023-12-22 11:47:00,short,4863.0,4868.5,4868.5,4860.5,-5.5,-55.0,limit_touch,stop_loss
2023-12-22,2023-12-22 12:06:00,2023-12-22 12:26:00,2023-12-22 12:33:00,short,4858.0,4864.0,4864.0,4855.0,-6.0,-60.0,limit_touch,stop_loss
2023-12-26,2023-12-26 10:00:00,2023-12-26 10:04:00,2023-12-26 10:05:00,short,4845.5,4843.0,4850.5,4843.0,2.5,25.0,limit_touch,take_profit
2023-12-26,2023-12-26 10:32:00,2023-12-26 10:35:00,2023-12-26 10:37:00,short,4841.0,4846.0,4846.0,4838.5,-5.0,-50.0,limit_touch,stop_loss
2023-12-26,2023-12-26 10:59:00,2023-12-26 11:04:00,2023-12-26 11:06:00,short,4839.0,4836.5,4844.5,4836.5,2.5,25.0,limit_touch,take_profit
2023-12-27,2023-12-27 10:00:00,2023-12-27 10:31:00,2023-12-27 10:32:00,long,4822.0,4824.0,4817.5,4824.0,2.0,20.0,limit_touch,take_profit
2023-12-27,2023-12-27 11:15:00,2023-12-27 12:48:00,2023-12-27 12:54:00,long,4823.0,4819.0,4819.0,4825.0,-4.0,-40.0,limit_touch,stop_loss
2023-12-27,2023-12-27 13:55:00,2023-12-27 14:07:00,2023-12-27 14:11:00,long,4825.0,4820.5,4820.5,4827.0,-4.5,-45.0,limit_touch,stop_loss
2023-12-28,2023-12-28 11:08:00,2023-12-28 11:15:00,2023-12-28 11:21:00,long,4861.5,4864.5,4855.5,4864.5,3.0,30.0,limit_touch,take_profit
2023-12-28,2023-12-28 14:31:00,2023-12-28 14:55:00,2023-12-28 15:02:00,long,4875.5,4878.5,4869.0,4878.5,3.0,30.0,limit_touch,take_profit
2024-01-02,2024-01-02 10:23:00,2024-01-02 10:34:00,2024-01-02 10:37:00,long,4903.0,4906.5,4896.0,4906.5,3.5,35.0,limit_touch,take_profit
2024-01-02,2024-01-02 10:59:00,2024-01-02 11:25:00,2024-01-02 11:36:00,long,4905.5,4898.0,4898.0,4909.0,-7.5,-75.0,limit_touch,stop_loss
2024-01-03,2024-01-03 10:41:00,2024-01-03 10:45:00,2024-01-03 10:57:00,short,4938.0,4944.5,4944.5,4935.0,-6.5,-65.0,limit_touch,stop_loss
2024-01-03,2024-01-03 11:39:00,2024-01-03 11:45:00,2024-01-03 11:50:00,short,4937.5,4934.5,4944.5,4934.5,3.0,30.0,limit_touch,take_profit
2024-01-03,2024-01-03 12:05:00,2024-01-03 12:10:00,2024-01-03 12:36:00,short,4927.0,4935.0,4935.0,4923.5,-8.0,-80.0,limit_touch,stop_loss
2024-01-04,2024-01-04 10:46:00,2024-01-04 10:53:00,2024-01-04 11:07:00,long,4939.5,4942.5,4933.0,4942.5,3.0,30.0,limit_touch,take_profit
2024-01-04,2024-01-04 11:29:00,2024-01-04 11:37:00,2024-01-04 11:47:00,long,4946.5,4949.5,4939.5,4949.5,3.0,30.0,limit_touch,take_profit
2024-01-08,2024-01-08 11:48:00,2024-01-08 12:01:00,2024-01-08 12:04:00,short,4897.0,4894.5,4903.0,4894.5,2.5,25.0,limit_touch,take_profit
2024-01-08,2024-01-08 13:43:00,2024-01-08 13:56:00,2024-01-08 14:03:00,short,4891.0,4888.5,4896.5,4888.5,2.5,25.0,limit_touch,take_profit
2024-01-09,2024-01-09 10:12:00,2024-01-09 10:13:00,2024-01-09 10:18:00,long,4903.5,4906.0,4898.5,4906.0,2.5,25.0,limit_touch,take_profit
2024-01-09,2024-01-09 10:25:00,2024-01-09 10:39:00,2024-01-09 10:56:00,long,4904.5,4907.0,4899.5,4907.0,2.5,25.0,limit_touch,take_profit
2024-01-09,2024-01-09 11:06:00,2024-01-09 11:15:00,2024-01-09 11:19:00,long,4906.5,4901.0,4901.0,4909.0,-5.5,-55.0,limit_touch,stop_loss
2024-01-09,2024-01-09 13:02:00,2024-01-09 13:16:00,2024-01-09 14:25:00,long,4914.0,4916.5,4908.5,4916.5,2.5,25.0,limit_touch,take_profit
2024-01-10,2024-01-10 10:03:00,2024-01-10 10:09:00,2024-01-10 10:18:00,short,4900.0,4904.5,4904.5,4898.0,-4.5,-45.0,limit_touch,stop_loss
2024-01-10,2024-01-10 10:29:00,2024-01-10 10:43:00,2024-01-10 11:00:00,short,4897.5,4902.5,4902.5,4895.0,-5.0,-50.0,limit_touch,stop_loss
2024-01-10,2024-01-10 11:35:00,2024-01-10 11:38:00,2024-01-10 11:55:00,long,4912.5,4907.0,4907.0,4915.0,-5.5,-55.0,limit_touch,stop_loss
2024-01-11,2024-01-11 10:05:00,2024-01-11 10:09:00,2024-01-11 10:10:00,short,4893.0,4891.0,4897.5,4891.0,2.0,20.0,limit_touch,take_profit
2024-01-11,2024-01-11 10:36:00,2024-01-11 10:38:00,2024-01-11 10:39:00,short,4887.5,4892.5,4892.5,4885.0,-5.0,-50.0,limit_touch,stop_loss
2024-01-11,2024-01-11 10:46:00,2024-01-11 10:49:00,2024-01-11 10:50:00,short,4887.0,4892.0,4892.0,4884.5,-5.0,-50.0,limit_touch,stop_loss
2024-01-11,2024-01-11 11:36:00,2024-01-11 11:42:00,2024-01-11 11:47:00,short,4880.0,4887.0,4887.0,4877.0,-7.0,-70.0,limit_touch,stop_loss
2024-01-12,2024-01-12 10:17:00,2024-01-12 10:19:00,2024-01-12 10:21:00,short,4874.0,4871.5,4879.5,4871.5,2.5,25.0,limit_touch,take_profit
2024-01-12,2024-01-12 10:37:00,2024-01-12 10:37:00,2024-01-12 10:37:00,short,4864.0,4861.5,4869.5,4861.5,2.5,25.0,limit_touch,take_profit
2024-01-12,2024-01-12 10:39:00,2024-01-12 10:42:00,2024-01-12 10:44:00,short,4856.5,4853.5,4862.5,4853.5,3.0,30.0,limit_touch,take_profit
2024-01-12,2024-01-12 11:44:00,2024-01-12 12:00:00,2024-01-12 12:36:00,short,4854.0,4860.5,4860.5,4851.0,-6.5,-65.0,limit_touch,stop_loss
2024-01-15,2024-01-15 12:17:00,2024-01-15 13:25:00,2024-01-15 14:02:00,long,4885.5,4881.0,4881.0,4887.5,-4.5,-45.0,limit_touch,stop_loss
2024-01-16,2024-01-16 10:09:00,2024-01-16 10:12:00,2024-01-16 10:15:00,short,4900.5,4905.5,4905.5,4898.5,-5.0,-50.0,limit_touch,stop_loss
2024-01-16,2024-01-16 11:54:00,2024-01-16 12:00:00,2024-01-16 12:00:00,long,4913.5,4916.0,4908.0,4916.0,2.5,25.0,limit_touch,take_profit
2024-01-16,2024-01-16 12:39:00,2024-01-16 12:57:00,2024-01-16 12:58:00,long,4923.5,4926.0,4918.0,4926.0,2.5,25.0,limit_touch,take_profit
2024-01-16,2024-01-16 13:01:00,2024-01-16 13:04:00,2024-01-16 13:08:00,long,4928.5,4931.0,4922.5,4931.0,2.5,25.0,limit_touch,take_profit
2024-01-17,2024-01-17 13:26:00,2024-01-17 13:30:00,2024-01-17 13:37:00,short,4940.0,4937.0,4946.5,4937.0,3.0,30.0,limit_touch,take_profit
2024-01-18,2024-01-18 10:01:00,2024-01-18 10:03:00,2024-01-18 10:20:00,long,4934.5,4937.0,4929.0,4937.0,2.5,25.0,limit_touch,take_profit
2024-01-18,2024-01-18 10:22:00,2024-01-18 10:28:00,2024-01-18 10:30:00,long,4935.0,4937.5,4929.5,4937.5,2.5,25.0,limit_touch,take_profit
2024-01-18,2024-01-18 10:58:00,2024-01-18 11:10:00,2024-01-18 11:15:00,long,4944.0,4946.5,4938.0,4946.5,2.5,25.0,limit_touch,take_profit
2024-01-18,2024-01-18 12:28:00,2024-01-18 12:37:00,2024-01-18 12:38:00,long,4954.5,4948.5,4948.5,4957.5,-6.0,-60.0,limit_touch,stop_loss
2024-01-19,2024-01-19 10:04:00,2024-01-19 10:05:00,2024-01-19 10:14:00,short,4918.0,4915.5,4923.5,4915.5,2.5,25.0,limit_touch,take_profit
2024-01-19,2024-01-19 10:20:00,2024-01-19 10:22:00,2024-01-19 10:34:00,short,4915.0,4920.5,4920.5,4912.5,-5.5,-55.0,limit_touch,stop_loss
2024-01-19,2024-01-19 10:53:00,2024-01-19 10:58:00,2024-01-19 11:00:00,long,4926.0,4929.0,4920.0,4929.0,3.0,30.0,limit_touch,take_profit
2024-01-19,2024-01-19 11:40:00,2024-01-19 11:53:00,2024-01-19 12:04:00,long,4935.0,4938.0,4929.0,4938.0,3.0,30.0,limit_touch,take_profit
2024-01-19,2024-01-19 12:05:00,2024-01-19 12:24:00,2024-01-19 14:26:00,long,4938.0,4931.5,4931.5,4941.0,-6.5,-65.0,limit_touch,stop_loss
2024-01-22,2024-01-22 11:27:00,2024-01-22 11:45:00,2024-01-22 12:07:00,long,4956.5,4959.5,4950.0,4959.5,3.0,30.0,limit_touch,take_profit
2024-01-23,2024-01-23 10:44:00,2024-01-23 10:53:00,2024-01-23 10:59:00,short,4973.5,4970.5,4979.5,4970.5,3.0,30.0,limit_touch,take_profit_gap_open
2024-01-24,2024-01-24 10:03:00,2024-01-24 10:10:00,2024-01-24 10:37:00,short,4918.5,4925.0,4925.0,4915.5,-6.5,-65.0,better_open,stop_loss
2024-01-25,2024-01-25 10:31:00,2024-01-25 10:31:00,2024-01-25 10:31:00,short,4930.5,4928.0,4936.0,4928.0,2.5,25.0,limit_touch,take_profit
2024-01-25,2024-01-25 10:39:00,2024-01-25 10:41:00,2024-01-25 10:41:00,short,4925.5,4923.0,4931.0,4923.0,2.5,25.0,limit_touch,take_profit
2024-01-25,2024-01-25 12:21:00,2024-01-25 12:32:00,2024-01-25 12:41:00,short,4920.5,4918.0,4926.5,4918.0,2.5,25.0,limit_touch,take_profit
2024-01-26,2024-01-26 11:30:00,2024-01-26 11:33:00,2024-01-26 11:36:00,long,4919.0,4921.5,4913.5,4921.5,2.5,25.0,limit_touch,take_profit
2024-01-29,2024-01-29 10:03:00,2024-01-29 10:03:00,2024-01-29 10:03:00,short,4913.0,4911.0,4917.0,4911.0,2.0,20.0,limit_touch,take_profit
2024-01-29,2024-01-29 10:04:00,2024-01-29 10:06:00,2024-01-29 10:37:00,short,4912.5,4916.5,4916.5,4910.5,-4.0,-40.0,limit_touch,stop_loss
2024-01-29,2024-01-29 11:26:00,2024-01-29 11:55:00,2024-01-29 12:24:00,long,4927.5,4929.5,4923.0,4929.5,2.0,20.0,limit_touch,take_profit
2024-01-29,2024-01-29 12:59:00,2024-01-29 13:06:00,2024-01-29 13:06:00,long,4943.5,4946.0,4938.5,4946.0,2.5,25.0,limit_touch,take_profit
2024-01-30,2024-01-30 10:39:00,2024-01-30 11:09:00,2024-01-30 11:25:00,long,4963.5,4958.0,4958.0,4966.0,-5.5,-55.0,limit_touch,stop_loss
2024-01-30,2024-01-30 12:16:00,2024-01-30 12:36:00,2024-01-30 12:43:00,long,4971.0,4974.0,4965.0,4974.0,3.0,30.0,limit_touch,take_profit
2024-01-31,2024-01-31 10:07:00,2024-01-31 10:15:00,2024-01-31 10:17:00,long,4972.0,4966.5,4966.5,4974.5,-5.5,-55.0,limit_touch,stop_loss
2024-01-31,2024-01-31 11:14:00,2024-01-31 11:17:00,2024-01-31 11:18:00,short,4961.0,4958.0,4967.5,4958.0,3.0,30.0,limit_touch,take_profit
2024-01-31,2024-01-31 11:39:00,2024-01-31 11:42:00,2024-01-31 11:48:00,short,4950.5,4957.0,4957.0,4947.5,-6.5,-65.0,limit_touch,stop_loss
2024-01-31,2024-01-31 13:10:00,2024-01-31 13:35:00,2024-01-31 14:45:00,short,4949.5,4946.0,4957.0,4946.0,3.5,35.0,limit_touch,take_profit_gap_open
2024-02-01,2024-02-01 11:52:00,2024-02-01 12:00:00,2024-02-01 12:01:00,short,4950.5,4947.0,4958.5,4947.0,3.5,35.0,limit_touch,take_profit_gap_open
2024-02-02,2024-02-02 10:36:00,2024-02-02 10:41:00,2024-02-02 10:48:00,long,4954.0,4957.0,4947.5,4957.0,3.0,30.0,limit_touch,take_profit
2024-02-02,2024-02-02 10:57:00,2024-02-02 11:43:00,2024-02-02 11:54:00,long,4958.0,4961.0,4951.0,4961.0,3.0,30.0,limit_touch,take_profit
2024-02-05,2024-02-05 12:17:00,2024-02-05 13:19:00,2024-02-05 13:25:00,long,5017.0,5019.5,5011.5,5019.5,2.5,25.0,limit_touch,take_profit
2024-02-06,2024-02-06 10:26:00,2024-02-06 10:28:00,2024-02-06 10:43:00,short,4975.5,4980.0,4980.0,4973.5,-4.5,-45.0,limit_touch,stop_loss
2024-02-06,2024-02-06 11:29:00,2024-02-06 11:33:00,2024-02-06 11:37:00,long,4986.0,4981.0,4981.0,4988.5,-5.0,-50.0,limit_touch,stop_loss
2024-02-06,2024-02-06 11:58:00,2024-02-06 12:02:00,2024-02-06 12:04:00,short,4974.0,4971.5,4979.5,4971.5,2.5,25.0,limit_touch,take_profit_gap_open
2024-02-06,2024-02-06 12:33:00,2024-02-06 13:03:00,2024-02-06 13:24:00,short,4968.5,4966.0,4974.0,4966.0,2.5,25.0,limit_touch,take_profit
2024-02-06,2024-02-06 14:27:00,2024-02-06 14:33:00,2024-02-06 14:45:00,short,4968.0,4965.5,4973.0,4965.5,2.5,25.0,limit_touch,take_profit
2024-02-07,2024-02-07 11:32:00,2024-02-07 11:33:00,2024-02-07 11:38:00,long,4975.0,4970.5,4970.5,4977.0,-4.5,-45.0,limit_touch,stop_loss
2024-02-08,2024-02-08 11:43:00,2024-02-08 11:45:00,2024-02-08 11:46:00,long,4994.0,4989.5,4989.5,4996.0,-4.5,-45.0,limit_touch,stop_loss
2024-02-08,2024-02-08 12:48:00,2024-02-08 12:48:00,2024-02-08 12:48:00,long,4997.5,4999.5,4992.5,4999.5,2.0,20.0,limit_touch,take_profit
2024-02-08,2024-02-08 12:50:00,2024-02-08 12:53:00,2024-02-08 12:58:00,long,5002.0,4997.0,4997.0,5004.5,-5.0,-50.0,limit_touch,stop_loss
2024-02-08,2024-02-08 13:51:00,2024-02-08 13:59:00,2024-02-08 14:01:00,long,5004.5,5007.0,4999.5,5007.0,2.5,25.0,limit_touch,take_profit
2024-02-09,2024-02-09 10:04:00,2024-02-09 10:09:00,2024-02-09 10:13:00,short,4989.5,4987.5,4994.0,4987.5,2.0,20.0,limit_touch,take_profit
2024-02-09,2024-02-09 10:30:00,2024-02-09 10:30:00,2024-02-09 10:30:00,short,4984.5,4982.5,4989.5,4982.5,2.0,20.0,limit_touch,take_profit
2024-02-14,2024-02-14 14:06:00,2024-02-14 14:09:00,2024-02-14 14:42:00,long,4983.0,4978.0,4978.0,4985.5,-5.0,-50.0,limit_touch,stop_loss
2024-02-15,2024-02-15 10:08:00,2024-02-15 10:14:00,2024-02-15 10:30:00,long,4976.5,4972.5,4972.5,4978.5,-4.0,-40.0,better_open,stop_loss
2024-02-15,2024-02-15 13:09:00,2024-02-15 13:21:00,2024-02-15 14:02:00,long,4983.5,4979.0,4979.0,4985.5,-4.5,-45.0,limit_touch,stop_loss
2024-02-16,2024-02-16 10:34:00,2024-02-16 10:34:00,2024-02-16 10:34:00,long,4986.0,4987.5,4982.5,4987.5,1.5,15.0,limit_touch,take_profit
2024-02-16,2024-02-16 10:35:00,2024-02-16 10:35:00,2024-02-16 10:35:00,long,4987.0,4988.5,4983.5,4988.5,1.5,15.0,limit_touch,take_profit
2024-02-16,2024-02-16 10:42:00,2024-02-16 10:46:00,2024-02-16 10:55:00,long,4989.0,4985.0,4985.0,4991.0,-4.0,-40.0,limit_touch,stop_loss
2024-02-16,2024-02-16 11:22:00,2024-02-16 11:26:00,2024-02-16 11:33:00,long,4989.5,4985.5,4985.5,4991.5,-4.0,-40.0,limit_touch,stop_loss
2024-02-16,2024-02-16 12:13:00,2024-02-16 12:21:00,2024-02-16 12:23:00,short,4972.5,4970.5,4977.0,4970.5,2.0,20.0,limit_touch,take_profit
2024-02-19,2024-02-19 11:03:00,2024-02-19 11:03:00,2024-02-19 11:03:00,short,4963.0,4961.5,4966.5,4961.5,1.5,15.0,limit_touch,take_profit
2024-02-19,2024-02-19 11:17:00,2024-02-19 11:28:00,2024-02-19 11:46:00,short,4962.0,4965.5,4965.5,4960.5,-3.5,-35.0,limit_touch,stop_loss
2024-02-20,2024-02-20 11:33:00,2024-02-20 12:37:00,2024-02-20 12:39:00,short,4941.0,4939.5,4944.5,4939.5,1.5,15.0,limit_touch,take_profit
2024-02-21,2024-02-21 10:17:00,2024-02-21 10:22:00,2024-02-21 10:24:00,short,4928.0,4931.0,4931.0,4926.5,-3.0,-30.0,limit_touch,stop_loss
2024-02-21,2024-02-21 12:51:00,2024-02-21 13:00:00,2024-02-21 13:04:00,long,4936.0,4937.5,4932.5,4937.5,1.5,15.0,limit_touch,take_profit
2024-02-22,2024-02-22 10:30:00,2024-02-22 10:30:00,2024-02-22 10:30:00,long,4939.5,4941.5,4935.5,4941.5,2.0,20.0,limit_touch,take_profit
2024-02-22,2024-02-22 11:17:00,2024-02-22 11:47:00,2024-02-22 11:48:00,long,4946.5,4948.5,4942.0,4948.5,2.0,20.0,limit_touch,take_profit
2024-02-23,2024-02-23 10:06:00,2024-02-23 10:09:00,2024-02-23 10:12:00,long,4971.5,4967.5,4967.5,4973.5,-4.0,-40.0,limit_touch,stop_loss
2024-02-23,2024-02-23 11:19:00,2024-02-23 11:21:00,2024-02-23 11:31:00,long,4986.0,4988.0,4981.5,4988.0,2.0,20.0,limit_touch,take_profit
2024-02-23,2024-02-23 12:07:00,2024-02-23 12:22:00,2024-02-23 12:23:00,long,4990.0,4992.0,4985.5,4992.0,2.0,20.0,limit_touch,take_profit
2024-02-26,2024-02-26 10:03:00,2024-02-26 10:06:00,2024-02-26 10:13:00,long,4988.5,4990.5,4984.0,4990.5,2.0,20.0,limit_touch,take_profit
2024-02-26,2024-02-26 10:27:00,2024-02-26 10:36:00,2024-02-26 10:45:00,long,4993.0,4988.5,4988.5,4995.0,-4.5,-45.0,limit_touch,stop_loss
2024-02-26,2024-02-26 11:36:00,2024-02-26 11:55:00,2024-02-26 12:00:00,short,4978.0,4975.5,4983.0,4975.5,2.5,25.0,limit_touch,take_profit
2024-02-27,2024-02-27 11:16:00,2024-02-27 11:26:00,2024-02-27 11:46:00,short,4963.5,4961.5,4968.0,4961.5,2.0,20.0,limit_touch,take_profit
2024-02-28,2024-02-28 11:02:00,2024-02-28 11:04:00,2024-02-28 11:05:00,long,4954.5,4956.5,4950.0,4956.5,2.0,20.0,limit_touch,take_profit
2024-02-28,2024-02-28 11:12:00,2024-02-28 11:25:00,2024-02-28 11:32:00,long,4956.0,4958.0,4951.5,4958.0,2.0,20.0,limit_touch,take_profit
2024-02-28,2024-02-28 11:35:00,2024-02-28 11:43:00,2024-02-28 11:50:00,long,4957.5,4959.5,4953.0,4959.5,2.0,20.0,limit_touch,take_profit
2024-02-28,2024-02-28 11:55:00,2024-02-28 12:05:00,2024-02-28 12:23:00,long,4958.0,4960.0,4953.0,4960.0,2.0,20.0,limit_touch,take_profit
2024-02-29,2024-02-29 10:02:00,2024-02-29 10:31:00,2024-02-29 10:31:00,long,5002.5,4996.5,4996.5,5005.0,-6.0,-60.0,limit_touch,stop_loss
2024-03-01,2024-03-01 10:18:00,2024-03-01 10:19:00,2024-03-01 10:20:00,long,4977.5,4979.5,4972.5,4979.5,2.0,20.0,limit_touch,take_profit
2024-03-01,2024-03-01 10:35:00,2024-03-01 10:35:00,2024-03-01 10:35:00,long,4982.5,4985.0,4977.5,4985.0,2.5,25.0,limit_touch,take_profit
2024-03-01,2024-03-01 11:21:00,2024-03-01 11:25:00,2024-03-01 11:42:00,short,4971.5,4976.5,4976.5,4969.0,-5.0,-50.0,limit_touch,stop_loss
2024-03-01,2024-03-01 12:15:00,2024-03-01 12:19:00,2024-03-01 12:20:00,short,4968.5,4966.0,4974.0,4966.0,2.5,25.0,limit_touch,take_profit
2024-03-04,2024-03-04 10:46:00,2024-03-04 10:47:00,2024-03-04 10:53:00,short,4960.0,4958.0,4964.0,4958.0,2.0,20.0,limit_touch,take_profit
2024-03-04,2024-03-04 10:54:00,2024-03-04 10:57:00,2024-03-04 11:02:00,short,4958.5,4956.5,4962.5,4956.5,2.0,20.0,limit_touch,take_profit
2024-03-04,2024-03-04 11:18:00,2024-03-04 11:21:00,2024-03-04 11:51:00,short,4957.5,4961.5,4961.5,4955.5,-4.0,-40.0,limit_touch,stop_loss
2024-03-04,2024-03-04 13:16:00,2024-03-04 14:00:00,2024-03-04 15:14:00,short,4956.0,4959.5,4959.5,4954.5,-3.5,-35.0,limit_touch,stop_loss
2024-03-05,2024-03-05 10:23:00,2024-03-05 10:25:00,2024-03-05 10:39:00,short,4961.0,4959.5,4964.0,4959.5,1.5,15.0,limit_touch,take_profit
2024-03-05,2024-03-05 12:16:00,2024-03-05 12:16:00,2024-03-05 12:16:00,short,4956.0,4954.5,4960.0,4954.5,1.5,15.0,limit_touch,take_profit
2024-03-05,2024-03-05 13:55:00,2024-03-05 14:00:00,2024-03-05 14:02:00,long,4967.5,4969.5,4963.5,4969.5,2.0,20.0,limit_touch,take_profit
2024-03-06,2024-03-06 10:30:00,2024-03-06 10:30:00,2024-03-06 10:36:00,short,4947.5,4945.5,4951.5,4945.5,2.0,20.0,limit_touch,take_profit
2024-03-06,2024-03-06 11:00:00,2024-03-06 11:01:00,2024-03-06 11:04:00,short,4947.0,4945.0,4951.0,4945.0,2.0,20.0,limit_touch,take_profit
2024-03-07,2024-03-07 13:54:00,2024-03-07 14:01:00,2024-03-07 14:11:00,short,4944.0,4947.0,4947.0,4942.5,-3.0,-30.0,limit_touch,stop_loss
2024-03-08,2024-03-08 10:24:00,2024-03-08 10:30:00,2024-03-08 10:30:00,long,4981.5,4977.0,4977.0,4983.5,-4.5,-45.0,limit_touch,stop_loss
2024-03-08,2024-03-08 11:14:00,2024-03-08 11:24:00,2024-03-08 11:27:00,long,4990.0,4984.0,4984.0,4993.0,-6.0,-60.0,limit_touch,stop_loss
2024-03-11,2024-03-11 11:35:00,2024-03-11 12:25:00,2024-03-11 12:57:00,short,4977.0,4975.0,4982.0,4975.0,2.0,20.0,limit_touch,take_profit
2024-03-12,2024-03-12 10:39:00,2024-03-12 10:50:00,2024-03-12 11:02:00,long,4991.0,4985.0,4985.0,4993.5,-6.0,-60.0,limit_touch,stop_loss
2024-03-13,2024-03-13 10:37:00,2024-03-13 11:09:00,2024-03-13 11:42:00,long,4986.0,4982.0,4982.0,4988.0,-4.0,-40.0,limit_touch,stop_loss
2024-03-14,2024-03-14 10:13:00,2024-03-14 10:16:00,2024-03-14 10:25:00,long,4971.5,4973.5,4967.5,4973.5,2.0,20.0,limit_touch,take_profit
2024-03-14,2024-03-14 10:36:00,2024-03-14 10:40:00,2024-03-14 10:43:00,long,4978.5,4980.5,4974.0,4980.5,2.0,20.0,limit_touch,take_profit
2024-03-14,2024-03-14 10:59:00,2024-03-14 11:05:00,2024-03-14 11:18:00,long,4979.5,4981.5,4975.0,4981.5,2.0,20.0,limit_touch,take_profit
2024-03-14,2024-03-14 12:55:00,2024-03-14 13:20:00,2024-03-14 13:29:00,long,4981.0,4983.0,4976.0,4983.0,2.0,20.0,limit_touch,take_profit
2024-03-15,2024-03-15 10:10:00,2024-03-15 10:13:00,2024-03-15 10:27:00,long,5000.5,5002.5,4996.0,5002.5,2.0,20.0,limit_touch,take_profit
2024-03-18,2024-03-18 11:01:00,2024-03-18 11:10:00,2024-03-18 11:11:00,long,5009.0,5011.0,5005.0,5011.0,2.0,20.0,limit_touch,take_profit
2024-03-18,2024-03-18 11:56:00,2024-03-18 12:59:00,2024-03-18 13:07:00,long,5022.5,5024.5,5018.0,5024.5,2.0,20.0,limit_touch,take_profit
2024-03-19,2024-03-19 10:35:00,2024-03-19 10:36:00,2024-03-19 10:44:00,short,5045.0,5043.0,5049.5,5043.0,2.0,20.0,limit_touch,take_profit
2024-03-19,2024-03-19 10:46:00,2024-03-19 10:47:00,2024-03-19 10:54:00,short,5043.5,5041.5,5048.0,5041.5,2.0,20.0,limit_touch,take_profit
2024-03-19,2024-03-19 11:11:00,2024-03-19 11:22:00,2024-03-19 11:26:00,short,5038.5,5036.5,5043.0,5036.5,2.0,20.0,limit_touch,take_profit
2024-03-19,2024-03-19 11:54:00,2024-03-19 12:04:00,2024-03-19 12:10:00,short,5032.5,5030.0,5037.5,5030.0,2.5,25.0,limit_touch,take_profit
2024-03-19,2024-03-19 12:56:00,2024-03-19 13:08:00,2024-03-19 13:09:00,short,5029.0,5026.5,5034.0,5026.5,2.5,25.0,better_open,take_profit
2024-03-20,2024-03-20 10:08:00,2024-03-20 10:10:00,2024-03-20 10:14:00,short,5020.0,5017.5,5025.0,5017.5,2.5,25.0,limit_touch,take_profit
2024-03-20,2024-03-20 10:35:00,2024-03-20 10:41:00,2024-03-20 10:47:00,short,5017.0,5014.5,5022.0,5014.5,2.5,25.0,better_open,take_profit
2024-03-21,2024-03-21 10:34:00,2024-03-21 10:43:00,2024-03-21 10:45:00,long,4975.0,4977.5,4969.5,4977.5,2.5,25.0,limit_touch,take_profit
2024-03-21,2024-03-21 11:03:00,2024-03-21 11:15:00,2024-03-21 11:16:00,long,4979.0,4981.5,4973.0,4981.5,2.5,25.0,limit_touch,take_profit
2024-03-22,2024-03-22 10:58:00,2024-03-22 11:22:00,2024-03-22 11:26:00,short,4989.0,4986.5,4994.0,4986.5,2.5,25.0,limit_touch,take_profit
2024-03-22,2024-03-22 11:54:00,2024-03-22 12:03:00,2024-03-22 12:07:00,short,4988.5,4986.5,4993.5,4986.5,2.0,20.0,limit_touch,take_profit_gap_open
2024-03-25,2024-03-25 10:01:00,2024-03-25 10:02:00,2024-03-25 10:04:00,long,5000.5,4996.5,4996.5,5002.5,-4.0,-40.0,limit_touch,stop_loss
2024-03-25,2024-03-25 10:15:00,2024-03-25 10:15:00,2024-03-25 10:15:00,short,4985.5,4983.5,4990.5,4983.5,2.0,20.0,limit_touch,take_profit
2024-03-25,2024-03-25 10:42:00,2024-03-25 10:45:00,2024-03-25 10:51:00,short,4984.0,4981.5,4989.0,4981.5,2.5,25.0,limit_touch,take_profit
2024-03-25,2024-03-25 11:03:00,2024-03-25 11:31:00,2024-03-25 11:39:00,short,4982.5,4980.0,4987.5,4980.0,2.5,25.0,limit_touch,take_profit
2024-03-26,2024-03-26 10:08:00,2024-03-26 10:13:00,2024-03-26 10:14:00,long,4977.5,4979.0,4973.5,4979.0,1.5,15.0,limit_touch,take_profit
2024-03-26,2024-03-26 12:40:00,2024-03-26 13:27:00,2024-03-26 13:32:00,long,4985.0,4986.5,4981.5,4986.5,1.5,15.0,limit_touch,take_profit
2024-03-27,2024-03-27 10:17:00,2024-03-27 10:30:00,2024-03-27 10:47:00,long,4989.0,4991.0,4985.0,4991.0,2.0,20.0,limit_touch,take_profit
2024-03-28,2024-03-28 10:03:00,2024-03-28 10:03:00,2024-03-28 10:12:00,long,5014.5,5016.5,5010.0,5016.5,2.0,20.0,limit_touch,take_profit
2024-03-28,2024-03-28 10:17:00,2024-03-28 10:19:00,2024-03-28 10:29:00,long,5018.5,5014.0,5014.0,5020.5,-4.5,-45.0,limit_touch,stop_loss
2024-03-28,2024-03-28 10:51:00,2024-03-28 10:52:00,2024-03-28 10:54:00,short,5004.5,5002.0,5009.5,5002.0,2.5,25.0,limit_touch,take_profit
2024-03-28,2024-03-28 11:12:00,2024-03-28 11:28:00,2024-03-28 12:00:00,short,5002.5,5007.5,5007.5,5000.0,-5.0,-50.0,limit_touch,stop_loss
2024-03-28,2024-03-28 13:00:00,2024-03-28 13:22:00,2024-03-28 13:22:00,long,5016.0,5018.0,5011.5,5018.0,2.0,20.0,limit_touch,take_profit
2024-04-01,2024-04-01 12:46:00,2024-04-01 14:41:00,2024-04-01 15:27:00,long,5070.5,5073.0,5065.5,5073.0,2.5,25.0,limit_touch,take_profit_gap_open
2024-04-02,2024-04-02 10:18:00,2024-04-02 10:52:00,2024-04-02 10:57:00,long,5062.0,5057.0,5057.0,5064.5,-5.0,-50.0,limit_touch,stop_loss
2024-04-02,2024-04-02 11:53:00,2024-04-02 11:58:00,2024-04-02 12:04:00,long,5067.5,5061.5,5061.5,5070.0,-6.0,-60.0,limit_touch,stop_loss
2024-04-02,2024-04-02 14:39:00,2024-04-02 14:51:00,2024-04-02 15:06:00,long,5069.0,5071.5,5063.5,5071.5,2.5,25.0,limit_touch,take_profit
2024-04-03,2024-04-03 10:02:00,2024-04-03 10:02:00,2024-04-03 10:10:00,short,5085.0,5090.0,5090.0,5083.0,-5.0,-50.0,limit_touch,stop_loss
2024-04-03,2024-04-03 10:49:00,2024-04-03 10:49:00,2024-04-03 10:49:00,long,5098.5,5101.0,5093.5,5101.0,2.5,25.0,limit_touch,take_profit
2024-04-03,2024-04-03 10:56:00,2024-04-03 11:00:00,2024-04-03 11:00:00,long,5099.0,5094.0,5094.0,5101.5,-5.0,-50.0,limit_touch,stop_loss
2024-04-04,2024-04-04 11:08:00,2024-04-04 11:30:00,2024-04-04 11:34:00,short,5036.5,5034.0,5041.5,5034.0,2.5,25.0,limit_touch,take_profit
2024-04-04,2024-04-04 12:47:00,2024-04-04 13:57:00,2024-04-04 14:21:00,short,5029.5,5035.0,5035.0,5027.0,-5.5,-55.0,limit_touch,stop_loss
2024-04-05,2024-04-05 13:32:00,2024-04-05 13:54:00,2024-04-05 14:02:00,long,5075.0,5078.0,5069.0,5078.0,3.0,30.0,limit_touch,take_profit
2024-04-08,2024-04-08 10:00:00,2024-04-08 10:06:00,2024-04-08 10:20:00,short,5072.5,5070.5,5077.5,5070.5,2.0,20.0,limit_touch,take_profit
2024-04-09,2024-04-09 10:10:00,2024-04-09 10:19:00,2024-04-09 10:20:00,short,5021.0,5019.0,5025.5,5019.0,2.0,20.0,limit_touch,take_profit
2024-04-09,2024-04-09 11:18:00,2024-04-09 11:34:00,2024-04-09 11:41:00,short,5017.5,5022.0,5022.0,5015.5,-4.5,-45.0,limit_touch,stop_loss
2024-04-09,2024-04-09 12:39:00,2024-04-09 13:59:00,2024-04-09 14:15:00,short,5017.0,5022.0,5022.0,5014.5,-5.0,-50.0,limit_touch,stop_loss
2024-04-11,2024-04-11 11:16:00,2024-04-11 11:53:00,2024-04-11 11:53:00,long,5093.0,5096.0,5086.0,5096.0,3.0,30.0,limit_touch,take_profit
2024-04-12,2024-04-12 10:05:00,2024-04-12 10:12:00,2024-04-12 10:14:00,long,5137.0,5131.5,5131.5,5139.5,-5.5,-55.0,limit_touch,stop_loss
2024-04-12,2024-04-12 12:08:00,2024-04-12 12:44:00,2024-04-12 13:01:00,long,5147.5,5141.5,5141.5,5150.0,-6.0,-60.0,limit_touch,stop_loss
2024-04-15,2024-04-15 14:27:00,2024-04-15 14:59:00,2024-04-15 15:34:00,long,5196.0,5188.5,5188.5,5199.5,-7.5,-75.0,limit_touch,stop_loss
2024-04-16,2024-04-16 11:59:00,2024-04-16 13:14:00,2024-04-16 13:31:00,long,5272.5,5277.0,5263.0,5277.0,4.5,45.0,limit_touch,take_profit
2024-04-17,2024-04-17 10:46:00,2024-04-17 10:56:00,2024-04-17 11:06:00,short,5246.5,5242.5,5255.5,5242.5,4.0,40.0,limit_touch,take_profit
2024-04-18,2024-04-18 12:43:00,2024-04-18 12:52:00,2024-04-18 13:01:00,long,5262.5,5266.5,5254.0,5266.5,4.0,40.0,limit_touch,take_profit
2024-04-18,2024-04-18 14:25:00,2024-04-18 14:43:00,2024-04-18 15:04:00,long,5272.5,5265.0,5265.0,5276.0,-7.5,-75.0,limit_touch,stop_loss
2024-04-19,2024-04-19 10:12:00,2024-04-19 10:15:00,2024-04-19 10:17:00,short,5257.5,5254.0,5264.5,5254.0,3.5,35.0,limit_touch,take_profit
2024-04-22,2024-04-22 10:04:00,2024-04-22 10:06:00,2024-04-22 10:08:00,long,5214.5,5217.5,5208.5,5217.5,3.0,30.0,limit_touch,take_profit
2024-04-22,2024-04-22 10:10:00,2024-04-22 10:11:00,2024-04-22 10:15:00,long,5215.0,5209.0,5209.0,5218.0,-6.0,-60.0,limit_touch,stop_loss
2024-04-22,2024-04-22 10:34:00,2024-04-22 10:34:00,2024-04-22 10:34:00,long,5216.0,5219.0,5209.5,5219.0,3.0,30.0,limit_touch,take_profit
2024-04-22,2024-04-22 10:47:00,2024-04-22 10:48:00,2024-04-22 11:09:00,long,5216.5,5210.5,5210.5,5219.5,-6.0,-60.0,limit_touch,stop_loss
2024-04-22,2024-04-22 11:25:00,2024-04-22 11:34:00,2024-04-22 11:40:00,short,5200.5,5197.5,5207.5,5197.5,3.0,30.0,limit_touch,take_profit
2024-04-22,2024-04-22 11:51:00,2024-04-22 12:00:00,2024-04-22 12:26:00,short,5199.0,5196.0,5206.0,5196.0,3.0,30.0,limit_touch,take_profit
2024-04-23,2024-04-23 10:12:00,2024-04-23 10:17:00,2024-04-23 10:18:00,long,5187.0,5189.5,5182.0,5189.5,2.5,25.0,limit_touch,take_profit
2024-04-23,2024-04-23 10:46:00,2024-04-23 10:46:00,2024-04-23 10:47:00,short,5173.0,5170.5,5179.0,5170.5,2.5,25.0,limit_touch,take_profit
2024-04-23,2024-04-23 11:27:00,2024-04-23 11:46:00,2024-04-23 11:55:00,short,5157.5,5154.5,5164.0,5154.5,3.0,30.0,limit_touch,take_profit
2024-04-24,2024-04-24 10:03:00,2024-04-24 10:21:00,2024-04-24 10:23:00,long,5151.0,5153.5,5145.5,5153.5,2.5,25.0,limit_touch,take_profit
2024-04-24,2024-04-24 11:37:00,2024-04-24 12:08:00,2024-04-24 12:18:00,long,5162.0,5156.5,5156.5,5164.5,-5.5,-55.0,limit_touch,stop_loss
2024-04-25,2024-04-25 10:14:00,2024-04-25 10:31:00,2024-04-25 10:32:00,long,5175.0,5178.5,5167.0,5178.5,3.5,35.0,limit_touch,take_profit
2024-04-26,2024-04-26 10:01:00,2024-04-26 10:22:00,2024-04-26 10:26:00,short,5134.0,5131.0,5140.5,5131.0,3.0,30.0,better_open,take_profit
2024-04-26,2024-04-26 11:00:00,2024-04-26 11:42:00,2024-04-26 12:08:00,short,5127.0,5124.0,5134.0,5124.0,3.0,30.0,limit_touch,take_profit
2024-04-29,2024-04-29 11:51:00,2024-04-29 11:53:00,2024-04-29 11:54:00,long,5117.5,5120.0,5112.0,5120.0,2.5,25.0,better_open,take_profit
2024-04-30,2024-04-30 10:26:00,2024-04-30 10:41:00,2024-04-30 10:44:00,long,5169.0,5172.0,5162.5,5172.0,3.0,30.0,limit_touch,take_profit
2024-05-06,2024-05-06 14:10:00,2024-05-06 14:29:00,2024-05-06 14:31:00,short,5081.0,5079.0,5085.5,5079.0,2.0,20.0,limit_touch,take_profit_gap_open
2024-05-07,2024-05-07 10:08:00,2024-05-07 10:25:00,2024-05-07 10:27:00,short,5073.5,5071.5,5078.5,5071.5,2.0,20.0,limit_touch,take_profit
2024-05-07,2024-05-07 11:54:00,2024-05-07 12:12:00,2024-05-07 12:16:00,short,5068.5,5073.5,5073.5,5066.0,-5.0,-50.0,limit_touch,stop_loss
2024-05-08,2024-05-08 10:18:00,2024-05-08 10:35:00,2024-05-08 10:39:00,long,5110.0,5105.5,5105.5,5112.0,-4.5,-45.0,limit_touch,stop_loss
2024-05-09,2024-05-09 10:59:00,2024-05-09 11:16:00,2024-05-09 11:21:00,long,5177.5,5170.5,5170.5,5181.0,-7.0,-70.0,limit_touch,stop_loss
2024-05-10,2024-05-10 10:07:00,2024-05-10 10:12:00,2024-05-10 10:21:00,long,5148.0,5142.0,5142.0,5151.0,-6.0,-60.0,limit_touch,stop_loss
2024-05-13,2024-05-13 10:00:00,2024-05-13 10:11:00,2024-05-13 10:12:00,short,5141.0,5138.5,5146.5,5138.5,2.5,25.0,limit_touch,take_profit
2024-05-13,2024-05-13 10:20:00,2024-05-13 10:25:00,2024-05-13 10:33:00,short,5140.0,5137.5,5145.5,5137.5,2.5,25.0,limit_touch,take_profit
2024-05-13,2024-05-13 10:34:00,2024-05-13 10:40:00,2024-05-13 10:42:00,short,5139.0,5136.5,5144.5,5136.5,2.5,25.0,limit_touch,take_profit
2024-05-13,2024-05-13 10:46:00,2024-05-13 10:52:00,2024-05-13 11:02:00,short,5138.0,5143.5,5143.5,5135.5,-5.5,-55.0,limit_touch,stop_loss
2024-05-13,2024-05-13 12:48:00,2024-05-13 14:52:00,2024-05-13 15:28:00,long,5163.0,5157.0,5157.0,5165.5,-6.0,-60.0,limit_touch,stop_loss
2024-05-15,2024-05-15 12:34:00,2024-05-15 13:00:00,2024-05-15 13:34:00,short,5139.0,5135.5,5146.0,5135.5,3.5,35.0,limit_touch,take_profit
2024-05-17,2024-05-17 10:16:00,2024-05-17 10:24:00,2024-05-17 10:33:00,short,5126.5,5124.5,5131.0,5124.5,2.0,20.0,limit_touch,take_profit
2024-05-17,2024-05-17 11:27:00,2024-05-17 11:41:00,2024-05-17 11:44:00,short,5119.5,5117.0,5124.5,5117.0,2.5,25.0,limit_touch,take_profit
2024-05-20,2024-05-20 10:05:00,2024-05-20 10:08:00,2024-05-20 10:14:00,long,5127.5,5129.5,5123.5,5129.5,2.0,20.0,limit_touch,take_profit
2024-05-20,2024-05-20 11:59:00,2024-05-20 12:12:00,2024-05-20 12:17:00,short,5104.5,5102.0,5109.5,5102.0,2.5,25.0,limit_touch,take_profit
2024-05-21,2024-05-21 10:10:00,2024-05-21 10:10:00,2024-05-21 10:10:00,short,5093.0,5091.0,5097.5,5091.0,2.0,20.0,limit_touch,take_profit
2024-05-21,2024-05-21 10:11:00,2024-05-21 10:13:00,2024-05-21 10:15:00,short,5093.0,5091.0,5097.5,5091.0,2.0,20.0,limit_touch,take_profit
2024-05-21,2024-05-21 12:00:00,2024-05-21 12:20:00,2024-05-21 12:23:00,long,5108.0,5110.5,5103.0,5110.5,2.5,25.0,limit_touch,take_profit
2024-05-21,2024-05-21 13:36:00,2024-05-21 14:45:00,2024-05-21 15:36:00,long,5118.0,5120.5,5113.0,5120.5,2.5,25.0,limit_touch,take_profit
2024-05-22,2024-05-22 10:02:00,2024-05-22 10:04:00,2024-05-22 10:06:00,long,5147.5,5149.5,5143.0,5149.5,2.0,20.0,limit_touch,take_profit
2024-05-22,2024-05-22 10:13:00,2024-05-22 10:23:00,2024-05-22 10:30:00,long,5149.5,5151.5,5145.0,5151.5,2.0,20.0,limit_touch,take_profit
2024-05-22,2024-05-22 10:31:00,2024-05-22 10:33:00,2024-05-22 10:43:00,long,5150.5,5152.5,5146.0,5152.5,2.0,20.0,limit_touch,take_profit
2024-05-22,2024-05-22 11:08:00,2024-05-22 11:12:00,2024-05-22 11:14:00,long,5152.5,5154.5,5148.0,5154.5,2.0,20.0,limit_touch,take_profit
2024-05-22,2024-05-22 11:43:00,2024-05-22 11:53:00,2024-05-22 12:03:00,long,5159.0,5154.0,5154.0,5161.5,-5.0,-50.0,limit_touch,stop_loss
2024-05-23,2024-05-23 10:36:00,2024-05-23 10:38:00,2024-05-23 10:44:00,short,5132.0,5129.5,5137.5,5129.5,2.5,25.0,limit_touch,take_profit
2024-05-23,2024-05-23 11:21:00,2024-05-23 11:39:00,2024-05-23 11:56:00,long,5150.5,5153.5,5144.5,5153.5,3.0,30.0,limit_touch,take_profit
2024-05-24,2024-05-24 10:17:00,2024-05-24 10:28:00,2024-05-24 10:31:00,long,5147.5,5149.5,5143.0,5149.5,2.0,20.0,limit_touch,take_profit
2024-05-24,2024-05-24 10:57:00,2024-05-24 11:02:00,2024-05-24 11:02:00,long,5151.0,5153.0,5146.5,5153.0,2.0,20.0,limit_touch,take_profit
2024-05-24,2024-05-24 14:12:00,2024-05-24 14:54:00,2024-05-24 14:59:00,long,5151.5,5153.5,5147.0,5153.5,2.0,20.0,limit_touch,take_profit
2024-05-27,2024-05-27 10:01:00,2024-05-27 10:04:00,2024-05-27 10:14:00,short,5159.5,5164.0,5164.0,5157.5,-4.5,-45.0,limit_touch,stop_loss
2024-05-27,2024-05-27 11:35:00,2024-05-27 11:48:00,2024-05-27 11:53:00,long,5178.0,5180.5,5173.0,5180.5,2.5,25.0,limit_touch,take_profit
2024-05-28,2024-05-28 10:31:00,2024-05-28 10:48:00,2024-05-28 10:55:00,short,5143.5,5147.5,5147.5,5141.5,-4.0,-40.0,limit_touch,stop_loss
2024-05-29,2024-05-29 10:58:00,2024-05-29 11:14:00,2024-05-29 11:20:00,long,5193.0,5195.0,5188.0,5195.0,2.0,20.0,limit_touch,take_profit
2024-05-31,2024-05-31 10:07:00,2024-05-31 10:10:00,2024-05-31 10:10:00,long,5236.0,5238.5,5230.0,5238.5,2.5,25.0,limit_touch,take_profit
2024-05-31,2024-05-31 11:01:00,2024-05-31 11:19:00,2024-05-31 11:19:00,long,5244.5,5247.5,5238.5,5247.5,3.0,30.0,limit_touch,take_profit
2024-05-31,2024-05-31 11:53:00,2024-05-31 12:12:00,2024-05-31 12:12:00,long,5255.5,5258.5,5249.0,5258.5,3.0,30.0,limit_touch,take_profit
2024-06-03,2024-06-03 10:00:00,2024-06-03 10:03:00,2024-06-03 10:05:00,short,5259.0,5256.0,5265.5,5256.0,3.0,30.0,limit_touch,take_profit
2024-06-03,2024-06-03 10:06:00,2024-06-03 10:19:00,2024-06-03 10:22:00,short,5258.5,5265.5,5265.5,5255.5,-7.0,-70.0,better_open,stop_loss
2024-06-03,2024-06-03 11:30:00,2024-06-03 11:52:00,2024-06-03 12:03:00,short,5244.5,5241.0,5252.5,5241.0,3.5,35.0,limit_touch,take_profit
2024-06-04,2024-06-04 10:53:00,2024-06-04 10:53:00,2024-06-04 10:53:00,short,5269.0,5265.5,5276.5,5265.5,3.5,35.0,limit_touch,take_profit
2024-06-04,2024-06-04 12:14:00,2024-06-04 12:19:00,2024-06-04 12:34:00,long,5285.0,5288.5,5277.5,5288.5,3.5,35.0,limit_touch,take_profit
2024-06-04,2024-06-04 13:02:00,2024-06-04 13:20:00,2024-06-04 13:22:00,long,5295.5,5299.0,5288.0,5299.0,3.5,35.0,limit_touch,take_profit
2024-06-04,2024-06-04 13:36:00,2024-06-04 13:49:00,2024-06-04 13:53:00,long,5297.0,5300.5,5289.0,5300.5,3.5,35.0,better_open,take_profit
2024-06-05,2024-06-05 10:01:00,2024-06-05 10:02:00,2024-06-05 10:03:00,long,5286.5,5289.5,5280.5,5289.5,3.0,30.0,limit_touch,take_profit
2024-06-05,2024-06-05 10:18:00,2024-06-05 10:25:00,2024-06-05 10:35:00,long,5289.5,5283.5,5283.5,5292.5,-6.0,-60.0,limit_touch,stop_loss
2024-06-05,2024-06-05 10:57:00,2024-06-05 10:59:00,2024-06-05 11:00:00,long,5290.5,5293.5,5284.0,5293.5,3.0,30.0,limit_touch,take_profit
2024-06-05,2024-06-05 11:15:00,2024-06-05 11:20:00,2024-06-05 11:23:00,long,5304.5,5297.5,5297.5,5307.5,-7.0,-70.0,limit_touch,stop_loss
2024-06-06,2024-06-06 10:07:00,2024-06-06 10:12:00,2024-06-06 10:20:00,short,5297.5,5294.5,5303.5,5294.5,3.0,30.0,limit_touch,take_profit
2024-06-06,2024-06-06 10:40:00,2024-06-06 10:58:00,2024-06-06 11:04:00,short,5285.0,5282.0,5291.5,5282.0,3.0,30.0,limit_touch,take_profit_gap_open
2024-06-10,2024-06-10 10:17:00,2024-06-10 10:36:00,2024-06-10 10:41:00,long,5381.0,5386.0,5370.5,5386.0,5.0,50.0,limit_touch,take_profit
2024-06-11,2024-06-11 10:15:00,2024-06-11 10:21:00,2024-06-11 10:31:00,short,5359.0,5366.5,5366.5,5355.5,-7.5,-75.0,limit_touch,stop_loss
2024-06-11,2024-06-11 11:24:00,2024-06-11 11:31:00,2024-06-11 11:49:00,short,5355.0,5351.5,5363.0,5351.5,3.5,35.0,limit_touch,take_profit
2024-06-12,2024-06-12 10:40:00,2024-06-12 10:41:00,2024-06-12 10:42:00,long,5403.5,5408.0,5393.5,5408.0,4.5,45.0,limit_touch,take_profit
2024-06-12,2024-06-12 10:48:00,2024-06-12 10:52:00,2024-06-12 10:53:00,long,5413.5,5418.0,5403.5,5418.0,4.5,45.0,limit_touch,take_profit
2024-06-12,2024-06-12 10:57:00,2024-06-12 11:20:00,2024-06-12 11:21:00,long,5415.0,5420.0,5404.5,5420.0,5.0,50.0,limit_touch,take_profit
2024-06-13,2024-06-13 12:37:00,2024-06-13 12:51:00,2024-06-13 13:16:00,short,5387.0,5397.5,5397.5,5382.0,-10.5,-105.0,limit_touch,stop_loss
2024-06-13,2024-06-13 14:02:00,2024-06-13 14:18:00,2024-06-13 14:55:00,short,5384.5,5380.0,5394.5,5380.0,4.5,45.0,limit_touch,take_profit
2024-06-17,2024-06-17 12:12:00,2024-06-17 13:16:00,2024-06-17 13:27:00,long,5419.0,5412.0,5412.0,5422.0,-7.0,-70.0,limit_touch,stop_loss
2024-06-18,2024-06-18 10:12:00,2024-06-18 10:21:00,2024-06-18 10:30:00,short,5423.0,5420.0,5429.5,5420.0,3.0,30.0,limit_touch,take_profit
2024-06-18,2024-06-18 11:03:00,2024-06-18 11:11:00,2024-06-18 11:27:00,short,5410.0,5407.0,5417.0,5407.0,3.0,30.0,limit_touch,take_profit
2024-06-19,2024-06-19 10:53:00,2024-06-19 12:50:00,2024-06-19 13:00:00,long,5465.0,5468.0,5459.0,5468.0,3.0,30.0,limit_touch,take_profit
2024-06-20,2024-06-20 10:02:00,2024-06-20 10:04:00,2024-06-20 10:05:00,long,5409.5,5413.0,5402.0,5413.0,3.5,35.0,limit_touch,take_profit
2024-06-20,2024-06-20 10:32:00,2024-06-20 10:47:00,2024-06-20 10:59:00,long,5415.0,5418.5,5407.5,5418.5,3.5,35.0,limit_touch,take_profit
2024-06-20,2024-06-20 13:30:00,2024-06-20 14:18:00,2024-06-20 14:31:00,long,5451.0,5455.0,5442.5,5455.0,4.0,40.0,limit_touch,take_profit
2024-06-21,2024-06-21 11:01:00,2024-06-21 11:09:00,2024-06-21 11:44:00,short,5434.0,5442.0,5442.0,5430.5,-8.0,-80.0,limit_touch,stop_loss
2024-06-21,2024-06-21 12:28:00,2024-06-21 13:02:00,2024-06-21 13:10:00,long,5455.0,5458.5,5447.0,5458.5,3.5,35.0,limit_touch,take_profit
2024-06-24,2024-06-24 10:58:00,2024-06-24 11:49:00,2024-06-24 12:08:00,short,5393.5,5401.0,5401.0,5390.0,-7.5,-75.0,limit_touch,stop_loss
2024-06-25,2024-06-25 10:44:00,2024-06-25 10:46:00,2024-06-25 10:46:00,long,5425.5,5428.5,5419.0,5428.5,3.0,30.0,limit_touch,take_profit
2024-06-25,2024-06-25 10:58:00,2024-06-25 11:04:00,2024-06-25 11:06:00,long,5430.0,5433.0,5423.5,5433.0,3.0,30.0,limit_touch,take_profit
2024-06-25,2024-06-25 11:14:00,2024-06-25 11:25:00,2024-06-25 11:35:00,long,5431.5,5434.5,5424.5,5434.5,3.0,30.0,limit_touch,take_profit
2024-06-25,2024-06-25 11:46:00,2024-06-25 11:59:00,2024-06-25 12:01:00,long,5434.0,5437.0,5427.5,5437.0,3.0,30.0,limit_touch,take_profit
2024-06-25,2024-06-25 12:23:00,2024-06-25 12:45:00,2024-06-25 12:48:00,long,5437.5,5440.5,5430.5,5440.5,3.0,30.0,limit_touch,take_profit
2024-06-26,2024-06-26 10:25:00,2024-06-26 11:02:00,2024-06-26 11:21:00,long,5506.0,5498.5,5498.5,5509.5,-7.5,-75.0,limit_touch,stop_loss
2024-06-27,2024-06-27 11:23:00,2024-06-27 11:28:00,2024-06-27 11:49:00,long,5518.0,5521.5,5510.5,5521.5,3.5,35.0,limit_touch,take_profit
2024-06-27,2024-06-27 12:32:00,2024-06-27 14:19:00,2024-06-27 14:30:00,long,5526.0,5518.5,5518.5,5529.5,-7.5,-75.0,limit_touch,stop_loss
2024-06-28,2024-06-28 11:04:00,2024-06-28 11:47:00,2024-06-28 11:49:00,long,5579.0,5583.5,5570.0,5583.5,4.5,45.0,limit_touch,take_profit
2024-07-01,2024-07-01 10:31:00,2024-07-01 10:44:00,2024-07-01 10:55:00,short,5594.0,5590.0,5602.5,5590.0,4.0,40.0,limit_touch,take_profit
2024-07-01,2024-07-01 13:59:00,2024-07-01 14:21:00,2024-07-01 14:40:00,long,5615.5,5619.5,5607.0,5619.5,4.0,40.0,limit_touch,take_profit
2024-07-02,2024-07-02 10:12:00,2024-07-02 10:17:00,2024-07-02 10:19:00,long,5669.5,5673.5,5660.5,5673.5,4.0,40.0,limit_touch,take_profit
2024-07-02,2024-07-02 10:30:00,2024-07-02 10:35:00,2024-07-02 10:41:00,long,5679.5,5670.5,5670.5,5683.5,-9.0,-90.0,limit_touch,stop_loss
2024-07-02,2024-07-02 11:25:00,2024-07-02 11:34:00,2024-07-02 11:48:00,long,5689.0,5679.0,5679.0,5693.5,-10.0,-100.0,limit_touch,stop_loss
2024-07-03,2024-07-03 11:06:00,2024-07-03 12:08:00,2024-07-03 12:08:00,short,5607.0,5617.5,5617.5,5602.0,-10.5,-105.0,limit_touch,stop_loss
2024-07-05,2024-07-05 10:05:00,2024-07-05 10:12:00,2024-07-05 10:15:00,long,5511.0,5515.5,5501.5,5515.5,4.5,45.0,limit_touch,take_profit
2024-07-05,2024-07-05 10:52:00,2024-07-05 11:12:00,2024-07-05 11:13:00,long,5532.5,5537.0,5522.5,5537.0,4.5,45.0,limit_touch,take_profit
2024-07-08,2024-07-08 10:56:00,2024-07-08 11:00:00,2024-07-08 11:13:00,long,5499.0,5502.0,5492.0,5502.0,3.0,30.0,limit_touch,take_profit
2024-07-09,2024-07-09 10:14:00,2024-07-09 10:24:00,2024-07-09 10:25:00,short,5462.0,5459.0,5468.5,5459.0,3.0,30.0,limit_touch,take_profit
2024-07-09,2024-07-09 11:02:00,2024-07-09 11:05:00,2024-07-09 11:28:00,short,5458.0,5455.0,5464.5,5455.0,3.0,30.0,limit_touch,take_profit
2024-07-11,2024-07-11 11:40:00,2024-07-11 11:52:00,2024-07-11 11:54:00,long,5430.5,5435.0,5421.0,5435.0,4.5,45.0,limit_touch,take_profit
2024-07-12,2024-07-12 10:04:00,2024-07-12 10:06:00,2024-07-12 10:06:00,long,5446.0,5449.5,5438.5,5449.5,3.5,35.0,limit_touch,take_profit
2024-07-12,2024-07-12 10:10:00,2024-07-12 10:10:00,2024-07-12 10:10:00,long,5446.5,5450.0,5439.0,5450.0,3.5,35.0,limit_touch,take_profit
2024-07-12,2024-07-12 10:32:00,2024-07-12 10:35:00,2024-07-12 10:35:00,long,5459.0,5462.5,5451.0,5462.5,3.5,35.0,limit_touch,take_profit
2024-07-12,2024-07-12 10:52:00,2024-07-12 11:00:00,2024-07-12 11:00:00,long,5465.0,5468.5,5457.0,5468.5,3.5,35.0,limit_touch,take_profit
2024-07-15,2024-07-15 12:56:00,2024-07-15 13:15:00,2024-07-15 13:17:00,short,5457.0,5453.5,5464.0,5453.5,3.5,35.0,limit_touch,take_profit
2024-07-15,2024-07-15 13:42:00,2024-07-15 13:44:00,2024-07-15 13:52:00,short,5452.0,5459.5,5459.5,5448.5,-7.5,-75.0,limit_touch,stop_loss
2024-07-16,2024-07-16 10:14:00,2024-07-16 10:14:00,2024-07-16 10:18:00,short,5433.5,5430.5,5440.5,5430.5,3.0,30.0,limit_touch,take_profit
2024-07-16,2024-07-16 10:20:00,2024-07-16 10:20:00,2024-07-16 10:20:00,short,5432.0,5428.5,5439.0,5428.5,3.5,35.0,limit_touch,take_profit
2024-07-16,2024-07-16 10:31:00,2024-07-16 10:36:00,2024-07-16 10:38:00,short,5426.0,5422.5,5433.0,5422.5,3.5,35.0,limit_touch,take_profit
2024-07-16,2024-07-16 10:47:00,2024-07-16 10:52:00,2024-07-16 10:54:00,short,5424.0,5420.5,5431.0,5420.5,3.5,35.0,limit_touch,take_profit
2024-07-16,2024-07-16 13:41:00,2024-07-16 14:00:00,2024-07-16 14:04:00,long,5458.0,5461.5,5450.0,5461.5,3.5,35.0,limit_touch,take_profit
2024-07-17,2024-07-17 10:34:00,2024-07-17 10:42:00,2024-07-17 10:46:00,long,5474.0,5477.0,5467.0,5477.0,3.0,30.0,limit_touch,take_profit
2024-07-17,2024-07-17 11:09:00,2024-07-17 11:31:00,2024-07-17 12:13:00,long,5474.0,5477.5,5466.5,5477.5,3.5,35.0,limit_touch,take_profit
2024-07-17,2024-07-17 13:47:00,2024-07-17 14:44:00,2024-07-17 14:49:00,long,5482.5,5485.5,5476.0,5485.5,3.0,30.0,limit_touch,take_profit
2024-07-19,2024-07-19 10:00:00,2024-07-19 10:01:00,2024-07-19 10:06:00,long,5554.5,5558.5,5545.5,5558.5,4.0,40.0,limit_touch,take_profit
2024-07-19,2024-07-19 10:11:00,2024-07-19 10:14:00,2024-07-19 10:20:00,long,5565.5,5555.5,5555.5,5570.0,-10.0,-100.0,limit_touch,stop_loss
2024-07-19,2024-07-19 12:33:00,2024-07-19 12:40:00,2024-07-19 13:05:00,long,5569.0,5573.5,5559.0,5573.5,4.5,45.0,limit_touch,take_profit
2024-07-22,2024-07-22 13:22:00,2024-07-22 14:22:00,2024-07-22 14:27:00,short,5561.0,5557.0,5569.5,5557.0,4.0,40.0,limit_touch,take_profit_gap_open
2024-07-23,2024-07-23 11:49:00,2024-07-23 11:55:00,2024-07-23 11:57:00,short,5576.5,5572.5,5585.0,5572.5,4.0,40.0,limit_touch,take_profit
2024-07-24,2024-07-24 10:32:00,2024-07-24 10:40:00,2024-07-24 10:45:00,long,5640.5,5644.0,5632.5,5644.0,3.5,35.0,limit_touch,take_profit
2024-07-25,2024-07-25 10:17:00,2024-07-25 10:36:00,2024-07-25 10:45:00,short,5652.5,5648.5,5661.5,5648.5,4.0,40.0,limit_touch,take_profit
2024-07-25,2024-07-25 13:19:00,2024-07-25 14:14:00,2024-07-25 14:41:00,short,5642.5,5638.5,5651.5,5638.5,4.0,40.0,limit_touch,take_profit
2024-07-26,2024-07-26 12:35:00,2024-07-26 12:57:00,2024-07-26 13:03:00,long,5657.0,5661.0,5648.0,5661.0,4.0,40.0,limit_touch,take_profit
2024-07-29,2024-07-29 12:13:00,2024-07-29 12:21:00,2024-07-29 12:37:00,long,5662.0,5665.5,5654.5,5665.5,3.5,35.0,limit_touch,take_profit
2024-07-30,2024-07-30 10:05:00,2024-07-30 10:14:00,2024-07-30 10:16:00,long,5651.5,5645.5,5645.5,5654.5,-6.0,-60.0,limit_touch,stop_loss
2024-07-31,2024-07-31 10:04:00,2024-07-31 10:12:00,2024-07-31 10:17:00,long,5682.0,5686.0,5673.5,5686.0,4.0,40.0,better_open,take_profit
2024-08-01,2024-08-01 11:12:00,2024-08-01 11:31:00,2024-08-01 11:39:00,short,5666.5,5677.5,5677.5,5661.5,-11.0,-110.0,limit_touch,stop_loss
2024-08-02,2024-08-02 10:25:00,2024-08-02 10:31:00,2024-08-02 10:33:00,short,5745.0,5757.5,5757.5,5739.5,-12.5,-125.0,limit_touch,stop_loss
2024-08-05,2024-08-05 10:06:00,2024-08-05 10:26:00,2024-08-05 10:29:00,short,5804.5,5797.0,5820.5,5797.0,7.5,75.0,limit_touch,take_profit
2024-08-06,2024-08-06 10:10:00,2024-08-06 10:23:00,2024-08-06 10:43:00,short,5679.0,5692.0,5692.0,5673.0,-13.0,-130.0,limit_touch,stop_loss
2024-08-06,2024-08-06 13:05:00,2024-08-06 14:10:00,2024-08-06 14:18:00,short,5667.5,5662.0,5680.0,5662.0,5.5,55.0,limit_touch,take_profit
2024-08-07,2024-08-07 10:32:00,2024-08-07 10:36:00,2024-08-07 10:45:00,short,5622.5,5618.0,5632.5,5618.0,4.5,45.0,limit_touch,take_profit
2024-08-08,2024-08-08 10:14:00,2024-08-08 10:25:00,2024-08-08 10:43:00,short,5645.5,5654.5,5654.5,5641.5,-9.0,-90.0,limit_touch,stop_loss
2024-08-08,2024-08-08 11:41:00,2024-08-08 12:13:00,2024-08-08 12:22:00,short,5630.0,5625.5,5640.0,5625.5,4.5,45.0,limit_touch,take_profit
2024-08-09,2024-08-09 11:54:00,2024-08-09 12:13:00,2024-08-09 12:25:00,short,5521.0,5516.5,5531.0,5516.5,4.5,45.0,limit_touch,take_profit
2024-08-09,2024-08-09 14:19:00,2024-08-09 14:41:00,2024-08-09 14:52:00,short,5520.0,5516.0,5528.5,5516.0,4.0,40.0,limit_touch,take_profit
2024-08-12,2024-08-12 10:15:00,2024-08-12 10:20:00,2024-08-12 10:26:00,short,5492.5,5501.0,5501.0,5488.5,-8.5,-85.0,limit_touch,stop_loss
2024-08-12,2024-08-12 12:47:00,2024-08-12 12:53:00,2024-08-12 13:16:00,long,5522.5,5527.0,5513.0,5527.0,4.5,45.0,limit_touch,take_profit
2024-08-13,2024-08-13 10:16:00,2024-08-13 10:20:00,2024-08-13 10:30:00,long,5504.5,5508.5,5495.5,5508.5,4.0,40.0,limit_touch,take_profit
2024-08-14,2024-08-14 10:25:00,2024-08-14 10:31:00,2024-08-14 10:38:00,long,5465.0,5456.5,5456.5,5469.0,-8.5,-85.0,limit_touch,stop_loss
2024-08-14,2024-08-14 14:09:00,2024-08-14 14:47:00,2024-08-14 14:49:00,long,5482.0,5486.0,5473.0,5486.0,4.0,40.0,limit_touch,take_profit
2024-08-15,2024-08-15 12:37:00,2024-08-15 12:44:00,2024-08-15 13:34:00,short,5469.5,5478.5,5478.5,5465.5,-9.0,-90.0,limit_touch,stop_loss
2024-08-16,2024-08-16 10:04:00,2024-08-16 10:13:00,2024-08-16 10:16:00,short,5457.5,5454.0,5465.0,5454.0,3.5,35.0,limit_touch,take_profit
2024-08-16,2024-08-16 11:49:00,2024-08-16 13:10:00,2024-08-16 13:20:00,long,5482.5,5474.5,5474.5,5486.0,-8.0,-80.0,limit_touch,stop_loss
2024-08-19,2024-08-19 10:05:00,2024-08-19 10:09:00,2024-08-19 10:10:00,short,5460.0,5456.5,5467.5,5456.5,3.5,35.0,limit_touch,take_profit
2024-08-19,2024-08-19 10:36:00,2024-08-19 10:40:00,2024-08-19 10:44:00,short,5453.0,5449.5,5460.5,5449.5,3.5,35.0,limit_touch,take_profit
2024-08-19,2024-08-19 13:07:00,2024-08-19 13:23:00,2024-08-19 13:26:00,short,5427.0,5423.5,5434.5,5423.5,3.5,35.0,limit_touch,take_profit
2024-08-20,2024-08-20 11:28:00,2024-08-20 11:34:00,2024-08-20 11:37:00,long,5466.0,5470.5,5456.5,5470.5,4.5,45.0,limit_touch,take_profit
2024-08-21,2024-08-21 14:21:00,2024-08-21 14:47:00,2024-08-21 14:50:00,long,5503.0,5507.0,5494.5,5507.0,4.0,40.0,limit_touch,take_profit
2024-08-22,2024-08-22 10:22:00,2024-08-22 10:46:00,2024-08-22 10:54:00,long,5545.0,5535.5,5535.5,5549.5,-9.5,-95.0,limit_touch,stop_loss
2024-08-22,2024-08-22 13:16:00,2024-08-22 14:46:00,2024-08-22 14:49:00,long,5562.0,5566.5,5552.5,5566.5,4.5,45.0,limit_touch,take_profit
2024-08-23,2024-08-23 10:31:00,2024-08-23 10:42:00,2024-08-23 10:52:00,short,5563.0,5573.5,5573.5,5558.0,-10.5,-105.0,limit_touch,stop_gap_open
2024-08-23,2024-08-23 11:30:00,2024-08-23 11:38:00,2024-08-23 11:41:00,short,5519.5,5514.0,5532.0,5514.0,5.5,55.0,limit_touch,take_profit
2024-08-26,2024-08-26 10:16:00,2024-08-26 10:27:00,2024-08-26 10:31:00,long,5500.0,5504.5,5490.5,5504.5,4.5,45.0,limit_touch,take_profit
2024-08-26,2024-08-26 12:18:00,2024-08-26 12:24:00,2024-08-26 12:51:00,long,5506.5,5496.5,5496.5,5511.0,-10.0,-100.0,limit_touch,stop_loss
2024-08-27,2024-08-27 12:45:00,2024-08-27 12:58:00,2024-08-27 13:04:00,long,5511.5,5503.0,5503.0,5515.5,-8.5,-85.0,better_open,stop_loss
2024-08-28,2024-08-28 13:22:00,2024-08-28 13:53:00,2024-08-28 14:08:00,long,5544.0,5547.5,5536.0,5547.5,3.5,35.0,limit_touch,take_profit
2024-08-29,2024-08-29 11:32:00,2024-08-29 12:38:00,2024-08-29 12:49:00,long,5637.5,5642.0,5627.5,5642.0,4.5,45.0,limit_touch,take_profit
2024-08-30,2024-08-30 10:05:00,2024-08-30 10:33:00,2024-08-30 10:37:00,long,5679.5,5685.0,5667.5,5685.0,5.5,55.0,limit_touch,take_profit
2024-09-02,2024-09-02 10:34:00,2024-09-02 10:36:00,2024-09-02 10:47:00,long,5662.0,5668.5,5647.5,5668.5,6.5,65.0,limit_touch,take_profit
2024-09-02,2024-09-02 11:22:00,2024-09-02 11:25:00,2024-09-02 12:04:00,long,5665.5,5651.0,5651.0,5672.0,-14.5,-145.0,limit_touch,stop_loss
2024-09-02,2024-09-02 13:03:00,2024-09-02 13:12:00,2024-09-02 13:45:00,short,5638.0,5632.0,5651.0,5632.0,6.0,60.0,limit_touch,take_profit
2024-09-03,2024-09-03 10:06:00,2024-09-03 10:12:00,2024-09-03 10:20:00,short,5608.5,5618.0,5618.0,5604.0,-9.5,-95.0,limit_touch,stop_loss
2024-09-03,2024-09-03 11:52:00,2024-09-03 11:58:00,2024-09-03 12:02:00,long,5650.0,5655.0,5638.5,5655.0,5.0,50.0,limit_touch,take_profit
2024-09-04,2024-09-04 11:40:00,2024-09-04 12:14:00,2024-09-04 12:33:00,short,5642.5,5652.5,5652.5,5638.0,-10.0,-100.0,limit_touch,stop_loss
2024-09-05,2024-09-05 10:27:00,2024-09-05 10:31:00,2024-09-05 10:34:00,short,5626.0,5622.0,5634.5,5622.0,4.0,40.0,limit_touch,take_profit
2024-09-06,2024-09-06 11:52:00,2024-09-06 12:00:00,2024-09-06 12:00:00,long,5593.5,5583.5,5583.5,5598.0,-10.0,-100.0,limit_touch,stop_loss
2024-09-06,2024-09-06 12:20:00,2024-09-06 12:33:00,2024-09-06 12:52:00,long,5596.0,5601.0,5585.0,5601.0,5.0,50.0,limit_touch,take_profit
2024-09-06,2024-09-06 13:49:00,2024-09-06 14:18:00,2024-09-06 14:26:00,long,5597.5,5602.5,5587.0,5602.5,5.0,50.0,limit_touch,take_profit
2024-09-10,2024-09-10 10:10:00,2024-09-10 10:19:00,2024-09-10 10:23:00,long,5612.0,5616.0,5604.0,5616.0,4.0,40.0,limit_touch,take_profit
2024-09-11,2024-09-11 10:11:00,2024-09-11 10:16:00,2024-09-11 10:23:00,short,5630.0,5625.5,5639.5,5625.5,4.5,45.0,limit_touch,take_profit
2024-09-11,2024-09-11 11:20:00,2024-09-11 11:27:00,2024-09-11 11:29:00,long,5660.5,5665.5,5650.0,5665.5,5.0,50.0,limit_touch,take_profit
2024-09-11,2024-09-11 11:54:00,2024-09-11 12:01:00,2024-09-11 12:10:00,long,5668.5,5673.5,5658.0,5673.5,5.0,50.0,limit_touch,take_profit
2024-09-12,2024-09-12 10:27:00,2024-09-12 10:28:00,2024-09-12 10:29:00,long,5668.0,5672.0,5659.0,5672.0,4.0,40.0,limit_touch,take_profit
2024-09-12,2024-09-12 10:47:00,2024-09-12 10:51:00,2024-09-12 11:12:00,long,5669.0,5660.5,5660.5,5673.0,-8.5,-85.0,limit_touch,stop_loss
2024-09-12,2024-09-12 11:33:00,2024-09-12 11:40:00,2024-09-12 11:43:00,long,5674.0,5678.5,5664.5,5678.5,4.5,45.0,limit_touch,take_profit
2024-09-12,2024-09-12 11:55:00,2024-09-12 12:01:00,2024-09-12 12:14:00,long,5677.0,5667.5,5667.5,5681.5,-9.5,-95.0,limit_touch,stop_loss
2024-09-13,2024-09-13 10:41:00,2024-09-13 10:45:00,2024-09-13 10:46:00,short,5600.5,5596.5,5609.5,5596.5,4.0,40.0,limit_touch,take_profit
2024-09-13,2024-09-13 10:56:00,2024-09-13 11:18:00,2024-09-13 11:24:00,short,5588.5,5584.0,5598.0,5584.0,4.5,45.0,limit_touch,take_profit
2024-09-16,2024-09-16 10:39:00,2024-09-16 11:12:00,2024-09-16 11:15:00,short,5527.0,5522.5,5537.0,5522.5,4.5,45.0,limit_touch,take_profit
2024-09-17,2024-09-17 11:44:00,2024-09-17 11:54:00,2024-09-17 12:26:00,long,5516.0,5507.5,5507.5,5520.0,-8.5,-85.0,limit_touch,stop_loss
2024-09-17,2024-09-17 13:31:00,2024-09-17 13:36:00,2024-09-17 13:58:00,short,5500.5,5508.0,5508.0,5497.0,-7.5,-75.0,limit_touch,stop_loss
2024-09-18,2024-09-18 10:36:00,2024-09-18 10:39:00,2024-09-18 10:43:00,short,5478.5,5475.0,5486.0,5475.0,3.5,35.0,limit_touch,take_profit
2024-09-18,2024-09-18 10:45:00,2024-09-18 10:47:00,2024-09-18 11:09:00,short,5477.0,5473.5,5484.5,5473.5,3.5,35.0,limit_touch,take_profit
2024-09-18,2024-09-18 11:10:00,2024-09-18 11:19:00,2024-09-18 11:35:00,short,5474.0,5482.0,5482.0,5470.5,-8.0,-80.0,limit_touch,stop_loss
2024-09-20,2024-09-20 10:06:00,2024-09-20 10:06:00,2024-09-20 10:06:00,long,5449.5,5453.5,5441.5,5453.5,4.0,40.0,limit_touch,take_profit
2024-09-23,2024-09-23 10:11:00,2024-09-23 10:18:00,2024-09-23 10:19:00,short,5559.0,5554.0,5570.0,5554.0,5.0,50.0,limit_touch,take_profit
2024-09-23,2024-09-23 12:22:00,2024-09-23 13:11:00,2024-09-23 13:42:00,short,5550.5,5545.5,5561.0,5545.5,5.0,50.0,limit_touch,take_profit
2024-09-24,2024-09-24 11:12:00,2024-09-24 11:47:00,2024-09-24 11:48:00,short,5468.5,5464.0,5478.0,5464.0,4.5,45.0,limit_touch,take_profit
2024-09-25,2024-09-25 12:17:00,2024-09-25 12:52:00,2024-09-25 13:05:00,long,5483.5,5476.0,5476.0,5487.0,-7.5,-75.0,limit_touch,stop_loss
2024-09-26,2024-09-26 10:13:00,2024-09-26 10:31:00,2024-09-26 10:52:00,long,5436.5,5440.5,5428.0,5440.5,4.0,40.0,limit_touch,take_profit
2024-09-26,2024-09-26 11:05:00,2024-09-26 11:11:00,2024-09-26 11:13:00,long,5440.0,5444.0,5431.5,5444.0,4.0,40.0,limit_touch,take_profit
2024-09-26,2024-09-26 14:23:00,2024-09-26 14:53:00,2024-09-26 16:19:00,long,5443.5,5447.0,5435.5,5447.0,3.5,35.0,limit_touch,take_profit
2024-09-30,2024-09-30 10:50:00,2024-09-30 11:21:00,2024-09-30 11:22:00,long,5475.5,5479.5,5467.5,5479.5,4.0,40.0,limit_touch,take_profit
2024-10-02,2024-10-02 10:16:00,2024-10-02 10:20:00,2024-10-02 10:20:00,long,5445.5,5449.5,5436.5,5449.5,4.0,40.0,limit_touch,take_profit
2024-10-02,2024-10-02 10:45:00,2024-10-02 10:50:00,2024-10-02 11:15:00,long,5448.5,5440.0,5440.0,5452.5,-8.5,-85.0,limit_touch,stop_loss
2024-10-02,2024-10-02 12:23:00,2024-10-02 12:59:00,2024-10-02 13:16:00,long,5454.5,5458.5,5446.0,5458.5,4.0,40.0,limit_touch,take_profit
2024-10-02,2024-10-02 14:21:00,2024-10-02 14:52:00,2024-10-02 14:56:00,long,5457.5,5461.0,5450.5,5461.0,3.5,35.0,limit_touch,take_profit
2024-10-03,2024-10-03 10:28:00,2024-10-03 10:43:00,2024-10-03 10:48:00,long,5499.0,5502.5,5492.0,5502.5,3.5,35.0,limit_touch,take_profit
2024-10-03,2024-10-03 11:23:00,2024-10-03 11:33:00,2024-10-03 11:36:00,long,5514.5,5518.0,5506.5,5518.0,3.5,35.0,limit_touch,take_profit
2024-10-04,2024-10-04 12:01:00,2024-10-04 12:27:00,2024-10-04 12:37:00,short,5487.0,5483.0,5495.5,5483.0,4.0,40.0,limit_touch,take_profit
2024-10-08,2024-10-08 10:03:00,2024-10-08 10:05:00,2024-10-08 10:08:00,short,5518.0,5525.0,5525.0,5515.0,-7.0,-70.0,limit_touch,stop_loss
2024-10-08,2024-10-08 11:27:00,2024-10-08 11:55:00,2024-10-08 11:57:00,long,5540.0,5543.5,5532.5,5543.5,3.5,35.0,limit_touch,take_profit
2024-10-08,2024-10-08 14:10:00,2024-10-08 14:26:00,2024-10-08 14:38:00,long,5542.5,5536.0,5536.0,5545.5,-6.5,-65.0,limit_touch,stop_loss
2024-10-09,2024-10-09 10:30:00,2024-10-09 10:45:00,2024-10-09 10:50:00,long,5585.5,5588.5,5579.0,5588.5,3.0,30.0,limit_touch,take_profit
2024-10-09,2024-10-09 11:35:00,2024-10-09 12:09:00,2024-10-09 12:25:00,long,5589.5,5592.5,5582.5,5592.5,3.0,30.0,limit_touch,take_profit
2024-10-10,2024-10-10 10:09:00,2024-10-10 10:12:00,2024-10-10 10:17:00,short,5589.5,5586.0,5597.5,5586.0,3.5,35.0,limit_touch,take_profit_gap_open
2024-10-11,2024-10-11 10:52:00,2024-10-11 11:17:00,2024-10-11 11:19:00,long,5642.5,5646.5,5633.5,5646.5,4.0,40.0,limit_touch,take_profit
2024-10-14,2024-10-14 10:52:00,2024-10-14 11:03:00,2024-10-14 11:18:00,short,5619.0,5627.0,5627.0,5615.0,-8.0,-80.0,limit_touch,stop_loss
2024-10-15,2024-10-15 11:40:00,2024-10-15 12:32:00,2024-10-15 12:46:00,long,5648.5,5652.5,5640.5,5652.5,4.0,40.0,limit_touch,take_profit
2024-10-18,2024-10-18 10:08:00,2024-10-18 10:22:00,2024-10-18 10:29:00,long,5661.5,5664.5,5654.5,5664.5,3.0,30.0,limit_touch,take_profit
2024-10-18,2024-10-18 10:33:00,2024-10-18 10:35:00,2024-10-18 10:36:00,long,5662.5,5665.5,5655.5,5665.5,3.0,30.0,limit_touch,take_profit
2024-10-18,2024-10-18 10:58:00,2024-10-18 11:07:00,2024-10-18 11:10:00,long,5670.0,5673.5,5663.0,5673.5,3.5,35.0,limit_touch,take_profit
2024-10-21,2024-10-21 11:09:00,2024-10-21 11:14:00,2024-10-21 11:17:00,short,5713.0,5709.0,5721.0,5709.0,4.0,40.0,limit_touch,take_profit
2024-10-21,2024-10-21 12:19:00,2024-10-21 12:22:00,2024-10-21 12:48:00,short,5710.0,5706.0,5718.0,5706.0,4.0,40.0,limit_touch,take_profit
2024-10-22,2024-10-22 10:02:00,2024-10-22 10:05:00,2024-10-22 10:07:00,long,5715.5,5709.0,5709.0,5718.5,-6.5,-65.0,limit_touch,stop_loss
2024-10-22,2024-10-22 10:35:00,2024-10-22 10:40:00,2024-10-22 10:44:00,short,5691.0,5698.5,5698.5,5687.5,-7.5,-75.0,limit_touch,stop_loss
2024-10-23,2024-10-23 10:05:00,2024-10-23 10:07:00,2024-10-23 10:08:00,short,5717.5,5714.0,5725.0,5714.0,3.5,35.0,limit_touch,take_profit
2024-10-23,2024-10-23 10:11:00,2024-10-23 10:15:00,2024-10-23 10:21:00,short,5715.5,5712.0,5723.0,5712.0,3.5,35.0,limit_touch,take_profit
2024-10-23,2024-10-23 11:29:00,2024-10-23 11:32:00,2024-10-23 11:37:00,long,5729.0,5732.5,5721.5,5732.5,3.5,35.0,limit_touch,take_profit
2024-10-23,2024-10-23 11:38:00,2024-10-23 11:44:00,2024-10-23 11:48:00,long,5729.5,5733.0,5722.0,5733.0,3.5,35.0,limit_touch,take_profit
2024-10-23,2024-10-23 13:04:00,2024-10-23 13:41:00,2024-10-23 14:35:00,short,5712.0,5719.0,5719.0,5708.5,-7.0,-70.0,limit_touch,stop_loss
2024-10-24,2024-10-24 10:36:00,2024-10-24 10:50:00,2024-10-24 10:54:00,long,5713.0,5716.0,5706.0,5716.0,3.0,30.0,limit_touch,take_profit
2024-10-24,2024-10-24 14:35:00,2024-10-24 14:42:00,2024-10-24 14:47:00,short,5689.5,5696.5,5696.5,5686.5,-7.0,-70.0,limit_touch,stop_loss
2024-10-25,2024-10-25 10:01:00,2024-10-25 10:03:00,2024-10-25 10:08:00,long,5693.0,5696.0,5686.5,5696.0,3.0,30.0,limit_touch,take_profit
2024-10-25,2024-10-25 10:25:00,2024-10-25 10:28:00,2024-10-25 10:29:00,long,5696.5,5699.5,5689.5,5699.5,3.0,30.0,limit_touch,take_profit_gap_open
2024-10-25,2024-10-25 10:33:00,2024-10-25 10:41:00,2024-10-25 11:03:00,long,5699.0,5692.0,5692.0,5702.0,-7.0,-70.0,limit_touch,stop_loss
2024-10-25,2024-10-25 13:01:00,2024-10-25 13:36:00,2024-10-25 13:47:00,long,5700.5,5693.5,5693.5,5704.0,-7.0,-70.0,limit_touch,stop_loss
2024-10-28,2024-10-28 10:00:00,2024-10-28 10:15:00,2024-10-28 10:25:00,short,5696.5,5703.0,5703.0,5693.5,-6.5,-65.0,limit_touch,stop_loss
2024-10-29,2024-10-29 11:01:00,2024-10-29 11:06:00,2024-10-29 11:08:00,short,5710.5,5707.0,5717.5,5707.0,3.5,35.0,limit_touch,take_profit
2024-10-29,2024-10-29 11:22:00,2024-10-29 11:31:00,2024-10-29 11:37:00,short,5708.5,5705.0,5716.0,5705.0,3.5,35.0,limit_touch,take_profit
2024-10-29,2024-10-29 13:15:00,2024-10-29 13:15:00,2024-10-29 13:15:00,long,5735.0,5738.5,5727.5,5738.5,3.5,35.0,limit_touch,take_profit
2024-10-29,2024-10-29 13:36:00,2024-10-29 13:50:00,2024-10-29 13:51:00,long,5747.5,5751.5,5739.5,5751.5,4.0,40.0,limit_touch,take_profit
2024-10-30,2024-10-30 10:13:00,2024-10-30 10:14:00,2024-10-30 10:27:00,long,5783.5,5787.0,5776.0,5787.0,3.5,35.0,limit_touch,take_profit
2024-10-30,2024-10-30 10:28:00,2024-10-30 10:37:00,2024-10-30 10:39:00,long,5784.5,5788.0,5776.5,5788.0,3.5,35.0,limit_touch,take_profit
2024-10-31,2024-10-31 10:28:00,2024-10-31 10:33:00,2024-10-31 10:40:00,long,5790.5,5794.0,5783.0,5794.0,3.5,35.0,limit_touch,take_profit
2024-10-31,2024-10-31 10:44:00,2024-10-31 10:55:00,2024-10-31 10:57:00,long,5792.5,5796.0,5785.0,5796.0,3.5,35.0,limit_touch,take_profit
2024-10-31,2024-10-31 11:04:00,2024-10-31 11:17:00,2024-10-31 11:33:00,long,5794.0,5797.5,5786.5,5797.5,3.5,35.0,limit_touch,take_profit
2024-10-31,2024-10-31 13:18:00,2024-10-31 13:59:00,2024-10-31 14:06:00,long,5801.5,5804.5,5794.5,5804.5,3.0,30.0,limit_touch,take_profit
2024-11-01,2024-11-01 10:24:00,2024-11-01 10:30:00,2024-11-01 10:31:00,long,5817.5,5821.5,5809.5,5821.5,4.0,40.0,limit_touch,take_profit
2024-11-04,2024-11-04 13:14:00,2024-11-04 14:46:00,2024-11-04 14:50:00,short,5793.0,5788.0,5803.5,5788.0,5.0,50.0,limit_touch,take_profit
2024-11-05,2024-11-05 10:05:00,2024-11-05 10:08:00,2024-11-05 10:12:00,short,5799.5,5808.0,5808.0,5795.5,-8.5,-85.0,limit_touch,stop_loss
2024-11-05,2024-11-05 10:33:00,2024-11-05 10:34:00,2024-11-05 11:17:00,short,5795.5,5804.5,5804.5,5791.5,-9.0,-90.0,limit_touch,stop_loss
2024-11-05,2024-11-05 14:24:00,2024-11-05 14:26:00,2024-11-05 14:29:00,short,5775.5,5771.0,5785.0,5771.0,4.5,45.0,limit_touch,take_profit
2024-11-06,2024-11-06 11:16:00,2024-11-06 11:32:00,2024-11-06 11:48:00,short,5798.5,5793.0,5811.0,5793.0,5.5,55.0,limit_touch,take_profit
2024-11-07,2024-11-07 10:14:00,2024-11-07 10:22:00,2024-11-07 10:27:00,short,5670.5,5663.5,5685.5,5663.5,7.0,70.0,limit_touch,take_profit
2024-11-07,2024-11-07 11:05:00,2024-11-07 11:15:00,2024-11-07 12:44:00,short,5664.5,5679.0,5679.0,5658.0,-14.5,-145.0,limit_touch,stop_loss
2024-11-07,2024-11-07 13:23:00,2024-11-07 13:26:00,2024-11-07 13:31:00,long,5706.0,5712.5,5692.5,5712.5,6.5,65.0,limit_touch,take_profit
2024-11-08,2024-11-08 10:15:00,2024-11-08 10:26:00,2024-11-08 11:40:00,long,5768.5,5774.5,5755.5,5774.5,6.0,60.0,limit_touch,take_profit
2024-11-08,2024-11-08 14:00:00,2024-11-08 14:26:00,2024-11-08 14:27:00,long,5785.5,5790.5,5775.0,5790.5,5.0,50.0,limit_touch,take_profit
2024-11-11,2024-11-11 10:02:00,2024-11-11 10:08:00,2024-11-11 10:09:00,long,5813.5,5818.5,5803.0,5818.5,5.0,50.0,limit_touch,take_profit
2024-11-11,2024-11-11 10:27:00,2024-11-11 10:36:00,2024-11-11 10:50:00,long,5815.5,5805.0,5805.0,5820.5,-10.5,-105.0,limit_touch,stop_loss
2024-11-12,2024-11-12 10:06:00,2024-11-12 10:20:00,2024-11-12 10:28:00,short,5772.0,5781.0,5781.0,5768.0,-9.0,-90.0,limit_touch,stop_loss
2024-11-14,2024-11-14 10:25:00,2024-11-14 10:30:00,2024-11-14 10:33:00,short,5811.5,5807.0,5821.5,5807.0,4.5,45.0,limit_touch,take_profit
2024-11-14,2024-11-14 10:35:00,2024-11-14 10:36:00,2024-11-14 10:36:00,short,5808.5,5804.0,5818.5,5804.0,4.5,45.0,limit_touch,take_profit
2024-11-14,2024-11-14 11:37:00,2024-11-14 11:51:00,2024-11-14 12:02:00,short,5798.0,5793.5,5808.0,5793.5,4.5,45.0,limit_touch,take_profit
2024-11-14,2024-11-14 12:19:00,2024-11-14 12:54:00,2024-11-14 13:15:00,short,5789.0,5784.5,5799.5,5784.5,4.5,45.0,limit_touch,take_profit
2024-11-18,2024-11-18 10:41:00,2024-11-18 10:47:00,2024-11-18 10:58:00,short,5781.0,5776.0,5791.5,5776.0,5.0,50.0,limit_touch,take_profit
2024-11-18,2024-11-18 12:51:00,2024-11-18 13:34:00,2024-11-18 13:47:00,short,5760.5,5756.0,5770.0,5756.0,4.5,45.0,limit_touch,take_profit
2024-11-19,2024-11-19 10:25:00,2024-11-19 10:35:00,2024-11-19 10:46:00,long,5791.5,5783.0,5783.0,5795.5,-8.5,-85.0,limit_touch,stop_loss
2024-11-21,2024-11-21 10:04:00,2024-11-21 10:16:00,2024-11-21 10:17:00,long,5823.0,5827.0,5814.5,5827.0,4.0,40.0,limit_touch,take_profit
2024-11-21,2024-11-21 13:51:00,2024-11-21 14:14:00,2024-11-21 14:46:00,long,5827.5,5819.0,5819.0,5831.5,-8.5,-85.0,limit_touch,stop_loss
2024-11-22,2024-11-22 10:49:00,2024-11-22 10:52:00,2024-11-22 10:53:00,long,5824.5,5828.5,5816.0,5828.5,4.0,40.0,limit_touch,take_profit
2024-11-22,2024-11-22 10:59:00,2024-11-22 11:02:00,2024-11-22 11:09:00,long,5827.0,5818.5,5818.5,5831.0,-8.5,-85.0,limit_touch,stop_loss
2024-11-25,2024-11-25 10:01:00,2024-11-25 10:02:00,2024-11-25 10:04:00,long,5805.0,5809.0,5797.0,5809.0,4.0,40.0,limit_touch,take_profit
2024-11-25,2024-11-25 10:13:00,2024-11-25 10:14:00,2024-11-25 10:22:00,long,5806.5,5798.0,5798.0,5810.5,-8.5,-85.0,limit_touch,stop_loss
2024-11-25,2024-11-25 11:20:00,2024-11-25 11:25:00,2024-11-25 11:25:00,short,5788.0,5784.0,5796.5,5784.0,4.0,40.0,limit_touch,take_profit
2024-11-25,2024-11-25 12:57:00,2024-11-25 13:03:00,2024-11-25 13:18:00,long,5812.0,5816.0,5803.0,5816.0,4.0,40.0,limit_touch,take_profit
2024-11-25,2024-11-25 14:27:00,2024-11-25 14:53:00,2024-11-25 15:13:00,long,5813.0,5817.0,5804.5,5817.0,4.0,40.0,limit_touch,take_profit
2024-11-27,2024-11-27 13:53:00,2024-11-27 13:54:00,2024-11-27 14:01:00,long,5878.5,5883.0,5868.5,5883.0,4.5,45.0,limit_touch,take_profit
2024-11-27,2024-11-27 14:11:00,2024-11-27 14:47:00,2024-11-27 14:50:00,long,5882.0,5887.0,5871.0,5887.0,5.0,50.0,limit_touch,take_profit
2024-11-28,2024-11-28 13:09:00,2024-11-28 13:44:00,2024-11-28 13:50:00,long,5992.0,5997.5,5979.5,5997.5,5.5,55.0,limit_touch,take_profit
2024-11-29,2024-11-29 10:15:00,2024-11-29 11:02:00,2024-11-29 11:08:00,long,6107.5,6113.5,6094.0,6113.5,6.0,60.0,limit_touch,take_profit
2024-11-29,2024-11-29 12:57:00,2024-11-29 13:12:00,2024-11-29 13:13:00,short,6017.5,6009.0,6035.5,6009.0,8.5,85.0,limit_touch,take_profit
2024-12-02,2024-12-02 11:18:00,2024-12-02 12:00:00,2024-12-02 12:04:00,long,6085.5,6092.5,6071.0,6092.5,7.0,70.0,limit_touch,take_profit
2024-12-02,2024-12-02 13:04:00,2024-12-02 13:22:00,2024-12-02 13:38:00,long,6088.5,6095.0,6075.0,6095.0,6.5,65.0,limit_touch,take_profit
2024-12-03,2024-12-03 10:03:00,2024-12-03 10:09:00,2024-12-03 10:14:00,long,6087.5,6076.0,6076.0,6093.0,-11.5,-115.0,limit_touch,stop_loss
2024-12-03,2024-12-03 11:40:00,2024-12-03 11:54:00,2024-12-03 12:17:00,long,6097.0,6085.5,6085.5,6102.0,-11.5,-115.0,limit_touch,stop_loss
2024-12-04,2024-12-04 10:09:00,2024-12-04 10:10:00,2024-12-04 10:16:00,short,6069.5,6064.5,6080.0,6064.5,5.0,50.0,limit_touch,take_profit
2024-12-04,2024-12-04 10:23:00,2024-12-04 10:24:00,2024-12-04 11:01:00,short,6068.0,6078.5,6078.5,6063.0,-10.5,-105.0,limit_touch,stop_loss
2024-12-04,2024-12-04 12:26:00,2024-12-04 12:29:00,2024-12-04 12:29:00,short,6067.0,6062.5,6077.0,6062.5,4.5,45.0,limit_touch,take_profit
2024-12-04,2024-12-04 13:07:00,2024-12-04 13:12:00,2024-12-04 13:21:00,short,6056.0,6051.5,6066.0,6051.5,4.5,45.0,limit_touch,take_profit
2024-12-04,2024-12-04 13:30:00,2024-12-04 13:36:00,2024-12-04 13:49:00,short,6055.0,6050.5,6065.0,6050.5,4.5,45.0,limit_touch,take_profit
2024-12-05,2024-12-05 10:03:00,2024-12-05 10:05:00,2024-12-05 10:07:00,short,6017.0,6012.5,6026.5,6012.5,4.5,45.0,limit_touch,take_profit
2024-12-05,2024-12-05 11:14:00,2024-12-05 11:25:00,2024-12-05 11:28:00,short,6004.5,6000.0,6014.0,6000.0,4.5,45.0,limit_touch,take_profit
2024-12-05,2024-12-05 12:01:00,2024-12-05 12:29:00,2024-12-05 12:32:00,short,5995.0,5990.5,6004.5,5990.5,4.5,45.0,limit_touch,take_profit
2024-12-06,2024-12-06 10:44:00,2024-12-06 10:46:00,2024-12-06 10:59:00,short,6010.0,6019.5,6019.5,6005.5,-9.5,-95.0,limit_touch,stop_loss
2024-12-09,2024-12-09 10:11:00,2024-12-09 10:17:00,2024-12-09 10:45:00,short,6064.0,6073.0,6073.0,6060.0,-9.0,-90.0,limit_touch,stop_loss
2024-12-09,2024-12-09 11:54:00,2024-12-09 11:59:00,2024-12-09 12:19:00,short,6062.0,6071.5,6071.5,6057.5,-9.5,-95.0,limit_touch,stop_loss
2024-12-11,2024-12-11 10:05:00,2024-12-11 10:05:00,2024-12-11 10:05:00,short,6057.0,6053.0,6066.0,6053.0,4.0,40.0,limit_touch,take_profit
2024-12-11,2024-12-11 10:07:00,2024-12-11 10:18:00,2024-12-11 10:23:00,short,6054.0,6049.5,6063.5,6049.5,4.5,45.0,limit_touch,take_profit
2024-12-11,2024-12-11 10:24:00,2024-12-11 10:25:00,2024-12-11 10:27:00,short,6053.5,6049.0,6063.0,6049.0,4.5,45.0,limit_touch,take_profit
2024-12-11,2024-12-11 11:17:00,2024-12-11 11:41:00,2024-12-11 12:07:00,short,6038.5,6048.0,6048.0,6034.0,-9.5,-95.0,limit_touch,stop_loss
2024-12-12,2024-12-12 10:35:00,2024-12-12 10:37:00,2024-12-12 10:41:00,long,5916.5,5923.5,5901.0,5923.5,7.0,70.0,limit_touch,take_profit
2024-12-13,2024-12-13 10:03:00,2024-12-13 10:23:00,2024-12-13 10:38:00,long,6034.5,6020.0,6020.0,6041.5,-14.5,-145.0,limit_touch,stop_loss
2024-12-13,2024-12-13 14:37:00,2024-12-13 14:41:00,2024-12-13 14:42:00,long,6059.5,6047.0,6047.0,6065.5,-12.5,-125.0,limit_touch,stop_loss
2024-12-16,2024-12-16 10:14:00,2024-12-16 10:16:00,2024-12-16 10:24:00,short,6051.0,6043.0,6068.0,6043.0,8.0,80.0,limit_touch,take_profit
2024-12-17,2024-12-17 10:29:00,2024-12-17 10:36:00,2024-12-17 10:36:00,long,6164.0,6170.5,6150.0,6170.5,6.5,65.0,limit_touch,take_profit
2024-12-17,2024-12-17 12:15:00,2024-12-17 12:17:00,2024-12-17 12:17:00,long,6189.0,6175.5,6175.5,6195.5,-13.5,-135.0,limit_touch,stop_loss
2024-12-18,2024-12-18 11:06:00,2024-12-18 11:28:00,2024-12-18 11:31:00,long,6156.5,6142.5,6142.5,6163.0,-14.0,-140.0,limit_touch,stop_loss
2024-12-19,2024-12-19 10:11:00,2024-12-19 10:18:00,2024-12-19 10:22:00,long,6291.5,6272.5,6272.5,6300.0,-19.0,-190.0,limit_touch,stop_loss
2024-12-19,2024-12-19 10:25:00,2024-12-19 10:25:00,2024-12-19 10:35:00,short,6255.5,6246.0,6276.0,6246.0,9.5,95.0,limit_touch,take_profit
2024-12-19,2024-12-19 10:39:00,2024-12-19 10:41:00,2024-12-19 10:42:00,short,6249.5,6239.5,6270.5,6239.5,10.0,100.0,limit_touch,take_profit
2024-12-19,2024-12-19 10:49:00,2024-12-19 10:49:00,2024-12-19 10:51:00,short,6237.0,6259.5,6259.5,6226.5,-22.5,-225.0,limit_touch,stop_loss
2024-12-20,2024-12-20 10:25:00,2024-12-20 10:28:00,2024-12-20 10:36:00,long,6105.5,6114.5,6086.0,6114.5,9.0,90.0,limit_touch,take_profit
2024-12-23,2024-12-23 10:01:00,2024-12-23 10:05:00,2024-12-23 10:39:00,long,6153.0,6159.5,6138.5,6159.5,6.5,65.0,limit_touch,take_profit
2024-12-23,2024-12-23 11:10:00,2024-12-23 11:24:00,2024-12-23 11:37:00,long,6159.0,6165.5,6145.0,6165.5,6.5,65.0,limit_touch,take_profit
2024-12-26,2024-12-26 10:23:00,2024-12-26 10:26:00,2024-12-26 10:55:00,long,6189.5,6177.5,6177.5,6195.0,-12.0,-120.0,limit_touch,stop_loss
2024-12-26,2024-12-26 12:53:00,2024-12-26 13:13:00,2024-12-26 13:22:00,short,6163.5,6158.0,6175.0,6158.0,5.5,55.0,limit_touch,take_profit
2024-12-30,2024-12-30 10:45:00,2024-12-30 10:58:00,2024-12-30 11:25:00,short,6203.5,6215.0,6215.0,6198.0,-11.5,-115.0,limit_touch,stop_gap_open
2024-12-30,2024-12-30 13:13:00,2024-12-30 13:56:00,2024-12-30 13:56:00,long,6255.0,6242.0,6242.0,6261.0,-13.0,-130.0,limit_touch,stop_loss
2025-01-02,2025-01-02 13:59:00,2025-01-02 14:28:00,2025-01-02 14:56:00,short,6203.5,6198.5,6214.5,6198.5,5.0,50.0,limit_touch,take_profit
2025-01-03,2025-01-03 10:30:00,2025-01-03 10:36:00,2025-01-03 10:50:00,short,6183.0,6178.0,6194.0,6178.0,5.0,50.0,limit_touch,take_profit
2025-01-06,2025-01-06 10:23:00,2025-01-06 10:23:00,2025-01-06 10:23:00,short,6137.5,6132.5,6148.5,6132.5,5.0,50.0,limit_touch,take_profit
2025-01-06,2025-01-06 10:33:00,2025-01-06 10:51:00,2025-01-06 11:15:00,short,6135.5,6146.5,6146.5,6130.5,-11.0,-110.0,limit_touch,stop_loss
2025-01-06,2025-01-06 11:26:00,2025-01-06 11:29:00,2025-01-06 11:42:00,long,6168.0,6173.5,6156.0,6173.5,5.5,55.0,limit_touch,take_profit
2025-01-07,2025-01-07 10:20:00,2025-01-07 10:48:00,2025-01-07 10:51:00,short,6107.0,6102.5,6117.0,6102.5,4.5,45.0,limit_touch,take_profit
2025-01-07,2025-01-07 10:58:00,2025-01-07 11:17:00,2025-01-07 11:24:00,short,6104.5,6099.5,6115.0,6099.5,5.0,50.0,limit_touch,take_profit
2025-01-07,2025-01-07 13:06:00,2025-01-07 13:23:00,2025-01-07 13:31:00,short,6097.0,6092.0,6107.5,6092.0,5.0,50.0,limit_touch,take_profit
2025-01-08,2025-01-08 10:44:00,2025-01-08 10:46:00,2025-01-08 11:20:00,long,6174.0,6163.5,6163.5,6179.0,-10.5,-105.0,limit_touch,stop_loss
2025-01-08,2025-01-08 11:51:00,2025-01-08 11:52:00,2025-01-08 12:16:00,short,6154.5,6149.5,6165.5,6149.5,5.0,50.0,limit_touch,take_profit
2025-01-09,2025-01-09 11:39:00,2025-01-09 11:51:00,2025-01-09 11:53:00,short,6119.5,6115.0,6129.0,6115.0,4.5,45.0,limit_touch,take_profit
2025-01-09,2025-01-09 11:59:00,2025-01-09 12:01:00,2025-01-09 12:02:00,short,6112.0,6107.5,6121.5,6107.5,4.5,45.0,limit_touch,take_profit
2025-01-09,2025-01-09 12:42:00,2025-01-09 13:01:00,2025-01-09 13:30:00,short,6097.5,6093.0,6107.0,6093.0,4.5,45.0,limit_touch,take_profit
2025-01-14,2025-01-14 10:20:00,2025-01-14 10:22:00,2025-01-14 10:30:00,short,6093.5,6089.5,6102.5,6089.5,4.0,40.0,limit_touch,take_profit
2025-01-14,2025-01-14 10:46:00,2025-01-14 10:46:00,2025-01-14 10:46:00,short,6081.5,6077.5,6090.5,6077.5,4.0,40.0,limit_touch,take_profit
2025-01-14,2025-01-14 10:50:00,2025-01-14 10:51:00,2025-01-14 10:54:00,short,6074.5,6070.0,6084.0,6070.0,4.5,45.0,limit_touch,take_profit
2025-01-15,2025-01-15 10:18:00,2025-01-15 10:21:00,2025-01-15 10:22:00,long,6078.5,6082.5,6070.0,6082.5,4.0,40.0,limit_touch,take_profit
2025-01-15,2025-01-15 10:43:00,2025-01-15 10:44:00,2025-01-15 10:49:00,short,6044.5,6040.0,6054.5,6040.0,4.5,45.0,limit_touch,take_profit
2025-01-15,2025-01-15 11:03:00,2025-01-15 11:12:00,2025-01-15 11:18:00,short,6043.0,6038.0,6053.5,6038.0,5.0,50.0,limit_touch,take_profit
2025-01-16,2025-01-16 10:30:00,2025-01-16 10:30:00,2025-01-16 10:30:00,long,6051.0,6055.5,6041.0,6055.5,4.5,45.0,limit_touch,take_profit
2025-01-16,2025-01-16 10:57:00,2025-01-16 11:21:00,2025-01-16 11:30:00,long,6051.5,6056.0,6041.5,6056.0,4.5,45.0,limit_touch,take_profit
2025-01-16,2025-01-16 13:54:00,2025-01-16 14:19:00,2025-01-16 14:30:00,long,6053.5,6058.0,6043.5,6058.0,4.5,45.0,limit_touch,take_profit
2025-01-17,2025-01-17 10:39:00,2025-01-17 10:45:00,2025-01-17 10:53:00,long,6083.5,6087.5,6074.5,6087.5,4.0,40.0,limit_touch,take_profit
2025-01-17,2025-01-17 11:01:00,2025-01-17 11:25:00,2025-01-17 11:30:00,long,6089.0,6079.5,6079.5,6093.5,-9.5,-95.0,limit_touch,stop_loss
2025-01-20,2025-01-20 11:03:00,2025-01-20 11:11:00,2025-01-20 11:19:00,short,6066.5,6062.0,6076.5,6062.0,4.5,45.0,limit_touch,take_profit
2025-01-20,2025-01-20 11:44:00,2025-01-20 12:50:00,2025-01-20 13:16:00,short,6057.0,6052.0,6068.0,6052.0,5.0,50.0,limit_touch,take_profit
2025-01-21,2025-01-21 12:31:00,2025-01-21 12:42:00,2025-01-21 12:56:00,short,6049.0,6044.5,6058.5,6044.5,4.5,45.0,limit_touch,take_profit
2025-01-21,2025-01-21 13:57:00,2025-01-21 14:58:00,2025-01-21 15:10:00,short,6046.5,6042.5,6055.5,6042.5,4.0,40.0,limit_touch,take_profit
2025-01-22,2025-01-22 11:10:00,2025-01-22 11:16:00,2025-01-22 11:17:00,short,6002.0,5998.0,6010.5,5998.0,4.0,40.0,limit_touch,take_profit
2025-01-23,2025-01-23 11:48:00,2025-01-23 11:53:00,2025-01-23 11:57:00,short,5955.5,5951.5,5963.5,5951.5,4.0,40.0,limit_touch,take_profit
2025-01-23,2025-01-23 12:30:00,2025-01-23 13:06:00,2025-01-23 13:10:00,short,5935.0,5931.0,5943.5,5931.0,4.0,40.0,limit_touch,take_profit
2025-01-24,2025-01-24 10:29:00,2025-01-24 10:32:00,2025-01-24 10:47:00,short,5891.5,5886.5,5902.5,5886.5,5.0,50.0,limit_touch,take_profit
2025-01-24,2025-01-24 10:50:00,2025-01-24 10:56:00,2025-01-24 11:08:00,short,5890.0,5901.0,5901.0,5885.0,-11.0,-110.0,limit_touch,stop_loss
2025-01-24,2025-01-24 12:14:00,2025-01-24 12:28:00,2025-01-24 13:24:00,short,5886.5,5881.0,5898.0,5881.0,5.5,55.0,limit_touch,take_profit
2025-01-27,2025-01-27 10:19:00,2025-01-27 10:25:00,2025-01-27 10:27:00,short,5927.5,5923.0,5937.0,5923.0,4.5,45.0,limit_touch,take_profit
2025-01-27,2025-01-27 10:46:00,2025-01-27 11:06:00,2025-01-27 11:31:00,short,5922.0,5931.5,5931.5,5917.5,-9.5,-95.0,limit_touch,stop_loss
2025-01-28,2025-01-28 14:16:00,2025-01-28 14:38:00,2025-01-28 14:41:00,short,5877.0,5873.5,5885.0,5873.5,3.5,35.0,limit_touch,take_profit
2025-01-29,2025-01-29 10:04:00,2025-01-29 10:12:00,2025-01-29 10:14:00,short,5853.0,5849.5,5860.5,5849.5,3.5,35.0,limit_touch,take_profit
2025-01-29,2025-01-29 10:55:00,2025-01-29 11:00:00,2025-01-29 11:07:00,long,5879.5,5883.5,5871.0,5883.5,4.0,40.0,limit_touch,take_profit
2025-01-31,2025-01-31 10:07:00,2025-01-31 10:11:00,2025-01-31 10:16:00,short,5873.0,5867.5,5885.0,5867.5,5.5,55.0,limit_touch,take_profit
2025-01-31,2025-01-31 10:18:00,2025-01-31 10:23:00,2025-01-31 10:29:00,short,5870.5,5865.0,5882.5,5865.0,5.5,55.0,limit_touch,take_profit
2025-01-31,2025-01-31 10:57:00,2025-01-31 11:13:00,2025-01-31 11:47:00,short,5858.0,5852.0,5870.5,5852.0,6.0,60.0,limit_touch,take_profit
2025-02-03,2025-02-03 10:05:00,2025-02-03 10:07:00,2025-02-03 10:17:00,short,5884.5,5895.5,5895.5,5879.5,-11.0,-110.0,limit_touch,stop_loss
2025-02-03,2025-02-03 10:35:00,2025-02-03 10:45:00,2025-02-03 11:01:00,long,5911.5,5917.0,5900.0,5917.0,5.5,55.0,limit_touch,take_profit
2025-02-03,2025-02-03 11:06:00,2025-02-03 11:14:00,2025-02-03 11:23:00,long,5913.0,5918.5,5901.5,5918.5,5.5,55.0,limit_touch,take_profit
2025-02-03,2025-02-03 11:52:00,2025-02-03 12:20:00,2025-02-03 12:21:00,long,5919.5,5908.0,5908.0,5924.5,-11.5,-115.0,limit_touch,stop_loss
2025-02-03,2025-02-03 12:29:00,2025-02-03 12:29:00,2025-02-03 12:29:00,short,5883.5,5877.5,5896.5,5877.5,6.0,60.0,limit_touch,take_profit
2025-02-03,2025-02-03 13:13:00,2025-02-03 14:55:00,2025-02-03 14:56:00,short,5868.0,5862.0,5881.5,5862.0,6.0,60.0,limit_touch,take_profit
2025-02-04,2025-02-04 11:19:00,2025-02-04 11:23:00,2025-02-04 11:23:00,short,5832.5,5828.0,5842.0,5828.0,4.5,45.0,limit_touch,take_profit
2025-02-04,2025-02-04 12:45:00,2025-02-04 14:16:00,2025-02-04 14:17:00,short,5801.0,5796.5,5811.5,5796.5,4.5,45.0,limit_touch,take_profit
2025-02-05,2025-02-05 11:06:00,2025-02-05 11:39:00,2025-02-05 12:00:00,long,5827.0,5818.5,5818.5,5831.0,-8.5,-85.0,limit_touch,stop_loss
2025-02-06,2025-02-06 10:03:00,2025-02-06 10:03:00,2025-02-06 10:03:00,short,5828.5,5824.5,5837.0,5824.5,4.0,40.0,limit_touch,take_profit
2025-02-06,2025-02-06 10:59:00,2025-02-06 11:03:00,2025-02-06 11:09:00,short,5820.0,5816.0,5829.0,5816.0,4.0,40.0,limit_touch,take_profit_gap_open
2025-02-06,2025-02-06 11:39:00,2025-02-06 11:59:00,2025-02-06 12:11:00,short,5803.5,5813.0,5813.0,5799.0,-9.5,-95.0,limit_touch,stop_loss
2025-02-07,2025-02-07 12:14:00,2025-02-07 12:28:00,2025-02-07 12:35:00,short,5769.0,5764.5,5779.0,5764.5,4.5,45.0,limit_touch,take_profit
2025-02-07,2025-02-07 13:58:00,2025-02-07 14:07:00,2025-02-07 14:16:00,long,5800.5,5805.5,5789.5,5805.5,5.0,50.0,limit_touch,take_profit
2025-02-10,2025-02-10 10:25:00,2025-02-10 10:39:00,2025-02-10 11:05:00,short,5800.5,5810.5,5810.5,5796.0,-10.0,-100.0,limit_touch,stop_loss
2025-02-11,2025-02-11 10:15:00,2025-02-11 10:17:00,2025-02-11 10:20:00,long,5819.0,5822.5,5811.5,5822.5,3.5,35.0,limit_touch,take_profit
2025-02-11,2025-02-11 11:29:00,2025-02-11 11:37:00,2025-02-11 11:49:00,short,5793.0,5789.0,5801.5,5789.0,4.0,40.0,limit_touch,take_profit
2025-02-11,2025-02-11 12:47:00,2025-02-11 14:56:00,2025-02-11 15:00:00,short,5788.5,5784.5,5797.0,5784.5,4.0,40.0,limit_touch,take_profit
2025-02-12,2025-02-12 10:04:00,2025-02-12 10:06:00,2025-02-12 10:07:00,long,5790.5,5784.0,5784.0,5793.5,-6.5,-65.0,limit_touch,stop_loss
2025-02-12,2025-02-12 10:33:00,2025-02-12 10:34:00,2025-02-12 10:36:00,long,5795.0,5787.0,5787.0,5798.5,-8.0,-80.0,limit_touch,stop_loss
2025-02-13,2025-02-13 10:13:00,2025-02-13 10:20:00,2025-02-13 10:25:00,long,5798.5,5802.0,5790.5,5802.0,3.5,35.0,limit_touch,take_profit
2025-02-13,2025-02-13 11:04:00,2025-02-13 11:35:00,2025-02-13 11:38:00,long,5803.0,5807.0,5794.5,5807.0,4.0,40.0,limit_touch,take_profit
2025-02-14,2025-02-14 10:32:00,2025-02-14 10:43:00,2025-02-14 10:49:00,short,5745.5,5742.0,5753.5,5742.0,3.5,35.0,limit_touch,take_profit
2025-02-14,2025-02-14 12:11:00,2025-02-14 12:28:00,2025-02-14 12:35:00,short,5736.0,5732.5,5744.0,5732.5,3.5,35.0,limit_touch,take_profit
2025-02-17,2025-02-17 10:19:00,2025-02-17 10:27:00,2025-02-17 10:37:00,short,5717.5,5714.5,5724.5,5714.5,3.0,30.0,limit_touch,take_profit
2025-02-17,2025-02-17 10:45:00,2025-02-17 10:47:00,2025-02-17 11:17:00,short,5714.5,5711.5,5721.5,5711.5,3.0,30.0,limit_touch,take_profit
2025-02-18,2025-02-18 11:07:00,2025-02-18 11:11:00,2025-02-18 11:11:00,long,5729.0,5731.5,5723.5,5731.5,2.5,25.0,limit_touch,take_profit
2025-02-18,2025-02-18 11:47:00,2025-02-18 11:51:00,2025-02-18 11:53:00,short,5715.5,5713.0,5721.5,5713.0,2.5,25.0,limit_touch,take_profit
2025-02-18,2025-02-18 12:17:00,2025-02-18 13:39:00,2025-02-18 13:46:00,short,5698.5,5695.5,5705.0,5695.5,3.0,30.0,limit_touch,take_profit
2025-02-19,2025-02-19 10:04:00,2025-02-19 10:30:00,2025-02-19 10:31:00,long,5729.5,5732.5,5723.0,5732.5,3.0,30.0,limit_touch,take_profit
2025-02-19,2025-02-19 12:38:00,2025-02-19 12:42:00,2025-02-19 12:49:00,short,5703.5,5700.0,5711.0,5700.0,3.5,35.0,limit_touch,take_profit
2025-02-20,2025-02-20 10:48:00,2025-02-20 10:52:00,2025-02-20 10:53:00,long,5718.0,5721.5,5711.0,5721.5,3.5,35.0,limit_touch,take_profit
2025-02-20,2025-02-20 10:54:00,2025-02-20 10:59:00,2025-02-20 11:02:00,long,5718.5,5722.0,5711.5,5722.0,3.5,35.0,limit_touch,take_profit
2025-02-20,2025-02-20 11:53:00,2025-02-20 11:55:00,2025-02-20 12:00:00,short,5705.5,5702.0,5713.0,5702.0,3.5,35.0,limit_touch,take_profit
2025-02-20,2025-02-20 12:06:00,2025-02-20 12:10:00,2025-02-20 12:11:00,short,5705.0,5701.5,5712.5,5701.5,3.5,35.0,limit_touch,take_profit
2025-02-20,2025-02-20 12:44:00,2025-02-20 12:48:00,2025-02-20 14:23:00,short,5705.0,5701.5,5713.0,5701.5,3.5,35.0,limit_touch,take_profit
2025-02-20,2025-02-20 14:43:00,2025-02-20 14:48:00,2025-02-20 14:50:00,short,5702.5,5699.5,5709.5,5699.5,3.0,30.0,limit_touch,take_profit
2025-02-21,2025-02-21 10:58:00,2025-02-21 11:02:00,2025-02-21 11:06:00,short,5711.0,5717.5,5717.5,5708.0,-6.5,-65.0,limit_touch,stop_loss
2025-02-21,2025-02-21 11:30:00,2025-02-21 11:33:00,2025-02-21 11:39:00,short,5709.5,5716.0,5716.0,5706.5,-6.5,-65.0,limit_touch,stop_loss
2025-02-21,2025-02-21 11:48:00,2025-02-21 11:50:00,2025-02-21 11:50:00,short,5709.0,5706.0,5716.0,5706.0,3.0,30.0,limit_touch,take_profit
2025-02-21,2025-02-21 12:06:00,2025-02-21 12:07:00,2025-02-21 12:22:00,short,5708.5,5715.0,5715.0,5705.5,-6.5,-65.0,limit_touch,stop_loss
2025-02-24,2025-02-24 10:18:00,2025-02-24 10:23:00,2025-02-24 10:28:00,long,5727.0,5730.0,5720.0,5730.0,3.0,30.0,limit_touch,take_profit
2025-02-24,2025-02-24 10:36:00,2025-02-24 10:37:00,2025-02-24 10:38:00,long,5729.5,5732.5,5722.5,5732.5,3.0,30.0,limit_touch,take_profit
2025-02-24,2025-02-24 11:18:00,2025-02-24 11:31:00,2025-02-24 11:46:00,long,5732.0,5735.0,5725.5,5735.0,3.0,30.0,limit_touch,take_profit
2025-02-24,2025-02-24 12:03:00,2025-02-24 12:36:00,2025-02-24 12:47:00,long,5734.0,5737.0,5727.5,5737.0,3.0,30.0,limit_touch,take_profit
2025-02-24,2025-02-24 13:30:00,2025-02-24 13:36:00,2025-02-24 14:01:00,long,5738.0,5741.0,5731.5,5741.0,3.0,30.0,limit_touch,take_profit
2025-02-25,2025-02-25 12:59:00,2025-02-25 13:28:00,2025-02-25 13:39:00,short,5773.5,5769.5,5782.0,5769.5,4.0,40.0,limit_touch,take_profit
2025-02-26,2025-02-26 11:57:00,2025-02-26 12:49:00,2025-02-26 12:56:00,long,5788.5,5780.5,5780.5,5792.0,-8.0,-80.0,limit_touch,stop_loss
2025-02-27,2025-02-27 10:58:00,2025-02-27 11:01:00,2025-02-27 11:04:00,long,5821.5,5825.5,5813.0,5825.5,4.0,40.0,limit_touch,take_profit
2025-02-27,2025-02-27 11:08:00,2025-02-27 11:11:00,2025-02-27 11:17:00,long,5823.5,5815.0,5815.0,5827.5,-8.5,-85.0,limit_touch,stop_loss
2025-02-27,2025-02-27 12:01:00,2025-02-27 12:05:00,2025-02-27 12:08:00,long,5826.0,5830.0,5817.0,5830.0,4.0,40.0,limit_touch,take_profit
2025-02-27,2025-02-27 12:17:00,2025-02-27 12:34:00,2025-02-27 12:34:00,long,5827.0,5831.0,5818.0,5831.0,4.0,40.0,limit_touch,take_profit
2025-02-27,2025-02-27 13:26:00,2025-02-27 14:01:00,2025-02-27 14:33:00,long,5828.5,5832.5,5820.0,5832.5,4.0,40.0,limit_touch,take_profit
2025-02-28,2025-02-28 10:13:00,2025-02-28 10:16:00,2025-02-28 10:20:00,short,5865.0,5860.5,5874.0,5860.5,4.5,45.0,limit_touch,take_profit
2025-02-28,2025-02-28 12:51:00,2025-02-28 13:04:00,2025-02-28 13:15:00,long,5893.0,5897.5,5883.5,5897.5,4.5,45.0,limit_touch,take_profit
2025-02-28,2025-02-28 13:48:00,2025-02-28 14:06:00,2025-02-28 14:44:00,long,5908.5,5913.0,5899.0,5913.0,4.5,45.0,limit_touch,take_profit
2025-03-05,2025-03-05 13:05:00,2025-03-05 13:05:00,2025-03-05 13:05:00,short,5848.0,5842.5,5860.0,5842.5,5.5,55.0,limit_touch,take_profit
2025-03-05,2025-03-05 13:12:00,2025-03-05 13:14:00,2025-03-05 13:15:00,short,5836.0,5830.0,5849.0,5830.0,6.0,60.0,limit_touch,take_profit
2025-03-06,2025-03-06 10:00:00,2025-03-06 10:04:00,2025-03-06 10:16:00,short,5778.0,5773.5,5788.0,5773.5,4.5,45.0,limit_touch,take_profit
2025-03-06,2025-03-06 11:04:00,2025-03-06 11:07:00,2025-03-06 11:15:00,short,5770.5,5766.0,5781.0,5766.0,4.5,45.0,limit_touch,take_profit
2025-03-06,2025-03-06 13:44:00,2025-03-06 14:03:00,2025-03-06 14:06:00,long,5798.5,5803.5,5787.5,5803.5,5.0,50.0,limit_touch,take_profit
2025-03-07,2025-03-07 11:19:00,2025-03-07 11:28:00,2025-03-07 11:32:00,long,5802.5,5806.5,5793.5,5806.5,4.0,40.0,limit_touch,take_profit
2025-03-07,2025-03-07 12:21:00,2025-03-07 12:23:00,2025-03-07 12:48:00,long,5804.5,5796.0,5796.0,5808.5,-8.5,-85.0,limit_touch,stop_loss
2025-03-07,2025-03-07 14:12:00,2025-03-07 14:23:00,2025-03-07 14:30:00,long,5813.0,5817.0,5804.5,5817.0,4.0,40.0,limit_touch,take_profit
2025-03-10,2025-03-10 11:12:00,2025-03-10 11:19:00,2025-03-10 11:21:00,short,5814.0,5810.5,5821.0,5810.5,3.5,35.0,limit_touch,take_profit
2025-03-10,2025-03-10 11:31:00,2025-03-10 11:36:00,2025-03-10 11:43:00,short,5812.5,5809.5,5819.5,5809.5,3.0,30.0,limit_touch,take_profit
2025-03-10,2025-03-10 11:53:00,2025-03-10 12:05:00,2025-03-10 12:19:00,short,5808.5,5805.0,5816.0,5805.0,3.5,35.0,limit_touch,take_profit
2025-03-11,2025-03-11 10:18:00,2025-03-11 10:20:00,2025-03-11 10:23:00,short,5856.5,5864.0,5864.0,5853.0,-7.5,-75.0,limit_touch,stop_loss
2025-03-11,2025-03-11 10:48:00,2025-03-11 10:54:00,2025-03-11 10:56:00,short,5853.5,5850.0,5861.5,5850.0,3.5,35.0,limit_touch,take_profit
2025-03-11,2025-03-11 12:54:00,2025-03-11 13:00:00,2025-03-11 13:08:00,short,5852.0,5848.0,5860.0,5848.0,4.0,40.0,limit_touch,take_profit
2025-03-12,2025-03-12 10:04:00,2025-03-12 10:15:00,2025-03-12 10:19:00,long,5858.5,5862.0,5850.5,5862.0,3.5,35.0,limit_touch,take_profit
2025-03-13,2025-03-13 10:14:00,2025-03-13 10:17:00,2025-03-13 10:20:00,long,5847.0,5850.5,5839.5,5850.5,3.5,35.0,limit_touch,take_profit
2025-03-13,2025-03-13 10:23:00,2025-03-13 10:27:00,2025-03-13 10:44:00,long,5851.5,5855.0,5844.0,5855.0,3.5,35.0,limit_touch,take_profit
2025-03-13,2025-03-13 12:25:00,2025-03-13 12:37:00,2025-03-13 12:50:00,short,5827.5,5824.0,5835.0,5824.0,3.5,35.0,limit_touch,take_profit
2025-03-18,2025-03-18 10:03:00,2025-03-18 10:07:00,2025-03-18 10:08:00,short,5705.5,5702.0,5712.5,5702.0,3.5,35.0,limit_touch,take_profit
2025-03-18,2025-03-18 10:22:00,2025-03-18 10:28:00,2025-03-18 10:30:00,short,5704.5,5701.0,5712.0,5701.0,3.5,35.0,limit_touch,take_profit
2025-03-18,2025-03-18 13:20:00,2025-03-18 14:02:00,2025-03-18 14:03:00,short,5686.0,5682.5,5693.5,5682.5,3.5,35.0,limit_touch,take_profit
2025-03-19,2025-03-19 13:23:00,2025-03-19 13:50:00,2025-03-19 14:35:00,short,5671.0,5677.5,5677.5,5668.0,-6.5,-65.0,limit_touch,stop_loss
2025-03-20,2025-03-20 10:33:00,2025-03-20 10:36:00,2025-03-20 10:38:00,long,5683.5,5686.5,5676.5,5686.5,3.0,30.0,limit_touch,take_profit
2025-03-20,2025-03-20 10:39:00,2025-03-20 10:42:00,2025-03-20 10:46:00,long,5684.0,5687.0,5677.0,5687.0,3.0,30.0,limit_touch,take_profit
2025-03-20,2025-03-20 13:14:00,2025-03-20 13:26:00,2025-03-20 13:47:00,long,5686.5,5679.5,5679.5,5689.5,-7.0,-70.0,limit_touch,stop_loss
2025-03-21,2025-03-21 10:02:00,2025-03-21 10:08:00,2025-03-21 10:09:00,long,5724.5,5728.0,5717.0,5728.0,3.5,35.0,limit_touch,take_profit
2025-03-21,2025-03-21 12:09:00,2025-03-21 13:04:00,2025-03-21 13:15:00,long,5732.5,5736.0,5725.0,5736.0,3.5,35.0,limit_touch,take_profit
2025-03-25,2025-03-25 10:01:00,2025-03-25 10:07:00,2025-03-25 10:22:00,short,5738.5,5735.5,5745.5,5735.5,3.0,30.0,limit_touch,take_profit
2025-03-25,2025-03-25 12:06:00,2025-03-25 13:48:00,2025-03-25 14:20:00,short,5704.0,5711.5,5711.5,5700.5,-7.5,-75.0,limit_touch,stop_loss
2025-03-26,2025-03-26 10:03:00,2025-03-26 10:08:00,2025-03-26 10:22:00,long,5728.5,5731.5,5722.0,5731.5,3.0,30.0,limit_touch,take_profit
2025-03-26,2025-03-26 10:43:00,2025-03-26 10:47:00,2025-03-26 10:51:00,long,5731.5,5734.5,5724.5,5734.5,3.0,30.0,limit_touch,take_profit
2025-03-26,2025-03-26 13:16:00,2025-03-26 13:38:00,2025-03-26 14:16:00,long,5739.0,5742.0,5732.0,5742.0,3.0,30.0,limit_touch,take_profit
2025-03-27,2025-03-27 10:19:00,2025-03-27 10:43:00,2025-03-27 10:51:00,long,5763.0,5756.5,5756.5,5766.0,-6.5,-65.0,limit_touch,stop_loss
2025-03-28,2025-03-28 11:25:00,2025-03-28 11:29:00,2025-03-28 11:44:00,long,5775.5,5767.0,5767.0,5779.5,-8.5,-85.0,limit_touch,stop_loss
2025-03-31,2025-03-31 10:32:00,2025-03-31 10:38:00,2025-03-31 10:49:00,short,5778.0,5774.0,5786.5,5774.0,4.0,40.0,limit_touch,take_profit
2025-03-31,2025-03-31 11:57:00,2025-03-31 12:07:00,2025-03-31 12:11:00,short,5769.0,5764.5,5778.5,5764.5,4.5,45.0,limit_touch,take_profit
2025-04-01,2025-04-01 10:07:00,2025-04-01 10:11:00,2025-04-01 10:11:00,long,5755.0,5758.0,5748.0,5758.0,3.0,30.0,limit_touch,take_profit
2025-04-01,2025-04-01 11:29:00,2025-04-01 11:34:00,2025-04-01 11:38:00,short,5739.5,5735.5,5747.5,5735.5,4.0,40.0,limit_touch,take_profit
2025-04-01,2025-04-01 13:20:00,2025-04-01 13:42:00,2025-04-01 14:02:00,short,5717.0,5713.5,5725.0,5713.5,3.5,35.0,limit_touch,take_profit
2025-04-02,2025-04-02 10:18:00,2025-04-02 10:18:00,2025-04-02 10:18:00,short,5696.0,5693.0,5703.0,5693.0,3.0,30.0,limit_touch,take_profit
2025-04-02,2025-04-02 10:19:00,2025-04-02 10:25:00,2025-04-02 10:32:00,short,5695.0,5702.0,5702.0,5692.0,-7.0,-70.0,limit_touch,stop_loss
2025-04-02,2025-04-02 11:36:00,2025-04-02 11:55:00,2025-04-02 11:57:00,long,5728.5,5732.0,5721.0,5732.0,3.5,35.0,limit_touch,take_profit
2025-04-03,2025-04-03 10:45:00,2025-04-03 10:48:00,2025-04-03 11:03:00,short,5637.0,5630.5,5651.5,5630.5,6.5,65.0,limit_touch,take_profit
2025-04-03,2025-04-03 11:42:00,2025-04-03 12:10:00,2025-04-03 13:42:00,short,5632.5,5626.0,5647.0,5626.0,6.5,65.0,limit_touch,take_profit
2025-04-04,2025-04-04 10:17:00,2025-04-04 10:30:00,2025-04-04 10:31:00,long,5768.5,5774.5,5756.0,5774.5,6.0,60.0,limit_touch,take_profit
2025-04-04,2025-04-04 11:48:00,2025-04-04 12:02:00,2025-04-04 12:04:00,long,5817.5,5824.0,5804.0,5824.0,6.5,65.0,limit_touch,take_profit
2025-04-07,2025-04-07 10:26:00,2025-04-07 10:31:00,2025-04-07 10:32:00,long,5916.5,5922.5,5903.0,5922.5,6.0,60.0,limit_touch,take_profit
2025-04-07,2025-04-07 10:44:00,2025-04-07 10:49:00,2025-04-07 11:00:00,long,5920.0,5906.5,5906.5,5926.0,-13.5,-135.0,limit_touch,stop_loss
2025-04-07,2025-04-07 11:14:00,2025-04-07 11:19:00,2025-04-07 11:23:00,short,5863.0,5879.0,5879.0,5855.5,-16.0,-160.0,limit_touch,stop_loss
2025-04-07,2025-04-07 13:05:00,2025-04-07 14:00:00,2025-04-07 14:02:00,long,5929.0,5937.0,5911.0,5937.0,8.0,80.0,limit_touch,take_profit
2025-04-08,2025-04-08 10:04:00,2025-04-08 10:09:00,2025-04-08 10:18:00,long,5920.5,5907.5,5907.5,5926.5,-13.0,-130.0,limit_touch,stop_loss
2025-04-09,2025-04-09 14:02:00,2025-04-09 14:08:00,2025-04-09 14:14:00,short,6037.0,6030.0,6052.0,6030.0,7.0,70.0,limit_touch,take_profit
2025-04-09,2025-04-09 14:20:00,2025-04-09 14:20:00,2025-04-09 14:20:00,short,6013.5,6005.5,6030.5,6005.5,8.0,80.0,limit_touch,take_profit
2025-04-09,2025-04-09 14:27:00,2025-04-09 14:38:00,2025-04-09 14:41:00,short,5945.5,5936.0,5966.0,5936.0,9.5,95.0,limit_touch,take_profit
2025-04-10,2025-04-10 10:14:00,2025-04-10 10:30:00,2025-04-10 10:53:00,long,5908.0,5916.5,5890.0,5916.5,8.5,85.0,limit_touch,take_profit
2025-04-10,2025-04-10 13:27:00,2025-04-10 14:02:00,2025-04-10 14:02:00,long,5942.0,5949.0,5926.5,5949.0,7.0,70.0,limit_touch,take_profit
2025-04-11,2025-04-11 10:34:00,2025-04-11 10:39:00,2025-04-11 10:46:00,long,5910.0,5894.0,5894.0,5917.5,-16.0,-160.0,limit_touch,stop_loss
2025-04-14,2025-04-14 13:12:00,2025-04-14 13:31:00,2025-04-14 13:55:00,long,5877.0,5866.5,5866.5,5882.0,-10.5,-105.0,limit_touch,stop_loss
2025-04-15,2025-04-15 10:39:00,2025-04-15 10:53:00,2025-04-15 11:09:00,long,5877.0,5881.0,5868.5,5881.0,4.0,40.0,limit_touch,take_profit
2025-04-15,2025-04-15 11:46:00,2025-04-15 11:54:00,2025-04-15 11:55:00,long,5891.0,5895.0,5882.0,5895.0,4.0,40.0,limit_touch,take_profit
2025-04-15,2025-04-15 12:13:00,2025-04-15 12:51:00,2025-04-15 13:04:00,long,5893.5,5898.0,5884.0,5898.0,4.5,45.0,limit_touch,take_profit
2025-04-16,2025-04-16 10:14:00,2025-04-16 10:22:00,2025-04-16 10:32:00,long,5915.5,5919.5,5907.0,5919.5,4.0,40.0,limit_touch,take_profit
2025-04-16,2025-04-16 14:06:00,2025-04-16 14:33:00,2025-04-16 14:33:00,short,5881.0,5877.5,5889.0,5877.5,3.5,35.0,limit_touch,take_profit
2025-04-17,2025-04-17 10:34:00,2025-04-17 10:37:00,2025-04-17 10:41:00,short,5873.0,5869.0,5881.5,5869.0,4.0,40.0,limit_touch,take_profit
2025-04-17,2025-04-17 11:04:00,2025-04-17 11:06:00,2025-04-17 11:32:00,short,5870.0,5878.5,5878.5,5866.0,-8.5,-85.0,limit_touch,stop_loss
2025-04-22,2025-04-22 10:05:00,2025-04-22 10:08:00,2025-04-22 10:14:00,short,5782.5,5778.5,5790.5,5778.5,4.0,40.0,limit_touch,take_profit
2025-04-22,2025-04-22 11:09:00,2025-04-22 11:31:00,2025-04-22 11:40:00,short,5772.5,5769.0,5780.5,5769.0,3.5,35.0,limit_touch,take_profit
2025-04-22,2025-04-22 13:33:00,2025-04-22 14:21:00,2025-04-22 14:23:00,short,5752.0,5748.5,5759.5,5748.5,3.5,35.0,limit_touch,take_profit
2025-04-23,2025-04-23 10:19:00,2025-04-23 10:20:00,2025-04-23 10:28:00,short,5691.0,5687.5,5699.0,5687.5,3.5,35.0,limit_touch,take_profit
2025-04-23,2025-04-23 10:38:00,2025-04-23 10:39:00,2025-04-23 10:42:00,short,5678.5,5674.5,5687.0,5674.5,4.0,40.0,limit_touch,take_profit
2025-04-23,2025-04-23 10:45:00,2025-04-23 10:54:00,2025-04-23 10:55:00,short,5677.0,5685.5,5685.5,5673.0,-8.5,-85.0,limit_touch,stop_loss
2025-04-23,2025-04-23 12:30:00,2025-04-23 12:58:00,2025-04-23 13:26:00,long,5705.0,5709.5,5695.5,5709.5,4.5,45.0,limit_touch,take_profit
2025-04-24,2025-04-24 10:27:00,2025-04-24 10:40:00,2025-04-24 10:42:00,short,5679.5,5688.0,5688.0,5675.5,-8.5,-85.0,limit_touch,stop_loss
2025-04-24,2025-04-24 12:50:00,2025-04-24 12:58:00,2025-04-24 13:03:00,short,5678.5,5674.5,5687.5,5674.5,4.0,40.0,limit_touch,take_profit
2025-04-25,2025-04-25 10:58:00,2025-04-25 11:02:00,2025-04-25 11:22:00,short,5689.0,5697.0,5697.0,5685.0,-8.0,-80.0,better_open,stop_loss
2025-04-25,2025-04-25 12:01:00,2025-04-25 12:05:00,2025-04-25 12:25:00,short,5688.0,5695.5,5695.5,5684.5,-7.5,-75.0,limit_touch,stop_loss
2025-04-25,2025-04-25 13:34:00,2025-04-25 14:08:00,2025-04-25 14:46:00,short,5680.0,5687.5,5687.5,5676.5,-7.5,-75.0,limit_touch,stop_loss
2025-04-28,2025-04-28 10:07:00,2025-04-28 10:24:00,2025-04-28 10:25:00,short,5673.5,5670.5,5680.0,5670.5,3.0,30.0,limit_touch,take_profit
2025-04-28,2025-04-28 11:02:00,2025-04-28 11:16:00,2025-04-28 11:20:00,short,5663.0,5660.0,5670.0,5660.0,3.0,30.0,limit_touch,take_profit
2025-04-29,2025-04-29 12:21:00,2025-04-29 12:34:00,2025-04-29 13:56:00,short,5631.5,5639.0,5639.0,5628.0,-7.5,-75.0,limit_touch,stop_loss
2025-04-30,2025-04-30 10:30:00,2025-04-30 10:43:00,2025-04-30 10:46:00,long,5699.5,5703.5,5690.5,5703.5,4.0,40.0,limit_touch,take_profit
2025-05-02,2025-05-02 10:11:00,2025-05-02 10:18:00,2025-05-02 10:20:00,short,5683.0,5679.0,5691.5,5679.0,4.0,40.0,limit_touch,take_profit
2025-05-02,2025-05-02 10:52:00,2025-05-02 11:04:00,2025-05-02 11:24:00,short,5677.0,5673.0,5686.0,5673.0,4.0,40.0,limit_touch,take_profit
2025-05-06,2025-05-06 10:43:00,2025-05-06 11:10:00,2025-05-06 11:25:00,long,5760.5,5763.5,5753.5,5763.5,3.0,30.0,limit_touch,take_profit
2025-05-07,2025-05-07 10:13:00,2025-05-07 10:25:00,2025-05-07 10:44:00,long,5761.5,5765.0,5754.5,5765.0,3.5,35.0,limit_touch,take_profit
2025-05-07,2025-05-07 10:59:00,2025-05-07 11:03:00,2025-05-07 11:09:00,long,5764.0,5767.5,5756.5,5767.5,3.5,35.0,limit_touch,take_profit
2025-05-07,2025-05-07 11:54:00,2025-05-07 12:03:00,2025-05-07 12:09:00,long,5765.0,5768.5,5757.5,5768.5,3.5,35.0,limit_touch,take_profit
2025-05-07,2025-05-07 13:39:00,2025-05-07 14:12:00,2025-05-07 14:20:00,long,5769.5,5772.5,5762.5,5772.5,3.0,30.0,limit_touch,take_profit_gap_open
2025-05-08,2025-05-08 12:43:00,2025-05-08 13:10:00,2025-05-08 13:39:00,short,5714.5,5711.0,5722.5,5711.0,3.5,35.0,limit_touch,take_profit
2025-05-09,2025-05-09 12:06:00,2025-05-09 12:10:00,2025-05-09 12:16:00,short,5677.0,5684.0,5684.0,5673.5,-7.0,-70.0,limit_touch,stop_loss
2025-05-09,2025-05-09 12:25:00,2025-05-09 12:36:00,2025-05-09 13:46:00,short,5674.5,5682.0,5682.0,5671.0,-7.5,-75.0,limit_touch,stop_loss
2025-05-12,2025-05-12 10:35:00,2025-05-12 10:47:00,2025-05-12 10:54:00,short,5696.5,5704.0,5704.0,5693.0,-7.5,-75.0,limit_touch,stop_loss
2025-05-13,2025-05-13 10:02:00,2025-05-13 10:19:00,2025-05-13 10:22:00,short,5667.0,5664.0,5673.5,5664.0,3.0,30.0,limit_touch,take_profit
2025-05-13,2025-05-13 10:45:00,2025-05-13 11:00:00,2025-05-13 11:06:00,short,5659.5,5666.0,5666.0,5656.5,-6.5,-65.0,limit_touch,stop_loss
2025-05-14,2025-05-14 11:37:00,2025-05-14 11:49:00,2025-05-14 11:51:00,long,5631.0,5634.5,5623.5,5634.5,3.5,35.0,limit_touch,take_profit
2025-05-14,2025-05-14 12:05:00,2025-05-14 12:24:00,2025-05-14 12:33:00,long,5633.5,5626.0,5626.0,5637.0,-7.5,-75.0,limit_touch,stop_loss
2025-05-15,2025-05-15 12:22:00,2025-05-15 12:42:00,2025-05-15 13:01:00,long,5664.0,5657.0,5657.0,5667.0,-7.0,-70.0,limit_touch,stop_loss
2025-05-16,2025-05-16 10:07:00,2025-05-16 10:09:00,2025-05-16 10:52:00,long,5722.0,5713.0,5713.0,5726.0,-9.0,-90.0,limit_touch,stop_loss
2025-05-16,2025-05-16 13:49:00,2025-05-16 14:11:00,2025-05-16 14:21:00,short,5698.5,5695.0,5706.5,5695.0,3.5,35.0,better_open,take_profit
2025-05-19,2025-05-19 12:24:00,2025-05-19 14:19:00,2025-05-19 15:58:00,short,5664.5,5661.0,5672.0,5661.0,3.5,35.0,limit_touch,take_profit
2025-05-20,2025-05-20 10:28:00,2025-05-20 10:29:00,2025-05-20 10:29:00,long,5675.0,5678.0,5668.0,5678.0,3.0,30.0,limit_touch,take_profit
2025-05-20,2025-05-20 10:30:00,2025-05-20 10:34:00,2025-05-20 10:37:00,long,5676.5,5679.5,5669.5,5679.5,3.0,30.0,limit_touch,take_profit
2025-05-20,2025-05-20 10:40:00,2025-05-20 10:52:00,2025-05-20 11:16:00,long,5678.0,5681.5,5671.0,5681.5,3.5,35.0,limit_touch,take_profit
2025-05-20,2025-05-20 11:21:00,2025-05-20 11:27:00,2025-05-20 11:29:00,long,5679.5,5682.5,5672.5,5682.5,3.0,30.0,limit_touch,take_profit
2025-05-20,2025-05-20 11:51:00,2025-05-20 11:59:00,2025-05-20 12:24:00,long,5682.5,5686.0,5675.5,5686.0,3.5,35.0,limit_touch,take_profit
2025-05-21,2025-05-21 11:56:00,2025-05-21 12:05:00,2025-05-21 12:31:00,short,5666.0,5672.5,5672.5,5663.0,-6.5,-65.0,limit_touch,stop_loss
2025-05-22,2025-05-22 10:07:00,2025-05-22 10:20:00,2025-05-22 10:21:00,short,5663.5,5660.0,5670.5,5660.0,3.5,35.0,limit_touch,take_profit
2025-05-22,2025-05-22 10:29:00,2025-05-22 10:50:00,2025-05-22 10:52:00,short,5659.0,5655.5,5666.5,5655.5,3.5,35.0,limit_touch,take_profit
2025-05-22,2025-05-22 11:11:00,2025-05-22 11:28:00,2025-05-22 11:40:00,short,5656.5,5653.0,5664.0,5653.0,3.5,35.0,limit_touch,take_profit
2025-05-22,2025-05-22 12:26:00,2025-05-22 14:13:00,2025-05-22 14:17:00,short,5641.0,5637.5,5649.0,5637.5,3.5,35.0,limit_touch,take_profit
2025-05-23,2025-05-23 10:26:00,2025-05-23 10:28:00,2025-05-23 10:38:00,long,5737.0,5720.0,5720.0,5745.0,-17.0,-170.0,limit_touch,stop_loss
2025-05-26,2025-05-26 10:16:00,2025-05-26 10:24:00,2025-05-26 10:45:00,long,5665.5,5657.0,5657.0,5669.5,-8.5,-85.0,limit_touch,stop_loss
2025-05-26,2025-05-26 11:48:00,2025-05-26 12:07:00,2025-05-26 12:09:00,long,5669.0,5673.0,5660.5,5673.0,4.0,40.0,limit_touch,take_profit
2025-05-26,2025-05-26 12:56:00,2025-05-26 13:42:00,2025-05-26 14:10:00,long,5672.5,5676.0,5664.5,5676.0,3.5,35.0,limit_touch,take_profit
2025-05-27,2025-05-27 10:49:00,2025-05-27 10:54:00,2025-05-27 10:57:00,long,5670.0,5663.0,5663.0,5673.0,-7.0,-70.0,limit_touch,stop_loss
2025-05-28,2025-05-28 10:18:00,2025-05-28 10:34:00,2025-05-28 10:48:00,long,5679.5,5682.5,5673.0,5682.5,3.0,30.0,limit_touch,take_profit
2025-05-28,2025-05-28 13:14:00,2025-05-28 14:13:00,2025-05-28 14:27:00,long,5702.5,5695.5,5695.5,5706.0,-7.0,-70.0,limit_touch,stop_loss
2025-05-29,2025-05-29 10:14:00,2025-05-29 10:27:00,2025-05-29 10:30:00,short,5672.5,5679.5,5679.5,5669.0,-7.0,-70.0,limit_touch,stop_loss
2025-05-29,2025-05-29 12:02:00,2025-05-29 14:09:00,2025-05-29 14:11:00,short,5660.5,5657.0,5668.0,5657.0,3.5,35.0,limit_touch,take_profit
2025-05-30,2025-05-30 10:13:00,2025-05-30 10:14:00,2025-05-30 10:16:00,long,5721.5,5725.5,5713.0,5725.5,4.0,40.0,limit_touch,take_profit
2025-05-30,2025-05-30 11:55:00,2025-05-30 12:05:00,2025-05-30 12:13:00,long,5757.0,5747.5,5747.5,5761.5,-9.5,-95.0,limit_touch,stop_loss
2025-06-02,2025-06-02 10:25:00,2025-06-02 10:32:00,2025-06-02 10:53:00,short,5712.5,5721.5,5721.5,5708.5,-9.0,-90.0,limit_touch,stop_loss
2025-06-04,2025-06-04 10:58:00,2025-06-04 11:00:00,2025-06-04 11:01:00,long,5664.5,5668.0,5657.0,5668.0,3.5,35.0,limit_touch,take_profit
2025-06-04,2025-06-04 11:05:00,2025-06-04 11:07:00,2025-06-04 11:08:00,long,5666.5,5658.5,5658.5,5670.0,-8.0,-80.0,limit_touch,stop_loss
2025-06-04,2025-06-04 12:25:00,2025-06-04 12:36:00,2025-06-04 12:50:00,long,5668.0,5671.5,5660.0,5671.5,3.5,35.0,limit_touch,take_profit
2025-06-04,2025-06-04 13:44:00,2025-06-04 14:06:00,2025-06-04 14:16:00,long,5669.5,5673.0,5662.0,5673.0,3.5,35.0,limit_touch,take_profit
2025-06-05,2025-06-05 10:42:00,2025-06-05 10:54:00,2025-06-05 10:55:00,short,5631.5,5628.0,5638.5,5628.0,3.5,35.0,limit_touch,take_profit
2025-06-06,2025-06-06 10:23:00,2025-06-06 10:31:00,2025-06-06 10:37:00,long,5620.0,5623.5,5612.0,5623.5,3.5,35.0,limit_touch,take_profit
2025-06-06,2025-06-06 10:46:00,2025-06-06 10:56:00,2025-06-06 11:26:00,long,5623.5,5615.5,5615.5,5627.0,-8.0,-80.0,limit_touch,stop_loss
2025-06-06,2025-06-06 12:15:00,2025-06-06 12:34:00,2025-06-06 13:04:00,long,5632.0,5623.5,5623.5,5636.0,-8.5,-85.0,limit_touch,stop_loss
2025-06-09,2025-06-09 10:29:00,2025-06-09 10:37:00,2025-06-09 10:50:00,long,5613.0,5604.5,5604.5,5617.0,-8.5,-85.0,limit_touch,stop_loss
2025-06-10,2025-06-10 10:32:00,2025-06-10 10:36:00,2025-06-10 10:45:00,short,5574.5,5581.0,5581.0,5571.5,-6.5,-65.0,limit_touch,stop_loss
2025-06-10,2025-06-10 11:18:00,2025-06-10 11:20:00,2025-06-10 11:29:00,short,5570.0,5567.0,5577.0,5567.0,3.0,30.0,limit_touch,take_profit
2025-06-10,2025-06-10 13:32:00,2025-06-10 13:43:00,2025-06-10 13:59:00,long,5589.0,5582.0,5582.0,5592.0,-7.0,-70.0,limit_touch,stop_loss
2025-06-11,2025-06-11 11:05:00,2025-06-11 11:37:00,2025-06-11 11:44:00,short,5564.5,5561.0,5572.5,5561.0,3.5,35.0,limit_touch,take_profit
2025-06-12,2025-06-12 13:47:00,2025-06-12 14:03:00,2025-06-12 14:16:00,long,5571.0,5574.0,5564.5,5574.0,3.0,30.0,limit_touch,take_profit
2025-06-13,2025-06-13 10:07:00,2025-06-13 10:11:00,2025-06-13 10:14:00,long,5603.0,5606.0,5596.5,5606.0,3.0,30.0,limit_touch,take_profit
2025-06-13,2025-06-13 11:41:00,2025-06-13 12:03:00,2025-06-13 12:07:00,short,5575.5,5572.0,5583.0,5572.0,3.5,35.0,limit_touch,take_profit
2025-06-13,2025-06-13 12:48:00,2025-06-13 13:06:00,2025-06-13 13:16:00,short,5569.0,5565.5,5576.0,5565.5,3.5,35.0,limit_touch,take_profit
2025-06-16,2025-06-16 11:07:00,2025-06-16 11:15:00,2025-06-16 11:16:00,short,5525.5,5522.0,5533.0,5522.0,3.5,35.0,limit_touch,take_profit
2025-06-16,2025-06-16 11:38:00,2025-06-16 12:04:00,2025-06-16 12:13:00,short,5523.0,5530.5,5530.5,5519.5,-7.5,-75.0,limit_touch,stop_loss
2025-06-17,2025-06-17 11:06:00,2025-06-17 11:16:00,2025-06-17 11:19:00,short,5490.0,5487.0,5496.5,5487.0,3.0,30.0,limit_touch,take_profit
2025-06-18,2025-06-18 10:16:00,2025-06-18 10:26:00,2025-06-18 10:32:00,short,5497.0,5493.5,5504.5,5493.5,3.5,35.0,limit_touch,take_profit
2025-06-20,2025-06-20 12:30:00,2025-06-20 12:52:00,2025-06-20 13:49:00,long,5514.0,5517.5,5507.0,5517.5,3.5,35.0,limit_touch,take_profit
2025-06-23,2025-06-23 10:00:00,2025-06-23 10:01:00,2025-06-23 10:04:00,short,5534.0,5531.0,5541.0,5531.0,3.0,30.0,limit_touch,take_profit
2025-06-23,2025-06-23 10:13:00,2025-06-23 10:29:00,2025-06-23 10:50:00,short,5528.0,5535.5,5535.5,5524.5,-7.5,-75.0,limit_touch,stop_loss
2025-06-23,2025-06-23 11:16:00,2025-06-23 11:39:00,2025-06-23 11:46:00,short,5526.5,5523.0,5534.0,5523.0,3.5,35.0,limit_touch,take_profit
2025-06-23,2025-06-23 12:15:00,2025-06-23 12:42:00,2025-06-23 12:57:00,short,5517.0,5524.5,5524.5,5513.5,-7.5,-75.0,limit_touch,stop_loss
2025-06-24,2025-06-24 10:16:00,2025-06-24 10:24:00,2025-06-24 10:31:00,long,5505.5,5508.5,5499.0,5508.5,3.0,30.0,limit_touch,take_profit
2025-06-24,2025-06-24 13:47:00,2025-06-24 14:23:00,2025-06-24 14:56:00,long,5507.5,5510.5,5500.5,5510.5,3.0,30.0,limit_touch,take_profit
2025-06-25,2025-06-25 11:28:00,2025-06-25 11:44:00,2025-06-25 11:56:00,long,5547.5,5551.0,5540.0,5551.0,3.5,35.0,limit_touch,take_profit
2025-06-25,2025-06-25 12:26:00,2025-06-25 12:32:00,2025-06-25 13:02:00,long,5563.0,5555.0,5555.0,5566.5,-8.0,-80.0,limit_touch,stop_loss
2025-06-27,2025-06-27 11:26:00,2025-06-27 11:37:00,2025-06-27 12:03:00,long,5495.5,5486.0,5486.0,5500.0,-9.5,-95.0,limit_touch,stop_loss
2025-06-30,2025-06-30 10:07:00,2025-06-30 10:09:00,2025-06-30 10:16:00,short,5517.5,5513.0,5527.0,5513.0,4.5,45.0,limit_touch,take_profit
2025-06-30,2025-06-30 10:24:00,2025-06-30 10:29:00,2025-06-30 10:37:00,short,5515.5,5525.0,5525.0,5511.0,-9.5,-95.0,limit_touch,stop_loss
2025-07-01,2025-07-01 10:06:00,2025-07-01 10:08:00,2025-07-01 10:13:00,long,5475.5,5478.5,5469.0,5478.5,3.0,30.0,limit_touch,take_profit
2025-07-01,2025-07-01 10:46:00,2025-07-01 10:50:00,2025-07-01 10:51:00,long,5485.5,5488.5,5479.0,5488.5,3.0,30.0,limit_touch,take_profit
2025-07-01,2025-07-01 11:30:00,2025-07-01 11:49:00,2025-07-01 11:52:00,long,5488.5,5491.5,5481.5,5491.5,3.0,30.0,limit_touch,take_profit
2025-07-01,2025-07-01 12:30:00,2025-07-01 13:28:00,2025-07-01 14:11:00,long,5496.0,5499.0,5489.0,5499.0,3.0,30.0,limit_touch,take_profit
2025-07-03,2025-07-03 10:16:00,2025-07-03 10:16:00,2025-07-03 10:16:00,short,5464.0,5461.0,5470.5,5461.0,3.0,30.0,limit_touch,take_profit
2025-07-03,2025-07-03 10:17:00,2025-07-03 10:19:00,2025-07-03 10:22:00,short,5463.0,5460.0,5469.5,5460.0,3.0,30.0,limit_touch,take_profit
2025-07-03,2025-07-03 10:48:00,2025-07-03 10:59:00,2025-07-03 11:00:00,short,5450.5,5447.5,5457.0,5447.5,3.0,30.0,limit_touch,take_profit
2025-07-04,2025-07-04 10:22:00,2025-07-04 10:25:00,2025-07-04 10:30:00,short,5446.5,5444.0,5452.0,5444.0,2.5,25.0,limit_touch,take_profit
2025-07-04,2025-07-04 10:52:00,2025-07-04 10:58:00,2025-07-04 11:02:00,short,5443.0,5440.5,5448.5,5440.5,2.5,25.0,limit_touch,take_profit
2025-07-07,2025-07-07 10:20:00,2025-07-07 10:20:00,2025-07-07 10:20:00,long,5486.0,5488.5,5480.5,5488.5,2.5,25.0,limit_touch,take_profit
2025-07-07,2025-07-07 11:49:00,2025-07-07 11:52:00,2025-07-07 11:55:00,long,5494.0,5488.0,5488.0,5497.0,-6.0,-60.0,limit_touch,stop_loss
2025-07-07,2025-07-07 12:19:00,2025-07-07 13:14:00,2025-07-07 13:20:00,long,5495.5,5498.5,5489.0,5498.5,3.0,30.0,limit_touch,take_profit
2025-07-08,2025-07-08 10:05:00,2025-07-08 10:14:00,2025-07-08 10:25:00,short,5487.5,5494.0,5494.0,5484.5,-6.5,-65.0,limit_touch,stop_loss
2025-07-09,2025-07-09 10:18:00,2025-07-09 10:24:00,2025-07-09 10:31:00,short,5486.5,5483.5,5493.0,5483.5,3.0,30.0,limit_touch,take_profit
2025-07-09,2025-07-09 14:14:00,2025-07-09 14:31:00,2025-07-09 14:32:00,short,5485.0,5491.0,5491.0,5482.5,-6.0,-60.0,limit_touch,stop_loss
2025-07-09,2025-07-09 14:37:00,2025-07-09 14:42:00,2025-07-09 14:42:00,long,5509.5,5512.5,5502.5,5512.5,3.0,30.0,limit_touch,take_profit
2025-07-10,2025-07-10 10:04:00,2025-07-10 10:06:00,2025-07-10 10:14:00,short,5587.5,5579.5,5605.5,5579.5,8.0,80.0,limit_touch,take_profit
2025-07-10,2025-07-10 10:44:00,2025-07-10 11:00:00,2025-07-10 11:11:00,short,5579.5,5571.0,5598.0,5571.0,8.5,85.0,limit_touch,take_profit
2025-07-11,2025-07-11 10:36:00,2025-07-11 10:43:00,2025-07-11 10:47:00,long,5600.5,5605.5,5590.0,5605.5,5.0,50.0,limit_touch,take_profit
2025-07-11,2025-07-11 10:51:00,2025-07-11 10:51:00,2025-07-11 10:51:00,long,5604.5,5609.5,5594.0,5609.5,5.0,50.0,limit_touch,take_profit
2025-07-11,2025-07-11 10:54:00,2025-07-11 11:00:00,2025-07-11 11:01:00,long,5608.5,5613.5,5598.0,5613.5,5.0,50.0,limit_touch,take_profit
2025-07-14,2025-07-14 10:01:00,2025-07-14 10:01:00,2025-07-14 10:01:00,short,5577.5,5574.0,5585.5,5574.0,3.5,35.0,limit_touch,take_profit
2025-07-14,2025-07-14 10:04:00,2025-07-14 10:08:00,2025-07-14 10:15:00,short,5576.5,5572.5,5584.5,5572.5,4.0,40.0,limit_touch,take_profit
2025-07-14,2025-07-14 12:47:00,2025-07-14 13:04:00,2025-07-14 13:08:00,long,5593.0,5596.5,5585.5,5596.5,3.5,35.0,limit_touch,take_profit
2025-07-15,2025-07-15 10:14:00,2025-07-15 10:19:00,2025-07-15 10:29:00,short,5573.0,5569.0,5581.5,5569.0,4.0,40.0,limit_touch,take_profit
2025-07-15,2025-07-15 13:29:00,2025-07-15 14:07:00,2025-07-15 14:08:00,long,5609.5,5600.0,5600.0,5614.0,-9.5,-95.0,limit_touch,stop_loss
2025-07-16,2025-07-16 10:11:00,2025-07-16 10:14:00,2025-07-16 10:28:00,long,5597.5,5601.5,5589.0,5601.5,4.0,40.0,limit_touch,take_profit
2025-07-16,2025-07-16 10:48:00,2025-07-16 10:57:00,2025-07-16 11:15:00,long,5604.5,5596.0,5596.0,5608.5,-8.5,-85.0,limit_touch,stop_loss
2025-07-16,2025-07-16 12:18:00,2025-07-16 12:24:00,2025-07-16 12:25:00,short,5581.5,5577.5,5590.5,5577.5,4.0,40.0,limit_touch,take_profit
2025-07-17,2025-07-17 10:05:00,2025-07-17 10:05:00,2025-07-17 10:05:00,short,5604.5,5600.5,5613.5,5600.5,4.0,40.0,limit_touch,take_profit
2025-07-17,2025-07-17 10:44:00,2025-07-17 10:51:00,2025-07-17 10:56:00,short,5603.5,5599.5,5612.5,5599.5,4.0,40.0,limit_touch,take_profit
2025-07-17,2025-07-17 11:48:00,2025-07-17 13:04:00,2025-07-17 13:11:00,short,5589.0,5585.0,5598.0,5585.0,4.0,40.0,limit_touch,take_profit
2025-07-18,2025-07-18 10:17:00,2025-07-18 10:31:00,2025-07-18 10:38:00,short,5556.0,5552.5,5563.5,5552.5,3.5,35.0,limit_touch,take_profit
2025-07-18,2025-07-18 11:05:00,2025-07-18 11:17:00,2025-07-18 11:27:00,short,5551.0,5559.0,5559.0,5547.5,-8.0,-80.0,limit_touch,stop_loss
2025-07-21,2025-07-21 10:11:00,2025-07-21 10:30:00,2025-07-21 10:37:00,short,5584.0,5580.5,5591.5,5580.5,3.5,35.0,limit_touch,take_profit
2025-07-21,2025-07-21 12:54:00,2025-07-21 14:38:00,2025-07-21 14:53:00,short,5580.5,5577.0,5588.0,5577.0,3.5,35.0,limit_touch,take_profit
2025-07-22,2025-07-22 11:07:00,2025-07-22 11:16:00,2025-07-22 11:19:00,long,5596.0,5599.0,5589.0,5599.0,3.0,30.0,limit_touch,take_profit
2025-07-22,2025-07-22 13:16:00,2025-07-22 13:25:00,2025-07-22 13:28:00,short,5574.0,5571.0,5580.5,5571.0,3.0,30.0,limit_touch,take_profit
2025-07-23,2025-07-23 10:02:00,2025-07-23 10:07:00,2025-07-23 10:10:00,short,5572.5,5570.0,5578.5,5570.0,2.5,25.0,limit_touch,take_profit
2025-07-23,2025-07-23 10:11:00,2025-07-23 10:12:00,2025-07-23 10:32:00,short,5571.5,5569.0,5577.5,5569.0,2.5,25.0,limit_touch,take_profit
2025-07-23,2025-07-23 10:33:00,2025-07-23 10:39:00,2025-07-23 10:43:00,short,5571.0,5577.0,5577.0,5568.5,-6.0,-60.0,limit_touch,stop_loss
2025-07-23,2025-07-23 12:32:00,2025-07-23 12:40:00,2025-07-23 12:44:00,short,5567.5,5564.5,5573.5,5564.5,3.0,30.0,limit_touch,take_profit
2025-07-24,2025-07-24 10:03:00,2025-07-24 10:04:00,2025-07-24 10:05:00,short,5532.0,5529.0,5538.0,5529.0,3.0,30.0,limit_touch,take_profit
2025-07-25,2025-07-25 10:13:00,2025-07-25 10:16:00,2025-07-25 10:18:00,long,5547.5,5541.0,5541.0,5550.5,-6.5,-65.0,limit_touch,stop_loss
2025-07-25,2025-07-25 12:37:00,2025-07-25 12:37:00,2025-07-25 12:37:00,long,5566.5,5570.0,5559.0,5570.0,3.5,35.0,limit_touch,take_profit
2025-07-25,2025-07-25 12:41:00,2025-07-25 12:49:00,2025-07-25 12:57:00,long,5568.0,5571.5,5560.5,5571.5,3.5,35.0,limit_touch,take_profit
2025-07-28,2025-07-28 10:04:00,2025-07-28 10:05:00,2025-07-28 10:16:00,short,5580.0,5577.0,5586.5,5577.0,3.0,30.0,limit_touch,take_profit
2025-07-28,2025-07-28 10:47:00,2025-07-28 10:52:00,2025-07-28 10:53:00,long,5602.0,5605.5,5595.0,5605.5,3.5,35.0,limit_touch,take_profit
2025-07-29,2025-07-29 10:06:00,2025-07-29 10:11:00,2025-07-29 10:12:00,short,5590.5,5588.0,5596.5,5588.0,2.5,25.0,limit_touch,take_profit
2025-07-29,2025-07-29 11:20:00,2025-07-29 11:26:00,2025-07-29 11:31:00,short,5581.5,5578.5,5588.0,5578.5,3.0,30.0,limit_touch,take_profit
2025-07-29,2025-07-29 13:15:00,2025-07-29 13:57:00,2025-07-29 14:02:00,short,5573.5,5570.0,5581.0,5570.0,3.5,35.0,limit_touch,take_profit
2025-07-30,2025-07-30 10:26:00,2025-07-30 10:34:00,2025-07-30 10:45:00,long,5596.5,5599.5,5590.0,5599.5,3.0,30.0,limit_touch,take_profit
2025-07-30,2025-07-30 10:52:00,2025-07-30 10:56:00,2025-07-30 11:04:00,long,5599.5,5593.0,5593.0,5602.5,-6.5,-65.0,limit_touch,stop_loss
2025-07-30,2025-07-30 11:25:00,2025-07-30 11:32:00,2025-07-30 11:36:00,long,5607.0,5610.0,5600.5,5610.0,3.0,30.0,limit_touch,take_profit
2025-07-30,2025-07-30 13:08:00,2025-07-30 13:43:00,2025-07-30 13:44:00,long,5619.0,5612.0,5612.0,5622.0,-7.0,-70.0,limit_touch,stop_loss
2025-07-31,2025-07-31 10:22:00,2025-07-31 10:34:00,2025-07-31 10:35:00,long,5652.5,5658.0,5640.5,5658.0,5.5,55.0,limit_touch,take_profit
2025-08-01,2025-08-01 10:31:00,2025-08-01 10:46:00,2025-08-01 10:58:00,short,5593.5,5589.0,5603.5,5589.0,4.5,45.0,limit_touch,take_profit
2025-08-04,2025-08-04 10:02:00,2025-08-04 10:07:00,2025-08-04 10:11:00,short,5559.5,5556.0,5567.5,5556.0,3.5,35.0,limit_touch,take_profit
2025-08-04,2025-08-04 11:36:00,2025-08-04 11:55:00,2025-08-04 12:58:00,short,5546.5,5554.5,5554.5,5543.0,-8.0,-80.0,limit_touch,stop_loss
2025-08-05,2025-08-05 10:52:00,2025-08-05 10:55:00,2025-08-05 10:58:00,short,5544.5,5541.0,5551.5,5541.0,3.5,35.0,limit_touch,take_profit
2025-08-06,2025-08-06 10:53:00,2025-08-06 10:56:00,2025-08-06 10:58:00,short,5507.0,5504.0,5513.0,5504.0,3.0,30.0,limit_touch,take_profit
2025-08-07,2025-08-07 10:04:00,2025-08-07 10:09:00,2025-08-07 10:24:00,short,5489.5,5495.0,5495.0,5487.0,-5.5,-55.0,limit_touch,stop_loss
2025-08-07,2025-08-07 10:32:00,2025-08-07 10:36:00,2025-08-07 10:39:00,short,5489.0,5494.5,5494.5,5486.5,-5.5,-55.0,limit_touch,stop_loss
2025-08-07,2025-08-07 11:12:00,2025-08-07 11:15:00,2025-08-07 11:18:00,long,5501.5,5504.0,5495.5,5504.0,2.5,25.0,limit_touch,take_profit
2025-08-07,2025-08-07 11:25:00,2025-08-07 11:36:00,2025-08-07 11:45:00,long,5502.0,5505.0,5496.0,5505.0,3.0,30.0,limit_touch,take_profit
2025-08-07,2025-08-07 12:04:00,2025-08-07 12:17:00,2025-08-07 12:26:00,long,5503.0,5505.5,5497.0,5505.5,2.5,25.0,limit_touch,take_profit
2025-08-08,2025-08-08 10:06:00,2025-08-08 10:08:00,2025-08-08 10:11:00,long,5463.5,5457.5,5457.5,5466.5,-6.0,-60.0,limit_touch,stop_loss
2025-08-08,2025-08-08 10:37:00,2025-08-08 10:42:00,2025-08-08 10:56:00,short,5451.0,5457.5,5457.5,5448.0,-6.5,-65.0,limit_touch,stop_loss
2025-08-11,2025-08-11 11:48:00,2025-08-11 11:53:00,2025-08-11 12:08:00,long,5481.0,5484.0,5475.0,5484.0,3.0,30.0,limit_touch,take_profit
2025-08-11,2025-08-11 12:17:00,2025-08-11 12:24:00,2025-08-11 12:34:00,long,5481.5,5475.5,5475.5,5484.5,-6.0,-60.0,limit_touch,stop_loss
2025-08-11,2025-08-11 13:18:00,2025-08-11 13:30:00,2025-08-11 13:32:00,short,5468.5,5474.5,5474.5,5465.5,-6.0,-60.0,limit_touch,stop_loss
2025-08-12,2025-08-12 10:01:00,2025-08-12 10:14:00,2025-08-12 10:15:00,short,5440.5,5438.0,5446.5,5438.0,2.5,25.0,limit_touch,take_profit
2025-08-13,2025-08-13 10:40:00,2025-08-13 10:47:00,2025-08-13 11:00:00,long,5422.0,5416.0,5416.0,5425.0,-6.0,-60.0,limit_touch,stop_loss
2025-08-13,2025-08-13 12:44:00,2025-08-13 12:47:00,2025-08-13 12:53:00,long,5423.0,5426.0,5417.0,5426.0,3.0,30.0,limit_touch,take_profit
2025-08-13,2025-08-13 12:56:00,2025-08-13 13:05:00,2025-08-13 13:18:00,long,5427.5,5421.0,5421.0,5430.5,-6.5,-65.0,limit_touch,stop_loss
2025-08-14,2025-08-14 11:06:00,2025-08-14 11:11:00,2025-08-14 11:15:00,long,5439.5,5434.0,5434.0,5442.0,-5.5,-55.0,limit_touch,stop_loss
2025-08-14,2025-08-14 13:57:00,2025-08-14 14:05:00,2025-08-14 14:06:00,long,5440.5,5443.5,5434.0,5443.5,3.0,30.0,limit_touch,take_profit
2025-08-15,2025-08-15 10:08:00,2025-08-15 10:18:00,2025-08-15 10:55:00,short,5411.5,5417.0,5417.0,5409.0,-5.5,-55.0,limit_touch,stop_loss
2025-08-18,2025-08-18 11:47:00,2025-08-18 11:47:00,2025-08-18 11:47:00,long,5435.0,5437.5,5430.0,5437.5,2.5,25.0,limit_touch,take_profit
2025-08-18,2025-08-18 11:48:00,2025-08-18 11:51:00,2025-08-18 11:53:00,long,5436.5,5431.5,5431.5,5439.0,-5.0,-50.0,limit_touch,stop_loss
2025-08-18,2025-08-18 14:05:00,2025-08-18 14:27:00,2025-08-18 15:01:00,long,5450.0,5452.5,5445.0,5452.5,2.5,25.0,limit_touch,take_profit
2025-08-19,2025-08-19 10:26:00,2025-08-19 10:49:00,2025-08-19 10:58:00,long,5491.5,5494.0,5485.5,5494.0,2.5,25.0,limit_touch,take_profit_gap_open
2025-08-20,2025-08-20 10:03:00,2025-08-20 10:16:00,2025-08-20 10:17:00,short,5491.5,5488.5,5498.0,5488.5,3.0,30.0,limit_touch,take_profit
2025-08-20,2025-08-20 10:45:00,2025-08-20 10:51:00,2025-08-20 11:11:00,short,5489.5,5486.5,5496.0,5486.5,3.0,30.0,limit_touch,take_profit
2025-08-20,2025-08-20 12:12:00,2025-08-20 12:48:00,2025-08-20 13:07:00,short,5489.0,5486.0,5496.0,5486.0,3.0,30.0,limit_touch,take_profit_gap_open
2025-08-20,2025-08-20 14:00:00,2025-08-20 14:06:00,2025-08-20 14:06:00,short,5487.5,5493.5,5493.5,5485.0,-6.0,-60.0,limit_touch,stop_loss
2025-08-21,2025-08-21 10:00:00,2025-08-21 10:00:00,2025-08-21 10:00:00,short,5496.5,5493.5,5502.5,5493.5,3.0,30.0,limit_touch,take_profit
2025-08-21,2025-08-21 10:02:00,2025-08-21 10:04:00,2025-08-21 10:06:00,short,5496.0,5493.0,5502.0,5493.0,3.0,30.0,limit_touch,take_profit
2025-08-21,2025-08-21 10:08:00,2025-08-21 10:09:00,2025-08-21 10:19:00,short,5495.0,5492.0,5501.0,5492.0,3.0,30.0,limit_touch,take_profit
2025-08-21,2025-08-21 10:20:00,2025-08-21 10:24:00,2025-08-21 10:26:00,short,5491.5,5488.5,5498.0,5488.5,3.0,30.0,limit_touch,take_profit
2025-08-21,2025-08-21 10:37:00,2025-08-21 10:40:00,2025-08-21 10:43:00,short,5487.5,5484.5,5494.0,5484.5,3.0,30.0,limit_touch,take_profit
2025-08-22,2025-08-22 11:01:00,2025-08-22 11:01:00,2025-08-22 11:01:00,short,5454.5,5451.5,5461.5,5451.5,3.0,30.0,limit_touch,take_profit
2025-08-22,2025-08-22 11:19:00,2025-08-22 11:23:00,2025-08-22 11:25:00,short,5450.5,5447.0,5457.5,5447.0,3.5,35.0,limit_touch,take_profit
2025-08-25,2025-08-25 10:49:00,2025-08-25 10:52:00,2025-08-25 11:02:00,short,5434.0,5431.5,5439.0,5431.5,2.5,25.0,limit_touch,take_profit
2025-08-25,2025-08-25 11:10:00,2025-08-25 11:10:00,2025-08-25 11:10:00,short,5431.0,5428.5,5436.0,5428.5,2.5,25.0,limit_touch,take_profit
2025-08-25,2025-08-25 11:51:00,2025-08-25 12:10:00,2025-08-25 12:11:00,short,5419.5,5417.0,5424.5,5417.0,2.5,25.0,limit_touch,take_profit
2025-08-26,2025-08-26 10:41:00,2025-08-26 10:45:00,2025-08-26 10:47:00,long,5420.5,5422.5,5416.0,5422.5,2.0,20.0,limit_touch,take_profit
2025-08-26,2025-08-26 11:16:00,2025-08-26 11:26:00,2025-08-26 11:32:00,long,5422.0,5424.0,5417.5,5424.0,2.0,20.0,limit_touch,take_profit
2025-08-26,2025-08-26 11:54:00,2025-08-26 12:06:00,2025-08-26 12:07:00,long,5431.5,5434.0,5426.5,5434.0,2.5,25.0,limit_touch,take_profit
2025-08-26,2025-08-26 13:33:00,2025-08-26 14:57:00,2025-08-26 15:02:00,long,5443.5,5446.0,5438.5,5446.0,2.5,25.0,limit_touch,take_profit
2025-08-27,2025-08-27 11:30:00,2025-08-27 11:53:00,2025-08-27 11:55:00,long,5455.0,5449.5,5449.5,5457.5,-5.5,-55.0,better_open,stop_loss
2025-08-28,2025-08-28 10:08:00,2025-08-28 10:11:00,2025-08-28 10:19:00,long,5418.0,5420.5,5413.0,5420.5,2.5,25.0,limit_touch,take_profit
2025-08-28,2025-08-28 10:38:00,2025-08-28 10:46:00,2025-08-28 10:50:00,long,5427.0,5421.5,5421.5,5429.5,-5.5,-55.0,limit_touch,stop_loss
2025-08-28,2025-08-28 14:06:00,2025-08-28 14:31:00,2025-08-28 15:21:00,short,5407.5,5405.0,5413.0,5405.0,2.5,25.0,limit_touch,take_profit
2025-08-29,2025-08-29 10:55:00,2025-08-29 11:02:00,2025-08-29 11:06:00,short,5460.0,5468.0,5468.0,5456.5,-8.0,-80.0,limit_touch,stop_loss
2025-09-01,2025-09-01 10:19:00,2025-09-01 10:25:00,2025-09-01 10:35:00,long,5470.5,5465.0,5465.0,5473.0,-5.5,-55.0,limit_touch,stop_loss
2025-09-01,2025-09-01 12:06:00,2025-09-01 12:28:00,2025-09-01 12:34:00,long,5480.5,5483.0,5475.0,5483.0,2.5,25.0,limit_touch,take_profit
2025-09-02,2025-09-02 10:04:00,2025-09-02 10:07:00,2025-09-02 10:11:00,long,5529.0,5523.5,5523.5,5531.5,-5.5,-55.0,limit_touch,stop_loss
2025-09-02,2025-09-02 11:28:00,2025-09-02 12:16:00,2025-09-02 12:18:00,short,5503.5,5500.5,5510.5,5500.5,3.0,30.0,limit_touch,take_profit
2025-09-02,2025-09-02 13:56:00,2025-09-02 14:59:00,2025-09-02 15:08:00,short,5496.5,5503.0,5503.0,5493.5,-6.5,-65.0,limit_touch,stop_loss
2025-09-03,2025-09-03 11:11:00,2025-09-03 11:50:00,2025-09-03 12:18:00,short,5477.0,5483.5,5483.5,5474.0,-6.5,-65.0,limit_touch,stop_gap_open
2025-09-03,2025-09-03 13:19:00,2025-09-03 13:39:00,2025-09-03 13:42:00,long,5495.5,5498.5,5489.5,5498.5,3.0,30.0,limit_touch,take_profit
2025-09-04,2025-09-04 12:11:00,2025-09-04 12:20:00,2025-09-04 12:41:00,long,5497.0,5499.5,5491.5,5499.5,2.5,25.0,limit_touch,take_profit
2025-09-04,2025-09-04 13:38:00,2025-09-04 14:26:00,2025-09-04 14:47:00,long,5500.5,5495.5,5495.5,5503.0,-5.0,-50.0,limit_touch,stop_loss
2025-09-05,2025-09-05 10:59:00,2025-09-05 11:19:00,2025-09-05 11:20:00,short,5429.5,5426.5,5436.0,5426.5,3.0,30.0,limit_touch,take_profit
2025-09-08,2025-09-08 10:20:00,2025-09-08 10:25:00,2025-09-08 10:26:00,long,5446.0,5448.5,5441.0,5448.5,2.5,25.0,limit_touch,take_profit
2025-09-08,2025-09-08 11:23:00,2025-09-08 12:05:00,2025-09-08 12:08:00,long,5467.0,5461.5,5461.5,5469.5,-5.5,-55.0,limit_touch,stop_loss
2025-09-09,2025-09-09 10:06:00,2025-09-09 10:13:00,2025-09-09 10:27:00,long,5462.0,5458.0,5458.0,5464.0,-4.0,-40.0,limit_touch,stop_loss
2025-09-09,2025-09-09 10:46:00,2025-09-09 10:46:00,2025-09-09 10:46:00,short,5451.5,5449.5,5456.0,5449.5,2.0,20.0,limit_touch,take_profit
2025-09-09,2025-09-09 13:23:00,2025-09-09 13:33:00,2025-09-09 13:50:00,long,5461.0,5463.5,5456.0,5463.5,2.5,25.0,limit_touch,take_profit
2025-09-10,2025-09-10 10:38:00,2025-09-10 10:54:00,2025-09-10 11:00:00,short,5439.0,5436.5,5445.0,5436.5,2.5,25.0,limit_touch,take_profit
2025-09-10,2025-09-10 12:08:00,2025-09-10 12:37:00,2025-09-10 13:01:00,short,5434.5,5432.0,5440.5,5432.0,2.5,25.0,limit_touch,take_profit
2025-09-11,2025-09-11 10:22:00,2025-09-11 10:33:00,2025-09-11 10:33:00,short,5425.0,5422.5,5430.0,5422.5,2.5,25.0,limit_touch,take_profit
2025-09-15,2025-09-15 10:02:00,2025-09-15 10:07:00,2025-09-15 10:12:00,short,5349.0,5346.5,5354.5,5346.5,2.5,25.0,limit_touch,take_profit
2025-09-15,2025-09-15 12:59:00,2025-09-15 13:59:00,2025-09-15 14:01:00,short,5339.5,5337.0,5345.0,5337.0,2.5,25.0,limit_touch,take_profit
2025-09-16,2025-09-16 10:04:00,2025-09-16 10:04:00,2025-09-16 10:04:00,long,5331.0,5333.5,5326.0,5333.5,2.5,25.0,limit_touch,take_profit
2025-09-16,2025-09-16 11:02:00,2025-09-16 11:07:00,2025-09-16 11:09:00,long,5334.0,5336.5,5328.5,5336.5,2.5,25.0,better_open,take_profit
2025-09-17,2025-09-17 10:59:00,2025-09-17 11:00:00,2025-09-17 11:05:00,short,5314.0,5318.0,5318.0,5312.0,-4.0,-40.0,limit_touch,stop_loss
2025-09-17,2025-09-17 11:21:00,2025-09-17 11:25:00,2025-09-17 11:31:00,short,5312.5,5316.5,5316.5,5310.5,-4.0,-40.0,limit_touch,stop_loss
2025-09-17,2025-09-17 12:52:00,2025-09-17 13:00:00,2025-09-17 13:08:00,long,5321.5,5323.5,5317.5,5323.5,2.0,20.0,limit_touch,take_profit
2025-09-17,2025-09-17 13:54:00,2025-09-17 13:58:00,2025-09-17 14:36:00,long,5323.5,5319.5,5319.5,5325.5,-4.0,-40.0,limit_touch,stop_loss
2025-09-18,2025-09-18 10:06:00,2025-09-18 10:16:00,2025-09-18 10:19:00,long,5309.5,5313.0,5302.5,5313.0,3.5,35.0,limit_touch,take_profit
2025-09-18,2025-09-18 10:43:00,2025-09-18 11:02:00,2025-09-18 11:06:00,long,5318.0,5310.5,5310.5,5321.5,-7.5,-75.0,limit_touch,stop_loss
2025-09-22,2025-09-22 10:18:00,2025-09-22 10:24:00,2025-09-22 10:30:00,long,5351.5,5346.5,5346.5,5354.0,-5.0,-50.0,limit_touch,stop_loss
2025-09-22,2025-09-22 11:14:00,2025-09-22 11:20:00,2025-09-22 11:21:00,long,5362.0,5364.5,5356.0,5364.5,2.5,25.0,limit_touch,take_profit
2025-09-22,2025-09-22 11:31:00,2025-09-22 11:58:00,2025-09-22 12:34:00,long,5365.0,5359.0,5359.0,5367.5,-6.0,-60.0,limit_touch,stop_loss
2025-09-23,2025-09-23 10:06:00,2025-09-23 10:06:00,2025-09-23 10:06:00,short,5340.0,5338.0,5344.5,5338.0,2.0,20.0,limit_touch,take_profit
2025-09-23,2025-09-23 10:17:00,2025-09-23 10:20:00,2025-09-23 10:31:00,short,5336.0,5334.0,5340.5,5334.0,2.0,20.0,limit_touch,take_profit
2025-09-23,2025-09-23 12:02:00,2025-09-23 12:06:00,2025-09-23 12:15:00,short,5304.0,5310.5,5310.5,5301.0,-6.5,-65.0,limit_touch,stop_loss
2025-09-24,2025-09-24 10:31:00,2025-09-24 10:35:00,2025-09-24 10:43:00,long,5314.5,5317.0,5309.5,5317.0,2.5,25.0,limit_touch,take_profit
2025-09-24,2025-09-24 10:46:00,2025-09-24 10:52:00,2025-09-24 10:58:00,long,5316.0,5318.5,5310.5,5318.5,2.5,25.0,limit_touch,take_profit
2025-09-24,2025-09-24 11:18:00,2025-09-24 11:28:00,2025-09-24 11:29:00,long,5318.0,5313.0,5313.0,5320.5,-5.0,-50.0,limit_touch,stop_loss
2025-09-25,2025-09-25 11:14:00,2025-09-25 11:31:00,2025-09-25 11:39:00,long,5347.5,5350.5,5340.5,5350.5,3.0,30.0,limit_touch,take_profit
2025-09-25,2025-09-25 12:12:00,2025-09-25 13:29:00,2025-09-25 13:37:00,long,5349.0,5352.0,5342.0,5352.0,3.0,30.0,limit_touch,take_profit
2025-09-26,2025-09-26 10:10:00,2025-09-26 10:17:00,2025-09-26 10:20:00,short,5347.5,5345.0,5353.5,5345.0,2.5,25.0,limit_touch,take_profit
2025-09-29,2025-09-29 10:42:00,2025-09-29 10:51:00,2025-09-29 11:20:00,short,5316.5,5322.5,5322.5,5314.0,-6.0,-60.0,limit_touch,stop_loss
2025-09-30,2025-09-30 12:00:00,2025-09-30 12:02:00,2025-09-30 12:10:00,long,5365.0,5368.0,5359.0,5368.0,3.0,30.0,limit_touch,take_profit
2025-09-30,2025-09-30 12:57:00,2025-09-30 13:01:00,2025-09-30 13:50:00,long,5368.5,5362.5,5362.5,5371.5,-6.0,-60.0,limit_touch,stop_loss
2025-10-01,2025-10-01 10:00:00,2025-10-01 10:05:00,2025-10-01 10:06:00,long,5351.5,5354.0,5345.5,5354.0,2.5,25.0,limit_touch,take_profit_gap_open
2025-10-01,2025-10-01 10:39:00,2025-10-01 10:46:00,2025-10-01 11:14:00,long,5353.0,5356.0,5347.0,5356.0,3.0,30.0,limit_touch,take_profit
2025-10-01,2025-10-01 11:47:00,2025-10-01 11:51:00,2025-10-01 11:53:00,long,5358.5,5361.5,5352.0,5361.5,3.0,30.0,limit_touch,take_profit
2025-10-02,2025-10-02 10:00:00,2025-10-02 10:07:00,2025-10-02 10:15:00,long,5366.0,5368.5,5360.5,5368.5,2.5,25.0,limit_touch,take_profit
2025-10-02,2025-10-02 10:43:00,2025-10-02 10:48:00,2025-10-02 10:50:00,long,5369.0,5371.5,5363.5,5371.5,2.5,25.0,limit_touch,take_profit
2025-10-02,2025-10-02 12:30:00,2025-10-02 13:16:00,2025-10-02 13:28:00,long,5396.5,5390.0,5390.0,5399.5,-6.5,-65.0,limit_touch,stop_loss
2025-10-03,2025-10-03 11:01:00,2025-10-03 11:06:00,2025-10-03 11:08:00,long,5386.0,5388.5,5380.5,5388.5,2.5,25.0,limit_touch,take_profit
2025-10-03,2025-10-03 12:10:00,2025-10-03 12:26:00,2025-10-03 12:36:00,long,5389.5,5384.0,5384.0,5392.0,-5.5,-55.0,limit_touch,stop_loss
2025-10-06,2025-10-06 10:19:00,2025-10-06 10:32:00,2025-10-06 10:34:00,short,5361.5,5359.0,5367.0,5359.0,2.5,25.0,limit_touch,take_profit
2025-10-06,2025-10-06 10:48:00,2025-10-06 11:05:00,2025-10-06 11:11:00,short,5358.0,5355.5,5363.5,5355.5,2.5,25.0,limit_touch,take_profit
2025-10-08,2025-10-08 10:13:00,2025-10-08 10:53:00,2025-10-08 11:00:00,short,5369.0,5374.0,5374.0,5366.5,-5.0,-50.0,limit_touch,stop_loss
2025-10-09,2025-10-09 10:21:00,2025-10-09 10:30:00,2025-10-09 10:37:00,long,5372.0,5374.5,5366.5,5374.5,2.5,25.0,limit_touch,take_profit
2025-10-10,2025-10-10 10:57:00,2025-10-10 11:13:00,2025-10-10 11:14:00,long,5456.5,5460.0,5449.0,5460.0,3.5,35.0,limit_touch,take_profit
2025-10-14,2025-10-14 10:51:00,2025-10-14 10:55:00,2025-10-14 11:17:00,long,5534.0,5525.5,5525.5,5538.0,-8.5,-85.0,limit_touch,stop_loss
2025-10-14,2025-10-14 13:02:00,2025-10-14 13:13:00,2025-10-14 13:17:00,short,5511.0,5507.0,5519.0,5507.0,4.0,40.0,limit_touch,take_profit
2025-10-15,2025-10-15 10:12:00,2025-10-15 10:16:00,2025-10-15 10:25:00,short,5478.0,5474.5,5485.0,5474.5,3.5,35.0,limit_touch,take_profit
2025-10-15,2025-10-15 10:34:00,2025-10-15 10:43:00,2025-10-15 10:52:00,short,5472.5,5469.0,5479.5,5469.0,3.5,35.0,limit_touch,take_profit
2025-10-15,2025-10-15 11:13:00,2025-10-15 11:19:00,2025-10-15 11:33:00,short,5469.0,5465.5,5476.5,5465.5,3.5,35.0,limit_touch,take_profit
2025-10-15,2025-10-15 11:59:00,2025-10-15 12:05:00,2025-10-15 12:10:00,short,5464.5,5461.0,5472.0,5461.0,3.5,35.0,limit_touch,take_profit
2025-10-16,2025-10-16 10:56:00,2025-10-16 11:00:00,2025-10-16 11:11:00,short,5460.0,5457.0,5466.0,5457.0,3.0,30.0,limit_touch,take_profit
2025-10-16,2025-10-16 11:21:00,2025-10-16 11:25:00,2025-10-16 11:28:00,short,5453.5,5450.5,5460.0,5450.5,3.0,30.0,limit_touch,take_profit
2025-10-16,2025-10-16 11:39:00,2025-10-16 12:25:00,2025-10-16 12:36:00,short,5450.0,5456.5,5456.5,5447.0,-6.5,-65.0,limit_touch,stop_loss
2025-10-16,2025-10-16 13:40:00,2025-10-16 13:55:00,2025-10-16 13:59:00,long,5470.0,5463.5,5463.5,5473.0,-6.5,-65.0,limit_touch,stop_loss
2025-10-17,2025-10-17 10:03:00,2025-10-17 10:10:00,2025-10-17 10:13:00,long,5469.5,5472.5,5463.5,5472.5,3.0,30.0,limit_touch,take_profit
2025-10-17,2025-10-17 10:19:00,2025-10-17 10:26:00,2025-10-17 10:27:00,long,5472.0,5474.5,5466.0,5474.5,2.5,25.0,limit_touch,take_profit
2025-10-17,2025-10-17 11:52:00,2025-10-17 11:57:00,2025-10-17 12:00:00,short,5450.0,5447.0,5456.5,5447.0,3.0,30.0,limit_touch,take_profit
2025-10-20,2025-10-20 10:39:00,2025-10-20 10:57:00,2025-10-20 11:02:00,short,5397.5,5395.0,5402.5,5395.0,2.5,25.0,limit_touch,take_profit
2025-10-20,2025-10-20 11:16:00,2025-10-20 11:29:00,2025-10-20 11:47:00,short,5394.5,5392.0,5400.0,5392.0,2.5,25.0,limit_touch,take_profit
2025-10-21,2025-10-21 10:13:00,2025-10-21 10:15:00,2025-10-21 10:25:00,long,5407.0,5409.5,5402.0,5409.5,2.5,25.0,limit_touch,take_profit
2025-10-21,2025-10-21 10:47:00,2025-10-21 10:55:00,2025-10-21 10:57:00,long,5413.0,5415.5,5408.0,5415.5,2.5,25.0,limit_touch,take_profit
2025-10-21,2025-10-21 12:47:00,2025-10-21 13:02:00,2025-10-21 13:02:00,short,5393.0,5390.5,5398.5,5390.5,2.5,25.0,limit_touch,take_profit
2025-10-22,2025-10-22 11:43:00,2025-10-22 11:49:00,2025-10-22 11:52:00,long,5408.0,5410.5,5402.5,5410.5,2.5,25.0,limit_touch,take_profit
2025-10-22,2025-10-22 13:32:00,2025-10-22 13:33:00,2025-10-22 13:45:00,long,5417.0,5411.0,5411.0,5419.5,-6.0,-60.0,limit_touch,stop_loss
2025-10-23,2025-10-23 10:36:00,2025-10-23 11:11:00,2025-10-23 11:30:00,short,5396.5,5394.0,5401.5,5394.0,2.5,25.0,limit_touch,take_profit
2025-10-23,2025-10-23 14:37:00,2025-10-23 14:53:00,2025-10-23 14:57:00,short,5396.0,5394.0,5400.5,5394.0,2.0,20.0,limit_touch,take_profit
2025-10-24,2025-10-24 10:06:00,2025-10-24 10:15:00,2025-10-24 10:20:00,short,5379.5,5384.5,5384.5,5377.5,-5.0,-50.0,limit_touch,stop_loss
2025-10-27,2025-10-27 11:03:00,2025-10-27 11:05:00,2025-10-27 11:07:00,long,5385.0,5387.5,5380.0,5387.5,2.5,25.0,limit_touch,take_profit
2025-10-27,2025-10-27 11:24:00,2025-10-27 11:30:00,2025-10-27 11:32:00,long,5387.0,5389.5,5382.0,5389.5,2.5,25.0,limit_touch,take_profit
2025-10-28,2025-10-28 10:33:00,2025-10-28 11:13:00,2025-10-28 11:17:00,short,5380.5,5378.5,5384.5,5378.5,2.0,20.0,limit_touch,take_profit
2025-10-28,2025-10-28 13:30:00,2025-10-28 14:21:00,2025-10-28 14:26:00,short,5370.5,5368.5,5375.0,5368.5,2.0,20.0,limit_touch,take_profit
2025-10-29,2025-10-29 10:27:00,2025-10-29 10:40:00,2025-10-29 10:45:00,short,5347.5,5345.5,5352.0,5345.5,2.0,20.0,limit_touch,take_profit
2025-10-29,2025-10-29 12:07:00,2025-10-29 12:28:00,2025-10-29 12:35:00,short,5346.0,5350.5,5350.5,5344.0,-4.5,-45.0,limit_touch,stop_gap_open
2025-10-30,2025-10-30 10:10:00,2025-10-30 10:18:00,2025-10-30 10:23:00,long,5390.0,5384.5,5384.5,5392.5,-5.5,-55.0,limit_touch,stop_loss
2025-10-31,2025-10-31 12:24:00,2025-10-31 12:28:00,2025-10-31 12:45:00,long,5427.5,5421.5,5421.5,5430.0,-6.0,-60.0,limit_touch,stop_loss
2025-11-03,2025-11-03 10:02:00,2025-11-03 10:08:00,2025-11-03 10:36:00,short,5392.0,5389.5,5397.5,5389.5,2.5,25.0,limit_touch,take_profit
2025-11-03,2025-11-03 10:47:00,2025-11-03 11:28:00,2025-11-03 11:37:00,short,5389.5,5387.0,5395.0,5387.0,2.5,25.0,limit_touch,take_profit
2025-11-03,2025-11-03 12:00:00,2025-11-03 12:20:00,2025-11-03 12:24:00,short,5388.0,5393.0,5393.0,5385.5,-5.0,-50.0,limit_touch,stop_loss
2025-11-04,2025-11-04 10:05:00,2025-11-04 10:09:00,2025-11-04 10:16:00,short,5417.0,5422.5,5422.5,5414.5,-5.5,-55.0,limit_touch,stop_loss
2025-11-04,2025-11-04 12:17:00,2025-11-04 12:36:00,2025-11-04 12:41:00,short,5416.0,5413.5,5421.5,5413.5,2.5,25.0,limit_touch,take_profit
2025-11-04,2025-11-04 12:47:00,2025-11-04 12:53:00,2025-11-04 12:55:00,short,5416.0,5413.5,5421.5,5413.5,2.5,25.0,limit_touch,take_profit
2025-11-05,2025-11-05 11:37:00,2025-11-05 12:13:00,2025-11-05 12:16:00,short,5406.0,5403.5,5411.0,5403.5,2.5,25.0,limit_touch,take_profit
2025-11-06,2025-11-06 10:02:00,2025-11-06 10:07:00,2025-11-06 10:08:00,short,5369.0,5367.0,5373.5,5367.0,2.0,20.0,limit_touch,take_profit
2025-11-06,2025-11-06 10:48:00,2025-11-06 10:48:00,2025-11-06 10:48:00,short,5365.5,5363.5,5370.0,5363.5,2.0,20.0,limit_touch,take_profit
2025-11-06,2025-11-06 12:15:00,2025-11-06 12:20:00,2025-11-06 12:29:00,long,5378.0,5380.0,5373.0,5380.0,2.0,20.0,limit_touch,take_profit
2025-11-06,2025-11-06 12:51:00,2025-11-06 12:55:00,2025-11-06 13:27:00,long,5384.0,5386.5,5379.0,5386.5,2.5,25.0,limit_touch,take_profit
2025-11-06,2025-11-06 14:26:00,2025-11-06 14:46:00,2025-11-06 15:05:00,long,5384.5,5387.0,5379.0,5387.0,2.5,25.0,limit_touch,take_profit
2025-11-07,2025-11-07 12:40:00,2025-11-07 12:50:00,2025-11-07 13:21:00,short,5372.5,5370.0,5377.5,5370.0,2.5,25.0,limit_touch,take_profit
2025-11-07,2025-11-07 13:45:00,2025-11-07 13:58:00,2025-11-07 14:22:00,short,5368.5,5366.5,5373.5,5366.5,2.0,20.0,better_open,take_profit
2025-11-10,2025-11-10 10:41:00,2025-11-10 10:43:00,2025-11-10 10:44:00,long,5342.0,5344.5,5337.0,5344.5,2.5,25.0,limit_touch,take_profit
2025-11-11,2025-11-11 11:06:00,2025-11-11 11:13:00,2025-11-11 11:23:00,short,5295.5,5293.0,5300.5,5293.0,2.5,25.0,limit_touch,take_profit
2025-11-11,2025-11-11 12:00:00,2025-11-11 12:17:00,2025-11-11 12:37:00,short,5295.0,5300.0,5300.0,5293.0,-5.0,-50.0,limit_touch,stop_loss
2025-11-12,2025-11-12 10:02:00,2025-11-12 10:08:00,2025-11-12 10:14:00,short,5289.5,5293.5,5293.5,5287.5,-4.0,-40.0,limit_touch,stop_loss
2025-11-12,2025-11-12 12:58:00,2025-11-12 14:16:00,2025-11-12 14:17:00,long,5313.5,5315.5,5309.0,5315.5,2.0,20.0,limit_touch,take_profit
2025-11-14,2025-11-14 11:30:00,2025-11-14 11:33:00,2025-11-14 11:35:00,short,5315.0,5312.5,5320.5,5312.5,2.5,25.0,limit_touch,take_profit
2025-11-14,2025-11-14 11:37:00,2025-11-14 11:40:00,2025-11-14 11:41:00,short,5314.0,5311.5,5320.0,5311.5,2.5,25.0,limit_touch,take_profit
2025-11-14,2025-11-14 12:47:00,2025-11-14 13:37:00,2025-11-14 14:38:00,short,5300.0,5297.5,5306.0,5297.5,2.5,25.0,limit_touch,take_profit
2025-11-17,2025-11-17 10:50:00,2025-11-17 11:16:00,2025-11-17 11:26:00,long,5321.5,5323.5,5316.5,5323.5,2.0,20.0,limit_touch,take_profit
2025-11-17,2025-11-17 12:09:00,2025-11-17 12:12:00,2025-11-17 12:13:00,long,5324.5,5326.5,5320.0,5326.5,2.0,20.0,limit_touch,take_profit
2025-11-18,2025-11-18 10:15:00,2025-11-18 10:15:00,2025-11-18 10:15:00,short,5347.5,5345.5,5352.0,5345.5,2.0,20.0,limit_touch,take_profit
2025-11-18,2025-11-18 10:33:00,2025-11-18 10:37:00,2025-11-18 10:40:00,short,5340.0,5337.5,5345.0,5337.5,2.5,25.0,limit_touch,take_profit
2025-11-18,2025-11-18 10:54:00,2025-11-18 10:59:00,2025-11-18 11:02:00,short,5336.0,5333.5,5341.0,5333.5,2.5,25.0,limit_touch,take_profit
2025-11-19,2025-11-19 10:02:00,2025-11-19 10:04:00,2025-11-19 10:10:00,long,5347.0,5349.0,5342.5,5349.0,2.0,20.0,limit_touch,take_profit
2025-11-19,2025-11-19 10:12:00,2025-11-19 10:16:00,2025-11-19 10:35:00,long,5348.0,5350.0,5343.0,5350.0,2.0,20.0,limit_touch,take_profit
2025-11-19,2025-11-19 11:21:00,2025-11-19 11:35:00,2025-11-19 11:53:00,long,5349.5,5345.0,5345.0,5351.5,-4.5,-45.0,limit_touch,stop_loss
2025-11-19,2025-11-19 14:40:00,2025-11-19 14:47:00,2025-11-19 14:49:00,long,5353.0,5355.0,5348.5,5355.0,2.0,20.0,limit_touch,take_profit
2025-11-21,2025-11-21 12:37:00,2025-11-21 12:49:00,2025-11-21 12:50:00,long,5422.5,5426.0,5414.5,5426.0,3.5,35.0,limit_touch,take_profit
2025-11-24,2025-11-24 10:25:00,2025-11-24 10:34:00,2025-11-24 10:47:00,long,5405.0,5408.0,5398.0,5408.0,3.0,30.0,limit_touch,take_profit
2025-11-24,2025-11-24 11:06:00,2025-11-24 11:22:00,2025-11-24 11:26:00,long,5408.0,5401.5,5401.5,5411.0,-6.5,-65.0,limit_touch,stop_loss
2025-11-25,2025-11-25 10:09:00,2025-11-25 10:10:00,2025-11-25 10:10:00,short,5372.5,5370.0,5377.5,5370.0,2.5,25.0,limit_touch,take_profit
2025-11-25,2025-11-25 10:30:00,2025-11-25 10:34:00,2025-11-25 10:40:00,short,5367.0,5364.5,5372.0,5364.5,2.5,25.0,limit_touch,take_profit
2025-11-25,2025-11-25 11:48:00,2025-11-25 11:58:00,2025-11-25 12:07:00,long,5401.5,5395.5,5395.5,5404.5,-6.0,-60.0,limit_touch,stop_loss
2025-11-26,2025-11-26 10:07:00,2025-11-26 10:10:00,2025-11-26 10:27:00,short,5379.5,5377.0,5385.0,5377.0,2.5,25.0,limit_touch,take_profit
2025-11-26,2025-11-26 10:29:00,2025-11-26 10:30:00,2025-11-26 10:36:00,short,5378.5,5384.0,5384.0,5376.0,-5.5,-55.0,limit_touch,stop_loss
2025-11-26,2025-11-26 11:32:00,2025-11-26 11:32:00,2025-11-26 11:32:00,short,5378.5,5376.0,5384.0,5376.0,2.5,25.0,limit_touch,take_profit
2025-11-26,2025-11-26 11:34:00,2025-11-26 11:38:00,2025-11-26 11:39:00,short,5377.0,5374.5,5382.5,5374.5,2.5,25.0,limit_touch,take_profit
2025-11-27,2025-11-27 11:37:00,2025-11-27 11:46:00,2025-11-27 11:47:00,long,5351.0,5353.0,5346.5,5353.0,2.0,20.0,limit_touch,take_profit
2025-11-28,2025-11-28 10:00:00,2025-11-28 10:06:00,2025-11-28 10:07:00,short,5378.0,5375.5,5383.0,5375.5,2.5,25.0,limit_touch,take_profit
2025-11-28,2025-11-28 11:00:00,2025-11-28 11:08:00,2025-11-28 11:12:00,short,5370.0,5367.5,5375.5,5367.5,2.5,25.0,limit_touch,take_profit
2025-12-01,2025-12-01 10:05:00,2025-12-01 10:10:00,2025-12-01 10:14:00,long,5379.5,5381.5,5374.5,5381.5,2.0,20.0,limit_touch,take_profit
2025-12-02,2025-12-02 11:14:00,2025-12-02 11:28:00,2025-12-02 11:49:00,short,5377.0,5374.5,5382.0,5374.5,2.5,25.0,limit_touch,take_profit
2025-12-02,2025-12-02 12:05:00,2025-12-02 12:09:00,2025-12-02 12:12:00,short,5375.0,5372.5,5380.0,5372.5,2.5,25.0,limit_touch,take_profit
2025-12-03,2025-12-03 10:39:00,2025-12-03 10:42:00,2025-12-03 10:52:00,short,5338.0,5343.0,5343.0,5336.0,-5.0,-50.0,limit_touch,stop_loss
2025-12-03,2025-12-03 11:46:00,2025-12-03 11:51:00,2025-12-03 12:00:00,short,5337.0,5342.0,5342.0,5334.5,-5.0,-50.0,limit_touch,stop_loss
2025-12-03,2025-12-03 13:00:00,2025-12-03 13:40:00,2025-12-03 13:51:00,short,5336.5,5341.5,5341.5,5334.0,-5.0,-50.0,limit_touch,stop_loss
2025-12-04,2025-12-04 10:27:00,2025-12-04 10:30:00,2025-12-04 10:30:00,short,5325.0,5323.0,5329.5,5323.0,2.0,20.0,limit_touch,take_profit
2025-12-04,2025-12-04 11:01:00,2025-12-04 11:35:00,2025-12-04 11:53:00,short,5324.5,5322.5,5329.0,5322.5,2.0,20.0,limit_touch,take_profit
2025-12-05,2025-12-05 10:04:00,2025-12-05 10:09:00,2025-12-05 10:11:00,long,5339.0,5341.0,5335.0,5341.0,2.0,20.0,limit_touch,take_profit
2025-12-05,2025-12-05 11:56:00,2025-12-05 12:09:00,2025-12-05 12:25:00,long,5365.5,5368.0,5360.0,5368.0,2.5,25.0,limit_touch,take_profit
2025-12-05,2025-12-05 12:54:00,2025-12-05 12:54:00,2025-12-05 12:54:00,long,5381.0,5384.0,5374.5,5384.0,3.0,30.0,limit_touch,take_profit
2025-12-05,2025-12-05 13:14:00,2025-12-05 13:21:00,2025-12-05 13:23:00,long,5412.0,5416.0,5403.5,5416.0,4.0,40.0,limit_touch,take_profit
2025-12-05,2025-12-05 13:32:00,2025-12-05 14:01:00,2025-12-05 14:07:00,long,5427.5,5432.0,5417.5,5432.0,4.5,45.0,limit_touch,take_profit
2025-12-08,2025-12-08 10:53:00,2025-12-08 11:34:00,2025-12-08 11:45:00,short,5427.0,5441.0,5441.0,5420.5,-14.0,-140.0,limit_touch,stop_loss
2025-12-08,2025-12-08 12:33:00,2025-12-08 12:51:00,2025-12-08 13:17:00,long,5475.0,5461.5,5461.5,5481.5,-13.5,-135.0,limit_touch,stop_loss
2025-12-09,2025-12-09 10:02:00,2025-12-09 10:17:00,2025-12-09 10:19:00,long,5484.5,5489.0,5475.0,5489.0,4.5,45.0,limit_touch,take_profit
2025-12-09,2025-12-09 10:35:00,2025-12-09 10:47:00,2025-12-09 10:52:00,long,5503.0,5492.5,5492.5,5508.0,-10.5,-105.0,limit_touch,stop_loss
2025-12-10,2025-12-10 10:20:00,2025-12-10 10:48:00,2025-12-10 10:49:00,long,5480.5,5484.0,5472.5,5484.0,3.5,35.0,limit_touch,take_profit
2025-12-10,2025-12-10 12:39:00,2025-12-10 13:41:00,2025-12-10 14:02:00,long,5497.0,5501.0,5489.0,5501.0,4.0,40.0,limit_touch,take_profit
2025-12-11,2025-12-11 10:03:00,2025-12-11 10:07:00,2025-12-11 10:08:00,short,5472.5,5469.0,5480.5,5469.0,3.5,35.0,limit_touch,take_profit
2025-12-12,2025-12-12 10:04:00,2025-12-12 10:10:00,2025-12-12 10:14:00,short,5422.0,5419.5,5428.0,5419.5,2.5,25.0,limit_touch,take_profit
2025-12-12,2025-12-12 10:16:00,2025-12-12 10:16:00,2025-12-12 10:16:00,short,5412.0,5409.0,5418.0,5409.0,3.0,30.0,limit_touch,take_profit
2025-12-12,2025-12-12 10:20:00,2025-12-12 10:32:00,2025-12-12 10:36:00,short,5409.5,5416.0,5416.0,5406.5,-6.5,-65.0,limit_touch,stop_loss
2025-12-12,2025-12-12 12:35:00,2025-12-12 12:42:00,2025-12-12 12:58:00,long,5434.5,5438.0,5427.0,5438.0,3.5,35.0,limit_touch,take_profit
2025-12-15,2025-12-15 10:02:00,2025-12-15 10:07:00,2025-12-15 10:46:00,short,5407.0,5403.5,5414.0,5403.5,3.5,35.0,limit_touch,take_profit
2025-12-15,2025-12-15 12:29:00,2025-12-15 12:46:00,2025-12-15 13:04:00,long,5423.0,5416.0,5416.0,5426.0,-7.0,-70.0,limit_touch,stop_loss
2025-12-16,2025-12-16 12:37:00,2025-12-16 13:57:00,2025-12-16 14:03:00,long,5477.0,5469.0,5469.0,5481.0,-8.0,-80.0,limit_touch,stop_loss
2025-12-17,2025-12-17 13:03:00,2025-12-17 13:19:00,2025-12-17 13:27:00,long,5533.5,5538.0,5524.0,5538.0,4.5,45.0,limit_touch,take_profit
2025-12-18,2025-12-18 12:55:00,2025-12-18 13:00:00,2025-12-18 13:01:00,short,5529.0,5524.5,5538.5,5524.5,4.5,45.0,limit_touch,take_profit
2025-12-18,2025-12-18 13:05:00,2025-12-18 13:18:00,2025-12-18 14:13:00,short,5528.0,5538.0,5538.0,5523.5,-10.0,-100.0,limit_touch,stop_loss
2025-12-19,2025-12-19 10:47:00,2025-12-19 10:48:00,2025-12-19 10:50:00,short,5536.5,5533.0,5543.5,5533.0,3.5,35.0,limit_touch,take_profit
2025-12-19,2025-12-19 11:01:00,2025-12-19 11:05:00,2025-12-19 11:20:00,short,5525.5,5522.0,5533.0,5522.0,3.5,35.0,limit_touch,take_profit
2025-12-19,2025-12-19 11:38:00,2025-12-19 12:11:00,2025-12-19 12:31:00,short,5520.0,5516.5,5528.0,5516.5,3.5,35.0,limit_touch,take_profit
2025-12-22,2025-12-22 10:05:00,2025-12-22 10:09:00,2025-12-22 10:09:00,short,5532.0,5539.0,5539.0,5529.0,-7.0,-70.0,limit_touch,stop_loss
2025-12-22,2025-12-22 11:30:00,2025-12-22 11:44:00,2025-12-22 11:46:00,long,5551.5,5554.5,5544.5,5554.5,3.0,30.0,limit_touch,take_profit
2025-12-23,2025-12-23 10:50:00,2025-12-23 10:51:00,2025-12-23 11:05:00,short,5582.5,5579.0,5590.5,5579.0,3.5,35.0,limit_touch,take_profit
2025-12-26,2025-12-26 11:50:00,2025-12-26 11:56:00,2025-12-26 11:57:00,short,5548.5,5545.5,5555.0,5545.5,3.0,30.0,limit_touch,take_profit
2025-12-26,2025-12-26 12:13:00,2025-12-26 12:26:00,2025-12-26 12:27:00,short,5535.0,5531.5,5542.0,5531.5,3.5,35.0,limit_touch,take_profit
2025-12-29,2025-12-29 10:13:00,2025-12-29 11:22:00,2025-12-29 11:25:00,long,5572.0,5575.0,5565.5,5575.0,3.0,30.0,limit_touch,take_profit
2025-12-29,2025-12-29 12:22:00,2025-12-29 12:26:00,2025-12-29 12:40:00,long,5572.5,5566.5,5566.5,5575.5,-6.0,-60.0,limit_touch,stop_loss
2026-01-02,2026-01-02 10:54:00,2026-01-02 11:01:00,2026-01-02 11:13:00,short,5471.5,5468.0,5479.0,5468.0,3.5,35.0,limit_touch,take_profit
2026-01-02,2026-01-02 11:24:00,2026-01-02 11:33:00,2026-01-02 11:39:00,short,5470.0,5477.5,5477.5,5466.5,-7.5,-75.0,limit_touch,stop_loss
2026-01-05,2026-01-05 10:07:00,2026-01-05 10:09:00,2026-01-05 10:13:00,long,5479.5,5482.5,5473.0,5482.5,3.0,30.0,limit_touch,take_profit
2026-01-05,2026-01-05 10:23:00,2026-01-05 10:43:00,2026-01-05 10:47:00,long,5481.0,5484.0,5474.5,5484.0,3.0,30.0,limit_touch,take_profit
2026-01-05,2026-01-05 12:28:00,2026-01-05 12:36:00,2026-01-05 12:38:00,short,5461.0,5457.5,5468.0,5457.5,3.5,35.0,limit_touch,take_profit
2026-01-06,2026-01-06 10:16:00,2026-01-06 10:29:00,2026-01-06 10:35:00,short,5428.0,5425.5,5434.0,5425.5,2.5,25.0,limit_touch,take_profit
2026-01-06,2026-01-06 11:51:00,2026-01-06 12:23:00,2026-01-06 12:31:00,short,5411.0,5417.5,5417.5,5408.0,-6.5,-65.0,limit_touch,stop_loss
2026-01-07,2026-01-07 10:06:00,2026-01-07 10:15:00,2026-01-07 10:22:00,long,5418.5,5413.0,5413.0,5421.0,-5.5,-55.0,limit_touch,stop_loss
2026-01-07,2026-01-07 11:37:00,2026-01-07 11:45:00,2026-01-07 11:53:00,long,5424.5,5427.5,5418.5,5427.5,3.0,30.0,limit_touch,take_profit
2026-01-07,2026-01-07 12:18:00,2026-01-07 12:21:00,2026-01-07 12:24:00,long,5426.0,5429.0,5419.5,5429.0,3.0,30.0,better_open,take_profit
2026-01-08,2026-01-08 10:03:00,2026-01-08 10:03:00,2026-01-08 10:03:00,short,5412.0,5410.0,5417.0,5410.0,2.0,20.0,limit_touch,take_profit
2026-01-08,2026-01-08 11:15:00,2026-01-08 11:18:00,2026-01-08 11:21:00,long,5423.0,5425.5,5418.0,5425.5,2.5,25.0,limit_touch,take_profit
2026-01-09,2026-01-09 10:29:00,2026-01-09 10:29:00,2026-01-09 10:29:00,short,5405.0,5402.5,5410.0,5402.5,2.5,25.0,limit_touch,take_profit
2026-01-09,2026-01-09 10:32:00,2026-01-09 10:33:00,2026-01-09 10:34:00,short,5399.5,5397.0,5405.0,5397.0,2.5,25.0,limit_touch,take_profit
2026-01-09,2026-01-09 10:43:00,2026-01-09 10:50:00,2026-01-09 10:52:00,short,5395.0,5392.5,5401.0,5392.5,2.5,25.0,limit_touch,take_profit
2026-01-09,2026-01-09 13:10:00,2026-01-09 14:54:00,2026-01-09 17:55:00,short,5393.5,5395.5,5399.5,5390.5,-2.0,-20.0,limit_touch,time_cutoff
2026-01-12,2026-01-12 10:01:00,2026-01-12 10:06:00,2026-01-12 10:08:00,long,5403.5,5406.0,5397.5,5406.0,2.5,25.0,limit_touch,take_profit
2026-01-12,2026-01-12 11:05:00,2026-01-12 11:11:00,2026-01-12 11:23:00,long,5404.0,5397.5,5397.5,5407.0,-6.5,-65.0,limit_touch,stop_loss
2026-01-13,2026-01-13 10:32:00,2026-01-13 10:32:00,2026-01-13 10:32:00,short,5395.5,5393.0,5400.5,5393.0,2.5,25.0,limit_touch,take_profit
2026-01-13,2026-01-13 11:34:00,2026-01-13 11:40:00,2026-01-13 11:49:00,short,5394.0,5399.5,5399.5,5391.5,-5.5,-55.0,limit_touch,stop_loss
2026-01-13,2026-01-13 12:27:00,2026-01-13 12:35:00,2026-01-13 12:50:00,long,5408.0,5402.5,5402.5,5410.5,-5.5,-55.0,limit_touch,stop_loss
2026-01-13,2026-01-13 13:27:00,2026-01-13 13:33:00,2026-01-13 14:15:00,long,5411.5,5405.5,5405.5,5414.0,-6.0,-60.0,limit_touch,stop_loss
2026-01-14,2026-01-14 10:44:00,2026-01-14 10:48:00,2026-01-14 10:54:00,short,5386.0,5391.0,5391.0,5383.5,-5.0,-50.0,limit_touch,stop_loss
2026-01-14,2026-01-14 11:08:00,2026-01-14 11:19:00,2026-01-14 11:19:00,long,5406.5,5409.5,5400.5,5409.5,3.0,30.0,limit_touch,take_profit
2026-01-15,2026-01-15 10:27:00,2026-01-15 10:27:00,2026-01-15 10:31:00,long,5410.5,5413.5,5404.0,5413.5,3.0,30.0,limit_touch,take_profit_gap_open
2026-01-15,2026-01-15 10:47:00,2026-01-15 10:50:00,2026-01-15 10:56:00,long,5417.0,5420.0,5410.5,5420.0,3.0,30.0,limit_touch,take_profit
2026-01-16,2026-01-16 11:30:00,2026-01-16 11:36:00,2026-01-16 11:46:00,long,5405.0,5399.5,5399.5,5407.5,-5.5,-55.0,limit_touch,stop_loss
2026-01-19,2026-01-19 10:12:00,2026-01-19 10:15:00,2026-01-19 10:38:00,short,5381.5,5379.0,5386.5,5379.0,2.5,25.0,limit_touch,take_profit
2026-01-19,2026-01-19 13:15:00,2026-01-19 13:27:00,2026-01-19 13:30:00,short,5372.0,5370.0,5377.0,5370.0,2.0,20.0,limit_touch,take_profit_gap_open
2026-01-20,2026-01-20 10:34:00,2026-01-20 10:34:00,2026-01-20 10:34:00,long,5413.5,5416.0,5408.0,5416.0,2.5,25.0,limit_touch,take_profit
2026-01-20,2026-01-20 10:35:00,2026-01-20 10:35:00,2026-01-20 10:41:00,long,5415.0,5417.5,5409.5,5417.5,2.5,25.0,limit_touch,take_profit
2026-01-20,2026-01-20 12:35:00,2026-01-20 14:39:00,2026-01-20 15:09:00,short,5386.0,5392.5,5392.5,5383.0,-6.5,-65.0,limit_touch,stop_loss
2026-01-21,2026-01-21 10:00:00,2026-01-21 10:00:00,2026-01-21 10:00:00,short,5364.5,5362.0,5370.0,5362.0,2.5,25.0,limit_touch,take_profit
2026-01-21,2026-01-21 10:09:00,2026-01-21 10:20:00,2026-01-21 10:28:00,short,5364.0,5361.5,5369.5,5361.5,2.5,25.0,limit_touch,take_profit
2026-01-21,2026-01-21 11:06:00,2026-01-21 11:15:00,2026-01-21 11:32:00,short,5362.5,5360.0,5368.5,5360.0,2.5,25.0,limit_touch,take_profit
2026-01-21,2026-01-21 11:55:00,2026-01-21 12:26:00,2026-01-21 12:42:00,short,5348.0,5345.0,5354.5,5345.0,3.0,30.0,limit_touch,take_profit
2026-01-21,2026-01-21 13:38:00,2026-01-21 14:32:00,2026-01-21 14:40:00,short,5344.0,5341.0,5350.5,5341.0,3.0,30.0,limit_touch,take_profit
2026-01-22,2026-01-22 10:57:00,2026-01-22 10:57:00,2026-01-22 10:57:00,long,5332.0,5334.5,5326.5,5334.5,2.5,25.0,limit_touch,take_profit
2026-01-22,2026-01-22 12:29:00,2026-01-22 12:34:00,2026-01-22 12:39:00,short,5319.0,5316.5,5324.5,5316.5,2.5,25.0,limit_touch,take_profit
2026-01-22,2026-01-22 13:07:00,2026-01-22 13:53:00,2026-01-22 14:02:00,short,5309.5,5307.0,5315.5,5307.0,2.5,25.0,limit_touch,take_profit
2026-01-23,2026-01-23 10:06:00,2026-01-23 10:10:00,2026-01-23 10:12:00,short,5291.5,5297.0,5297.0,5289.0,-5.5,-55.0,limit_touch,stop_loss
2026-01-23,2026-01-23 11:19:00,2026-01-23 11:23:00,2026-01-23 11:35:00,long,5306.5,5309.0,5301.0,5309.0,2.5,25.0,limit_touch,take_profit
2026-01-23,2026-01-23 11:40:00,2026-01-23 11:52:00,2026-01-23 11:52:00,long,5307.5,5310.0,5302.0,5310.0,2.5,25.0,limit_touch,take_profit
2026-01-23,2026-01-23 14:32:00,2026-01-23 14:34:00,2026-01-23 14:44:00,short,5290.5,5296.5,5296.5,5287.5,-6.0,-60.0,limit_touch,stop_loss
2026-01-26,2026-01-26 12:00:00,2026-01-26 12:14:00,2026-01-26 12:25:00,short,5280.0,5277.0,5286.5,5277.0,3.0,30.0,limit_touch,take_profit
2026-01-26,2026-01-26 12:58:00,2026-01-26 13:09:00,2026-01-26 13:44:00,short,5275.5,5282.0,5282.0,5272.5,-6.5,-65.0,limit_touch,stop_loss
2026-01-27,2026-01-27 11:03:00,2026-01-27 11:19:00,2026-01-27 11:25:00,short,5257.5,5255.0,5263.0,5255.0,2.5,25.0,limit_touch,take_profit
2026-01-28,2026-01-28 10:05:00,2026-01-28 10:12:00,2026-01-28 10:23:00,short,5182.0,5189.5,5189.5,5178.5,-7.5,-75.0,limit_touch,stop_loss
2026-01-28,2026-01-28 12:08:00,2026-01-28 12:08:00,2026-01-28 12:08:00,long,5199.0,5203.0,5190.5,5203.0,4.0,40.0,limit_touch,take_profit
2026-01-28,2026-01-28 12:09:00,2026-01-28 12:10:00,2026-01-28 12:18:00,long,5200.0,5204.0,5191.5,5204.0,4.0,40.0,limit_touch,take_profit
2026-01-28,2026-01-28 12:20:00,2026-01-28 12:24:00,2026-01-28 12:27:00,long,5201.0,5205.0,5192.5,5205.0,4.0,40.0,limit_touch,take_profit
2026-01-28,2026-01-28 12:56:00,2026-01-28 13:07:00,2026-01-28 13:10:00,long,5205.5,5209.5,5197.0,5209.5,4.0,40.0,limit_touch,take_profit
2026-01-28,2026-01-28 13:52:00,2026-01-28 14:32:00,2026-01-28 14:59:00,long,5208.5,5212.0,5200.5,5212.0,3.5,35.0,limit_touch,take_profit
2026-01-29,2026-01-29 11:44:00,2026-01-29 11:51:00,2026-01-29 11:53:00,short,5177.0,5184.5,5184.5,5173.5,-7.5,-75.0,limit_touch,stop_loss
2026-01-29,2026-01-29 12:17:00,2026-01-29 12:21:00,2026-01-29 12:25:00,long,5231.5,5236.0,5222.0,5236.0,4.5,45.0,limit_touch,take_profit
2026-01-30,2026-01-30 10:53:00,2026-01-30 11:06:00,2026-01-30 11:15:00,long,5263.5,5254.0,5254.0,5268.0,-9.5,-95.0,limit_touch,stop_loss
2026-02-02,2026-02-02 11:20:00,2026-02-02 11:32:00,2026-02-02 11:38:00,long,5300.5,5291.0,5291.0,5305.0,-9.5,-95.0,limit_touch,stop_loss
2026-02-03,2026-02-03 10:05:00,2026-02-03 10:21:00,2026-02-03 10:40:00,short,5258.5,5255.5,5265.5,5255.5,3.0,30.0,limit_touch,take_profit
2026-02-03,2026-02-03 10:58:00,2026-02-03 11:05:00,2026-02-03 11:20:00,short,5249.0,5245.5,5256.0,5245.5,3.5,35.0,limit_touch,take_profit_gap_open
2026-02-03,2026-02-03 11:36:00,2026-02-03 11:47:00,2026-02-03 11:49:00,short,5246.0,5243.0,5253.0,5243.0,3.0,30.0,limit_touch,take_profit
2026-02-04,2026-02-04 10:16:00,2026-02-04 10:18:00,2026-02-04 10:33:00,short,5248.5,5255.0,5255.0,5245.5,-6.5,-65.0,limit_touch,stop_loss
2026-02-04,2026-02-04 11:41:00,2026-02-04 11:45:00,2026-02-04 11:53:00,long,5265.0,5268.5,5258.0,5268.5,3.5,35.0,limit_touch,take_profit
2026-02-04,2026-02-04 12:02:00,2026-02-04 12:11:00,2026-02-04 12:12:00,long,5268.0,5271.5,5261.0,5271.5,3.5,35.0,limit_touch,take_profit
2026-02-04,2026-02-04 12:36:00,2026-02-04 12:40:00,2026-02-04 12:42:00,long,5272.5,5276.0,5265.5,5276.0,3.5,35.0,limit_touch,take_profit
2026-02-04,2026-02-04 13:42:00,2026-02-04 13:57:00,2026-02-04 14:06:00,long,5274.5,5267.5,5267.5,5278.0,-7.0,-70.0,limit_touch,stop_loss
2026-02-05,2026-02-05 11:24:00,2026-02-05 11:32:00,2026-02-05 11:37:00,short,5273.5,5270.0,5280.5,5270.0,3.5,35.0,limit_touch,take_profit
2026-02-05,2026-02-05 11:46:00,2026-02-05 11:58:00,2026-02-05 12:05:00,short,5270.5,5277.5,5277.5,5267.0,-7.0,-70.0,limit_touch,stop_loss
2026-02-05,2026-02-05 12:48:00,2026-02-05 12:53:00,2026-02-05 13:05:00,long,5300.5,5304.5,5292.0,5304.5,4.0,40.0,limit_touch,take_profit
2026-02-06,2026-02-06 10:01:00,2026-02-06 10:03:00,2026-02-06 10:04:00,long,5271.0,5263.0,5263.0,5274.5,-8.0,-80.0,limit_touch,stop_loss
2026-02-06,2026-02-06 11:33:00,2026-02-06 11:52:00,2026-02-06 12:02:00,short,5245.0,5253.5,5253.5,5241.0,-8.5,-85.0,limit_touch,stop_loss
2026-02-09,2026-02-09 10:08:00,2026-02-09 10:15:00,2026-02-09 10:24:00,short,5217.5,5214.5,5224.5,5214.5,3.0,30.0,limit_touch,take_profit
2026-02-09,2026-02-09 10:25:00,2026-02-09 10:28:00,2026-02-09 10:38:00,short,5216.5,5223.5,5223.5,5213.5,-7.0,-70.0,limit_touch,stop_loss
2026-02-09,2026-02-09 11:45:00,2026-02-09 11:50:00,2026-02-09 11:56:00,short,5214.5,5211.0,5221.5,5211.0,3.5,35.0,limit_touch,take_profit
2026-02-09,2026-02-09 13:02:00,2026-02-09 13:26:00,2026-02-09 13:30:00,short,5204.5,5211.5,5211.5,5201.5,-7.0,-70.0,limit_touch,stop_loss
2026-02-10,2026-02-10 10:11:00,2026-02-10 10:14:00,2026-02-10 10:21:00,long,5223.5,5226.0,5217.5,5226.0,2.5,25.0,limit_touch,take_profit
2026-02-10,2026-02-10 11:34:00,2026-02-10 11:35:00,2026-02-10 11:42:00,short,5208.5,5214.5,5214.5,5205.5,-6.0,-60.0,limit_touch,stop_loss
2026-02-10,2026-02-10 12:17:00,2026-02-10 12:19:00,2026-02-10 12:25:00,long,5224.0,5227.0,5217.5,5227.0,3.0,30.0,limit_touch,take_profit
2026-02-10,2026-02-10 12:29:00,2026-02-10 12:42:00,2026-02-10 12:55:00,long,5224.0,5217.5,5217.5,5227.0,-6.5,-65.0,limit_touch,stop_loss
2026-02-11,2026-02-11 10:10:00,2026-02-11 10:11:00,2026-02-11 10:25:00,long,5205.0,5199.5,5199.5,5207.5,-5.5,-55.0,limit_touch,stop_loss
2026-02-11,2026-02-11 11:09:00,2026-02-11 11:22:00,2026-02-11 11:24:00,short,5194.0,5200.5,5200.5,5191.0,-6.5,-65.0,limit_touch,stop_loss
2026-02-12,2026-02-12 10:38:00,2026-02-12 10:41:00,2026-02-12 10:57:00,short,5188.0,5185.5,5193.5,5185.5,2.5,25.0,limit_touch,take_profit
2026-02-12,2026-02-12 10:59:00,2026-02-12 10:59:00,2026-02-12 10:59:00,short,5184.5,5182.0,5190.0,5182.0,2.5,25.0,limit_touch,take_profit
2026-02-12,2026-02-12 11:13:00,2026-02-12 11:23:00,2026-02-12 11:25:00,short,5181.0,5178.5,5186.5,5178.5,2.5,25.0,limit_touch,take_profit
2026-02-12,2026-02-12 11:47:00,2026-02-12 12:10:00,2026-02-12 12:13:00,short,5180.0,5177.5,5185.5,5177.5,2.5,25.0,limit_touch,take_profit
2026-02-12,2026-02-12 12:16:00,2026-02-12 12:26:00,2026-02-12 12:31:00,short,5178.5,5184.0,5184.0,5176.0,-5.5,-55.0,limit_touch,stop_loss
2026-02-12,2026-02-12 13:29:00,2026-02-12 13:36:00,2026-02-12 13:41:00,long,5207.5,5200.5,5200.5,5210.5,-7.0,-70.0,limit_touch,stop_loss
2026-02-12,2026-02-12 14:19:00,2026-02-12 14:40:00,2026-02-12 14:46:00,long,5209.5,5213.0,5202.5,5213.0,3.5,35.0,limit_touch,take_profit
2026-02-13,2026-02-13 11:42:00,2026-02-13 11:44:00,2026-02-13 11:46:00,long,5252.5,5244.0,5244.0,5256.5,-8.5,-85.0,limit_touch,stop_loss
2026-02-13,2026-02-13 12:04:00,2026-02-13 12:09:00,2026-02-13 12:16:00,long,5253.0,5257.0,5244.0,5257.0,4.0,40.0,limit_touch,take_profit
2026-02-18,2026-02-18 13:05:00,2026-02-18 13:05:00,2026-02-18 13:05:00,short,5211.0,5208.0,5218.0,5208.0,3.0,30.0,limit_touch,take_profit
2026-02-18,2026-02-18 13:18:00,2026-02-18 13:20:00,2026-02-18 13:20:00,long,5224.0,5227.0,5217.0,5227.0,3.0,30.0,better_open,take_profit
2026-02-18,2026-02-18 14:03:00,2026-02-18 14:07:00,2026-02-18 14:09:00,long,5227.0,5230.0,5220.0,5230.0,3.0,30.0,better_open,take_profit
2026-02-19,2026-02-19 10:40:00,2026-02-19 11:13:00,2026-02-19 11:16:00,short,5237.0,5233.5,5244.5,5233.5,3.5,35.0,limit_touch,take_profit
2026-02-20,2026-02-20 10:59:00,2026-02-20 11:04:00,2026-02-20 11:05:00,short,5217.5,5214.5,5223.5,5214.5,3.0,30.0,limit_touch,take_profit
2026-02-20,2026-02-20 11:54:00,2026-02-20 11:57:00,2026-02-20 12:00:00,short,5208.5,5206.0,5214.5,5206.0,2.5,25.0,limit_touch,take_profit
2026-02-20,2026-02-20 13:07:00,2026-02-20 14:02:00,2026-02-20 14:06:00,short,5198.5,5195.5,5205.5,5195.5,3.0,30.0,limit_touch,take_profit
2026-02-23,2026-02-23 10:51:00,2026-02-23 10:57:00,2026-02-23 11:00:00,short,5176.5,5174.0,5182.0,5174.0,2.5,25.0,limit_touch,take_profit
2026-02-23,2026-02-23 11:50:00,2026-02-23 12:32:00,2026-02-23 13:01:00,short,5158.5,5164.5,5164.5,5155.5,-6.0,-60.0,limit_touch,stop_loss
2026-02-24,2026-02-24 12:06:00,2026-02-24 12:09:00,2026-02-24 12:10:00,short,5173.5,5171.0,5179.5,5171.0,2.5,25.0,limit_touch,take_profit
2026-02-25,2026-02-25 11:10:00,2026-02-25 11:16:00,2026-02-25 11:34:00,long,5150.0,5143.5,5143.5,5153.0,-6.5,-65.0,limit_touch,stop_loss
2026-02-25,2026-02-25 12:47:00,2026-02-25 12:52:00,2026-02-25 12:53:00,long,5159.5,5152.5,5152.5,5162.5,-7.0,-70.0,limit_touch,stop_loss
2026-02-26,2026-02-26 11:30:00,2026-02-26 11:30:00,2026-02-26 11:30:00,long,5143.5,5146.0,5138.0,5146.0,2.5,25.0,limit_touch,take_profit
2026-02-26,2026-02-26 11:31:00,2026-02-26 11:33:00,2026-02-26 11:39:00,long,5143.5,5146.0,5138.0,5146.0,2.5,25.0,limit_touch,take_profit
2026-02-26,2026-02-26 11:51:00,2026-02-26 12:00:00,2026-02-26 12:01:00,long,5147.0,5149.5,5141.5,5149.5,2.5,25.0,limit_touch,take_profit
2026-02-26,2026-02-26 12:25:00,2026-02-26 12:30:00,2026-02-26 12:30:00,long,5153.0,5155.5,5147.0,5155.5,2.5,25.0,limit_touch,take_profit
2026-02-27,2026-02-27 10:40:00,2026-02-27 10:49:00,2026-02-27 10:54:00,long,5203.0,5206.5,5195.5,5206.5,3.5,35.0,limit_touch,take_profit
2026-02-27,2026-02-27 13:13:00,2026-02-27 13:40:00,2026-02-27 14:23:00,short,5176.0,5184.0,5184.0,5172.5,-8.0,-80.0,limit_touch,stop_loss
2026-03-02,2026-03-02 10:12:00,2026-03-02 10:23:00,2026-03-02 10:28:00,long,5232.5,5236.5,5224.5,5236.5,4.0,40.0,limit_touch,take_profit
2026-03-02,2026-03-02 10:43:00,2026-03-02 11:08:00,2026-03-02 11:16:00,long,5236.0,5240.0,5227.0,5240.0,4.0,40.0,limit_touch,take_profit
2026-03-03,2026-03-03 12:22:00,2026-03-03 12:31:00,2026-03-03 12:33:00,long,5355.0,5361.0,5342.5,5361.0,6.0,60.0,limit_touch,take_profit
2026-03-04,2026-03-04 10:28:00,2026-03-04 10:31:00,2026-03-04 10:32:00,short,5260.5,5255.0,5273.0,5255.0,5.5,55.0,limit_touch,take_profit
2026-03-04,2026-03-04 11:34:00,2026-03-04 11:35:00,2026-03-04 11:55:00,short,5249.5,5244.0,5261.0,5244.0,5.5,55.0,limit_touch,take_profit
2026-03-04,2026-03-04 13:03:00,2026-03-04 13:14:00,2026-03-04 13:22:00,short,5246.0,5258.0,5258.0,5240.5,-12.0,-120.0,limit_touch,stop_loss
2026-03-05,2026-03-05 11:26:00,2026-03-05 11:30:00,2026-03-05 11:34:00,long,5290.5,5280.5,5280.5,5295.0,-10.0,-100.0,limit_touch,stop_loss
2026-03-05,2026-03-05 12:04:00,2026-03-05 12:08:00,2026-03-05 12:18:00,short,5271.0,5281.0,5281.0,5266.5,-10.0,-100.0,limit_touch,stop_loss
2026-03-05,2026-03-05 13:23:00,2026-03-05 13:32:00,2026-03-05 13:46:00,long,5307.5,5296.5,5296.5,5312.5,-11.0,-110.0,limit_touch,stop_loss
2026-03-06,2026-03-06 10:13:00,2026-03-06 10:22:00,2026-03-06 10:30:00,short,5317.0,5311.5,5329.0,5311.5,5.5,55.0,limit_touch,take_profit
2026-03-06,2026-03-06 10:31:00,2026-03-06 10:40:00,2026-03-06 10:44:00,short,5313.0,5307.5,5325.0,5307.5,5.5,55.0,limit_touch,take_profit
2026-03-06,2026-03-06 11:10:00,2026-03-06 11:12:00,2026-03-06 11:32:00,long,5341.0,5328.0,5328.0,5347.0,-13.0,-130.0,limit_touch,stop_loss
2026-03-06,2026-03-06 13:46:00,2026-03-06 14:37:00,2026-03-06 15:13:00,short,5307.5,5302.0,5319.5,5302.0,5.5,55.0,limit_touch,take_profit
2026-03-09,2026-03-09 11:05:00,2026-03-09 11:11:00,2026-03-09 11:15:00,short,5257.5,5252.5,5268.5,5252.5,5.0,50.0,limit_touch,take_profit
2026-03-09,2026-03-09 12:06:00,2026-03-09 12:50:00,2026-03-09 12:51:00,short,5253.5,5248.5,5264.5,5248.5,5.0,50.0,limit_touch,take_profit
2026-03-10,2026-03-10 10:15:00,2026-03-10 10:24:00,2026-03-10 10:33:00,long,5205.0,5209.5,5195.0,5209.5,4.5,45.0,limit_touch,take_profit
2026-03-10,2026-03-10 10:41:00,2026-03-10 10:44:00,2026-03-10 11:09:00,long,5206.5,5211.0,5196.0,5211.0,4.5,45.0,limit_touch,take_profit
2026-03-10,2026-03-10 12:43:00,2026-03-10 13:20:00,2026-03-10 13:32:00,short,5180.5,5176.0,5190.0,5176.0,4.5,45.0,limit_touch,take_profit
2026-03-10,2026-03-10 14:18:00,2026-03-10 14:42:00,2026-03-10 14:50:00,short,5173.0,5169.0,5181.5,5169.0,4.0,40.0,limit_touch,take_profit
2026-03-11,2026-03-11 11:01:00,2026-03-11 11:03:00,2026-03-11 11:10:00,short,5180.5,5176.5,5189.0,5176.5,4.0,40.0,limit_touch,take_profit
2026-03-12,2026-03-12 10:07:00,2026-03-12 10:10:00,2026-03-12 10:15:00,short,5187.0,5194.5,5194.5,5183.5,-7.5,-75.0,limit_touch,stop_loss
2026-03-12,2026-03-12 10:22:00,2026-03-12 10:24:00,2026-03-12 10:25:00,long,5206.5,5210.0,5198.5,5210.0,3.5,35.0,limit_touch,take_profit
2026-03-12,2026-03-12 10:48:00,2026-03-12 10:50:00,2026-03-12 10:52:00,long,5219.0,5223.0,5210.5,5223.0,4.0,40.0,limit_touch,take_profit
2026-03-12,2026-03-12 10:55:00,2026-03-12 11:01:00,2026-03-12 11:06:00,long,5228.0,5232.0,5219.0,5232.0,4.0,40.0,limit_touch,take_profit
2026-03-12,2026-03-12 12:13:00,2026-03-12 12:34:00,2026-03-12 12:36:00,long,5242.5,5247.0,5232.5,5247.0,4.5,45.0,limit_touch,take_profit
2026-03-13,2026-03-13 10:45:00,2026-03-13 10:49:00,2026-03-13 10:53:00,short,5246.0,5241.5,5256.0,5241.5,4.5,45.0,limit_touch,take_profit
2026-03-13,2026-03-13 10:55:00,2026-03-13 10:57:00,2026-03-13 11:10:00,short,5245.5,5255.5,5255.5,5241.0,-10.0,-100.0,limit_touch,stop_loss
2026-03-13,2026-03-13 11:56:00,2026-03-13 12:08:00,2026-03-13 12:17:00,long,5271.5,5276.5,5261.0,5276.5,5.0,50.0,limit_touch,take_profit
2026-03-13,2026-03-13 12:45:00,2026-03-13 12:47:00,2026-03-13 12:49:00,long,5299.0,5304.5,5287.5,5304.5,5.5,55.0,limit_touch,take_profit
2026-03-16,2026-03-16 10:57:00,2026-03-16 11:04:00,2026-03-16 11:08:00,short,5280.5,5275.0,5292.0,5275.0,5.5,55.0,limit_touch,take_profit
2026-03-17,2026-03-17 10:34:00,2026-03-17 10:53:00,2026-03-17 10:59:00,short,5224.0,5220.0,5232.5,5220.0,4.0,40.0,limit_touch,take_profit
2026-03-17,2026-03-17 11:08:00,2026-03-17 11:17:00,2026-03-17 11:19:00,short,5221.0,5217.0,5229.5,5217.0,4.0,40.0,limit_touch,take_profit
2026-03-18,2026-03-18 10:00:00,2026-03-18 10:20:00,2026-03-18 10:24:00,long,5236.5,5240.0,5228.5,5240.0,3.5,35.0,limit_touch,take_profit
2026-03-19,2026-03-19 10:12:00,2026-03-19 10:16:00,2026-03-19 10:18:00,long,5311.5,5298.5,5298.5,5317.5,-13.0,-130.0,limit_touch,stop_loss
2026-03-19,2026-03-19 12:17:00,2026-03-19 12:27:00,2026-03-19 12:56:00,short,5268.0,5261.5,5282.0,5261.5,6.5,65.0,limit_touch,take_profit
2026-03-20,2026-03-20 10:35:00,2026-03-20 10:43:00,2026-03-20 10:50:00,long,5283.0,5288.5,5271.0,5288.5,5.5,55.0,limit_touch,take_profit
2026-03-20,2026-03-20 11:20:00,2026-03-20 12:00:00,2026-03-20 12:03:00,long,5304.5,5310.0,5292.0,5310.0,5.5,55.0,limit_touch,take_profit
