name,family,config,params,all_start_date,all_end_date,all_trading_days,all_total_trades,all_win_rate,all_net_profit_brl,all_avg_profit_brl,all_avg_win_brl,all_avg_loss_brl,all_profit_factor,all_max_drawdown_pct,all_expected_payoff,all_on_tester_value,train_start_date,train_end_date,train_trading_days,train_total_trades,train_win_rate,train_net_profit_brl,train_avg_profit_brl,train_avg_win_brl,train_avg_loss_brl,train_profit_factor,train_max_drawdown_pct,train_expected_payoff,train_on_tester_value,test_start_date,test_end_date,test_trading_days,test_total_trades,test_win_rate,test_net_profit_brl,test_avg_profit_brl,test_avg_win_brl,test_avg_loss_brl,test_profit_factor,test_max_drawdown_pct,test_expected_payoff,test_on_tester_value,train_net_delta,train_avg_delta,train_pf_delta,train_dd_delta,train_on_tester_delta,test_net_delta,test_avg_delta,test_pf_delta,test_dd_delta,test_on_tester_delta,all_net_delta,all_avg_delta,all_pf_delta,all_dd_delta,all_on_tester_delta
baseline,baseline,"{""family"": ""baseline"", ""name"": ""baseline"", ""relvol_lookback"": 20, ""relvol_min"": 0.0, ""relvol_mode"": ""off"", ""trend_min"": 0.0, ""trend_mode"": ""off"", ""trend_window"": 15, ""volume_min"": 0.0, ""volume_mode"": ""off"", ""volume_window"": 15}","{""ATRTimeFrame"": 15, ""ATR_Length"": 20, ""AllowFriday"": true, ""AllowMonday"": true, ""AllowThursday"": true, ""AllowTuesday"": true, ""AllowWednesday"": true, ""ApplyRelativeVolumeFilterToLongs"": false, ""ApplyRelativeVolumeFilterToShorts"": false, ""ApplyTrendEfficiencyFilterToLongs"": false, ""ApplyTrendEfficiencyFilterToShorts"": false, ""ApplyVolumeFilterToLongs"": false, ""ApplyVolumeFilterToShorts"": false, ""ContractsPerTrade"": 1.0, ""EntryStart_Hour"": 10, ""EntryStart_Minute"": 0, ""FilterAsPercOfContractMARange"": 0.3, ""LastEntry_Hour"": 15, ""LastEntry_Minute"": 0, ""MarketClose_Hour"": 18, ""MarketClose_Minute"": 0, ""MinDirectionalTrendEfficiency15m"": 0.0, ""MinRelativeVolumeAtTime"": 0.0, ""MinSignalVolumeWindowSum"": 0.0, ""MinutesBeforeMarketCloseToClosePositions"": 5, ""NumDaysToConsiderPreviousContractMARange"": 5, ""RelativeVolumeLookbackDays"": 20, ""RetracementLevel"": 0.25, ""SL_ATRMultiplier"": 0.78, ""TP_ATRMultiplier"": 0.36, ""TrendEfficiencyWindowMinutes"": 15, ""VolumeWindowMinutes"": 15}",2021-03-23,2026-03-20,1247,2679,0.7238,14115.0,5.27,40.56,-87.2,1.2187,8.95,5.27,1576.602727,2021-03-23,2024-09-16,872,1875,0.7237,10350.0,5.52,42.32,-90.9,1.2198,8.95,5.52,1156.063636,2024-09-17,2026-03-20,375,804,0.7239,3765.0,4.68,36.44,-78.58,1.2158,8.13,4.68,463.304167,0.0,0.0,0.0,0.0,0.0,0.0,0.0,0.0,0.0,0.0,0.0,0.0,0.0,0.0,0.0
combo__trend__long__w15__ge_0.400000__volume__both__w30__ge_50000,combo,"{""family"": ""combo"", ""name"": ""combo__trend__long__w15__ge_0.400000__volume__both__w30__ge_50000"", ""relvol_lookback"": 20, ""relvol_min"": 0.0, ""relvol_mode"": ""off"", ""trend_min"": 0.4, ""trend_mode"": ""long"", ""trend_window"": 15, ""volume_min"": 50000.0, ""volume_mode"": ""both"", ""volume_window"": 30}","{""ATRTimeFrame"": 15, ""ATR_Length"": 20, ""AllowFriday"": true, ""AllowMonday"": true, ""AllowThursday"": true, ""AllowTuesday"": true, ""AllowWednesday"": true, ""ApplyRelativeVolumeFilterToLongs"": false, ""ApplyRelativeVolumeFilterToShorts"": false, ""ApplyTrendEfficiencyFilterToLongs"": true, ""ApplyTrendEfficiencyFilterToShorts"": false, ""ApplyVolumeFilterToLongs"": true, ""ApplyVolumeFilterToShorts"": true, ""ContractsPerTrade"": 1.0, ""EntryStart_Hour"": 10, ""EntryStart_Minute"": 0, ""FilterAsPercOfContractMARange"": 0.3, ""LastEntry_Hour"": 15, ""LastEntry_Minute"": 0, ""MarketClose_Hour"": 18, ""MarketClose_Minute"": 0, ""MinDirectionalTrendEfficiency15m"": 0.4, ""MinRelativeVolumeAtTime"": 0.0, ""MinSignalVolumeWindowSum"": 50000.0, ""MinutesBeforeMarketCloseToClosePositions"": 5, ""NumDaysToConsiderPreviousContractMARange"": 5, ""RelativeVolumeLookbackDays"": 20, ""RetracementLevel"": 0.25, ""SL_ATRMultiplier"": 0.78, ""TP_ATRMultiplier"": 0.36, ""TrendEfficiencyWindowMinutes"": 15, ""VolumeWindowMinutes"": 30}",2021-03-23,2026-03-20,1247,1839,0.7292,11845.0,6.44,43.05,-92.14,1.2581,5.46,6.44,2170.85553,2021-03-23,2024-09-16,872,1338,0.7339,9800.0,7.32,44.5,-95.21,1.2891,5.46,7.32,1796.064516,2024-09-17,2026-03-20,375,501,0.7166,2045.0,4.08,39.09,-84.44,1.1706,8.36,4.08,244.631925,-550.0,1.8000000000000007,0.06929999999999992,-3.4899999999999993,640.0008799999998,-1720.0,-0.5999999999999996,-0.04519999999999991,0.22999999999999865,-218.672242,-2270.0,1.1700000000000008,0.0394000000000001,-3.4899999999999993,594.2528029999999
combo__trend__long__w15__ge_0.400000__volume__both__w15__ge_30000,combo,"{""family"": ""combo"", ""name"": ""combo__trend__long__w15__ge_0.400000__volume__both__w15__ge_30000"", ""relvol_lookback"": 20, ""relvol_min"": 0.0, ""relvol_mode"": ""off"", ""trend_min"": 0.4, ""trend_mode"": ""long"", ""trend_window"": 15, ""volume_min"": 30000.0, ""volume_mode"": ""both"", ""volume_window"": 15}","{""ATRTimeFrame"": 15, ""ATR_Length"": 20, ""AllowFriday"": true, ""AllowMonday"": true, ""AllowThursday"": true, ""AllowTuesday"": true, ""AllowWednesday"": true, ""ApplyRelativeVolumeFilterToLongs"": false, ""ApplyRelativeVolumeFilterToShorts"": false, ""ApplyTrendEfficiencyFilterToLongs"": true, ""ApplyTrendEfficiencyFilterToShorts"": false, ""ApplyVolumeFilterToLongs"": true, ""ApplyVolumeFilterToShorts"": true, ""ContractsPerTrade"": 1.0, ""EntryStart_Hour"": 10, ""EntryStart_Minute"": 0, ""FilterAsPercOfContractMARange"": 0.3, ""LastEntry_Hour"": 15, ""LastEntry_Minute"": 0, ""MarketClose_Hour"": 18, ""MarketClose_Minute"": 0, ""MinDirectionalTrendEfficiency15m"": 0.4, ""MinRelativeVolumeAtTime"": 0.0, ""MinSignalVolumeWindowSum"": 30000.0, ""MinutesBeforeMarketCloseToClosePositions"": 5, ""NumDaysToConsiderPreviousContractMARange"": 5, ""RelativeVolumeLookbackDays"": 20, ""RetracementLevel"": 0.25, ""SL_ATRMultiplier"": 0.78, ""TP_ATRMultiplier"": 0.36, ""TrendEfficiencyWindowMinutes"": 15, ""VolumeWindowMinutes"": 15}",2021-03-23,2026-03-20,1247,1658,0.7292,10915.0,6.58,43.81,-93.65,1.2596,5.3,6.58,2061.147198,2021-03-23,2024-09-16,872,1222,0.7349,9315.0,7.62,45.11,-96.27,1.2987,5.07,7.62,1836.073828,2024-09-17,2026-03-20,375,436,0.7133,1600.0,3.67,40.06,-86.88,1.1473,9.21,3.67,173.655172,-1035.0,2.1000000000000005,0.07889999999999997,-3.879999999999999,680.010192,-2165.0,-1.0099999999999998,-0.0685,1.08,-289.648995,-3200.0,1.3100000000000005,0.04090000000000016,-3.6499999999999995,484.54447100000016
combo__trend__long__w15__ge_0.500000__volume__both__w30__ge_50000,combo,"{""family"": ""combo"", ""name"": ""combo__trend__long__w15__ge_0.500000__volume__both__w30__ge_50000"", ""relvol_lookback"": 20, ""relvol_min"": 0.0, ""relvol_mode"": ""off"", ""trend_min"": 0.5, ""trend_mode"": ""long"", ""trend_window"": 15, ""volume_min"": 50000.0, ""volume_mode"": ""both"", ""volume_window"": 30}","{""ATRTimeFrame"": 15, ""ATR_Length"": 20, ""AllowFriday"": true, ""AllowMonday"": true, ""AllowThursday"": true, ""AllowTuesday"": true, ""AllowWednesday"": true, ""ApplyRelativeVolumeFilterToLongs"": false, ""ApplyRelativeVolumeFilterToShorts"": false, ""ApplyTrendEfficiencyFilterToLongs"": true, ""ApplyTrendEfficiencyFilterToShorts"": false, ""ApplyVolumeFilterToLongs"": true, ""ApplyVolumeFilterToShorts"": true, ""ContractsPerTrade"": 1.0, ""EntryStart_Hour"": 10, ""EntryStart_Minute"": 0, ""FilterAsPercOfContractMARange"": 0.3, ""LastEntry_Hour"": 15, ""LastEntry_Minute"": 0, ""MarketClose_Hour"": 18, ""MarketClose_Minute"": 0, ""MinDirectionalTrendEfficiency15m"": 0.5, ""MinRelativeVolumeAtTime"": 0.0, ""MinSignalVolumeWindowSum"": 50000.0, ""MinutesBeforeMarketCloseToClosePositions"": 5, ""NumDaysToConsiderPreviousContractMARange"": 5, ""RelativeVolumeLookbackDays"": 20, ""RetracementLevel"": 0.25, ""SL_ATRMultiplier"": 0.78, ""TP_ATRMultiplier"": 0.36, ""TrendEfficiencyWindowMinutes"": 15, ""VolumeWindowMinutes"": 30}",2021-03-23,2026-03-20,1247,1649,0.7301,10980.0,6.66,43.28,-92.42,1.267,5.74,6.66,1912.415827,2021-03-23,2024-09-16,872,1187,0.7388,9500.0,8.0,44.71,-95.85,1.3197,5.74,8.0,1654.640288,2024-09-17,2026-03-20,375,462,0.7078,1480.0,3.2,39.42,-84.52,1.1297,8.89,3.2,166.449315,-850.0,2.4800000000000004,0.0999000000000001,-3.209999999999999,498.57665199999997,-2285.0,-1.4799999999999995,-0.08610000000000007,0.7599999999999998,-296.854852,-3135.0,1.3900000000000006,0.04830000000000001,-3.209999999999999,335.8131000000001
combo__trend__both__w15__ge_0.333333__volume__both__w30__ge_50000,combo,"{""family"": ""combo"", ""name"": ""combo__trend__both__w15__ge_0.333333__volume__both__w30__ge_50000"", ""relvol_lookback"": 20, ""relvol_min"": 0.0, ""relvol_mode"": ""off"", ""trend_min"": 0.333333, ""trend_mode"": ""both"", ""trend_window"": 15, ""volume_min"": 50000.0, ""volume_mode"": ""both"", ""volume_window"": 30}","{""ATRTimeFrame"": 15, ""ATR_Length"": 20, ""AllowFriday"": true, ""AllowMonday"": true, ""AllowThursday"": true, ""AllowTuesday"": true, ""AllowWednesday"": true, ""ApplyRelativeVolumeFilterToLongs"": false, ""ApplyRelativeVolumeFilterToShorts"": false, ""ApplyTrendEfficiencyFilterToLongs"": true, ""ApplyTrendEfficiencyFilterToShorts"": true, ""ApplyVolumeFilterToLongs"": true, ""ApplyVolumeFilterToShorts"": true, ""ContractsPerTrade"": 1.0, ""EntryStart_Hour"": 10, ""EntryStart_Minute"": 0, ""FilterAsPercOfContractMARange"": 0.3, ""LastEntry_Hour"": 15, ""LastEntry_Minute"": 0, ""MarketClose_Hour"": 18, ""MarketClose_Minute"": 0, ""MinDirectionalTrendEfficiency15m"": 0.333333, ""MinRelativeVolumeAtTime"": 0.0, ""MinSignalVolumeWindowSum"": 50000.0, ""MinutesBeforeMarketCloseToClosePositions"": 5, ""NumDaysToConsiderPreviousContractMARange"": 5, ""RelativeVolumeLookbackDays"": 20, ""RetracementLevel"": 0.25, ""SL_ATRMultiplier"": 0.78, ""TP_ATRMultiplier"": 0.36, ""TrendEfficiencyWindowMinutes"": 15, ""VolumeWindowMinutes"": 30}",2021-03-23,2026-03-20,1247,1720,0.7291,10715.0,6.23,42.97,-92.63,1.2482,6.33,6.23,1691.439286,2021-03-23,2024-09-16,872,1257,0.7232,7270.0,5.78,44.52,-95.4,1.219,6.33,5.78,1147.621429,2024-09-17,2026-03-20,375,463,0.7451,3445.0,7.44,38.87,-84.45,1.3457,6.54,7.44,526.451437,-3080.0,0.2600000000000007,-0.0007999999999999119,-2.619999999999999,-8.442207000000053,-320.0,2.7600000000000007,0.1298999999999999,-1.5900000000000007,63.14727000000005,-3400.0,0.9600000000000009,0.02950000000000008,-2.619999999999999,114.83655900000008
combo__trend__both__w15__ge_0.333333__volume__long__w15__ge_50000,combo,"{""family"": ""combo"", ""name"": ""combo__trend__both__w15__ge_0.333333__volume__long__w15__ge_50000"", ""relvol_lookback"": 20, ""relvol_min"": 0.0, ""relvol_mode"": ""off"", ""trend_min"": 0.333333, ""trend_mode"": ""both"", ""trend_window"": 15, ""volume_min"": 50000.0, ""volume_mode"": ""long"", ""volume_window"": 15}","{""ATRTimeFrame"": 15, ""ATR_Length"": 20, ""AllowFriday"": true, ""AllowMonday"": true, ""AllowThursday"": true, ""AllowTuesday"": true, ""AllowWednesday"": true, ""ApplyRelativeVolumeFilterToLongs"": false, ""ApplyRelativeVolumeFilterToShorts"": false, ""ApplyTrendEfficiencyFilterToLongs"": true, ""ApplyTrendEfficiencyFilterToShorts"": true, ""ApplyVolumeFilterToLongs"": true, ""ApplyVolumeFilterToShorts"": false, ""ContractsPerTrade"": 1.0, ""EntryStart_Hour"": 10, ""EntryStart_Minute"": 0, ""FilterAsPercOfContractMARange"": 0.3, ""LastEntry_Hour"": 15, ""LastEntry_Minute"": 0, ""MarketClose_Hour"": 18, ""MarketClose_Minute"": 0, ""MinDirectionalTrendEfficiency15m"": 0.333333, ""MinRelativeVolumeAtTime"": 0.0, ""MinSignalVolumeWindowSum"": 50000.0, ""MinutesBeforeMarketCloseToClosePositions"": 5, ""NumDaysToConsiderPreviousContractMARange"": 5, ""RelativeVolumeLookbackDays"": 20, ""RetracementLevel"": 0.25, ""SL_ATRMultiplier"": 0.78, ""TP_ATRMultiplier"": 0.36, ""TrendEfficiencyWindowMinutes"": 15, ""VolumeWindowMinutes"": 15}",2021-03-23,2026-03-20,1247,1375,0.7273,8535.0,6.21,43.61,-93.53,1.2433,8.28,6.21,1030.224706,2021-03-23,2024-09-16,872,1000,0.716,5045.0,5.04,45.61,-97.22,1.1827,8.28,5.04,608.961176,2024-09-17,2026-03-20,375,375,0.7573,3490.0,9.31,38.57,-82.03,1.4675,3.46,9.31,1009.291954,-5305.0,-0.47999999999999954,-0.03709999999999991,-0.6699999999999999,-547.1024600000001,-275.0,4.630000000000001,0.25170000000000003,-4.670000000000001,545.987787,-5580.0,0.9400000000000004,0.024600000000000177,-0.6699999999999999,-546.378021
combo__trend__both__w15__ge_0.333333__volume__short__w30__ge_30000,combo,"{""family"": ""combo"", ""name"": ""combo__trend__both__w15__ge_0.333333__volume__short__w30__ge_30000"", ""relvol_lookback"": 20, ""relvol_min"": 0.0, ""relvol_mode"": ""off"", ""trend_min"": 0.333333, ""trend_mode"": ""both"", ""trend_window"": 15, ""volume_min"": 30000.0, ""volume_mode"": ""short"", ""volume_window"": 30}","{""ATRTimeFrame"": 15, ""ATR_Length"": 20, ""AllowFriday"": true, ""AllowMonday"": true, ""AllowThursday"": true, ""AllowTuesday"": true, ""AllowWednesday"": true, ""ApplyRelativeVolumeFilterToLongs"": false, ""ApplyRelativeVolumeFilterToShorts"": false, ""ApplyTrendEfficiencyFilterToLongs"": true, ""ApplyTrendEfficiencyFilterToShorts"": true, ""ApplyVolumeFilterToLongs"": false, ""ApplyVolumeFilterToShorts"": true, ""ContractsPerTrade"": 1.0, ""EntryStart_Hour"": 10, ""EntryStart_Minute"": 0, ""FilterAsPercOfContractMARange"": 0.3, ""LastEntry_Hour"": 15, ""LastEntry_Minute"": 0, ""MarketClose_Hour"": 18, ""MarketClose_Minute"": 0, ""MinDirectionalTrendEfficiency15m"": 0.333333, ""MinRelativeVolumeAtTime"": 0.0, ""MinSignalVolumeWindowSum"": 30000.0, ""MinutesBeforeMarketCloseToClosePositions"": 5, ""NumDaysToConsiderPreviousContractMARange"": 5, ""RelativeVolumeLookbackDays"": 20, ""RetracementLevel"": 0.25, ""SL_ATRMultiplier"": 0.78, ""TP_ATRMultiplier"": 0.36, ""TrendEfficiencyWindowMinutes"": 15, ""VolumeWindowMinutes"": 30}",2021-03-23,2026-03-20,1247,2047,0.7274,11805.0,5.77,41.33,-89.12,1.2374,8.45,5.77,1396.997601,2021-03-23,2024-09-16,872,1445,0.7197,7245.0,5.01,43.07,-92.7,1.193,8.45,5.01,857.369557,2024-09-17,2026-03-20,375,602,0.7458,4560.0,7.57,37.29,-79.64,1.3742,5.99,7.57,761.820359,-3105.0,-0.5099999999999998,-0.026799999999999935,-0.5,-298.6940790000001,795.0,2.8900000000000006,0.1584000000000001,-2.1400000000000006,298.51619200000005,-2310.0,0.5,0.01870000000000016,-0.5,-179.60512599999993
combo__trend__long__w15__ge_0.333333__volume__both__w30__ge_50000,combo,"{""family"": ""combo"", ""name"": ""combo__trend__long__w15__ge_0.333333__volume__both__w30__ge_50000"", ""relvol_lookback"": 20, ""relvol_min"": 0.0, ""relvol_mode"": ""off"", ""trend_min"": 0.333333, ""trend_mode"": ""long"", ""trend_window"": 15, ""volume_min"": 50000.0, ""volume_mode"": ""both"", ""volume_window"": 30}","{""ATRTimeFrame"": 15, ""ATR_Length"": 20, ""AllowFriday"": true, ""AllowMonday"": true, ""AllowThursday"": true, ""AllowTuesday"": true, ""AllowWednesday"": true, ""ApplyRelativeVolumeFilterToLongs"": false, ""ApplyRelativeVolumeFilterToShorts"": false, ""ApplyTrendEfficiencyFilterToLongs"": true, ""ApplyTrendEfficiencyFilterToShorts"": false, ""ApplyVolumeFilterToLongs"": true, ""ApplyVolumeFilterToShorts"": true, ""ContractsPerTrade"": 1.0, ""EntryStart_Hour"": 10, ""EntryStart_Minute"": 0, ""FilterAsPercOfContractMARange"": 0.3, ""LastEntry_Hour"": 15, ""LastEntry_Minute"": 0, ""MarketClose_Hour"": 18, ""MarketClose_Minute"": 0, ""MinDirectionalTrendEfficiency15m"": 0.333333, ""MinRelativeVolumeAtTime"": 0.0, ""MinSignalVolumeWindowSum"": 50000.0, ""MinutesBeforeMarketCloseToClosePositions"": 5, ""NumDaysToConsiderPreviousContractMARange"": 5, ""RelativeVolumeLookbackDays"": 20, ""RetracementLevel"": 0.25, ""SL_ATRMultiplier"": 0.78, ""TP_ATRMultiplier"": 0.36, ""TrendEfficiencyWindowMinutes"": 15, ""VolumeWindowMinutes"": 30}",2021-03-23,2026-03-20,1247,1969,0.7308,12630.0,6.41,42.74,-92.23,1.2584,6.53,6.41,1934.980769,2021-03-23,2024-09-16,872,1428,0.729,9275.0,6.5,44.29,-95.18,1.2518,6.53,6.5,1420.977564,2024-09-17,2026-03-20,375,541,0.7357,3355.0,6.2,38.69,-84.23,1.2785,6.97,6.2,481.551902,-1075.0,0.9800000000000004,0.03200000000000003,-2.419999999999999,264.91392799999994,-410.0,1.5200000000000005,0.06269999999999998,-1.160000000000001,18.247734999999977,-1485.0,1.1400000000000006,0.03970000000000007,-2.419999999999999,358.37804200000005
combo__trend__long__w15__ge_0.333333__volume__long__w15__ge_50000,combo,"{""family"": ""combo"", ""name"": ""combo__trend__long__w15__ge_0.333333__volume__long__w15__ge_50000"", ""relvol_lookback"": 20, ""relvol_min"": 0.0, ""relvol_mode"": ""off"", ""trend_min"": 0.333333, ""trend_mode"": ""long"", ""trend_window"": 15, ""volume_min"": 50000.0, ""volume_mode"": ""long"", ""volume_window"": 15}","{""ATRTimeFrame"": 15, ""ATR_Length"": 20, ""AllowFriday"": true, ""AllowMonday"": true, ""AllowThursday"": true, ""AllowTuesday"": true, ""AllowWednesday"": true, ""ApplyRelativeVolumeFilterToLongs"": false, ""ApplyRelativeVolumeFilterToShorts"": false, ""ApplyTrendEfficiencyFilterToLongs"": true, ""ApplyTrendEfficiencyFilterToShorts"": false, ""ApplyVolumeFilterToLongs"": true, ""ApplyVolumeFilterToShorts"": false, ""ContractsPerTrade"": 1.0, ""EntryStart_Hour"": 10, ""EntryStart_Minute"": 0, ""FilterAsPercOfContractMARange"": 0.3, ""LastEntry_Hour"": 15, ""LastEntry_Minute"": 0, ""MarketClose_Hour"": 18, ""MarketClose_Minute"": 0, ""MinDirectionalTrendEfficiency15m"": 0.333333, ""MinRelativeVolumeAtTime"": 0.0, ""MinSignalVolumeWindowSum"": 50000.0, ""MinutesBeforeMarketCloseToClosePositions"": 5, ""NumDaysToConsiderPreviousContractMARange"": 5, ""RelativeVolumeLookbackDays"": 20, ""RetracementLevel"": 0.25, ""SL_ATRMultiplier"": 0.78, ""TP_ATRMultiplier"": 0.36, ""TrendEfficiencyWindowMinutes"": 15, ""VolumeWindowMinutes"": 15}",2021-03-23,2026-03-20,1247,1687,0.7291,10865.0,6.44,42.79,-91.4,1.2601,8.02,6.44,1354.476306,2021-03-23,2024-09-16,872,1204,0.7259,7565.0,6.28,44.79,-95.7,1.2396,8.02,6.28,943.084515,2024-09-17,2026-03-20,375,483,0.7371,3300.0,6.83,37.89,-80.24,1.3238,4.36,6.83,756.870968,-2785.0,0.7600000000000007,0.01980000000000004,-0.9299999999999997,-212.97912100000008,-465.0,2.1500000000000004,0.1080000000000001,-3.7700000000000005,293.56680099999994,-3250.0,1.1700000000000008,0.0414000000000001,-0.9299999999999997,-222.12642099999994
combo__trend__long__w15__ge_0.333333__volume__short__w30__ge_30000,combo,"{""family"": ""combo"", ""name"": ""combo__trend__long__w15__ge_0.333333__volume__short__w30__ge_30000"", ""relvol_lookback"": 20, ""relvol_min"": 0.0, ""relvol_mode"": ""off"", ""trend_min"": 0.333333, ""trend_mode"": ""long"", ""trend_window"": 15, ""volume_min"": 30000.0, ""volume_mode"": ""short"", ""volume_window"": 30}","{""ATRTimeFrame"": 15, ""ATR_Length"": 20, ""AllowFriday"": true, ""AllowMonday"": true, ""AllowThursday"": true, ""AllowTuesday"": true, ""AllowWednesday"": true, ""ApplyRelativeVolumeFilterToLongs"": false, ""ApplyRelativeVolumeFilterToShorts"": false, ""ApplyTrendEfficiencyFilterToLongs"": true, ""ApplyTrendEfficiencyFilterToShorts"": false, ""ApplyVolumeFilterToLongs"": false, ""ApplyVolumeFilterToShorts"": true, ""ContractsPerTrade"": 1.0, ""EntryStart_Hour"": 10, ""EntryStart_Minute"": 0, ""FilterAsPercOfContractMARange"": 0.3, ""LastEntry_Hour"": 15, ""LastEntry_Minute"": 0, ""MarketClose_Hour"": 18, ""MarketClose_Minute"": 0, ""MinDirectionalTrendEfficiency15m"": 0.333333, ""MinRelativeVolumeAtTime"": 0.0, ""MinSignalVolumeWindowSum"": 30000.0, ""MinutesBeforeMarketCloseToClosePositions"": 5, ""NumDaysToConsiderPreviousContractMARange"": 5, ""RelativeVolumeLookbackDays"": 20, ""RetracementLevel"": 0.25, ""SL_ATRMultiplier"": 0.78, ""TP_ATRMultiplier"": 0.36, ""TrendEfficiencyWindowMinutes"": 15, ""VolumeWindowMinutes"": 30}",2021-03-23,2026-03-20,1247,2344,0.7287,13910.0,5.93,41.1,-88.51,1.2471,8.53,5.93,1630.534915,2021-03-23,2024-09-16,872,1642,0.7253,9485.0,5.78,42.89,-92.23,1.228,8.53,5.78,1111.834915,2024-09-17,2026-03-20,375,702,0.7365,4425.0,6.3,36.99,-79.46,1.301,6.29,6.3,703.395954,-865.0,0.2600000000000007,0.008199999999999985,-0.41999999999999993,-44.22872100000018,660.0,1.62,0.08519999999999994,-1.8400000000000007,240.09178699999995,-205.0,0.6600000000000001,0.028400000000000203,-0.41999999999999993,53.932188
combo__trend__long__w15__ge_0.400000__volume__long__w15__ge_50000,combo,"{""family"": ""combo"", ""name"": ""combo__trend__long__w15__ge_0.400000__volume__long__w15__ge_50000"", ""relvol_lookback"": 20, ""relvol_min"": 0.0, ""relvol_mode"": ""off"", ""trend_min"": 0.4, ""trend_mode"": ""long"", ""trend_window"": 15, ""volume_min"": 50000.0, ""volume_mode"": ""long"", ""volume_window"": 15}","{""ATRTimeFrame"": 15, ""ATR_Length"": 20, ""AllowFriday"": true, ""AllowMonday"": true, ""AllowThursday"": true, ""AllowTuesday"": true, ""AllowWednesday"": true, ""ApplyRelativeVolumeFilterToLongs"": false, ""ApplyRelativeVolumeFilterToShorts"": false, ""ApplyTrendEfficiencyFilterToLongs"": true, ""ApplyTrendEfficiencyFilterToShorts"": false, ""ApplyVolumeFilterToLongs"": true, ""ApplyVolumeFilterToShorts"": false, ""ContractsPerTrade"": 1.0, ""EntryStart_Hour"": 10, ""EntryStart_Minute"": 0, ""FilterAsPercOfContractMARange"": 0.3, ""LastEntry_Hour"": 15, ""LastEntry_Minute"": 0, ""MarketClose_Hour"": 18, ""MarketClose_Minute"": 0, ""MinDirectionalTrendEfficiency15m"": 0.4, ""MinRelativeVolumeAtTime"": 0.0, ""MinSignalVolumeWindowSum"": 50000.0, ""MinutesBeforeMarketCloseToClosePositions"": 5, ""NumDaysToConsiderPreviousContractMARange"": 5, ""RelativeVolumeLookbackDays"": 20, ""RetracementLevel"": 0.25, ""SL_ATRMultiplier"": 0.78, ""TP_ATRMultiplier"": 0.36, ""TrendEfficiencyWindowMinutes"": 15, ""VolumeWindowMinutes"": 15}",2021-03-23,2026-03-20,1247,1647,0.7316,11300.0,6.86,42.71,-90.88,1.2813,6.41,6.86,1761.748837,2021-03-23,2024-09-16,872,1171,0.7301,8165.0,6.97,44.73,-95.17,1.2715,6.41,6.97,1272.980465,2024-09-17,2026-03-20,375,476,0.7353,3135.0,6.59,37.8,-80.12,1.3105,4.47,6.59,701.736161,-2185.0,1.4500000000000002,0.05170000000000008,-2.539999999999999,116.916829,-630.0,1.9100000000000001,0.0947,-3.660000000000001,238.43199400000003,-2815.0,1.5900000000000007,0.06260000000000021,-2.539999999999999,185.14611000000014
combo__trend__long__w15__ge_0.400000__volume__short__w30__ge_30000,combo,"{""family"": ""combo"", ""name"": ""combo__trend__long__w15__ge_0.400000__volume__short__w30__ge_30000"", ""relvol_lookback"": 20, ""relvol_min"": 0.0, ""relvol_mode"": ""off"", ""trend_min"": 0.4, ""trend_mode"": ""long"", ""trend_window"": 15, ""volume_min"": 30000.0, ""volume_mode"": ""short"", ""volume_window"": 30}","{""ATRTimeFrame"": 15, ""ATR_Length"": 20, ""AllowFriday"": true, ""AllowMonday"": true, ""AllowThursday"": true, ""AllowTuesday"": true, ""AllowWednesday"": true, ""ApplyRelativeVolumeFilterToLongs"": false, ""ApplyRelativeVolumeFilterToShorts"": false, ""ApplyTrendEfficiencyFilterToLongs"": true, ""ApplyTrendEfficiencyFilterToShorts"": false, ""ApplyVolumeFilterToLongs"": false, ""ApplyVolumeFilterToShorts"": true, ""ContractsPerTrade"": 1.0, ""EntryStart_Hour"": 10, ""EntryStart_Minute"": 0, ""FilterAsPercOfContractMARange"": 0.3, ""LastEntry_Hour"": 15, ""LastEntry_Minute"": 0, ""MarketClose_Hour"": 18, ""MarketClose_Minute"": 0, ""MinDirectionalTrendEfficiency15m"": 0.4, ""MinRelativeVolumeAtTime"": 0.0, ""MinSignalVolumeWindowSum"": 30000.0, ""MinutesBeforeMarketCloseToClosePositions"": 5, ""NumDaysToConsiderPreviousContractMARange"": 5, ""RelativeVolumeLookbackDays"": 20, ""RetracementLevel"": 0.25, ""SL_ATRMultiplier"": 0.78, ""TP_ATRMultiplier"": 0.36, ""TrendEfficiencyWindowMinutes"": 15, ""VolumeWindowMinutes"": 30}",2021-03-23,2026-03-20,1247,2185,0.7268,12990.0,5.95,41.43,-88.44,1.246,6.16,5.95,2110.212245,2021-03-23,2024-09-16,872,1533,0.7299,10080.0,6.58,43.14,-92.25,1.2639,6.16,6.58,1637.485714,2024-09-17,2026-03-20,375,652,0.7193,2910.0,4.46,37.36,-79.84,1.1992,7.66,4.46,380.037313,-270.0,1.0600000000000005,0.04410000000000003,-2.789999999999999,481.42207799999983,-855.0,-0.21999999999999975,-0.016599999999999948,-0.47000000000000064,-83.26685400000002,-1125.0,0.6800000000000006,0.027300000000000102,-2.789999999999999,533.6095180000002
combo__trend__both__w15__ge_0.333333__relvol__both__lb20__ge_1.00,combo,"{""family"": ""combo"", ""name"": ""combo__trend__both__w15__ge_0.333333__relvol__both__lb20__ge_1.00"", ""relvol_lookback"": 20, ""relvol_min"": 1.0, ""relvol_mode"": ""both"", ""trend_min"": 0.333333, ""trend_mode"": ""both"", ""trend_window"": 15, ""volume_min"": 0.0, ""volume_mode"": ""off"", ""volume_window"": 15}","{""ATRTimeFrame"": 15, ""ATR_Length"": 20, ""AllowFriday"": true, ""AllowMonday"": true, ""AllowThursday"": true, ""AllowTuesday"": true, ""AllowWednesday"": true, ""ApplyRelativeVolumeFilterToLongs"": true, ""ApplyRelativeVolumeFilterToShorts"": true, ""ApplyTrendEfficiencyFilterToLongs"": true, ""ApplyTrendEfficiencyFilterToShorts"": true, ""ApplyVolumeFilterToLongs"": false, ""ApplyVolumeFilterToShorts"": false, ""ContractsPerTrade"": 1.0, ""EntryStart_Hour"": 10, ""EntryStart_Minute"": 0, ""FilterAsPercOfContractMARange"": 0.3, ""LastEntry_Hour"": 15, ""LastEntry_Minute"": 0, ""MarketClose_Hour"": 18, ""MarketClose_Minute"": 0, ""MinDirectionalTrendEfficiency15m"": 0.333333, ""MinRelativeVolumeAtTime"": 1.0, ""MinSignalVolumeWindowSum"": 0.0, ""MinutesBeforeMarketCloseToClosePositions"": 5, ""NumDaysToConsiderPreviousContractMARange"": 5, ""RelativeVolumeLookbackDays"": 20, ""RetracementLevel"": 0.25, ""SL_ATRMultiplier"": 0.78, ""TP_ATRMultiplier"": 0.36, ""TrendEfficiencyWindowMinutes"": 15, ""VolumeWindowMinutes"": 15}",2021-03-23,2026-03-20,1247,1500,0.7273,8875.0,5.92,42.38,-91.34,1.2376,6.35,5.92,1398.557047,2021-03-23,2024-09-16,872,1064,0.7274,6545.0,6.15,44.05,-95.0,1.2376,6.35,6.15,1031.386577,2024-09-17,2026-03-20,375,436,0.7271,2330.0,5.34,38.3,-82.44,1.2375,6.46,5.34,360.506748,-3805.0,0.6300000000000008,0.017800000000000038,-2.5999999999999996,-124.6770590000001,-1435.0,0.6600000000000001,0.021700000000000053,-1.6700000000000008,-102.79741899999999,-5240.0,0.6500000000000004,0.01890000000000014,-2.5999999999999996,-178.04567999999995
combo__trend__both__w15__ge_0.333333__relvol__short__lb40__ge_0.85,combo,"{""family"": ""combo"", ""name"": ""combo__trend__both__w15__ge_0.333333__relvol__short__lb40__ge_0.85"", ""relvol_lookback"": 40, ""relvol_min"": 0.85, ""relvol_mode"": ""short"", ""trend_min"": 0.333333, ""trend_mode"": ""both"", ""trend_window"": 15, ""volume_min"": 0.0, ""volume_mode"": ""off"", ""volume_window"": 15}","{""ATRTimeFrame"": 15, ""ATR_Length"": 20, ""AllowFriday"": true, ""AllowMonday"": true, ""AllowThursday"": true, ""AllowTuesday"": true, ""AllowWednesday"": true, ""ApplyRelativeVolumeFilterToLongs"": false, ""ApplyRelativeVolumeFilterToShorts"": true, ""ApplyTrendEfficiencyFilterToLongs"": true, ""ApplyTrendEfficiencyFilterToShorts"": true, ""ApplyVolumeFilterToLongs"": false, ""ApplyVolumeFilterToShorts"": false, ""ContractsPerTrade"": 1.0, ""EntryStart_Hour"": 10, ""EntryStart_Minute"": 0, ""FilterAsPercOfContractMARange"": 0.3, ""LastEntry_Hour"": 15, ""LastEntry_Minute"": 0, ""MarketClose_Hour"": 18, ""MarketClose_Minute"": 0, ""MinDirectionalTrendEfficiency15m"": 0.333333, ""MinRelativeVolumeAtTime"": 0.85, ""MinSignalVolumeWindowSum"": 0.0, ""MinutesBeforeMarketCloseToClosePositions"": 5, ""NumDaysToConsiderPreviousContractMARange"": 5, ""RelativeVolumeLookbackDays"": 40, ""RetracementLevel"": 0.25, ""SL_ATRMultiplier"": 0.78, ""TP_ATRMultiplier"": 0.36, ""TrendEfficiencyWindowMinutes"": 15, ""VolumeWindowMinutes"": 15}",2021-03-23,2026-03-20,1247,1933,0.7279,11305.0,5.85,41.52,-89.57,1.2399,9.0,5.85,1256.021708,2021-03-23,2024-09-16,872,1371,0.7206,6940.0,5.06,43.17,-93.25,1.1943,9.0,5.06,771.056228,2024-09-17,2026-03-20,375,562,0.7456,4365.0,7.77,37.63,-79.72,1.3829,5.58,7.77,782.363694,-3410.0,-0.45999999999999996,-0.025500000000000078,0.05000000000000071,-385.00740800000005,600.0,3.09,0.16710000000000003,-2.5500000000000007,319.059527,-2810.0,0.5800000000000001,0.021200000000000108,0.05000000000000071,-320.58101899999997
combo__trend__both__w15__ge_0.333333__relvol__short__lb60__ge_0.85,combo,"{""family"": ""combo"", ""name"": ""combo__trend__both__w15__ge_0.333333__relvol__short__lb60__ge_0.85"", ""relvol_lookback"": 60, ""relvol_min"": 0.85, ""relvol_mode"": ""short"", ""trend_min"": 0.333333, ""trend_mode"": ""both"", ""trend_window"": 15, ""volume_min"": 0.0, ""volume_mode"": ""off"", ""volume_window"": 15}","{""ATRTimeFrame"": 15, ""ATR_Length"": 20, ""AllowFriday"": true, ""AllowMonday"": true, ""AllowThursday"": true, ""AllowTuesday"": true, ""AllowWednesday"": true, ""ApplyRelativeVolumeFilterToLongs"": false, ""ApplyRelativeVolumeFilterToShorts"": true, ""ApplyTrendEfficiencyFilterToLongs"": true, ""ApplyTrendEfficiencyFilterToShorts"": true, ""ApplyVolumeFilterToLongs"": false, ""ApplyVolumeFilterToShorts"": false, ""ContractsPerTrade"": 1.0, ""EntryStart_Hour"": 10, ""EntryStart_Minute"": 0, ""FilterAsPercOfContractMARange"": 0.3, ""LastEntry_Hour"": 15, ""LastEntry_Minute"": 0, ""MarketClose_Hour"": 18, ""MarketClose_Minute"": 0, ""MinDirectionalTrendEfficiency15m"": 0.333333, ""MinRelativeVolumeAtTime"": 0.85, ""MinSignalVolumeWindowSum"": 0.0, ""MinutesBeforeMarketCloseToClosePositions"": 5, ""NumDaysToConsiderPreviousContractMARange"": 5, ""RelativeVolumeLookbackDays"": 60, ""RetracementLevel"": 0.25, ""SL_ATRMultiplier"": 0.78, ""TP_ATRMultiplier"": 0.36, ""TrendEfficiencyWindowMinutes"": 15, ""VolumeWindowMinutes"": 15}",2021-03-23,2026-03-20,1247,1928,0.7272,11240.0,5.83,41.63,-89.59,1.2385,9.27,5.83,1212.149315,2021-03-23,2024-09-16,872,1368,0.7208,7025.0,5.14,43.31,-93.39,1.1969,9.27,5.14,757.593322,2024-09-17,2026-03-20,375,560,0.7429,4215.0,7.53,37.66,-79.51,1.3681,5.61,7.53,751.451274,-3325.0,-0.3799999999999999,-0.02289999999999992,0.3200000000000003,-398.47031400000014,450.0,2.8500000000000005,0.1523000000000001,-2.5200000000000005,288.147107,-2875.0,0.5600000000000005,0.01980000000000004,0.3200000000000003,-364.45341200000007
combo__trend__long__w15__ge_0.333333__relvol__both__lb20__ge_1.00,combo,"{""family"": ""combo"", ""name"": ""combo__trend__long__w15__ge_0.333333__relvol__both__lb20__ge_1.00"", ""relvol_lookback"": 20, ""relvol_min"": 1.0, ""relvol_mode"": ""both"", ""trend_min"": 0.333333, ""trend_mode"": ""long"", ""trend_window"": 15, ""volume_min"": 0.0, ""volume_mode"": ""off"", ""volume_window"": 15}","{""ATRTimeFrame"": 15, ""ATR_Length"": 20, ""AllowFriday"": true, ""AllowMonday"": true, ""AllowThursday"": true, ""AllowTuesday"": true, ""AllowWednesday"": true, ""ApplyRelativeVolumeFilterToLongs"": true, ""ApplyRelativeVolumeFilterToShorts"": true, ""ApplyTrendEfficiencyFilterToLongs"": true, ""ApplyTrendEfficiencyFilterToShorts"": false, ""ApplyVolumeFilterToLongs"": false, ""ApplyVolumeFilterToShorts"": false, ""ContractsPerTrade"": 1.0, ""EntryStart_Hour"": 10, ""EntryStart_Minute"": 0, ""FilterAsPercOfContractMARange"": 0.3, ""LastEntry_Hour"": 15, ""LastEntry_Minute"": 0, ""MarketClose_Hour"": 18, ""MarketClose_Minute"": 0, ""MinDirectionalTrendEfficiency15m"": 0.333333, ""MinRelativeVolumeAtTime"": 1.0, ""MinSignalVolumeWindowSum"": 0.0, ""MinutesBeforeMarketCloseToClosePositions"": 5, ""NumDaysToConsiderPreviousContractMARange"": 5, ""RelativeVolumeLookbackDays"": 20, ""RetracementLevel"": 0.25, ""SL_ATRMultiplier"": 0.78, ""TP_ATRMultiplier"": 0.36, ""TrendEfficiencyWindowMinutes"": 15, ""VolumeWindowMinutes"": 15}",2021-03-23,2026-03-20,1247,1648,0.7288,9975.0,6.05,42.36,-91.5,1.2439,5.24,6.05,1903.958333,2021-03-23,2024-09-16,872,1165,0.7313,7825.0,6.72,43.97,-94.68,1.264,5.24,6.72,1493.581349,2024-09-17,2026-03-20,375,483,0.7226,2150.0,4.45,38.44,-84.07,1.1909,7.3,4.45,294.384615,-2525.0,1.2000000000000002,0.04420000000000002,-3.709999999999999,337.51771299999996,-1615.0,-0.22999999999999954,-0.024899999999999922,-0.830000000000001,-168.919552,-4140.0,0.7800000000000002,0.02520000000000011,-3.709999999999999,327.3556060000001
combo__trend__long__w15__ge_0.333333__relvol__short__lb40__ge_0.85,combo,"{""family"": ""combo"", ""name"": ""combo__trend__long__w15__ge_0.333333__relvol__short__lb40__ge_0.85"", ""relvol_lookback"": 40, ""relvol_min"": 0.85, ""relvol_mode"": ""short"", ""trend_min"": 0.333333, ""trend_mode"": ""long"", ""trend_window"": 15, ""volume_min"": 0.0, ""volume_mode"": ""off"", ""volume_window"": 15}","{""ATRTimeFrame"": 15, ""ATR_Length"": 20, ""AllowFriday"": true, ""AllowMonday"": true, ""AllowThursday"": true, ""AllowTuesday"": true, ""AllowWednesday"": true, ""ApplyRelativeVolumeFilterToLongs"": false, ""ApplyRelativeVolumeFilterToShorts"": true, ""ApplyTrendEfficiencyFilterToLongs"": true, ""ApplyTrendEfficiencyFilterToShorts"": false, ""ApplyVolumeFilterToLongs"": false, ""ApplyVolumeFilterToShorts"": false, ""ContractsPerTrade"": 1.0, ""EntryStart_Hour"": 10, ""EntryStart_Minute"": 0, ""FilterAsPercOfContractMARange"": 0.3, ""LastEntry_Hour"": 15, ""LastEntry_Minute"": 0, ""MarketClose_Hour"": 18, ""MarketClose_Minute"": 0, ""MinDirectionalTrendEfficiency15m"": 0.333333, ""MinRelativeVolumeAtTime"": 0.85, ""MinSignalVolumeWindowSum"": 0.0, ""MinutesBeforeMarketCloseToClosePositions"": 5, ""NumDaysToConsiderPreviousContractMARange"": 5, ""RelativeVolumeLookbackDays"": 40, ""RetracementLevel"": 0.25, ""SL_ATRMultiplier"": 0.78, ""TP_ATRMultiplier"": 0.36, ""TrendEfficiencyWindowMinutes"": 15, ""VolumeWindowMinutes"": 15}",2021-03-23,2026-03-20,1247,2143,0.7294,12675.0,5.91,41.45,-89.84,1.2432,9.2,5.91,1378.458197,2021-03-23,2024-09-16,872,1511,0.724,8190.0,5.42,43.07,-93.36,1.2104,9.2,5.42,890.696066,2024-09-17,2026-03-20,375,632,0.7421,4485.0,7.1,37.67,-80.86,1.3403,5.64,7.1,794.606604,-2160.0,-0.09999999999999964,-0.009400000000000075,0.25,-265.3675700000001,720.0,2.42,0.12450000000000006,-2.490000000000001,331.30243699999994,-1440.0,0.6400000000000006,0.02450000000000019,0.25,-198.14453000000003
combo__trend__long__w15__ge_0.333333__relvol__short__lb60__ge_0.85,combo,"{""family"": ""combo"", ""name"": ""combo__trend__long__w15__ge_0.333333__relvol__short__lb60__ge_0.85"", ""relvol_lookback"": 60, ""relvol_min"": 0.85, ""relvol_mode"": ""short"", ""trend_min"": 0.333333, ""trend_mode"": ""long"", ""trend_window"": 15, ""volume_min"": 0.0, ""volume_mode"": ""off"", ""volume_window"": 15}","{""ATRTimeFrame"": 15, ""ATR_Length"": 20, ""AllowFriday"": true, ""AllowMonday"": true, ""AllowThursday"": true, ""AllowTuesday"": true, ""AllowWednesday"": true, ""ApplyRelativeVolumeFilterToLongs"": false, ""ApplyRelativeVolumeFilterToShorts"": true, ""ApplyTrendEfficiencyFilterToLongs"": true, ""ApplyTrendEfficiencyFilterToShorts"": false, ""ApplyVolumeFilterToLongs"": false, ""ApplyVolumeFilterToShorts"": false, ""ContractsPerTrade"": 1.0, ""EntryStart_Hour"": 10, ""EntryStart_Minute"": 0, ""FilterAsPercOfContractMARange"": 0.3, ""LastEntry_Hour"": 15, ""LastEntry_Minute"": 0, ""MarketClose_Hour"": 18, ""MarketClose_Minute"": 0, ""MinDirectionalTrendEfficiency15m"": 0.333333, ""MinRelativeVolumeAtTime"": 0.85, ""MinSignalVolumeWindowSum"": 0.0, ""MinutesBeforeMarketCloseToClosePositions"": 5, ""NumDaysToConsiderPreviousContractMARange"": 5, ""RelativeVolumeLookbackDays"": 60, ""RetracementLevel"": 0.25, ""SL_ATRMultiplier"": 0.78, ""TP_ATRMultiplier"": 0.36, ""TrendEfficiencyWindowMinutes"": 15, ""VolumeWindowMinutes"": 15}",2021-03-23,2026-03-20,1247,2136,0.7294,12905.0,6.04,41.63,-89.9,1.2484,9.38,6.04,1375.85269,2021-03-23,2024-09-16,872,1511,0.7247,8510.0,5.63,43.26,-93.43,1.219,9.38,5.63,907.284494,2024-09-17,2026-03-20,375,625,0.7408,4395.0,7.03,37.78,-80.83,1.3356,6.14,7.03,715.648266,-1840.0,0.11000000000000032,-0.0007999999999999119,0.4300000000000015,-248.7791420000001,630.0,2.3500000000000005,0.1197999999999999,-1.990000000000001,252.34409900000003,-1210.0,0.7700000000000005,0.02970000000000006,0.4300000000000015,-200.75003700000002
combo__trend__long__w15__ge_0.400000__relvol__both__lb20__ge_1.00,combo,"{""family"": ""combo"", ""name"": ""combo__trend__long__w15__ge_0.400000__relvol__both__lb20__ge_1.00"", ""relvol_lookback"": 20, ""relvol_min"": 1.0, ""relvol_mode"": ""both"", ""trend_min"": 0.4, ""trend_mode"": ""long"", ""trend_window"": 15, ""volume_min"": 0.0, ""volume_mode"": ""off"", ""volume_window"": 15}","{""ATRTimeFrame"": 15, ""ATR_Length"": 20, ""AllowFriday"": true, ""AllowMonday"": true, ""AllowThursday"": true, ""AllowTuesday"": true, ""AllowWednesday"": true, ""ApplyRelativeVolumeFilterToLongs"": true, ""ApplyRelativeVolumeFilterToShorts"": true, ""ApplyTrendEfficiencyFilterToLongs"": true, ""ApplyTrendEfficiencyFilterToShorts"": false, ""ApplyVolumeFilterToLongs"": false, ""ApplyVolumeFilterToShorts"": false, ""ContractsPerTrade"": 1.0, ""EntryStart_Hour"": 10, ""EntryStart_Minute"": 0, ""FilterAsPercOfContractMARange"": 0.3, ""LastEntry_Hour"": 15, ""LastEntry_Minute"": 0, ""MarketClose_Hour"": 18, ""MarketClose_Minute"": 0, ""MinDirectionalTrendEfficiency15m"": 0.4, ""MinRelativeVolumeAtTime"": 1.0, ""MinSignalVolumeWindowSum"": 0.0, ""MinutesBeforeMarketCloseToClosePositions"": 5, ""NumDaysToConsiderPreviousContractMARange"": 5, ""RelativeVolumeLookbackDays"": 20, ""RetracementLevel"": 0.25, ""SL_ATRMultiplier"": 0.78, ""TP_ATRMultiplier"": 0.36, ""TrendEfficiencyWindowMinutes"": 15, ""VolumeWindowMinutes"": 15}",2021-03-23,2026-03-20,1247,1558,0.7234,8655.0,5.56,42.63,-91.39,1.2197,6.64,5.56,1302.874809,2021-03-23,2024-09-16,872,1107,0.7308,7530.0,6.8,44.18,-94.68,1.2669,5.05,6.8,1490.461905,2024-09-17,2026-03-20,375,451,0.7051,1125.0,2.49,38.68,-84.02,1.1007,10.75,2.49,104.685115,-2820.0,1.2800000000000002,0.04709999999999992,-3.8999999999999995,334.3982689999998,-2640.0,-2.1899999999999995,-0.11509999999999998,2.619999999999999,-358.619052,-5460.0,0.29000000000000004,0.001000000000000112,-2.3099999999999996,-273.72791800000005
combo__trend__long__w15__ge_0.400000__relvol__short__lb40__ge_0.85,combo,"{""family"": ""combo"", ""name"": ""combo__trend__long__w15__ge_0.400000__relvol__short__lb40__ge_0.85"", ""relvol_lookback"": 40, ""relvol_min"": 0.85, ""relvol_mode"": ""short"", ""trend_min"": 0.4, ""trend_mode"": ""long"", ""trend_window"": 15, ""volume_min"": 0.0, ""volume_mode"": ""off"", ""volume_window"": 15}","{""ATRTimeFrame"": 15, ""ATR_Length"": 20, ""AllowFriday"": true, ""AllowMonday"": true, ""AllowThursday"": true, ""AllowTuesday"": true, ""AllowWednesday"": true, ""ApplyRelativeVolumeFilterToLongs"": false, ""ApplyRelativeVolumeFilterToShorts"": true, ""ApplyTrendEfficiencyFilterToLongs"": true, ""ApplyTrendEfficiencyFilterToShorts"": false, ""ApplyVolumeFilterToLongs"": false, ""ApplyVolumeFilterToShorts"": false, ""ContractsPerTrade"": 1.0, ""EntryStart_Hour"": 10, ""EntryStart_Minute"": 0, ""FilterAsPercOfContractMARange"": 0.3, ""LastEntry_Hour"": 15, ""LastEntry_Minute"": 0, ""MarketClose_Hour"": 18, ""MarketClose_Minute"": 0, ""MinDirectionalTrendEfficiency15m"": 0.4, ""MinRelativeVolumeAtTime"": 0.85, ""MinSignalVolumeWindowSum"": 0.0, ""MinutesBeforeMarketCloseToClosePositions"": 5, ""NumDaysToConsiderPreviousContractMARange"": 5, ""RelativeVolumeLookbackDays"": 40, ""RetracementLevel"": 0.25, ""SL_ATRMultiplier"": 0.78, ""TP_ATRMultiplier"": 0.36, ""TrendEfficiencyWindowMinutes"": 15, ""VolumeWindowMinutes"": 15}",2021-03-23,2026-03-20,1247,1984,0.7273,11755.0,5.92,41.84,-89.86,1.2418,5.91,5.92,1988.655155,2021-03-23,2024-09-16,872,1402,0.729,8785.0,6.27,43.36,-93.49,1.2473,5.91,6.27,1486.204639,2024-09-17,2026-03-20,375,582,0.7234,2970.0,5.1,38.15,-81.3,1.2269,7.86,5.1,377.795261,-1565.0,0.75,0.02750000000000008,-3.039999999999999,330.14100299999996,-795.0,0.41999999999999993,0.01110000000000011,-0.27000000000000046,-85.50890600000002,-2360.0,0.6500000000000004,0.02310000000000012,-3.039999999999999,412.05242799999996
combo__trend__long__w15__ge_0.400000__relvol__short__lb60__ge_0.85,combo,"{""family"": ""combo"", ""name"": ""combo__trend__long__w15__ge_0.400000__relvol__short__lb60__ge_0.85"", ""relvol_lookback"": 60, ""relvol_min"": 0.85, ""relvol_mode"": ""short"", ""trend_min"": 0.4, ""trend_mode"": ""long"", ""trend_window"": 15, ""volume_min"": 0.0, ""volume_mode"": ""off"", ""volume_window"": 15}","{""ATRTimeFrame"": 15, ""ATR_Length"": 20, ""AllowFriday"": true, ""AllowMonday"": true, ""AllowThursday"": true, ""AllowTuesday"": true, ""AllowWednesday"": true, ""ApplyRelativeVolumeFilterToLongs"": false, ""ApplyRelativeVolumeFilterToShorts"": true, ""ApplyTrendEfficiencyFilterToLongs"": true, ""ApplyTrendEfficiencyFilterToShorts"": false, ""ApplyVolumeFilterToLongs"": false, ""ApplyVolumeFilterToShorts"": false, ""ContractsPerTrade"": 1.0, ""EntryStart_Hour"": 10, ""EntryStart_Minute"": 0, ""FilterAsPercOfContractMARange"": 0.3, ""LastEntry_Hour"": 15, ""LastEntry_Minute"": 0, ""MarketClose_Hour"": 18, ""MarketClose_Minute"": 0, ""MinDirectionalTrendEfficiency15m"": 0.4, ""MinRelativeVolumeAtTime"": 0.85, ""MinSignalVolumeWindowSum"": 0.0, ""MinutesBeforeMarketCloseToClosePositions"": 5, ""NumDaysToConsiderPreviousContractMARange"": 5, ""RelativeVolumeLookbackDays"": 60, ""RetracementLevel"": 0.25, ""SL_ATRMultiplier"": 0.78, ""TP_ATRMultiplier"": 0.36, ""TrendEfficiencyWindowMinutes"": 15, ""VolumeWindowMinutes"": 15}",2021-03-23,2026-03-20,1247,1977,0.7274,11985.0,6.06,42.04,-89.92,1.2473,6.15,6.06,1949.170244,2021-03-23,2024-09-16,872,1402,0.7297,9105.0,6.49,43.56,-93.56,1.2568,6.15,6.49,1480.783902,2024-09-17,2026-03-20,375,575,0.7217,2880.0,5.01,38.28,-81.28,1.2215,8.53,5.01,337.551092,-1245.0,0.9700000000000006,0.03699999999999992,-2.799999999999999,324.7202659999998,-885.0,0.33000000000000007,0.005700000000000038,0.3999999999999986,-125.75307500000002,-2130.0,0.79,0.02860000000000018,-2.799999999999999,372.56751699999995
combo__volume__both__w30__ge_50000__relvol__both__lb20__ge_1.00,combo,"{""family"": ""combo"", ""name"": ""combo__volume__both__w30__ge_50000__relvol__both__lb20__ge_1.00"", ""relvol_lookback"": 20, ""relvol_min"": 1.0, ""relvol_mode"": ""both"", ""trend_min"": 0.0, ""trend_mode"": ""off"", ""trend_window"": 15, ""volume_min"": 50000.0, ""volume_mode"": ""both"", ""volume_window"": 30}","{""ATRTimeFrame"": 15, ""ATR_Length"": 20, ""AllowFriday"": true, ""AllowMonday"": true, ""AllowThursday"": true, ""AllowTuesday"": true, ""AllowWednesday"": true, ""ApplyRelativeVolumeFilterToLongs"": true, ""ApplyRelativeVolumeFilterToShorts"": true, ""ApplyTrendEfficiencyFilterToLongs"": false, ""ApplyTrendEfficiencyFilterToShorts"": false, ""ApplyVolumeFilterToLongs"": true, ""ApplyVolumeFilterToShorts"": true, ""ContractsPerTrade"": 1.0, ""EntryStart_Hour"": 10, ""EntryStart_Minute"": 0, ""FilterAsPercOfContractMARange"": 0.3, ""LastEntry_Hour"": 15, ""LastEntry_Minute"": 0, ""MarketClose_Hour"": 18, ""MarketClose_Minute"": 0, ""MinDirectionalTrendEfficiency15m"": 0.0, ""MinRelativeVolumeAtTime"": 1.0, ""MinSignalVolumeWindowSum"": 50000.0, ""MinutesBeforeMarketCloseToClosePositions"": 5, ""NumDaysToConsiderPreviousContractMARange"": 5, ""RelativeVolumeLookbackDays"": 20, ""RetracementLevel"": 0.25, ""SL_ATRMultiplier"": 0.78, ""TP_ATRMultiplier"": 0.36, ""TrendEfficiencyWindowMinutes"": 15, ""VolumeWindowMinutes"": 30}",2021-03-23,2026-03-20,1247,1450,0.72,6725.0,4.64,43.52,-95.33,1.1738,9.58,4.64,702.215116,2021-03-23,2024-09-16,872,1050,0.72,5255.0,5.0,44.92,-97.64,1.1831,9.58,5.0,548.719767,2024-09-17,2026-03-20,375,400,0.72,1470.0,3.67,39.83,-89.29,1.147,8.75,3.67,167.98877,-5095.0,-0.5199999999999996,-0.036699999999999955,0.6300000000000008,-607.343869,-2295.0,-1.0099999999999998,-0.06879999999999997,0.6199999999999992,-295.315397,-7390.0,-0.6299999999999999,-0.04489999999999994,0.6300000000000008,-874.387611
combo__volume__both__w30__ge_50000__relvol__short__lb40__ge_0.85,combo,"{""family"": ""combo"", ""name"": ""combo__volume__both__w30__ge_50000__relvol__short__lb40__ge_0.85"", ""relvol_lookback"": 40, ""relvol_min"": 0.85, ""relvol_mode"": ""short"", ""trend_min"": 0.0, ""trend_mode"": ""off"", ""trend_window"": 15, ""volume_min"": 50000.0, ""volume_mode"": ""both"", ""volume_window"": 30}","{""ATRTimeFrame"": 15, ""ATR_Length"": 20, ""AllowFriday"": true, ""AllowMonday"": true, ""AllowThursday"": true, ""AllowTuesday"": true, ""AllowWednesday"": true, ""ApplyRelativeVolumeFilterToLongs"": false, ""ApplyRelativeVolumeFilterToShorts"": true, ""ApplyTrendEfficiencyFilterToLongs"": false, ""ApplyTrendEfficiencyFilterToShorts"": false, ""ApplyVolumeFilterToLongs"": true, ""ApplyVolumeFilterToShorts"": true, ""ContractsPerTrade"": 1.0, ""EntryStart_Hour"": 10, ""EntryStart_Minute"": 0, ""FilterAsPercOfContractMARange"": 0.3, ""LastEntry_Hour"": 15, ""LastEntry_Minute"": 0, ""MarketClose_Hour"": 18, ""MarketClose_Minute"": 0, ""MinDirectionalTrendEfficiency15m"": 0.0, ""MinRelativeVolumeAtTime"": 0.85, ""MinSignalVolumeWindowSum"": 50000.0, ""MinutesBeforeMarketCloseToClosePositions"": 5, ""NumDaysToConsiderPreviousContractMARange"": 5, ""RelativeVolumeLookbackDays"": 40, ""RetracementLevel"": 0.25, ""SL_ATRMultiplier"": 0.78, ""TP_ATRMultiplier"": 0.36, ""TrendEfficiencyWindowMinutes"": 15, ""VolumeWindowMinutes"": 30}",2021-03-23,2026-03-20,1247,2052,0.7256,11375.0,5.54,42.6,-92.45,1.2185,7.99,5.54,1423.836207,2021-03-23,2024-09-16,872,1498,0.7236,8565.0,5.72,44.1,-94.77,1.2183,7.99,5.72,1072.101724,2024-09-17,2026-03-20,375,554,0.731,2810.0,5.07,38.58,-86.01,1.2193,8.36,5.07,336.258852,-1785.0,0.20000000000000018,-0.0015000000000000568,-0.9599999999999991,-83.96191199999998,-955.0,0.39000000000000057,0.0035000000000000586,0.22999999999999865,-127.04531500000002,-2740.0,0.27000000000000046,-0.00019999999999997797,-0.9599999999999991,-152.7665199999999
combo__volume__both__w30__ge_50000__relvol__short__lb60__ge_0.85,combo,"{""family"": ""combo"", ""name"": ""combo__volume__both__w30__ge_50000__relvol__short__lb60__ge_0.85"", ""relvol_lookback"": 60, ""relvol_min"": 0.85, ""relvol_mode"": ""short"", ""trend_min"": 0.0, ""trend_mode"": ""off"", ""trend_window"": 15, ""volume_min"": 50000.0, ""volume_mode"": ""both"", ""volume_window"": 30}","{""ATRTimeFrame"": 15, ""ATR_Length"": 20, ""AllowFriday"": true, ""AllowMonday"": true, ""AllowThursday"": true, ""AllowTuesday"": true, ""AllowWednesday"": true, ""ApplyRelativeVolumeFilterToLongs"": false, ""ApplyRelativeVolumeFilterToShorts"": true, ""ApplyTrendEfficiencyFilterToLongs"": false, ""ApplyTrendEfficiencyFilterToShorts"": false, ""ApplyVolumeFilterToLongs"": true, ""ApplyVolumeFilterToShorts"": true, ""ContractsPerTrade"": 1.0, ""EntryStart_Hour"": 10, ""EntryStart_Minute"": 0, ""FilterAsPercOfContractMARange"": 0.3, ""LastEntry_Hour"": 15, ""LastEntry_Minute"": 0, ""MarketClose_Hour"": 18, ""MarketClose_Minute"": 0, ""MinDirectionalTrendEfficiency15m"": 0.0, ""MinRelativeVolumeAtTime"": 0.85, ""MinSignalVolumeWindowSum"": 50000.0, ""MinutesBeforeMarketCloseToClosePositions"": 5, ""NumDaysToConsiderPreviousContractMARange"": 5, ""RelativeVolumeLookbackDays"": 60, ""RetracementLevel"": 0.25, ""SL_ATRMultiplier"": 0.78, ""TP_ATRMultiplier"": 0.36, ""TrendEfficiencyWindowMinutes"": 15, ""VolumeWindowMinutes"": 30}",2021-03-23,2026-03-20,1247,2043,0.7269,11460.0,5.61,42.65,-92.97,1.2209,7.95,5.61,1441.588966,2021-03-23,2024-09-16,872,1492,0.7239,8395.0,5.63,44.1,-95.22,1.214,7.95,5.63,1056.033103,2024-09-17,2026-03-20,375,551,0.735,3065.0,5.56,38.8,-86.64,1.2423,8.24,5.56,371.797826,-1955.0,0.11000000000000032,-0.005800000000000027,-0.9999999999999991,-100.0305330000001,-700.0,0.8799999999999999,0.026499999999999968,0.10999999999999943,-91.50634100000002,-2655.0,0.34000000000000075,0.002200000000000202,-0.9999999999999991,-135.01376099999993
combo__volume__long__w15__ge_50000__relvol__both__lb20__ge_1.00,combo,"{""family"": ""combo"", ""name"": ""combo__volume__long__w15__ge_50000__relvol__both__lb20__ge_1.00"", ""relvol_lookback"": 20, ""relvol_min"": 1.0, ""relvol_mode"": ""both"", ""trend_min"": 0.0, ""trend_mode"": ""off"", ""trend_window"": 15, ""volume_min"": 50000.0, ""volume_mode"": ""long"", ""volume_window"": 15}","{""ATRTimeFrame"": 15, ""ATR_Length"": 20, ""AllowFriday"": true, ""AllowMonday"": true, ""AllowThursday"": true, ""AllowTuesday"": true, ""AllowWednesday"": true, ""ApplyRelativeVolumeFilterToLongs"": true, ""ApplyRelativeVolumeFilterToShorts"": true, ""ApplyTrendEfficiencyFilterToLongs"": false, ""ApplyTrendEfficiencyFilterToShorts"": false, ""ApplyVolumeFilterToLongs"": true, ""ApplyVolumeFilterToShorts"": false, ""ContractsPerTrade"": 1.0, ""EntryStart_Hour"": 10, ""EntryStart_Minute"": 0, ""FilterAsPercOfContractMARange"": 0.3, ""LastEntry_Hour"": 15, ""LastEntry_Minute"": 0, ""MarketClose_Hour"": 18, ""MarketClose_Minute"": 0, ""MinDirectionalTrendEfficiency15m"": 0.0, ""MinRelativeVolumeAtTime"": 1.0, ""MinSignalVolumeWindowSum"": 50000.0, ""MinutesBeforeMarketCloseToClosePositions"": 5, ""NumDaysToConsiderPreviousContractMARange"": 5, ""RelativeVolumeLookbackDays"": 20, ""RetracementLevel"": 0.25, ""SL_ATRMultiplier"": 0.78, ""TP_ATRMultiplier"": 0.36, ""TrendEfficiencyWindowMinutes"": 15, ""VolumeWindowMinutes"": 15}",2021-03-23,2026-03-20,1247,1275,0.7388,9795.0,7.68,44.38,-96.13,1.306,5.34,7.68,1835.955372,2021-03-23,2024-09-16,872,940,0.7404,7870.0,8.37,46.0,-98.95,1.3259,5.34,8.37,1475.13719,2024-09-17,2026-03-20,375,335,0.7343,1925.0,5.75,39.8,-88.37,1.2448,5.59,5.75,344.379237,-2480.0,2.8499999999999996,0.10610000000000008,-3.6099999999999994,319.07355399999983,-1840.0,1.0700000000000003,0.028999999999999915,-2.540000000000001,-118.92493000000002,-4320.0,2.41,0.08730000000000016,-3.6099999999999994,259.35264499999994
combo__volume__long__w15__ge_50000__relvol__short__lb40__ge_0.85,combo,"{""family"": ""combo"", ""name"": ""combo__volume__long__w15__ge_50000__relvol__short__lb40__ge_0.85"", ""relvol_lookback"": 40, ""relvol_min"": 0.85, ""relvol_mode"": ""short"", ""trend_min"": 0.0, ""trend_mode"": ""off"", ""trend_window"": 15, ""volume_min"": 50000.0, ""volume_mode"": ""long"", ""volume_window"": 15}","{""ATRTimeFrame"": 15, ""ATR_Length"": 20, ""AllowFriday"": true, ""AllowMonday"": true, ""AllowThursday"": true, ""AllowTuesday"": true, ""AllowWednesday"": true, ""ApplyRelativeVolumeFilterToLongs"": false, ""ApplyRelativeVolumeFilterToShorts"": true, ""ApplyTrendEfficiencyFilterToLongs"": false, ""ApplyTrendEfficiencyFilterToShorts"": false, ""ApplyVolumeFilterToLongs"": true, ""ApplyVolumeFilterToShorts"": false, ""ContractsPerTrade"": 1.0, ""EntryStart_Hour"": 10, ""EntryStart_Minute"": 0, ""FilterAsPercOfContractMARange"": 0.3, ""LastEntry_Hour"": 15, ""LastEntry_Minute"": 0, ""MarketClose_Hour"": 18, ""MarketClose_Minute"": 0, ""MinDirectionalTrendEfficiency15m"": 0.0, ""MinRelativeVolumeAtTime"": 0.85, ""MinSignalVolumeWindowSum"": 50000.0, ""MinutesBeforeMarketCloseToClosePositions"": 5, ""NumDaysToConsiderPreviousContractMARange"": 5, ""RelativeVolumeLookbackDays"": 40, ""RetracementLevel"": 0.25, ""SL_ATRMultiplier"": 0.78, ""TP_ATRMultiplier"": 0.36, ""TrendEfficiencyWindowMinutes"": 15, ""VolumeWindowMinutes"": 15}",2021-03-23,2026-03-20,1247,1517,0.7304,9445.0,6.23,43.87,-95.76,1.2412,10.02,6.23,942.459414,2021-03-23,2024-09-16,872,1118,0.7236,6295.0,5.63,45.55,-98.88,1.206,10.02,5.63,628.139969,2024-09-17,2026-03-20,375,399,0.7494,3150.0,7.89,39.33,-86.1,1.3659,5.2,7.89,606.162162,-4055.0,0.11000000000000032,-0.013800000000000034,1.0700000000000003,-527.9236670000001,-615.0,3.21,0.1500999999999999,-2.9300000000000006,142.85799499999996,-4670.0,0.9600000000000009,0.022500000000000187,1.0700000000000003,-634.1433129999999
combo__volume__long__w15__ge_50000__relvol__short__lb60__ge_0.85,combo,"{""family"": ""combo"", ""name"": ""combo__volume__long__w15__ge_50000__relvol__short__lb60__ge_0.85"", ""relvol_lookback"": 60, ""relvol_min"": 0.85, ""relvol_mode"": ""short"", ""trend_min"": 0.0, ""trend_mode"": ""off"", ""trend_window"": 15, ""volume_min"": 50000.0, ""volume_mode"": ""long"", ""volume_window"": 15}","{""ATRTimeFrame"": 15, ""ATR_Length"": 20, ""AllowFriday"": true, ""AllowMonday"": true, ""AllowThursday"": true, ""AllowTuesday"": true, ""AllowWednesday"": true, ""ApplyRelativeVolumeFilterToLongs"": false, ""ApplyRelativeVolumeFilterToShorts"": true, ""ApplyTrendEfficiencyFilterToLongs"": false, ""ApplyTrendEfficiencyFilterToShorts"": false, ""ApplyVolumeFilterToLongs"": true, ""ApplyVolumeFilterToShorts"": false, ""ContractsPerTrade"": 1.0, ""EntryStart_Hour"": 10, ""EntryStart_Minute"": 0, ""FilterAsPercOfContractMARange"": 0.3, ""LastEntry_Hour"": 15, ""LastEntry_Minute"": 0, ""MarketClose_Hour"": 18, ""MarketClose_Minute"": 0, ""MinDirectionalTrendEfficiency15m"": 0.0, ""MinRelativeVolumeAtTime"": 0.85, ""MinSignalVolumeWindowSum"": 50000.0, ""MinutesBeforeMarketCloseToClosePositions"": 5, ""NumDaysToConsiderPreviousContractMARange"": 5, ""RelativeVolumeLookbackDays"": 60, ""RetracementLevel"": 0.25, ""SL_ATRMultiplier"": 0.78, ""TP_ATRMultiplier"": 0.36, ""TrendEfficiencyWindowMinutes"": 15, ""VolumeWindowMinutes"": 15}",2021-03-23,2026-03-20,1247,1510,0.7305,9675.0,6.41,44.14,-95.86,1.248,10.2,6.41,948.727612,2021-03-23,2024-09-16,872,1118,0.7245,6615.0,5.92,45.81,-98.99,1.217,10.2,5.92,648.664925,2024-09-17,2026-03-20,375,392,0.7474,3060.0,7.81,39.54,-86.11,1.3589,5.18,7.81,590.772973,-3735.0,0.40000000000000036,-0.0027999999999999137,1.25,-507.39871100000005,-705.0,3.13,0.1431,-2.950000000000001,127.46880599999997,-4440.0,1.1400000000000006,0.029300000000000104,1.25,-627.8751149999999
combo__volume__short__w30__ge_30000__relvol__both__lb20__ge_1.00,combo,"{""family"": ""combo"", ""name"": ""combo__volume__short__w30__ge_30000__relvol__both__lb20__ge_1.00"", ""relvol_lookback"": 20, ""relvol_min"": 1.0, ""relvol_mode"": ""both"", ""trend_min"": 0.0, ""trend_mode"": ""off"", ""trend_window"": 15, ""volume_min"": 30000.0, ""volume_mode"": ""short"", ""volume_window"": 30}","{""ATRTimeFrame"": 15, ""ATR_Length"": 20, ""AllowFriday"": true, ""AllowMonday"": true, ""AllowThursday"": true, ""AllowTuesday"": true, ""AllowWednesday"": true, ""ApplyRelativeVolumeFilterToLongs"": true, ""ApplyRelativeVolumeFilterToShorts"": true, ""ApplyTrendEfficiencyFilterToLongs"": false, ""ApplyTrendEfficiencyFilterToShorts"": false, ""ApplyVolumeFilterToLongs"": false, ""ApplyVolumeFilterToShorts"": true, ""ContractsPerTrade"": 1.0, ""EntryStart_Hour"": 10, ""EntryStart_Minute"": 0, ""FilterAsPercOfContractMARange"": 0.3, ""LastEntry_Hour"": 15, ""LastEntry_Minute"": 0, ""MarketClose_Hour"": 18, ""MarketClose_Minute"": 0, ""MinDirectionalTrendEfficiency15m"": 0.0, ""MinRelativeVolumeAtTime"": 1.0, ""MinSignalVolumeWindowSum"": 30000.0, ""MinutesBeforeMarketCloseToClosePositions"": 5, ""NumDaysToConsiderPreviousContractMARange"": 5, ""RelativeVolumeLookbackDays"": 20, ""RetracementLevel"": 0.25, ""SL_ATRMultiplier"": 0.78, ""TP_ATRMultiplier"": 0.36, ""TrendEfficiencyWindowMinutes"": 15, ""VolumeWindowMinutes"": 30}",2021-03-23,2026-03-20,1247,1610,0.7174,6780.0,4.21,42.48,-92.92,1.1604,9.38,4.21,722.738776,2021-03-23,2024-09-16,872,1144,0.7177,5275.0,4.61,44.07,-95.7,1.1707,9.38,4.61,562.307823,2024-09-17,2026-03-20,375,466,0.7167,1505.0,3.23,38.55,-86.14,1.1324,8.77,3.23,171.57,-5075.0,-0.9099999999999993,-0.04909999999999992,0.4300000000000015,-593.7558130000001,-2260.0,-1.4499999999999997,-0.08339999999999992,0.6399999999999988,-291.734167,-7335.0,-1.0599999999999996,-0.058299999999999796,0.4300000000000015,-853.8639509999999
combo__volume__short__w30__ge_30000__relvol__short__lb40__ge_0.85,combo,"{""family"": ""combo"", ""name"": ""combo__volume__short__w30__ge_30000__relvol__short__lb40__ge_0.85"", ""relvol_lookback"": 40, ""relvol_min"": 0.85, ""relvol_mode"": ""short"", ""trend_min"": 0.0, ""trend_mode"": ""off"", ""trend_window"": 15, ""volume_min"": 30000.0, ""volume_mode"": ""short"", ""volume_window"": 30}","{""ATRTimeFrame"": 15, ""ATR_Length"": 20, ""AllowFriday"": true, ""AllowMonday"": true, ""AllowThursday"": true, ""AllowTuesday"": true, ""AllowWednesday"": true, ""ApplyRelativeVolumeFilterToLongs"": false, ""ApplyRelativeVolumeFilterToShorts"": true, ""ApplyTrendEfficiencyFilterToLongs"": false, ""ApplyTrendEfficiencyFilterToShorts"": false, ""ApplyVolumeFilterToLongs"": false, ""ApplyVolumeFilterToShorts"": true, ""ContractsPerTrade"": 1.0, ""EntryStart_Hour"": 10, ""EntryStart_Minute"": 0, ""FilterAsPercOfContractMARange"": 0.3, ""LastEntry_Hour"": 15, ""LastEntry_Minute"": 0, ""MarketClose_Hour"": 18, ""MarketClose_Minute"": 0, ""MinDirectionalTrendEfficiency15m"": 0.0, ""MinRelativeVolumeAtTime"": 0.85, ""MinSignalVolumeWindowSum"": 30000.0, ""MinutesBeforeMarketCloseToClosePositions"": 5, ""NumDaysToConsiderPreviousContractMARange"": 5, ""RelativeVolumeLookbackDays"": 40, ""RetracementLevel"": 0.25, ""SL_ATRMultiplier"": 0.78, ""TP_ATRMultiplier"": 0.36, ""TrendEfficiencyWindowMinutes"": 15, ""VolumeWindowMinutes"": 30}",2021-03-23,2026-03-20,1247,2398,0.7248,12525.0,5.22,41.05,-89.13,1.2129,10.01,5.22,1251.07265,2021-03-23,2024-09-16,872,1697,0.7219,8820.0,5.2,42.71,-92.17,1.2027,10.01,5.2,880.994872,2024-09-17,2026-03-20,375,701,0.7318,3705.0,5.29,37.09,-81.49,1.2418,7.42,5.29,499.488889,-1530.0,-0.3199999999999994,-0.017099999999999893,1.0600000000000005,-275.0687640000001,-60.0,0.6100000000000003,0.026000000000000023,-0.7100000000000009,36.184721999999965,-1590.0,-0.04999999999999982,-0.005799999999999805,1.0600000000000005,-325.5300769999999
combo__volume__short__w30__ge_30000__relvol__short__lb60__ge_0.85,combo,"{""family"": ""combo"", ""name"": ""combo__volume__short__w30__ge_30000__relvol__short__lb60__ge_0.85"", ""relvol_lookback"": 60, ""relvol_min"": 0.85, ""relvol_mode"": ""short"", ""trend_min"": 0.0, ""trend_mode"": ""off"", ""trend_window"": 15, ""volume_min"": 30000.0, ""volume_mode"": ""short"", ""volume_window"": 30}","{""ATRTimeFrame"": 15, ""ATR_Length"": 20, ""AllowFriday"": true, ""AllowMonday"": true, ""AllowThursday"": true, ""AllowTuesday"": true, ""AllowWednesday"": true, ""ApplyRelativeVolumeFilterToLongs"": false, ""ApplyRelativeVolumeFilterToShorts"": true, ""ApplyTrendEfficiencyFilterToLongs"": false, ""ApplyTrendEfficiencyFilterToShorts"": false, ""ApplyVolumeFilterToLongs"": false, ""ApplyVolumeFilterToShorts"": true, ""ContractsPerTrade"": 1.0, ""EntryStart_Hour"": 10, ""EntryStart_Minute"": 0, ""FilterAsPercOfContractMARange"": 0.3, ""LastEntry_Hour"": 15, ""LastEntry_Minute"": 0, ""MarketClose_Hour"": 18, ""MarketClose_Minute"": 0, ""MinDirectionalTrendEfficiency15m"": 0.0, ""MinRelativeVolumeAtTime"": 0.85, ""MinSignalVolumeWindowSum"": 30000.0, ""MinutesBeforeMarketCloseToClosePositions"": 5, ""NumDaysToConsiderPreviousContractMARange"": 5, ""RelativeVolumeLookbackDays"": 60, ""RetracementLevel"": 0.25, ""SL_ATRMultiplier"": 0.78, ""TP_ATRMultiplier"": 0.36, ""TrendEfficiencyWindowMinutes"": 15, ""VolumeWindowMinutes"": 30}",2021-03-23,2026-03-20,1247,2390,0.7234,12075.0,5.05,41.14,-89.33,1.2045,9.99,5.05,1208.188034,2021-03-23,2024-09-16,872,1692,0.7199,8305.0,4.91,42.75,-92.34,1.1897,9.99,4.91,830.973219,2024-09-17,2026-03-20,375,698,0.7321,3770.0,5.4,37.28,-81.71,1.2467,7.32,5.4,515.233333,-2045.0,-0.6099999999999994,-0.030100000000000016,1.040000000000001,-325.0904170000001,5.0,0.7200000000000006,0.030899999999999928,-0.8100000000000005,51.92916600000001,-2040.0,-0.21999999999999975,-0.01419999999999999,1.040000000000001,-368.41469299999994
combo__trend__both__w15__ge_0.333333__volume__both__w30__ge_50000__relvol__both__lb20__ge_1.00,combo,"{""family"": ""combo"", ""name"": ""combo__trend__both__w15__ge_0.333333__volume__both__w30__ge_50000__relvol__both__lb20__ge_1.00"", ""relvol_lookback"": 20, ""relvol_min"": 1.0, ""relvol_mode"": ""both"", ""trend_min"": 0.333333, ""trend_mode"": ""both"", ""trend_window"": 15, ""volume_min"": 50000.0, ""volume_mode"": ""both"", ""volume_window"": 30}","{""ATRTimeFrame"": 15, ""ATR_Length"": 20, ""AllowFriday"": true, ""AllowMonday"": true, ""AllowThursday"": true, ""AllowTuesday"": true, ""AllowWednesday"": true, ""ApplyRelativeVolumeFilterToLongs"": true, ""ApplyRelativeVolumeFilterToShorts"": true, ""ApplyTrendEfficiencyFilterToLongs"": true, ""ApplyTrendEfficiencyFilterToShorts"": true, ""ApplyVolumeFilterToLongs"": true, ""ApplyVolumeFilterToShorts"": true, ""ContractsPerTrade"": 1.0, ""EntryStart_Hour"": 10, ""EntryStart_Minute"": 0, ""FilterAsPercOfContractMARange"": 0.3, ""LastEntry_Hour"": 15, ""LastEntry_Minute"": 0, ""MarketClose_Hour"": 18, ""MarketClose_Minute"": 0, ""MinDirectionalTrendEfficiency15m"": 0.333333, ""MinRelativeVolumeAtTime"": 1.0, ""MinSignalVolumeWindowSum"": 50000.0, ""MinutesBeforeMarketCloseToClosePositions"": 5, ""NumDaysToConsiderPreviousContractMARange"": 5, ""RelativeVolumeLookbackDays"": 20, ""RetracementLevel"": 0.25, ""SL_ATRMultiplier"": 0.78, ""TP_ATRMultiplier"": 0.36, ""TrendEfficiencyWindowMinutes"": 15, ""VolumeWindowMinutes"": 30}",2021-03-23,2026-03-20,1247,1176,0.7262,6575.0,5.59,44.07,-96.46,1.2117,7.51,5.59,875.389013,2021-03-23,2024-09-16,872,854,0.7248,4765.0,5.58,45.53,-99.66,1.2035,7.51,5.58,634.407399,2024-09-17,2026-03-20,375,322,0.7298,1810.0,5.62,40.21,-87.82,1.2369,6.13,5.62,295.381944,-5585.0,0.0600000000000005,-0.01629999999999998,-1.4399999999999995,-521.656237,-1955.0,0.9400000000000004,0.02110000000000012,-2.000000000000001,-167.92222300000003,-7540.0,0.3200000000000003,-0.006999999999999895,-1.4399999999999995,-701.213714
combo__trend__both__w15__ge_0.333333__volume__both__w30__ge_50000__relvol__short__lb40__ge_0.85,combo,"{""family"": ""combo"", ""name"": ""combo__trend__both__w15__ge_0.333333__volume__both__w30__ge_50000__relvol__short__lb40__ge_0.85"", ""relvol_lookback"": 40, ""relvol_min"": 0.85, ""relvol_mode"": ""short"", ""trend_min"": 0.333333, ""trend_mode"": ""both"", ""trend_window"": 15, ""volume_min"": 50000.0, ""volume_mode"": ""both"", ""volume_window"": 30}","{""ATRTimeFrame"": 15, ""ATR_Length"": 20, ""AllowFriday"": true, ""AllowMonday"": true, ""AllowThursday"": true, ""AllowTuesday"": true, ""AllowWednesday"": true, ""ApplyRelativeVolumeFilterToLongs"": false, ""ApplyRelativeVolumeFilterToShorts"": true, ""ApplyTrendEfficiencyFilterToLongs"": true, ""ApplyTrendEfficiencyFilterToShorts"": true, ""ApplyVolumeFilterToLongs"": true, ""ApplyVolumeFilterToShorts"": true, ""ContractsPerTrade"": 1.0, ""EntryStart_Hour"": 10, ""EntryStart_Minute"": 0, ""FilterAsPercOfContractMARange"": 0.3, ""LastEntry_Hour"": 15, ""LastEntry_Minute"": 0, ""MarketClose_Hour"": 18, ""MarketClose_Minute"": 0, ""MinDirectionalTrendEfficiency15m"": 0.333333, ""MinRelativeVolumeAtTime"": 0.85, ""MinSignalVolumeWindowSum"": 50000.0, ""MinutesBeforeMarketCloseToClosePositions"": 5, ""NumDaysToConsiderPreviousContractMARange"": 5, ""RelativeVolumeLookbackDays"": 40, ""RetracementLevel"": 0.25, ""SL_ATRMultiplier"": 0.78, ""TP_ATRMultiplier"": 0.36, ""TrendEfficiencyWindowMinutes"": 15, ""VolumeWindowMinutes"": 30}",2021-03-23,2026-03-20,1247,1605,0.7271,9735.0,6.07,43.17,-92.81,1.2395,7.01,6.07,1388.607143,2021-03-23,2024-09-16,872,1178,0.7216,6690.0,5.68,44.65,-95.32,1.214,7.01,5.68,954.266234,2024-09-17,2026-03-20,375,427,0.7424,3045.0,7.13,39.21,-85.32,1.3245,7.09,7.13,429.246774,-3660.0,0.16000000000000014,-0.005800000000000027,-1.9399999999999995,-201.79740200000003,-720.0,2.45,0.10870000000000002,-1.040000000000001,-34.05739299999999,-4380.0,0.8000000000000007,0.02080000000000015,-1.9399999999999995,-187.995584
combo__trend__both__w15__ge_0.333333__volume__both__w30__ge_50000__relvol__short__lb60__ge_0.85,combo,"{""family"": ""combo"", ""name"": ""combo__trend__both__w15__ge_0.333333__volume__both__w30__ge_50000__relvol__short__lb60__ge_0.85"", ""relvol_lookback"": 60, ""relvol_min"": 0.85, ""relvol_mode"": ""short"", ""trend_min"": 0.333333, ""trend_mode"": ""both"", ""trend_window"": 15, ""volume_min"": 50000.0, ""volume_mode"": ""both"", ""volume_window"": 30}","{""ATRTimeFrame"": 15, ""ATR_Length"": 20, ""AllowFriday"": true, ""AllowMonday"": true, ""AllowThursday"": true, ""AllowTuesday"": true, ""AllowWednesday"": true, ""ApplyRelativeVolumeFilterToLongs"": false, ""ApplyRelativeVolumeFilterToShorts"": true, ""ApplyTrendEfficiencyFilterToLongs"": true, ""ApplyTrendEfficiencyFilterToShorts"": true, ""ApplyVolumeFilterToLongs"": true, ""ApplyVolumeFilterToShorts"": true, ""ContractsPerTrade"": 1.0, ""EntryStart_Hour"": 10, ""EntryStart_Minute"": 0, ""FilterAsPercOfContractMARange"": 0.3, ""LastEntry_Hour"": 15, ""LastEntry_Minute"": 0, ""MarketClose_Hour"": 18, ""MarketClose_Minute"": 0, ""MinDirectionalTrendEfficiency15m"": 0.333333, ""MinRelativeVolumeAtTime"": 0.85, ""MinSignalVolumeWindowSum"": 50000.0, ""MinutesBeforeMarketCloseToClosePositions"": 5, ""NumDaysToConsiderPreviousContractMARange"": 5, ""RelativeVolumeLookbackDays"": 60, ""RetracementLevel"": 0.25, ""SL_ATRMultiplier"": 0.78, ""TP_ATRMultiplier"": 0.36, ""TrendEfficiencyWindowMinutes"": 15, ""VolumeWindowMinutes"": 30}",2021-03-23,2026-03-20,1247,1597,0.7301,10190.0,6.38,43.22,-93.27,1.2535,6.88,6.38,1480.858442,2021-03-23,2024-09-16,872,1170,0.7248,7000.0,5.98,44.67,-95.9,1.2267,6.88,5.98,1017.272727,2024-09-17,2026-03-20,375,427,0.7447,3190.0,7.47,39.34,-85.5,1.3423,7.19,7.47,443.593717,-3350.0,0.46000000000000085,0.006899999999999906,-2.0699999999999994,-138.79090900000006,-575.0,2.79,0.12650000000000006,-0.9400000000000004,-19.71044999999998,-3925.0,1.1100000000000003,0.034800000000000164,-2.0699999999999994,-95.74428499999999
combo__trend__both__w15__ge_0.333333__volume__long__w15__ge_50000__relvol__both__lb20__ge_1.00,combo,"{""family"": ""combo"", ""name"": ""combo__trend__both__w15__ge_0.333333__volume__long__w15__ge_50000__relvol__both__lb20__ge_1.00"", ""relvol_lookback"": 20, ""relvol_min"": 1.0, ""relvol_mode"": ""both"", ""trend_min"": 0.333333, ""trend_mode"": ""both"", ""trend_window"": 15, ""volume_min"": 50000.0, ""volume_mode"": ""long"", ""volume_window"": 15}","{""ATRTimeFrame"": 15, ""ATR_Length"": 20, ""AllowFriday"": true, ""AllowMonday"": true, ""AllowThursday"": true, ""AllowTuesday"": true, ""AllowWednesday"": true, ""ApplyRelativeVolumeFilterToLongs"": true, ""ApplyRelativeVolumeFilterToShorts"": true, ""ApplyTrendEfficiencyFilterToLongs"": true, ""ApplyTrendEfficiencyFilterToShorts"": true, ""ApplyVolumeFilterToLongs"": true, ""ApplyVolumeFilterToShorts"": false, ""ContractsPerTrade"": 1.0, ""EntryStart_Hour"": 10, ""EntryStart_Minute"": 0, ""FilterAsPercOfContractMARange"": 0.3, ""LastEntry_Hour"": 15, ""LastEntry_Minute"": 0, ""MarketClose_Hour"": 18, ""MarketClose_Minute"": 0, ""MinDirectionalTrendEfficiency15m"": 0.333333, ""MinRelativeVolumeAtTime"": 1.0, ""MinSignalVolumeWindowSum"": 50000.0, ""MinutesBeforeMarketCloseToClosePositions"": 5, ""NumDaysToConsiderPreviousContractMARange"": 5, ""RelativeVolumeLookbackDays"": 20, ""RetracementLevel"": 0.25, ""SL_ATRMultiplier"": 0.78, ""TP_ATRMultiplier"": 0.36, ""TrendEfficiencyWindowMinutes"": 15, ""VolumeWindowMinutes"": 15}",2021-03-23,2026-03-20,1247,1064,0.7406,8750.0,8.22,44.71,-95.96,1.3304,6.21,8.22,1408.14951,2021-03-23,2024-09-16,872,784,0.7372,6375.0,8.13,46.49,-99.49,1.3111,6.21,8.13,1025.9375,2024-09-17,2026-03-20,375,280,0.75,2375.0,8.48,39.83,-85.57,1.3965,4.08,8.48,581.515152,-3975.0,2.610000000000001,0.09129999999999994,-2.7399999999999993,-130.1261360000001,-1390.0,3.8000000000000007,0.18070000000000008,-4.050000000000001,118.21098499999994,-5365.0,2.950000000000001,0.11170000000000013,-2.7399999999999993,-168.453217
combo__trend__both__w15__ge_0.333333__volume__long__w15__ge_50000__relvol__short__lb40__ge_0.85,combo,"{""family"": ""combo"", ""name"": ""combo__trend__both__w15__ge_0.333333__volume__long__w15__ge_50000__relvol__short__lb40__ge_0.85"", ""relvol_lookback"": 40, ""relvol_min"": 0.85, ""relvol_mode"": ""short"", ""trend_min"": 0.333333, ""trend_mode"": ""both"", ""trend_window"": 15, ""volume_min"": 50000.0, ""volume_mode"": ""long"", ""volume_window"": 15}","{""ATRTimeFrame"": 15, ""ATR_Length"": 20, ""AllowFriday"": true, ""AllowMonday"": true, ""AllowThursday"": true, ""AllowTuesday"": true, ""AllowWednesday"": true, ""ApplyRelativeVolumeFilterToLongs"": false, ""ApplyRelativeVolumeFilterToShorts"": true, ""ApplyTrendEfficiencyFilterToLongs"": true, ""ApplyTrendEfficiencyFilterToShorts"": true, ""ApplyVolumeFilterToLongs"": true, ""ApplyVolumeFilterToShorts"": false, ""ContractsPerTrade"": 1.0, ""EntryStart_Hour"": 10, ""EntryStart_Minute"": 0, ""FilterAsPercOfContractMARange"": 0.3, ""LastEntry_Hour"": 15, ""LastEntry_Minute"": 0, ""MarketClose_Hour"": 18, ""MarketClose_Minute"": 0, ""MinDirectionalTrendEfficiency15m"": 0.333333, ""MinRelativeVolumeAtTime"": 0.85, ""MinSignalVolumeWindowSum"": 50000.0, ""MinutesBeforeMarketCloseToClosePositions"": 5, ""NumDaysToConsiderPreviousContractMARange"": 5, ""RelativeVolumeLookbackDays"": 40, ""RetracementLevel"": 0.25, ""SL_ATRMultiplier"": 0.78, ""TP_ATRMultiplier"": 0.36, ""TrendEfficiencyWindowMinutes"": 15, ""VolumeWindowMinutes"": 15}",2021-03-23,2026-03-20,1247,1234,0.7318,8395.0,6.8,44.38,-95.71,1.265,8.45,6.8,993.518504,2021-03-23,2024-09-16,872,913,0.7207,5095.0,5.58,46.15,-99.1,1.2016,8.45,5.58,602.975197,2024-09-17,2026-03-20,375,321,0.7632,3300.0,10.28,39.63,-84.34,1.5148,4.04,10.28,817.558824,-5255.0,0.0600000000000005,-0.018199999999999994,-0.5,-553.0884390000001,-465.0,5.6,0.29899999999999993,-4.090000000000001,354.25465699999995,-5720.0,1.5300000000000002,0.04630000000000001,-0.5,-583.084223
combo__trend__both__w15__ge_0.333333__volume__long__w15__ge_50000__relvol__short__lb60__ge_0.85,combo,"{""family"": ""combo"", ""name"": ""combo__trend__both__w15__ge_0.333333__volume__long__w15__ge_50000__relvol__short__lb60__ge_0.85"", ""relvol_lookback"": 60, ""relvol_min"": 0.85, ""relvol_mode"": ""short"", ""trend_min"": 0.333333, ""trend_mode"": ""both"", ""trend_window"": 15, ""volume_min"": 50000.0, ""volume_mode"": ""long"", ""volume_window"": 15}","{""ATRTimeFrame"": 15, ""ATR_Length"": 20, ""AllowFriday"": true, ""AllowMonday"": true, ""AllowThursday"": true, ""AllowTuesday"": true, ""AllowWednesday"": true, ""ApplyRelativeVolumeFilterToLongs"": false, ""ApplyRelativeVolumeFilterToShorts"": true, ""ApplyTrendEfficiencyFilterToLongs"": true, ""ApplyTrendEfficiencyFilterToShorts"": true, ""ApplyVolumeFilterToLongs"": true, ""ApplyVolumeFilterToShorts"": false, ""ContractsPerTrade"": 1.0, ""EntryStart_Hour"": 10, ""EntryStart_Minute"": 0, ""FilterAsPercOfContractMARange"": 0.3, ""LastEntry_Hour"": 15, ""LastEntry_Minute"": 0, ""MarketClose_Hour"": 18, ""MarketClose_Minute"": 0, ""MinDirectionalTrendEfficiency15m"": 0.333333, ""MinRelativeVolumeAtTime"": 0.85, ""MinSignalVolumeWindowSum"": 50000.0, ""MinutesBeforeMarketCloseToClosePositions"": 5, ""NumDaysToConsiderPreviousContractMARange"": 5, ""RelativeVolumeLookbackDays"": 60, ""RetracementLevel"": 0.25, ""SL_ATRMultiplier"": 0.78, ""TP_ATRMultiplier"": 0.36, ""TrendEfficiencyWindowMinutes"": 15, ""VolumeWindowMinutes"": 15}",2021-03-23,2026-03-20,1247,1229,0.7307,8330.0,6.78,44.57,-95.74,1.2629,8.74,6.78,953.392075,2021-03-23,2024-09-16,872,910,0.7209,5180.0,5.69,46.36,-99.33,1.2053,8.74,5.69,592.86566,2024-09-17,2026-03-20,375,319,0.7586,3150.0,9.87,39.71,-83.9,1.4876,4.06,9.87,775.764706,-5170.0,0.17000000000000082,-0.014499999999999957,-0.20999999999999908,-563.197976,-615.0,5.1899999999999995,0.27180000000000004,-4.070000000000001,312.46053900000004,-5785.0,1.5100000000000007,0.04420000000000002,-0.20999999999999908,-623.210652
combo__trend__both__w15__ge_0.333333__volume__short__w30__ge_30000__relvol__both__lb20__ge_1.00,combo,"{""family"": ""combo"", ""name"": ""combo__trend__both__w15__ge_0.333333__volume__short__w30__ge_30000__relvol__both__lb20__ge_1.00"", ""relvol_lookback"": 20, ""relvol_min"": 1.0, ""relvol_mode"": ""both"", ""trend_min"": 0.333333, ""trend_mode"": ""both"", ""trend_window"": 15, ""volume_min"": 30000.0, ""volume_mode"": ""short"", ""volume_window"": 30}","{""ATRTimeFrame"": 15, ""ATR_Length"": 20, ""AllowFriday"": true, ""AllowMonday"": true, ""AllowThursday"": true, ""AllowTuesday"": true, ""AllowWednesday"": true, ""ApplyRelativeVolumeFilterToLongs"": true, ""ApplyRelativeVolumeFilterToShorts"": true, ""ApplyTrendEfficiencyFilterToLongs"": true, ""ApplyTrendEfficiencyFilterToShorts"": true, ""ApplyVolumeFilterToLongs"": false, ""ApplyVolumeFilterToShorts"": true, ""ContractsPerTrade"": 1.0, ""EntryStart_Hour"": 10, ""EntryStart_Minute"": 0, ""FilterAsPercOfContractMARange"": 0.3, ""LastEntry_Hour"": 15, ""LastEntry_Minute"": 0, ""MarketClose_Hour"": 18, ""MarketClose_Minute"": 0, ""MinDirectionalTrendEfficiency15m"": 0.333333, ""MinRelativeVolumeAtTime"": 1.0, ""MinSignalVolumeWindowSum"": 30000.0, ""MinutesBeforeMarketCloseToClosePositions"": 5, ""NumDaysToConsiderPreviousContractMARange"": 5, ""RelativeVolumeLookbackDays"": 20, ""RetracementLevel"": 0.25, ""SL_ATRMultiplier"": 0.78, ""TP_ATRMultiplier"": 0.36, ""TrendEfficiencyWindowMinutes"": 15, ""VolumeWindowMinutes"": 30}",2021-03-23,2026-03-20,1247,1296,0.7222,6460.0,4.98,43.09,-94.1,1.1907,7.81,4.98,827.399107,2021-03-23,2024-09-16,872,930,0.7194,4470.0,4.81,44.72,-97.49,1.1757,7.81,4.81,572.519196,2024-09-17,2026-03-20,375,366,0.7295,1990.0,5.44,39.03,-85.15,1.2361,6.39,5.44,311.199342,-5880.0,-0.71,-0.04410000000000003,-1.1399999999999997,-583.5444400000001,-1775.0,0.7600000000000007,0.020299999999999985,-1.740000000000001,-152.104825,-7655.0,-0.28999999999999915,-0.027999999999999803,-1.1399999999999997,-749.20362
combo__trend__both__w15__ge_0.333333__volume__short__w30__ge_30000__relvol__short__lb40__ge_0.85,combo,"{""family"": ""combo"", ""name"": ""combo__trend__both__w15__ge_0.333333__volume__short__w30__ge_30000__relvol__short__lb40__ge_0.85"", ""relvol_lookback"": 40, ""relvol_min"": 0.85, ""relvol_mode"": ""short"", ""trend_min"": 0.333333, ""trend_mode"": ""both"", ""trend_window"": 15, ""volume_min"": 30000.0, ""volume_mode"": ""short"", ""volume_window"": 30}","{""ATRTimeFrame"": 15, ""ATR_Length"": 20, ""AllowFriday"": true, ""AllowMonday"": true, ""AllowThursday"": true, ""AllowTuesday"": true, ""AllowWednesday"": true, ""ApplyRelativeVolumeFilterToLongs"": false, ""ApplyRelativeVolumeFilterToShorts"": true, ""ApplyTrendEfficiencyFilterToLongs"": true, ""ApplyTrendEfficiencyFilterToShorts"": true, ""ApplyVolumeFilterToLongs"": false, ""ApplyVolumeFilterToShorts"": true, ""ContractsPerTrade"": 1.0, ""EntryStart_Hour"": 10, ""EntryStart_Minute"": 0, ""FilterAsPercOfContractMARange"": 0.3, ""LastEntry_Hour"": 15, ""LastEntry_Minute"": 0, ""MarketClose_Hour"": 18, ""MarketClose_Minute"": 0, ""MinDirectionalTrendEfficiency15m"": 0.333333, ""MinRelativeVolumeAtTime"": 0.85, ""MinSignalVolumeWindowSum"": 30000.0, ""MinutesBeforeMarketCloseToClosePositions"": 5, ""NumDaysToConsiderPreviousContractMARange"": 5, ""RelativeVolumeLookbackDays"": 40, ""RetracementLevel"": 0.25, ""SL_ATRMultiplier"": 0.78, ""TP_ATRMultiplier"": 0.36, ""TrendEfficiencyWindowMinutes"": 15, ""VolumeWindowMinutes"": 30}",2021-03-23,2026-03-20,1247,1871,0.7237,10110.0,5.4,41.72,-89.71,1.218,9.46,5.4,1069.167123,2021-03-23,2024-09-16,872,1332,0.717,6320.0,4.74,43.32,-92.98,1.1803,9.46,4.74,668.361644,2024-09-17,2026-03-20,375,539,0.7403,3790.0,7.03,37.88,-80.89,1.3347,6.1,7.03,621.605389,-4030.0,-0.7799999999999994,-0.03950000000000009,0.5100000000000016,-487.70199200000013,25.0,2.3500000000000005,0.1189,-2.030000000000001,158.30122199999994,-4005.0,0.13000000000000078,-0.0006999999999999229,0.5100000000000016,-507.435604
combo__trend__both__w15__ge_0.333333__volume__short__w30__ge_30000__relvol__short__lb60__ge_0.85,combo,"{""family"": ""combo"", ""name"": ""combo__trend__both__w15__ge_0.333333__volume__short__w30__ge_30000__relvol__short__lb60__ge_0.85"", ""relvol_lookback"": 60, ""relvol_min"": 0.85, ""relvol_mode"": ""short"", ""trend_min"": 0.333333, ""trend_mode"": ""both"", ""trend_window"": 15, ""volume_min"": 30000.0, ""volume_mode"": ""short"", ""volume_window"": 30}","{""ATRTimeFrame"": 15, ""ATR_Length"": 20, ""AllowFriday"": true, ""AllowMonday"": true, ""AllowThursday"": true, ""AllowTuesday"": true, ""AllowWednesday"": true, ""ApplyRelativeVolumeFilterToLongs"": false, ""ApplyRelativeVolumeFilterToShorts"": true, ""ApplyTrendEfficiencyFilterToLongs"": true, ""ApplyTrendEfficiencyFilterToShorts"": true, ""ApplyVolumeFilterToLongs"": false, ""ApplyVolumeFilterToShorts"": true, ""ContractsPerTrade"": 1.0, ""EntryStart_Hour"": 10, ""EntryStart_Minute"": 0, ""FilterAsPercOfContractMARange"": 0.3, ""LastEntry_Hour"": 15, ""LastEntry_Minute"": 0, ""MarketClose_Hour"": 18, ""MarketClose_Minute"": 0, ""MinDirectionalTrendEfficiency15m"": 0.333333, ""MinRelativeVolumeAtTime"": 0.85, ""MinSignalVolumeWindowSum"": 30000.0, ""MinutesBeforeMarketCloseToClosePositions"": 5, ""NumDaysToConsiderPreviousContractMARange"": 5, ""RelativeVolumeLookbackDays"": 60, ""RetracementLevel"": 0.25, ""SL_ATRMultiplier"": 0.78, ""TP_ATRMultiplier"": 0.36, ""TrendEfficiencyWindowMinutes"": 15, ""VolumeWindowMinutes"": 30}",2021-03-23,2026-03-20,1247,1862,0.725,10335.0,5.55,41.79,-90.0,1.2243,9.26,5.55,1115.967637,2021-03-23,2024-09-16,872,1323,0.7196,6590.0,4.98,43.37,-93.52,1.1899,9.26,4.98,711.584589,2024-09-17,2026-03-20,375,539,0.7384,3745.0,6.95,38.02,-80.74,1.3289,6.02,6.95,621.849401,-3760.0,-0.5399999999999991,-0.029900000000000038,0.3100000000000005,-444.47904700000004,-20.0,2.2700000000000005,0.11309999999999998,-2.110000000000001,158.54523399999994,-3780.0,0.28000000000000025,0.005600000000000049,0.3100000000000005,-460.63509
combo__trend__long__w15__ge_0.333333__volume__both__w30__ge_50000__relvol__both__lb20__ge_1.00,combo,"{""family"": ""combo"", ""name"": ""combo__trend__long__w15__ge_0.333333__volume__both__w30__ge_50000__relvol__both__lb20__ge_1.00"", ""relvol_lookback"": 20, ""relvol_min"": 1.0, ""relvol_mode"": ""both"", ""trend_min"": 0.333333, ""trend_mode"": ""long"", ""trend_window"": 15, ""volume_min"": 50000.0, ""volume_mode"": ""both"", ""volume_window"": 30}","{""ATRTimeFrame"": 15, ""ATR_Length"": 20, ""AllowFriday"": true, ""AllowMonday"": true, ""AllowThursday"": true, ""AllowTuesday"": true, ""AllowWednesday"": true, ""ApplyRelativeVolumeFilterToLongs"": true, ""ApplyRelativeVolumeFilterToShorts"": true, ""ApplyTrendEfficiencyFilterToLongs"": true, ""ApplyTrendEfficiencyFilterToShorts"": false, ""ApplyVolumeFilterToLongs"": true, ""ApplyVolumeFilterToShorts"": true, ""ContractsPerTrade"": 1.0, ""EntryStart_Hour"": 10, ""EntryStart_Minute"": 0, ""FilterAsPercOfContractMARange"": 0.3, ""LastEntry_Hour"": 15, ""LastEntry_Minute"": 0, ""MarketClose_Hour"": 18, ""MarketClose_Minute"": 0, ""MinDirectionalTrendEfficiency15m"": 0.333333, ""MinRelativeVolumeAtTime"": 1.0, ""MinSignalVolumeWindowSum"": 50000.0, ""MinutesBeforeMarketCloseToClosePositions"": 5, ""NumDaysToConsiderPreviousContractMARange"": 5, ""RelativeVolumeLookbackDays"": 20, ""RetracementLevel"": 0.25, ""SL_ATRMultiplier"": 0.78, ""TP_ATRMultiplier"": 0.36, ""TrendEfficiencyWindowMinutes"": 15, ""VolumeWindowMinutes"": 30}",2021-03-23,2026-03-20,1247,1308,0.7271,7415.0,5.67,43.93,-96.25,1.2158,6.25,5.67,1187.18883,2021-03-23,2024-09-16,872,939,0.7252,5340.0,5.69,45.38,-99.09,1.2089,6.25,5.69,854.968085,2024-09-17,2026-03-20,375,369,0.7317,2075.0,5.62,40.26,-88.84,1.2359,5.88,5.62,352.75,-5010.0,0.17000000000000082,-0.01089999999999991,-2.6999999999999993,-301.0955510000001,-1690.0,0.9400000000000004,0.020100000000000007,-2.250000000000001,-110.554167,-6700.0,0.40000000000000036,-0.0028999999999999027,-2.6999999999999993,-389.4138969999999
combo__trend__long__w15__ge_0.333333__volume__both__w30__ge_50000__relvol__short__lb40__ge_0.85,combo,"{""family"": ""combo"", ""name"": ""combo__trend__long__w15__ge_0.333333__volume__both__w30__ge_50000__relvol__short__lb40__ge_0.85"", ""relvol_lookback"": 40, ""relvol_min"": 0.85, ""relvol_mode"": ""short"", ""trend_min"": 0.333333, ""trend_mode"": ""long"", ""trend_window"": 15, ""volume_min"": 50000.0, ""volume_mode"": ""both"", ""volume_window"": 30}","{""ATRTimeFrame"": 15, ""ATR_Length"": 20, ""AllowFriday"": true, ""AllowMonday"": true, ""AllowThursday"": true, ""AllowTuesday"": true, ""AllowWednesday"": true, ""ApplyRelativeVolumeFilterToLongs"": false, ""ApplyRelativeVolumeFilterToShorts"": true, ""ApplyTrendEfficiencyFilterToLongs"": true, ""ApplyTrendEfficiencyFilterToShorts"": false, ""ApplyVolumeFilterToLongs"": true, ""ApplyVolumeFilterToShorts"": true, ""ContractsPerTrade"": 1.0, ""EntryStart_Hour"": 10, ""EntryStart_Minute"": 0, ""FilterAsPercOfContractMARange"": 0.3, ""LastEntry_Hour"": 15, ""LastEntry_Minute"": 0, ""MarketClose_Hour"": 18, ""MarketClose_Minute"": 0, ""MinDirectionalTrendEfficiency15m"": 0.333333, ""MinRelativeVolumeAtTime"": 0.85, ""MinSignalVolumeWindowSum"": 50000.0, ""MinutesBeforeMarketCloseToClosePositions"": 5, ""NumDaysToConsiderPreviousContractMARange"": 5, ""RelativeVolumeLookbackDays"": 40, ""RetracementLevel"": 0.25, ""SL_ATRMultiplier"": 0.78, ""TP_ATRMultiplier"": 0.36, ""TrendEfficiencyWindowMinutes"": 15, ""VolumeWindowMinutes"": 30}",2021-03-23,2026-03-20,1247,1812,0.7279,10950.0,6.04,42.99,-92.81,1.2393,7.5,6.04,1460.858824,2021-03-23,2024-09-16,872,1316,0.7234,7675.0,5.83,44.53,-95.37,1.2211,7.5,5.83,1023.935294,2024-09-17,2026-03-20,375,496,0.7399,3275.0,6.6,39.01,-85.58,1.2966,6.77,6.6,484.074438,-2675.0,0.3100000000000005,0.0013000000000000789,-1.4499999999999993,-132.1283420000001,-490.0,1.92,0.08079999999999998,-1.3600000000000012,20.77027099999998,-3165.0,0.7700000000000005,0.020600000000000174,-1.4499999999999993,-115.74390300000005
combo__trend__long__w15__ge_0.333333__volume__both__w30__ge_50000__relvol__short__lb60__ge_0.85,combo,"{""family"": ""combo"", ""name"": ""combo__trend__long__w15__ge_0.333333__volume__both__w30__ge_50000__relvol__short__lb60__ge_0.85"", ""relvol_lookback"": 60, ""relvol_min"": 0.85, ""relvol_mode"": ""short"", ""trend_min"": 0.333333, ""trend_mode"": ""long"", ""trend_window"": 15, ""volume_min"": 50000.0, ""volume_mode"": ""both"", ""volume_window"": 30}","{""ATRTimeFrame"": 15, ""ATR_Length"": 20, ""AllowFriday"": true, ""AllowMonday"": true, ""AllowThursday"": true, ""AllowTuesday"": true, ""AllowWednesday"": true, ""ApplyRelativeVolumeFilterToLongs"": false, ""ApplyRelativeVolumeFilterToShorts"": true, ""ApplyTrendEfficiencyFilterToLongs"": true, ""ApplyTrendEfficiencyFilterToShorts"": false, ""ApplyVolumeFilterToLongs"": true, ""ApplyVolumeFilterToShorts"": true, ""ContractsPerTrade"": 1.0, ""EntryStart_Hour"": 10, ""EntryStart_Minute"": 0, ""FilterAsPercOfContractMARange"": 0.3, ""LastEntry_Hour"": 15, ""LastEntry_Minute"": 0, ""MarketClose_Hour"": 18, ""MarketClose_Minute"": 0, ""MinDirectionalTrendEfficiency15m"": 0.333333, ""MinRelativeVolumeAtTime"": 0.85, ""MinSignalVolumeWindowSum"": 50000.0, ""MinutesBeforeMarketCloseToClosePositions"": 5, ""NumDaysToConsiderPreviousContractMARange"": 5, ""RelativeVolumeLookbackDays"": 60, ""RetracementLevel"": 0.25, ""SL_ATRMultiplier"": 0.78, ""TP_ATRMultiplier"": 0.36, ""TrendEfficiencyWindowMinutes"": 15, ""VolumeWindowMinutes"": 30}",2021-03-23,2026-03-20,1247,1803,0.7293,11035.0,6.12,43.06,-93.41,1.2421,7.46,6.12,1479.988235,2021-03-23,2024-09-16,872,1310,0.7237,7505.0,5.73,44.53,-95.88,1.2162,7.46,5.73,1006.552941,2024-09-17,2026-03-20,375,493,0.7444,3530.0,7.16,39.25,-86.31,1.3246,6.12,7.16,576.711043,-2845.0,0.21000000000000085,-0.0036000000000000476,-1.4899999999999993,-149.51069500000006,-235.0,2.4800000000000004,0.10880000000000001,-2.0100000000000007,113.40687600000001,-3080.0,0.8500000000000005,0.023400000000000087,-1.4899999999999993,-96.61449199999993
combo__trend__long__w15__ge_0.333333__volume__long__w15__ge_50000__relvol__both__lb20__ge_1.00,combo,"{""family"": ""combo"", ""name"": ""combo__trend__long__w15__ge_0.333333__volume__long__w15__ge_50000__relvol__both__lb20__ge_1.00"", ""relvol_lookback"": 20, ""relvol_min"": 1.0, ""relvol_mode"": ""both"", ""trend_min"": 0.333333, ""trend_mode"": ""long"", ""trend_window"": 15, ""volume_min"": 50000.0, ""volume_mode"": ""long"", ""volume_window"": 15}","{""ATRTimeFrame"": 15, ""ATR_Length"": 20, ""AllowFriday"": true, ""AllowMonday"": true, ""AllowThursday"": true, ""AllowTuesday"": true, ""AllowWednesday"": true, ""ApplyRelativeVolumeFilterToLongs"": true, ""ApplyRelativeVolumeFilterToShorts"": true, ""ApplyTrendEfficiencyFilterToLongs"": true, ""ApplyTrendEfficiencyFilterToShorts"": false, ""ApplyVolumeFilterToLongs"": true, ""ApplyVolumeFilterToShorts"": false, ""ContractsPerTrade"": 1.0, ""EntryStart_Hour"": 10, ""EntryStart_Minute"": 0, ""FilterAsPercOfContractMARange"": 0.3, ""LastEntry_Hour"": 15, ""LastEntry_Minute"": 0, ""MarketClose_Hour"": 18, ""MarketClose_Minute"": 0, ""MinDirectionalTrendEfficiency15m"": 0.333333, ""MinRelativeVolumeAtTime"": 1.0, ""MinSignalVolumeWindowSum"": 50000.0, ""MinutesBeforeMarketCloseToClosePositions"": 5, ""NumDaysToConsiderPreviousContractMARange"": 5, ""RelativeVolumeLookbackDays"": 20, ""RetracementLevel"": 0.25, ""SL_ATRMultiplier"": 0.78, ""TP_ATRMultiplier"": 0.36, ""TrendEfficiencyWindowMinutes"": 15, ""VolumeWindowMinutes"": 15}",2021-03-23,2026-03-20,1247,1212,0.7409,9850.0,8.13,44.4,-95.62,1.3281,4.53,8.13,2172.094828,2021-03-23,2024-09-16,872,885,0.7412,7655.0,8.65,46.09,-98.6,1.339,4.53,8.65,1688.059483,2024-09-17,2026-03-20,375,327,0.7401,2195.0,6.71,39.83,-87.59,1.2948,5.13,6.71,427.769767,-2695.0,3.130000000000001,0.11919999999999997,-4.419999999999999,531.9958469999999,-1570.0,2.0300000000000002,0.07899999999999996,-3.000000000000001,-35.534400000000005,-4265.0,2.860000000000001,0.10940000000000016,-4.419999999999999,595.4921009999998
combo__trend__long__w15__ge_0.333333__volume__long__w15__ge_50000__relvol__short__lb40__ge_0.85,combo,"{""family"": ""combo"", ""name"": ""combo__trend__long__w15__ge_0.333333__volume__long__w15__ge_50000__relvol__short__lb40__ge_0.85"", ""relvol_lookback"": 40, ""relvol_min"": 0.85, ""relvol_mode"": ""short"", ""trend_min"": 0.333333, ""trend_mode"": ""long"", ""trend_window"": 15, ""volume_min"": 50000.0, ""volume_mode"": ""long"", ""volume_window"": 15}","{""ATRTimeFrame"": 15, ""ATR_Length"": 20, ""AllowFriday"": true, ""AllowMonday"": true, ""AllowThursday"": true, ""AllowTuesday"": true, ""AllowWednesday"": true, ""ApplyRelativeVolumeFilterToLongs"": false, ""ApplyRelativeVolumeFilterToShorts"": true, ""ApplyTrendEfficiencyFilterToLongs"": true, ""ApplyTrendEfficiencyFilterToShorts"": false, ""ApplyVolumeFilterToLongs"": true, ""ApplyVolumeFilterToShorts"": false, ""ContractsPerTrade"": 1.0, ""EntryStart_Hour"": 10, ""EntryStart_Minute"": 0, ""FilterAsPercOfContractMARange"": 0.3, ""LastEntry_Hour"": 15, ""LastEntry_Minute"": 0, ""MarketClose_Hour"": 18, ""MarketClose_Minute"": 0, ""MinDirectionalTrendEfficiency15m"": 0.333333, ""MinRelativeVolumeAtTime"": 0.85, ""MinSignalVolumeWindowSum"": 50000.0, ""MinutesBeforeMarketCloseToClosePositions"": 5, ""NumDaysToConsiderPreviousContractMARange"": 5, ""RelativeVolumeLookbackDays"": 40, ""RetracementLevel"": 0.25, ""SL_ATRMultiplier"": 0.78, ""TP_ATRMultiplier"": 0.36, ""TrendEfficiencyWindowMinutes"": 15, ""VolumeWindowMinutes"": 15}",2021-03-23,2026-03-20,1247,1444,0.7334,9765.0,6.76,43.85,-95.26,1.2663,8.68,6.76,1124.380036,2021-03-23,2024-09-16,872,1053,0.7255,6345.0,6.03,45.59,-98.56,1.2227,8.68,6.03,730.58795,2024-09-17,2026-03-20,375,391,0.7545,3420.0,8.75,39.36,-85.31,1.4176,4.32,8.75,791.748387,-4005.0,0.5100000000000007,0.0028999999999999027,-0.2699999999999996,-425.4756860000001,-345.0,4.07,0.20179999999999998,-3.8100000000000005,328.44422,-4350.0,1.4900000000000002,0.04760000000000009,-0.2699999999999996,-452.22269099999994
combo__trend__long__w15__ge_0.333333__volume__long__w15__ge_50000__relvol__short__lb60__ge_0.85,combo,"{""family"": ""combo"", ""name"": ""combo__trend__long__w15__ge_0.333333__volume__long__w15__ge_50000__relvol__short__lb60__ge_0.85"", ""relvol_lookback"": 60, ""relvol_min"": 0.85, ""relvol_mode"": ""short"", ""trend_min"": 0.333333, ""trend_mode"": ""long"", ""trend_window"": 15, ""volume_min"": 50000.0, ""volume_mode"": ""long"", ""volume_window"": 15}","{""ATRTimeFrame"": 15, ""ATR_Length"": 20, ""AllowFriday"": true, ""AllowMonday"": true, ""AllowThursday"": true, ""AllowTuesday"": true, ""AllowWednesday"": true, ""ApplyRelativeVolumeFilterToLongs"": false, ""ApplyRelativeVolumeFilterToShorts"": true, ""ApplyTrendEfficiencyFilterToLongs"": true, ""ApplyTrendEfficiencyFilterToShorts"": false, ""ApplyVolumeFilterToLongs"": true, ""ApplyVolumeFilterToShorts"": false, ""ContractsPerTrade"": 1.0, ""EntryStart_Hour"": 10, ""EntryStart_Minute"": 0, ""FilterAsPercOfContractMARange"": 0.3, ""LastEntry_Hour"": 15, ""LastEntry_Minute"": 0, ""MarketClose_Hour"": 18, ""MarketClose_Minute"": 0, ""MinDirectionalTrendEfficiency15m"": 0.333333, ""MinRelativeVolumeAtTime"": 0.85, ""MinSignalVolumeWindowSum"": 50000.0, ""MinutesBeforeMarketCloseToClosePositions"": 5, ""NumDaysToConsiderPreviousContractMARange"": 5, ""RelativeVolumeLookbackDays"": 60, ""RetracementLevel"": 0.25, ""SL_ATRMultiplier"": 0.78, ""TP_ATRMultiplier"": 0.36, ""TrendEfficiencyWindowMinutes"": 15, ""VolumeWindowMinutes"": 15}",2021-03-23,2026-03-20,1247,1437,0.7335,9995.0,6.96,44.14,-95.37,1.2736,8.88,6.96,1125.042734,2021-03-23,2024-09-16,872,1053,0.7265,6665.0,6.33,45.86,-98.68,1.2345,8.88,6.33,750.21609,2024-09-17,2026-03-20,375,384,0.7526,3330.0,8.67,39.57,-85.32,1.4109,4.31,8.67,773.419355,-3685.0,0.8100000000000005,0.014699999999999935,-0.06999999999999851,-405.8475460000001,-435.0,3.99,0.19510000000000005,-3.820000000000001,310.115188,-4120.0,1.6900000000000004,0.05490000000000017,-0.06999999999999851,-451.55999299999985
combo__trend__long__w15__ge_0.333333__volume__short__w30__ge_30000__relvol__both__lb20__ge_1.00,combo,"{""family"": ""combo"", ""name"": ""combo__trend__long__w15__ge_0.333333__volume__short__w30__ge_30000__relvol__both__lb20__ge_1.00"", ""relvol_lookback"": 20, ""relvol_min"": 1.0, ""relvol_mode"": ""both"", ""trend_min"": 0.333333, ""trend_mode"": ""long"", ""trend_window"": 15, ""volume_min"": 30000.0, ""volume_mode"": ""short"", ""volume_window"": 30}","{""ATRTimeFrame"": 15, ""ATR_Length"": 20, ""AllowFriday"": true, ""AllowMonday"": true, ""AllowThursday"": true, ""AllowTuesday"": true, ""AllowWednesday"": true, ""ApplyRelativeVolumeFilterToLongs"": true, ""ApplyRelativeVolumeFilterToShorts"": true, ""ApplyTrendEfficiencyFilterToLongs"": true, ""ApplyTrendEfficiencyFilterToShorts"": false, ""ApplyVolumeFilterToLongs"": false, ""ApplyVolumeFilterToShorts"": true, ""ContractsPerTrade"": 1.0, ""EntryStart_Hour"": 10, ""EntryStart_Minute"": 0, ""FilterAsPercOfContractMARange"": 0.3, ""LastEntry_Hour"": 15, ""LastEntry_Minute"": 0, ""MarketClose_Hour"": 18, ""MarketClose_Minute"": 0, ""MinDirectionalTrendEfficiency15m"": 0.333333, ""MinRelativeVolumeAtTime"": 1.0, ""MinSignalVolumeWindowSum"": 30000.0, ""MinutesBeforeMarketCloseToClosePositions"": 5, ""NumDaysToConsiderPreviousContractMARange"": 5, ""RelativeVolumeLookbackDays"": 20, ""RetracementLevel"": 0.25, ""SL_ATRMultiplier"": 0.78, ""TP_ATRMultiplier"": 0.36, ""TrendEfficiencyWindowMinutes"": 15, ""VolumeWindowMinutes"": 30}",2021-03-23,2026-03-20,1247,1447,0.7249,7550.0,5.22,42.87,-94.02,1.2018,7.25,5.22,1041.476636,2021-03-23,2024-09-16,872,1024,0.7217,5230.0,5.11,44.51,-97.05,1.1891,7.25,5.11,721.446729,2024-09-17,2026-03-20,375,423,0.7329,2320.0,5.48,38.97,-86.37,1.2377,5.83,5.48,397.762319,-5120.0,-0.40999999999999925,-0.03069999999999995,-1.6999999999999993,-434.6169070000001,-1445.0,0.8000000000000007,0.02190000000000003,-2.3000000000000007,-65.54184800000002,-6565.0,-0.04999999999999982,-0.016899999999999915,-1.6999999999999993,-535.1260909999999
combo__trend__long__w15__ge_0.333333__volume__short__w30__ge_30000__relvol__short__lb40__ge_0.85,combo,"{""family"": ""combo"", ""name"": ""combo__trend__long__w15__ge_0.333333__volume__short__w30__ge_30000__relvol__short__lb40__ge_0.85"", ""relvol_lookback"": 40, ""relvol_min"": 0.85, ""relvol_mode"": ""short"", ""trend_min"": 0.333333, ""trend_mode"": ""long"", ""trend_window"": 15, ""volume_min"": 30000.0, ""volume_mode"": ""short"", ""volume_window"": 30}","{""ATRTimeFrame"": 15, ""ATR_Length"": 20, ""AllowFriday"": true, ""AllowMonday"": true, ""AllowThursday"": true, ""AllowTuesday"": true, ""AllowWednesday"": true, ""ApplyRelativeVolumeFilterToLongs"": false, ""ApplyRelativeVolumeFilterToShorts"": true, ""ApplyTrendEfficiencyFilterToLongs"": true, ""ApplyTrendEfficiencyFilterToShorts"": false, ""ApplyVolumeFilterToLongs"": false, ""ApplyVolumeFilterToShorts"": true, ""ContractsPerTrade"": 1.0, ""EntryStart_Hour"": 10, ""EntryStart_Minute"": 0, ""FilterAsPercOfContractMARange"": 0.3, ""LastEntry_Hour"": 15, ""LastEntry_Minute"": 0, ""MarketClose_Hour"": 18, ""MarketClose_Minute"": 0, ""MinDirectionalTrendEfficiency15m"": 0.333333, ""MinRelativeVolumeAtTime"": 0.85, ""MinSignalVolumeWindowSum"": 30000.0, ""MinutesBeforeMarketCloseToClosePositions"": 5, ""NumDaysToConsiderPreviousContractMARange"": 5, ""RelativeVolumeLookbackDays"": 40, ""RetracementLevel"": 0.25, ""SL_ATRMultiplier"": 0.78, ""TP_ATRMultiplier"": 0.36, ""TrendEfficiencyWindowMinutes"": 15, ""VolumeWindowMinutes"": 30}",2021-03-23,2026-03-20,1247,2105,0.7283,12185.0,5.79,41.54,-90.03,1.2366,9.64,5.79,1263.615348,2021-03-23,2024-09-16,872,1484,0.7224,7880.0,5.31,43.21,-93.31,1.205,9.64,5.31,817.175949,2024-09-17,2026-03-20,375,621,0.7424,4305.0,6.93,37.66,-81.59,1.3298,5.73,6.93,751.592675,-2470.0,-0.20999999999999996,-0.014799999999999924,0.6900000000000013,-338.88768700000014,540.0,2.25,0.1140000000000001,-2.4000000000000004,288.288508,-1930.0,0.5200000000000005,0.017900000000000027,0.6900000000000013,-312.9873789999999
combo__trend__long__w15__ge_0.333333__volume__short__w30__ge_30000__relvol__short__lb60__ge_0.85,combo,"{""family"": ""combo"", ""name"": ""combo__trend__long__w15__ge_0.333333__volume__short__w30__ge_30000__relvol__short__lb60__ge_0.85"", ""relvol_lookback"": 60, ""relvol_min"": 0.85, ""relvol_mode"": ""short"", ""trend_min"": 0.333333, ""trend_mode"": ""long"", ""trend_window"": 15, ""volume_min"": 30000.0, ""volume_mode"": ""short"", ""volume_window"": 30}","{""ATRTimeFrame"": 15, ""ATR_Length"": 20, ""AllowFriday"": true, ""AllowMonday"": true, ""AllowThursday"": true, ""AllowTuesday"": true, ""AllowWednesday"": true, ""ApplyRelativeVolumeFilterToLongs"": false, ""ApplyRelativeVolumeFilterToShorts"": true, ""ApplyTrendEfficiencyFilterToLongs"": true, ""ApplyTrendEfficiencyFilterToShorts"": false, ""ApplyVolumeFilterToLongs"": false, ""ApplyVolumeFilterToShorts"": true, ""ContractsPerTrade"": 1.0, ""EntryStart_Hour"": 10, ""EntryStart_Minute"": 0, ""FilterAsPercOfContractMARange"": 0.3, ""LastEntry_Hour"": 15, ""LastEntry_Minute"": 0, ""MarketClose_Hour"": 18, ""MarketClose_Minute"": 0, ""MinDirectionalTrendEfficiency15m"": 0.333333, ""MinRelativeVolumeAtTime"": 0.85, ""MinSignalVolumeWindowSum"": 30000.0, ""MinutesBeforeMarketCloseToClosePositions"": 5, ""NumDaysToConsiderPreviousContractMARange"": 5, ""RelativeVolumeLookbackDays"": 60, ""RetracementLevel"": 0.25, ""SL_ATRMultiplier"": 0.78, ""TP_ATRMultiplier"": 0.36, ""TrendEfficiencyWindowMinutes"": 15, ""VolumeWindowMinutes"": 30}",2021-03-23,2026-03-20,1247,2097,0.7268,11735.0,5.6,41.64,-90.27,1.2269,9.63,5.6,1219.177373,2021-03-23,2024-09-16,872,1479,0.7201,7365.0,4.98,43.26,-93.5,1.1903,9.63,4.98,765.167563,2024-09-17,2026-03-20,375,618,0.7427,4370.0,7.07,37.88,-81.86,1.3358,5.12,7.07,853.380986,-2985.0,-0.5399999999999991,-0.02950000000000008,0.6800000000000015,-390.8960730000001,605.0,2.3900000000000006,0.1200000000000001,-3.0100000000000007,390.076819,-2380.0,0.33000000000000007,0.008200000000000207,0.6800000000000015,-357.42535399999997
combo__trend__long__w15__ge_0.400000__volume__both__w30__ge_50000__relvol__both__lb20__ge_1.00,combo,"{""family"": ""combo"", ""name"": ""combo__trend__long__w15__ge_0.400000__volume__both__w30__ge_50000__relvol__both__lb20__ge_1.00"", ""relvol_lookback"": 20, ""relvol_min"": 1.0, ""relvol_mode"": ""both"", ""trend_min"": 0.4, ""trend_mode"": ""long"", ""trend_window"": 15, ""volume_min"": 50000.0, ""volume_mode"": ""both"", ""volume_window"": 30}","{""ATRTimeFrame"": 15, ""ATR_Length"": 20, ""AllowFriday"": true, ""AllowMonday"": true, ""AllowThursday"": true, ""AllowTuesday"": true, ""AllowWednesday"": true, ""ApplyRelativeVolumeFilterToLongs"": true, ""ApplyRelativeVolumeFilterToShorts"": true, ""ApplyTrendEfficiencyFilterToLongs"": true, ""ApplyTrendEfficiencyFilterToShorts"": false, ""ApplyVolumeFilterToLongs"": true, ""ApplyVolumeFilterToShorts"": true, ""ContractsPerTrade"": 1.0, ""EntryStart_Hour"": 10, ""EntryStart_Minute"": 0, ""FilterAsPercOfContractMARange"": 0.3, ""LastEntry_Hour"": 15, ""LastEntry_Minute"": 0, ""MarketClose_Hour"": 18, ""MarketClose_Minute"": 0, ""MinDirectionalTrendEfficiency15m"": 0.4, ""MinRelativeVolumeAtTime"": 1.0, ""MinSignalVolumeWindowSum"": 50000.0, ""MinutesBeforeMarketCloseToClosePositions"": 5, ""NumDaysToConsiderPreviousContractMARange"": 5, ""RelativeVolumeLookbackDays"": 20, ""RetracementLevel"": 0.25, ""SL_ATRMultiplier"": 0.78, ""TP_ATRMultiplier"": 0.36, ""TrendEfficiencyWindowMinutes"": 15, ""VolumeWindowMinutes"": 30}",2021-03-23,2026-03-20,1247,1225,0.729,7750.0,6.33,44.29,-95.8,1.2437,5.06,6.33,1531.25,2021-03-23,2024-09-16,872,884,0.7319,6195.0,7.01,45.73,-98.69,1.2649,5.06,7.01,1224.012097,2024-09-17,2026-03-20,375,341,0.7214,1555.0,4.56,40.53,-88.58,1.1848,6.7,4.56,231.986562,-4155.0,1.4900000000000002,0.04509999999999992,-3.8899999999999997,67.94846099999995,-2210.0,-0.1200000000000001,-0.030999999999999917,-1.4300000000000006,-231.31760500000001,-6365.0,1.0600000000000005,0.025000000000000133,-3.8899999999999997,-45.35272699999996
combo__trend__long__w15__ge_0.400000__volume__both__w30__ge_50000__relvol__short__lb40__ge_0.85,combo,"{""family"": ""combo"", ""name"": ""combo__trend__long__w15__ge_0.400000__volume__both__w30__ge_50000__relvol__short__lb40__ge_0.85"", ""relvol_lookback"": 40, ""relvol_min"": 0.85, ""relvol_mode"": ""short"", ""trend_min"": 0.4, ""trend_mode"": ""long"", ""trend_window"": 15, ""volume_min"": 50000.0, ""volume_mode"": ""both"", ""volume_window"": 30}","{""ATRTimeFrame"": 15, ""ATR_Length"": 20, ""AllowFriday"": true, ""AllowMonday"": true, ""AllowThursday"": true, ""AllowTuesday"": true, ""AllowWednesday"": true, ""ApplyRelativeVolumeFilterToLongs"": false, ""ApplyRelativeVolumeFilterToShorts"": true, ""ApplyTrendEfficiencyFilterToLongs"": true, ""ApplyTrendEfficiencyFilterToShorts"": false, ""ApplyVolumeFilterToLongs"": true, ""ApplyVolumeFilterToShorts"": true, ""ContractsPerTrade"": 1.0, ""EntryStart_Hour"": 10, ""EntryStart_Minute"": 0, ""FilterAsPercOfContractMARange"": 0.3, ""LastEntry_Hour"": 15, ""LastEntry_Minute"": 0, ""MarketClose_Hour"": 18, ""MarketClose_Minute"": 0, ""MinDirectionalTrendEfficiency15m"": 0.4, ""MinRelativeVolumeAtTime"": 0.85, ""MinSignalVolumeWindowSum"": 50000.0, ""MinutesBeforeMarketCloseToClosePositions"": 5, ""NumDaysToConsiderPreviousContractMARange"": 5, ""RelativeVolumeLookbackDays"": 40, ""RetracementLevel"": 0.25, ""SL_ATRMultiplier"": 0.78, ""TP_ATRMultiplier"": 0.36, ""TrendEfficiencyWindowMinutes"": 15, ""VolumeWindowMinutes"": 30}",2021-03-23,2026-03-20,1247,1682,0.7259,10165.0,6.04,43.35,-92.75,1.2377,5.86,6.04,1734.273469,2021-03-23,2024-09-16,872,1226,0.7284,8200.0,6.69,44.76,-95.42,1.2581,5.86,6.69,1399.020408,2024-09-17,2026-03-20,375,456,0.7193,1965.0,4.31,39.48,-85.82,1.1789,8.16,4.31,240.926087,-2150.0,1.1700000000000008,0.0383,-3.089999999999999,242.956772,-1800.0,-0.3700000000000001,-0.03689999999999993,0.02999999999999936,-222.37808,-3950.0,0.7700000000000005,0.019000000000000128,-3.089999999999999,157.67074200000002
combo__trend__long__w15__ge_0.400000__volume__both__w30__ge_50000__relvol__short__lb60__ge_0.85,combo,"{""family"": ""combo"", ""name"": ""combo__trend__long__w15__ge_0.400000__volume__both__w30__ge_50000__relvol__short__lb60__ge_0.85"", ""relvol_lookback"": 60, ""relvol_min"": 0.85, ""relvol_mode"": ""short"", ""trend_min"": 0.4, ""trend_mode"": ""long"", ""trend_window"": 15, ""volume_min"": 50000.0, ""volume_mode"": ""both"", ""volume_window"": 30}","{""ATRTimeFrame"": 15, ""ATR_Length"": 20, ""AllowFriday"": true, ""AllowMonday"": true, ""AllowThursday"": true, ""AllowTuesday"": true, ""AllowWednesday"": true, ""ApplyRelativeVolumeFilterToLongs"": false, ""ApplyRelativeVolumeFilterToShorts"": true, ""ApplyTrendEfficiencyFilterToLongs"": true, ""ApplyTrendEfficiencyFilterToShorts"": false, ""ApplyVolumeFilterToLongs"": true, ""ApplyVolumeFilterToShorts"": true, ""ContractsPerTrade"": 1.0, ""EntryStart_Hour"": 10, ""EntryStart_Minute"": 0, ""FilterAsPercOfContractMARange"": 0.3, ""LastEntry_Hour"": 15, ""LastEntry_Minute"": 0, ""MarketClose_Hour"": 18, ""MarketClose_Minute"": 0, ""MinDirectionalTrendEfficiency15m"": 0.4, ""MinRelativeVolumeAtTime"": 0.85, ""MinSignalVolumeWindowSum"": 50000.0, ""MinutesBeforeMarketCloseToClosePositions"": 5, ""NumDaysToConsiderPreviousContractMARange"": 5, ""RelativeVolumeLookbackDays"": 60, ""RetracementLevel"": 0.25, ""SL_ATRMultiplier"": 0.78, ""TP_ATRMultiplier"": 0.36, ""TrendEfficiencyWindowMinutes"": 15, ""VolumeWindowMinutes"": 30}",2021-03-23,2026-03-20,1247,1673,0.7274,10250.0,6.13,43.42,-93.4,1.2407,5.88,6.13,1742.5,2021-03-23,2024-09-16,872,1220,0.7287,8030.0,6.58,44.77,-95.98,1.2528,5.88,6.58,1365.1,2024-09-17,2026-03-20,375,453,0.7241,2220.0,4.9,39.76,-86.56,1.2052,7.47,4.9,297.15625,-2320.0,1.0600000000000005,0.03299999999999992,-3.0699999999999994,209.03636399999982,-1545.0,0.22000000000000064,-0.010599999999999943,-0.660000000000001,-166.147917,-3865.0,0.8600000000000003,0.02200000000000002,-3.0699999999999994,165.89727300000004
combo__trend__long__w15__ge_0.400000__volume__long__w15__ge_50000__relvol__both__lb20__ge_1.00,combo,"{""family"": ""combo"", ""name"": ""combo__trend__long__w15__ge_0.400000__volume__long__w15__ge_50000__relvol__both__lb20__ge_1.00"", ""relvol_lookback"": 20, ""relvol_min"": 1.0, ""relvol_mode"": ""both"", ""trend_min"": 0.4, ""trend_mode"": ""long"", ""trend_window"": 15, ""volume_min"": 50000.0, ""volume_mode"": ""long"", ""volume_window"": 15}","{""ATRTimeFrame"": 15, ""ATR_Length"": 20, ""AllowFriday"": true, ""AllowMonday"": true, ""AllowThursday"": true, ""AllowTuesday"": true, ""AllowWednesday"": true, ""ApplyRelativeVolumeFilterToLongs"": true, ""ApplyRelativeVolumeFilterToShorts"": true, ""ApplyTrendEfficiencyFilterToLongs"": true, ""ApplyTrendEfficiencyFilterToShorts"": false, ""ApplyVolumeFilterToLongs"": true, ""ApplyVolumeFilterToShorts"": false, ""ContractsPerTrade"": 1.0, ""EntryStart_Hour"": 10, ""EntryStart_Minute"": 0, ""FilterAsPercOfContractMARange"": 0.3, ""LastEntry_Hour"": 15, ""LastEntry_Minute"": 0, ""MarketClose_Hour"": 18, ""MarketClose_Minute"": 0, ""MinDirectionalTrendEfficiency15m"": 0.4, ""MinRelativeVolumeAtTime"": 1.0, ""MinSignalVolumeWindowSum"": 50000.0, ""MinutesBeforeMarketCloseToClosePositions"": 5, ""NumDaysToConsiderPreviousContractMARange"": 5, ""RelativeVolumeLookbackDays"": 20, ""RetracementLevel"": 0.25, ""SL_ATRMultiplier"": 0.78, ""TP_ATRMultiplier"": 0.36, ""TrendEfficiencyWindowMinutes"": 15, ""VolumeWindowMinutes"": 15}",2021-03-23,2026-03-20,1247,1181,0.7409,9505.0,8.05,44.33,-95.69,1.3246,4.46,8.05,2128.792241,2021-03-23,2024-09-16,872,861,0.7422,7475.0,8.68,46.02,-98.78,1.3409,4.46,8.68,1674.142241,2024-09-17,2026-03-20,375,320,0.7375,2030.0,6.34,39.75,-87.5,1.2762,5.84,6.34,347.324658,-2875.0,3.16,0.12109999999999999,-4.489999999999999,518.0786049999999,-1735.0,1.6600000000000001,0.06040000000000001,-2.290000000000001,-115.97950900000001,-4610.0,2.780000000000001,0.1059000000000001,-4.489999999999999,552.1895140000001
combo__trend__long__w15__ge_0.400000__volume__long__w15__ge_50000__relvol__short__lb40__ge_0.85,combo,"{""family"": ""combo"", ""name"": ""combo__trend__long__w15__ge_0.400000__volume__long__w15__ge_50000__relvol__short__lb40__ge_0.85"", ""relvol_lookback"": 40, ""relvol_min"": 0.85, ""relvol_mode"": ""short"", ""trend_min"": 0.4, ""trend_mode"": ""long"", ""trend_window"": 15, ""volume_min"": 50000.0, ""volume_mode"": ""long"", ""volume_window"": 15}","{""ATRTimeFrame"": 15, ""ATR_Length"": 20, ""AllowFriday"": true, ""AllowMonday"": true, ""AllowThursday"": true, ""AllowTuesday"": true, ""AllowWednesday"": true, ""ApplyRelativeVolumeFilterToLongs"": false, ""ApplyRelativeVolumeFilterToShorts"": true, ""ApplyTrendEfficiencyFilterToLongs"": true, ""ApplyTrendEfficiencyFilterToShorts"": false, ""ApplyVolumeFilterToLongs"": true, ""ApplyVolumeFilterToShorts"": false, ""ContractsPerTrade"": 1.0, ""EntryStart_Hour"": 10, ""EntryStart_Minute"": 0, ""FilterAsPercOfContractMARange"": 0.3, ""LastEntry_Hour"": 15, ""LastEntry_Minute"": 0, ""MarketClose_Hour"": 18, ""MarketClose_Minute"": 0, ""MinDirectionalTrendEfficiency15m"": 0.4, ""MinRelativeVolumeAtTime"": 0.85, ""MinSignalVolumeWindowSum"": 50000.0, ""MinutesBeforeMarketCloseToClosePositions"": 5, ""NumDaysToConsiderPreviousContractMARange"": 5, ""RelativeVolumeLookbackDays"": 40, ""RetracementLevel"": 0.25, ""SL_ATRMultiplier"": 0.78, ""TP_ATRMultiplier"": 0.36, ""TrendEfficiencyWindowMinutes"": 15, ""VolumeWindowMinutes"": 15}",2021-03-23,2026-03-20,1247,1404,0.7365,10200.0,7.26,43.79,-94.8,1.2908,7.0,7.26,1456.106667,2021-03-23,2024-09-16,872,1020,0.7304,6945.0,6.81,45.54,-98.11,1.2574,7.0,6.81,991.437333,2024-09-17,2026-03-20,375,384,0.7526,3255.0,8.48,39.27,-85.21,1.4021,3.88,8.48,839.727404,-3405.0,1.29,0.03760000000000008,-1.9499999999999993,-164.62630300000012,-510.0,3.8000000000000007,0.1862999999999999,-4.250000000000001,376.423237,-3915.0,1.9900000000000002,0.07210000000000005,-1.9499999999999993,-120.49605999999994
combo__trend__long__w15__ge_0.400000__volume__long__w15__ge_50000__relvol__short__lb60__ge_0.85,combo,"{""family"": ""combo"", ""name"": ""combo__trend__long__w15__ge_0.400000__volume__long__w15__ge_50000__relvol__short__lb60__ge_0.85"", ""relvol_lookback"": 60, ""relvol_min"": 0.85, ""relvol_mode"": ""short"", ""trend_min"": 0.4, ""trend_mode"": ""long"", ""trend_window"": 15, ""volume_min"": 50000.0, ""volume_mode"": ""long"", ""volume_window"": 15}","{""ATRTimeFrame"": 15, ""ATR_Length"": 20, ""AllowFriday"": true, ""AllowMonday"": true, ""AllowThursday"": true, ""AllowTuesday"": true, ""AllowWednesday"": true, ""ApplyRelativeVolumeFilterToLongs"": false, ""ApplyRelativeVolumeFilterToShorts"": true, ""ApplyTrendEfficiencyFilterToLongs"": true, ""ApplyTrendEfficiencyFilterToShorts"": false, ""ApplyVolumeFilterToLongs"": true, ""ApplyVolumeFilterToShorts"": false, ""ContractsPerTrade"": 1.0, ""EntryStart_Hour"": 10, ""EntryStart_Minute"": 0, ""FilterAsPercOfContractMARange"": 0.3, ""LastEntry_Hour"": 15, ""LastEntry_Minute"": 0, ""MarketClose_Hour"": 18, ""MarketClose_Minute"": 0, ""MinDirectionalTrendEfficiency15m"": 0.4, ""MinRelativeVolumeAtTime"": 0.85, ""MinSignalVolumeWindowSum"": 50000.0, ""MinutesBeforeMarketCloseToClosePositions"": 5, ""NumDaysToConsiderPreviousContractMARange"": 5, ""RelativeVolumeLookbackDays"": 60, ""RetracementLevel"": 0.25, ""SL_ATRMultiplier"": 0.78, ""TP_ATRMultiplier"": 0.36, ""TrendEfficiencyWindowMinutes"": 15, ""VolumeWindowMinutes"": 15}",2021-03-23,2026-03-20,1247,1397,0.7366,10430.0,7.47,44.08,-94.9,1.2986,7.23,7.47,1442.522034,2021-03-23,2024-09-16,872,1020,0.7314,7265.0,7.12,45.82,-98.23,1.2699,7.23,7.12,1004.786441,2024-09-17,2026-03-20,375,377,0.7507,3165.0,8.4,39.49,-85.21,1.3951,4.4,8.4,718.562288,-3085.0,1.6000000000000005,0.05010000000000003,-1.7199999999999989,-151.27719500000012,-600.0,3.7200000000000006,0.17930000000000001,-3.7300000000000004,255.25812099999996,-3685.0,2.2,0.07990000000000008,-1.7199999999999989,-134.08069299999988
combo__trend__long__w15__ge_0.400000__volume__short__w30__ge_30000__relvol__both__lb20__ge_1.00,combo,"{""family"": ""combo"", ""name"": ""combo__trend__long__w15__ge_0.400000__volume__short__w30__ge_30000__relvol__both__lb20__ge_1.00"", ""relvol_lookback"": 20, ""relvol_min"": 1.0, ""relvol_mode"": ""both"", ""trend_min"": 0.4, ""trend_mode"": ""long"", ""trend_window"": 15, ""volume_min"": 30000.0, ""volume_mode"": ""short"", ""volume_window"": 30}","{""ATRTimeFrame"": 15, ""ATR_Length"": 20, ""AllowFriday"": true, ""AllowMonday"": true, ""AllowThursday"": true, ""AllowTuesday"": true, ""AllowWednesday"": true, ""ApplyRelativeVolumeFilterToLongs"": true, ""ApplyRelativeVolumeFilterToShorts"": true, ""ApplyTrendEfficiencyFilterToLongs"": true, ""ApplyTrendEfficiencyFilterToShorts"": false, ""ApplyVolumeFilterToLongs"": false, ""ApplyVolumeFilterToShorts"": true, ""ContractsPerTrade"": 1.0, ""EntryStart_Hour"": 10, ""EntryStart_Minute"": 0, ""FilterAsPercOfContractMARange"": 0.3, ""LastEntry_Hour"": 15, ""LastEntry_Minute"": 0, ""MarketClose_Hour"": 18, ""MarketClose_Minute"": 0, ""MinDirectionalTrendEfficiency15m"": 0.4, ""MinRelativeVolumeAtTime"": 1.0, ""MinSignalVolumeWindowSum"": 30000.0, ""MinutesBeforeMarketCloseToClosePositions"": 5, ""NumDaysToConsiderPreviousContractMARange"": 5, ""RelativeVolumeLookbackDays"": 20, ""RetracementLevel"": 0.25, ""SL_ATRMultiplier"": 0.78, ""TP_ATRMultiplier"": 0.36, ""TrendEfficiencyWindowMinutes"": 15, ""VolumeWindowMinutes"": 30}",2021-03-23,2026-03-20,1247,1352,0.7263,7840.0,5.8,43.24,-93.58,1.2264,5.14,5.8,1525.006452,2021-03-23,2024-09-16,872,960,0.7292,6215.0,6.47,44.85,-96.85,1.2468,5.14,6.47,1208.917742,2024-09-17,2026-03-20,375,392,0.7194,1625.0,4.15,39.26,-85.86,1.172,6.75,4.15,240.621118,-4135.0,0.9500000000000002,0.026999999999999913,-3.8099999999999996,52.854106,-2140.0,-0.5299999999999994,-0.04380000000000006,-1.3800000000000008,-222.683049,-6275.0,0.5300000000000002,0.00770000000000004,-3.8099999999999996,-51.59627499999988
combo__trend__long__w15__ge_0.400000__volume__short__w30__ge_30000__relvol__short__lb40__ge_0.85,combo,"{""family"": ""combo"", ""name"": ""combo__trend__long__w15__ge_0.400000__volume__short__w30__ge_30000__relvol__short__lb40__ge_0.85"", ""relvol_lookback"": 40, ""relvol_min"": 0.85, ""relvol_mode"": ""short"", ""trend_min"": 0.4, ""trend_mode"": ""long"", ""trend_window"": 15, ""volume_min"": 30000.0, ""volume_mode"": ""short"", ""volume_window"": 30}","{""ATRTimeFrame"": 15, ""ATR_Length"": 20, ""AllowFriday"": true, ""AllowMonday"": true, ""AllowThursday"": true, ""AllowTuesday"": true, ""AllowWednesday"": true, ""ApplyRelativeVolumeFilterToLongs"": false, ""ApplyRelativeVolumeFilterToShorts"": true, ""ApplyTrendEfficiencyFilterToLongs"": true, ""ApplyTrendEfficiencyFilterToShorts"": false, ""ApplyVolumeFilterToLongs"": false, ""ApplyVolumeFilterToShorts"": true, ""ContractsPerTrade"": 1.0, ""EntryStart_Hour"": 10, ""EntryStart_Minute"": 0, ""FilterAsPercOfContractMARange"": 0.3, ""LastEntry_Hour"": 15, ""LastEntry_Minute"": 0, ""MarketClose_Hour"": 18, ""MarketClose_Minute"": 0, ""MinDirectionalTrendEfficiency15m"": 0.4, ""MinRelativeVolumeAtTime"": 0.85, ""MinSignalVolumeWindowSum"": 30000.0, ""MinutesBeforeMarketCloseToClosePositions"": 5, ""NumDaysToConsiderPreviousContractMARange"": 5, ""RelativeVolumeLookbackDays"": 40, ""RetracementLevel"": 0.25, ""SL_ATRMultiplier"": 0.78, ""TP_ATRMultiplier"": 0.36, ""TrendEfficiencyWindowMinutes"": 15, ""VolumeWindowMinutes"": 30}",2021-03-23,2026-03-20,1247,1946,0.7261,11265.0,5.79,41.95,-90.07,1.2347,6.32,5.79,1781.518537,2021-03-23,2024-09-16,872,1375,0.7273,8475.0,6.16,43.52,-93.44,1.2419,6.32,6.16,1340.290244,2024-09-17,2026-03-20,375,571,0.7233,2790.0,4.89,38.15,-82.06,1.2152,6.89,4.89,404.705,-1875.0,0.6400000000000006,0.02210000000000001,-2.629999999999999,184.22660799999994,-975.0,0.20999999999999996,-0.0005999999999999339,-1.240000000000001,-58.59916700000002,-2850.0,0.5200000000000005,0.016000000000000014,-2.629999999999999,204.91580999999996
combo__trend__long__w15__ge_0.400000__volume__short__w30__ge_30000__relvol__short__lb60__ge_0.85,combo,"{""family"": ""combo"", ""name"": ""combo__trend__long__w15__ge_0.400000__volume__short__w30__ge_30000__relvol__short__lb60__ge_0.85"", ""relvol_lookback"": 60, ""relvol_min"": 0.85, ""relvol_mode"": ""short"", ""trend_min"": 0.4, ""trend_mode"": ""long"", ""trend_window"": 15, ""volume_min"": 30000.0, ""volume_mode"": ""short"", ""volume_window"": 30}","{""ATRTimeFrame"": 15, ""ATR_Length"": 20, ""AllowFriday"": true, ""AllowMonday"": true, ""AllowThursday"": true, ""AllowTuesday"": true, ""AllowWednesday"": true, ""ApplyRelativeVolumeFilterToLongs"": false, ""ApplyRelativeVolumeFilterToShorts"": true, ""ApplyTrendEfficiencyFilterToLongs"": true, ""ApplyTrendEfficiencyFilterToShorts"": false, ""ApplyVolumeFilterToLongs"": false, ""ApplyVolumeFilterToShorts"": true, ""ContractsPerTrade"": 1.0, ""EntryStart_Hour"": 10, ""EntryStart_Minute"": 0, ""FilterAsPercOfContractMARange"": 0.3, ""LastEntry_Hour"": 15, ""LastEntry_Minute"": 0, ""MarketClose_Hour"": 18, ""MarketClose_Minute"": 0, ""MinDirectionalTrendEfficiency15m"": 0.4, ""MinRelativeVolumeAtTime"": 0.85, ""MinSignalVolumeWindowSum"": 30000.0, ""MinutesBeforeMarketCloseToClosePositions"": 5, ""NumDaysToConsiderPreviousContractMARange"": 5, ""RelativeVolumeLookbackDays"": 60, ""RetracementLevel"": 0.25, ""SL_ATRMultiplier"": 0.78, ""TP_ATRMultiplier"": 0.36, ""TrendEfficiencyWindowMinutes"": 15, ""VolumeWindowMinutes"": 30}",2021-03-23,2026-03-20,1247,1938,0.7245,10815.0,5.58,42.05,-90.32,1.2242,6.31,5.58,1713.518049,2021-03-23,2024-09-16,872,1370,0.7248,7960.0,5.81,43.57,-93.65,1.2255,6.31,5.81,1261.174634,2024-09-17,2026-03-20,375,568,0.7236,2855.0,5.03,38.39,-82.32,1.2209,7.3,5.03,390.97228,-2390.0,0.29000000000000004,0.005700000000000038,-2.6399999999999997,105.11099799999988,-910.0,0.35000000000000053,0.0051000000000001044,-0.830000000000001,-72.331887,-3300.0,0.3100000000000005,0.00550000000000006,-2.6399999999999997,136.91532200000006
