name,family,config,params,all_start_date,all_end_date,all_trading_days,all_total_trades,all_win_rate,all_net_profit_brl,all_avg_profit_brl,all_avg_win_brl,all_avg_loss_brl,all_profit_factor,all_max_drawdown_pct,all_expected_payoff,all_on_tester_value,train_start_date,train_end_date,train_trading_days,train_total_trades,train_win_rate,train_net_profit_brl,train_avg_profit_brl,train_avg_win_brl,train_avg_loss_brl,train_profit_factor,train_max_drawdown_pct,train_expected_payoff,train_on_tester_value,test_start_date,test_end_date,test_trading_days,test_total_trades,test_win_rate,test_net_profit_brl,test_avg_profit_brl,test_avg_win_brl,test_avg_loss_brl,test_profit_factor,test_max_drawdown_pct,test_expected_payoff,test_on_tester_value,train_net_delta,train_avg_delta,train_pf_delta,train_dd_delta,train_on_tester_delta,test_net_delta,test_avg_delta,test_pf_delta,test_dd_delta,test_on_tester_delta,all_net_delta,all_avg_delta,all_pf_delta,all_dd_delta,all_on_tester_delta
baseline,baseline,"{""family"": ""baseline"", ""name"": ""baseline"", ""relvol_lookback"": 20, ""relvol_min"": 0.0, ""relvol_mode"": ""off"", ""trend_min"": 0.0, ""trend_mode"": ""off"", ""trend_window"": 15, ""volume_min"": 0.0, ""volume_mode"": ""off"", ""volume_window"": 15}","{""ATRTimeFrame"": 15, ""ATR_Length"": 20, ""AllowFriday"": true, ""AllowMonday"": true, ""AllowThursday"": true, ""AllowTuesday"": true, ""AllowWednesday"": true, ""ApplyRelativeVolumeFilterToLongs"": false, ""ApplyRelativeVolumeFilterToShorts"": false, ""ApplyTrendEfficiencyFilterToLongs"": false, ""ApplyTrendEfficiencyFilterToShorts"": false, ""ApplyVolumeFilterToLongs"": false, ""ApplyVolumeFilterToShorts"": false, ""ContractsPerTrade"": 1.0, ""EntryStart_Hour"": 10, ""EntryStart_Minute"": 0, ""FilterAsPercOfContractMARange"": 0.3, ""LastEntry_Hour"": 15, ""LastEntry_Minute"": 0, ""MarketClose_Hour"": 18, ""MarketClose_Minute"": 0, ""MinDirectionalTrendEfficiency15m"": 0.0, ""MinRelativeVolumeAtTime"": 0.0, ""MinSignalVolumeWindowSum"": 0.0, ""MinutesBeforeMarketCloseToClosePositions"": 5, ""NumDaysToConsiderPreviousContractMARange"": 5, ""RelativeVolumeLookbackDays"": 20, ""RetracementLevel"": 0.25, ""SL_ATRMultiplier"": 0.78, ""TP_ATRMultiplier"": 0.36, ""TrendEfficiencyWindowMinutes"": 15, ""VolumeWindowMinutes"": 15}",2021-03-23,2026-03-20,1247,2679,0.7238,14115.0,5.27,40.56,-87.2,1.2187,8.95,5.27,1576.602727,2021-03-23,2024-09-16,872,1875,0.7237,10350.0,5.52,42.32,-90.9,1.2198,8.95,5.52,1156.063636,2024-09-17,2026-03-20,375,804,0.7239,3765.0,4.68,36.44,-78.58,1.2158,8.13,4.68,463.304167,0.0,0.0,0.0,0.0,0.0,0.0,0.0,0.0,0.0,0.0,0.0,0.0,0.0,0.0,0.0
trend__long__w15__ge_0.250000,trend,"{""family"": ""trend"", ""name"": ""trend__long__w15__ge_0.250000"", ""relvol_lookback"": 20, ""relvol_min"": 0.0, ""relvol_mode"": ""off"", ""trend_min"": 0.25, ""trend_mode"": ""long"", ""trend_window"": 15, ""volume_min"": 0.0, ""volume_mode"": ""off"", ""volume_window"": 15}","{""ATRTimeFrame"": 15, ""ATR_Length"": 20, ""AllowFriday"": true, ""AllowMonday"": true, ""AllowThursday"": true, ""AllowTuesday"": true, ""AllowWednesday"": true, ""ApplyRelativeVolumeFilterToLongs"": false, ""ApplyRelativeVolumeFilterToShorts"": false, ""ApplyTrendEfficiencyFilterToLongs"": true, ""ApplyTrendEfficiencyFilterToShorts"": false, ""ApplyVolumeFilterToLongs"": false, ""ApplyVolumeFilterToShorts"": false, ""ContractsPerTrade"": 1.0, ""EntryStart_Hour"": 10, ""EntryStart_Minute"": 0, ""FilterAsPercOfContractMARange"": 0.3, ""LastEntry_Hour"": 15, ""LastEntry_Minute"": 0, ""MarketClose_Hour"": 18, ""MarketClose_Minute"": 0, ""MinDirectionalTrendEfficiency15m"": 0.25, ""MinRelativeVolumeAtTime"": 0.0, ""MinSignalVolumeWindowSum"": 0.0, ""MinutesBeforeMarketCloseToClosePositions"": 5, ""NumDaysToConsiderPreviousContractMARange"": 5, ""RelativeVolumeLookbackDays"": 20, ""RetracementLevel"": 0.25, ""SL_ATRMultiplier"": 0.78, ""TP_ATRMultiplier"": 0.36, ""TrendEfficiencyWindowMinutes"": 15, ""VolumeWindowMinutes"": 15}",2021-03-23,2026-03-20,1247,2492,0.7235,13195.0,5.29,40.73,-87.45,1.219,8.09,5.29,1630.32588,2021-03-23,2024-09-16,872,1742,0.7245,9680.0,5.56,42.45,-91.44,1.2206,8.09,5.56,1196.025352,2024-09-17,2026-03-20,375,750,0.7213,3515.0,4.69,36.74,-78.28,1.2149,6.71,4.69,523.525497,-670.0,0.040000000000000036,0.0007999999999999119,-0.8599999999999994,39.961716000000024,-250.0,0.010000000000000675,-0.0008999999999999009,-1.4200000000000008,60.221329999999966,-920.0,0.020000000000000462,0.000300000000000189,-0.8599999999999994,53.72315300000014
trend__long__w15__ge_0.333333,trend,"{""family"": ""trend"", ""name"": ""trend__long__w15__ge_0.333333"", ""relvol_lookback"": 20, ""relvol_min"": 0.0, ""relvol_mode"": ""off"", ""trend_min"": 0.333333, ""trend_mode"": ""long"", ""trend_window"": 15, ""volume_min"": 0.0, ""volume_mode"": ""off"", ""volume_window"": 15}","{""ATRTimeFrame"": 15, ""ATR_Length"": 20, ""AllowFriday"": true, ""AllowMonday"": true, ""AllowThursday"": true, ""AllowTuesday"": true, ""AllowWednesday"": true, ""ApplyRelativeVolumeFilterToLongs"": false, ""ApplyRelativeVolumeFilterToShorts"": false, ""ApplyTrendEfficiencyFilterToLongs"": true, ""ApplyTrendEfficiencyFilterToShorts"": false, ""ApplyVolumeFilterToLongs"": false, ""ApplyVolumeFilterToShorts"": false, ""ContractsPerTrade"": 1.0, ""EntryStart_Hour"": 10, ""EntryStart_Minute"": 0, ""FilterAsPercOfContractMARange"": 0.3, ""LastEntry_Hour"": 15, ""LastEntry_Minute"": 0, ""MarketClose_Hour"": 18, ""MarketClose_Minute"": 0, ""MinDirectionalTrendEfficiency15m"": 0.333333, ""MinRelativeVolumeAtTime"": 0.0, ""MinSignalVolumeWindowSum"": 0.0, ""MinutesBeforeMarketCloseToClosePositions"": 5, ""NumDaysToConsiderPreviousContractMARange"": 5, ""RelativeVolumeLookbackDays"": 20, ""RetracementLevel"": 0.25, ""SL_ATRMultiplier"": 0.78, ""TP_ATRMultiplier"": 0.36, ""TrendEfficiencyWindowMinutes"": 15, ""VolumeWindowMinutes"": 15}",2021-03-23,2026-03-20,1247,2386,0.7267,13775.0,5.77,40.93,-87.74,1.2408,8.53,5.77,1614.24322,2021-03-23,2024-09-16,872,1662,0.7244,9410.0,5.66,42.72,-91.76,1.2239,8.53,5.66,1102.724407,2024-09-17,2026-03-20,375,724,0.732,4365.0,6.03,36.88,-78.25,1.2875,5.84,6.03,747.405828,-940.0,0.14000000000000057,0.0040999999999999925,-0.41999999999999993,-53.33922900000016,600.0,1.3500000000000005,0.0717000000000001,-2.290000000000001,284.10166100000004,-340.0,0.5,0.02210000000000001,-0.41999999999999993,37.640493000000106
trend__long__w15__ge_0.400000,trend,"{""family"": ""trend"", ""name"": ""trend__long__w15__ge_0.400000"", ""relvol_lookback"": 20, ""relvol_min"": 0.0, ""relvol_mode"": ""off"", ""trend_min"": 0.4, ""trend_mode"": ""long"", ""trend_window"": 15, ""volume_min"": 0.0, ""volume_mode"": ""off"", ""volume_window"": 15}","{""ATRTimeFrame"": 15, ""ATR_Length"": 20, ""AllowFriday"": true, ""AllowMonday"": true, ""AllowThursday"": true, ""AllowTuesday"": true, ""AllowWednesday"": true, ""ApplyRelativeVolumeFilterToLongs"": false, ""ApplyRelativeVolumeFilterToShorts"": false, ""ApplyTrendEfficiencyFilterToLongs"": true, ""ApplyTrendEfficiencyFilterToShorts"": false, ""ApplyVolumeFilterToLongs"": false, ""ApplyVolumeFilterToShorts"": false, ""ContractsPerTrade"": 1.0, ""EntryStart_Hour"": 10, ""EntryStart_Minute"": 0, ""FilterAsPercOfContractMARange"": 0.3, ""LastEntry_Hour"": 15, ""LastEntry_Minute"": 0, ""MarketClose_Hour"": 18, ""MarketClose_Minute"": 0, ""MinDirectionalTrendEfficiency15m"": 0.4, ""MinRelativeVolumeAtTime"": 0.0, ""MinSignalVolumeWindowSum"": 0.0, ""MinutesBeforeMarketCloseToClosePositions"": 5, ""NumDaysToConsiderPreviousContractMARange"": 5, ""RelativeVolumeLookbackDays"": 20, ""RetracementLevel"": 0.25, ""SL_ATRMultiplier"": 0.78, ""TP_ATRMultiplier"": 0.36, ""TrendEfficiencyWindowMinutes"": 15, ""VolumeWindowMinutes"": 15}",2021-03-23,2026-03-20,1247,2227,0.7247,12855.0,5.77,41.24,-87.62,1.2393,5.5,5.77,2336.923881,2021-03-23,2024-09-16,872,1553,0.7289,10005.0,6.44,42.95,-91.73,1.2591,5.5,6.44,1818.819403,2024-09-17,2026-03-20,375,674,0.7151,2850.0,4.23,37.22,-78.59,1.1889,7.78,4.23,366.507246,-345.0,0.9200000000000008,0.03930000000000011,-3.4499999999999993,662.7557669999999,-915.0,-0.4499999999999993,-0.026899999999999924,-0.35000000000000053,-96.796921,-1260.0,0.5,0.020600000000000174,-3.4499999999999993,760.3211540000002
trend__long__w15__ge_0.500000,trend,"{""family"": ""trend"", ""name"": ""trend__long__w15__ge_0.500000"", ""relvol_lookback"": 20, ""relvol_min"": 0.0, ""relvol_mode"": ""off"", ""trend_min"": 0.5, ""trend_mode"": ""long"", ""trend_window"": 15, ""volume_min"": 0.0, ""volume_mode"": ""off"", ""volume_window"": 15}","{""ATRTimeFrame"": 15, ""ATR_Length"": 20, ""AllowFriday"": true, ""AllowMonday"": true, ""AllowThursday"": true, ""AllowTuesday"": true, ""AllowWednesday"": true, ""ApplyRelativeVolumeFilterToLongs"": false, ""ApplyRelativeVolumeFilterToShorts"": false, ""ApplyTrendEfficiencyFilterToLongs"": true, ""ApplyTrendEfficiencyFilterToShorts"": false, ""ApplyVolumeFilterToLongs"": false, ""ApplyVolumeFilterToShorts"": false, ""ContractsPerTrade"": 1.0, ""EntryStart_Hour"": 10, ""EntryStart_Minute"": 0, ""FilterAsPercOfContractMARange"": 0.3, ""LastEntry_Hour"": 15, ""LastEntry_Minute"": 0, ""MarketClose_Hour"": 18, ""MarketClose_Minute"": 0, ""MinDirectionalTrendEfficiency15m"": 0.5, ""MinRelativeVolumeAtTime"": 0.0, ""MinSignalVolumeWindowSum"": 0.0, ""MinutesBeforeMarketCloseToClosePositions"": 5, ""NumDaysToConsiderPreviousContractMARange"": 5, ""RelativeVolumeLookbackDays"": 20, ""RetracementLevel"": 0.25, ""SL_ATRMultiplier"": 0.78, ""TP_ATRMultiplier"": 0.36, ""TrendEfficiencyWindowMinutes"": 15, ""VolumeWindowMinutes"": 15}",2021-03-23,2026-03-20,1247,1995,0.7258,12045.0,6.04,41.46,-87.74,1.251,6.14,6.04,1960.926,2021-03-23,2024-09-16,872,1379,0.7331,9765.0,7.08,43.17,-92.05,1.2883,6.14,7.08,1589.742,2024-09-17,2026-03-20,375,616,0.7094,2280.0,3.7,37.53,-78.88,1.1615,8.29,3.7,275.098592,-585.0,1.5600000000000005,0.0685,-2.8099999999999996,433.6783639999999,-1485.0,-0.9799999999999995,-0.054300000000000015,0.15999999999999837,-188.205575,-2070.0,0.7700000000000005,0.032299999999999995,-2.8099999999999996,384.323273
trend__both__w15__ge_0.250000,trend,"{""family"": ""trend"", ""name"": ""trend__both__w15__ge_0.250000"", ""relvol_lookback"": 20, ""relvol_min"": 0.0, ""relvol_mode"": ""off"", ""trend_min"": 0.25, ""trend_mode"": ""both"", ""trend_window"": 15, ""volume_min"": 0.0, ""volume_mode"": ""off"", ""volume_window"": 15}","{""ATRTimeFrame"": 15, ""ATR_Length"": 20, ""AllowFriday"": true, ""AllowMonday"": true, ""AllowThursday"": true, ""AllowTuesday"": true, ""AllowWednesday"": true, ""ApplyRelativeVolumeFilterToLongs"": false, ""ApplyRelativeVolumeFilterToShorts"": false, ""ApplyTrendEfficiencyFilterToLongs"": true, ""ApplyTrendEfficiencyFilterToShorts"": true, ""ApplyVolumeFilterToLongs"": false, ""ApplyVolumeFilterToShorts"": false, ""ContractsPerTrade"": 1.0, ""EntryStart_Hour"": 10, ""EntryStart_Minute"": 0, ""FilterAsPercOfContractMARange"": 0.3, ""LastEntry_Hour"": 15, ""LastEntry_Minute"": 0, ""MarketClose_Hour"": 18, ""MarketClose_Minute"": 0, ""MinDirectionalTrendEfficiency15m"": 0.25, ""MinRelativeVolumeAtTime"": 0.0, ""MinSignalVolumeWindowSum"": 0.0, ""MinutesBeforeMarketCloseToClosePositions"": 5, ""NumDaysToConsiderPreviousContractMARange"": 5, ""RelativeVolumeLookbackDays"": 20, ""RetracementLevel"": 0.25, ""SL_ATRMultiplier"": 0.78, ""TP_ATRMultiplier"": 0.36, ""TrendEfficiencyWindowMinutes"": 15, ""VolumeWindowMinutes"": 15}",2021-03-23,2026-03-20,1247,2305,0.7249,12510.0,5.43,40.85,-87.94,1.2244,8.2,5.43,1525.070671,2021-03-23,2024-09-16,872,1614,0.7255,9180.0,5.69,42.56,-91.77,1.2258,8.2,5.69,1119.116608,2024-09-17,2026-03-20,375,691,0.7236,3330.0,4.82,36.86,-79.06,1.2205,6.96,4.82,478.27125,-1170.0,0.17000000000000082,0.006000000000000005,-0.75,-36.947028000000046,-435.0,0.14000000000000057,0.0046999999999999265,-1.1700000000000008,14.967083000000002,-1605.0,0.16000000000000014,0.005700000000000038,-0.75,-51.53205600000001
trend__both__w15__ge_0.333333,trend,"{""family"": ""trend"", ""name"": ""trend__both__w15__ge_0.333333"", ""relvol_lookback"": 20, ""relvol_min"": 0.0, ""relvol_mode"": ""off"", ""trend_min"": 0.333333, ""trend_mode"": ""both"", ""trend_window"": 15, ""volume_min"": 0.0, ""volume_mode"": ""off"", ""volume_window"": 15}","{""ATRTimeFrame"": 15, ""ATR_Length"": 20, ""AllowFriday"": true, ""AllowMonday"": true, ""AllowThursday"": true, ""AllowTuesday"": true, ""AllowWednesday"": true, ""ApplyRelativeVolumeFilterToLongs"": false, ""ApplyRelativeVolumeFilterToShorts"": false, ""ApplyTrendEfficiencyFilterToLongs"": true, ""ApplyTrendEfficiencyFilterToShorts"": true, ""ApplyVolumeFilterToLongs"": false, ""ApplyVolumeFilterToShorts"": false, ""ContractsPerTrade"": 1.0, ""EntryStart_Hour"": 10, ""EntryStart_Minute"": 0, ""FilterAsPercOfContractMARange"": 0.3, ""LastEntry_Hour"": 15, ""LastEntry_Minute"": 0, ""MarketClose_Hour"": 18, ""MarketClose_Minute"": 0, ""MinDirectionalTrendEfficiency15m"": 0.333333, ""MinRelativeVolumeAtTime"": 0.0, ""MinSignalVolumeWindowSum"": 0.0, ""MinutesBeforeMarketCloseToClosePositions"": 5, ""NumDaysToConsiderPreviousContractMARange"": 5, ""RelativeVolumeLookbackDays"": 20, ""RetracementLevel"": 0.25, ""SL_ATRMultiplier"": 0.78, ""TP_ATRMultiplier"": 0.36, ""TrendEfficiencyWindowMinutes"": 15, ""VolumeWindowMinutes"": 15}",2021-03-23,2026-03-20,1247,2074,0.7252,11445.0,5.52,41.19,-88.61,1.2266,8.62,5.52,1328.211255,2021-03-23,2024-09-16,872,1458,0.7174,6890.0,4.73,42.97,-92.37,1.1811,8.62,4.73,799.595941,2024-09-17,2026-03-20,375,616,0.7435,4555.0,7.39,37.14,-78.83,1.3657,5.69,7.39,800.256562,-3460.0,-0.7899999999999991,-0.03869999999999996,-0.33000000000000007,-356.46769500000005,790.0,2.71,0.14989999999999992,-2.4400000000000004,336.952395,-2670.0,0.25,0.007900000000000018,-0.33000000000000007,-248.39147200000002
trend__both__w15__ge_0.400000,trend,"{""family"": ""trend"", ""name"": ""trend__both__w15__ge_0.400000"", ""relvol_lookback"": 20, ""relvol_min"": 0.0, ""relvol_mode"": ""off"", ""trend_min"": 0.4, ""trend_mode"": ""both"", ""trend_window"": 15, ""volume_min"": 0.0, ""volume_mode"": ""off"", ""volume_window"": 15}","{""ATRTimeFrame"": 15, ""ATR_Length"": 20, ""AllowFriday"": true, ""AllowMonday"": true, ""AllowThursday"": true, ""AllowTuesday"": true, ""AllowWednesday"": true, ""ApplyRelativeVolumeFilterToLongs"": false, ""ApplyRelativeVolumeFilterToShorts"": false, ""ApplyTrendEfficiencyFilterToLongs"": true, ""ApplyTrendEfficiencyFilterToShorts"": true, ""ApplyVolumeFilterToLongs"": false, ""ApplyVolumeFilterToShorts"": false, ""ContractsPerTrade"": 1.0, ""EntryStart_Hour"": 10, ""EntryStart_Minute"": 0, ""FilterAsPercOfContractMARange"": 0.3, ""LastEntry_Hour"": 15, ""LastEntry_Minute"": 0, ""MarketClose_Hour"": 18, ""MarketClose_Minute"": 0, ""MinDirectionalTrendEfficiency15m"": 0.4, ""MinRelativeVolumeAtTime"": 0.0, ""MinSignalVolumeWindowSum"": 0.0, ""MinutesBeforeMarketCloseToClosePositions"": 5, ""NumDaysToConsiderPreviousContractMARange"": 5, ""RelativeVolumeLookbackDays"": 20, ""RetracementLevel"": 0.25, ""SL_ATRMultiplier"": 0.78, ""TP_ATRMultiplier"": 0.36, ""TrendEfficiencyWindowMinutes"": 15, ""VolumeWindowMinutes"": 15}",2021-03-23,2026-03-20,1247,1770,0.7254,10455.0,5.91,41.69,-88.63,1.2427,5.02,5.91,2084.625,2021-03-23,2024-09-16,872,1254,0.7273,7835.0,6.25,43.27,-92.47,1.2477,5.02,6.25,1562.222561,2024-09-17,2026-03-20,375,516,0.7209,2620.0,5.08,37.82,-79.51,1.2288,7.91,5.08,331.315534,-2515.0,0.7300000000000004,0.027900000000000036,-3.9299999999999997,406.15892499999995,-1145.0,0.40000000000000036,0.0129999999999999,-0.22000000000000064,-131.988633,-3660.0,0.6400000000000006,0.02400000000000002,-3.9299999999999997,508.02227300000004
trend__both__w15__ge_0.500000,trend,"{""family"": ""trend"", ""name"": ""trend__both__w15__ge_0.500000"", ""relvol_lookback"": 20, ""relvol_min"": 0.0, ""relvol_mode"": ""off"", ""trend_min"": 0.5, ""trend_mode"": ""both"", ""trend_window"": 15, ""volume_min"": 0.0, ""volume_mode"": ""off"", ""volume_window"": 15}","{""ATRTimeFrame"": 15, ""ATR_Length"": 20, ""AllowFriday"": true, ""AllowMonday"": true, ""AllowThursday"": true, ""AllowTuesday"": true, ""AllowWednesday"": true, ""ApplyRelativeVolumeFilterToLongs"": false, ""ApplyRelativeVolumeFilterToShorts"": false, ""ApplyTrendEfficiencyFilterToLongs"": true, ""ApplyTrendEfficiencyFilterToShorts"": true, ""ApplyVolumeFilterToLongs"": false, ""ApplyVolumeFilterToShorts"": false, ""ContractsPerTrade"": 1.0, ""EntryStart_Hour"": 10, ""EntryStart_Minute"": 0, ""FilterAsPercOfContractMARange"": 0.3, ""LastEntry_Hour"": 15, ""LastEntry_Minute"": 0, ""MarketClose_Hour"": 18, ""MarketClose_Minute"": 0, ""MinDirectionalTrendEfficiency15m"": 0.5, ""MinRelativeVolumeAtTime"": 0.0, ""MinSignalVolumeWindowSum"": 0.0, ""MinutesBeforeMarketCloseToClosePositions"": 5, ""NumDaysToConsiderPreviousContractMARange"": 5, ""RelativeVolumeLookbackDays"": 20, ""RetracementLevel"": 0.25, ""SL_ATRMultiplier"": 0.78, ""TP_ATRMultiplier"": 0.36, ""TrendEfficiencyWindowMinutes"": 15, ""VolumeWindowMinutes"": 15}",2021-03-23,2026-03-20,1247,1290,0.7264,7925.0,6.14,42.16,-89.46,1.2509,4.78,6.14,1657.495739,2021-03-23,2024-09-16,872,898,0.7327,6220.0,6.93,43.66,-93.77,1.2764,4.35,6.93,1430.6,2024-09-17,2026-03-20,375,392,0.7117,1705.0,4.35,38.64,-80.31,1.1879,7.22,4.35,236.084375,-4130.0,1.4100000000000001,0.056599999999999984,-4.6,274.5363639999998,-2060.0,-0.33000000000000007,-0.027900000000000036,-0.910000000000001,-227.219792,-6190.0,0.8700000000000001,0.032200000000000006,-4.169999999999999,80.893012
volume__long__w15__ge_30000,volume,"{""family"": ""volume"", ""name"": ""volume__long__w15__ge_30000"", ""relvol_lookback"": 20, ""relvol_min"": 0.0, ""relvol_mode"": ""off"", ""trend_min"": 0.0, ""trend_mode"": ""off"", ""trend_window"": 15, ""volume_min"": 30000.0, ""volume_mode"": ""long"", ""volume_window"": 15}","{""ATRTimeFrame"": 15, ""ATR_Length"": 20, ""AllowFriday"": true, ""AllowMonday"": true, ""AllowThursday"": true, ""AllowTuesday"": true, ""AllowWednesday"": true, ""ApplyRelativeVolumeFilterToLongs"": false, ""ApplyRelativeVolumeFilterToShorts"": false, ""ApplyTrendEfficiencyFilterToLongs"": false, ""ApplyTrendEfficiencyFilterToShorts"": false, ""ApplyVolumeFilterToLongs"": true, ""ApplyVolumeFilterToShorts"": false, ""ContractsPerTrade"": 1.0, ""EntryStart_Hour"": 10, ""EntryStart_Minute"": 0, ""FilterAsPercOfContractMARange"": 0.3, ""LastEntry_Hour"": 15, ""LastEntry_Minute"": 0, ""MarketClose_Hour"": 18, ""MarketClose_Minute"": 0, ""MinDirectionalTrendEfficiency15m"": 0.0, ""MinRelativeVolumeAtTime"": 0.0, ""MinSignalVolumeWindowSum"": 30000.0, ""MinutesBeforeMarketCloseToClosePositions"": 5, ""NumDaysToConsiderPreviousContractMARange"": 5, ""RelativeVolumeLookbackDays"": 20, ""RetracementLevel"": 0.25, ""SL_ATRMultiplier"": 0.78, ""TP_ATRMultiplier"": 0.36, ""TrendEfficiencyWindowMinutes"": 15, ""VolumeWindowMinutes"": 15}",2021-03-23,2026-03-20,1247,2331,0.7246,13005.0,5.58,41.88,-89.91,1.2253,8.05,5.58,1614.930099,2021-03-23,2024-09-16,872,1658,0.7262,10135.0,6.11,43.63,-93.38,1.2391,8.05,6.11,1258.540296,2024-09-17,2026-03-20,375,673,0.7207,2870.0,4.26,37.53,-81.54,1.1872,8.28,4.26,346.752459,-215.0,0.5900000000000007,0.019300000000000095,-0.8999999999999986,102.47665999999981,-895.0,-0.41999999999999993,-0.02859999999999996,0.14999999999999858,-116.55170800000002,-1110.0,0.3100000000000005,0.006600000000000161,-0.8999999999999986,38.32737199999997
volume__long__w15__ge_40000,volume,"{""family"": ""volume"", ""name"": ""volume__long__w15__ge_40000"", ""relvol_lookback"": 20, ""relvol_min"": 0.0, ""relvol_mode"": ""off"", ""trend_min"": 0.0, ""trend_mode"": ""off"", ""trend_window"": 15, ""volume_min"": 40000.0, ""volume_mode"": ""long"", ""volume_window"": 15}","{""ATRTimeFrame"": 15, ""ATR_Length"": 20, ""AllowFriday"": true, ""AllowMonday"": true, ""AllowThursday"": true, ""AllowTuesday"": true, ""AllowWednesday"": true, ""ApplyRelativeVolumeFilterToLongs"": false, ""ApplyRelativeVolumeFilterToShorts"": false, ""ApplyTrendEfficiencyFilterToLongs"": false, ""ApplyTrendEfficiencyFilterToShorts"": false, ""ApplyVolumeFilterToLongs"": true, ""ApplyVolumeFilterToShorts"": false, ""ContractsPerTrade"": 1.0, ""EntryStart_Hour"": 10, ""EntryStart_Minute"": 0, ""FilterAsPercOfContractMARange"": 0.3, ""LastEntry_Hour"": 15, ""LastEntry_Minute"": 0, ""MarketClose_Hour"": 18, ""MarketClose_Minute"": 0, ""MinDirectionalTrendEfficiency15m"": 0.0, ""MinRelativeVolumeAtTime"": 0.0, ""MinSignalVolumeWindowSum"": 40000.0, ""MinutesBeforeMarketCloseToClosePositions"": 5, ""NumDaysToConsiderPreviousContractMARange"": 5, ""RelativeVolumeLookbackDays"": 20, ""RetracementLevel"": 0.25, ""SL_ATRMultiplier"": 0.78, ""TP_ATRMultiplier"": 0.36, ""TrendEfficiencyWindowMinutes"": 15, ""VolumeWindowMinutes"": 15}",2021-03-23,2026-03-20,1247,2041,0.7271,12450.0,6.1,42.71,-91.43,1.2445,8.16,6.1,1525.125,2021-03-23,2024-09-16,872,1467,0.7273,9450.0,6.44,44.52,-95.12,1.2484,8.16,6.44,1157.625,2024-09-17,2026-03-20,375,574,0.7265,3000.0,5.23,38.07,-82.01,1.233,7.12,5.23,421.168831,-900.0,0.9200000000000008,0.02859999999999996,-0.7899999999999991,1.5613639999999123,-765.0,0.5500000000000007,0.017200000000000104,-1.0100000000000007,-42.135335999999995,-1665.0,0.8300000000000001,0.025800000000000045,-0.7899999999999991,-51.47772699999996
volume__long__w15__ge_50000,volume,"{""family"": ""volume"", ""name"": ""volume__long__w15__ge_50000"", ""relvol_lookback"": 20, ""relvol_min"": 0.0, ""relvol_mode"": ""off"", ""trend_min"": 0.0, ""trend_mode"": ""off"", ""trend_window"": 15, ""volume_min"": 50000.0, ""volume_mode"": ""long"", ""volume_window"": 15}","{""ATRTimeFrame"": 15, ""ATR_Length"": 20, ""AllowFriday"": true, ""AllowMonday"": true, ""AllowThursday"": true, ""AllowTuesday"": true, ""AllowWednesday"": true, ""ApplyRelativeVolumeFilterToLongs"": false, ""ApplyRelativeVolumeFilterToShorts"": false, ""ApplyTrendEfficiencyFilterToLongs"": false, ""ApplyTrendEfficiencyFilterToShorts"": false, ""ApplyVolumeFilterToLongs"": true, ""ApplyVolumeFilterToShorts"": false, ""ContractsPerTrade"": 1.0, ""EntryStart_Hour"": 10, ""EntryStart_Minute"": 0, ""FilterAsPercOfContractMARange"": 0.3, ""LastEntry_Hour"": 15, ""LastEntry_Minute"": 0, ""MarketClose_Hour"": 18, ""MarketClose_Minute"": 0, ""MinDirectionalTrendEfficiency15m"": 0.0, ""MinRelativeVolumeAtTime"": 0.0, ""MinSignalVolumeWindowSum"": 50000.0, ""MinutesBeforeMarketCloseToClosePositions"": 5, ""NumDaysToConsiderPreviousContractMARange"": 5, ""RelativeVolumeLookbackDays"": 20, ""RetracementLevel"": 0.25, ""SL_ATRMultiplier"": 0.78, ""TP_ATRMultiplier"": 0.36, ""TrendEfficiencyWindowMinutes"": 15, ""VolumeWindowMinutes"": 15}",2021-03-23,2026-03-20,1247,1760,0.7267,10545.0,5.99,42.85,-92.02,1.2383,9.31,5.99,1132.74793,2021-03-23,2024-09-16,872,1269,0.7242,7515.0,5.92,44.79,-96.14,1.2233,9.31,5.92,807.264172,2024-09-17,2026-03-20,375,491,0.7332,3030.0,6.17,37.89,-80.99,1.2856,5.25,6.17,577.610811,-2835.0,0.40000000000000036,0.0035000000000000586,0.3600000000000012,-348.79946400000006,-735.0,1.4900000000000002,0.06980000000000008,-2.880000000000001,114.306644,-3570.0,0.7200000000000006,0.019600000000000062,0.3600000000000012,-443.85479699999996
volume__long__w25__ge_30000,volume,"{""family"": ""volume"", ""name"": ""volume__long__w25__ge_30000"", ""relvol_lookback"": 20, ""relvol_min"": 0.0, ""relvol_mode"": ""off"", ""trend_min"": 0.0, ""trend_mode"": ""off"", ""trend_window"": 15, ""volume_min"": 30000.0, ""volume_mode"": ""long"", ""volume_window"": 25}","{""ATRTimeFrame"": 15, ""ATR_Length"": 20, ""AllowFriday"": true, ""AllowMonday"": true, ""AllowThursday"": true, ""AllowTuesday"": true, ""AllowWednesday"": true, ""ApplyRelativeVolumeFilterToLongs"": false, ""ApplyRelativeVolumeFilterToShorts"": false, ""ApplyTrendEfficiencyFilterToLongs"": false, ""ApplyTrendEfficiencyFilterToShorts"": false, ""ApplyVolumeFilterToLongs"": true, ""ApplyVolumeFilterToShorts"": false, ""ContractsPerTrade"": 1.0, ""EntryStart_Hour"": 10, ""EntryStart_Minute"": 0, ""FilterAsPercOfContractMARange"": 0.3, ""LastEntry_Hour"": 15, ""LastEntry_Minute"": 0, ""MarketClose_Hour"": 18, ""MarketClose_Minute"": 0, ""MinDirectionalTrendEfficiency15m"": 0.0, ""MinRelativeVolumeAtTime"": 0.0, ""MinSignalVolumeWindowSum"": 30000.0, ""MinutesBeforeMarketCloseToClosePositions"": 5, ""NumDaysToConsiderPreviousContractMARange"": 5, ""RelativeVolumeLookbackDays"": 20, ""RetracementLevel"": 0.25, ""SL_ATRMultiplier"": 0.78, ""TP_ATRMultiplier"": 0.36, ""TrendEfficiencyWindowMinutes"": 15, ""VolumeWindowMinutes"": 25}",2021-03-23,2026-03-20,1247,2591,0.7233,13440.0,5.19,40.92,-88.21,1.2125,8.95,5.19,1502.429091,2021-03-23,2024-09-16,872,1832,0.7243,10205.0,5.57,42.63,-91.82,1.2201,8.95,5.57,1140.795303,2024-09-17,2026-03-20,375,759,0.7207,3235.0,4.26,36.76,-79.6,1.1917,8.15,4.26,397.006389,-145.0,0.05000000000000071,0.00029999999999996696,0.0,-15.268332999999984,-530.0,-0.41999999999999993,-0.02410000000000001,0.019999999999999574,-66.297778,-675.0,-0.07999999999999918,-0.006199999999999983,0.0,-74.17363599999999
volume__long__w25__ge_40000,volume,"{""family"": ""volume"", ""name"": ""volume__long__w25__ge_40000"", ""relvol_lookback"": 20, ""relvol_min"": 0.0, ""relvol_mode"": ""off"", ""trend_min"": 0.0, ""trend_mode"": ""off"", ""trend_window"": 15, ""volume_min"": 40000.0, ""volume_mode"": ""long"", ""volume_window"": 25}","{""ATRTimeFrame"": 15, ""ATR_Length"": 20, ""AllowFriday"": true, ""AllowMonday"": true, ""AllowThursday"": true, ""AllowTuesday"": true, ""AllowWednesday"": true, ""ApplyRelativeVolumeFilterToLongs"": false, ""ApplyRelativeVolumeFilterToShorts"": false, ""ApplyTrendEfficiencyFilterToLongs"": false, ""ApplyTrendEfficiencyFilterToShorts"": false, ""ApplyVolumeFilterToLongs"": true, ""ApplyVolumeFilterToShorts"": false, ""ContractsPerTrade"": 1.0, ""EntryStart_Hour"": 10, ""EntryStart_Minute"": 0, ""FilterAsPercOfContractMARange"": 0.3, ""LastEntry_Hour"": 15, ""LastEntry_Minute"": 0, ""MarketClose_Hour"": 18, ""MarketClose_Minute"": 0, ""MinDirectionalTrendEfficiency15m"": 0.0, ""MinRelativeVolumeAtTime"": 0.0, ""MinSignalVolumeWindowSum"": 40000.0, ""MinutesBeforeMarketCloseToClosePositions"": 5, ""NumDaysToConsiderPreviousContractMARange"": 5, ""RelativeVolumeLookbackDays"": 20, ""RetracementLevel"": 0.25, ""SL_ATRMultiplier"": 0.78, ""TP_ATRMultiplier"": 0.36, ""TrendEfficiencyWindowMinutes"": 15, ""VolumeWindowMinutes"": 25}",2021-03-23,2026-03-20,1247,2468,0.7241,13020.0,5.28,41.36,-89.41,1.2138,8.9,5.28,1463.369091,2021-03-23,2024-09-16,872,1759,0.7243,9875.0,5.61,43.07,-92.77,1.2195,8.9,5.61,1109.890152,2024-09-17,2026-03-20,375,709,0.7236,3145.0,4.44,37.11,-81.07,1.1979,8.31,4.44,378.436813,-475.0,0.09000000000000075,-0.00029999999999996696,-0.049999999999998934,-46.173484000000144,-620.0,-0.23999999999999932,-0.017900000000000027,0.17999999999999972,-84.86735400000003,-1095.0,0.010000000000000675,-0.004899999999999904,-0.049999999999998934,-113.23363599999993
volume__long__w25__ge_50000,volume,"{""family"": ""volume"", ""name"": ""volume__long__w25__ge_50000"", ""relvol_lookback"": 20, ""relvol_min"": 0.0, ""relvol_mode"": ""off"", ""trend_min"": 0.0, ""trend_mode"": ""off"", ""trend_window"": 15, ""volume_min"": 50000.0, ""volume_mode"": ""long"", ""volume_window"": 25}","{""ATRTimeFrame"": 15, ""ATR_Length"": 20, ""AllowFriday"": true, ""AllowMonday"": true, ""AllowThursday"": true, ""AllowTuesday"": true, ""AllowWednesday"": true, ""ApplyRelativeVolumeFilterToLongs"": false, ""ApplyRelativeVolumeFilterToShorts"": false, ""ApplyTrendEfficiencyFilterToLongs"": false, ""ApplyTrendEfficiencyFilterToShorts"": false, ""ApplyVolumeFilterToLongs"": true, ""ApplyVolumeFilterToShorts"": false, ""ContractsPerTrade"": 1.0, ""EntryStart_Hour"": 10, ""EntryStart_Minute"": 0, ""FilterAsPercOfContractMARange"": 0.3, ""LastEntry_Hour"": 15, ""LastEntry_Minute"": 0, ""MarketClose_Hour"": 18, ""MarketClose_Minute"": 0, ""MinDirectionalTrendEfficiency15m"": 0.0, ""MinRelativeVolumeAtTime"": 0.0, ""MinSignalVolumeWindowSum"": 50000.0, ""MinutesBeforeMarketCloseToClosePositions"": 5, ""NumDaysToConsiderPreviousContractMARange"": 5, ""RelativeVolumeLookbackDays"": 20, ""RetracementLevel"": 0.25, ""SL_ATRMultiplier"": 0.78, ""TP_ATRMultiplier"": 0.36, ""TrendEfficiencyWindowMinutes"": 15, ""VolumeWindowMinutes"": 25}",2021-03-23,2026-03-20,1247,2319,0.7249,12885.0,5.56,42.02,-90.51,1.2231,8.21,5.56,1568.66398,2021-03-23,2024-09-16,872,1661,0.7249,9790.0,5.89,43.77,-93.89,1.2282,8.21,5.89,1191.868092,2024-09-17,2026-03-20,375,658,0.7249,3095.0,4.7,37.59,-81.96,1.2086,8.4,4.7,368.355738,-560.0,0.3700000000000001,0.008399999999999963,-0.7399999999999984,35.804455999999846,-670.0,0.020000000000000462,-0.007200000000000095,0.2699999999999996,-94.94842900000003,-1230.0,0.29000000000000004,0.0044000000000001815,-0.7399999999999984,-7.938746999999921
volume__long__w30__ge_30000,volume,"{""family"": ""volume"", ""name"": ""volume__long__w30__ge_30000"", ""relvol_lookback"": 20, ""relvol_min"": 0.0, ""relvol_mode"": ""off"", ""trend_min"": 0.0, ""trend_mode"": ""off"", ""trend_window"": 15, ""volume_min"": 30000.0, ""volume_mode"": ""long"", ""volume_window"": 30}","{""ATRTimeFrame"": 15, ""ATR_Length"": 20, ""AllowFriday"": true, ""AllowMonday"": true, ""AllowThursday"": true, ""AllowTuesday"": true, ""AllowWednesday"": true, ""ApplyRelativeVolumeFilterToLongs"": false, ""ApplyRelativeVolumeFilterToShorts"": false, ""ApplyTrendEfficiencyFilterToLongs"": false, ""ApplyTrendEfficiencyFilterToShorts"": false, ""ApplyVolumeFilterToLongs"": true, ""ApplyVolumeFilterToShorts"": false, ""ContractsPerTrade"": 1.0, ""EntryStart_Hour"": 10, ""EntryStart_Minute"": 0, ""FilterAsPercOfContractMARange"": 0.3, ""LastEntry_Hour"": 15, ""LastEntry_Minute"": 0, ""MarketClose_Hour"": 18, ""MarketClose_Minute"": 0, ""MinDirectionalTrendEfficiency15m"": 0.0, ""MinRelativeVolumeAtTime"": 0.0, ""MinSignalVolumeWindowSum"": 30000.0, ""MinutesBeforeMarketCloseToClosePositions"": 5, ""NumDaysToConsiderPreviousContractMARange"": 5, ""RelativeVolumeLookbackDays"": 20, ""RetracementLevel"": 0.25, ""SL_ATRMultiplier"": 0.78, ""TP_ATRMultiplier"": 0.36, ""TrendEfficiencyWindowMinutes"": 15, ""VolumeWindowMinutes"": 30}",2021-03-23,2026-03-20,1247,2629,0.7242,13995.0,5.32,40.77,-87.76,1.22,8.93,5.32,1567.015909,2021-03-23,2024-09-16,872,1851,0.7245,10415.0,5.63,42.5,-91.33,1.2236,8.93,5.63,1166.164394,2024-09-17,2026-03-20,375,778,0.7237,3580.0,4.6,36.63,-79.28,1.21,8.08,4.6,442.925556,65.0,0.11000000000000032,0.0038000000000000256,-0.019999999999999574,10.100757999999814,-185.0,-0.08000000000000007,-0.005800000000000027,-0.05000000000000071,-20.378611000000035,-120.0,0.05000000000000071,0.0013000000000000789,-0.019999999999999574,-9.586817999999994
volume__long__w30__ge_40000,volume,"{""family"": ""volume"", ""name"": ""volume__long__w30__ge_40000"", ""relvol_lookback"": 20, ""relvol_min"": 0.0, ""relvol_mode"": ""off"", ""trend_min"": 0.0, ""trend_mode"": ""off"", ""trend_window"": 15, ""volume_min"": 40000.0, ""volume_mode"": ""long"", ""volume_window"": 30}","{""ATRTimeFrame"": 15, ""ATR_Length"": 20, ""AllowFriday"": true, ""AllowMonday"": true, ""AllowThursday"": true, ""AllowTuesday"": true, ""AllowWednesday"": true, ""ApplyRelativeVolumeFilterToLongs"": false, ""ApplyRelativeVolumeFilterToShorts"": false, ""ApplyTrendEfficiencyFilterToLongs"": false, ""ApplyTrendEfficiencyFilterToShorts"": false, ""ApplyVolumeFilterToLongs"": true, ""ApplyVolumeFilterToShorts"": false, ""ContractsPerTrade"": 1.0, ""EntryStart_Hour"": 10, ""EntryStart_Minute"": 0, ""FilterAsPercOfContractMARange"": 0.3, ""LastEntry_Hour"": 15, ""LastEntry_Minute"": 0, ""MarketClose_Hour"": 18, ""MarketClose_Minute"": 0, ""MinDirectionalTrendEfficiency15m"": 0.0, ""MinRelativeVolumeAtTime"": 0.0, ""MinSignalVolumeWindowSum"": 40000.0, ""MinutesBeforeMarketCloseToClosePositions"": 5, ""NumDaysToConsiderPreviousContractMARange"": 5, ""RelativeVolumeLookbackDays"": 20, ""RetracementLevel"": 0.25, ""SL_ATRMultiplier"": 0.78, ""TP_ATRMultiplier"": 0.36, ""TrendEfficiencyWindowMinutes"": 15, ""VolumeWindowMinutes"": 30}",2021-03-23,2026-03-20,1247,2550,0.7243,13640.0,5.35,41.07,-88.51,1.2192,8.8,5.35,1550.826667,2021-03-23,2024-09-16,872,1805,0.7258,10480.0,5.81,42.79,-92.07,1.23,8.8,5.81,1191.544242,2024-09-17,2026-03-20,375,745,0.7208,3160.0,4.24,36.89,-80.05,1.1898,8.24,4.24,383.540659,130.0,0.29000000000000004,0.010199999999999987,-0.14999999999999858,35.48060599999985,-605.0,-0.4399999999999995,-0.026000000000000023,0.10999999999999943,-79.763508,-475.0,0.08000000000000007,0.000500000000000167,-0.14999999999999858,-25.776059999999916
volume__long__w30__ge_50000,volume,"{""family"": ""volume"", ""name"": ""volume__long__w30__ge_50000"", ""relvol_lookback"": 20, ""relvol_min"": 0.0, ""relvol_mode"": ""off"", ""trend_min"": 0.0, ""trend_mode"": ""off"", ""trend_window"": 15, ""volume_min"": 50000.0, ""volume_mode"": ""long"", ""volume_window"": 30}","{""ATRTimeFrame"": 15, ""ATR_Length"": 20, ""AllowFriday"": true, ""AllowMonday"": true, ""AllowThursday"": true, ""AllowTuesday"": true, ""AllowWednesday"": true, ""ApplyRelativeVolumeFilterToLongs"": false, ""ApplyRelativeVolumeFilterToShorts"": false, ""ApplyTrendEfficiencyFilterToLongs"": false, ""ApplyTrendEfficiencyFilterToShorts"": false, ""ApplyVolumeFilterToLongs"": true, ""ApplyVolumeFilterToShorts"": false, ""ContractsPerTrade"": 1.0, ""EntryStart_Hour"": 10, ""EntryStart_Minute"": 0, ""FilterAsPercOfContractMARange"": 0.3, ""LastEntry_Hour"": 15, ""LastEntry_Minute"": 0, ""MarketClose_Hour"": 18, ""MarketClose_Minute"": 0, ""MinDirectionalTrendEfficiency15m"": 0.0, ""MinRelativeVolumeAtTime"": 0.0, ""MinSignalVolumeWindowSum"": 50000.0, ""MinutesBeforeMarketCloseToClosePositions"": 5, ""NumDaysToConsiderPreviousContractMARange"": 5, ""RelativeVolumeLookbackDays"": 20, ""RetracementLevel"": 0.25, ""SL_ATRMultiplier"": 0.78, ""TP_ATRMultiplier"": 0.36, ""TrendEfficiencyWindowMinutes"": 15, ""VolumeWindowMinutes"": 30}",2021-03-23,2026-03-20,1247,2442,0.726,13735.0,5.62,41.52,-89.5,1.2294,8.01,5.62,1714.615954,2021-03-23,2024-09-16,872,1740,0.7264,10445.0,6.0,43.26,-92.92,1.2362,8.01,6.0,1303.907072,2024-09-17,2026-03-20,375,702,0.7251,3290.0,4.69,37.2,-81.06,1.2103,8.28,4.69,397.15,95.0,0.4800000000000004,0.01639999999999997,-0.9399999999999995,147.84343599999988,-475.0,0.010000000000000675,-0.00550000000000006,0.14999999999999858,-66.15416700000003,-380.0,0.35000000000000053,0.010700000000000154,-0.9399999999999995,138.01322700000014
volume__short__w15__ge_30000,volume,"{""family"": ""volume"", ""name"": ""volume__short__w15__ge_30000"", ""relvol_lookback"": 20, ""relvol_min"": 0.0, ""relvol_mode"": ""off"", ""trend_min"": 0.0, ""trend_mode"": ""off"", ""trend_window"": 15, ""volume_min"": 30000.0, ""volume_mode"": ""short"", ""volume_window"": 15}","{""ATRTimeFrame"": 15, ""ATR_Length"": 20, ""AllowFriday"": true, ""AllowMonday"": true, ""AllowThursday"": true, ""AllowTuesday"": true, ""AllowWednesday"": true, ""ApplyRelativeVolumeFilterToLongs"": false, ""ApplyRelativeVolumeFilterToShorts"": false, ""ApplyTrendEfficiencyFilterToLongs"": false, ""ApplyTrendEfficiencyFilterToShorts"": false, ""ApplyVolumeFilterToLongs"": false, ""ApplyVolumeFilterToShorts"": true, ""ContractsPerTrade"": 1.0, ""EntryStart_Hour"": 10, ""EntryStart_Minute"": 0, ""FilterAsPercOfContractMARange"": 0.3, ""LastEntry_Hour"": 15, ""LastEntry_Minute"": 0, ""MarketClose_Hour"": 18, ""MarketClose_Minute"": 0, ""MinDirectionalTrendEfficiency15m"": 0.0, ""MinRelativeVolumeAtTime"": 0.0, ""MinSignalVolumeWindowSum"": 30000.0, ""MinutesBeforeMarketCloseToClosePositions"": 5, ""NumDaysToConsiderPreviousContractMARange"": 5, ""RelativeVolumeLookbackDays"": 20, ""RetracementLevel"": 0.25, ""SL_ATRMultiplier"": 0.78, ""TP_ATRMultiplier"": 0.36, ""TrendEfficiencyWindowMinutes"": 15, ""VolumeWindowMinutes"": 15}",2021-03-23,2026-03-20,1247,2320,0.7241,12445.0,5.36,41.59,-89.72,1.2167,8.01,5.36,1552.882881,2021-03-23,2024-09-16,872,1672,0.7249,9685.0,5.79,43.12,-92.57,1.2275,8.01,5.79,1208.491017,2024-09-17,2026-03-20,375,648,0.7222,2760.0,4.26,37.61,-82.44,1.186,8.94,4.26,308.757576,-665.0,0.27000000000000046,0.00770000000000004,-0.9399999999999995,52.42738099999997,-1005.0,-0.41999999999999993,-0.02980000000000005,0.8099999999999987,-154.54659100000003,-1670.0,0.09000000000000075,-0.0020000000000000018,-0.9399999999999995,-23.71984599999996
volume__short__w15__ge_40000,volume,"{""family"": ""volume"", ""name"": ""volume__short__w15__ge_40000"", ""relvol_lookback"": 20, ""relvol_min"": 0.0, ""relvol_mode"": ""off"", ""trend_min"": 0.0, ""trend_mode"": ""off"", ""trend_window"": 15, ""volume_min"": 40000.0, ""volume_mode"": ""short"", ""volume_window"": 15}","{""ATRTimeFrame"": 15, ""ATR_Length"": 20, ""AllowFriday"": true, ""AllowMonday"": true, ""AllowThursday"": true, ""AllowTuesday"": true, ""AllowWednesday"": true, ""ApplyRelativeVolumeFilterToLongs"": false, ""ApplyRelativeVolumeFilterToShorts"": false, ""ApplyTrendEfficiencyFilterToLongs"": false, ""ApplyTrendEfficiencyFilterToShorts"": false, ""ApplyVolumeFilterToLongs"": false, ""ApplyVolumeFilterToShorts"": true, ""ContractsPerTrade"": 1.0, ""EntryStart_Hour"": 10, ""EntryStart_Minute"": 0, ""FilterAsPercOfContractMARange"": 0.3, ""LastEntry_Hour"": 15, ""LastEntry_Minute"": 0, ""MarketClose_Hour"": 18, ""MarketClose_Minute"": 0, ""MinDirectionalTrendEfficiency15m"": 0.0, ""MinRelativeVolumeAtTime"": 0.0, ""MinSignalVolumeWindowSum"": 40000.0, ""MinutesBeforeMarketCloseToClosePositions"": 5, ""NumDaysToConsiderPreviousContractMARange"": 5, ""RelativeVolumeLookbackDays"": 20, ""RetracementLevel"": 0.25, ""SL_ATRMultiplier"": 0.78, ""TP_ATRMultiplier"": 0.36, ""TrendEfficiencyWindowMinutes"": 15, ""VolumeWindowMinutes"": 15}",2021-03-23,2026-03-20,1247,2048,0.729,12165.0,5.94,42.05,-91.19,1.2404,8.15,5.94,1493.085342,2021-03-23,2024-09-16,872,1504,0.7281,9195.0,6.11,43.46,-93.86,1.2395,8.15,6.11,1128.558958,2024-09-17,2026-03-20,375,544,0.7316,2970.0,5.46,38.17,-83.7,1.243,7.74,5.46,383.842105,-1155.0,0.5900000000000007,0.01970000000000005,-0.7999999999999989,-27.504678000000013,-795.0,0.7800000000000002,0.027200000000000113,-0.39000000000000057,-79.462062,-1950.0,0.6700000000000008,0.021700000000000053,-0.7999999999999989,-83.51738499999988
volume__short__w15__ge_50000,volume,"{""family"": ""volume"", ""name"": ""volume__short__w15__ge_50000"", ""relvol_lookback"": 20, ""relvol_min"": 0.0, ""relvol_mode"": ""off"", ""trend_min"": 0.0, ""trend_mode"": ""off"", ""trend_window"": 15, ""volume_min"": 50000.0, ""volume_mode"": ""short"", ""volume_window"": 15}","{""ATRTimeFrame"": 15, ""ATR_Length"": 20, ""AllowFriday"": true, ""AllowMonday"": true, ""AllowThursday"": true, ""AllowTuesday"": true, ""AllowWednesday"": true, ""ApplyRelativeVolumeFilterToLongs"": false, ""ApplyRelativeVolumeFilterToShorts"": false, ""ApplyTrendEfficiencyFilterToLongs"": false, ""ApplyTrendEfficiencyFilterToShorts"": false, ""ApplyVolumeFilterToLongs"": false, ""ApplyVolumeFilterToShorts"": true, ""ContractsPerTrade"": 1.0, ""EntryStart_Hour"": 10, ""EntryStart_Minute"": 0, ""FilterAsPercOfContractMARange"": 0.3, ""LastEntry_Hour"": 15, ""LastEntry_Minute"": 0, ""MarketClose_Hour"": 18, ""MarketClose_Minute"": 0, ""MinDirectionalTrendEfficiency15m"": 0.0, ""MinRelativeVolumeAtTime"": 0.0, ""MinSignalVolumeWindowSum"": 50000.0, ""MinutesBeforeMarketCloseToClosePositions"": 5, ""NumDaysToConsiderPreviousContractMARange"": 5, ""RelativeVolumeLookbackDays"": 20, ""RetracementLevel"": 0.25, ""SL_ATRMultiplier"": 0.78, ""TP_ATRMultiplier"": 0.36, ""TrendEfficiencyWindowMinutes"": 15, ""VolumeWindowMinutes"": 15}",2021-03-23,2026-03-20,1247,1757,0.7262,9925.0,5.65,41.93,-90.6,1.2277,8.58,5.65,1156.719572,2021-03-23,2024-09-16,872,1300,0.7308,8535.0,6.57,43.31,-93.16,1.2618,8.58,6.57,994.720559,2024-09-17,2026-03-20,375,457,0.7133,1390.0,3.04,37.93,-83.78,1.1267,8.14,3.04,170.669886,-1815.0,1.0500000000000007,0.04200000000000004,-0.3699999999999992,-161.3430770000001,-2375.0,-1.6399999999999997,-0.08909999999999996,0.009999999999999787,-292.634281,-4190.0,0.3800000000000008,0.009000000000000119,-0.3699999999999992,-419.883155
volume__short__w25__ge_30000,volume,"{""family"": ""volume"", ""name"": ""volume__short__w25__ge_30000"", ""relvol_lookback"": 20, ""relvol_min"": 0.0, ""relvol_mode"": ""off"", ""trend_min"": 0.0, ""trend_mode"": ""off"", ""trend_window"": 15, ""volume_min"": 30000.0, ""volume_mode"": ""short"", ""volume_window"": 25}","{""ATRTimeFrame"": 15, ""ATR_Length"": 20, ""AllowFriday"": true, ""AllowMonday"": true, ""AllowThursday"": true, ""AllowTuesday"": true, ""AllowWednesday"": true, ""ApplyRelativeVolumeFilterToLongs"": false, ""ApplyRelativeVolumeFilterToShorts"": false, ""ApplyTrendEfficiencyFilterToLongs"": false, ""ApplyTrendEfficiencyFilterToShorts"": false, ""ApplyVolumeFilterToLongs"": false, ""ApplyVolumeFilterToShorts"": true, ""ContractsPerTrade"": 1.0, ""EntryStart_Hour"": 10, ""EntryStart_Minute"": 0, ""FilterAsPercOfContractMARange"": 0.3, ""LastEntry_Hour"": 15, ""LastEntry_Minute"": 0, ""MarketClose_Hour"": 18, ""MarketClose_Minute"": 0, ""MinDirectionalTrendEfficiency15m"": 0.0, ""MinRelativeVolumeAtTime"": 0.0, ""MinSignalVolumeWindowSum"": 30000.0, ""MinutesBeforeMarketCloseToClosePositions"": 5, ""NumDaysToConsiderPreviousContractMARange"": 5, ""RelativeVolumeLookbackDays"": 20, ""RetracementLevel"": 0.25, ""SL_ATRMultiplier"": 0.78, ""TP_ATRMultiplier"": 0.36, ""TrendEfficiencyWindowMinutes"": 15, ""VolumeWindowMinutes"": 25}",2021-03-23,2026-03-20,1247,2597,0.7258,14035.0,5.4,40.83,-88.39,1.223,9.02,5.4,1555.758485,2021-03-23,2024-09-16,872,1835,0.7248,10275.0,5.6,42.55,-91.72,1.2218,9.02,5.6,1138.968182,2024-09-17,2026-03-20,375,762,0.7283,3760.0,4.93,36.71,-80.27,1.2263,8.07,4.93,465.822222,-75.0,0.08000000000000007,0.0020000000000000018,0.07000000000000028,-17.095454000000018,-5.0,0.25,0.010499999999999954,-0.0600000000000005,2.518055000000004,-80.0,0.13000000000000078,0.0043000000000001926,0.07000000000000028,-20.844241999999895
volume__short__w25__ge_40000,volume,"{""family"": ""volume"", ""name"": ""volume__short__w25__ge_40000"", ""relvol_lookback"": 20, ""relvol_min"": 0.0, ""relvol_mode"": ""off"", ""trend_min"": 0.0, ""trend_mode"": ""off"", ""trend_window"": 15, ""volume_min"": 40000.0, ""volume_mode"": ""short"", ""volume_window"": 25}","{""ATRTimeFrame"": 15, ""ATR_Length"": 20, ""AllowFriday"": true, ""AllowMonday"": true, ""AllowThursday"": true, ""AllowTuesday"": true, ""AllowWednesday"": true, ""ApplyRelativeVolumeFilterToLongs"": false, ""ApplyRelativeVolumeFilterToShorts"": false, ""ApplyTrendEfficiencyFilterToLongs"": false, ""ApplyTrendEfficiencyFilterToShorts"": false, ""ApplyVolumeFilterToLongs"": false, ""ApplyVolumeFilterToShorts"": true, ""ContractsPerTrade"": 1.0, ""EntryStart_Hour"": 10, ""EntryStart_Minute"": 0, ""FilterAsPercOfContractMARange"": 0.3, ""LastEntry_Hour"": 15, ""LastEntry_Minute"": 0, ""MarketClose_Hour"": 18, ""MarketClose_Minute"": 0, ""MinDirectionalTrendEfficiency15m"": 0.0, ""MinRelativeVolumeAtTime"": 0.0, ""MinSignalVolumeWindowSum"": 40000.0, ""MinutesBeforeMarketCloseToClosePositions"": 5, ""NumDaysToConsiderPreviousContractMARange"": 5, ""RelativeVolumeLookbackDays"": 20, ""RetracementLevel"": 0.25, ""SL_ATRMultiplier"": 0.78, ""TP_ATRMultiplier"": 0.36, ""TrendEfficiencyWindowMinutes"": 15, ""VolumeWindowMinutes"": 25}",2021-03-23,2026-03-20,1247,2474,0.7264,13705.0,5.54,41.21,-89.14,1.2271,8.0,5.54,1713.357288,2021-03-23,2024-09-16,872,1759,0.7248,9995.0,5.68,42.84,-92.21,1.224,8.0,5.68,1249.544407,2024-09-17,2026-03-20,375,715,0.7301,3710.0,5.19,37.22,-81.45,1.236,8.51,5.19,436.17037,-355.0,0.16000000000000014,0.0041999999999999815,-0.9499999999999993,93.480771,-55.0,0.5100000000000007,0.020199999999999996,0.379999999999999,-27.133797000000015,-410.0,0.27000000000000046,0.008400000000000185,-0.9499999999999993,136.75456099999997
volume__short__w25__ge_50000,volume,"{""family"": ""volume"", ""name"": ""volume__short__w25__ge_50000"", ""relvol_lookback"": 20, ""relvol_min"": 0.0, ""relvol_mode"": ""off"", ""trend_min"": 0.0, ""trend_mode"": ""off"", ""trend_window"": 15, ""volume_min"": 50000.0, ""volume_mode"": ""short"", ""volume_window"": 25}","{""ATRTimeFrame"": 15, ""ATR_Length"": 20, ""AllowFriday"": true, ""AllowMonday"": true, ""AllowThursday"": true, ""AllowTuesday"": true, ""AllowWednesday"": true, ""ApplyRelativeVolumeFilterToLongs"": false, ""ApplyRelativeVolumeFilterToShorts"": false, ""ApplyTrendEfficiencyFilterToLongs"": false, ""ApplyTrendEfficiencyFilterToShorts"": false, ""ApplyVolumeFilterToLongs"": false, ""ApplyVolumeFilterToShorts"": true, ""ContractsPerTrade"": 1.0, ""EntryStart_Hour"": 10, ""EntryStart_Minute"": 0, ""FilterAsPercOfContractMARange"": 0.3, ""LastEntry_Hour"": 15, ""LastEntry_Minute"": 0, ""MarketClose_Hour"": 18, ""MarketClose_Minute"": 0, ""MinDirectionalTrendEfficiency15m"": 0.0, ""MinRelativeVolumeAtTime"": 0.0, ""MinSignalVolumeWindowSum"": 50000.0, ""MinutesBeforeMarketCloseToClosePositions"": 5, ""NumDaysToConsiderPreviousContractMARange"": 5, ""RelativeVolumeLookbackDays"": 20, ""RetracementLevel"": 0.25, ""SL_ATRMultiplier"": 0.78, ""TP_ATRMultiplier"": 0.36, ""TrendEfficiencyWindowMinutes"": 15, ""VolumeWindowMinutes"": 25}",2021-03-23,2026-03-20,1247,2300,0.7283,13540.0,5.89,41.67,-90.0,1.2407,7.99,5.89,1695.024407,2021-03-23,2024-09-16,872,1666,0.7275,10100.0,6.06,43.09,-92.78,1.2398,7.99,6.06,1264.383051,2024-09-17,2026-03-20,375,634,0.7303,3440.0,5.43,37.95,-82.63,1.2435,9.36,5.43,367.65,-250.0,0.54,0.020000000000000018,-0.9599999999999991,108.31941499999994,-325.0,0.75,0.027700000000000058,1.2299999999999986,-95.65416700000003,-575.0,0.6200000000000001,0.02200000000000002,-0.9599999999999991,118.42168000000015
volume__short__w30__ge_30000,volume,"{""family"": ""volume"", ""name"": ""volume__short__w30__ge_30000"", ""relvol_lookback"": 20, ""relvol_min"": 0.0, ""relvol_mode"": ""off"", ""trend_min"": 0.0, ""trend_mode"": ""off"", ""trend_window"": 15, ""volume_min"": 30000.0, ""volume_mode"": ""short"", ""volume_window"": 30}","{""ATRTimeFrame"": 15, ""ATR_Length"": 20, ""AllowFriday"": true, ""AllowMonday"": true, ""AllowThursday"": true, ""AllowTuesday"": true, ""AllowWednesday"": true, ""ApplyRelativeVolumeFilterToLongs"": false, ""ApplyRelativeVolumeFilterToShorts"": false, ""ApplyTrendEfficiencyFilterToLongs"": false, ""ApplyTrendEfficiencyFilterToShorts"": false, ""ApplyVolumeFilterToLongs"": false, ""ApplyVolumeFilterToShorts"": true, ""ContractsPerTrade"": 1.0, ""EntryStart_Hour"": 10, ""EntryStart_Minute"": 0, ""FilterAsPercOfContractMARange"": 0.3, ""LastEntry_Hour"": 15, ""LastEntry_Minute"": 0, ""MarketClose_Hour"": 18, ""MarketClose_Minute"": 0, ""MinDirectionalTrendEfficiency15m"": 0.0, ""MinRelativeVolumeAtTime"": 0.0, ""MinSignalVolumeWindowSum"": 30000.0, ""MinutesBeforeMarketCloseToClosePositions"": 5, ""NumDaysToConsiderPreviousContractMARange"": 5, ""RelativeVolumeLookbackDays"": 20, ""RetracementLevel"": 0.25, ""SL_ATRMultiplier"": 0.78, ""TP_ATRMultiplier"": 0.36, ""TrendEfficiencyWindowMinutes"": 15, ""VolumeWindowMinutes"": 30}",2021-03-23,2026-03-20,1247,2637,0.7254,14250.0,5.4,40.71,-87.87,1.224,8.95,5.4,1592.113636,2021-03-23,2024-09-16,872,1855,0.7245,10425.0,5.62,42.47,-91.3,1.2234,8.95,5.62,1164.756818,2024-09-17,2026-03-20,375,782,0.7276,3825.0,4.89,36.54,-79.65,1.2255,8.13,4.89,470.6875,75.0,0.10000000000000053,0.0036000000000000476,0.0,8.693181999999979,60.0,0.20999999999999996,0.009700000000000042,0.0,7.383332999999993,135.0,0.13000000000000078,0.005300000000000082,0.0,15.510909000000083
volume__short__w30__ge_40000,volume,"{""family"": ""volume"", ""name"": ""volume__short__w30__ge_40000"", ""relvol_lookback"": 20, ""relvol_min"": 0.0, ""relvol_mode"": ""off"", ""trend_min"": 0.0, ""trend_mode"": ""off"", ""trend_window"": 15, ""volume_min"": 40000.0, ""volume_mode"": ""short"", ""volume_window"": 30}","{""ATRTimeFrame"": 15, ""ATR_Length"": 20, ""AllowFriday"": true, ""AllowMonday"": true, ""AllowThursday"": true, ""AllowTuesday"": true, ""AllowWednesday"": true, ""ApplyRelativeVolumeFilterToLongs"": false, ""ApplyRelativeVolumeFilterToShorts"": false, ""ApplyTrendEfficiencyFilterToLongs"": false, ""ApplyTrendEfficiencyFilterToShorts"": false, ""ApplyVolumeFilterToLongs"": false, ""ApplyVolumeFilterToShorts"": true, ""ContractsPerTrade"": 1.0, ""EntryStart_Hour"": 10, ""EntryStart_Minute"": 0, ""FilterAsPercOfContractMARange"": 0.3, ""LastEntry_Hour"": 15, ""LastEntry_Minute"": 0, ""MarketClose_Hour"": 18, ""MarketClose_Minute"": 0, ""MinDirectionalTrendEfficiency15m"": 0.0, ""MinRelativeVolumeAtTime"": 0.0, ""MinSignalVolumeWindowSum"": 40000.0, ""MinutesBeforeMarketCloseToClosePositions"": 5, ""NumDaysToConsiderPreviousContractMARange"": 5, ""RelativeVolumeLookbackDays"": 20, ""RetracementLevel"": 0.25, ""SL_ATRMultiplier"": 0.78, ""TP_ATRMultiplier"": 0.36, ""TrendEfficiencyWindowMinutes"": 15, ""VolumeWindowMinutes"": 30}",2021-03-23,2026-03-20,1247,2559,0.7261,13895.0,5.43,40.93,-88.66,1.2236,8.96,5.43,1551.187273,2021-03-23,2024-09-16,872,1810,0.7254,10220.0,5.65,42.61,-92.01,1.2235,8.96,5.65,1140.923636,2024-09-17,2026-03-20,375,749,0.7276,3675.0,4.91,36.87,-80.49,1.2238,8.48,4.91,433.611111,-130.0,0.13000000000000078,0.0037000000000000366,0.010000000000001563,-15.1400000000001,-90.0,0.23000000000000043,0.008000000000000007,0.34999999999999964,-29.693056000000013,-220.0,0.16000000000000014,0.0049000000000001265,0.010000000000001563,-25.415453999999954
volume__short__w30__ge_50000,volume,"{""family"": ""volume"", ""name"": ""volume__short__w30__ge_50000"", ""relvol_lookback"": 20, ""relvol_min"": 0.0, ""relvol_mode"": ""off"", ""trend_min"": 0.0, ""trend_mode"": ""off"", ""trend_window"": 15, ""volume_min"": 50000.0, ""volume_mode"": ""short"", ""volume_window"": 30}","{""ATRTimeFrame"": 15, ""ATR_Length"": 20, ""AllowFriday"": true, ""AllowMonday"": true, ""AllowThursday"": true, ""AllowTuesday"": true, ""AllowWednesday"": true, ""ApplyRelativeVolumeFilterToLongs"": false, ""ApplyRelativeVolumeFilterToShorts"": false, ""ApplyTrendEfficiencyFilterToLongs"": false, ""ApplyTrendEfficiencyFilterToShorts"": false, ""ApplyVolumeFilterToLongs"": false, ""ApplyVolumeFilterToShorts"": true, ""ContractsPerTrade"": 1.0, ""EntryStart_Hour"": 10, ""EntryStart_Minute"": 0, ""FilterAsPercOfContractMARange"": 0.3, ""LastEntry_Hour"": 15, ""LastEntry_Minute"": 0, ""MarketClose_Hour"": 18, ""MarketClose_Minute"": 0, ""MinDirectionalTrendEfficiency15m"": 0.0, ""MinRelativeVolumeAtTime"": 0.0, ""MinSignalVolumeWindowSum"": 50000.0, ""MinutesBeforeMarketCloseToClosePositions"": 5, ""NumDaysToConsiderPreviousContractMARange"": 5, ""RelativeVolumeLookbackDays"": 20, ""RetracementLevel"": 0.25, ""SL_ATRMultiplier"": 0.78, ""TP_ATRMultiplier"": 0.36, ""TrendEfficiencyWindowMinutes"": 15, ""VolumeWindowMinutes"": 30}",2021-03-23,2026-03-20,1247,2446,0.7257,13435.0,5.49,41.28,-89.17,1.2246,7.96,5.49,1686.889492,2021-03-23,2024-09-16,872,1745,0.7255,10070.0,5.77,42.88,-92.3,1.2278,7.96,5.77,1264.382373,2024-09-17,2026-03-20,375,701,0.7261,3365.0,4.8,37.3,-81.35,1.2154,8.92,4.8,377.38475,-280.0,0.25,0.008000000000000007,-0.9899999999999993,108.31873699999983,-400.0,0.1200000000000001,-0.00039999999999995595,0.7899999999999991,-85.91941700000001,-680.0,0.22000000000000064,0.005900000000000016,-0.9899999999999993,110.28676500000006
volume__both__w15__ge_30000,volume,"{""family"": ""volume"", ""name"": ""volume__both__w15__ge_30000"", ""relvol_lookback"": 20, ""relvol_min"": 0.0, ""relvol_mode"": ""off"", ""trend_min"": 0.0, ""trend_mode"": ""off"", ""trend_window"": 15, ""volume_min"": 30000.0, ""volume_mode"": ""both"", ""volume_window"": 15}","{""ATRTimeFrame"": 15, ""ATR_Length"": 20, ""AllowFriday"": true, ""AllowMonday"": true, ""AllowThursday"": true, ""AllowTuesday"": true, ""AllowWednesday"": true, ""ApplyRelativeVolumeFilterToLongs"": false, ""ApplyRelativeVolumeFilterToShorts"": false, ""ApplyTrendEfficiencyFilterToLongs"": false, ""ApplyTrendEfficiencyFilterToShorts"": false, ""ApplyVolumeFilterToLongs"": true, ""ApplyVolumeFilterToShorts"": true, ""ContractsPerTrade"": 1.0, ""EntryStart_Hour"": 10, ""EntryStart_Minute"": 0, ""FilterAsPercOfContractMARange"": 0.3, ""LastEntry_Hour"": 15, ""LastEntry_Minute"": 0, ""MarketClose_Hour"": 18, ""MarketClose_Minute"": 0, ""MinDirectionalTrendEfficiency15m"": 0.0, ""MinRelativeVolumeAtTime"": 0.0, ""MinSignalVolumeWindowSum"": 30000.0, ""MinutesBeforeMarketCloseToClosePositions"": 5, ""NumDaysToConsiderPreviousContractMARange"": 5, ""RelativeVolumeLookbackDays"": 20, ""RetracementLevel"": 0.25, ""SL_ATRMultiplier"": 0.78, ""TP_ATRMultiplier"": 0.36, ""TrendEfficiencyWindowMinutes"": 15, ""VolumeWindowMinutes"": 15}",2021-03-23,2026-03-20,1247,1972,0.7252,11335.0,5.75,43.32,-93.39,1.2239,7.14,5.75,1588.585502,2021-03-23,2024-09-16,872,1455,0.7278,9470.0,6.51,44.72,-95.68,1.2499,7.14,6.51,1327.208178,2024-09-17,2026-03-20,375,517,0.7176,1865.0,3.61,39.33,-87.16,1.1466,9.09,3.61,205.15,-880.0,0.9900000000000002,0.030100000000000016,-1.8099999999999996,171.144542,-1900.0,-1.0699999999999998,-0.06919999999999993,0.9599999999999991,-258.15416700000003,-2780.0,0.4800000000000004,0.0052000000000000934,-1.8099999999999996,11.982774999999947
volume__both__w15__ge_40000,volume,"{""family"": ""volume"", ""name"": ""volume__both__w15__ge_40000"", ""relvol_lookback"": 20, ""relvol_min"": 0.0, ""relvol_mode"": ""off"", ""trend_min"": 0.0, ""trend_mode"": ""off"", ""trend_window"": 15, ""volume_min"": 40000.0, ""volume_mode"": ""both"", ""volume_window"": 15}","{""ATRTimeFrame"": 15, ""ATR_Length"": 20, ""AllowFriday"": true, ""AllowMonday"": true, ""AllowThursday"": true, ""AllowTuesday"": true, ""AllowWednesday"": true, ""ApplyRelativeVolumeFilterToLongs"": false, ""ApplyRelativeVolumeFilterToShorts"": false, ""ApplyTrendEfficiencyFilterToLongs"": false, ""ApplyTrendEfficiencyFilterToShorts"": false, ""ApplyVolumeFilterToLongs"": true, ""ApplyVolumeFilterToShorts"": true, ""ContractsPerTrade"": 1.0, ""EntryStart_Hour"": 10, ""EntryStart_Minute"": 0, ""FilterAsPercOfContractMARange"": 0.3, ""LastEntry_Hour"": 15, ""LastEntry_Minute"": 0, ""MarketClose_Hour"": 18, ""MarketClose_Minute"": 0, ""MinDirectionalTrendEfficiency15m"": 0.0, ""MinRelativeVolumeAtTime"": 0.0, ""MinSignalVolumeWindowSum"": 40000.0, ""MinutesBeforeMarketCloseToClosePositions"": 5, ""NumDaysToConsiderPreviousContractMARange"": 5, ""RelativeVolumeLookbackDays"": 20, ""RetracementLevel"": 0.25, ""SL_ATRMultiplier"": 0.78, ""TP_ATRMultiplier"": 0.36, ""TrendEfficiencyWindowMinutes"": 15, ""VolumeWindowMinutes"": 15}",2021-03-23,2026-03-20,1247,1410,0.7362,10500.0,7.45,45.77,-99.48,1.2837,8.64,7.45,1214.680851,2021-03-23,2024-09-16,872,1096,0.7345,8295.0,7.57,46.77,-100.88,1.2826,8.64,7.57,959.597872,2024-09-17,2026-03-20,375,314,0.742,2205.0,7.02,42.3,-94.44,1.2882,6.72,7.02,328.012759,-2055.0,2.0500000000000007,0.06279999999999997,-0.3099999999999987,-196.46576400000004,-1560.0,2.34,0.07240000000000002,-1.410000000000001,-135.291408,-3615.0,2.1800000000000006,0.06500000000000017,-0.3099999999999987,-361.9218759999999
volume__both__w15__ge_50000,volume,"{""family"": ""volume"", ""name"": ""volume__both__w15__ge_50000"", ""relvol_lookback"": 20, ""relvol_min"": 0.0, ""relvol_mode"": ""off"", ""trend_min"": 0.0, ""trend_mode"": ""off"", ""trend_window"": 15, ""volume_min"": 50000.0, ""volume_mode"": ""both"", ""volume_window"": 15}","{""ATRTimeFrame"": 15, ""ATR_Length"": 20, ""AllowFriday"": true, ""AllowMonday"": true, ""AllowThursday"": true, ""AllowTuesday"": true, ""AllowWednesday"": true, ""ApplyRelativeVolumeFilterToLongs"": false, ""ApplyRelativeVolumeFilterToShorts"": false, ""ApplyTrendEfficiencyFilterToLongs"": false, ""ApplyTrendEfficiencyFilterToShorts"": false, ""ApplyVolumeFilterToLongs"": true, ""ApplyVolumeFilterToShorts"": true, ""ContractsPerTrade"": 1.0, ""EntryStart_Hour"": 10, ""EntryStart_Minute"": 0, ""FilterAsPercOfContractMARange"": 0.3, ""LastEntry_Hour"": 15, ""LastEntry_Minute"": 0, ""MarketClose_Hour"": 18, ""MarketClose_Minute"": 0, ""MinDirectionalTrendEfficiency15m"": 0.0, ""MinRelativeVolumeAtTime"": 0.0, ""MinSignalVolumeWindowSum"": 50000.0, ""MinutesBeforeMarketCloseToClosePositions"": 5, ""NumDaysToConsiderPreviousContractMARange"": 5, ""RelativeVolumeLookbackDays"": 20, ""RetracementLevel"": 0.25, ""SL_ATRMultiplier"": 0.78, ""TP_ATRMultiplier"": 0.36, ""TrendEfficiencyWindowMinutes"": 15, ""VolumeWindowMinutes"": 15}",2021-03-23,2026-03-20,1247,838,0.7351,6355.0,7.58,48.16,-105.0,1.2726,8.92,7.58,712.730903,2021-03-23,2024-09-16,872,694,0.7378,5700.0,8.21,48.57,-105.33,1.2973,8.92,8.21,639.270833,2024-09-17,2026-03-20,375,144,0.7222,655.0,4.55,46.11,-103.5,1.1582,4.55,4.55,143.81828,-4650.0,2.6900000000000013,0.0774999999999999,-0.02999999999999936,-516.792803,-3110.0,-0.1299999999999999,-0.057600000000000096,-3.580000000000001,-319.48588700000005,-7760.0,2.3100000000000005,0.05390000000000006,-0.02999999999999936,-863.871824
volume__both__w25__ge_30000,volume,"{""family"": ""volume"", ""name"": ""volume__both__w25__ge_30000"", ""relvol_lookback"": 20, ""relvol_min"": 0.0, ""relvol_mode"": ""off"", ""trend_min"": 0.0, ""trend_mode"": ""off"", ""trend_window"": 15, ""volume_min"": 30000.0, ""volume_mode"": ""both"", ""volume_window"": 25}","{""ATRTimeFrame"": 15, ""ATR_Length"": 20, ""AllowFriday"": true, ""AllowMonday"": true, ""AllowThursday"": true, ""AllowTuesday"": true, ""AllowWednesday"": true, ""ApplyRelativeVolumeFilterToLongs"": false, ""ApplyRelativeVolumeFilterToShorts"": false, ""ApplyTrendEfficiencyFilterToLongs"": false, ""ApplyTrendEfficiencyFilterToShorts"": false, ""ApplyVolumeFilterToLongs"": true, ""ApplyVolumeFilterToShorts"": true, ""ContractsPerTrade"": 1.0, ""EntryStart_Hour"": 10, ""EntryStart_Minute"": 0, ""FilterAsPercOfContractMARange"": 0.3, ""LastEntry_Hour"": 15, ""LastEntry_Minute"": 0, ""MarketClose_Hour"": 18, ""MarketClose_Minute"": 0, ""MinDirectionalTrendEfficiency15m"": 0.0, ""MinRelativeVolumeAtTime"": 0.0, ""MinSignalVolumeWindowSum"": 30000.0, ""MinutesBeforeMarketCloseToClosePositions"": 5, ""NumDaysToConsiderPreviousContractMARange"": 5, ""RelativeVolumeLookbackDays"": 20, ""RetracementLevel"": 0.25, ""SL_ATRMultiplier"": 0.78, ""TP_ATRMultiplier"": 0.36, ""TrendEfficiencyWindowMinutes"": 15, ""VolumeWindowMinutes"": 25}",2021-03-23,2026-03-20,1247,2509,0.7254,13360.0,5.32,41.21,-89.48,1.2167,9.01,5.32,1482.150303,2021-03-23,2024-09-16,872,1792,0.7254,10130.0,5.65,42.87,-92.69,1.2221,9.01,5.65,1123.816061,2024-09-17,2026-03-20,375,717,0.7252,3230.0,4.5,37.07,-81.45,1.2013,8.09,4.5,399.084444,-220.0,0.13000000000000078,0.0022999999999999687,0.0600000000000005,-32.2475750000001,-535.0,-0.17999999999999972,-0.014499999999999957,-0.040000000000000924,-64.21972299999999,-755.0,0.05000000000000071,-0.0020000000000000018,0.0600000000000005,-94.45242400000006
volume__both__w25__ge_40000,volume,"{""family"": ""volume"", ""name"": ""volume__both__w25__ge_40000"", ""relvol_lookback"": 20, ""relvol_min"": 0.0, ""relvol_mode"": ""off"", ""trend_min"": 0.0, ""trend_mode"": ""off"", ""trend_window"": 15, ""volume_min"": 40000.0, ""volume_mode"": ""both"", ""volume_window"": 25}","{""ATRTimeFrame"": 15, ""ATR_Length"": 20, ""AllowFriday"": true, ""AllowMonday"": true, ""AllowThursday"": true, ""AllowTuesday"": true, ""AllowWednesday"": true, ""ApplyRelativeVolumeFilterToLongs"": false, ""ApplyRelativeVolumeFilterToShorts"": false, ""ApplyTrendEfficiencyFilterToLongs"": false, ""ApplyTrendEfficiencyFilterToShorts"": false, ""ApplyVolumeFilterToLongs"": true, ""ApplyVolumeFilterToShorts"": true, ""ContractsPerTrade"": 1.0, ""EntryStart_Hour"": 10, ""EntryStart_Minute"": 0, ""FilterAsPercOfContractMARange"": 0.3, ""LastEntry_Hour"": 15, ""LastEntry_Minute"": 0, ""MarketClose_Hour"": 18, ""MarketClose_Minute"": 0, ""MinDirectionalTrendEfficiency15m"": 0.0, ""MinRelativeVolumeAtTime"": 0.0, ""MinSignalVolumeWindowSum"": 40000.0, ""MinutesBeforeMarketCloseToClosePositions"": 5, ""NumDaysToConsiderPreviousContractMARange"": 5, ""RelativeVolumeLookbackDays"": 20, ""RetracementLevel"": 0.25, ""SL_ATRMultiplier"": 0.78, ""TP_ATRMultiplier"": 0.36, ""TrendEfficiencyWindowMinutes"": 15, ""VolumeWindowMinutes"": 25}",2021-03-23,2026-03-20,1247,2263,0.7269,12610.0,5.57,42.14,-91.76,1.2224,7.95,5.57,1586.295254,2021-03-23,2024-09-16,872,1643,0.7255,9520.0,5.79,43.67,-94.32,1.2238,7.95,5.79,1197.583729,2024-09-17,2026-03-20,375,620,0.7306,3090.0,4.98,38.09,-84.82,1.2181,8.69,4.98,355.43089,-830.0,0.27000000000000046,0.0040000000000000036,-0.9999999999999991,41.52009299999986,-675.0,0.3000000000000007,0.0022999999999999687,0.5599999999999987,-107.87327700000003,-1505.0,0.3000000000000007,0.0037000000000000366,-0.9999999999999991,9.692527000000155
volume__both__w25__ge_50000,volume,"{""family"": ""volume"", ""name"": ""volume__both__w25__ge_50000"", ""relvol_lookback"": 20, ""relvol_min"": 0.0, ""relvol_mode"": ""off"", ""trend_min"": 0.0, ""trend_mode"": ""off"", ""trend_window"": 15, ""volume_min"": 50000.0, ""volume_mode"": ""both"", ""volume_window"": 25}","{""ATRTimeFrame"": 15, ""ATR_Length"": 20, ""AllowFriday"": true, ""AllowMonday"": true, ""AllowThursday"": true, ""AllowTuesday"": true, ""AllowWednesday"": true, ""ApplyRelativeVolumeFilterToLongs"": false, ""ApplyRelativeVolumeFilterToShorts"": false, ""ApplyTrendEfficiencyFilterToLongs"": false, ""ApplyTrendEfficiencyFilterToShorts"": false, ""ApplyVolumeFilterToLongs"": true, ""ApplyVolumeFilterToShorts"": true, ""ContractsPerTrade"": 1.0, ""EntryStart_Hour"": 10, ""EntryStart_Minute"": 0, ""FilterAsPercOfContractMARange"": 0.3, ""LastEntry_Hour"": 15, ""LastEntry_Minute"": 0, ""MarketClose_Hour"": 18, ""MarketClose_Minute"": 0, ""MinDirectionalTrendEfficiency15m"": 0.0, ""MinRelativeVolumeAtTime"": 0.0, ""MinSignalVolumeWindowSum"": 50000.0, ""MinutesBeforeMarketCloseToClosePositions"": 5, ""NumDaysToConsiderPreviousContractMARange"": 5, ""RelativeVolumeLookbackDays"": 20, ""RetracementLevel"": 0.25, ""SL_ATRMultiplier"": 0.78, ""TP_ATRMultiplier"": 0.36, ""TrendEfficiencyWindowMinutes"": 15, ""VolumeWindowMinutes"": 25}",2021-03-23,2026-03-20,1247,1940,0.7304,12310.0,6.35,43.6,-94.58,1.2489,7.25,6.35,1696.857993,2021-03-23,2024-09-16,872,1452,0.7293,9540.0,6.57,44.84,-96.55,1.2514,7.25,6.57,1315.030483,2024-09-17,2026-03-20,375,488,0.7336,2770.0,5.68,39.92,-88.62,1.2405,9.65,5.68,286.977251,-810.0,1.0500000000000007,0.03160000000000007,-1.6999999999999993,158.96684699999992,-995.0,1.0,0.024699999999999944,1.5199999999999996,-176.32691599999998,-1805.0,1.08,0.030200000000000005,-1.6999999999999993,120.25526600000012
volume__both__w30__ge_30000,volume,"{""family"": ""volume"", ""name"": ""volume__both__w30__ge_30000"", ""relvol_lookback"": 20, ""relvol_min"": 0.0, ""relvol_mode"": ""off"", ""trend_min"": 0.0, ""trend_mode"": ""off"", ""trend_window"": 15, ""volume_min"": 30000.0, ""volume_mode"": ""both"", ""volume_window"": 30}","{""ATRTimeFrame"": 15, ""ATR_Length"": 20, ""AllowFriday"": true, ""AllowMonday"": true, ""AllowThursday"": true, ""AllowTuesday"": true, ""AllowWednesday"": true, ""ApplyRelativeVolumeFilterToLongs"": false, ""ApplyRelativeVolumeFilterToShorts"": false, ""ApplyTrendEfficiencyFilterToLongs"": false, ""ApplyTrendEfficiencyFilterToShorts"": false, ""ApplyVolumeFilterToLongs"": true, ""ApplyVolumeFilterToShorts"": true, ""ContractsPerTrade"": 1.0, ""EntryStart_Hour"": 10, ""EntryStart_Minute"": 0, ""FilterAsPercOfContractMARange"": 0.3, ""LastEntry_Hour"": 15, ""LastEntry_Minute"": 0, ""MarketClose_Hour"": 18, ""MarketClose_Minute"": 0, ""MinDirectionalTrendEfficiency15m"": 0.0, ""MinRelativeVolumeAtTime"": 0.0, ""MinSignalVolumeWindowSum"": 30000.0, ""MinutesBeforeMarketCloseToClosePositions"": 5, ""NumDaysToConsiderPreviousContractMARange"": 5, ""RelativeVolumeLookbackDays"": 20, ""RetracementLevel"": 0.25, ""SL_ATRMultiplier"": 0.78, ""TP_ATRMultiplier"": 0.36, ""TrendEfficiencyWindowMinutes"": 15, ""VolumeWindowMinutes"": 30}",2021-03-23,2026-03-20,1247,2587,0.7259,14130.0,5.46,40.92,-88.46,1.2253,8.93,5.46,1582.56,2021-03-23,2024-09-16,872,1831,0.7253,10490.0,5.73,42.65,-91.75,1.2273,8.93,5.73,1174.88,2024-09-17,2026-03-20,375,756,0.7275,3640.0,4.81,36.74,-80.41,1.2197,8.08,4.81,450.348889,140.0,0.21000000000000085,0.007500000000000062,-0.019999999999999574,18.81636400000002,-125.0,0.1299999999999999,0.0039000000000000146,-0.05000000000000071,-12.955278000000021,15.0,0.1900000000000004,0.006600000000000161,-0.019999999999999574,5.9572729999999865
volume__both__w30__ge_40000,volume,"{""family"": ""volume"", ""name"": ""volume__both__w30__ge_40000"", ""relvol_lookback"": 20, ""relvol_min"": 0.0, ""relvol_mode"": ""off"", ""trend_min"": 0.0, ""trend_mode"": ""off"", ""trend_window"": 15, ""volume_min"": 40000.0, ""volume_mode"": ""both"", ""volume_window"": 30}","{""ATRTimeFrame"": 15, ""ATR_Length"": 20, ""AllowFriday"": true, ""AllowMonday"": true, ""AllowThursday"": true, ""AllowTuesday"": true, ""AllowWednesday"": true, ""ApplyRelativeVolumeFilterToLongs"": false, ""ApplyRelativeVolumeFilterToShorts"": false, ""ApplyTrendEfficiencyFilterToLongs"": false, ""ApplyTrendEfficiencyFilterToShorts"": false, ""ApplyVolumeFilterToLongs"": true, ""ApplyVolumeFilterToShorts"": true, ""ContractsPerTrade"": 1.0, ""EntryStart_Hour"": 10, ""EntryStart_Minute"": 0, ""FilterAsPercOfContractMARange"": 0.3, ""LastEntry_Hour"": 15, ""LastEntry_Minute"": 0, ""MarketClose_Hour"": 18, ""MarketClose_Minute"": 0, ""MinDirectionalTrendEfficiency15m"": 0.0, ""MinRelativeVolumeAtTime"": 0.0, ""MinSignalVolumeWindowSum"": 40000.0, ""MinutesBeforeMarketCloseToClosePositions"": 5, ""NumDaysToConsiderPreviousContractMARange"": 5, ""RelativeVolumeLookbackDays"": 20, ""RetracementLevel"": 0.25, ""SL_ATRMultiplier"": 0.78, ""TP_ATRMultiplier"": 0.36, ""TrendEfficiencyWindowMinutes"": 15, ""VolumeWindowMinutes"": 30}",2021-03-23,2026-03-20,1247,2430,0.7267,13420.0,5.52,41.49,-90.13,1.2242,8.8,5.52,1525.0,2021-03-23,2024-09-16,872,1740,0.7276,10350.0,5.95,43.1,-93.29,1.2341,8.8,5.95,1176.136364,2024-09-17,2026-03-20,375,690,0.7246,3070.0,4.45,37.39,-82.24,1.1965,8.59,4.45,357.470157,0.0,0.4300000000000006,0.01429999999999998,-0.14999999999999858,20.07272799999987,-695.0,-0.22999999999999954,-0.019300000000000095,0.4599999999999991,-105.83401000000003,-695.0,0.25,0.00550000000000006,-0.14999999999999858,-51.60272699999996
volume__both__w30__ge_50000,volume,"{""family"": ""volume"", ""name"": ""volume__both__w30__ge_50000"", ""relvol_lookback"": 20, ""relvol_min"": 0.0, ""relvol_mode"": ""off"", ""trend_min"": 0.0, ""trend_mode"": ""off"", ""trend_window"": 15, ""volume_min"": 50000.0, ""volume_mode"": ""both"", ""volume_window"": 30}","{""ATRTimeFrame"": 15, ""ATR_Length"": 20, ""AllowFriday"": true, ""AllowMonday"": true, ""AllowThursday"": true, ""AllowTuesday"": true, ""AllowWednesday"": true, ""ApplyRelativeVolumeFilterToLongs"": false, ""ApplyRelativeVolumeFilterToShorts"": false, ""ApplyTrendEfficiencyFilterToLongs"": false, ""ApplyTrendEfficiencyFilterToShorts"": false, ""ApplyVolumeFilterToLongs"": true, ""ApplyVolumeFilterToShorts"": true, ""ContractsPerTrade"": 1.0, ""EntryStart_Hour"": 10, ""EntryStart_Minute"": 0, ""FilterAsPercOfContractMARange"": 0.3, ""LastEntry_Hour"": 15, ""LastEntry_Minute"": 0, ""MarketClose_Hour"": 18, ""MarketClose_Minute"": 0, ""MinDirectionalTrendEfficiency15m"": 0.0, ""MinRelativeVolumeAtTime"": 0.0, ""MinSignalVolumeWindowSum"": 50000.0, ""MinutesBeforeMarketCloseToClosePositions"": 5, ""NumDaysToConsiderPreviousContractMARange"": 5, ""RelativeVolumeLookbackDays"": 20, ""RetracementLevel"": 0.25, ""SL_ATRMultiplier"": 0.78, ""TP_ATRMultiplier"": 0.36, ""TrendEfficiencyWindowMinutes"": 15, ""VolumeWindowMinutes"": 30}",2021-03-23,2026-03-20,1247,2209,0.7284,13055.0,5.91,42.41,-91.96,1.2366,7.05,5.91,1850.509851,2021-03-23,2024-09-16,872,1610,0.7286,10165.0,6.31,43.92,-94.63,1.2458,7.05,6.31,1440.860409,2024-09-17,2026-03-20,375,599,0.7279,2890.0,4.82,38.33,-84.79,1.2091,9.08,4.82,318.329208,-185.0,0.79,0.026000000000000023,-1.8999999999999995,284.7967729999998,-875.0,0.14000000000000057,-0.006699999999999928,0.9499999999999993,-144.974959,-1060.0,0.6400000000000006,0.017900000000000027,-1.8999999999999995,273.90712400000007
relvol__long__lb20__ge_0.85,relvol,"{""family"": ""relvol"", ""name"": ""relvol__long__lb20__ge_0.85"", ""relvol_lookback"": 20, ""relvol_min"": 0.85, ""relvol_mode"": ""long"", ""trend_min"": 0.0, ""trend_mode"": ""off"", ""trend_window"": 15, ""volume_min"": 0.0, ""volume_mode"": ""off"", ""volume_window"": 15}","{""ATRTimeFrame"": 15, ""ATR_Length"": 20, ""AllowFriday"": true, ""AllowMonday"": true, ""AllowThursday"": true, ""AllowTuesday"": true, ""AllowWednesday"": true, ""ApplyRelativeVolumeFilterToLongs"": true, ""ApplyRelativeVolumeFilterToShorts"": false, ""ApplyTrendEfficiencyFilterToLongs"": false, ""ApplyTrendEfficiencyFilterToShorts"": false, ""ApplyVolumeFilterToLongs"": false, ""ApplyVolumeFilterToShorts"": false, ""ContractsPerTrade"": 1.0, ""EntryStart_Hour"": 10, ""EntryStart_Minute"": 0, ""FilterAsPercOfContractMARange"": 0.3, ""LastEntry_Hour"": 15, ""LastEntry_Minute"": 0, ""MarketClose_Hour"": 18, ""MarketClose_Minute"": 0, ""MinDirectionalTrendEfficiency15m"": 0.0, ""MinRelativeVolumeAtTime"": 0.85, ""MinSignalVolumeWindowSum"": 0.0, ""MinutesBeforeMarketCloseToClosePositions"": 5, ""NumDaysToConsiderPreviousContractMARange"": 5, ""RelativeVolumeLookbackDays"": 20, ""RetracementLevel"": 0.25, ""SL_ATRMultiplier"": 0.78, ""TP_ATRMultiplier"": 0.36, ""TrendEfficiencyWindowMinutes"": 15, ""VolumeWindowMinutes"": 15}",2021-03-23,2026-03-20,1247,2480,0.721,12420.0,5.01,40.92,-87.78,1.2045,8.67,5.01,1433.170588,2021-03-23,2024-09-16,872,1740,0.7195,8980.0,5.16,42.68,-91.1,1.202,8.67,5.16,1036.221569,2024-09-17,2026-03-20,375,740,0.7243,3440.0,4.65,36.81,-79.85,1.2112,8.71,4.65,394.797927,-1370.0,-0.35999999999999943,-0.017800000000000038,-0.27999999999999936,-119.84206700000004,-325.0,-0.02999999999999936,-0.0045999999999999375,0.5800000000000001,-68.50623999999999,-1695.0,-0.2599999999999998,-0.01419999999999999,-0.27999999999999936,-143.432139
relvol__long__lb20__ge_1.00,relvol,"{""family"": ""relvol"", ""name"": ""relvol__long__lb20__ge_1.00"", ""relvol_lookback"": 20, ""relvol_min"": 1.0, ""relvol_mode"": ""long"", ""trend_min"": 0.0, ""trend_mode"": ""off"", ""trend_window"": 15, ""volume_min"": 0.0, ""volume_mode"": ""off"", ""volume_window"": 15}","{""ATRTimeFrame"": 15, ""ATR_Length"": 20, ""AllowFriday"": true, ""AllowMonday"": true, ""AllowThursday"": true, ""AllowTuesday"": true, ""AllowWednesday"": true, ""ApplyRelativeVolumeFilterToLongs"": true, ""ApplyRelativeVolumeFilterToShorts"": false, ""ApplyTrendEfficiencyFilterToLongs"": false, ""ApplyTrendEfficiencyFilterToShorts"": false, ""ApplyVolumeFilterToLongs"": false, ""ApplyVolumeFilterToShorts"": false, ""ContractsPerTrade"": 1.0, ""EntryStart_Hour"": 10, ""EntryStart_Minute"": 0, ""FilterAsPercOfContractMARange"": 0.3, ""LastEntry_Hour"": 15, ""LastEntry_Minute"": 0, ""MarketClose_Hour"": 18, ""MarketClose_Minute"": 0, ""MinDirectionalTrendEfficiency15m"": 0.0, ""MinRelativeVolumeAtTime"": 1.0, ""MinSignalVolumeWindowSum"": 0.0, ""MinutesBeforeMarketCloseToClosePositions"": 5, ""NumDaysToConsiderPreviousContractMARange"": 5, ""RelativeVolumeLookbackDays"": 20, ""RetracementLevel"": 0.25, ""SL_ATRMultiplier"": 0.78, ""TP_ATRMultiplier"": 0.36, ""TrendEfficiencyWindowMinutes"": 15, ""VolumeWindowMinutes"": 15}",2021-03-23,2026-03-20,1247,2249,0.7239,12320.0,5.48,41.35,-88.55,1.224,6.19,5.48,1988.719266,2021-03-23,2024-09-16,872,1565,0.7246,9310.0,5.95,43.21,-92.08,1.2346,6.19,5.95,1502.838991,2024-09-17,2026-03-20,375,684,0.7222,3010.0,4.4,37.07,-80.55,1.1967,7.68,4.4,392.034146,-1040.0,0.4300000000000006,0.014799999999999924,-2.759999999999999,346.775355,-755.0,-0.27999999999999936,-0.019099999999999895,-0.45000000000000107,-71.27002099999999,-1795.0,0.21000000000000085,0.005300000000000082,-2.759999999999999,412.1165390000001
relvol__long__lb20__ge_1.15,relvol,"{""family"": ""relvol"", ""name"": ""relvol__long__lb20__ge_1.15"", ""relvol_lookback"": 20, ""relvol_min"": 1.15, ""relvol_mode"": ""long"", ""trend_min"": 0.0, ""trend_mode"": ""off"", ""trend_window"": 15, ""volume_min"": 0.0, ""volume_mode"": ""off"", ""volume_window"": 15}","{""ATRTimeFrame"": 15, ""ATR_Length"": 20, ""AllowFriday"": true, ""AllowMonday"": true, ""AllowThursday"": true, ""AllowTuesday"": true, ""AllowWednesday"": true, ""ApplyRelativeVolumeFilterToLongs"": true, ""ApplyRelativeVolumeFilterToShorts"": false, ""ApplyTrendEfficiencyFilterToLongs"": false, ""ApplyTrendEfficiencyFilterToShorts"": false, ""ApplyVolumeFilterToLongs"": false, ""ApplyVolumeFilterToShorts"": false, ""ContractsPerTrade"": 1.0, ""EntryStart_Hour"": 10, ""EntryStart_Minute"": 0, ""FilterAsPercOfContractMARange"": 0.3, ""LastEntry_Hour"": 15, ""LastEntry_Minute"": 0, ""MarketClose_Hour"": 18, ""MarketClose_Minute"": 0, ""MinDirectionalTrendEfficiency15m"": 0.0, ""MinRelativeVolumeAtTime"": 1.15, ""MinSignalVolumeWindowSum"": 0.0, ""MinutesBeforeMarketCloseToClosePositions"": 5, ""NumDaysToConsiderPreviousContractMARange"": 5, ""RelativeVolumeLookbackDays"": 20, ""RetracementLevel"": 0.25, ""SL_ATRMultiplier"": 0.78, ""TP_ATRMultiplier"": 0.36, ""TrendEfficiencyWindowMinutes"": 15, ""VolumeWindowMinutes"": 15}",2021-03-23,2026-03-20,1247,1987,0.7242,10730.0,5.4,41.52,-89.44,1.2189,7.17,5.4,1496.1912,2021-03-23,2024-09-16,872,1374,0.7234,7715.0,5.61,43.44,-93.33,1.2175,7.17,5.61,1075.7796,2024-09-17,2026-03-20,375,613,0.7259,3015.0,4.92,37.22,-80.65,1.2225,7.55,4.92,399.163804,-2635.0,0.09000000000000075,-0.0022999999999999687,-1.7799999999999994,-80.28403600000001,-750.0,0.2400000000000002,0.006699999999999928,-0.580000000000001,-64.14036299999998,-3385.0,0.13000000000000078,0.00020000000000020002,-1.7799999999999994,-80.41152699999998
relvol__long__lb20__ge_1.30,relvol,"{""family"": ""relvol"", ""name"": ""relvol__long__lb20__ge_1.30"", ""relvol_lookback"": 20, ""relvol_min"": 1.3, ""relvol_mode"": ""long"", ""trend_min"": 0.0, ""trend_mode"": ""off"", ""trend_window"": 15, ""volume_min"": 0.0, ""volume_mode"": ""off"", ""volume_window"": 15}","{""ATRTimeFrame"": 15, ""ATR_Length"": 20, ""AllowFriday"": true, ""AllowMonday"": true, ""AllowThursday"": true, ""AllowTuesday"": true, ""AllowWednesday"": true, ""ApplyRelativeVolumeFilterToLongs"": true, ""ApplyRelativeVolumeFilterToShorts"": false, ""ApplyTrendEfficiencyFilterToLongs"": false, ""ApplyTrendEfficiencyFilterToShorts"": false, ""ApplyVolumeFilterToLongs"": false, ""ApplyVolumeFilterToShorts"": false, ""ContractsPerTrade"": 1.0, ""EntryStart_Hour"": 10, ""EntryStart_Minute"": 0, ""FilterAsPercOfContractMARange"": 0.3, ""LastEntry_Hour"": 15, ""LastEntry_Minute"": 0, ""MarketClose_Hour"": 18, ""MarketClose_Minute"": 0, ""MinDirectionalTrendEfficiency15m"": 0.0, ""MinRelativeVolumeAtTime"": 1.3, ""MinSignalVolumeWindowSum"": 0.0, ""MinutesBeforeMarketCloseToClosePositions"": 5, ""NumDaysToConsiderPreviousContractMARange"": 5, ""RelativeVolumeLookbackDays"": 20, ""RetracementLevel"": 0.25, ""SL_ATRMultiplier"": 0.78, ""TP_ATRMultiplier"": 0.36, ""TrendEfficiencyWindowMinutes"": 15, ""VolumeWindowMinutes"": 15}",2021-03-23,2026-03-20,1247,1789,0.7211,8995.0,5.03,41.61,-89.54,1.2013,6.42,5.03,1400.471528,2021-03-23,2024-09-16,872,1234,0.7229,6790.0,5.5,43.51,-93.64,1.212,6.42,5.5,1057.165278,2024-09-17,2026-03-20,375,555,0.7171,2205.0,3.97,37.34,-80.61,1.1742,7.22,3.97,305.307692,-3560.0,-0.019999999999999574,-0.007800000000000029,-2.5299999999999994,-98.89835800000014,-1560.0,-0.7099999999999995,-0.04160000000000008,-0.910000000000001,-157.99647500000003,-5120.0,-0.23999999999999932,-0.01739999999999986,-2.5299999999999994,-176.13119899999992
relvol__long__lb40__ge_0.85,relvol,"{""family"": ""relvol"", ""name"": ""relvol__long__lb40__ge_0.85"", ""relvol_lookback"": 40, ""relvol_min"": 0.85, ""relvol_mode"": ""long"", ""trend_min"": 0.0, ""trend_mode"": ""off"", ""trend_window"": 15, ""volume_min"": 0.0, ""volume_mode"": ""off"", ""volume_window"": 15}","{""ATRTimeFrame"": 15, ""ATR_Length"": 20, ""AllowFriday"": true, ""AllowMonday"": true, ""AllowThursday"": true, ""AllowTuesday"": true, ""AllowWednesday"": true, ""ApplyRelativeVolumeFilterToLongs"": true, ""ApplyRelativeVolumeFilterToShorts"": false, ""ApplyTrendEfficiencyFilterToLongs"": false, ""ApplyTrendEfficiencyFilterToShorts"": false, ""ApplyVolumeFilterToLongs"": false, ""ApplyVolumeFilterToShorts"": false, ""ContractsPerTrade"": 1.0, ""EntryStart_Hour"": 10, ""EntryStart_Minute"": 0, ""FilterAsPercOfContractMARange"": 0.3, ""LastEntry_Hour"": 15, ""LastEntry_Minute"": 0, ""MarketClose_Hour"": 18, ""MarketClose_Minute"": 0, ""MinDirectionalTrendEfficiency15m"": 0.0, ""MinRelativeVolumeAtTime"": 0.85, ""MinSignalVolumeWindowSum"": 0.0, ""MinutesBeforeMarketCloseToClosePositions"": 5, ""NumDaysToConsiderPreviousContractMARange"": 5, ""RelativeVolumeLookbackDays"": 40, ""RetracementLevel"": 0.25, ""SL_ATRMultiplier"": 0.78, ""TP_ATRMultiplier"": 0.36, ""TrendEfficiencyWindowMinutes"": 15, ""VolumeWindowMinutes"": 15}",2021-03-23,2026-03-20,1247,2456,0.7211,12390.0,5.04,41.06,-88.07,1.2054,8.46,5.04,1463.720588,2021-03-23,2024-09-16,872,1724,0.7204,9105.0,5.28,42.82,-91.45,1.2066,8.46,5.28,1075.639706,2024-09-17,2026-03-20,375,732,0.7227,3285.0,4.49,36.92,-80.02,1.2022,8.8,4.49,373.094301,-1245.0,-0.23999999999999932,-0.0132000000000001,-0.48999999999999844,-80.42393000000015,-480.0,-0.1899999999999995,-0.013600000000000056,0.6699999999999999,-90.20986600000003,-1725.0,-0.22999999999999954,-0.013299999999999867,-0.48999999999999844,-112.88213900000005
relvol__long__lb40__ge_1.00,relvol,"{""family"": ""relvol"", ""name"": ""relvol__long__lb40__ge_1.00"", ""relvol_lookback"": 40, ""relvol_min"": 1.0, ""relvol_mode"": ""long"", ""trend_min"": 0.0, ""trend_mode"": ""off"", ""trend_window"": 15, ""volume_min"": 0.0, ""volume_mode"": ""off"", ""volume_window"": 15}","{""ATRTimeFrame"": 15, ""ATR_Length"": 20, ""AllowFriday"": true, ""AllowMonday"": true, ""AllowThursday"": true, ""AllowTuesday"": true, ""AllowWednesday"": true, ""ApplyRelativeVolumeFilterToLongs"": true, ""ApplyRelativeVolumeFilterToShorts"": false, ""ApplyTrendEfficiencyFilterToLongs"": false, ""ApplyTrendEfficiencyFilterToShorts"": false, ""ApplyVolumeFilterToLongs"": false, ""ApplyVolumeFilterToShorts"": false, ""ContractsPerTrade"": 1.0, ""EntryStart_Hour"": 10, ""EntryStart_Minute"": 0, ""FilterAsPercOfContractMARange"": 0.3, ""LastEntry_Hour"": 15, ""LastEntry_Minute"": 0, ""MarketClose_Hour"": 18, ""MarketClose_Minute"": 0, ""MinDirectionalTrendEfficiency15m"": 0.0, ""MinRelativeVolumeAtTime"": 1.0, ""MinSignalVolumeWindowSum"": 0.0, ""MinutesBeforeMarketCloseToClosePositions"": 5, ""NumDaysToConsiderPreviousContractMARange"": 5, ""RelativeVolumeLookbackDays"": 40, ""RetracementLevel"": 0.25, ""SL_ATRMultiplier"": 0.78, ""TP_ATRMultiplier"": 0.36, ""TrendEfficiencyWindowMinutes"": 15, ""VolumeWindowMinutes"": 15}",2021-03-23,2026-03-20,1247,2233,0.725,12550.0,5.62,41.44,-88.82,1.2301,7.08,5.62,1773.459016,2021-03-23,2024-09-16,872,1559,0.7242,9190.0,5.89,43.26,-92.22,1.2317,7.08,5.89,1298.652459,2024-09-17,2026-03-20,375,674,0.727,3360.0,4.99,37.22,-80.87,1.2258,7.66,4.99,438.632727,-1160.0,0.3700000000000001,0.011900000000000022,-1.8699999999999992,142.58882299999982,-405.0,0.3100000000000005,0.010000000000000009,-0.47000000000000064,-24.67144000000002,-1565.0,0.35000000000000053,0.011400000000000077,-1.8699999999999992,196.85628900000006
relvol__long__lb40__ge_1.15,relvol,"{""family"": ""relvol"", ""name"": ""relvol__long__lb40__ge_1.15"", ""relvol_lookback"": 40, ""relvol_min"": 1.15, ""relvol_mode"": ""long"", ""trend_min"": 0.0, ""trend_mode"": ""off"", ""trend_window"": 15, ""volume_min"": 0.0, ""volume_mode"": ""off"", ""volume_window"": 15}","{""ATRTimeFrame"": 15, ""ATR_Length"": 20, ""AllowFriday"": true, ""AllowMonday"": true, ""AllowThursday"": true, ""AllowTuesday"": true, ""AllowWednesday"": true, ""ApplyRelativeVolumeFilterToLongs"": true, ""ApplyRelativeVolumeFilterToShorts"": false, ""ApplyTrendEfficiencyFilterToLongs"": false, ""ApplyTrendEfficiencyFilterToShorts"": false, ""ApplyVolumeFilterToLongs"": false, ""ApplyVolumeFilterToShorts"": false, ""ContractsPerTrade"": 1.0, ""EntryStart_Hour"": 10, ""EntryStart_Minute"": 0, ""FilterAsPercOfContractMARange"": 0.3, ""LastEntry_Hour"": 15, ""LastEntry_Minute"": 0, ""MarketClose_Hour"": 18, ""MarketClose_Minute"": 0, ""MinDirectionalTrendEfficiency15m"": 0.0, ""MinRelativeVolumeAtTime"": 1.15, ""MinSignalVolumeWindowSum"": 0.0, ""MinutesBeforeMarketCloseToClosePositions"": 5, ""NumDaysToConsiderPreviousContractMARange"": 5, ""RelativeVolumeLookbackDays"": 40, ""RetracementLevel"": 0.25, ""SL_ATRMultiplier"": 0.78, ""TP_ATRMultiplier"": 0.36, ""TrendEfficiencyWindowMinutes"": 15, ""VolumeWindowMinutes"": 15}",2021-03-23,2026-03-20,1247,1992,0.7189,9740.0,4.89,41.65,-89.12,1.1952,6.42,4.89,1518.003687,2021-03-23,2024-09-16,872,1385,0.7191,7185.0,5.19,43.44,-92.76,1.1991,6.42,5.19,1119.800461,2024-09-17,2026-03-20,375,607,0.7183,2555.0,4.21,37.56,-80.82,1.1849,7.51,4.21,340.30092,-3165.0,-0.3299999999999992,-0.02069999999999994,-2.5299999999999994,-36.26317500000005,-1210.0,-0.46999999999999975,-0.030899999999999928,-0.620000000000001,-123.00324699999999,-4375.0,-0.3799999999999999,-0.023499999999999854,-2.5299999999999994,-58.59904000000006
relvol__long__lb40__ge_1.30,relvol,"{""family"": ""relvol"", ""name"": ""relvol__long__lb40__ge_1.30"", ""relvol_lookback"": 40, ""relvol_min"": 1.3, ""relvol_mode"": ""long"", ""trend_min"": 0.0, ""trend_mode"": ""off"", ""trend_window"": 15, ""volume_min"": 0.0, ""volume_mode"": ""off"", ""volume_window"": 15}","{""ATRTimeFrame"": 15, ""ATR_Length"": 20, ""AllowFriday"": true, ""AllowMonday"": true, ""AllowThursday"": true, ""AllowTuesday"": true, ""AllowWednesday"": true, ""ApplyRelativeVolumeFilterToLongs"": true, ""ApplyRelativeVolumeFilterToShorts"": false, ""ApplyTrendEfficiencyFilterToLongs"": false, ""ApplyTrendEfficiencyFilterToShorts"": false, ""ApplyVolumeFilterToLongs"": false, ""ApplyVolumeFilterToShorts"": false, ""ContractsPerTrade"": 1.0, ""EntryStart_Hour"": 10, ""EntryStart_Minute"": 0, ""FilterAsPercOfContractMARange"": 0.3, ""LastEntry_Hour"": 15, ""LastEntry_Minute"": 0, ""MarketClose_Hour"": 18, ""MarketClose_Minute"": 0, ""MinDirectionalTrendEfficiency15m"": 0.0, ""MinRelativeVolumeAtTime"": 1.3, ""MinSignalVolumeWindowSum"": 0.0, ""MinutesBeforeMarketCloseToClosePositions"": 5, ""NumDaysToConsiderPreviousContractMARange"": 5, ""RelativeVolumeLookbackDays"": 40, ""RetracementLevel"": 0.25, ""SL_ATRMultiplier"": 0.78, ""TP_ATRMultiplier"": 0.36, ""TrendEfficiencyWindowMinutes"": 15, ""VolumeWindowMinutes"": 15}",2021-03-23,2026-03-20,1247,1791,0.7236,9770.0,5.46,41.82,-89.76,1.2199,6.34,5.46,1541.488889,2021-03-23,2024-09-16,872,1238,0.7262,7410.0,5.99,43.68,-93.98,1.2326,6.34,5.99,1169.133333,2024-09-17,2026-03-20,375,553,0.7179,2360.0,4.27,37.61,-80.58,1.1877,6.48,4.27,364.356835,-2940.0,0.47000000000000064,0.012799999999999923,-2.6099999999999994,13.069696999999906,-1405.0,-0.41000000000000014,-0.028100000000000014,-1.6500000000000004,-98.94733200000002,-4345.0,0.1900000000000004,0.0012000000000000899,-2.6099999999999994,-35.11383799999999
relvol__long__lb60__ge_0.85,relvol,"{""family"": ""relvol"", ""name"": ""relvol__long__lb60__ge_0.85"", ""relvol_lookback"": 60, ""relvol_min"": 0.85, ""relvol_mode"": ""long"", ""trend_min"": 0.0, ""trend_mode"": ""off"", ""trend_window"": 15, ""volume_min"": 0.0, ""volume_mode"": ""off"", ""volume_window"": 15}","{""ATRTimeFrame"": 15, ""ATR_Length"": 20, ""AllowFriday"": true, ""AllowMonday"": true, ""AllowThursday"": true, ""AllowTuesday"": true, ""AllowWednesday"": true, ""ApplyRelativeVolumeFilterToLongs"": true, ""ApplyRelativeVolumeFilterToShorts"": false, ""ApplyTrendEfficiencyFilterToLongs"": false, ""ApplyTrendEfficiencyFilterToShorts"": false, ""ApplyVolumeFilterToLongs"": false, ""ApplyVolumeFilterToShorts"": false, ""ContractsPerTrade"": 1.0, ""EntryStart_Hour"": 10, ""EntryStart_Minute"": 0, ""FilterAsPercOfContractMARange"": 0.3, ""LastEntry_Hour"": 15, ""LastEntry_Minute"": 0, ""MarketClose_Hour"": 18, ""MarketClose_Minute"": 0, ""MinDirectionalTrendEfficiency15m"": 0.0, ""MinRelativeVolumeAtTime"": 0.85, ""MinSignalVolumeWindowSum"": 0.0, ""MinutesBeforeMarketCloseToClosePositions"": 5, ""NumDaysToConsiderPreviousContractMARange"": 5, ""RelativeVolumeLookbackDays"": 60, ""RetracementLevel"": 0.25, ""SL_ATRMultiplier"": 0.78, ""TP_ATRMultiplier"": 0.36, ""TrendEfficiencyWindowMinutes"": 15, ""VolumeWindowMinutes"": 15}",2021-03-23,2026-03-20,1247,2452,0.7227,12725.0,5.19,41.12,-88.44,1.2116,8.46,5.19,1503.712418,2021-03-23,2024-09-16,872,1729,0.723,9555.0,5.53,42.81,-91.77,1.2174,8.46,5.53,1129.113725,2024-09-17,2026-03-20,375,723,0.722,3170.0,4.38,37.07,-80.5,1.1959,8.91,4.38,355.926943,-795.0,0.010000000000000675,-0.0023999999999999577,-0.48999999999999844,-26.949911000000156,-595.0,-0.2999999999999998,-0.01990000000000003,0.7799999999999994,-107.37722400000001,-1390.0,-0.07999999999999918,-0.007099999999999884,-0.48999999999999844,-72.89030899999989
relvol__long__lb60__ge_1.00,relvol,"{""family"": ""relvol"", ""name"": ""relvol__long__lb60__ge_1.00"", ""relvol_lookback"": 60, ""relvol_min"": 1.0, ""relvol_mode"": ""long"", ""trend_min"": 0.0, ""trend_mode"": ""off"", ""trend_window"": 15, ""volume_min"": 0.0, ""volume_mode"": ""off"", ""volume_window"": 15}","{""ATRTimeFrame"": 15, ""ATR_Length"": 20, ""AllowFriday"": true, ""AllowMonday"": true, ""AllowThursday"": true, ""AllowTuesday"": true, ""AllowWednesday"": true, ""ApplyRelativeVolumeFilterToLongs"": true, ""ApplyRelativeVolumeFilterToShorts"": false, ""ApplyTrendEfficiencyFilterToLongs"": false, ""ApplyTrendEfficiencyFilterToShorts"": false, ""ApplyVolumeFilterToLongs"": false, ""ApplyVolumeFilterToShorts"": false, ""ContractsPerTrade"": 1.0, ""EntryStart_Hour"": 10, ""EntryStart_Minute"": 0, ""FilterAsPercOfContractMARange"": 0.3, ""LastEntry_Hour"": 15, ""LastEntry_Minute"": 0, ""MarketClose_Hour"": 18, ""MarketClose_Minute"": 0, ""MinDirectionalTrendEfficiency15m"": 0.0, ""MinRelativeVolumeAtTime"": 1.0, ""MinSignalVolumeWindowSum"": 0.0, ""MinutesBeforeMarketCloseToClosePositions"": 5, ""NumDaysToConsiderPreviousContractMARange"": 5, ""RelativeVolumeLookbackDays"": 60, ""RetracementLevel"": 0.25, ""SL_ATRMultiplier"": 0.78, ""TP_ATRMultiplier"": 0.36, ""TrendEfficiencyWindowMinutes"": 15, ""VolumeWindowMinutes"": 15}",2021-03-23,2026-03-20,1247,2231,0.7252,12715.0,5.7,41.53,-88.87,1.2334,6.34,5.7,2005.237156,2021-03-23,2024-09-16,872,1562,0.7254,9450.0,6.05,43.28,-92.28,1.2387,6.34,6.05,1490.325688,2024-09-17,2026-03-20,375,669,0.725,3265.0,4.88,37.42,-80.9,1.2193,6.97,4.88,468.559934,-900.0,0.5300000000000002,0.018899999999999917,-2.6099999999999994,334.2620519999998,-500.0,0.20000000000000018,0.0035000000000000586,-1.160000000000001,5.255766999999992,-1400.0,0.4300000000000006,0.014700000000000157,-2.6099999999999994,428.63442899999995
relvol__long__lb60__ge_1.15,relvol,"{""family"": ""relvol"", ""name"": ""relvol__long__lb60__ge_1.15"", ""relvol_lookback"": 60, ""relvol_min"": 1.15, ""relvol_mode"": ""long"", ""trend_min"": 0.0, ""trend_mode"": ""off"", ""trend_window"": 15, ""volume_min"": 0.0, ""volume_mode"": ""off"", ""volume_window"": 15}","{""ATRTimeFrame"": 15, ""ATR_Length"": 20, ""AllowFriday"": true, ""AllowMonday"": true, ""AllowThursday"": true, ""AllowTuesday"": true, ""AllowWednesday"": true, ""ApplyRelativeVolumeFilterToLongs"": true, ""ApplyRelativeVolumeFilterToShorts"": false, ""ApplyTrendEfficiencyFilterToLongs"": false, ""ApplyTrendEfficiencyFilterToShorts"": false, ""ApplyVolumeFilterToLongs"": false, ""ApplyVolumeFilterToShorts"": false, ""ContractsPerTrade"": 1.0, ""EntryStart_Hour"": 10, ""EntryStart_Minute"": 0, ""FilterAsPercOfContractMARange"": 0.3, ""LastEntry_Hour"": 15, ""LastEntry_Minute"": 0, ""MarketClose_Hour"": 18, ""MarketClose_Minute"": 0, ""MinDirectionalTrendEfficiency15m"": 0.0, ""MinRelativeVolumeAtTime"": 1.15, ""MinSignalVolumeWindowSum"": 0.0, ""MinutesBeforeMarketCloseToClosePositions"": 5, ""NumDaysToConsiderPreviousContractMARange"": 5, ""RelativeVolumeLookbackDays"": 60, ""RetracementLevel"": 0.25, ""SL_ATRMultiplier"": 0.78, ""TP_ATRMultiplier"": 0.36, ""TrendEfficiencyWindowMinutes"": 15, ""VolumeWindowMinutes"": 15}",2021-03-23,2026-03-20,1247,1972,0.7181,9740.0,4.94,41.88,-89.15,1.1965,5.82,4.94,1673.104569,2021-03-23,2024-09-16,872,1375,0.7178,7205.0,5.24,43.73,-92.67,1.2004,5.82,5.24,1237.650761,2024-09-17,2026-03-20,375,597,0.7186,2535.0,4.25,37.63,-81.01,1.1863,7.52,4.25,337.170552,-3145.0,-0.27999999999999936,-0.019400000000000084,-3.129999999999999,81.58712500000001,-1230.0,-0.4299999999999997,-0.02950000000000008,-0.6100000000000012,-126.13361500000002,-4375.0,-0.3299999999999992,-0.022199999999999998,-3.129999999999999,96.50184200000012
relvol__long__lb60__ge_1.30,relvol,"{""family"": ""relvol"", ""name"": ""relvol__long__lb60__ge_1.30"", ""relvol_lookback"": 60, ""relvol_min"": 1.3, ""relvol_mode"": ""long"", ""trend_min"": 0.0, ""trend_mode"": ""off"", ""trend_window"": 15, ""volume_min"": 0.0, ""volume_mode"": ""off"", ""volume_window"": 15}","{""ATRTimeFrame"": 15, ""ATR_Length"": 20, ""AllowFriday"": true, ""AllowMonday"": true, ""AllowThursday"": true, ""AllowTuesday"": true, ""AllowWednesday"": true, ""ApplyRelativeVolumeFilterToLongs"": true, ""ApplyRelativeVolumeFilterToShorts"": false, ""ApplyTrendEfficiencyFilterToLongs"": false, ""ApplyTrendEfficiencyFilterToShorts"": false, ""ApplyVolumeFilterToLongs"": false, ""ApplyVolumeFilterToShorts"": false, ""ContractsPerTrade"": 1.0, ""EntryStart_Hour"": 10, ""EntryStart_Minute"": 0, ""FilterAsPercOfContractMARange"": 0.3, ""LastEntry_Hour"": 15, ""LastEntry_Minute"": 0, ""MarketClose_Hour"": 18, ""MarketClose_Minute"": 0, ""MinDirectionalTrendEfficiency15m"": 0.0, ""MinRelativeVolumeAtTime"": 1.3, ""MinSignalVolumeWindowSum"": 0.0, ""MinutesBeforeMarketCloseToClosePositions"": 5, ""NumDaysToConsiderPreviousContractMARange"": 5, ""RelativeVolumeLookbackDays"": 60, ""RetracementLevel"": 0.25, ""SL_ATRMultiplier"": 0.78, ""TP_ATRMultiplier"": 0.36, ""TrendEfficiencyWindowMinutes"": 15, ""VolumeWindowMinutes"": 15}",2021-03-23,2026-03-20,1247,1789,0.7244,10045.0,5.61,41.92,-89.83,1.2268,6.34,5.61,1584.877778,2021-03-23,2024-09-16,872,1237,0.7268,7580.0,6.13,43.78,-94.01,1.2386,6.34,6.13,1195.955556,2024-09-17,2026-03-20,375,552,0.7192,2465.0,4.47,37.72,-80.71,1.197,6.48,4.47,380.567626,-2770.0,0.6100000000000003,0.018799999999999928,-2.6099999999999994,39.8919199999998,-1300.0,-0.20999999999999996,-0.018799999999999928,-1.6500000000000004,-82.73654099999999,-4070.0,0.34000000000000075,0.008099999999999996,-2.6099999999999994,8.275051000000076
relvol__short__lb20__ge_0.85,relvol,"{""family"": ""relvol"", ""name"": ""relvol__short__lb20__ge_0.85"", ""relvol_lookback"": 20, ""relvol_min"": 0.85, ""relvol_mode"": ""short"", ""trend_min"": 0.0, ""trend_mode"": ""off"", ""trend_window"": 15, ""volume_min"": 0.0, ""volume_mode"": ""off"", ""volume_window"": 15}","{""ATRTimeFrame"": 15, ""ATR_Length"": 20, ""AllowFriday"": true, ""AllowMonday"": true, ""AllowThursday"": true, ""AllowTuesday"": true, ""AllowWednesday"": true, ""ApplyRelativeVolumeFilterToLongs"": false, ""ApplyRelativeVolumeFilterToShorts"": true, ""ApplyTrendEfficiencyFilterToLongs"": false, ""ApplyTrendEfficiencyFilterToShorts"": false, ""ApplyVolumeFilterToLongs"": false, ""ApplyVolumeFilterToShorts"": false, ""ContractsPerTrade"": 1.0, ""EntryStart_Hour"": 10, ""EntryStart_Minute"": 0, ""FilterAsPercOfContractMARange"": 0.3, ""LastEntry_Hour"": 15, ""LastEntry_Minute"": 0, ""MarketClose_Hour"": 18, ""MarketClose_Minute"": 0, ""MinDirectionalTrendEfficiency15m"": 0.0, ""MinRelativeVolumeAtTime"": 0.85, ""MinSignalVolumeWindowSum"": 0.0, ""MinutesBeforeMarketCloseToClosePositions"": 5, ""NumDaysToConsiderPreviousContractMARange"": 5, ""RelativeVolumeLookbackDays"": 20, ""RetracementLevel"": 0.25, ""SL_ATRMultiplier"": 0.78, ""TP_ATRMultiplier"": 0.36, ""TrendEfficiencyWindowMinutes"": 15, ""VolumeWindowMinutes"": 15}",2021-03-23,2026-03-20,1247,2446,0.7277,13840.0,5.66,40.93,-88.6,1.2345,8.52,5.66,1624.498361,2021-03-23,2024-09-16,872,1731,0.7262,10000.0,5.78,42.57,-91.78,1.2299,8.52,5.78,1173.770492,2024-09-17,2026-03-20,375,715,0.7315,3840.0,5.37,36.99,-80.76,1.2477,8.4,5.37,456.939683,-350.0,0.2600000000000007,0.010099999999999998,-0.4299999999999997,17.706856000000016,75.0,0.6900000000000004,0.03190000000000004,0.2699999999999996,-6.3644840000000045,-275.0,0.39000000000000057,0.015800000000000036,-0.4299999999999997,47.89563399999997
relvol__short__lb20__ge_1.00,relvol,"{""family"": ""relvol"", ""name"": ""relvol__short__lb20__ge_1.00"", ""relvol_lookback"": 20, ""relvol_min"": 1.0, ""relvol_mode"": ""short"", ""trend_min"": 0.0, ""trend_mode"": ""off"", ""trend_window"": 15, ""volume_min"": 0.0, ""volume_mode"": ""off"", ""volume_window"": 15}","{""ATRTimeFrame"": 15, ""ATR_Length"": 20, ""AllowFriday"": true, ""AllowMonday"": true, ""AllowThursday"": true, ""AllowTuesday"": true, ""AllowWednesday"": true, ""ApplyRelativeVolumeFilterToLongs"": false, ""ApplyRelativeVolumeFilterToShorts"": true, ""ApplyTrendEfficiencyFilterToLongs"": false, ""ApplyTrendEfficiencyFilterToShorts"": false, ""ApplyVolumeFilterToLongs"": false, ""ApplyVolumeFilterToShorts"": false, ""ContractsPerTrade"": 1.0, ""EntryStart_Hour"": 10, ""EntryStart_Minute"": 0, ""FilterAsPercOfContractMARange"": 0.3, ""LastEntry_Hour"": 15, ""LastEntry_Minute"": 0, ""MarketClose_Hour"": 18, ""MarketClose_Minute"": 0, ""MinDirectionalTrendEfficiency15m"": 0.0, ""MinRelativeVolumeAtTime"": 1.0, ""MinSignalVolumeWindowSum"": 0.0, ""MinutesBeforeMarketCloseToClosePositions"": 5, ""NumDaysToConsiderPreviousContractMARange"": 5, ""RelativeVolumeLookbackDays"": 20, ""RetracementLevel"": 0.25, ""SL_ATRMultiplier"": 0.78, ""TP_ATRMultiplier"": 0.36, ""TrendEfficiencyWindowMinutes"": 15, ""VolumeWindowMinutes"": 15}",2021-03-23,2026-03-20,1247,2229,0.7263,12250.0,5.5,41.05,-88.88,1.226,7.41,5.5,1653.29291,2021-03-23,2024-09-16,872,1581,0.728,9590.0,6.07,42.66,-91.9,1.2427,7.41,6.07,1294.292164,2024-09-17,2026-03-20,375,648,0.7222,2660.0,4.1,37.09,-81.67,1.181,8.83,4.1,301.15,-760.0,0.5500000000000007,0.02289999999999992,-1.5399999999999991,138.22852799999987,-1105.0,-0.5800000000000001,-0.03479999999999994,0.6999999999999993,-162.15416700000003,-1865.0,0.23000000000000043,0.007300000000000084,-1.5399999999999991,76.69018299999993
relvol__short__lb20__ge_1.15,relvol,"{""family"": ""relvol"", ""name"": ""relvol__short__lb20__ge_1.15"", ""relvol_lookback"": 20, ""relvol_min"": 1.15, ""relvol_mode"": ""short"", ""trend_min"": 0.0, ""trend_mode"": ""off"", ""trend_window"": 15, ""volume_min"": 0.0, ""volume_mode"": ""off"", ""volume_window"": 15}","{""ATRTimeFrame"": 15, ""ATR_Length"": 20, ""AllowFriday"": true, ""AllowMonday"": true, ""AllowThursday"": true, ""AllowTuesday"": true, ""AllowWednesday"": true, ""ApplyRelativeVolumeFilterToLongs"": false, ""ApplyRelativeVolumeFilterToShorts"": true, ""ApplyTrendEfficiencyFilterToLongs"": false, ""ApplyTrendEfficiencyFilterToShorts"": false, ""ApplyVolumeFilterToLongs"": false, ""ApplyVolumeFilterToShorts"": false, ""ContractsPerTrade"": 1.0, ""EntryStart_Hour"": 10, ""EntryStart_Minute"": 0, ""FilterAsPercOfContractMARange"": 0.3, ""LastEntry_Hour"": 15, ""LastEntry_Minute"": 0, ""MarketClose_Hour"": 18, ""MarketClose_Minute"": 0, ""MinDirectionalTrendEfficiency15m"": 0.0, ""MinRelativeVolumeAtTime"": 1.15, ""MinSignalVolumeWindowSum"": 0.0, ""MinutesBeforeMarketCloseToClosePositions"": 5, ""NumDaysToConsiderPreviousContractMARange"": 5, ""RelativeVolumeLookbackDays"": 20, ""RetracementLevel"": 0.25, ""SL_ATRMultiplier"": 0.78, ""TP_ATRMultiplier"": 0.36, ""TrendEfficiencyWindowMinutes"": 15, ""VolumeWindowMinutes"": 15}",2021-03-23,2026-03-20,1247,1977,0.7284,11390.0,5.76,41.02,-88.78,1.2389,6.15,5.76,1852.089573,2021-03-23,2024-09-16,872,1404,0.7293,8670.0,6.18,42.45,-91.58,1.2491,6.15,6.18,1409.799526,2024-09-17,2026-03-20,375,573,0.726,2720.0,4.75,37.49,-82.01,1.2113,6.55,4.75,415.265753,-1680.0,0.6600000000000001,0.029300000000000104,-2.799999999999999,253.73588999999993,-1045.0,0.07000000000000028,-0.0044999999999999485,-1.580000000000001,-48.03841399999999,-2725.0,0.4900000000000002,0.020199999999999996,-2.799999999999999,275.486846
relvol__short__lb20__ge_1.30,relvol,"{""family"": ""relvol"", ""name"": ""relvol__short__lb20__ge_1.30"", ""relvol_lookback"": 20, ""relvol_min"": 1.3, ""relvol_mode"": ""short"", ""trend_min"": 0.0, ""trend_mode"": ""off"", ""trend_window"": 15, ""volume_min"": 0.0, ""volume_mode"": ""off"", ""volume_window"": 15}","{""ATRTimeFrame"": 15, ""ATR_Length"": 20, ""AllowFriday"": true, ""AllowMonday"": true, ""AllowThursday"": true, ""AllowTuesday"": true, ""AllowWednesday"": true, ""ApplyRelativeVolumeFilterToLongs"": false, ""ApplyRelativeVolumeFilterToShorts"": true, ""ApplyTrendEfficiencyFilterToLongs"": false, ""ApplyTrendEfficiencyFilterToShorts"": false, ""ApplyVolumeFilterToLongs"": false, ""ApplyVolumeFilterToShorts"": false, ""ContractsPerTrade"": 1.0, ""EntryStart_Hour"": 10, ""EntryStart_Minute"": 0, ""FilterAsPercOfContractMARange"": 0.3, ""LastEntry_Hour"": 15, ""LastEntry_Minute"": 0, ""MarketClose_Hour"": 18, ""MarketClose_Minute"": 0, ""MinDirectionalTrendEfficiency15m"": 0.0, ""MinRelativeVolumeAtTime"": 1.3, ""MinSignalVolumeWindowSum"": 0.0, ""MinutesBeforeMarketCloseToClosePositions"": 5, ""NumDaysToConsiderPreviousContractMARange"": 5, ""RelativeVolumeLookbackDays"": 20, ""RetracementLevel"": 0.25, ""SL_ATRMultiplier"": 0.78, ""TP_ATRMultiplier"": 0.36, ""TrendEfficiencyWindowMinutes"": 15, ""VolumeWindowMinutes"": 15}",2021-03-23,2026-03-20,1247,1774,0.7244,9215.0,5.19,40.95,-88.77,1.2123,7.97,5.19,1156.875388,2021-03-23,2024-09-16,872,1258,0.7273,7170.0,5.7,42.22,-91.72,1.2279,7.97,5.7,900.140698,2024-09-17,2026-03-20,375,516,0.7171,2045.0,3.96,37.82,-81.85,1.1711,8.11,3.96,252.291989,-3180.0,0.1800000000000006,0.008099999999999996,-0.9799999999999995,-255.92293800000004,-1720.0,-0.7199999999999998,-0.04469999999999996,-0.02000000000000135,-211.012178,-4900.0,-0.07999999999999918,-0.006399999999999961,-0.9799999999999995,-419.72733900000003
relvol__short__lb40__ge_0.85,relvol,"{""family"": ""relvol"", ""name"": ""relvol__short__lb40__ge_0.85"", ""relvol_lookback"": 40, ""relvol_min"": 0.85, ""relvol_mode"": ""short"", ""trend_min"": 0.0, ""trend_mode"": ""off"", ""trend_window"": 15, ""volume_min"": 0.0, ""volume_mode"": ""off"", ""volume_window"": 15}","{""ATRTimeFrame"": 15, ""ATR_Length"": 20, ""AllowFriday"": true, ""AllowMonday"": true, ""AllowThursday"": true, ""AllowTuesday"": true, ""AllowWednesday"": true, ""ApplyRelativeVolumeFilterToLongs"": false, ""ApplyRelativeVolumeFilterToShorts"": true, ""ApplyTrendEfficiencyFilterToLongs"": false, ""ApplyTrendEfficiencyFilterToShorts"": false, ""ApplyVolumeFilterToLongs"": false, ""ApplyVolumeFilterToShorts"": false, ""ContractsPerTrade"": 1.0, ""EntryStart_Hour"": 10, ""EntryStart_Minute"": 0, ""FilterAsPercOfContractMARange"": 0.3, ""LastEntry_Hour"": 15, ""LastEntry_Minute"": 0, ""MarketClose_Hour"": 18, ""MarketClose_Minute"": 0, ""MinDirectionalTrendEfficiency15m"": 0.0, ""MinRelativeVolumeAtTime"": 0.85, ""MinSignalVolumeWindowSum"": 0.0, ""MinutesBeforeMarketCloseToClosePositions"": 5, ""NumDaysToConsiderPreviousContractMARange"": 5, ""RelativeVolumeLookbackDays"": 40, ""RetracementLevel"": 0.25, ""SL_ATRMultiplier"": 0.78, ""TP_ATRMultiplier"": 0.36, ""TrendEfficiencyWindowMinutes"": 15, ""VolumeWindowMinutes"": 15}",2021-03-23,2026-03-20,1247,2436,0.7258,13015.0,5.34,40.98,-88.97,1.219,9.59,5.34,1357.387941,2021-03-23,2024-09-16,872,1724,0.7233,9130.0,5.3,42.6,-92.22,1.2075,9.59,5.3,952.205294,2024-09-17,2026-03-20,375,712,0.7317,3885.0,5.46,37.1,-80.86,1.2515,8.05,5.46,482.3875,-1220.0,-0.21999999999999975,-0.012299999999999978,0.6400000000000006,-203.8583420000001,120.0,0.7800000000000002,0.035700000000000065,-0.08000000000000007,19.083332999999982,-1100.0,0.07000000000000028,0.000300000000000189,0.6400000000000006,-219.214786
relvol__short__lb40__ge_1.00,relvol,"{""family"": ""relvol"", ""name"": ""relvol__short__lb40__ge_1.00"", ""relvol_lookback"": 40, ""relvol_min"": 1.0, ""relvol_mode"": ""short"", ""trend_min"": 0.0, ""trend_mode"": ""off"", ""trend_window"": 15, ""volume_min"": 0.0, ""volume_mode"": ""off"", ""volume_window"": 15}","{""ATRTimeFrame"": 15, ""ATR_Length"": 20, ""AllowFriday"": true, ""AllowMonday"": true, ""AllowThursday"": true, ""AllowTuesday"": true, ""AllowWednesday"": true, ""ApplyRelativeVolumeFilterToLongs"": false, ""ApplyRelativeVolumeFilterToShorts"": true, ""ApplyTrendEfficiencyFilterToLongs"": false, ""ApplyTrendEfficiencyFilterToShorts"": false, ""ApplyVolumeFilterToLongs"": false, ""ApplyVolumeFilterToShorts"": false, ""ContractsPerTrade"": 1.0, ""EntryStart_Hour"": 10, ""EntryStart_Minute"": 0, ""FilterAsPercOfContractMARange"": 0.3, ""LastEntry_Hour"": 15, ""LastEntry_Minute"": 0, ""MarketClose_Hour"": 18, ""MarketClose_Minute"": 0, ""MinDirectionalTrendEfficiency15m"": 0.0, ""MinRelativeVolumeAtTime"": 1.0, ""MinSignalVolumeWindowSum"": 0.0, ""MinutesBeforeMarketCloseToClosePositions"": 5, ""NumDaysToConsiderPreviousContractMARange"": 5, ""RelativeVolumeLookbackDays"": 40, ""RetracementLevel"": 0.25, ""SL_ATRMultiplier"": 0.78, ""TP_ATRMultiplier"": 0.36, ""TrendEfficiencyWindowMinutes"": 15, ""VolumeWindowMinutes"": 15}",2021-03-23,2026-03-20,1247,2218,0.7281,12730.0,5.74,41.12,-89.03,1.2371,8.03,5.74,1584.906873,2021-03-23,2024-09-16,872,1577,0.728,9610.0,6.09,42.69,-91.83,1.2439,8.03,6.09,1196.461512,2024-09-17,2026-03-20,375,641,0.7285,3120.0,4.87,37.28,-82.13,1.2183,8.77,4.87,355.77551,-740.0,0.5700000000000003,0.02410000000000001,-0.9199999999999999,40.397876,-645.0,0.1900000000000004,0.0024999999999999467,0.6399999999999988,-107.52865700000001,-1385.0,0.47000000000000064,0.018400000000000194,-0.9199999999999999,8.304145999999946
relvol__short__lb40__ge_1.15,relvol,"{""family"": ""relvol"", ""name"": ""relvol__short__lb40__ge_1.15"", ""relvol_lookback"": 40, ""relvol_min"": 1.15, ""relvol_mode"": ""short"", ""trend_min"": 0.0, ""trend_mode"": ""off"", ""trend_window"": 15, ""volume_min"": 0.0, ""volume_mode"": ""off"", ""volume_window"": 15}","{""ATRTimeFrame"": 15, ""ATR_Length"": 20, ""AllowFriday"": true, ""AllowMonday"": true, ""AllowThursday"": true, ""AllowTuesday"": true, ""AllowWednesday"": true, ""ApplyRelativeVolumeFilterToLongs"": false, ""ApplyRelativeVolumeFilterToShorts"": true, ""ApplyTrendEfficiencyFilterToLongs"": false, ""ApplyTrendEfficiencyFilterToShorts"": false, ""ApplyVolumeFilterToLongs"": false, ""ApplyVolumeFilterToShorts"": false, ""ContractsPerTrade"": 1.0, ""EntryStart_Hour"": 10, ""EntryStart_Minute"": 0, ""FilterAsPercOfContractMARange"": 0.3, ""LastEntry_Hour"": 15, ""LastEntry_Minute"": 0, ""MarketClose_Hour"": 18, ""MarketClose_Minute"": 0, ""MinDirectionalTrendEfficiency15m"": 0.0, ""MinRelativeVolumeAtTime"": 1.15, ""MinSignalVolumeWindowSum"": 0.0, ""MinutesBeforeMarketCloseToClosePositions"": 5, ""NumDaysToConsiderPreviousContractMARange"": 5, ""RelativeVolumeLookbackDays"": 40, ""RetracementLevel"": 0.25, ""SL_ATRMultiplier"": 0.78, ""TP_ATRMultiplier"": 0.36, ""TrendEfficiencyWindowMinutes"": 15, ""VolumeWindowMinutes"": 15}",2021-03-23,2026-03-20,1247,1981,0.7244,10560.0,5.33,41.18,-88.9,1.2176,7.22,5.33,1462.3488,2021-03-23,2024-09-16,872,1407,0.7264,8170.0,5.81,42.56,-91.77,1.2312,7.22,5.81,1131.3816,2024-09-17,2026-03-20,375,574,0.7195,2390.0,4.16,37.77,-82.05,1.1809,6.74,4.16,354.650336,-2180.0,0.29000000000000004,0.011400000000000077,-1.7299999999999995,-24.682036000000153,-1375.0,-0.5199999999999996,-0.03489999999999993,-1.3900000000000006,-108.65383100000003,-3555.0,0.0600000000000005,-0.0010999999999998789,-1.7299999999999995,-114.25392699999998
relvol__short__lb40__ge_1.30,relvol,"{""family"": ""relvol"", ""name"": ""relvol__short__lb40__ge_1.30"", ""relvol_lookback"": 40, ""relvol_min"": 1.3, ""relvol_mode"": ""short"", ""trend_min"": 0.0, ""trend_mode"": ""off"", ""trend_window"": 15, ""volume_min"": 0.0, ""volume_mode"": ""off"", ""volume_window"": 15}","{""ATRTimeFrame"": 15, ""ATR_Length"": 20, ""AllowFriday"": true, ""AllowMonday"": true, ""AllowThursday"": true, ""AllowTuesday"": true, ""AllowWednesday"": true, ""ApplyRelativeVolumeFilterToLongs"": false, ""ApplyRelativeVolumeFilterToShorts"": true, ""ApplyTrendEfficiencyFilterToLongs"": false, ""ApplyTrendEfficiencyFilterToShorts"": false, ""ApplyVolumeFilterToLongs"": false, ""ApplyVolumeFilterToShorts"": false, ""ContractsPerTrade"": 1.0, ""EntryStart_Hour"": 10, ""EntryStart_Minute"": 0, ""FilterAsPercOfContractMARange"": 0.3, ""LastEntry_Hour"": 15, ""LastEntry_Minute"": 0, ""MarketClose_Hour"": 18, ""MarketClose_Minute"": 0, ""MinDirectionalTrendEfficiency15m"": 0.0, ""MinRelativeVolumeAtTime"": 1.3, ""MinSignalVolumeWindowSum"": 0.0, ""MinutesBeforeMarketCloseToClosePositions"": 5, ""NumDaysToConsiderPreviousContractMARange"": 5, ""RelativeVolumeLookbackDays"": 40, ""RetracementLevel"": 0.25, ""SL_ATRMultiplier"": 0.78, ""TP_ATRMultiplier"": 0.36, ""TrendEfficiencyWindowMinutes"": 15, ""VolumeWindowMinutes"": 15}",2021-03-23,2026-03-20,1247,1783,0.7185,7760.0,4.35,40.94,-89.02,1.1736,10.45,4.35,742.311377,2021-03-23,2024-09-16,872,1264,0.7239,6425.0,5.08,42.14,-92.08,1.1999,10.45,5.08,614.607036,2024-09-17,2026-03-20,375,519,0.7052,1335.0,2.57,37.95,-82.06,1.1063,10.05,2.57,132.893182,-3925.0,-0.4399999999999995,-0.01990000000000003,1.5,-541.4566000000001,-2430.0,-2.11,-0.10949999999999993,1.92,-330.410985,-6355.0,-0.9199999999999999,-0.04509999999999992,1.5,-834.29135
relvol__short__lb60__ge_0.85,relvol,"{""family"": ""relvol"", ""name"": ""relvol__short__lb60__ge_0.85"", ""relvol_lookback"": 60, ""relvol_min"": 0.85, ""relvol_mode"": ""short"", ""trend_min"": 0.0, ""trend_mode"": ""off"", ""trend_window"": 15, ""volume_min"": 0.0, ""volume_mode"": ""off"", ""volume_window"": 15}","{""ATRTimeFrame"": 15, ""ATR_Length"": 20, ""AllowFriday"": true, ""AllowMonday"": true, ""AllowThursday"": true, ""AllowTuesday"": true, ""AllowWednesday"": true, ""ApplyRelativeVolumeFilterToLongs"": false, ""ApplyRelativeVolumeFilterToShorts"": true, ""ApplyTrendEfficiencyFilterToLongs"": false, ""ApplyTrendEfficiencyFilterToShorts"": false, ""ApplyVolumeFilterToLongs"": false, ""ApplyVolumeFilterToShorts"": false, ""ContractsPerTrade"": 1.0, ""EntryStart_Hour"": 10, ""EntryStart_Minute"": 0, ""FilterAsPercOfContractMARange"": 0.3, ""LastEntry_Hour"": 15, ""LastEntry_Minute"": 0, ""MarketClose_Hour"": 18, ""MarketClose_Minute"": 0, ""MinDirectionalTrendEfficiency15m"": 0.0, ""MinRelativeVolumeAtTime"": 0.85, ""MinSignalVolumeWindowSum"": 0.0, ""MinutesBeforeMarketCloseToClosePositions"": 5, ""NumDaysToConsiderPreviousContractMARange"": 5, ""RelativeVolumeLookbackDays"": 60, ""RetracementLevel"": 0.25, ""SL_ATRMultiplier"": 0.78, ""TP_ATRMultiplier"": 0.36, ""TrendEfficiencyWindowMinutes"": 15, ""VolumeWindowMinutes"": 15}",2021-03-23,2026-03-20,1247,2429,0.7258,13245.0,5.45,41.14,-89.02,1.2234,9.76,5.45,1357.706838,2021-03-23,2024-09-16,872,1724,0.7239,9450.0,5.48,42.77,-92.28,1.2151,9.76,5.48,968.692308,2024-09-17,2026-03-20,375,705,0.7305,3795.0,5.38,37.19,-80.84,1.2471,8.03,5.38,472.688333,-900.0,-0.03999999999999915,-0.0046999999999999265,0.8100000000000005,-187.37132800000006,30.0,0.7000000000000002,0.031300000000000106,-0.10000000000000142,9.384165999999993,-870.0,0.1800000000000006,0.0047000000000001485,0.8100000000000005,-218.8958889999999
relvol__short__lb60__ge_1.00,relvol,"{""family"": ""relvol"", ""name"": ""relvol__short__lb60__ge_1.00"", ""relvol_lookback"": 60, ""relvol_min"": 1.0, ""relvol_mode"": ""short"", ""trend_min"": 0.0, ""trend_mode"": ""off"", ""trend_window"": 15, ""volume_min"": 0.0, ""volume_mode"": ""off"", ""volume_window"": 15}","{""ATRTimeFrame"": 15, ""ATR_Length"": 20, ""AllowFriday"": true, ""AllowMonday"": true, ""AllowThursday"": true, ""AllowTuesday"": true, ""AllowWednesday"": true, ""ApplyRelativeVolumeFilterToLongs"": false, ""ApplyRelativeVolumeFilterToShorts"": true, ""ApplyTrendEfficiencyFilterToLongs"": false, ""ApplyTrendEfficiencyFilterToShorts"": false, ""ApplyVolumeFilterToLongs"": false, ""ApplyVolumeFilterToShorts"": false, ""ContractsPerTrade"": 1.0, ""EntryStart_Hour"": 10, ""EntryStart_Minute"": 0, ""FilterAsPercOfContractMARange"": 0.3, ""LastEntry_Hour"": 15, ""LastEntry_Minute"": 0, ""MarketClose_Hour"": 18, ""MarketClose_Minute"": 0, ""MinDirectionalTrendEfficiency15m"": 0.0, ""MinRelativeVolumeAtTime"": 1.0, ""MinSignalVolumeWindowSum"": 0.0, ""MinutesBeforeMarketCloseToClosePositions"": 5, ""NumDaysToConsiderPreviousContractMARange"": 5, ""RelativeVolumeLookbackDays"": 60, ""RetracementLevel"": 0.25, ""SL_ATRMultiplier"": 0.78, ""TP_ATRMultiplier"": 0.36, ""TrendEfficiencyWindowMinutes"": 15, ""VolumeWindowMinutes"": 15}",2021-03-23,2026-03-20,1247,2207,0.7281,12775.0,5.79,41.21,-89.09,1.239,7.95,5.79,1607.630584,2021-03-23,2024-09-16,872,1570,0.7293,9860.0,6.28,42.75,-91.98,1.2522,7.95,6.28,1240.801375,2024-09-17,2026-03-20,375,637,0.7253,2915.0,4.58,37.4,-82.09,1.2029,8.4,4.58,346.838235,-490.0,0.7600000000000007,0.032399999999999984,-0.9999999999999991,84.73773899999992,-850.0,-0.09999999999999964,-0.012899999999999912,0.2699999999999996,-116.46593200000001,-1340.0,0.5200000000000005,0.020300000000000207,-0.9999999999999991,31.02785700000004
relvol__short__lb60__ge_1.15,relvol,"{""family"": ""relvol"", ""name"": ""relvol__short__lb60__ge_1.15"", ""relvol_lookback"": 60, ""relvol_min"": 1.15, ""relvol_mode"": ""short"", ""trend_min"": 0.0, ""trend_mode"": ""off"", ""trend_window"": 15, ""volume_min"": 0.0, ""volume_mode"": ""off"", ""volume_window"": 15}","{""ATRTimeFrame"": 15, ""ATR_Length"": 20, ""AllowFriday"": true, ""AllowMonday"": true, ""AllowThursday"": true, ""AllowTuesday"": true, ""AllowWednesday"": true, ""ApplyRelativeVolumeFilterToLongs"": false, ""ApplyRelativeVolumeFilterToShorts"": true, ""ApplyTrendEfficiencyFilterToLongs"": false, ""ApplyTrendEfficiencyFilterToShorts"": false, ""ApplyVolumeFilterToLongs"": false, ""ApplyVolumeFilterToShorts"": false, ""ContractsPerTrade"": 1.0, ""EntryStart_Hour"": 10, ""EntryStart_Minute"": 0, ""FilterAsPercOfContractMARange"": 0.3, ""LastEntry_Hour"": 15, ""LastEntry_Minute"": 0, ""MarketClose_Hour"": 18, ""MarketClose_Minute"": 0, ""MinDirectionalTrendEfficiency15m"": 0.0, ""MinRelativeVolumeAtTime"": 1.15, ""MinSignalVolumeWindowSum"": 0.0, ""MinutesBeforeMarketCloseToClosePositions"": 5, ""NumDaysToConsiderPreviousContractMARange"": 5, ""RelativeVolumeLookbackDays"": 60, ""RetracementLevel"": 0.25, ""SL_ATRMultiplier"": 0.78, ""TP_ATRMultiplier"": 0.36, ""TrendEfficiencyWindowMinutes"": 15, ""VolumeWindowMinutes"": 15}",2021-03-23,2026-03-20,1247,1981,0.7259,11055.0,5.58,41.35,-89.14,1.2284,6.33,5.58,1745.893243,2021-03-23,2024-09-16,872,1414,0.7277,8540.0,6.04,42.71,-91.97,1.2412,6.33,6.04,1348.704505,2024-09-17,2026-03-20,375,567,0.7213,2515.0,4.44,37.92,-82.25,1.1935,6.74,4.44,373.198993,-1810.0,0.5200000000000005,0.021400000000000086,-2.619999999999999,192.64086899999984,-1250.0,-0.23999999999999932,-0.022299999999999986,-1.3900000000000006,-90.10517400000003,-3060.0,0.3100000000000005,0.009700000000000042,-2.619999999999999,169.29051600000003
relvol__short__lb60__ge_1.30,relvol,"{""family"": ""relvol"", ""name"": ""relvol__short__lb60__ge_1.30"", ""relvol_lookback"": 60, ""relvol_min"": 1.3, ""relvol_mode"": ""short"", ""trend_min"": 0.0, ""trend_mode"": ""off"", ""trend_window"": 15, ""volume_min"": 0.0, ""volume_mode"": ""off"", ""volume_window"": 15}","{""ATRTimeFrame"": 15, ""ATR_Length"": 20, ""AllowFriday"": true, ""AllowMonday"": true, ""AllowThursday"": true, ""AllowTuesday"": true, ""AllowWednesday"": true, ""ApplyRelativeVolumeFilterToLongs"": false, ""ApplyRelativeVolumeFilterToShorts"": true, ""ApplyTrendEfficiencyFilterToLongs"": false, ""ApplyTrendEfficiencyFilterToShorts"": false, ""ApplyVolumeFilterToLongs"": false, ""ApplyVolumeFilterToShorts"": false, ""ContractsPerTrade"": 1.0, ""EntryStart_Hour"": 10, ""EntryStart_Minute"": 0, ""FilterAsPercOfContractMARange"": 0.3, ""LastEntry_Hour"": 15, ""LastEntry_Minute"": 0, ""MarketClose_Hour"": 18, ""MarketClose_Minute"": 0, ""MinDirectionalTrendEfficiency15m"": 0.0, ""MinRelativeVolumeAtTime"": 1.3, ""MinSignalVolumeWindowSum"": 0.0, ""MinutesBeforeMarketCloseToClosePositions"": 5, ""NumDaysToConsiderPreviousContractMARange"": 5, ""RelativeVolumeLookbackDays"": 60, ""RetracementLevel"": 0.25, ""SL_ATRMultiplier"": 0.78, ""TP_ATRMultiplier"": 0.36, ""TrendEfficiencyWindowMinutes"": 15, ""VolumeWindowMinutes"": 15}",2021-03-23,2026-03-20,1247,1781,0.7232,8885.0,4.99,41.07,-89.28,1.2019,8.82,4.99,1007.479066,2021-03-23,2024-09-16,872,1269,0.7273,7090.0,5.59,42.23,-92.17,1.2223,8.82,5.59,803.942215,2024-09-17,2026-03-20,375,512,0.7129,1795.0,3.51,38.14,-82.48,1.148,7.61,3.51,235.872703,-3260.0,0.07000000000000028,0.0024999999999999467,-0.129999999999999,-352.12142100000005,-1970.0,-1.17,-0.06780000000000008,-0.5200000000000005,-227.431464,-5230.0,-0.27999999999999936,-0.016799999999999926,-0.129999999999999,-569.123661
relvol__both__lb20__ge_0.85,relvol,"{""family"": ""relvol"", ""name"": ""relvol__both__lb20__ge_0.85"", ""relvol_lookback"": 20, ""relvol_min"": 0.85, ""relvol_mode"": ""both"", ""trend_min"": 0.0, ""trend_mode"": ""off"", ""trend_window"": 15, ""volume_min"": 0.0, ""volume_mode"": ""off"", ""volume_window"": 15}","{""ATRTimeFrame"": 15, ""ATR_Length"": 20, ""AllowFriday"": true, ""AllowMonday"": true, ""AllowThursday"": true, ""AllowTuesday"": true, ""AllowWednesday"": true, ""ApplyRelativeVolumeFilterToLongs"": true, ""ApplyRelativeVolumeFilterToShorts"": true, ""ApplyTrendEfficiencyFilterToLongs"": false, ""ApplyTrendEfficiencyFilterToShorts"": false, ""ApplyVolumeFilterToLongs"": false, ""ApplyVolumeFilterToShorts"": false, ""ContractsPerTrade"": 1.0, ""EntryStart_Hour"": 10, ""EntryStart_Minute"": 0, ""FilterAsPercOfContractMARange"": 0.3, ""LastEntry_Hour"": 15, ""LastEntry_Minute"": 0, ""MarketClose_Hour"": 18, ""MarketClose_Minute"": 0, ""MinDirectionalTrendEfficiency15m"": 0.0, ""MinRelativeVolumeAtTime"": 0.85, ""MinSignalVolumeWindowSum"": 0.0, ""MinutesBeforeMarketCloseToClosePositions"": 5, ""NumDaysToConsiderPreviousContractMARange"": 5, ""RelativeVolumeLookbackDays"": 20, ""RetracementLevel"": 0.25, ""SL_ATRMultiplier"": 0.78, ""TP_ATRMultiplier"": 0.36, ""TrendEfficiencyWindowMinutes"": 15, ""VolumeWindowMinutes"": 15}",2021-03-23,2026-03-20,1247,2247,0.725,12145.0,5.4,41.36,-89.36,1.2199,8.53,5.4,1424.541952,2021-03-23,2024-09-16,872,1596,0.7218,8630.0,5.41,42.97,-92.06,1.2111,8.53,5.41,1012.251712,2024-09-17,2026-03-20,375,651,0.7327,3515.0,5.4,37.45,-82.47,1.2449,8.98,5.4,391.348267,-1720.0,-0.10999999999999943,-0.00869999999999993,-0.41999999999999993,-143.8119240000001,-250.0,0.7200000000000006,0.029099999999999904,0.8499999999999996,-71.95589999999999,-1970.0,0.13000000000000078,0.0012000000000000899,-0.41999999999999993,-152.06077499999992
relvol__both__lb20__ge_1.00,relvol,"{""family"": ""relvol"", ""name"": ""relvol__both__lb20__ge_1.00"", ""relvol_lookback"": 20, ""relvol_min"": 1.0, ""relvol_mode"": ""both"", ""trend_min"": 0.0, ""trend_mode"": ""off"", ""trend_window"": 15, ""volume_min"": 0.0, ""volume_mode"": ""off"", ""volume_window"": 15}","{""ATRTimeFrame"": 15, ""ATR_Length"": 20, ""AllowFriday"": true, ""AllowMonday"": true, ""AllowThursday"": true, ""AllowTuesday"": true, ""AllowWednesday"": true, ""ApplyRelativeVolumeFilterToLongs"": true, ""ApplyRelativeVolumeFilterToShorts"": true, ""ApplyTrendEfficiencyFilterToLongs"": false, ""ApplyTrendEfficiencyFilterToShorts"": false, ""ApplyVolumeFilterToLongs"": false, ""ApplyVolumeFilterToShorts"": false, ""ContractsPerTrade"": 1.0, ""EntryStart_Hour"": 10, ""EntryStart_Minute"": 0, ""FilterAsPercOfContractMARange"": 0.3, ""LastEntry_Hour"": 15, ""LastEntry_Minute"": 0, ""MarketClose_Hour"": 18, ""MarketClose_Minute"": 0, ""MinDirectionalTrendEfficiency15m"": 0.0, ""MinRelativeVolumeAtTime"": 1.0, ""MinSignalVolumeWindowSum"": 0.0, ""MinutesBeforeMarketCloseToClosePositions"": 5, ""NumDaysToConsiderPreviousContractMARange"": 5, ""RelativeVolumeLookbackDays"": 20, ""RetracementLevel"": 0.25, ""SL_ATRMultiplier"": 0.78, ""TP_ATRMultiplier"": 0.36, ""TrendEfficiencyWindowMinutes"": 15, ""VolumeWindowMinutes"": 15}",2021-03-23,2026-03-20,1247,1799,0.7271,10455.0,5.81,42.15,-90.99,1.234,5.12,5.81,2041.214286,2021-03-23,2024-09-16,872,1271,0.7301,8550.0,6.73,43.82,-93.63,1.2662,5.12,6.73,1669.285714,2024-09-17,2026-03-20,375,528,0.7197,1905.0,3.61,38.07,-84.86,1.1517,8.41,3.61,226.483333,-1800.0,1.2100000000000009,0.0464,-3.829999999999999,513.222078,-1860.0,-1.0699999999999998,-0.06410000000000005,0.27999999999999936,-236.82083400000002,-3660.0,0.54,0.015300000000000091,-3.829999999999999,464.61155899999994
relvol__both__lb20__ge_1.15,relvol,"{""family"": ""relvol"", ""name"": ""relvol__both__lb20__ge_1.15"", ""relvol_lookback"": 20, ""relvol_min"": 1.15, ""relvol_mode"": ""both"", ""trend_min"": 0.0, ""trend_mode"": ""off"", ""trend_window"": 15, ""volume_min"": 0.0, ""volume_mode"": ""off"", ""volume_window"": 15}","{""ATRTimeFrame"": 15, ""ATR_Length"": 20, ""AllowFriday"": true, ""AllowMonday"": true, ""AllowThursday"": true, ""AllowTuesday"": true, ""AllowWednesday"": true, ""ApplyRelativeVolumeFilterToLongs"": true, ""ApplyRelativeVolumeFilterToShorts"": true, ""ApplyTrendEfficiencyFilterToLongs"": false, ""ApplyTrendEfficiencyFilterToShorts"": false, ""ApplyVolumeFilterToLongs"": false, ""ApplyVolumeFilterToShorts"": false, ""ContractsPerTrade"": 1.0, ""EntryStart_Hour"": 10, ""EntryStart_Minute"": 0, ""FilterAsPercOfContractMARange"": 0.3, ""LastEntry_Hour"": 15, ""LastEntry_Minute"": 0, ""MarketClose_Hour"": 18, ""MarketClose_Minute"": 0, ""MinDirectionalTrendEfficiency15m"": 0.0, ""MinRelativeVolumeAtTime"": 1.15, ""MinSignalVolumeWindowSum"": 0.0, ""MinutesBeforeMarketCloseToClosePositions"": 5, ""NumDaysToConsiderPreviousContractMARange"": 5, ""RelativeVolumeLookbackDays"": 20, ""RetracementLevel"": 0.25, ""SL_ATRMultiplier"": 0.78, ""TP_ATRMultiplier"": 0.36, ""TrendEfficiencyWindowMinutes"": 15, ""VolumeWindowMinutes"": 15}",2021-03-23,2026-03-20,1247,1285,0.7315,8005.0,6.23,42.73,-93.22,1.2489,5.17,6.23,1547.466563,2021-03-23,2024-09-16,872,903,0.732,6035.0,6.68,44.2,-95.79,1.2604,5.17,6.68,1166.640938,2024-09-17,2026-03-20,375,382,0.7304,1970.0,5.16,39.25,-87.18,1.2194,5.87,5.16,335.851034,-4315.0,1.1600000000000001,0.04059999999999997,-3.7799999999999994,10.577301999999918,-1795.0,0.4800000000000004,0.0036000000000000476,-2.2600000000000007,-127.45313299999998,-6110.0,0.9600000000000009,0.030200000000000005,-3.7799999999999994,-29.136164000000008
relvol__both__lb20__ge_1.30,relvol,"{""family"": ""relvol"", ""name"": ""relvol__both__lb20__ge_1.30"", ""relvol_lookback"": 20, ""relvol_min"": 1.3, ""relvol_mode"": ""both"", ""trend_min"": 0.0, ""trend_mode"": ""off"", ""trend_window"": 15, ""volume_min"": 0.0, ""volume_mode"": ""off"", ""volume_window"": 15}","{""ATRTimeFrame"": 15, ""ATR_Length"": 20, ""AllowFriday"": true, ""AllowMonday"": true, ""AllowThursday"": true, ""AllowTuesday"": true, ""AllowWednesday"": true, ""ApplyRelativeVolumeFilterToLongs"": true, ""ApplyRelativeVolumeFilterToShorts"": true, ""ApplyTrendEfficiencyFilterToLongs"": false, ""ApplyTrendEfficiencyFilterToShorts"": false, ""ApplyVolumeFilterToLongs"": false, ""ApplyVolumeFilterToShorts"": false, ""ContractsPerTrade"": 1.0, ""EntryStart_Hour"": 10, ""EntryStart_Minute"": 0, ""FilterAsPercOfContractMARange"": 0.3, ""LastEntry_Hour"": 15, ""LastEntry_Minute"": 0, ""MarketClose_Hour"": 18, ""MarketClose_Minute"": 0, ""MinDirectionalTrendEfficiency15m"": 0.0, ""MinRelativeVolumeAtTime"": 1.3, ""MinSignalVolumeWindowSum"": 0.0, ""MinutesBeforeMarketCloseToClosePositions"": 5, ""NumDaysToConsiderPreviousContractMARange"": 5, ""RelativeVolumeLookbackDays"": 20, ""RetracementLevel"": 0.25, ""SL_ATRMultiplier"": 0.78, ""TP_ATRMultiplier"": 0.36, ""TrendEfficiencyWindowMinutes"": 15, ""VolumeWindowMinutes"": 15}",2021-03-23,2026-03-20,1247,884,0.7195,4095.0,4.63,43.48,-95.0,1.1738,7.35,4.63,557.336441,2021-03-23,2024-09-16,872,617,0.7293,3610.0,5.85,44.47,-98.2,1.2201,7.35,5.85,491.327119,2024-09-17,2026-03-20,375,267,0.6966,485.0,1.82,41.1,-88.4,1.0677,7.56,1.82,64.169231,-6740.0,0.33000000000000007,0.00029999999999996696,-1.5999999999999996,-664.736517,-3280.0,-2.8599999999999994,-0.1480999999999999,-0.5700000000000012,-399.13493600000004,-10020.0,-0.6399999999999997,-0.04489999999999994,-1.5999999999999996,-1019.2662859999999
relvol__both__lb40__ge_0.85,relvol,"{""family"": ""relvol"", ""name"": ""relvol__both__lb40__ge_0.85"", ""relvol_lookback"": 40, ""relvol_min"": 0.85, ""relvol_mode"": ""both"", ""trend_min"": 0.0, ""trend_mode"": ""off"", ""trend_window"": 15, ""volume_min"": 0.0, ""volume_mode"": ""off"", ""volume_window"": 15}","{""ATRTimeFrame"": 15, ""ATR_Length"": 20, ""AllowFriday"": true, ""AllowMonday"": true, ""AllowThursday"": true, ""AllowTuesday"": true, ""AllowWednesday"": true, ""ApplyRelativeVolumeFilterToLongs"": true, ""ApplyRelativeVolumeFilterToShorts"": true, ""ApplyTrendEfficiencyFilterToLongs"": false, ""ApplyTrendEfficiencyFilterToShorts"": false, ""ApplyVolumeFilterToLongs"": false, ""ApplyVolumeFilterToShorts"": false, ""ContractsPerTrade"": 1.0, ""EntryStart_Hour"": 10, ""EntryStart_Minute"": 0, ""FilterAsPercOfContractMARange"": 0.3, ""LastEntry_Hour"": 15, ""LastEntry_Minute"": 0, ""MarketClose_Hour"": 18, ""MarketClose_Minute"": 0, ""MinDirectionalTrendEfficiency15m"": 0.0, ""MinRelativeVolumeAtTime"": 0.85, ""MinSignalVolumeWindowSum"": 0.0, ""MinutesBeforeMarketCloseToClosePositions"": 5, ""NumDaysToConsiderPreviousContractMARange"": 5, ""RelativeVolumeLookbackDays"": 40, ""RetracementLevel"": 0.25, ""SL_ATRMultiplier"": 0.78, ""TP_ATRMultiplier"": 0.36, ""TrendEfficiencyWindowMinutes"": 15, ""VolumeWindowMinutes"": 15}",2021-03-23,2026-03-20,1247,2213,0.723,11290.0,5.1,41.58,-90.1,1.2044,9.09,5.1,1241.542722,2021-03-23,2024-09-16,872,1573,0.7196,7885.0,5.01,43.17,-92.94,1.1924,9.09,5.01,867.100475,2024-09-17,2026-03-20,375,640,0.7312,3405.0,5.32,37.71,-82.82,1.239,8.73,5.32,390.251813,-2465.0,-0.5099999999999998,-0.02740000000000009,0.14000000000000057,-288.9631610000001,-360.0,0.6400000000000006,0.02320000000000011,0.5999999999999996,-73.05235399999998,-2825.0,-0.16999999999999993,-0.01429999999999998,0.14000000000000057,-335.06000500000005
relvol__both__lb40__ge_1.00,relvol,"{""family"": ""relvol"", ""name"": ""relvol__both__lb40__ge_1.00"", ""relvol_lookback"": 40, ""relvol_min"": 1.0, ""relvol_mode"": ""both"", ""trend_min"": 0.0, ""trend_mode"": ""off"", ""trend_window"": 15, ""volume_min"": 0.0, ""volume_mode"": ""off"", ""volume_window"": 15}","{""ATRTimeFrame"": 15, ""ATR_Length"": 20, ""AllowFriday"": true, ""AllowMonday"": true, ""AllowThursday"": true, ""AllowTuesday"": true, ""AllowWednesday"": true, ""ApplyRelativeVolumeFilterToLongs"": true, ""ApplyRelativeVolumeFilterToShorts"": true, ""ApplyTrendEfficiencyFilterToLongs"": false, ""ApplyTrendEfficiencyFilterToShorts"": false, ""ApplyVolumeFilterToLongs"": false, ""ApplyVolumeFilterToShorts"": false, ""ContractsPerTrade"": 1.0, ""EntryStart_Hour"": 10, ""EntryStart_Minute"": 0, ""FilterAsPercOfContractMARange"": 0.3, ""LastEntry_Hour"": 15, ""LastEntry_Minute"": 0, ""MarketClose_Hour"": 18, ""MarketClose_Minute"": 0, ""MinDirectionalTrendEfficiency15m"": 0.0, ""MinRelativeVolumeAtTime"": 1.0, ""MinSignalVolumeWindowSum"": 0.0, ""MinutesBeforeMarketCloseToClosePositions"": 5, ""NumDaysToConsiderPreviousContractMARange"": 5, ""RelativeVolumeLookbackDays"": 40, ""RetracementLevel"": 0.25, ""SL_ATRMultiplier"": 0.78, ""TP_ATRMultiplier"": 0.36, ""TrendEfficiencyWindowMinutes"": 15, ""VolumeWindowMinutes"": 15}",2021-03-23,2026-03-20,1247,1772,0.7308,11165.0,6.3,42.36,-91.59,1.2556,6.38,6.3,1749.700231,2021-03-23,2024-09-16,872,1261,0.7296,8450.0,6.7,43.93,-93.74,1.2644,6.38,6.7,1324.224537,2024-09-17,2026-03-20,375,511,0.7339,2715.0,5.31,38.51,-86.21,1.2316,8.33,5.31,326.1,-1900.0,1.1800000000000006,0.04459999999999997,-2.5699999999999994,168.16090099999997,-1050.0,0.6299999999999999,0.015800000000000036,0.1999999999999993,-137.20416699999998,-2950.0,1.0300000000000002,0.036900000000000155,-2.5699999999999994,173.09750400000007
relvol__both__lb40__ge_1.15,relvol,"{""family"": ""relvol"", ""name"": ""relvol__both__lb40__ge_1.15"", ""relvol_lookback"": 40, ""relvol_min"": 1.15, ""relvol_mode"": ""both"", ""trend_min"": 0.0, ""trend_mode"": ""off"", ""trend_window"": 15, ""volume_min"": 0.0, ""volume_mode"": ""off"", ""volume_window"": 15}","{""ATRTimeFrame"": 15, ""ATR_Length"": 20, ""AllowFriday"": true, ""AllowMonday"": true, ""AllowThursday"": true, ""AllowTuesday"": true, ""AllowWednesday"": true, ""ApplyRelativeVolumeFilterToLongs"": true, ""ApplyRelativeVolumeFilterToShorts"": true, ""ApplyTrendEfficiencyFilterToLongs"": false, ""ApplyTrendEfficiencyFilterToShorts"": false, ""ApplyVolumeFilterToLongs"": false, ""ApplyVolumeFilterToShorts"": false, ""ContractsPerTrade"": 1.0, ""EntryStart_Hour"": 10, ""EntryStart_Minute"": 0, ""FilterAsPercOfContractMARange"": 0.3, ""LastEntry_Hour"": 15, ""LastEntry_Minute"": 0, ""MarketClose_Hour"": 18, ""MarketClose_Minute"": 0, ""MinDirectionalTrendEfficiency15m"": 0.0, ""MinRelativeVolumeAtTime"": 1.15, ""MinSignalVolumeWindowSum"": 0.0, ""MinutesBeforeMarketCloseToClosePositions"": 5, ""NumDaysToConsiderPreviousContractMARange"": 5, ""RelativeVolumeLookbackDays"": 40, ""RetracementLevel"": 0.25, ""SL_ATRMultiplier"": 0.78, ""TP_ATRMultiplier"": 0.36, ""TrendEfficiencyWindowMinutes"": 15, ""VolumeWindowMinutes"": 15}",2021-03-23,2026-03-20,1247,1294,0.7172,6185.0,4.78,43.21,-92.66,1.1824,7.01,4.78,882.176316,2021-03-23,2024-09-16,872,917,0.7208,5005.0,5.46,44.38,-95.04,1.2057,7.01,5.46,713.871053,2024-09-17,2026-03-20,375,377,0.7082,1180.0,3.13,40.32,-87.14,1.1231,7.86,3.13,150.037634,-5345.0,-0.05999999999999961,-0.014100000000000001,-1.9399999999999995,-442.1925830000001,-2585.0,-1.5499999999999998,-0.0927,-0.27000000000000046,-313.266533,-7930.0,-0.4899999999999993,-0.0363,-1.9399999999999995,-694.4264109999999
relvol__both__lb40__ge_1.30,relvol,"{""family"": ""relvol"", ""name"": ""relvol__both__lb40__ge_1.30"", ""relvol_lookback"": 40, ""relvol_min"": 1.3, ""relvol_mode"": ""both"", ""trend_min"": 0.0, ""trend_mode"": ""off"", ""trend_window"": 15, ""volume_min"": 0.0, ""volume_mode"": ""off"", ""volume_window"": 15}","{""ATRTimeFrame"": 15, ""ATR_Length"": 20, ""AllowFriday"": true, ""AllowMonday"": true, ""AllowThursday"": true, ""AllowTuesday"": true, ""AllowWednesday"": true, ""ApplyRelativeVolumeFilterToLongs"": true, ""ApplyRelativeVolumeFilterToShorts"": true, ""ApplyTrendEfficiencyFilterToLongs"": false, ""ApplyTrendEfficiencyFilterToShorts"": false, ""ApplyVolumeFilterToLongs"": false, ""ApplyVolumeFilterToShorts"": false, ""ContractsPerTrade"": 1.0, ""EntryStart_Hour"": 10, ""EntryStart_Minute"": 0, ""FilterAsPercOfContractMARange"": 0.3, ""LastEntry_Hour"": 15, ""LastEntry_Minute"": 0, ""MarketClose_Hour"": 18, ""MarketClose_Minute"": 0, ""MinDirectionalTrendEfficiency15m"": 0.0, ""MinRelativeVolumeAtTime"": 1.3, ""MinSignalVolumeWindowSum"": 0.0, ""MinutesBeforeMarketCloseToClosePositions"": 5, ""NumDaysToConsiderPreviousContractMARange"": 5, ""RelativeVolumeLookbackDays"": 40, ""RetracementLevel"": 0.25, ""SL_ATRMultiplier"": 0.78, ""TP_ATRMultiplier"": 0.36, ""TrendEfficiencyWindowMinutes"": 15, ""VolumeWindowMinutes"": 15}",2021-03-23,2026-03-20,1247,895,0.7128,3415.0,3.82,43.89,-95.68,1.1389,10.43,3.82,327.529545,2021-03-23,2024-09-16,872,627,0.7289,3485.0,5.56,44.63,-99.47,1.2061,8.84,5.56,394.165517,2024-09-17,2026-03-20,375,268,0.6754,-70.0,-0.26,42.04,-88.28,0.9909,13.65,-0.26,-5.129545,-6865.0,0.040000000000000036,-0.013700000000000045,-0.10999999999999943,-761.8981190000001,-3835.0,-4.9399999999999995,-0.2249,5.52,-468.433712,-10700.0,-1.4499999999999997,-0.07979999999999987,1.4800000000000004,-1249.073182
relvol__both__lb60__ge_0.85,relvol,"{""family"": ""relvol"", ""name"": ""relvol__both__lb60__ge_0.85"", ""relvol_lookback"": 60, ""relvol_min"": 0.85, ""relvol_mode"": ""both"", ""trend_min"": 0.0, ""trend_mode"": ""off"", ""trend_window"": 15, ""volume_min"": 0.0, ""volume_mode"": ""off"", ""volume_window"": 15}","{""ATRTimeFrame"": 15, ""ATR_Length"": 20, ""AllowFriday"": true, ""AllowMonday"": true, ""AllowThursday"": true, ""AllowTuesday"": true, ""AllowWednesday"": true, ""ApplyRelativeVolumeFilterToLongs"": true, ""ApplyRelativeVolumeFilterToShorts"": true, ""ApplyTrendEfficiencyFilterToLongs"": false, ""ApplyTrendEfficiencyFilterToShorts"": false, ""ApplyVolumeFilterToLongs"": false, ""ApplyVolumeFilterToShorts"": false, ""ContractsPerTrade"": 1.0, ""EntryStart_Hour"": 10, ""EntryStart_Minute"": 0, ""FilterAsPercOfContractMARange"": 0.3, ""LastEntry_Hour"": 15, ""LastEntry_Minute"": 0, ""MarketClose_Hour"": 18, ""MarketClose_Minute"": 0, ""MinDirectionalTrendEfficiency15m"": 0.0, ""MinRelativeVolumeAtTime"": 0.85, ""MinSignalVolumeWindowSum"": 0.0, ""MinutesBeforeMarketCloseToClosePositions"": 5, ""NumDaysToConsiderPreviousContractMARange"": 5, ""RelativeVolumeLookbackDays"": 60, ""RetracementLevel"": 0.25, ""SL_ATRMultiplier"": 0.78, ""TP_ATRMultiplier"": 0.36, ""TrendEfficiencyWindowMinutes"": 15, ""VolumeWindowMinutes"": 15}",2021-03-23,2026-03-20,1247,2202,0.7248,11855.0,5.38,41.82,-90.59,1.216,9.27,5.38,1279.034862,2021-03-23,2024-09-16,872,1578,0.7231,8655.0,5.48,43.34,-93.36,1.2121,9.27,5.48,933.787156,2024-09-17,2026-03-20,375,624,0.7292,3200.0,5.13,38.01,-83.4,1.227,8.8,5.13,363.772021,-1695.0,-0.03999999999999915,-0.00770000000000004,0.3200000000000003,-222.2764800000001,-565.0,0.4500000000000002,0.011200000000000099,0.6699999999999999,-99.53214600000001,-2260.0,0.11000000000000032,-0.0026999999999999247,0.3200000000000003,-297.567865
relvol__both__lb60__ge_1.00,relvol,"{""family"": ""relvol"", ""name"": ""relvol__both__lb60__ge_1.00"", ""relvol_lookback"": 60, ""relvol_min"": 1.0, ""relvol_mode"": ""both"", ""trend_min"": 0.0, ""trend_mode"": ""off"", ""trend_window"": 15, ""volume_min"": 0.0, ""volume_mode"": ""off"", ""volume_window"": 15}","{""ATRTimeFrame"": 15, ""ATR_Length"": 20, ""AllowFriday"": true, ""AllowMonday"": true, ""AllowThursday"": true, ""AllowTuesday"": true, ""AllowWednesday"": true, ""ApplyRelativeVolumeFilterToLongs"": true, ""ApplyRelativeVolumeFilterToShorts"": true, ""ApplyTrendEfficiencyFilterToLongs"": false, ""ApplyTrendEfficiencyFilterToShorts"": false, ""ApplyVolumeFilterToLongs"": false, ""ApplyVolumeFilterToShorts"": false, ""ContractsPerTrade"": 1.0, ""EntryStart_Hour"": 10, ""EntryStart_Minute"": 0, ""FilterAsPercOfContractMARange"": 0.3, ""LastEntry_Hour"": 15, ""LastEntry_Minute"": 0, ""MarketClose_Hour"": 18, ""MarketClose_Minute"": 0, ""MinDirectionalTrendEfficiency15m"": 0.0, ""MinRelativeVolumeAtTime"": 1.0, ""MinSignalVolumeWindowSum"": 0.0, ""MinutesBeforeMarketCloseToClosePositions"": 5, ""NumDaysToConsiderPreviousContractMARange"": 5, ""RelativeVolumeLookbackDays"": 60, ""RetracementLevel"": 0.25, ""SL_ATRMultiplier"": 0.78, ""TP_ATRMultiplier"": 0.36, ""TrendEfficiencyWindowMinutes"": 15, ""VolumeWindowMinutes"": 15}",2021-03-23,2026-03-20,1247,1759,0.7311,11375.0,6.47,42.59,-91.75,1.2621,5.57,6.47,2043.907895,2021-03-23,2024-09-16,872,1257,0.7327,8960.0,7.13,44.03,-94.03,1.2836,5.57,7.13,1609.970526,2024-09-17,2026-03-20,375,502,0.7271,2415.0,4.81,38.96,-86.17,1.2046,7.26,4.81,332.750316,-1390.0,1.6100000000000003,0.06380000000000008,-3.379999999999999,453.90689,-1350.0,0.1299999999999999,-0.011200000000000099,-0.870000000000001,-130.553851,-2740.0,1.2000000000000002,0.043400000000000105,-3.379999999999999,467.3051680000001
relvol__both__lb60__ge_1.15,relvol,"{""family"": ""relvol"", ""name"": ""relvol__both__lb60__ge_1.15"", ""relvol_lookback"": 60, ""relvol_min"": 1.15, ""relvol_mode"": ""both"", ""trend_min"": 0.0, ""trend_mode"": ""off"", ""trend_window"": 15, ""volume_min"": 0.0, ""volume_mode"": ""off"", ""volume_window"": 15}","{""ATRTimeFrame"": 15, ""ATR_Length"": 20, ""AllowFriday"": true, ""AllowMonday"": true, ""AllowThursday"": true, ""AllowTuesday"": true, ""AllowWednesday"": true, ""ApplyRelativeVolumeFilterToLongs"": true, ""ApplyRelativeVolumeFilterToShorts"": true, ""ApplyTrendEfficiencyFilterToLongs"": false, ""ApplyTrendEfficiencyFilterToShorts"": false, ""ApplyVolumeFilterToLongs"": false, ""ApplyVolumeFilterToShorts"": false, ""ContractsPerTrade"": 1.0, ""EntryStart_Hour"": 10, ""EntryStart_Minute"": 0, ""FilterAsPercOfContractMARange"": 0.3, ""LastEntry_Hour"": 15, ""LastEntry_Minute"": 0, ""MarketClose_Hour"": 18, ""MarketClose_Minute"": 0, ""MinDirectionalTrendEfficiency15m"": 0.0, ""MinRelativeVolumeAtTime"": 1.15, ""MinSignalVolumeWindowSum"": 0.0, ""MinutesBeforeMarketCloseToClosePositions"": 5, ""NumDaysToConsiderPreviousContractMARange"": 5, ""RelativeVolumeLookbackDays"": 60, ""RetracementLevel"": 0.25, ""SL_ATRMultiplier"": 0.78, ""TP_ATRMultiplier"": 0.36, ""TrendEfficiencyWindowMinutes"": 15, ""VolumeWindowMinutes"": 15}",2021-03-23,2026-03-20,1247,1274,0.7182,6680.0,5.24,43.85,-93.15,1.1998,6.86,5.24,973.722699,2021-03-23,2024-09-16,872,914,0.721,5395.0,5.9,45.03,-95.22,1.2222,6.86,5.9,786.41227,2024-09-17,2026-03-20,375,360,0.7111,1285.0,3.57,40.8,-88.08,1.1403,8.21,3.57,156.560204,-4955.0,0.3800000000000008,0.0023999999999999577,-2.089999999999999,-369.65136600000005,-2480.0,-1.1099999999999999,-0.0754999999999999,0.08000000000000007,-306.743963,-7435.0,-0.02999999999999936,-0.018899999999999917,-2.089999999999999,-602.8800279999999
relvol__both__lb60__ge_1.30,relvol,"{""family"": ""relvol"", ""name"": ""relvol__both__lb60__ge_1.30"", ""relvol_lookback"": 60, ""relvol_min"": 1.3, ""relvol_mode"": ""both"", ""trend_min"": 0.0, ""trend_mode"": ""off"", ""trend_window"": 15, ""volume_min"": 0.0, ""volume_mode"": ""off"", ""volume_window"": 15}","{""ATRTimeFrame"": 15, ""ATR_Length"": 20, ""AllowFriday"": true, ""AllowMonday"": true, ""AllowThursday"": true, ""AllowTuesday"": true, ""AllowWednesday"": true, ""ApplyRelativeVolumeFilterToLongs"": true, ""ApplyRelativeVolumeFilterToShorts"": true, ""ApplyTrendEfficiencyFilterToLongs"": false, ""ApplyTrendEfficiencyFilterToShorts"": false, ""ApplyVolumeFilterToLongs"": false, ""ApplyVolumeFilterToShorts"": false, ""ContractsPerTrade"": 1.0, ""EntryStart_Hour"": 10, ""EntryStart_Minute"": 0, ""FilterAsPercOfContractMARange"": 0.3, ""LastEntry_Hour"": 15, ""LastEntry_Minute"": 0, ""MarketClose_Hour"": 18, ""MarketClose_Minute"": 0, ""MinDirectionalTrendEfficiency15m"": 0.0, ""MinRelativeVolumeAtTime"": 1.3, ""MinSignalVolumeWindowSum"": 0.0, ""MinutesBeforeMarketCloseToClosePositions"": 5, ""NumDaysToConsiderPreviousContractMARange"": 5, ""RelativeVolumeLookbackDays"": 60, ""RetracementLevel"": 0.25, ""SL_ATRMultiplier"": 0.78, ""TP_ATRMultiplier"": 0.36, ""TrendEfficiencyWindowMinutes"": 15, ""VolumeWindowMinutes"": 15}",2021-03-23,2026-03-20,1247,891,0.7239,4815.0,5.4,44.32,-96.63,1.2026,7.05,5.4,682.814932,2021-03-23,2024-09-16,872,631,0.7369,4320.0,6.85,44.95,-99.88,1.2606,6.9,6.85,626.284492,2024-09-17,2026-03-20,375,260,0.6923,495.0,1.9,42.69,-89.88,1.0688,9.74,1.9,50.843891,-6030.0,1.33,0.04079999999999995,-2.049999999999999,-529.7791440000001,-3270.0,-2.78,-0.14700000000000002,1.6099999999999994,-412.460276,-9300.0,0.13000000000000078,-0.016100000000000003,-1.8999999999999995,-893.787795
