session_date,signal_time,entry_time,exit_time,direction,entry_price,exit_price,stop_price,target_price,pnl_points,pnl_brl,fill_reason,exit_reason
2021-03-31,2021-03-31 12:00:00,2021-03-31 12:04:00,2021-03-31 12:07:00,short,5662.0,5656.0,5673.0,5656.0,6.0,60.0,limit_touch,take_profit
2021-04-01,2021-04-01 14:23:00,2021-04-01 14:33:00,2021-04-01 14:33:00,long,5710.5,5716.0,5700.5,5716.0,5.5,55.0,limit_touch,take_profit
2021-04-05,2021-04-05 11:17:00,2021-04-05 11:18:00,2021-04-05 11:24:00,short,5649.0,5659.0,5659.0,5643.5,-10.0,-100.0,limit_touch,stop_loss
2021-04-06,2021-04-06 11:21:00,2021-04-06 11:22:00,2021-04-06 11:22:00,short,5634.0,5629.5,5642.5,5629.5,4.5,45.0,limit_touch,take_profit
2021-04-06,2021-04-06 11:27:00,2021-04-06 11:28:00,2021-04-06 11:34:00,short,5631.0,5626.5,5640.0,5626.5,4.5,45.0,limit_touch,take_profit
2021-04-06,2021-04-06 11:58:00,2021-04-06 12:01:00,2021-04-06 12:11:00,short,5626.5,5622.0,5635.5,5622.0,4.5,45.0,limit_touch,take_profit
2021-04-06,2021-04-06 12:20:00,2021-04-06 12:24:00,2021-04-06 12:30:00,short,5625.5,5621.0,5634.0,5621.0,4.5,45.0,limit_touch,take_profit
2021-04-06,2021-04-06 13:29:00,2021-04-06 13:48:00,2021-04-06 14:01:00,short,5614.5,5623.0,5623.0,5610.0,-8.5,-85.0,limit_touch,stop_loss
2021-04-07,2021-04-07 11:31:00,2021-04-07 11:32:00,2021-04-07 11:33:00,short,5566.5,5561.5,5576.0,5561.5,5.0,50.0,limit_touch,take_profit
2021-04-07,2021-04-07 11:42:00,2021-04-07 11:47:00,2021-04-07 11:57:00,short,5564.5,5574.0,5574.0,5559.5,-9.5,-95.0,limit_touch,stop_loss
2021-04-07,2021-04-07 12:44:00,2021-04-07 12:46:00,2021-04-07 13:06:00,long,5616.5,5622.0,5606.5,5622.0,5.5,55.0,limit_touch,take_profit
2021-04-07,2021-04-07 13:24:00,2021-04-07 13:45:00,2021-04-07 13:55:00,long,5629.5,5619.0,5619.0,5635.0,-10.5,-105.0,limit_touch,stop_loss
2021-04-08,2021-04-08 11:19:00,2021-04-08 11:19:00,2021-04-08 11:30:00,long,5618.5,5607.5,5607.5,5624.5,-11.0,-110.0,limit_touch,stop_loss
2021-04-08,2021-04-08 12:55:00,2021-04-08 12:55:00,2021-04-08 12:55:00,short,5580.0,5574.0,5590.5,5574.0,6.0,60.0,limit_touch,take_profit
2021-04-08,2021-04-08 13:16:00,2021-04-08 13:18:00,2021-04-08 13:29:00,short,5579.5,5574.0,5590.0,5574.0,5.5,55.0,limit_touch,take_profit
2021-04-08,2021-04-08 13:31:00,2021-04-08 13:31:00,2021-04-08 13:37:00,short,5573.5,5568.0,5584.0,5568.0,5.5,55.0,limit_touch,take_profit
2021-04-08,2021-04-08 13:55:00,2021-04-08 14:08:00,2021-04-08 14:11:00,short,5559.0,5553.0,5569.5,5553.0,6.0,60.0,limit_touch,take_profit
2021-04-09,2021-04-09 12:45:00,2021-04-09 12:47:00,2021-04-09 12:51:00,long,5669.0,5659.5,5659.5,5674.0,-9.5,-95.0,limit_touch,stop_loss
2021-04-12,2021-04-12 12:09:00,2021-04-12 12:09:00,2021-04-12 12:10:00,long,5679.5,5684.0,5670.5,5684.0,4.5,45.0,limit_touch,take_profit
2021-04-12,2021-04-12 12:18:00,2021-04-12 12:29:00,2021-04-12 12:34:00,long,5698.5,5703.5,5689.5,5703.5,5.0,50.0,limit_touch,take_profit
2021-04-12,2021-04-12 12:36:00,2021-04-12 12:40:00,2021-04-12 12:40:00,long,5699.5,5704.5,5690.5,5704.5,5.0,50.0,limit_touch,take_profit
2021-04-12,2021-04-12 13:30:00,2021-04-12 13:41:00,2021-04-12 13:52:00,long,5703.5,5695.0,5695.0,5708.0,-8.5,-85.0,limit_touch,stop_loss
2021-04-13,2021-04-13 12:43:00,2021-04-13 12:45:00,2021-04-13 12:52:00,short,5703.0,5697.0,5714.0,5697.0,6.0,60.0,limit_touch,take_profit
2021-04-13,2021-04-13 12:59:00,2021-04-13 13:09:00,2021-04-13 13:27:00,short,5703.0,5714.0,5714.0,5697.0,-11.0,-110.0,limit_touch,stop_loss
2021-04-13,2021-04-13 14:20:00,2021-04-13 14:29:00,2021-04-13 14:35:00,short,5682.0,5676.0,5693.0,5676.0,6.0,60.0,limit_touch,take_profit
2021-04-14,2021-04-14 11:20:00,2021-04-14 11:22:00,2021-04-14 12:03:00,short,5685.0,5696.0,5696.0,5679.0,-11.0,-110.0,limit_touch,stop_loss
2021-04-14,2021-04-14 13:20:00,2021-04-14 13:28:00,2021-04-14 13:33:00,short,5680.0,5674.5,5690.0,5674.5,5.5,55.0,limit_touch,take_profit
2021-04-16,2021-04-16 12:20:00,2021-04-16 12:21:00,2021-04-16 12:21:00,short,5608.0,5602.5,5618.0,5602.5,5.5,55.0,limit_touch,take_profit
2021-04-16,2021-04-16 13:22:00,2021-04-16 13:38:00,2021-04-16 14:25:00,short,5594.5,5604.5,5604.5,5589.0,-10.0,-100.0,limit_touch,stop_loss
2021-04-19,2021-04-19 11:44:00,2021-04-19 11:48:00,2021-04-19 11:57:00,short,5556.5,5567.5,5567.5,5550.5,-11.0,-110.0,limit_touch,stop_loss
2021-04-20,2021-04-20 11:39:00,2021-04-20 11:42:00,2021-04-20 11:56:00,short,5518.5,5513.0,5529.0,5513.0,5.5,55.0,limit_touch,take_profit
2021-04-22,2021-04-22 11:35:00,2021-04-22 11:40:00,2021-04-22 12:02:00,short,5493.5,5504.0,5504.0,5488.0,-10.5,-105.0,limit_touch,stop_loss
2021-04-22,2021-04-22 14:29:00,2021-04-22 14:32:00,2021-04-22 14:33:00,short,5480.5,5475.0,5490.5,5475.0,5.5,55.0,limit_touch,take_profit
2021-04-23,2021-04-23 11:21:00,2021-04-23 11:22:00,2021-04-23 11:40:00,long,5481.0,5486.5,5471.0,5486.5,5.5,55.0,limit_touch,take_profit
2021-04-23,2021-04-23 12:39:00,2021-04-23 12:46:00,2021-04-23 12:52:00,long,5512.0,5502.0,5502.0,5517.5,-10.0,-100.0,limit_touch,stop_loss
2021-04-26,2021-04-26 11:22:00,2021-04-26 11:24:00,2021-04-26 11:32:00,short,5447.5,5457.0,5457.0,5442.5,-9.5,-95.0,limit_touch,stop_loss
2021-04-27,2021-04-27 14:16:00,2021-04-27 14:16:00,2021-04-27 14:16:00,short,5419.5,5415.0,5428.0,5415.0,4.5,45.0,limit_touch,take_profit
2021-04-28,2021-04-28 11:28:00,2021-04-28 11:33:00,2021-04-28 11:40:00,short,5397.0,5392.5,5405.5,5392.5,4.5,45.0,limit_touch,take_profit
2021-04-30,2021-04-30 11:16:00,2021-04-30 11:26:00,2021-04-30 11:48:00,long,5417.0,5422.0,5408.0,5422.0,5.0,50.0,limit_touch,take_profit
2021-04-30,2021-04-30 12:04:00,2021-04-30 12:05:00,2021-04-30 12:07:00,long,5435.0,5440.0,5426.0,5440.0,5.0,50.0,limit_touch,take_profit
2021-04-30,2021-04-30 12:30:00,2021-04-30 12:33:00,2021-04-30 12:57:00,long,5437.0,5428.0,5428.0,5442.0,-9.0,-90.0,limit_touch,stop_loss
2021-05-03,2021-05-03 11:36:00,2021-05-03 11:43:00,2021-05-03 11:45:00,short,5415.5,5410.0,5425.5,5410.0,5.5,55.0,limit_touch,take_profit
2021-05-03,2021-05-03 12:38:00,2021-05-03 12:46:00,2021-05-03 13:01:00,short,5398.0,5408.0,5408.0,5392.5,-10.0,-100.0,limit_touch,stop_loss
2021-05-04,2021-05-04 13:29:00,2021-05-04 13:33:00,2021-05-04 14:15:00,short,5434.5,5429.0,5444.5,5429.0,5.5,55.0,limit_touch,take_profit
2021-05-04,2021-05-04 14:20:00,2021-05-04 14:20:00,2021-05-04 14:20:00,short,5434.0,5429.0,5443.5,5429.0,5.0,50.0,limit_touch,take_profit
2021-05-05,2021-05-05 11:57:00,2021-05-05 11:58:00,2021-05-05 12:01:00,short,5398.5,5407.5,5407.5,5393.5,-9.0,-90.0,limit_touch,stop_loss
2021-05-05,2021-05-05 13:07:00,2021-05-05 13:38:00,2021-05-05 14:03:00,short,5385.5,5394.5,5394.5,5380.5,-9.0,-90.0,limit_touch,stop_loss
2021-05-06,2021-05-06 12:01:00,2021-05-06 12:35:00,2021-05-06 12:46:00,short,5285.5,5294.5,5294.5,5280.5,-9.0,-90.0,limit_touch,stop_loss
2021-05-07,2021-05-07 11:59:00,2021-05-07 12:19:00,2021-05-07 12:24:00,short,5227.0,5222.0,5236.5,5222.0,5.0,50.0,limit_touch,take_profit
2021-05-10,2021-05-10 11:23:00,2021-05-10 11:23:00,2021-05-10 11:23:00,short,5214.5,5210.0,5222.5,5210.0,4.5,45.0,limit_touch,take_profit
2021-05-11,2021-05-11 12:25:00,2021-05-11 12:30:00,2021-05-11 12:39:00,short,5223.5,5218.5,5232.5,5218.5,5.0,50.0,limit_touch,take_profit
2021-05-12,2021-05-12 12:35:00,2021-05-12 12:39:00,2021-05-12 12:46:00,long,5271.5,5262.0,5262.0,5276.5,-9.5,-95.0,limit_touch,stop_loss
2021-05-13,2021-05-13 14:43:00,2021-05-13 14:45:00,2021-05-13 14:46:00,long,5326.5,5332.5,5315.5,5332.5,6.0,60.0,limit_touch,take_profit
2021-05-14,2021-05-14 12:32:00,2021-05-14 12:35:00,2021-05-14 12:46:00,short,5267.5,5262.0,5277.5,5262.0,5.5,55.0,limit_touch,take_profit
2021-05-14,2021-05-14 12:48:00,2021-05-14 12:49:00,2021-05-14 13:20:00,short,5265.0,5259.5,5275.0,5259.5,5.5,55.0,limit_touch,take_profit
2021-05-14,2021-05-14 13:25:00,2021-05-14 13:31:00,2021-05-14 13:48:00,short,5260.0,5270.0,5270.0,5254.5,-10.0,-100.0,limit_touch,stop_loss
2021-05-17,2021-05-17 11:27:00,2021-05-17 11:30:00,2021-05-17 11:36:00,short,5289.0,5284.0,5298.5,5284.0,5.0,50.0,limit_touch,take_profit
2021-05-17,2021-05-17 11:39:00,2021-05-17 11:43:00,2021-05-17 11:44:00,short,5283.5,5278.5,5293.0,5278.5,5.0,50.0,limit_touch,take_profit
2021-05-17,2021-05-17 12:01:00,2021-05-17 12:03:00,2021-05-17 12:17:00,short,5267.0,5262.0,5276.5,5262.0,5.0,50.0,limit_touch,take_profit
2021-05-17,2021-05-17 14:09:00,2021-05-17 14:15:00,2021-05-17 14:32:00,short,5263.0,5271.5,5271.5,5258.5,-8.5,-85.0,limit_touch,stop_loss
2021-05-18,2021-05-18 12:56:00,2021-05-18 13:00:00,2021-05-18 13:04:00,short,5244.0,5252.5,5252.5,5239.5,-8.5,-85.0,limit_touch,stop_loss
2021-05-19,2021-05-19 12:35:00,2021-05-19 12:41:00,2021-05-19 12:50:00,short,5278.5,5274.0,5286.5,5274.0,4.5,45.0,limit_touch,take_profit
2021-05-19,2021-05-19 12:52:00,2021-05-19 12:54:00,2021-05-19 12:57:00,short,5277.5,5273.0,5285.5,5273.0,4.5,45.0,limit_touch,take_profit
2021-05-19,2021-05-19 13:04:00,2021-05-19 13:06:00,2021-05-19 13:36:00,short,5271.5,5279.5,5279.5,5267.0,-8.0,-80.0,limit_touch,stop_loss
2021-05-20,2021-05-20 12:45:00,2021-05-20 12:46:00,2021-05-20 13:08:00,short,5285.0,5292.5,5292.5,5281.0,-7.5,-75.0,limit_touch,stop_loss
2021-05-21,2021-05-21 11:16:00,2021-05-21 11:16:00,2021-05-21 11:16:00,long,5312.0,5315.5,5305.0,5315.5,3.5,35.0,limit_touch,take_profit
2021-05-21,2021-05-21 11:40:00,2021-05-21 11:41:00,2021-05-21 11:41:00,long,5317.0,5321.0,5309.5,5321.0,4.0,40.0,limit_touch,take_profit
2021-05-21,2021-05-21 12:10:00,2021-05-21 12:11:00,2021-05-21 12:27:00,long,5317.5,5321.5,5310.0,5321.5,4.0,40.0,limit_touch,take_profit
2021-05-21,2021-05-21 12:37:00,2021-05-21 12:43:00,2021-05-21 12:57:00,long,5325.5,5329.5,5318.0,5329.5,4.0,40.0,limit_touch,take_profit
2021-05-21,2021-05-21 13:12:00,2021-05-21 13:14:00,2021-05-21 13:20:00,long,5335.5,5339.5,5328.0,5339.5,4.0,40.0,limit_touch,take_profit
2021-05-21,2021-05-21 13:57:00,2021-05-21 14:22:00,2021-05-21 14:22:00,long,5344.5,5348.5,5337.0,5348.5,4.0,40.0,limit_touch,take_profit
2021-05-24,2021-05-24 12:10:00,2021-05-24 12:21:00,2021-05-24 12:21:00,short,5323.0,5319.5,5329.5,5319.5,3.5,35.0,limit_touch,take_profit
2021-05-26,2021-05-26 12:23:00,2021-05-26 12:26:00,2021-05-26 12:26:00,short,5297.0,5293.5,5303.5,5293.5,3.5,35.0,limit_touch,take_profit
2021-05-27,2021-05-27 12:01:00,2021-05-27 12:03:00,2021-05-27 12:10:00,short,5267.5,5264.0,5274.0,5264.0,3.5,35.0,limit_touch,take_profit
2021-05-27,2021-05-27 14:21:00,2021-05-27 14:24:00,2021-05-27 14:24:00,short,5260.5,5257.0,5266.5,5257.0,3.5,35.0,limit_touch,take_profit
2021-05-28,2021-05-28 11:25:00,2021-05-28 11:29:00,2021-05-28 11:34:00,short,5227.5,5224.0,5234.5,5224.0,3.5,35.0,limit_touch,take_profit
2021-05-28,2021-05-28 11:35:00,2021-05-28 11:36:00,2021-05-28 11:36:00,short,5226.5,5223.0,5233.5,5223.0,3.5,35.0,limit_touch,take_profit
2021-05-28,2021-05-28 12:34:00,2021-05-28 12:38:00,2021-05-28 12:50:00,short,5225.5,5222.0,5231.5,5222.0,3.5,35.0,limit_touch,take_profit
2021-05-28,2021-05-28 13:09:00,2021-05-28 13:14:00,2021-05-28 13:16:00,short,5223.0,5219.5,5229.0,5219.5,3.5,35.0,limit_touch,take_profit
2021-05-28,2021-05-28 14:41:00,2021-05-28 14:46:00,2021-05-28 14:46:00,short,5219.5,5216.5,5225.5,5216.5,3.0,30.0,limit_touch,take_profit
2021-05-31,2021-05-31 11:40:00,2021-05-31 11:44:00,2021-05-31 11:44:00,long,5254.0,5257.5,5247.5,5257.5,3.5,35.0,limit_touch,take_profit
2021-05-31,2021-05-31 11:58:00,2021-05-31 12:00:00,2021-05-31 12:03:00,long,5260.5,5264.0,5254.0,5264.0,3.5,35.0,limit_touch,take_profit
2021-05-31,2021-05-31 12:26:00,2021-05-31 12:32:00,2021-05-31 12:37:00,long,5268.0,5271.5,5261.5,5271.5,3.5,35.0,limit_touch,take_profit
2021-06-02,2021-06-02 12:53:00,2021-06-02 13:17:00,2021-06-02 13:42:00,short,5095.0,5091.0,5102.5,5091.0,4.0,40.0,limit_touch,take_profit
2021-06-07,2021-06-07 13:03:00,2021-06-07 13:06:00,2021-06-07 13:13:00,short,5037.5,5044.5,5044.5,5033.5,-7.0,-70.0,limit_touch,stop_loss
2021-06-08,2021-06-08 12:20:00,2021-06-08 12:21:00,2021-06-08 12:21:00,short,5041.5,5037.5,5048.5,5037.5,4.0,40.0,limit_touch,take_profit
2021-06-08,2021-06-08 12:30:00,2021-06-08 12:37:00,2021-06-08 12:39:00,short,5039.5,5036.0,5046.5,5036.0,3.5,35.0,limit_touch,take_profit
2021-06-09,2021-06-09 11:15:00,2021-06-09 11:15:00,2021-06-09 11:15:00,long,5061.0,5064.5,5054.0,5064.5,3.5,35.0,limit_touch,take_profit
2021-06-09,2021-06-09 11:37:00,2021-06-09 11:39:00,2021-06-09 11:43:00,long,5064.5,5068.5,5057.5,5068.5,4.0,40.0,limit_touch,take_profit
2021-06-09,2021-06-09 12:01:00,2021-06-09 12:08:00,2021-06-09 12:08:00,long,5065.5,5069.0,5058.5,5069.0,3.5,35.0,limit_touch,take_profit
2021-06-09,2021-06-09 12:26:00,2021-06-09 12:32:00,2021-06-09 12:32:00,long,5072.5,5076.0,5065.5,5076.0,3.5,35.0,limit_touch,take_profit
2021-06-09,2021-06-09 13:09:00,2021-06-09 13:12:00,2021-06-09 13:12:00,long,5076.5,5080.0,5069.5,5080.0,3.5,35.0,limit_touch,take_profit
2021-06-09,2021-06-09 14:06:00,2021-06-09 14:19:00,2021-06-09 14:29:00,long,5087.0,5090.5,5080.0,5090.5,3.5,35.0,limit_touch,take_profit
2021-06-10,2021-06-10 12:02:00,2021-06-10 12:02:00,2021-06-10 12:02:00,long,5084.5,5088.5,5076.5,5088.5,4.0,40.0,limit_touch,take_profit
2021-06-10,2021-06-10 13:35:00,2021-06-10 13:38:00,2021-06-10 13:50:00,long,5093.5,5086.0,5086.0,5097.5,-7.5,-75.0,limit_touch,stop_loss
2021-06-11,2021-06-11 11:22:00,2021-06-11 11:26:00,2021-06-11 11:27:00,long,5124.5,5128.5,5117.0,5128.5,4.0,40.0,limit_touch,take_profit
2021-06-11,2021-06-11 11:49:00,2021-06-11 11:52:00,2021-06-11 11:52:00,long,5131.0,5135.0,5123.5,5135.0,4.0,40.0,limit_touch,take_profit
2021-06-11,2021-06-11 12:31:00,2021-06-11 12:43:00,2021-06-11 12:56:00,long,5136.5,5140.5,5129.5,5140.5,4.0,40.0,limit_touch,take_profit
2021-06-14,2021-06-14 11:34:00,2021-06-14 11:40:00,2021-06-14 11:45:00,short,5088.5,5085.0,5094.5,5085.0,3.5,35.0,limit_touch,take_profit
2021-06-14,2021-06-14 12:13:00,2021-06-14 12:28:00,2021-06-14 12:49:00,short,5072.5,5069.0,5079.0,5069.0,3.5,35.0,limit_touch,take_profit
2021-06-15,2021-06-15 11:16:00,2021-06-15 11:21:00,2021-06-15 11:21:00,long,5106.5,5109.5,5100.5,5109.5,3.0,30.0,limit_touch,take_profit
2021-06-16,2021-06-16 12:08:00,2021-06-16 12:10:00,2021-06-16 12:10:00,short,5020.5,5017.0,5027.0,5017.0,3.5,35.0,limit_touch,take_profit
2021-06-16,2021-06-16 12:48:00,2021-06-16 13:08:00,2021-06-16 13:25:00,short,5010.0,5016.5,5016.5,5006.5,-6.5,-65.0,limit_touch,stop_loss
2021-06-17,2021-06-17 11:20:00,2021-06-17 11:26:00,2021-06-17 11:32:00,short,5033.5,5028.5,5043.0,5028.5,5.0,50.0,limit_touch,take_profit
2021-06-17,2021-06-17 11:35:00,2021-06-17 11:55:00,2021-06-17 11:58:00,short,5032.5,5027.5,5042.0,5027.5,5.0,50.0,limit_touch,take_profit
2021-06-17,2021-06-17 12:36:00,2021-06-17 12:40:00,2021-06-17 12:40:00,short,5024.5,5019.5,5034.0,5019.5,5.0,50.0,limit_touch,take_profit
2021-06-18,2021-06-18 11:21:00,2021-06-18 11:25:00,2021-06-18 11:25:00,long,5053.0,5058.0,5044.0,5058.0,5.0,50.0,limit_touch,take_profit
2021-06-18,2021-06-18 13:35:00,2021-06-18 13:44:00,2021-06-18 13:52:00,long,5069.0,5074.0,5059.5,5074.0,5.0,50.0,limit_touch,take_profit
2021-06-18,2021-06-18 14:02:00,2021-06-18 14:16:00,2021-06-18 14:35:00,long,5075.5,5066.0,5066.0,5080.5,-9.5,-95.0,limit_touch,stop_loss
2021-06-21,2021-06-21 13:03:00,2021-06-21 13:07:00,2021-06-21 14:11:00,short,5037.0,5045.0,5045.0,5032.5,-8.0,-80.0,limit_touch,stop_loss
2021-06-22,2021-06-22 12:35:00,2021-06-22 12:37:00,2021-06-22 12:45:00,short,5012.5,5008.5,5020.0,5008.5,4.0,40.0,limit_touch,take_profit
2021-06-22,2021-06-22 12:52:00,2021-06-22 13:06:00,2021-06-22 13:14:00,short,5007.0,5003.0,5014.5,5003.0,4.0,40.0,limit_touch,take_profit
2021-06-22,2021-06-22 13:27:00,2021-06-22 13:29:00,2021-06-22 13:37:00,short,5002.5,4998.5,5010.0,4998.5,4.0,40.0,limit_touch,take_profit
2021-06-23,2021-06-23 11:37:00,2021-06-23 11:37:00,2021-06-23 11:39:00,long,4973.5,4978.0,4965.0,4978.0,4.5,45.0,limit_touch,take_profit
2021-06-23,2021-06-23 11:40:00,2021-06-23 11:40:00,2021-06-23 11:41:00,long,4974.5,4979.0,4966.0,4979.0,4.5,45.0,limit_touch,take_profit
2021-06-23,2021-06-23 11:44:00,2021-06-23 11:44:00,2021-06-23 12:00:00,long,4978.0,4969.5,4969.5,4982.5,-8.5,-85.0,limit_touch,stop_loss
2021-06-23,2021-06-23 13:22:00,2021-06-23 13:23:00,2021-06-23 13:32:00,short,4946.5,4955.0,4955.0,4942.0,-8.5,-85.0,limit_touch,stop_loss
2021-06-24,2021-06-24 12:23:00,2021-06-24 12:25:00,2021-06-24 12:40:00,short,4929.0,4925.0,4936.5,4925.0,4.0,40.0,limit_touch,take_profit
2021-06-24,2021-06-24 12:49:00,2021-06-24 12:53:00,2021-06-24 12:59:00,short,4925.0,4921.0,4932.5,4921.0,4.0,40.0,limit_touch,take_profit
2021-06-24,2021-06-24 13:40:00,2021-06-24 13:46:00,2021-06-24 13:52:00,short,4922.0,4918.0,4929.0,4918.0,4.0,40.0,limit_touch,take_profit
2021-06-24,2021-06-24 14:11:00,2021-06-24 14:32:00,2021-06-24 14:56:00,short,4914.0,4910.0,4921.0,4910.0,4.0,40.0,limit_touch,take_profit
2021-06-25,2021-06-25 12:05:00,2021-06-25 12:05:00,2021-06-25 12:10:00,long,4937.0,4941.0,4929.5,4941.0,4.0,40.0,limit_touch,take_profit
2021-06-25,2021-06-25 12:18:00,2021-06-25 12:20:00,2021-06-25 12:20:00,long,4940.5,4944.5,4933.5,4944.5,4.0,40.0,limit_touch,take_profit
2021-06-25,2021-06-25 14:21:00,2021-06-25 14:29:00,2021-06-25 14:29:00,long,4951.0,4955.0,4944.0,4955.0,4.0,40.0,limit_touch,take_profit
2021-06-29,2021-06-29 11:22:00,2021-06-29 11:25:00,2021-06-29 11:32:00,long,4966.0,4959.0,4959.0,4970.0,-7.0,-70.0,limit_touch,stop_loss
2021-06-29,2021-06-29 14:44:00,2021-06-29 14:50:00,2021-06-29 14:50:00,short,4929.0,4925.5,4935.5,4925.5,3.5,35.0,limit_touch,take_profit
2021-06-30,2021-06-30 11:59:00,2021-06-30 12:01:00,2021-06-30 12:03:00,long,5028.5,5033.0,5020.0,5033.0,4.5,45.0,limit_touch,take_profit
2021-06-30,2021-06-30 12:41:00,2021-06-30 12:48:00,2021-06-30 13:00:00,long,5030.0,5021.5,5021.5,5034.5,-8.5,-85.0,limit_touch,stop_loss
2021-07-01,2021-07-01 11:16:00,2021-07-01 11:42:00,2021-07-01 12:02:00,long,5028.0,5032.5,5019.5,5032.5,4.5,45.0,limit_touch,take_profit
2021-07-01,2021-07-01 12:37:00,2021-07-01 12:50:00,2021-07-01 13:37:00,long,5049.5,5041.0,5041.0,5054.0,-8.5,-85.0,limit_touch,stop_loss
2021-07-05,2021-07-05 11:41:00,2021-07-05 11:43:00,2021-07-05 12:23:00,long,5095.0,5099.5,5087.0,5099.5,4.5,45.0,limit_touch,take_profit
2021-07-05,2021-07-05 12:25:00,2021-07-05 12:30:00,2021-07-05 12:49:00,long,5101.0,5093.5,5093.5,5105.0,-7.5,-75.0,limit_touch,stop_loss
2021-07-06,2021-07-06 12:15:00,2021-07-06 12:22:00,2021-07-06 12:22:00,long,5202.5,5207.0,5194.5,5207.0,4.5,45.0,limit_touch,take_profit
2021-07-07,2021-07-07 11:19:00,2021-07-07 11:27:00,2021-07-07 11:28:00,long,5249.5,5254.5,5240.0,5254.5,5.0,50.0,limit_touch,take_profit
2021-07-07,2021-07-07 11:36:00,2021-07-07 11:43:00,2021-07-07 11:43:00,long,5266.0,5271.0,5256.5,5271.0,5.0,50.0,limit_touch,take_profit
2021-07-07,2021-07-07 12:19:00,2021-07-07 12:23:00,2021-07-07 12:23:00,long,5279.5,5284.5,5270.0,5284.5,5.0,50.0,limit_touch,take_profit
2021-07-08,2021-07-08 11:21:00,2021-07-08 11:21:00,2021-07-08 11:21:00,long,5308.0,5314.0,5296.5,5314.0,6.0,60.0,limit_touch,take_profit
2021-07-08,2021-07-08 11:23:00,2021-07-08 11:23:00,2021-07-08 11:29:00,long,5312.5,5301.0,5301.0,5319.0,-11.5,-115.0,limit_touch,stop_loss
2021-07-08,2021-07-08 11:40:00,2021-07-08 11:40:00,2021-07-08 11:40:00,long,5319.0,5307.0,5307.0,5325.5,-12.0,-120.0,limit_touch,stop_loss
2021-07-08,2021-07-08 12:07:00,2021-07-08 12:07:00,2021-07-08 12:07:00,short,5276.5,5270.0,5289.0,5270.0,6.5,65.0,limit_touch,take_profit
2021-07-08,2021-07-08 12:08:00,2021-07-08 12:09:00,2021-07-08 12:09:00,short,5288.0,5288.0,5288.0,5269.0,-0.0,-0.0,better_open,stop_gap_open
2021-07-08,2021-07-08 12:42:00,2021-07-08 12:46:00,2021-07-08 12:48:00,short,5258.5,5252.0,5271.0,5252.0,6.5,65.0,limit_touch,take_profit
2021-07-08,2021-07-08 13:25:00,2021-07-08 13:34:00,2021-07-08 13:38:00,short,5245.5,5239.0,5257.5,5239.0,6.5,65.0,limit_touch,take_profit
2021-07-12,2021-07-12 12:38:00,2021-07-12 12:55:00,2021-07-12 12:55:00,short,5215.0,5210.0,5224.5,5210.0,5.0,50.0,limit_touch,take_profit
2021-07-13,2021-07-13 11:18:00,2021-07-13 11:20:00,2021-07-13 11:34:00,short,5176.0,5186.0,5186.0,5170.5,-10.0,-100.0,limit_touch,stop_loss
2021-07-13,2021-07-13 12:41:00,2021-07-13 12:48:00,2021-07-13 12:50:00,short,5173.5,5168.0,5183.5,5168.0,5.5,55.0,limit_touch,take_profit
2021-07-13,2021-07-13 13:50:00,2021-07-13 13:57:00,2021-07-13 14:03:00,short,5169.0,5178.0,5178.0,5164.0,-9.0,-90.0,limit_touch,stop_loss
2021-07-14,2021-07-14 11:20:00,2021-07-14 11:27:00,2021-07-14 11:40:00,short,5089.0,5098.5,5098.5,5084.0,-9.5,-95.0,limit_touch,stop_loss
2021-07-15,2021-07-15 11:50:00,2021-07-15 11:51:00,2021-07-15 11:51:00,long,5112.0,5117.0,5102.5,5117.0,5.0,50.0,limit_touch,take_profit
2021-07-15,2021-07-15 12:26:00,2021-07-15 12:33:00,2021-07-15 12:58:00,long,5123.0,5128.0,5113.5,5128.0,5.0,50.0,limit_touch,take_profit
2021-07-15,2021-07-15 14:16:00,2021-07-15 14:21:00,2021-07-15 14:39:00,long,5134.0,5139.0,5124.5,5139.0,5.0,50.0,limit_touch,take_profit
2021-07-16,2021-07-16 12:01:00,2021-07-16 12:02:00,2021-07-16 12:11:00,short,5090.5,5100.0,5100.0,5085.5,-9.5,-95.0,limit_touch,stop_loss
2021-07-16,2021-07-16 13:56:00,2021-07-16 14:01:00,2021-07-16 14:49:00,short,5089.5,5099.0,5099.0,5084.5,-9.5,-95.0,limit_touch,stop_loss
2021-07-19,2021-07-19 12:30:00,2021-07-19 12:33:00,2021-07-19 12:40:00,long,5215.5,5221.0,5205.5,5221.0,5.5,55.0,limit_touch,take_profit
2021-07-19,2021-07-19 13:41:00,2021-07-19 13:46:00,2021-07-19 13:56:00,long,5227.0,5232.5,5217.0,5232.5,5.5,55.0,limit_touch,take_profit
2021-07-20,2021-07-20 11:23:00,2021-07-20 11:25:00,2021-07-20 11:32:00,short,5246.0,5255.5,5255.5,5241.0,-9.5,-95.0,limit_touch,stop_loss
2021-07-20,2021-07-20 12:48:00,2021-07-20 12:51:00,2021-07-20 13:05:00,short,5221.5,5232.0,5232.0,5216.0,-10.5,-105.0,limit_touch,stop_loss
2021-07-21,2021-07-21 11:36:00,2021-07-21 11:37:00,2021-07-21 11:37:00,long,5276.5,5281.5,5267.5,5281.5,5.0,50.0,limit_touch,take_profit
2021-07-21,2021-07-21 12:50:00,2021-07-21 12:54:00,2021-07-21 12:57:00,short,5235.5,5230.5,5244.5,5230.5,5.0,50.0,limit_touch,take_profit
2021-07-21,2021-07-21 13:41:00,2021-07-21 13:52:00,2021-07-21 14:15:00,short,5230.0,5225.0,5239.0,5225.0,5.0,50.0,limit_touch,take_profit
2021-07-22,2021-07-22 12:42:00,2021-07-22 12:44:00,2021-07-22 12:48:00,long,5222.0,5227.0,5213.0,5227.0,5.0,50.0,limit_touch,take_profit
2021-07-23,2021-07-23 12:07:00,2021-07-23 12:08:00,2021-07-23 12:10:00,short,5168.0,5176.0,5176.0,5164.0,-8.0,-80.0,limit_touch,stop_loss
2021-07-26,2021-07-26 11:36:00,2021-07-26 11:38:00,2021-07-26 11:40:00,short,5176.5,5172.0,5185.0,5172.0,4.5,45.0,limit_touch,take_profit
2021-07-26,2021-07-26 13:41:00,2021-07-26 13:45:00,2021-07-26 14:10:00,short,5165.5,5173.5,5173.5,5161.0,-8.0,-80.0,limit_touch,stop_loss
2021-07-27,2021-07-27 12:07:00,2021-07-27 12:07:00,2021-07-27 12:11:00,short,5163.0,5158.5,5171.0,5158.5,4.5,45.0,limit_touch,take_profit
2021-07-27,2021-07-27 12:16:00,2021-07-27 12:22:00,2021-07-27 12:38:00,short,5160.0,5168.0,5168.0,5155.5,-8.0,-80.0,limit_touch,stop_loss
2021-07-29,2021-07-29 12:03:00,2021-07-29 12:03:00,2021-07-29 12:06:00,short,5059.5,5055.0,5068.0,5055.0,4.5,45.0,limit_touch,take_profit
2021-07-29,2021-07-29 12:48:00,2021-07-29 12:50:00,2021-07-29 13:01:00,short,5050.5,5046.0,5058.5,5046.0,4.5,45.0,limit_touch,take_profit
2021-07-29,2021-07-29 13:26:00,2021-07-29 13:34:00,2021-07-29 13:44:00,short,5048.5,5056.5,5056.5,5044.0,-8.0,-80.0,limit_touch,stop_loss
2021-07-30,2021-07-30 11:40:00,2021-07-30 11:42:00,2021-07-30 11:43:00,long,5150.0,5155.0,5141.0,5155.0,5.0,50.0,limit_touch,take_profit
2021-07-30,2021-07-30 11:45:00,2021-07-30 11:47:00,2021-07-30 11:50:00,long,5155.5,5160.5,5146.5,5160.5,5.0,50.0,limit_touch,take_profit
2021-07-30,2021-07-30 12:00:00,2021-07-30 12:04:00,2021-07-30 12:04:00,long,5162.0,5167.0,5153.0,5167.0,5.0,50.0,limit_touch,take_profit
2021-07-30,2021-07-30 12:23:00,2021-07-30 12:53:00,2021-07-30 13:40:00,long,5165.5,5170.5,5156.0,5170.5,5.0,50.0,limit_touch,take_profit
2021-08-02,2021-08-02 11:32:00,2021-08-02 11:39:00,2021-08-02 12:10:00,short,5153.0,5162.5,5162.5,5148.0,-9.5,-95.0,limit_touch,stop_loss
2021-08-02,2021-08-02 12:30:00,2021-08-02 12:41:00,2021-08-02 12:50:00,short,5147.0,5142.0,5156.5,5142.0,5.0,50.0,limit_touch,take_profit
2021-08-02,2021-08-02 13:44:00,2021-08-02 14:07:00,2021-08-02 14:11:00,short,5145.5,5140.5,5155.0,5140.5,5.0,50.0,limit_touch,take_profit
2021-08-04,2021-08-04 11:32:00,2021-08-04 11:34:00,2021-08-04 11:52:00,long,5246.0,5252.5,5234.0,5252.5,6.5,65.0,limit_touch,take_profit
2021-08-04,2021-08-04 12:32:00,2021-08-04 12:47:00,2021-08-04 12:51:00,long,5253.5,5260.0,5242.0,5260.0,6.5,65.0,limit_touch,take_profit
2021-08-05,2021-08-05 12:25:00,2021-08-05 12:25:00,2021-08-05 12:30:00,long,5183.0,5189.0,5172.0,5189.0,6.0,60.0,limit_touch,take_profit
2021-08-05,2021-08-05 12:32:00,2021-08-05 12:32:00,2021-08-05 12:32:00,long,5184.0,5189.5,5173.5,5189.5,5.5,55.0,limit_touch,take_profit
2021-08-05,2021-08-05 12:44:00,2021-08-05 12:44:00,2021-08-05 12:44:00,long,5186.5,5192.5,5175.5,5192.5,6.0,60.0,limit_touch,take_profit
2021-08-05,2021-08-05 13:08:00,2021-08-05 13:09:00,2021-08-05 13:09:00,long,5199.0,5205.0,5188.0,5205.0,6.0,60.0,limit_touch,take_profit
2021-08-09,2021-08-09 11:58:00,2021-08-09 12:17:00,2021-08-09 12:40:00,long,5304.5,5310.5,5293.0,5310.5,6.0,60.0,limit_touch,take_profit
2021-08-10,2021-08-10 11:50:00,2021-08-10 11:50:00,2021-08-10 11:58:00,short,5238.0,5232.0,5249.5,5232.0,6.0,60.0,limit_touch,take_profit
2021-08-10,2021-08-10 11:59:00,2021-08-10 12:00:00,2021-08-10 12:10:00,short,5236.0,5230.0,5247.5,5230.0,6.0,60.0,limit_touch,take_profit
2021-08-10,2021-08-10 12:19:00,2021-08-10 12:22:00,2021-08-10 12:27:00,short,5229.0,5223.0,5240.5,5223.0,6.0,60.0,limit_touch,take_profit
2021-08-10,2021-08-10 12:58:00,2021-08-10 13:05:00,2021-08-10 13:26:00,short,5216.0,5210.0,5227.0,5210.0,6.0,60.0,limit_touch,take_profit
2021-08-10,2021-08-10 14:09:00,2021-08-10 14:20:00,2021-08-10 14:29:00,short,5211.5,5222.0,5222.0,5205.5,-10.5,-105.0,limit_touch,stop_loss
2021-08-11,2021-08-11 11:37:00,2021-08-11 11:43:00,2021-08-11 11:52:00,long,5239.0,5228.5,5228.5,5244.5,-10.5,-105.0,limit_touch,stop_loss
2021-08-12,2021-08-12 11:35:00,2021-08-12 11:36:00,2021-08-12 11:40:00,long,5258.5,5263.5,5249.5,5263.5,5.0,50.0,limit_touch,take_profit
2021-08-12,2021-08-12 11:41:00,2021-08-12 11:43:00,2021-08-12 11:50:00,long,5261.5,5252.5,5252.5,5266.5,-9.0,-90.0,limit_touch,stop_loss
2021-08-12,2021-08-12 12:05:00,2021-08-12 12:05:00,2021-08-12 12:19:00,long,5264.5,5255.5,5255.5,5269.5,-9.0,-90.0,limit_touch,stop_loss
2021-08-12,2021-08-12 14:18:00,2021-08-12 14:20:00,2021-08-12 14:31:00,short,5229.0,5237.5,5237.5,5224.5,-8.5,-85.0,limit_touch,stop_loss
2021-08-13,2021-08-13 11:29:00,2021-08-13 11:31:00,2021-08-13 11:37:00,long,5286.5,5277.5,5277.5,5291.5,-9.0,-90.0,limit_touch,stop_loss
2021-08-13,2021-08-13 12:14:00,2021-08-13 12:17:00,2021-08-13 12:25:00,short,5247.5,5242.5,5257.0,5242.5,5.0,50.0,limit_touch,take_profit
2021-08-13,2021-08-13 12:28:00,2021-08-13 12:38:00,2021-08-13 13:16:00,short,5245.0,5240.0,5254.5,5240.0,5.0,50.0,limit_touch,take_profit
2021-08-13,2021-08-13 14:05:00,2021-08-13 14:10:00,2021-08-13 14:12:00,short,5244.5,5240.0,5253.0,5240.0,4.5,45.0,limit_touch,take_profit
2021-08-13,2021-08-13 14:14:00,2021-08-13 14:24:00,2021-08-13 14:24:00,short,5241.0,5236.5,5249.5,5236.5,4.5,45.0,limit_touch,take_profit
2021-08-16,2021-08-16 11:41:00,2021-08-16 11:47:00,2021-08-16 11:48:00,short,5250.5,5246.0,5259.0,5246.0,4.5,45.0,limit_touch,take_profit
2021-08-16,2021-08-16 11:52:00,2021-08-16 12:00:00,2021-08-16 12:07:00,short,5249.5,5258.0,5258.0,5245.0,-8.5,-85.0,limit_touch,stop_loss
2021-08-17,2021-08-17 12:27:00,2021-08-17 12:29:00,2021-08-17 12:40:00,short,5255.0,5264.0,5264.0,5250.0,-9.0,-90.0,limit_touch,stop_loss
2021-08-18,2021-08-18 11:17:00,2021-08-18 11:17:00,2021-08-18 11:20:00,long,5306.5,5312.0,5296.5,5312.0,5.5,55.0,limit_touch,take_profit
2021-08-18,2021-08-18 11:23:00,2021-08-18 11:24:00,2021-08-18 11:24:00,long,5312.5,5318.0,5302.5,5318.0,5.5,55.0,limit_touch,take_profit
2021-08-18,2021-08-18 11:33:00,2021-08-18 11:36:00,2021-08-18 11:38:00,long,5325.0,5330.5,5315.0,5330.5,5.5,55.0,limit_touch,take_profit
2021-08-18,2021-08-18 12:18:00,2021-08-18 12:22:00,2021-08-18 12:24:00,long,5338.0,5343.5,5328.0,5343.5,5.5,55.0,limit_touch,take_profit
2021-08-18,2021-08-18 12:41:00,2021-08-18 12:53:00,2021-08-18 13:09:00,long,5351.0,5356.5,5340.5,5356.5,5.5,55.0,limit_touch,take_profit
2021-08-19,2021-08-19 11:19:00,2021-08-19 11:19:00,2021-08-19 11:19:00,short,5403.0,5396.5,5415.5,5396.5,6.5,65.0,limit_touch,take_profit
2021-08-19,2021-08-19 13:45:00,2021-08-19 13:46:00,2021-08-19 13:56:00,short,5400.5,5394.0,5413.0,5394.0,6.5,65.0,limit_touch,take_profit
2021-08-19,2021-08-19 14:28:00,2021-08-19 14:33:00,2021-08-19 14:52:00,short,5398.5,5411.5,5411.5,5391.5,-13.0,-130.0,limit_touch,stop_loss
2021-08-20,2021-08-20 11:37:00,2021-08-20 11:37:00,2021-08-20 11:43:00,short,5435.0,5428.5,5447.0,5428.5,6.5,65.0,limit_touch,take_profit
2021-08-20,2021-08-20 12:21:00,2021-08-20 12:37:00,2021-08-20 12:44:00,short,5412.5,5406.0,5424.5,5406.0,6.5,65.0,limit_touch,take_profit
2021-08-20,2021-08-20 13:05:00,2021-08-20 13:10:00,2021-08-20 13:12:00,short,5408.0,5402.0,5419.5,5402.0,6.0,60.0,limit_touch,take_profit
2021-08-20,2021-08-20 13:37:00,2021-08-20 13:58:00,2021-08-20 14:03:00,short,5405.5,5399.5,5416.5,5399.5,6.0,60.0,limit_touch,take_profit
2021-08-23,2021-08-23 12:12:00,2021-08-23 12:14:00,2021-08-23 12:14:00,long,5397.5,5403.0,5387.0,5403.0,5.5,55.0,limit_touch,take_profit
2021-08-23,2021-08-23 12:34:00,2021-08-23 12:36:00,2021-08-23 13:01:00,long,5400.5,5390.0,5390.0,5406.0,-10.5,-105.0,limit_touch,stop_loss
2021-08-24,2021-08-24 12:13:00,2021-08-24 12:43:00,2021-08-24 13:10:00,short,5280.5,5275.5,5290.0,5275.5,5.0,50.0,limit_touch,take_profit
2021-08-26,2021-08-26 11:27:00,2021-08-26 11:27:00,2021-08-26 11:27:00,long,5254.0,5258.0,5246.5,5258.0,4.0,40.0,limit_touch,take_profit
2021-08-26,2021-08-26 12:07:00,2021-08-26 12:07:00,2021-08-26 12:07:00,long,5255.5,5259.5,5248.0,5259.5,4.0,40.0,limit_touch,take_profit
2021-08-27,2021-08-27 11:17:00,2021-08-27 11:19:00,2021-08-27 11:21:00,short,5218.0,5226.0,5226.0,5213.5,-8.0,-80.0,limit_touch,stop_loss
2021-08-27,2021-08-27 12:02:00,2021-08-27 12:04:00,2021-08-27 12:06:00,short,5214.5,5210.0,5222.5,5210.0,4.5,45.0,limit_touch,take_profit
2021-08-27,2021-08-27 12:50:00,2021-08-27 13:05:00,2021-08-27 13:05:00,short,5203.0,5198.5,5211.0,5198.5,4.5,45.0,limit_touch,take_profit
2021-08-30,2021-08-30 12:00:00,2021-08-30 12:08:00,2021-08-30 12:48:00,short,5189.5,5196.5,5196.5,5185.5,-7.0,-70.0,limit_touch,stop_loss
2021-08-30,2021-08-30 14:28:00,2021-08-30 14:29:00,2021-08-30 14:35:00,short,5189.5,5184.0,5194.5,5184.0,5.5,55.0,better_open,take_profit
2021-08-31,2021-08-31 11:23:00,2021-08-31 11:25:00,2021-08-31 11:25:00,short,5164.0,5160.0,5171.5,5160.0,4.0,40.0,limit_touch,take_profit
2021-08-31,2021-08-31 12:00:00,2021-08-31 12:14:00,2021-08-31 12:15:00,short,5149.5,5145.5,5157.0,5145.5,4.0,40.0,limit_touch,take_profit
2021-09-01,2021-09-01 12:30:00,2021-09-01 12:30:00,2021-09-01 12:39:00,long,5192.5,5197.0,5184.5,5197.0,4.5,45.0,limit_touch,take_profit
2021-09-01,2021-09-01 12:41:00,2021-09-01 12:43:00,2021-09-01 12:44:00,long,5196.5,5201.0,5188.0,5201.0,4.5,45.0,limit_touch,take_profit
2021-09-01,2021-09-01 12:49:00,2021-09-01 12:51:00,2021-09-01 13:04:00,long,5202.5,5194.0,5194.0,5207.0,-8.5,-85.0,limit_touch,stop_loss
2021-09-02,2021-09-02 11:37:00,2021-09-02 11:37:00,2021-09-02 11:38:00,short,5179.0,5174.5,5187.0,5174.5,4.5,45.0,limit_touch,take_profit
2021-09-02,2021-09-02 12:00:00,2021-09-02 12:05:00,2021-09-02 12:07:00,short,5169.5,5165.0,5177.5,5165.0,4.5,45.0,limit_touch,take_profit
2021-09-03,2021-09-03 11:30:00,2021-09-03 11:33:00,2021-09-03 11:38:00,long,5201.5,5193.0,5193.0,5206.0,-8.5,-85.0,limit_touch,stop_loss
2021-09-06,2021-09-06 11:29:00,2021-09-06 11:32:00,2021-09-06 11:45:00,short,5193.0,5189.0,5200.5,5189.0,4.0,40.0,limit_touch,take_profit
2021-09-06,2021-09-06 12:34:00,2021-09-06 12:41:00,2021-09-06 12:53:00,short,5181.0,5188.0,5188.0,5177.0,-7.0,-70.0,limit_touch,stop_loss
2021-09-08,2021-09-08 11:58:00,2021-09-08 12:00:00,2021-09-08 12:00:00,long,5292.5,5296.5,5285.0,5296.5,4.0,40.0,limit_touch,take_profit
2021-09-08,2021-09-08 12:17:00,2021-09-08 12:31:00,2021-09-08 12:35:00,long,5310.5,5302.5,5302.5,5315.0,-8.0,-80.0,limit_touch,stop_loss
2021-09-09,2021-09-09 11:28:00,2021-09-09 11:34:00,2021-09-09 11:49:00,short,5288.5,5300.0,5300.0,5282.5,-11.5,-115.0,limit_touch,stop_loss
2021-09-10,2021-09-10 11:25:00,2021-09-10 11:28:00,2021-09-10 11:31:00,long,5234.0,5241.0,5221.0,5241.0,7.0,70.0,limit_touch,take_profit
2021-09-10,2021-09-10 11:34:00,2021-09-10 11:40:00,2021-09-10 11:42:00,long,5244.0,5251.0,5231.0,5251.0,7.0,70.0,limit_touch,take_profit
2021-09-10,2021-09-10 14:42:00,2021-09-10 14:43:00,2021-09-10 14:43:00,long,5267.5,5273.5,5256.0,5273.5,6.0,60.0,limit_touch,take_profit
2021-09-13,2021-09-13 12:37:00,2021-09-13 12:37:00,2021-09-13 12:40:00,short,5221.5,5216.0,5232.0,5216.0,5.5,55.0,limit_touch,take_profit
2021-09-20,2021-09-20 13:44:00,2021-09-20 13:44:00,2021-09-20 13:45:00,long,5358.0,5362.5,5349.5,5362.5,4.5,45.0,limit_touch,take_profit
2021-09-20,2021-09-20 14:00:00,2021-09-20 14:03:00,2021-09-20 14:04:00,long,5363.5,5368.0,5355.0,5368.0,4.5,45.0,limit_touch,take_profit
2021-09-21,2021-09-21 11:18:00,2021-09-21 11:19:00,2021-09-21 11:21:00,long,5339.0,5344.5,5329.0,5344.5,5.5,55.0,limit_touch,take_profit
2021-09-21,2021-09-21 11:23:00,2021-09-21 11:24:00,2021-09-21 11:39:00,long,5340.0,5330.0,5330.0,5345.5,-10.0,-100.0,limit_touch,stop_loss
2021-09-21,2021-09-21 12:34:00,2021-09-21 12:34:00,2021-09-21 12:35:00,short,5305.0,5299.5,5315.0,5299.5,5.5,55.0,limit_touch,take_profit
2021-09-21,2021-09-21 12:51:00,2021-09-21 12:52:00,2021-09-21 13:00:00,short,5303.0,5297.5,5313.0,5297.5,5.5,55.0,limit_touch,take_profit
2021-09-21,2021-09-21 13:12:00,2021-09-21 13:14:00,2021-09-21 13:18:00,short,5295.0,5289.5,5305.0,5289.5,5.5,55.0,limit_touch,take_profit
2021-09-23,2021-09-23 11:33:00,2021-09-23 11:34:00,2021-09-23 11:46:00,long,5308.5,5299.5,5299.5,5313.5,-9.0,-90.0,limit_touch,stop_loss
2021-09-24,2021-09-24 11:20:00,2021-09-24 11:22:00,2021-09-24 11:26:00,long,5354.5,5358.5,5347.5,5358.5,4.0,40.0,limit_touch,take_profit
2021-09-27,2021-09-27 12:33:00,2021-09-27 12:37:00,2021-09-27 13:24:00,long,5362.0,5355.0,5355.0,5366.0,-7.0,-70.0,limit_touch,stop_loss
2021-09-28,2021-09-28 11:57:00,2021-09-28 12:03:00,2021-09-28 12:03:00,long,5432.5,5436.5,5425.0,5436.5,4.0,40.0,limit_touch,take_profit
2021-09-28,2021-09-28 12:08:00,2021-09-28 12:09:00,2021-09-28 12:09:00,long,5435.5,5439.5,5428.0,5439.5,4.0,40.0,limit_touch,take_profit
2021-09-28,2021-09-28 12:22:00,2021-09-28 12:25:00,2021-09-28 12:34:00,long,5437.5,5430.0,5430.0,5441.5,-7.5,-75.0,limit_touch,stop_loss
2021-09-28,2021-09-28 14:12:00,2021-09-28 14:18:00,2021-09-28 14:34:00,long,5439.5,5443.5,5432.0,5443.5,4.0,40.0,limit_touch,take_profit
2021-09-29,2021-09-29 12:22:00,2021-09-29 12:22:00,2021-09-29 12:40:00,short,5398.0,5406.0,5406.0,5393.5,-8.0,-80.0,limit_touch,stop_loss
2021-09-30,2021-09-30 11:59:00,2021-09-30 12:00:00,2021-09-30 12:08:00,long,5471.5,5476.5,5462.0,5476.5,5.0,50.0,limit_touch,take_profit
2021-09-30,2021-09-30 13:32:00,2021-09-30 13:49:00,2021-09-30 13:55:00,long,5477.0,5482.5,5467.0,5482.5,5.5,55.0,limit_touch,take_profit
2021-10-01,2021-10-01 11:37:00,2021-10-01 11:42:00,2021-10-01 11:44:00,short,5405.0,5414.5,5414.5,5400.0,-9.5,-95.0,limit_touch,stop_loss
2021-10-01,2021-10-01 12:48:00,2021-10-01 13:01:00,2021-10-01 13:37:00,short,5394.0,5403.0,5403.0,5389.0,-9.0,-90.0,limit_touch,stop_loss
2021-10-04,2021-10-04 11:56:00,2021-10-04 12:11:00,2021-10-04 12:13:00,long,5454.5,5459.0,5446.5,5459.0,4.5,45.0,limit_touch,take_profit
2021-10-04,2021-10-04 12:30:00,2021-10-04 12:54:00,2021-10-04 13:03:00,long,5455.5,5459.5,5448.0,5459.5,4.0,40.0,limit_touch,take_profit
2021-10-04,2021-10-04 13:36:00,2021-10-04 13:58:00,2021-10-04 14:19:00,long,5458.0,5462.0,5450.5,5462.0,4.0,40.0,limit_touch,take_profit
2021-10-05,2021-10-05 11:21:00,2021-10-05 11:31:00,2021-10-05 12:17:00,long,5489.5,5481.5,5481.5,5494.0,-8.0,-80.0,limit_touch,stop_loss
2021-10-05,2021-10-05 14:04:00,2021-10-05 14:06:00,2021-10-05 14:13:00,long,5492.0,5484.5,5484.5,5496.0,-7.5,-75.0,limit_touch,stop_loss
2021-10-06,2021-10-06 13:39:00,2021-10-06 13:41:00,2021-10-06 13:48:00,long,5551.0,5555.5,5542.5,5555.5,4.5,45.0,limit_touch,take_profit
2021-10-08,2021-10-08 11:16:00,2021-10-08 11:18:00,2021-10-08 11:19:00,long,5535.5,5540.0,5527.5,5540.0,4.5,45.0,limit_touch,take_profit
2021-10-08,2021-10-08 11:24:00,2021-10-08 11:27:00,2021-10-08 11:41:00,long,5539.0,5543.5,5531.0,5543.5,4.5,45.0,limit_touch,take_profit
2021-10-08,2021-10-08 11:44:00,2021-10-08 11:44:00,2021-10-08 11:52:00,long,5541.0,5532.5,5532.5,5545.5,-8.5,-85.0,limit_touch,stop_loss
2021-10-08,2021-10-08 14:03:00,2021-10-08 14:22:00,2021-10-08 14:48:00,long,5541.5,5534.0,5534.0,5545.5,-7.5,-75.0,limit_touch,stop_loss
2021-10-11,2021-10-11 11:49:00,2021-10-11 11:53:00,2021-10-11 12:19:00,long,5539.5,5543.5,5532.5,5543.5,4.0,40.0,limit_touch,take_profit
2021-10-11,2021-10-11 12:20:00,2021-10-11 12:25:00,2021-10-11 12:36:00,long,5541.0,5534.0,5534.0,5545.0,-7.0,-70.0,limit_touch,stop_loss
2021-10-13,2021-10-13 12:45:00,2021-10-13 12:48:00,2021-10-13 12:48:00,long,5572.5,5576.5,5565.5,5576.5,4.0,40.0,limit_touch,take_profit
2021-10-14,2021-10-14 11:21:00,2021-10-14 11:22:00,2021-10-14 11:27:00,long,5518.0,5522.5,5509.5,5522.5,4.5,45.0,limit_touch,take_profit
2021-10-14,2021-10-14 11:29:00,2021-10-14 11:36:00,2021-10-14 11:53:00,long,5519.0,5510.5,5510.5,5523.5,-8.5,-85.0,limit_touch,stop_loss
2021-10-14,2021-10-14 12:18:00,2021-10-14 12:21:00,2021-10-14 12:23:00,long,5534.0,5538.5,5525.5,5538.5,4.5,45.0,limit_touch,take_profit
2021-10-19,2021-10-19 12:20:00,2021-10-19 12:21:00,2021-10-19 12:23:00,long,5581.0,5573.0,5573.0,5585.0,-8.0,-80.0,limit_touch,stop_loss
2021-10-20,2021-10-20 11:22:00,2021-10-20 11:23:00,2021-10-20 11:30:00,short,5565.5,5560.5,5575.0,5560.5,5.0,50.0,limit_touch,take_profit
2021-10-20,2021-10-20 11:35:00,2021-10-20 11:38:00,2021-10-20 11:46:00,short,5558.5,5568.0,5568.0,5553.5,-9.5,-95.0,limit_touch,stop_loss
2021-10-20,2021-10-20 12:09:00,2021-10-20 12:09:00,2021-10-20 12:17:00,short,5556.5,5551.5,5566.0,5551.5,5.0,50.0,limit_touch,take_profit
2021-10-20,2021-10-20 12:20:00,2021-10-20 12:23:00,2021-10-20 12:54:00,short,5552.5,5562.0,5562.0,5547.5,-9.5,-95.0,limit_touch,stop_loss
2021-10-21,2021-10-21 14:47:00,2021-10-21 14:47:00,2021-10-21 14:47:00,long,5683.5,5689.0,5673.0,5689.0,5.5,55.0,limit_touch,take_profit
2021-10-22,2021-10-22 11:37:00,2021-10-22 11:38:00,2021-10-22 11:38:00,long,5724.5,5730.5,5713.5,5730.5,6.0,60.0,limit_touch,take_profit
2021-10-22,2021-10-22 11:40:00,2021-10-22 11:40:00,2021-10-22 11:43:00,long,5729.0,5735.0,5717.5,5735.0,6.0,60.0,limit_touch,take_profit
2021-10-22,2021-10-22 11:45:00,2021-10-22 11:45:00,2021-10-22 11:45:00,long,5730.0,5736.0,5719.0,5736.0,6.0,60.0,limit_touch,take_profit
2021-10-22,2021-10-22 11:47:00,2021-10-22 11:47:00,2021-10-22 11:47:00,long,5730.5,5736.5,5719.5,5736.5,6.0,60.0,limit_touch,take_profit
2021-10-22,2021-10-22 12:33:00,2021-10-22 12:37:00,2021-10-22 12:37:00,long,5750.5,5756.5,5739.5,5756.5,6.0,60.0,limit_touch,take_profit
2021-10-22,2021-10-22 14:25:00,2021-10-22 14:28:00,2021-10-22 14:29:00,short,5678.5,5672.0,5690.5,5672.0,6.5,65.0,limit_touch,take_profit
2021-10-22,2021-10-22 14:39:00,2021-10-22 14:41:00,2021-10-22 14:43:00,short,5676.5,5670.0,5688.5,5670.0,6.5,65.0,limit_touch,take_profit
2021-10-25,2021-10-25 12:11:00,2021-10-25 12:21:00,2021-10-25 12:29:00,short,5597.0,5608.5,5608.5,5591.0,-11.5,-115.0,limit_touch,stop_loss
2021-10-26,2021-10-26 13:20:00,2021-10-26 13:23:00,2021-10-26 13:24:00,long,5601.0,5606.0,5592.0,5606.0,5.0,50.0,limit_touch,take_profit
2021-10-26,2021-10-26 13:27:00,2021-10-26 13:28:00,2021-10-26 14:03:00,long,5603.0,5594.0,5594.0,5608.0,-9.0,-90.0,limit_touch,stop_loss
2021-10-27,2021-10-27 11:15:00,2021-10-27 11:16:00,2021-10-27 11:16:00,short,5547.0,5542.5,5555.0,5542.5,4.5,45.0,limit_touch,take_profit
2021-10-27,2021-10-27 11:34:00,2021-10-27 11:36:00,2021-10-27 11:41:00,short,5544.5,5552.5,5552.5,5540.0,-8.0,-80.0,limit_touch,stop_loss
2021-10-27,2021-10-27 12:00:00,2021-10-27 12:03:00,2021-10-27 12:10:00,long,5584.5,5589.0,5576.0,5589.0,4.5,45.0,limit_touch,take_profit
2021-10-27,2021-10-27 12:20:00,2021-10-27 12:22:00,2021-10-27 13:08:00,long,5588.0,5579.0,5579.0,5593.0,-9.0,-90.0,limit_touch,stop_loss
2021-10-28,2021-10-28 12:17:00,2021-10-28 12:22:00,2021-10-28 12:45:00,long,5625.5,5616.5,5616.5,5630.5,-9.0,-90.0,limit_touch,stop_loss
2021-11-01,2021-11-01 11:32:00,2021-11-01 11:35:00,2021-11-01 11:42:00,long,5696.5,5701.5,5687.0,5701.5,5.0,50.0,limit_touch,take_profit
2021-11-01,2021-11-01 12:07:00,2021-11-01 12:21:00,2021-11-01 12:25:00,long,5709.5,5714.5,5700.0,5714.5,5.0,50.0,limit_touch,take_profit
2021-11-03,2021-11-03 11:52:00,2021-11-03 11:52:00,2021-11-03 11:52:00,short,5684.0,5679.5,5692.5,5679.5,4.5,45.0,limit_touch,take_profit
2021-11-03,2021-11-03 12:33:00,2021-11-03 12:34:00,2021-11-03 12:36:00,short,5683.5,5679.0,5692.0,5679.0,4.5,45.0,limit_touch,take_profit
2021-11-03,2021-11-03 13:26:00,2021-11-03 14:13:00,2021-11-03 14:57:00,short,5645.0,5654.0,5654.0,5640.0,-9.0,-90.0,limit_touch,stop_loss
2021-11-04,2021-11-04 11:36:00,2021-11-04 11:37:00,2021-11-04 11:42:00,short,5598.0,5608.0,5608.0,5592.5,-10.0,-100.0,limit_touch,stop_loss
2021-11-04,2021-11-04 13:40:00,2021-11-04 13:41:00,2021-11-04 13:42:00,long,5640.5,5646.0,5630.5,5646.0,5.5,55.0,limit_touch,take_profit
2021-11-05,2021-11-05 13:45:00,2021-11-05 13:50:00,2021-11-05 14:15:00,short,5550.0,5545.5,5558.5,5545.5,4.5,45.0,limit_touch,take_profit
2021-11-08,2021-11-08 11:36:00,2021-11-08 11:38:00,2021-11-08 11:40:00,short,5584.0,5579.0,5593.0,5579.0,5.0,50.0,limit_touch,take_profit
2021-11-08,2021-11-08 11:50:00,2021-11-08 11:51:00,2021-11-08 11:55:00,short,5580.0,5575.0,5589.0,5575.0,5.0,50.0,limit_touch,take_profit
2021-11-08,2021-11-08 12:00:00,2021-11-08 12:09:00,2021-11-08 12:18:00,short,5577.0,5572.5,5586.0,5572.5,4.5,45.0,limit_touch,take_profit
2021-11-08,2021-11-08 12:40:00,2021-11-08 12:42:00,2021-11-08 13:06:00,short,5570.5,5566.0,5579.0,5566.0,4.5,45.0,limit_touch,take_profit
2021-11-08,2021-11-08 14:39:00,2021-11-08 14:44:00,2021-11-08 15:04:00,short,5567.5,5563.5,5575.5,5563.5,4.0,40.0,limit_touch,take_profit
2021-11-09,2021-11-09 11:49:00,2021-11-09 11:54:00,2021-11-09 12:07:00,short,5503.5,5511.0,5511.0,5499.5,-7.5,-75.0,limit_touch,stop_loss
2021-11-11,2021-11-11 12:16:00,2021-11-11 12:36:00,2021-11-11 12:38:00,short,5423.0,5418.5,5431.5,5418.5,4.5,45.0,limit_touch,take_profit
2021-11-11,2021-11-11 14:15:00,2021-11-11 14:29:00,2021-11-11 14:35:00,short,5420.0,5416.0,5427.5,5416.0,4.0,40.0,limit_touch,take_profit
2021-11-12,2021-11-12 12:50:00,2021-11-12 12:51:00,2021-11-12 12:51:00,long,5443.0,5447.0,5435.5,5447.0,4.0,40.0,limit_touch,take_profit
2021-11-12,2021-11-12 13:22:00,2021-11-12 13:25:00,2021-11-12 13:27:00,long,5446.0,5450.0,5438.5,5450.0,4.0,40.0,limit_touch,take_profit
2021-11-12,2021-11-12 13:37:00,2021-11-12 13:38:00,2021-11-12 13:49:00,long,5449.5,5453.5,5442.5,5453.5,4.0,40.0,limit_touch,take_profit
2021-11-12,2021-11-12 13:52:00,2021-11-12 13:55:00,2021-11-12 13:55:00,long,5453.0,5457.0,5445.5,5457.0,4.0,40.0,limit_touch,take_profit
2021-11-12,2021-11-12 14:34:00,2021-11-12 14:36:00,2021-11-12 14:38:00,long,5467.0,5471.0,5459.5,5471.0,4.0,40.0,limit_touch,take_profit
2021-11-16,2021-11-16 11:27:00,2021-11-16 11:30:00,2021-11-16 11:46:00,long,5495.0,5499.5,5486.5,5499.5,4.5,45.0,limit_touch,take_profit
2021-11-16,2021-11-16 12:24:00,2021-11-16 12:26:00,2021-11-16 12:35:00,long,5507.5,5512.0,5499.0,5512.0,4.5,45.0,limit_touch,take_profit
2021-11-16,2021-11-16 13:10:00,2021-11-16 13:12:00,2021-11-16 13:12:00,long,5513.0,5517.5,5505.0,5517.5,4.5,45.0,limit_touch,take_profit
2021-11-18,2021-11-18 11:25:00,2021-11-18 11:25:00,2021-11-18 11:25:00,long,5570.5,5574.5,5563.0,5574.5,4.0,40.0,limit_touch,take_profit
2021-11-18,2021-11-18 12:20:00,2021-11-18 12:22:00,2021-11-18 12:22:00,long,5572.5,5576.5,5565.0,5576.5,4.0,40.0,limit_touch,take_profit
2021-11-19,2021-11-19 11:17:00,2021-11-19 11:17:00,2021-11-19 11:17:00,short,5551.0,5547.0,5558.5,5547.0,4.0,40.0,limit_touch,take_profit
2021-11-19,2021-11-19 11:28:00,2021-11-19 11:30:00,2021-11-19 11:31:00,short,5549.5,5545.5,5557.0,5545.5,4.0,40.0,limit_touch,take_profit
2021-11-19,2021-11-19 11:37:00,2021-11-19 11:37:00,2021-11-19 11:37:00,short,5539.5,5535.5,5547.5,5535.5,4.0,40.0,limit_touch,take_profit
2021-11-19,2021-11-19 14:42:00,2021-11-19 14:47:00,2021-11-19 14:47:00,long,5608.5,5613.0,5600.0,5613.0,4.5,45.0,limit_touch,take_profit
2021-11-23,2021-11-23 12:12:00,2021-11-23 12:12:00,2021-11-23 12:12:00,long,5651.0,5655.0,5643.0,5655.0,4.0,40.0,limit_touch,take_profit
2021-11-23,2021-11-23 12:36:00,2021-11-23 12:37:00,2021-11-23 12:45:00,long,5654.0,5658.0,5646.5,5658.0,4.0,40.0,limit_touch,take_profit
2021-11-23,2021-11-23 13:05:00,2021-11-23 13:18:00,2021-11-23 13:19:00,long,5660.5,5664.5,5653.0,5664.5,4.0,40.0,limit_touch,take_profit
2021-11-25,2021-11-25 11:46:00,2021-11-25 11:47:00,2021-11-25 11:48:00,short,5578.5,5570.5,5582.0,5570.5,8.0,80.0,better_open,take_profit
2021-11-25,2021-11-25 11:52:00,2021-11-25 11:53:00,2021-11-25 11:56:00,short,5574.0,5570.0,5581.5,5570.0,4.0,40.0,limit_touch,take_profit
2021-11-25,2021-11-25 12:04:00,2021-11-25 12:05:00,2021-11-25 12:08:00,short,5570.5,5566.5,5578.0,5566.5,4.0,40.0,limit_touch,take_profit
2021-11-25,2021-11-25 12:29:00,2021-11-25 12:37:00,2021-11-25 12:37:00,short,5559.5,5555.5,5567.0,5555.5,4.0,40.0,limit_touch,take_profit
2021-11-26,2021-11-26 12:07:00,2021-11-26 12:13:00,2021-11-26 12:13:00,short,5594.0,5589.5,5602.5,5589.5,4.5,45.0,limit_touch,take_profit
2021-11-26,2021-11-26 14:12:00,2021-11-26 14:19:00,2021-11-26 14:21:00,short,5593.0,5588.5,5601.5,5588.5,4.5,45.0,limit_touch,take_profit
2021-11-29,2021-11-29 11:54:00,2021-11-29 11:55:00,2021-11-29 11:59:00,long,5615.0,5624.5,5611.5,5624.5,9.5,95.0,better_open,take_profit
2021-11-29,2021-11-29 12:18:00,2021-11-29 12:20:00,2021-11-29 12:36:00,long,5633.0,5624.5,5624.5,5637.5,-8.5,-85.0,limit_touch,stop_loss
2021-11-30,2021-11-30 11:34:00,2021-11-30 11:35:00,2021-11-30 11:35:00,short,5632.5,5632.5,5632.5,5619.5,-0.0,-0.0,better_open,stop_gap_open
2021-11-30,2021-11-30 12:28:00,2021-11-30 12:29:00,2021-11-30 12:33:00,short,5620.0,5629.0,5629.0,5615.0,-9.0,-90.0,better_open,stop_loss
2021-11-30,2021-11-30 12:50:00,2021-11-30 12:50:00,2021-11-30 12:50:00,long,5653.5,5658.5,5644.0,5658.5,5.0,50.0,limit_touch,take_profit
2021-11-30,2021-11-30 12:55:00,2021-11-30 12:55:00,2021-11-30 12:55:00,long,5665.0,5670.0,5655.5,5670.0,5.0,50.0,limit_touch,take_profit
2021-11-30,2021-11-30 13:06:00,2021-11-30 13:08:00,2021-11-30 13:10:00,long,5694.0,5699.5,5683.5,5699.5,5.5,55.0,limit_touch,take_profit
2021-12-01,2021-12-01 11:16:00,2021-12-01 11:22:00,2021-12-01 11:32:00,long,5657.0,5661.5,5648.5,5661.5,4.5,45.0,limit_touch,take_profit
2021-12-01,2021-12-01 11:49:00,2021-12-01 11:55:00,2021-12-01 12:02:00,long,5657.0,5648.5,5648.5,5661.5,-8.5,-85.0,limit_touch,stop_loss
2021-12-01,2021-12-01 13:56:00,2021-12-01 14:06:00,2021-12-01 14:08:00,long,5666.0,5670.5,5658.0,5670.5,4.5,45.0,limit_touch,take_profit
2021-12-02,2021-12-02 13:25:00,2021-12-02 13:29:00,2021-12-02 13:50:00,short,5657.5,5653.0,5666.0,5653.0,4.5,45.0,limit_touch,take_profit
2021-12-03,2021-12-03 12:16:00,2021-12-03 12:17:00,2021-12-03 12:24:00,long,5702.5,5693.0,5693.0,5707.5,-9.5,-95.0,limit_touch,stop_loss
2021-12-03,2021-12-03 13:56:00,2021-12-03 14:09:00,2021-12-03 14:22:00,long,5703.5,5693.5,5693.5,5709.0,-10.0,-100.0,limit_touch,stop_loss
2021-12-06,2021-12-06 11:38:00,2021-12-06 11:43:00,2021-12-06 12:12:00,long,5724.5,5715.0,5715.0,5729.5,-9.5,-95.0,limit_touch,stop_loss
2021-12-07,2021-12-07 14:04:00,2021-12-07 14:18:00,2021-12-07 14:43:00,short,5659.0,5667.0,5667.0,5655.0,-8.0,-80.0,limit_touch,stop_loss
2021-12-08,2021-12-08 11:27:00,2021-12-08 11:31:00,2021-12-08 11:32:00,short,5610.5,5605.5,5619.5,5605.5,5.0,50.0,limit_touch,take_profit
2021-12-08,2021-12-08 12:00:00,2021-12-08 12:08:00,2021-12-08 12:12:00,short,5588.5,5583.5,5597.5,5583.5,5.0,50.0,limit_touch,take_profit
2021-12-08,2021-12-08 12:59:00,2021-12-08 13:03:00,2021-12-08 13:03:00,short,5587.5,5583.0,5596.5,5583.0,4.5,45.0,limit_touch,take_profit
2021-12-08,2021-12-08 13:28:00,2021-12-08 13:49:00,2021-12-08 13:51:00,short,5569.5,5564.5,5578.5,5564.5,5.0,50.0,limit_touch,take_profit
2021-12-09,2021-12-09 11:51:00,2021-12-09 11:54:00,2021-12-09 11:54:00,long,5595.0,5599.0,5587.5,5599.0,4.0,40.0,limit_touch,take_profit
2021-12-09,2021-12-09 12:41:00,2021-12-09 13:03:00,2021-12-09 13:15:00,long,5595.5,5599.5,5588.0,5599.5,4.0,40.0,limit_touch,take_profit
2021-12-10,2021-12-10 11:35:00,2021-12-10 11:36:00,2021-12-10 11:36:00,long,5649.5,5642.0,5642.0,5653.5,-7.5,-75.0,limit_touch,stop_loss
2021-12-13,2021-12-13 11:17:00,2021-12-13 11:18:00,2021-12-13 11:21:00,long,5659.0,5663.0,5651.5,5663.0,4.0,40.0,limit_touch,take_profit
2021-12-13,2021-12-13 11:27:00,2021-12-13 11:27:00,2021-12-13 11:35:00,long,5662.0,5666.0,5654.5,5666.0,4.0,40.0,limit_touch,take_profit
2021-12-13,2021-12-13 11:47:00,2021-12-13 11:50:00,2021-12-13 11:50:00,long,5663.0,5667.0,5655.5,5667.0,4.0,40.0,limit_touch,take_profit
2021-12-13,2021-12-13 13:00:00,2021-12-13 13:07:00,2021-12-13 13:07:00,long,5690.5,5694.5,5683.0,5694.5,4.0,40.0,limit_touch,take_profit
2021-12-15,2021-12-15 13:01:00,2021-12-15 13:07:00,2021-12-15 13:07:00,long,5739.0,5743.5,5731.0,5743.5,4.5,45.0,limit_touch,take_profit
2021-12-16,2021-12-16 11:44:00,2021-12-16 11:45:00,2021-12-16 11:47:00,long,5727.5,5733.0,5717.5,5733.0,5.5,55.0,limit_touch,take_profit
2021-12-16,2021-12-16 11:48:00,2021-12-16 11:50:00,2021-12-16 11:52:00,long,5728.5,5734.0,5718.5,5734.0,5.5,55.0,limit_touch,take_profit
2021-12-16,2021-12-16 12:11:00,2021-12-16 12:15:00,2021-12-16 12:15:00,long,5731.5,5737.0,5721.5,5737.0,5.5,55.0,limit_touch,take_profit
2021-12-16,2021-12-16 12:23:00,2021-12-16 12:27:00,2021-12-16 12:51:00,long,5735.0,5725.0,5725.0,5740.5,-10.0,-100.0,limit_touch,stop_loss
2021-12-16,2021-12-16 13:23:00,2021-12-16 13:23:00,2021-12-16 13:24:00,short,5690.5,5684.5,5701.0,5684.5,6.0,60.0,limit_touch,take_profit
2021-12-16,2021-12-16 13:28:00,2021-12-16 13:32:00,2021-12-16 13:39:00,short,5686.5,5680.5,5697.5,5680.5,6.0,60.0,limit_touch,take_profit
2021-12-17,2021-12-17 12:08:00,2021-12-17 12:09:00,2021-12-17 12:09:00,short,5709.0,5711.0,5711.0,5698.0,-2.0,-20.0,better_open,stop_loss
2021-12-17,2021-12-17 12:26:00,2021-12-17 12:28:00,2021-12-17 12:30:00,short,5701.5,5697.0,5710.0,5697.0,4.5,45.0,limit_touch,take_profit
2021-12-17,2021-12-17 12:39:00,2021-12-17 12:39:00,2021-12-17 12:40:00,short,5687.0,5682.0,5696.0,5682.0,5.0,50.0,limit_touch,take_profit
2021-12-17,2021-12-17 12:43:00,2021-12-17 12:44:00,2021-12-17 13:06:00,short,5686.0,5695.0,5695.0,5681.0,-9.0,-90.0,limit_touch,stop_loss
2021-12-17,2021-12-17 14:21:00,2021-12-17 14:25:00,2021-12-17 14:38:00,short,5684.0,5692.5,5692.5,5679.5,-8.5,-85.0,limit_touch,stop_loss
2021-12-20,2021-12-20 12:43:00,2021-12-20 12:43:00,2021-12-20 12:50:00,long,5739.0,5743.5,5731.0,5743.5,4.5,45.0,limit_touch,take_profit
2021-12-21,2021-12-21 11:31:00,2021-12-21 11:33:00,2021-12-21 11:44:00,long,5759.0,5752.0,5752.0,5762.5,-7.0,-70.0,limit_touch,stop_loss
2021-12-21,2021-12-21 14:33:00,2021-12-21 14:36:00,2021-12-21 14:38:00,long,5761.5,5765.0,5755.0,5765.0,3.5,35.0,limit_touch,take_profit
2021-12-23,2021-12-23 11:55:00,2021-12-23 12:29:00,2021-12-23 12:31:00,long,5713.5,5717.5,5706.5,5717.5,4.0,40.0,limit_touch,take_profit
2021-12-27,2021-12-27 11:29:00,2021-12-27 11:31:00,2021-12-27 11:34:00,short,5659.0,5667.5,5667.5,5654.5,-8.5,-85.0,limit_touch,stop_loss
2021-12-27,2021-12-27 12:33:00,2021-12-27 12:34:00,2021-12-27 12:36:00,short,5657.0,5665.5,5665.5,5652.5,-8.5,-85.0,limit_touch,stop_loss
2021-12-29,2021-12-29 11:33:00,2021-12-29 11:34:00,2021-12-29 11:39:00,long,5657.0,5660.5,5651.0,5660.5,3.5,35.0,limit_touch,take_profit
2021-12-29,2021-12-29 12:18:00,2021-12-29 12:25:00,2021-12-29 12:25:00,long,5673.0,5676.5,5667.0,5676.5,3.5,35.0,limit_touch,take_profit
2022-01-03,2022-01-03 11:40:00,2022-01-03 11:50:00,2022-01-03 11:57:00,long,5673.5,5678.5,5664.5,5678.5,5.0,50.0,limit_touch,take_profit
2022-01-03,2022-01-03 13:27:00,2022-01-03 13:50:00,2022-01-03 13:59:00,long,5694.0,5698.5,5686.0,5698.5,4.5,45.0,limit_touch,take_profit
2022-01-04,2022-01-04 11:22:00,2022-01-04 11:23:00,2022-01-04 11:25:00,long,5739.5,5743.5,5731.5,5743.5,4.0,40.0,limit_touch,take_profit
2022-01-04,2022-01-04 11:26:00,2022-01-04 11:26:00,2022-01-04 11:26:00,long,5740.5,5744.5,5732.5,5744.5,4.0,40.0,limit_touch,take_profit
2022-01-04,2022-01-04 11:46:00,2022-01-04 11:48:00,2022-01-04 11:49:00,short,5708.0,5703.5,5716.5,5703.5,4.5,45.0,limit_touch,take_profit
2022-01-04,2022-01-04 12:00:00,2022-01-04 12:00:00,2022-01-04 12:00:00,short,5694.0,5689.5,5702.5,5689.5,4.5,45.0,limit_touch,take_profit
2022-01-04,2022-01-04 12:01:00,2022-01-04 12:02:00,2022-01-04 12:06:00,short,5686.5,5681.5,5695.5,5681.5,5.0,50.0,limit_touch,take_profit
2022-01-04,2022-01-04 12:30:00,2022-01-04 12:32:00,2022-01-04 12:39:00,short,5683.0,5678.5,5691.5,5678.5,4.5,45.0,limit_touch,take_profit
2022-01-05,2022-01-05 11:35:00,2022-01-05 11:35:00,2022-01-05 11:41:00,short,5693.5,5689.0,5702.0,5689.0,4.5,45.0,limit_touch,take_profit
2022-01-05,2022-01-05 11:53:00,2022-01-05 11:54:00,2022-01-05 12:00:00,short,5682.5,5678.0,5691.0,5678.0,4.5,45.0,limit_touch,take_profit
2022-01-06,2022-01-06 12:12:00,2022-01-06 12:12:00,2022-01-06 12:23:00,long,5751.5,5742.0,5742.0,5756.5,-9.5,-95.0,limit_touch,stop_loss
2022-01-07,2022-01-07 12:00:00,2022-01-07 12:01:00,2022-01-07 12:02:00,short,5683.0,5678.5,5691.5,5678.5,4.5,45.0,limit_touch,take_profit
2022-01-07,2022-01-07 12:14:00,2022-01-07 12:32:00,2022-01-07 12:50:00,short,5682.0,5690.5,5690.5,5677.5,-8.5,-85.0,limit_touch,stop_loss
2022-01-07,2022-01-07 14:01:00,2022-01-07 14:15:00,2022-01-07 14:24:00,short,5661.5,5657.0,5669.5,5657.0,4.5,45.0,limit_touch,take_profit
2022-01-10,2022-01-10 11:19:00,2022-01-10 11:21:00,2022-01-10 11:31:00,long,5705.0,5708.5,5698.5,5708.5,3.5,35.0,limit_touch,take_profit
2022-01-10,2022-01-10 11:55:00,2022-01-10 12:07:00,2022-01-10 12:10:00,long,5711.0,5714.5,5704.5,5714.5,3.5,35.0,limit_touch,take_profit
2022-01-11,2022-01-11 12:07:00,2022-01-11 12:08:00,2022-01-11 12:08:00,short,5656.0,5652.0,5663.5,5652.0,4.0,40.0,limit_touch,take_profit
2022-01-11,2022-01-11 12:31:00,2022-01-11 12:34:00,2022-01-11 12:40:00,short,5642.5,5638.5,5650.0,5638.5,4.0,40.0,limit_touch,take_profit
2022-01-11,2022-01-11 13:20:00,2022-01-11 13:24:00,2022-01-11 13:46:00,short,5617.5,5625.5,5625.5,5613.0,-8.0,-80.0,limit_touch,stop_loss
2022-01-12,2022-01-12 14:22:00,2022-01-12 14:25:00,2022-01-12 14:25:00,short,5573.0,5568.5,5581.0,5568.5,4.5,45.0,limit_touch,take_profit
2022-01-13,2022-01-13 11:57:00,2022-01-13 12:00:00,2022-01-13 12:21:00,short,5529.0,5537.5,5537.5,5524.5,-8.5,-85.0,limit_touch,stop_loss
2022-01-18,2022-01-18 14:06:00,2022-01-18 14:06:00,2022-01-18 14:12:00,long,5565.5,5569.5,5558.5,5569.5,4.0,40.0,limit_touch,take_profit
2022-01-19,2022-01-19 11:37:00,2022-01-19 11:41:00,2022-01-19 11:41:00,short,5503.5,5499.5,5510.5,5499.5,4.0,40.0,limit_touch,take_profit
2022-01-19,2022-01-19 12:03:00,2022-01-19 12:11:00,2022-01-19 12:22:00,short,5495.0,5502.5,5502.5,5491.0,-7.5,-75.0,limit_touch,stop_loss
2022-01-19,2022-01-19 12:57:00,2022-01-19 13:01:00,2022-01-19 13:05:00,short,5492.0,5488.0,5499.5,5488.0,4.0,40.0,limit_touch,take_profit
2022-01-19,2022-01-19 14:23:00,2022-01-19 14:37:00,2022-01-19 14:45:00,short,5485.5,5481.5,5493.0,5481.5,4.0,40.0,limit_touch,take_profit
2022-01-20,2022-01-20 14:31:00,2022-01-20 14:34:00,2022-01-20 14:50:00,short,5402.0,5409.0,5409.0,5398.0,-7.0,-70.0,limit_touch,stop_loss
2022-01-21,2022-01-21 11:48:00,2022-01-21 11:49:00,2022-01-21 11:56:00,short,5429.5,5438.5,5438.5,5425.0,-9.0,-90.0,limit_touch,stop_loss
2022-01-21,2022-01-21 13:21:00,2022-01-21 13:25:00,2022-01-21 13:31:00,short,5423.0,5432.0,5432.0,5418.0,-9.0,-90.0,limit_touch,stop_loss
2022-01-24,2022-01-24 11:51:00,2022-01-24 11:51:00,2022-01-24 11:54:00,long,5504.0,5508.5,5496.0,5508.5,4.5,45.0,limit_touch,take_profit
2022-01-24,2022-01-24 11:56:00,2022-01-24 11:57:00,2022-01-24 11:59:00,long,5503.0,5509.0,5496.5,5509.0,6.0,60.0,better_open,take_profit
2022-01-24,2022-01-24 12:00:00,2022-01-24 12:00:00,2022-01-24 12:00:00,long,5506.0,5510.0,5498.0,5510.0,4.0,40.0,limit_touch,take_profit
2022-01-24,2022-01-24 12:13:00,2022-01-24 12:13:00,2022-01-24 12:13:00,long,5518.0,5522.5,5510.0,5522.5,4.5,45.0,limit_touch,take_profit
2022-01-24,2022-01-24 13:51:00,2022-01-24 13:53:00,2022-01-24 14:12:00,long,5521.5,5526.0,5513.0,5526.0,4.5,45.0,limit_touch,take_profit
2022-01-24,2022-01-24 14:19:00,2022-01-24 14:21:00,2022-01-24 14:21:00,long,5525.5,5530.0,5517.0,5530.0,4.5,45.0,limit_touch,take_profit
2022-01-25,2022-01-25 11:19:00,2022-01-25 11:19:00,2022-01-25 11:29:00,short,5499.5,5495.5,5507.0,5495.5,4.0,40.0,limit_touch,take_profit
2022-01-25,2022-01-25 11:30:00,2022-01-25 11:32:00,2022-01-25 11:54:00,short,5497.5,5505.0,5505.0,5493.5,-7.5,-75.0,limit_touch,stop_loss
2022-01-25,2022-01-25 12:55:00,2022-01-25 12:58:00,2022-01-25 13:01:00,short,5490.0,5486.0,5497.5,5486.0,4.0,40.0,limit_touch,take_profit
2022-01-25,2022-01-25 13:53:00,2022-01-25 13:57:00,2022-01-25 14:05:00,short,5487.0,5483.0,5494.5,5483.0,4.0,40.0,limit_touch,take_profit
2022-01-25,2022-01-25 14:38:00,2022-01-25 14:42:00,2022-01-25 14:42:00,short,5468.5,5464.5,5476.0,5464.5,4.0,40.0,limit_touch,take_profit
2022-01-26,2022-01-26 11:17:00,2022-01-26 11:17:00,2022-01-26 11:26:00,long,5449.5,5441.5,5441.5,5454.0,-8.0,-80.0,limit_touch,stop_loss
2022-01-26,2022-01-26 11:40:00,2022-01-26 11:41:00,2022-01-26 11:43:00,long,5456.0,5460.5,5447.5,5460.5,4.5,45.0,limit_touch,take_profit
2022-01-26,2022-01-26 11:45:00,2022-01-26 11:45:00,2022-01-26 11:53:00,long,5457.0,5449.0,5449.0,5461.5,-8.0,-80.0,limit_touch,stop_loss
2022-01-31,2022-01-31 11:44:00,2022-01-31 11:45:00,2022-01-31 11:57:00,short,5396.5,5405.0,5405.0,5392.0,-8.5,-85.0,limit_touch,stop_loss
2022-01-31,2022-01-31 12:23:00,2022-01-31 12:26:00,2022-01-31 12:27:00,short,5382.0,5377.0,5391.0,5377.0,5.0,50.0,limit_touch,take_profit
2022-01-31,2022-01-31 13:17:00,2022-01-31 13:41:00,2022-01-31 13:43:00,short,5338.5,5333.5,5348.0,5333.5,5.0,50.0,limit_touch,take_profit
2022-02-02,2022-02-02 11:33:00,2022-02-02 11:34:00,2022-02-02 11:34:00,long,5327.5,5331.0,5321.0,5331.0,3.5,35.0,limit_touch,take_profit
2022-02-02,2022-02-02 12:07:00,2022-02-02 12:23:00,2022-02-02 12:23:00,long,5341.5,5345.0,5334.5,5345.0,3.5,35.0,limit_touch,take_profit
2022-02-03,2022-02-03 11:16:00,2022-02-03 11:16:00,2022-02-03 11:16:00,long,5349.0,5352.5,5342.0,5352.5,3.5,35.0,limit_touch,take_profit
2022-02-03,2022-02-03 12:46:00,2022-02-03 12:50:00,2022-02-03 12:58:00,short,5311.5,5319.0,5319.0,5307.5,-7.5,-75.0,limit_touch,stop_loss
2022-02-04,2022-02-04 12:12:00,2022-02-04 12:16:00,2022-02-04 12:16:00,long,5370.0,5374.5,5361.5,5374.5,4.5,45.0,limit_touch,take_profit
2022-02-04,2022-02-04 13:01:00,2022-02-04 13:04:00,2022-02-04 13:10:00,long,5371.5,5376.0,5363.5,5376.0,4.5,45.0,limit_touch,take_profit
2022-02-07,2022-02-07 13:29:00,2022-02-07 13:35:00,2022-02-07 13:39:00,short,5313.5,5320.5,5320.5,5309.5,-7.0,-70.0,limit_touch,stop_loss
2022-02-10,2022-02-10 11:43:00,2022-02-10 11:44:00,2022-02-10 11:45:00,short,5225.5,5221.0,5234.0,5221.0,4.5,45.0,limit_touch,take_profit
2022-02-10,2022-02-10 11:47:00,2022-02-10 11:47:00,2022-02-10 11:47:00,short,5223.5,5219.0,5232.0,5219.0,4.5,45.0,limit_touch,take_profit
2022-02-10,2022-02-10 12:02:00,2022-02-10 12:04:00,2022-02-10 12:13:00,short,5210.5,5206.0,5219.5,5206.0,4.5,45.0,limit_touch,take_profit
2022-02-10,2022-02-10 12:36:00,2022-02-10 12:41:00,2022-02-10 12:53:00,short,5204.5,5213.5,5213.5,5199.5,-9.0,-90.0,limit_touch,stop_loss
2022-02-15,2022-02-15 11:33:00,2022-02-15 11:39:00,2022-02-15 11:48:00,short,5189.5,5197.5,5197.5,5185.0,-8.0,-80.0,limit_touch,stop_loss
2022-02-16,2022-02-16 12:11:00,2022-02-16 12:11:00,2022-02-16 12:21:00,short,5162.5,5169.5,5169.5,5158.5,-7.0,-70.0,limit_touch,stop_loss
2022-02-17,2022-02-17 11:16:00,2022-02-17 11:17:00,2022-02-17 11:20:00,long,5162.5,5167.0,5156.5,5167.0,4.5,45.0,better_open,take_profit
2022-02-17,2022-02-17 11:22:00,2022-02-17 11:22:00,2022-02-17 11:32:00,long,5169.5,5173.5,5162.5,5173.5,4.0,40.0,limit_touch,take_profit
2022-02-17,2022-02-17 11:33:00,2022-02-17 11:35:00,2022-02-17 11:36:00,long,5171.5,5175.0,5164.5,5175.0,3.5,35.0,limit_touch,take_profit
2022-02-17,2022-02-17 11:38:00,2022-02-17 11:39:00,2022-02-17 11:51:00,long,5179.5,5183.5,5172.5,5183.5,4.0,40.0,limit_touch,take_profit
2022-02-17,2022-02-17 11:58:00,2022-02-17 12:01:00,2022-02-17 12:06:00,long,5185.5,5178.0,5178.0,5189.5,-7.5,-75.0,limit_touch,stop_loss
2022-02-18,2022-02-18 12:16:00,2022-02-18 12:23:00,2022-02-18 12:23:00,short,5132.5,5129.0,5139.0,5129.0,3.5,35.0,limit_touch,take_profit
2022-02-18,2022-02-18 14:06:00,2022-02-18 14:07:00,2022-02-18 14:15:00,short,5122.0,5129.0,5129.0,5118.0,-7.0,-70.0,better_open,stop_loss
2022-02-21,2022-02-21 11:22:00,2022-02-21 11:42:00,2022-02-21 11:45:00,short,5107.5,5104.0,5114.5,5104.0,3.5,35.0,limit_touch,take_profit
2022-02-21,2022-02-21 12:57:00,2022-02-21 13:05:00,2022-02-21 13:05:00,short,5093.0,5089.5,5099.5,5089.5,3.5,35.0,limit_touch,take_profit
2022-02-22,2022-02-22 11:56:00,2022-02-22 11:57:00,2022-02-22 11:58:00,short,5062.5,5059.0,5069.0,5059.0,3.5,35.0,limit_touch,take_profit
2022-02-22,2022-02-22 12:04:00,2022-02-22 12:07:00,2022-02-22 12:11:00,short,5062.0,5058.5,5068.5,5058.5,3.5,35.0,limit_touch,take_profit
2022-02-22,2022-02-22 13:01:00,2022-02-22 13:26:00,2022-02-22 13:32:00,short,5062.0,5068.0,5068.0,5058.5,-6.0,-60.0,limit_touch,stop_loss
2022-02-23,2022-02-23 11:16:00,2022-02-23 11:17:00,2022-02-23 11:17:00,short,5009.0,5005.5,5015.5,5005.5,3.5,35.0,limit_touch,take_profit
2022-02-24,2022-02-24 11:32:00,2022-02-24 11:38:00,2022-02-24 11:38:00,long,5128.5,5133.0,5119.5,5133.0,4.5,45.0,limit_touch,take_profit
2022-02-24,2022-02-24 12:06:00,2022-02-24 12:10:00,2022-02-24 12:22:00,long,5134.0,5138.5,5125.0,5138.5,4.5,45.0,limit_touch,take_profit
2022-02-24,2022-02-24 12:46:00,2022-02-24 12:58:00,2022-02-24 13:00:00,long,5136.0,5141.0,5127.0,5141.0,5.0,50.0,limit_touch,take_profit
2022-02-25,2022-02-25 11:30:00,2022-02-25 11:31:00,2022-02-25 11:43:00,long,5186.5,5175.0,5175.0,5192.5,-11.5,-115.0,limit_touch,stop_loss
2022-02-25,2022-02-25 12:08:00,2022-02-25 12:11:00,2022-02-25 12:56:00,long,5196.0,5202.5,5184.0,5202.5,6.5,65.0,limit_touch,take_profit
2022-02-25,2022-02-25 13:09:00,2022-02-25 13:09:00,2022-02-25 13:09:00,long,5198.0,5204.0,5187.0,5204.0,6.0,60.0,limit_touch,take_profit
2022-02-25,2022-02-25 13:44:00,2022-02-25 13:53:00,2022-02-25 14:13:00,long,5202.5,5208.5,5191.5,5208.5,6.0,60.0,limit_touch,take_profit
2022-03-02,2022-03-02 13:08:00,2022-03-02 13:09:00,2022-03-02 13:13:00,short,5241.5,5236.0,5252.0,5236.0,5.5,55.0,limit_touch,take_profit
2022-03-02,2022-03-02 13:19:00,2022-03-02 13:19:00,2022-03-02 13:19:00,short,5221.5,5216.0,5232.0,5216.0,5.5,55.0,limit_touch,take_profit
2022-03-02,2022-03-02 13:20:00,2022-03-02 13:21:00,2022-03-02 13:22:00,short,5220.5,5215.0,5231.0,5215.0,5.5,55.0,limit_touch,take_profit
2022-03-02,2022-03-02 13:26:00,2022-03-02 13:26:00,2022-03-02 13:31:00,short,5218.5,5213.0,5229.0,5213.0,5.5,55.0,limit_touch,take_profit
2022-03-02,2022-03-02 13:34:00,2022-03-02 13:34:00,2022-03-02 13:34:00,short,5207.0,5201.0,5218.0,5201.0,6.0,60.0,limit_touch,take_profit
2022-03-02,2022-03-02 13:56:00,2022-03-02 14:05:00,2022-03-02 14:09:00,short,5201.5,5195.5,5212.5,5195.5,6.0,60.0,limit_touch,take_profit
2022-03-02,2022-03-02 14:17:00,2022-03-02 14:20:00,2022-03-02 14:28:00,short,5196.5,5191.0,5207.0,5191.0,5.5,55.0,limit_touch,take_profit
2022-03-04,2022-03-04 11:34:00,2022-03-04 11:36:00,2022-03-04 11:39:00,long,5128.5,5133.5,5119.0,5133.5,5.0,50.0,limit_touch,take_profit
2022-03-08,2022-03-08 14:19:00,2022-03-08 14:19:00,2022-03-08 14:19:00,short,5091.0,5086.5,5099.5,5086.5,4.5,45.0,limit_touch,take_profit
2022-03-08,2022-03-08 14:20:00,2022-03-08 14:21:00,2022-03-08 14:22:00,short,5094.0,5099.0,5099.0,5086.0,-5.0,-50.0,better_open,stop_loss
2022-03-09,2022-03-09 11:50:00,2022-03-09 11:51:00,2022-03-09 11:51:00,short,5032.0,5027.5,5040.5,5027.5,4.5,45.0,limit_touch,take_profit
2022-03-09,2022-03-09 12:19:00,2022-03-09 12:19:00,2022-03-09 12:19:00,short,5027.5,5023.0,5036.0,5023.0,4.5,45.0,limit_touch,take_profit
2022-03-09,2022-03-09 13:40:00,2022-03-09 13:48:00,2022-03-09 13:50:00,short,5025.0,5020.5,5033.0,5020.5,4.5,45.0,limit_touch,take_profit
2022-03-10,2022-03-10 11:40:00,2022-03-10 11:45:00,2022-03-10 11:52:00,long,5099.0,5092.0,5092.0,5103.0,-7.0,-70.0,limit_touch,stop_loss
2022-03-11,2022-03-11 11:36:00,2022-03-11 11:37:00,2022-03-11 11:38:00,long,5052.5,5056.0,5045.5,5056.0,3.5,35.0,limit_touch,take_profit
2022-03-11,2022-03-11 12:45:00,2022-03-11 12:49:00,2022-03-11 12:49:00,long,5065.0,5068.5,5058.5,5068.5,3.5,35.0,limit_touch,take_profit
2022-03-11,2022-03-11 13:52:00,2022-03-11 14:18:00,2022-03-11 14:26:00,long,5076.0,5079.5,5069.5,5079.5,3.5,35.0,limit_touch,take_profit
2022-03-14,2022-03-14 12:22:00,2022-03-14 12:29:00,2022-03-14 12:29:00,long,5100.5,5104.0,5094.0,5104.0,3.5,35.0,limit_touch,take_profit
2022-03-14,2022-03-14 13:28:00,2022-03-14 13:31:00,2022-03-14 13:35:00,long,5120.5,5124.0,5113.5,5124.0,3.5,35.0,limit_touch,take_profit
2022-03-15,2022-03-15 14:31:00,2022-03-15 14:36:00,2022-03-15 14:39:00,long,5169.0,5173.0,5161.5,5173.0,4.0,40.0,limit_touch,take_profit
2022-03-16,2022-03-16 11:25:00,2022-03-16 11:26:00,2022-03-16 11:26:00,short,5132.5,5128.0,5141.0,5128.0,4.5,45.0,limit_touch,take_profit
2022-03-16,2022-03-16 12:26:00,2022-03-16 12:31:00,2022-03-16 12:46:00,short,5129.5,5138.0,5138.0,5125.0,-8.5,-85.0,limit_touch,stop_loss
2022-03-17,2022-03-17 12:09:00,2022-03-17 12:10:00,2022-03-17 12:37:00,short,5092.5,5087.5,5101.5,5087.5,5.0,50.0,limit_touch,take_profit
2022-03-17,2022-03-17 12:39:00,2022-03-17 12:41:00,2022-03-17 12:46:00,short,5088.5,5083.5,5097.5,5083.5,5.0,50.0,limit_touch,take_profit
2022-03-18,2022-03-18 12:11:00,2022-03-18 12:11:00,2022-03-18 12:12:00,short,5059.0,5054.5,5067.0,5054.5,4.5,45.0,limit_touch,take_profit
2022-03-18,2022-03-18 12:15:00,2022-03-18 12:16:00,2022-03-18 12:16:00,short,5050.5,5046.0,5058.5,5046.0,4.5,45.0,limit_touch,take_profit
2022-03-18,2022-03-18 13:20:00,2022-03-18 13:29:00,2022-03-18 13:34:00,short,5029.0,5024.5,5037.5,5024.5,4.5,45.0,limit_touch,take_profit
2022-03-18,2022-03-18 14:26:00,2022-03-18 14:41:00,2022-03-18 14:50:00,short,5023.5,5019.0,5031.5,5019.0,4.5,45.0,limit_touch,take_profit
2022-03-21,2022-03-21 11:20:00,2022-03-21 11:32:00,2022-03-21 11:33:00,short,4988.0,4984.0,4996.0,4984.0,4.0,40.0,limit_touch,take_profit
2022-03-21,2022-03-21 12:17:00,2022-03-21 12:43:00,2022-03-21 13:24:00,short,4961.0,4956.5,4969.0,4956.5,4.5,45.0,limit_touch,take_profit
2022-03-22,2022-03-22 12:29:00,2022-03-22 12:40:00,2022-03-22 12:51:00,long,4959.0,4951.0,4951.0,4963.5,-8.0,-80.0,limit_touch,stop_loss
2022-03-23,2022-03-23 11:19:00,2022-03-23 11:22:00,2022-03-23 11:22:00,short,4868.5,4864.5,4876.0,4864.5,4.0,40.0,limit_touch,take_profit
2022-03-23,2022-03-23 13:00:00,2022-03-23 13:11:00,2022-03-23 13:21:00,short,4864.5,4860.5,4872.0,4860.5,4.0,40.0,limit_touch,take_profit
2022-03-24,2022-03-24 11:26:00,2022-03-24 11:27:00,2022-03-24 11:28:00,short,4801.0,4796.5,4809.5,4796.5,4.5,45.0,limit_touch,take_profit
2022-03-24,2022-03-24 11:42:00,2022-03-24 11:42:00,2022-03-24 11:42:00,short,4785.5,4781.0,4794.0,4781.0,4.5,45.0,limit_touch,take_profit
2022-03-24,2022-03-24 13:39:00,2022-03-24 13:52:00,2022-03-24 14:04:00,long,4854.0,4859.5,4844.0,4859.5,5.5,55.0,limit_touch,take_profit
2022-03-24,2022-03-24 14:18:00,2022-03-24 14:28:00,2022-03-24 14:30:00,long,4856.5,4847.0,4847.0,4861.5,-9.5,-95.0,limit_touch,stop_loss
2022-03-25,2022-03-25 11:56:00,2022-03-25 12:04:00,2022-03-25 12:04:00,short,4772.5,4767.0,4782.5,4767.0,5.5,55.0,limit_touch,take_profit
2022-03-25,2022-03-25 12:37:00,2022-03-25 12:46:00,2022-03-25 12:50:00,short,4764.0,4758.5,4774.0,4758.5,5.5,55.0,limit_touch,take_profit
2022-03-28,2022-03-28 11:23:00,2022-03-28 11:28:00,2022-03-28 11:31:00,long,4808.5,4813.5,4799.5,4813.5,5.0,50.0,limit_touch,take_profit
2022-03-28,2022-03-28 11:50:00,2022-03-28 11:55:00,2022-03-28 12:04:00,long,4813.5,4804.5,4804.5,4818.0,-9.0,-90.0,limit_touch,stop_loss
2022-03-29,2022-03-29 14:06:00,2022-03-29 14:15:00,2022-03-29 14:18:00,long,4773.0,4778.5,4763.0,4778.5,5.5,55.0,limit_touch,take_profit
2022-03-29,2022-03-29 14:32:00,2022-03-29 14:36:00,2022-03-29 14:43:00,long,4779.0,4784.5,4769.0,4784.5,5.5,55.0,limit_touch,take_profit
2022-03-30,2022-03-30 11:27:00,2022-03-30 11:28:00,2022-03-30 11:40:00,long,4762.0,4767.0,4752.5,4767.0,5.0,50.0,limit_touch,take_profit
2022-03-30,2022-03-30 11:41:00,2022-03-30 11:42:00,2022-03-30 11:53:00,long,4763.5,4754.5,4754.5,4768.5,-9.0,-90.0,limit_touch,stop_loss
2022-03-30,2022-03-30 12:03:00,2022-03-30 12:03:00,2022-03-30 12:04:00,long,4767.0,4772.0,4758.0,4772.0,5.0,50.0,limit_touch,take_profit
2022-03-30,2022-03-30 12:23:00,2022-03-30 12:24:00,2022-03-30 12:50:00,long,4782.5,4773.0,4773.0,4787.5,-9.5,-95.0,limit_touch,stop_loss
2022-03-31,2022-03-31 13:08:00,2022-03-31 14:04:00,2022-03-31 15:06:00,short,4770.5,4780.0,4780.0,4765.5,-9.5,-95.0,limit_touch,stop_loss
2022-04-05,2022-04-05 11:23:00,2022-04-05 11:30:00,2022-04-05 11:30:00,long,4688.0,4692.0,4680.0,4692.0,4.0,40.0,limit_touch,take_profit
2022-04-05,2022-04-05 12:21:00,2022-04-05 12:48:00,2022-04-05 12:54:00,long,4692.0,4696.0,4684.5,4696.0,4.0,40.0,limit_touch,take_profit
2022-04-07,2022-04-07 11:25:00,2022-04-07 11:31:00,2022-04-07 11:32:00,long,4781.0,4786.0,4771.5,4786.0,5.0,50.0,limit_touch,take_profit
2022-04-07,2022-04-07 11:41:00,2022-04-07 11:45:00,2022-04-07 11:49:00,long,4783.0,4788.0,4773.5,4788.0,5.0,50.0,limit_touch,take_profit
2022-04-07,2022-04-07 12:00:00,2022-04-07 12:11:00,2022-04-07 12:18:00,long,4784.5,4789.5,4775.5,4789.5,5.0,50.0,limit_touch,take_profit
2022-04-07,2022-04-07 12:32:00,2022-04-07 13:00:00,2022-04-07 14:00:00,long,4788.5,4779.5,4779.5,4793.5,-9.0,-90.0,limit_touch,stop_loss
2022-04-19,2022-04-19 11:46:00,2022-04-19 11:52:00,2022-04-19 11:53:00,long,4692.0,4696.0,4684.5,4696.0,4.0,40.0,limit_touch,take_profit
2022-04-19,2022-04-19 12:02:00,2022-04-19 12:03:00,2022-04-19 12:54:00,long,4693.0,4685.5,4685.5,4697.0,-7.5,-75.0,limit_touch,stop_loss
2022-04-20,2022-04-20 11:41:00,2022-04-20 11:41:00,2022-04-20 11:41:00,short,4648.0,4644.0,4655.0,4644.0,4.0,40.0,limit_touch,take_profit
2022-04-20,2022-04-20 12:10:00,2022-04-20 12:13:00,2022-04-20 12:29:00,short,4630.5,4626.5,4638.0,4626.5,4.0,40.0,limit_touch,take_profit
2022-04-25,2022-04-25 12:02:00,2022-04-25 12:11:00,2022-04-25 12:30:00,long,4928.5,4935.5,4915.5,4935.5,7.0,70.0,limit_touch,take_profit
2022-04-25,2022-04-25 13:01:00,2022-04-25 13:05:00,2022-04-25 13:05:00,long,4937.0,4944.0,4924.5,4944.0,7.0,70.0,limit_touch,take_profit
2022-04-26,2022-04-26 11:45:00,2022-04-26 11:45:00,2022-04-26 11:45:00,long,4991.0,4980.0,4980.0,4997.0,-11.0,-110.0,limit_touch,ambiguous_stop_first
2022-04-27,2022-04-27 13:17:00,2022-04-27 13:17:00,2022-04-27 13:38:00,short,4981.5,4993.5,4993.5,4975.0,-12.0,-120.0,limit_touch,stop_loss
2022-04-28,2022-04-28 11:20:00,2022-04-28 11:20:00,2022-04-28 11:24:00,long,5029.5,5035.5,5018.0,5035.5,6.0,60.0,limit_touch,take_profit
2022-04-28,2022-04-28 11:35:00,2022-04-28 11:37:00,2022-04-28 11:40:00,long,5034.5,5040.5,5023.5,5040.5,6.0,60.0,limit_touch,take_profit
2022-04-28,2022-04-28 11:48:00,2022-04-28 11:53:00,2022-04-28 11:56:00,long,5039.0,5028.0,5028.0,5045.0,-11.0,-110.0,limit_touch,stop_loss
2022-04-28,2022-04-28 13:48:00,2022-04-28 13:50:00,2022-04-28 14:12:00,short,4977.0,4971.5,4987.5,4971.5,5.5,55.0,limit_touch,take_profit
2022-04-29,2022-04-29 11:30:00,2022-04-29 11:31:00,2022-04-29 11:31:00,long,4976.0,4982.5,4964.0,4982.5,6.5,65.0,limit_touch,take_profit
2022-04-29,2022-04-29 12:02:00,2022-04-29 12:13:00,2022-04-29 12:18:00,long,4993.0,4981.0,4981.0,4999.5,-12.0,-120.0,limit_touch,stop_loss
2022-05-02,2022-05-02 12:28:00,2022-05-02 12:35:00,2022-05-02 13:53:00,long,5078.5,5084.5,5067.5,5084.5,6.0,60.0,limit_touch,take_profit
2022-05-03,2022-05-03 12:00:00,2022-05-03 12:01:00,2022-05-03 12:09:00,short,5057.0,5051.5,5067.5,5051.5,5.5,55.0,limit_touch,take_profit
2022-05-03,2022-05-03 12:22:00,2022-05-03 12:30:00,2022-05-03 12:51:00,short,5046.0,5040.0,5057.0,5040.0,6.0,60.0,limit_touch,take_profit
2022-05-03,2022-05-03 12:52:00,2022-05-03 12:52:00,2022-05-03 13:08:00,short,5045.5,5056.0,5056.0,5039.5,-10.5,-105.0,limit_touch,stop_loss
2022-05-03,2022-05-03 13:16:00,2022-05-03 13:32:00,2022-05-03 13:36:00,short,5040.0,5034.5,5050.5,5034.5,5.5,55.0,limit_touch,take_profit
2022-05-05,2022-05-05 11:18:00,2022-05-05 11:21:00,2022-05-05 11:23:00,long,5037.5,5044.5,5024.0,5044.5,7.0,70.0,limit_touch,take_profit
2022-05-05,2022-05-05 11:52:00,2022-05-05 11:59:00,2022-05-05 11:59:00,long,5055.0,5062.0,5041.5,5062.0,7.0,70.0,limit_touch,take_profit
2022-05-05,2022-05-05 12:21:00,2022-05-05 12:32:00,2022-05-05 12:41:00,long,5073.0,5080.0,5059.5,5080.0,7.0,70.0,limit_touch,take_profit
2022-05-05,2022-05-05 13:23:00,2022-05-05 13:31:00,2022-05-05 13:35:00,long,5080.5,5087.5,5067.5,5087.5,7.0,70.0,limit_touch,take_profit
2022-05-09,2022-05-09 13:10:00,2022-05-09 13:10:00,2022-05-09 13:10:00,short,5151.5,5145.0,5163.5,5145.0,6.5,65.0,limit_touch,take_profit
2022-05-09,2022-05-09 13:16:00,2022-05-09 13:22:00,2022-05-09 13:25:00,short,5145.5,5139.0,5157.0,5139.0,6.5,65.0,limit_touch,take_profit
2022-05-10,2022-05-10 11:51:00,2022-05-10 11:52:00,2022-05-10 12:37:00,long,5192.5,5181.5,5181.5,5198.5,-11.0,-110.0,limit_touch,stop_loss
2022-05-11,2022-05-11 12:41:00,2022-05-11 12:47:00,2022-05-11 13:05:00,short,5134.5,5128.5,5146.0,5128.5,6.0,60.0,limit_touch,take_profit
2022-05-12,2022-05-12 11:15:00,2022-05-12 11:15:00,2022-05-12 11:15:00,short,5188.0,5182.0,5198.5,5182.0,6.0,60.0,limit_touch,take_profit
2022-05-12,2022-05-12 11:25:00,2022-05-12 11:31:00,2022-05-12 11:31:00,short,5179.5,5173.5,5190.5,5173.5,6.0,60.0,limit_touch,take_profit
2022-05-12,2022-05-12 11:38:00,2022-05-12 11:40:00,2022-05-12 11:40:00,short,5168.5,5162.5,5180.0,5162.5,6.0,60.0,limit_touch,take_profit
2022-05-12,2022-05-12 12:10:00,2022-05-12 12:27:00,2022-05-12 12:48:00,short,5148.5,5160.0,5160.0,5142.5,-11.5,-115.0,limit_touch,stop_loss
2022-05-13,2022-05-13 11:15:00,2022-05-13 11:15:00,2022-05-13 11:18:00,short,5137.5,5132.0,5147.5,5132.0,5.5,55.0,limit_touch,take_profit
2022-05-13,2022-05-13 11:25:00,2022-05-13 11:26:00,2022-05-13 11:29:00,short,5121.0,5115.5,5131.5,5115.5,5.5,55.0,limit_touch,take_profit
2022-05-13,2022-05-13 11:35:00,2022-05-13 11:37:00,2022-05-13 11:43:00,short,5118.5,5129.0,5129.0,5113.0,-10.5,-105.0,limit_touch,stop_loss
2022-05-13,2022-05-13 12:30:00,2022-05-13 12:32:00,2022-05-13 12:55:00,short,5106.5,5101.0,5117.0,5101.0,5.5,55.0,limit_touch,take_profit
2022-05-13,2022-05-13 13:11:00,2022-05-13 13:34:00,2022-05-13 13:41:00,short,5102.0,5096.0,5113.0,5096.0,6.0,60.0,limit_touch,take_profit
2022-05-16,2022-05-16 11:30:00,2022-05-16 11:31:00,2022-05-16 11:40:00,short,5065.0,5075.5,5075.5,5059.5,-10.5,-105.0,limit_touch,stop_loss
2022-05-17,2022-05-17 12:44:00,2022-05-17 12:44:00,2022-05-17 12:44:00,short,4980.5,4975.0,4991.0,4975.0,5.5,55.0,limit_touch,take_profit
2022-05-17,2022-05-17 12:55:00,2022-05-17 12:57:00,2022-05-17 13:17:00,short,4979.5,4974.0,4990.0,4974.0,5.5,55.0,limit_touch,take_profit
2022-05-18,2022-05-18 11:42:00,2022-05-18 11:46:00,2022-05-18 11:57:00,long,4988.0,4979.0,4979.0,4993.0,-9.0,-90.0,limit_touch,stop_loss
2022-05-18,2022-05-18 12:33:00,2022-05-18 12:37:00,2022-05-18 12:37:00,long,4990.0,4995.0,4981.0,4995.0,5.0,50.0,limit_touch,take_profit
2022-05-18,2022-05-18 13:32:00,2022-05-18 13:35:00,2022-05-18 13:44:00,long,4991.0,4982.5,4982.5,4995.5,-8.5,-85.0,limit_touch,stop_loss
2022-05-19,2022-05-19 11:18:00,2022-05-19 11:19:00,2022-05-19 11:30:00,short,4930.0,4939.5,4939.5,4925.0,-9.5,-95.0,limit_touch,stop_loss
2022-05-19,2022-05-19 12:45:00,2022-05-19 12:49:00,2022-05-19 12:49:00,short,4918.5,4913.0,4928.5,4913.0,5.5,55.0,limit_touch,take_profit
2022-05-19,2022-05-19 14:10:00,2022-05-19 14:13:00,2022-05-19 14:18:00,short,4912.0,4907.0,4921.5,4907.0,5.0,50.0,limit_touch,take_profit
2022-05-19,2022-05-19 14:34:00,2022-05-19 14:49:00,2022-05-19 14:51:00,short,4908.5,4903.5,4918.0,4903.5,5.0,50.0,limit_touch,take_profit
2022-05-20,2022-05-20 11:19:00,2022-05-20 11:20:00,2022-05-20 11:20:00,short,4893.0,4888.0,4902.5,4888.0,5.0,50.0,limit_touch,take_profit
2022-05-20,2022-05-20 11:30:00,2022-05-20 11:31:00,2022-05-20 11:32:00,short,4884.0,4879.0,4893.5,4879.0,5.0,50.0,limit_touch,take_profit
2022-05-20,2022-05-20 11:47:00,2022-05-20 11:51:00,2022-05-20 12:15:00,short,4880.0,4889.5,4889.5,4875.0,-9.5,-95.0,limit_touch,stop_loss
2022-05-20,2022-05-20 12:52:00,2022-05-20 12:56:00,2022-05-20 13:09:00,short,4876.5,4886.0,4886.0,4871.5,-9.5,-95.0,limit_touch,stop_loss
2022-05-23,2022-05-23 13:05:00,2022-05-23 13:31:00,2022-05-23 13:45:00,short,4806.0,4801.5,4814.5,4801.5,4.5,45.0,limit_touch,take_profit
2022-05-24,2022-05-24 12:14:00,2022-05-24 12:16:00,2022-05-24 12:18:00,long,4845.0,4850.0,4836.0,4850.0,5.0,50.0,limit_touch,take_profit
2022-05-24,2022-05-24 12:36:00,2022-05-24 12:40:00,2022-05-24 12:45:00,long,4853.5,4844.5,4844.5,4858.5,-9.0,-90.0,limit_touch,stop_loss
2022-05-25,2022-05-25 11:41:00,2022-05-25 11:41:00,2022-05-25 11:43:00,short,4829.5,4838.5,4838.5,4825.0,-9.0,-90.0,limit_touch,stop_loss
2022-05-26,2022-05-26 11:28:00,2022-05-26 11:30:00,2022-05-26 11:30:00,short,4793.0,4788.0,4802.0,4788.0,5.0,50.0,limit_touch,take_profit
2022-05-26,2022-05-26 12:02:00,2022-05-26 12:04:00,2022-05-26 12:06:00,short,4789.5,4785.0,4798.0,4785.0,4.5,45.0,limit_touch,take_profit
2022-05-26,2022-05-26 14:04:00,2022-05-26 14:16:00,2022-05-26 14:29:00,short,4784.5,4780.5,4792.5,4780.5,4.0,40.0,limit_touch,take_profit
2022-05-27,2022-05-27 11:52:00,2022-05-27 11:52:00,2022-05-27 11:54:00,short,4740.0,4735.5,4748.5,4735.5,4.5,45.0,limit_touch,take_profit
2022-05-27,2022-05-27 11:59:00,2022-05-27 12:02:00,2022-05-27 12:06:00,short,4736.5,4732.0,4745.0,4732.0,4.5,45.0,limit_touch,take_profit
2022-05-27,2022-05-27 12:24:00,2022-05-27 12:33:00,2022-05-27 12:34:00,short,4726.5,4722.0,4735.0,4722.0,4.5,45.0,limit_touch,take_profit
2022-05-30,2022-05-30 11:55:00,2022-05-30 11:58:00,2022-05-30 12:00:00,long,4737.0,4741.0,4729.5,4741.0,4.0,40.0,limit_touch,take_profit
2022-05-30,2022-05-30 12:04:00,2022-05-30 12:06:00,2022-05-30 12:19:00,long,4738.5,4731.0,4731.0,4742.5,-7.5,-75.0,limit_touch,stop_loss
2022-06-01,2022-06-01 11:33:00,2022-06-01 11:34:00,2022-06-01 11:34:00,long,4822.5,4827.0,4814.0,4827.0,4.5,45.0,limit_touch,take_profit
2022-06-01,2022-06-01 11:57:00,2022-06-01 12:12:00,2022-06-01 12:12:00,long,4830.0,4835.0,4821.0,4835.0,5.0,50.0,limit_touch,take_profit
2022-06-01,2022-06-01 14:06:00,2022-06-01 14:21:00,2022-06-01 14:42:00,long,4842.0,4834.0,4834.0,4846.5,-8.0,-80.0,limit_touch,stop_loss
2022-06-02,2022-06-02 14:09:00,2022-06-02 14:13:00,2022-06-02 14:16:00,short,4817.0,4825.5,4825.5,4812.5,-8.5,-85.0,limit_touch,stop_loss
2022-06-03,2022-06-03 14:12:00,2022-06-03 14:16:00,2022-06-03 14:31:00,short,4821.5,4829.0,4829.0,4817.5,-7.5,-75.0,limit_touch,stop_loss
2022-06-06,2022-06-06 11:23:00,2022-06-06 11:28:00,2022-06-06 11:30:00,long,4826.5,4830.5,4819.0,4830.5,4.0,40.0,limit_touch,take_profit
2022-06-06,2022-06-06 11:44:00,2022-06-06 11:44:00,2022-06-06 11:44:00,long,4830.5,4834.5,4823.0,4834.5,4.0,40.0,limit_touch,take_profit
2022-06-06,2022-06-06 12:28:00,2022-06-06 12:44:00,2022-06-06 12:50:00,long,4834.0,4838.0,4826.5,4838.0,4.0,40.0,limit_touch,take_profit
2022-06-06,2022-06-06 14:06:00,2022-06-06 14:27:00,2022-06-06 14:34:00,long,4835.0,4828.5,4828.5,4838.5,-6.5,-65.0,limit_touch,stop_loss
2022-06-07,2022-06-07 11:18:00,2022-06-07 11:21:00,2022-06-07 11:27:00,long,4950.0,4954.5,4941.5,4954.5,4.5,45.0,limit_touch,take_profit
2022-06-10,2022-06-10 11:28:00,2022-06-10 11:34:00,2022-06-10 11:34:00,long,5023.5,5029.0,5013.5,5029.0,5.5,55.0,limit_touch,take_profit
2022-06-13,2022-06-13 12:02:00,2022-06-13 12:12:00,2022-06-13 12:18:00,long,5150.5,5140.5,5140.5,5156.0,-10.0,-100.0,limit_touch,stop_loss
2022-06-14,2022-06-14 12:22:00,2022-06-14 12:25:00,2022-06-14 12:47:00,long,5151.5,5157.0,5141.0,5157.0,5.5,55.0,limit_touch,take_profit
2022-06-14,2022-06-14 12:54:00,2022-06-14 12:58:00,2022-06-14 12:58:00,long,5155.5,5161.0,5145.0,5161.0,5.5,55.0,limit_touch,take_profit
2022-06-14,2022-06-14 13:06:00,2022-06-14 13:07:00,2022-06-14 13:32:00,long,5157.0,5162.5,5147.0,5162.5,5.5,55.0,limit_touch,take_profit
2022-06-14,2022-06-14 13:43:00,2022-06-14 13:53:00,2022-06-14 14:08:00,long,5168.0,5158.0,5158.0,5173.5,-10.0,-100.0,limit_touch,stop_loss
2022-06-21,2022-06-21 11:26:00,2022-06-21 11:26:00,2022-06-21 11:26:00,short,5151.0,5146.5,5159.5,5146.5,4.5,45.0,limit_touch,take_profit
2022-06-21,2022-06-21 11:41:00,2022-06-21 11:45:00,2022-06-21 11:49:00,short,5143.5,5139.0,5152.0,5139.0,4.5,45.0,limit_touch,take_profit
2022-06-22,2022-06-22 11:29:00,2022-06-22 11:29:00,2022-06-22 11:29:00,short,5160.0,5155.5,5168.5,5155.5,4.5,45.0,limit_touch,take_profit
2022-06-22,2022-06-22 11:38:00,2022-06-22 11:42:00,2022-06-22 11:43:00,short,5157.0,5152.5,5165.5,5152.5,4.5,45.0,limit_touch,take_profit
2022-06-22,2022-06-22 11:52:00,2022-06-22 11:53:00,2022-06-22 12:01:00,short,5149.0,5157.5,5157.5,5144.5,-8.5,-85.0,limit_touch,stop_loss
2022-06-23,2022-06-23 14:04:00,2022-06-23 14:05:00,2022-06-23 14:22:00,long,5226.0,5230.5,5217.5,5230.5,4.5,45.0,limit_touch,take_profit
2022-06-27,2022-06-27 11:51:00,2022-06-27 11:53:00,2022-06-27 11:55:00,short,5231.5,5226.5,5241.0,5226.5,5.0,50.0,limit_touch,take_profit
2022-06-27,2022-06-27 12:17:00,2022-06-27 12:21:00,2022-06-27 12:25:00,short,5221.0,5216.0,5230.5,5216.0,5.0,50.0,limit_touch,take_profit
2022-06-28,2022-06-28 12:27:00,2022-06-28 12:30:00,2022-06-28 12:35:00,long,5253.5,5258.5,5244.5,5258.5,5.0,50.0,limit_touch,take_profit
2022-06-28,2022-06-28 12:45:00,2022-06-28 12:46:00,2022-06-28 13:13:00,long,5260.5,5251.5,5251.5,5265.5,-9.0,-90.0,limit_touch,stop_loss
2022-06-28,2022-06-28 14:20:00,2022-06-28 14:29:00,2022-06-28 14:37:00,long,5262.5,5267.0,5254.0,5267.0,4.5,45.0,limit_touch,take_profit
2022-06-29,2022-06-29 14:42:00,2022-06-29 14:45:00,2022-06-29 14:52:00,short,5218.5,5214.0,5227.0,5214.0,4.5,45.0,limit_touch,take_profit
2022-07-01,2022-07-01 11:18:00,2022-07-01 11:18:00,2022-07-01 11:18:00,long,5371.5,5376.5,5362.0,5376.5,5.0,50.0,limit_touch,take_profit
2022-07-04,2022-07-04 11:52:00,2022-07-04 11:58:00,2022-07-04 11:58:00,short,5335.5,5331.0,5344.0,5331.0,4.5,45.0,limit_touch,take_profit
2022-07-06,2022-07-06 11:21:00,2022-07-06 11:21:00,2022-07-06 11:21:00,long,5462.5,5466.5,5455.0,5466.5,4.0,40.0,limit_touch,take_profit
2022-07-06,2022-07-06 11:22:00,2022-07-06 11:23:00,2022-07-06 11:38:00,long,5463.0,5467.0,5455.0,5467.0,4.0,40.0,limit_touch,take_profit
2022-07-06,2022-07-06 11:43:00,2022-07-06 11:44:00,2022-07-06 11:46:00,long,5465.5,5469.5,5457.5,5469.5,4.0,40.0,limit_touch,take_profit
2022-07-06,2022-07-06 11:49:00,2022-07-06 11:50:00,2022-07-06 11:59:00,long,5467.5,5471.5,5460.0,5471.5,4.0,40.0,limit_touch,take_profit
2022-07-06,2022-07-06 12:08:00,2022-07-06 12:08:00,2022-07-06 12:20:00,long,5472.5,5476.5,5465.0,5476.5,4.0,40.0,limit_touch,take_profit
2022-07-06,2022-07-06 12:46:00,2022-07-06 12:48:00,2022-07-06 12:48:00,long,5490.5,5494.5,5482.5,5494.5,4.0,40.0,limit_touch,take_profit
2022-07-07,2022-07-07 12:07:00,2022-07-07 12:27:00,2022-07-07 12:36:00,short,5378.0,5387.0,5387.0,5373.5,-9.0,-90.0,limit_touch,stop_loss
2022-07-08,2022-07-08 11:46:00,2022-07-08 11:53:00,2022-07-08 11:54:00,short,5326.5,5321.5,5335.5,5321.5,5.0,50.0,limit_touch,take_profit
2022-07-13,2022-07-13 12:18:00,2022-07-13 12:25:00,2022-07-13 12:41:00,short,5405.5,5400.0,5415.5,5400.0,5.5,55.0,limit_touch,take_profit
2022-07-14,2022-07-14 11:54:00,2022-07-14 11:54:00,2022-07-14 12:00:00,short,5467.5,5461.5,5478.5,5461.5,6.0,60.0,limit_touch,take_profit
2022-07-14,2022-07-14 12:01:00,2022-07-14 12:01:00,2022-07-14 12:01:00,short,5461.5,5455.5,5472.5,5455.5,6.0,60.0,limit_touch,take_profit
2022-07-14,2022-07-14 12:06:00,2022-07-14 12:06:00,2022-07-14 12:15:00,short,5460.5,5472.0,5472.0,5454.5,-11.5,-115.0,limit_touch,stop_loss
2022-07-14,2022-07-14 12:43:00,2022-07-14 12:43:00,2022-07-14 12:43:00,short,5451.5,5445.0,5463.0,5445.0,6.5,65.0,limit_touch,take_profit
2022-07-14,2022-07-14 12:44:00,2022-07-14 12:45:00,2022-07-14 12:45:00,short,5449.5,5443.0,5461.0,5443.0,6.5,65.0,limit_touch,take_profit
2022-07-15,2022-07-15 11:38:00,2022-07-15 11:38:00,2022-07-15 11:38:00,short,5418.0,5412.5,5428.5,5412.5,5.5,55.0,limit_touch,take_profit
2022-07-15,2022-07-15 11:43:00,2022-07-15 11:44:00,2022-07-15 11:50:00,short,5416.0,5410.0,5426.5,5410.0,6.0,60.0,limit_touch,take_profit
2022-07-15,2022-07-15 12:10:00,2022-07-15 12:31:00,2022-07-15 13:27:00,short,5407.5,5418.0,5418.0,5401.5,-10.5,-105.0,limit_touch,stop_loss
2022-07-18,2022-07-18 11:20:00,2022-07-18 11:20:00,2022-07-18 11:27:00,short,5379.0,5387.5,5387.5,5374.5,-8.5,-85.0,limit_touch,stop_loss
2022-07-18,2022-07-18 11:45:00,2022-07-18 11:47:00,2022-07-18 11:47:00,short,5377.5,5373.0,5385.5,5373.0,4.5,45.0,limit_touch,take_profit
2022-07-18,2022-07-18 14:43:00,2022-07-18 14:45:00,2022-07-18 14:45:00,long,5408.5,5412.5,5401.0,5412.5,4.0,40.0,limit_touch,take_profit
2022-07-19,2022-07-19 13:51:00,2022-07-19 14:15:00,2022-07-19 14:22:00,short,5392.0,5387.0,5401.0,5387.0,5.0,50.0,limit_touch,take_profit
2022-07-20,2022-07-20 13:45:00,2022-07-20 13:58:00,2022-07-20 14:00:00,long,5462.0,5467.0,5453.0,5467.0,5.0,50.0,limit_touch,take_profit
2022-07-20,2022-07-20 14:11:00,2022-07-20 14:19:00,2022-07-20 14:25:00,long,5472.0,5477.0,5463.0,5477.0,5.0,50.0,limit_touch,take_profit
2022-07-21,2022-07-21 11:29:00,2022-07-21 11:30:00,2022-07-21 11:30:00,long,5498.5,5504.0,5488.5,5504.0,5.5,55.0,limit_touch,take_profit
2022-07-21,2022-07-21 12:25:00,2022-07-21 12:33:00,2022-07-21 12:42:00,long,5507.0,5512.0,5497.5,5512.0,5.0,50.0,limit_touch,take_profit
2022-07-22,2022-07-22 11:19:00,2022-07-22 11:19:00,2022-07-22 11:19:00,short,5453.0,5448.5,5461.0,5448.5,4.5,45.0,limit_touch,take_profit
2022-07-27,2022-07-27 12:15:00,2022-07-27 12:18:00,2022-07-27 12:42:00,short,5310.0,5305.5,5318.5,5305.5,4.5,45.0,limit_touch,take_profit
2022-07-27,2022-07-27 12:46:00,2022-07-27 12:53:00,2022-07-27 12:56:00,short,5306.0,5301.5,5314.5,5301.5,4.5,45.0,limit_touch,take_profit
2022-07-27,2022-07-27 13:00:00,2022-07-27 13:04:00,2022-07-27 13:05:00,short,5304.5,5300.0,5312.5,5300.0,4.5,45.0,limit_touch,take_profit
2022-07-27,2022-07-27 14:28:00,2022-07-27 14:31:00,2022-07-27 14:39:00,short,5303.5,5299.0,5311.5,5299.0,4.5,45.0,limit_touch,take_profit
2022-08-03,2022-08-03 11:20:00,2022-08-03 11:28:00,2022-08-03 11:29:00,long,5345.5,5350.0,5337.0,5350.0,4.5,45.0,limit_touch,take_profit
2022-08-03,2022-08-03 11:37:00,2022-08-03 11:37:00,2022-08-03 11:37:00,long,5348.5,5353.0,5340.0,5353.0,4.5,45.0,limit_touch,take_profit
2022-08-04,2022-08-04 12:34:00,2022-08-04 12:41:00,2022-08-04 12:43:00,short,5277.0,5272.5,5285.0,5272.5,4.5,45.0,limit_touch,take_profit
2022-08-04,2022-08-04 13:23:00,2022-08-04 13:45:00,2022-08-04 14:07:00,short,5256.0,5251.5,5264.0,5251.5,4.5,45.0,limit_touch,take_profit
2022-08-04,2022-08-04 14:23:00,2022-08-04 14:45:00,2022-08-04 14:47:00,short,5253.5,5249.5,5261.5,5249.5,4.0,40.0,limit_touch,take_profit
2022-08-05,2022-08-05 11:48:00,2022-08-05 11:52:00,2022-08-05 11:52:00,short,5236.0,5230.5,5246.0,5230.5,5.5,55.0,limit_touch,take_profit
2022-08-09,2022-08-09 11:41:00,2022-08-09 11:44:00,2022-08-09 11:54:00,long,5174.5,5166.5,5166.5,5179.0,-8.0,-80.0,limit_touch,stop_loss
2022-08-11,2022-08-11 11:26:00,2022-08-11 11:28:00,2022-08-11 11:29:00,long,5134.5,5139.5,5125.0,5139.5,5.0,50.0,limit_touch,take_profit
2022-08-11,2022-08-11 12:22:00,2022-08-11 12:28:00,2022-08-11 13:19:00,long,5175.0,5165.0,5165.0,5180.5,-10.0,-100.0,limit_touch,stop_loss
2022-08-12,2022-08-12 11:33:00,2022-08-12 11:36:00,2022-08-12 11:36:00,short,5136.0,5131.5,5144.0,5131.5,4.5,45.0,limit_touch,take_profit
2022-08-12,2022-08-12 12:20:00,2022-08-12 13:27:00,2022-08-12 13:31:00,short,5122.0,5117.5,5130.0,5117.5,4.5,45.0,limit_touch,take_profit
2022-08-15,2022-08-15 11:51:00,2022-08-15 11:54:00,2022-08-15 12:00:00,short,5119.5,5115.0,5128.0,5115.0,4.5,45.0,limit_touch,take_profit
2022-08-15,2022-08-15 12:06:00,2022-08-15 12:08:00,2022-08-15 12:08:00,short,5118.5,5114.0,5127.0,5114.0,4.5,45.0,limit_touch,take_profit
2022-08-15,2022-08-15 13:08:00,2022-08-15 13:20:00,2022-08-15 13:35:00,short,5109.0,5104.5,5117.0,5104.5,4.5,45.0,limit_touch,take_profit
2022-08-16,2022-08-16 11:21:00,2022-08-16 11:21:00,2022-08-16 11:21:00,long,5166.5,5171.0,5158.5,5171.0,4.5,45.0,limit_touch,take_profit
2022-08-16,2022-08-16 11:22:00,2022-08-16 11:23:00,2022-08-16 11:25:00,long,5167.0,5171.5,5159.0,5171.5,4.5,45.0,limit_touch,take_profit
2022-08-16,2022-08-16 11:54:00,2022-08-16 11:55:00,2022-08-16 11:57:00,long,5169.5,5174.0,5161.5,5174.0,4.5,45.0,limit_touch,take_profit
2022-08-16,2022-08-16 11:58:00,2022-08-16 12:01:00,2022-08-16 13:14:00,long,5170.0,5162.0,5162.0,5174.5,-8.0,-80.0,limit_touch,stop_loss
2022-08-16,2022-08-16 14:01:00,2022-08-16 14:02:00,2022-08-16 14:17:00,long,5171.0,5175.0,5164.0,5175.0,4.0,40.0,limit_touch,take_profit
2022-08-16,2022-08-16 14:23:00,2022-08-16 14:29:00,2022-08-16 14:30:00,long,5172.0,5176.0,5165.0,5176.0,4.0,40.0,limit_touch,take_profit
2022-08-17,2022-08-17 11:36:00,2022-08-17 11:38:00,2022-08-17 11:43:00,short,5193.0,5188.5,5201.0,5188.5,4.5,45.0,limit_touch,take_profit
2022-08-17,2022-08-17 11:46:00,2022-08-17 11:53:00,2022-08-17 12:01:00,short,5190.5,5186.5,5198.5,5186.5,4.0,40.0,limit_touch,take_profit
2022-08-17,2022-08-17 12:32:00,2022-08-17 12:33:00,2022-08-17 12:59:00,short,5186.5,5194.5,5194.5,5182.0,-8.0,-80.0,limit_touch,stop_loss
2022-08-18,2022-08-18 14:05:00,2022-08-18 14:20:00,2022-08-18 15:15:00,long,5215.0,5207.5,5207.5,5219.0,-7.5,-75.0,limit_touch,stop_loss
2022-08-19,2022-08-19 11:46:00,2022-08-19 11:46:00,2022-08-19 11:48:00,long,5227.5,5232.0,5219.0,5232.0,4.5,45.0,limit_touch,take_profit
2022-08-19,2022-08-19 11:52:00,2022-08-19 11:55:00,2022-08-19 12:01:00,long,5230.0,5221.5,5221.5,5234.5,-8.5,-85.0,limit_touch,stop_loss
2022-08-22,2022-08-22 11:27:00,2022-08-22 11:28:00,2022-08-22 11:29:00,long,5212.5,5217.0,5204.0,5217.0,4.5,45.0,limit_touch,take_profit
2022-08-22,2022-08-22 11:31:00,2022-08-22 11:31:00,2022-08-22 11:41:00,long,5213.5,5205.5,5205.5,5218.0,-8.0,-80.0,limit_touch,stop_loss
2022-08-22,2022-08-22 13:26:00,2022-08-22 13:27:00,2022-08-22 13:34:00,short,5179.0,5174.5,5187.0,5174.5,4.5,45.0,limit_touch,take_profit
2022-08-22,2022-08-22 13:40:00,2022-08-22 13:45:00,2022-08-22 13:50:00,short,5175.0,5170.5,5183.0,5170.5,4.5,45.0,limit_touch,take_profit
2022-08-22,2022-08-22 13:54:00,2022-08-22 14:10:00,2022-08-22 14:33:00,short,5173.0,5181.0,5181.0,5168.5,-8.0,-80.0,limit_touch,stop_loss
2022-08-23,2022-08-23 12:18:00,2022-08-23 12:31:00,2022-08-23 12:35:00,short,5095.0,5090.5,5103.5,5090.5,4.5,45.0,limit_touch,take_profit
2022-08-29,2022-08-29 11:33:00,2022-08-29 11:33:00,2022-08-29 11:57:00,short,5051.0,5046.0,5060.0,5046.0,5.0,50.0,limit_touch,take_profit
2022-08-29,2022-08-29 12:17:00,2022-08-29 12:21:00,2022-08-29 12:23:00,short,5042.0,5037.0,5051.0,5037.0,5.0,50.0,limit_touch,take_profit
2022-08-29,2022-08-29 13:05:00,2022-08-29 14:16:00,2022-08-29 14:31:00,short,5031.0,5026.5,5040.0,5026.5,4.5,45.0,limit_touch,take_profit
2022-08-30,2022-08-30 11:17:00,2022-08-30 11:22:00,2022-08-30 11:22:00,long,5066.5,5070.5,5059.0,5070.5,4.0,40.0,limit_touch,take_profit
2022-08-30,2022-08-30 11:47:00,2022-08-30 11:51:00,2022-08-30 11:51:00,long,5070.5,5074.5,5062.5,5074.5,4.0,40.0,limit_touch,take_profit
2022-09-01,2022-09-01 11:47:00,2022-09-01 11:48:00,2022-09-01 11:49:00,long,5254.5,5260.5,5243.0,5260.5,6.0,60.0,limit_touch,take_profit
2022-09-01,2022-09-01 12:59:00,2022-09-01 13:00:00,2022-09-01 13:43:00,long,5261.0,5267.0,5249.5,5267.0,6.0,60.0,limit_touch,take_profit
2022-09-02,2022-09-02 13:07:00,2022-09-02 13:22:00,2022-09-02 13:32:00,short,5212.0,5222.5,5222.5,5206.5,-10.5,-105.0,limit_touch,stop_loss
2022-09-05,2022-09-05 12:57:00,2022-09-05 12:58:00,2022-09-05 14:01:00,short,5197.0,5192.5,5206.0,5192.5,4.5,45.0,limit_touch,take_profit
2022-09-05,2022-09-05 14:08:00,2022-09-05 14:16:00,2022-09-05 14:19:00,short,5191.5,5187.0,5199.5,5187.0,4.5,45.0,limit_touch,take_profit
2022-09-06,2022-09-06 14:11:00,2022-09-06 14:34:00,2022-09-06 14:42:00,long,5272.0,5276.0,5264.5,5276.0,4.0,40.0,limit_touch,take_profit
2022-09-08,2022-09-08 14:33:00,2022-09-08 14:36:00,2022-09-08 14:39:00,long,5262.0,5267.0,5253.0,5267.0,5.0,50.0,limit_touch,take_profit
2022-09-09,2022-09-09 11:43:00,2022-09-09 11:56:00,2022-09-09 11:58:00,short,5180.0,5175.0,5189.5,5175.0,5.0,50.0,limit_touch,take_profit
2022-09-12,2022-09-12 12:56:00,2022-09-12 12:56:00,2022-09-12 13:34:00,short,5137.5,5145.0,5145.0,5133.5,-7.5,-75.0,limit_touch,stop_loss
2022-09-12,2022-09-12 14:41:00,2022-09-12 14:43:00,2022-09-12 14:49:00,short,5130.5,5127.0,5137.5,5127.0,3.5,35.0,limit_touch,take_profit
2022-09-15,2022-09-15 11:35:00,2022-09-15 11:39:00,2022-09-15 11:42:00,long,5239.0,5243.5,5231.0,5243.5,4.5,45.0,limit_touch,take_profit
2022-09-15,2022-09-15 12:14:00,2022-09-15 12:19:00,2022-09-15 12:19:00,long,5249.5,5254.0,5241.5,5254.0,4.5,45.0,limit_touch,take_profit
2022-09-15,2022-09-15 13:27:00,2022-09-15 13:38:00,2022-09-15 14:06:00,long,5255.0,5247.5,5247.5,5259.0,-7.5,-75.0,limit_touch,stop_loss
2022-09-19,2022-09-19 12:12:00,2022-09-19 12:21:00,2022-09-19 12:23:00,short,5235.0,5230.5,5243.5,5230.5,4.5,45.0,limit_touch,take_profit
2022-09-19,2022-09-19 14:05:00,2022-09-19 14:33:00,2022-09-19 15:14:00,short,5180.5,5189.5,5189.5,5175.5,-9.0,-90.0,limit_touch,stop_loss
2022-09-20,2022-09-20 11:52:00,2022-09-20 11:56:00,2022-09-20 12:06:00,short,5183.0,5177.5,5193.0,5177.5,5.5,55.0,limit_touch,take_profit
2022-09-20,2022-09-20 12:20:00,2022-09-20 12:30:00,2022-09-20 12:35:00,short,5172.0,5166.5,5182.0,5166.5,5.5,55.0,limit_touch,take_profit
2022-09-20,2022-09-20 13:04:00,2022-09-20 13:11:00,2022-09-20 13:28:00,short,5166.0,5175.5,5175.5,5161.0,-9.5,-95.0,limit_touch,stop_loss
2022-09-21,2022-09-21 11:23:00,2022-09-21 11:24:00,2022-09-21 11:27:00,long,5178.5,5183.5,5169.0,5183.5,5.0,50.0,limit_touch,take_profit
2022-09-21,2022-09-21 11:29:00,2022-09-21 11:29:00,2022-09-21 11:30:00,long,5180.0,5185.0,5170.5,5185.0,5.0,50.0,limit_touch,take_profit
2022-09-21,2022-09-21 11:34:00,2022-09-21 11:35:00,2022-09-21 11:38:00,long,5181.5,5186.5,5172.5,5186.5,5.0,50.0,limit_touch,take_profit
2022-09-21,2022-09-21 12:08:00,2022-09-21 12:33:00,2022-09-21 12:42:00,long,5188.0,5193.0,5179.0,5193.0,5.0,50.0,limit_touch,take_profit
2022-09-22,2022-09-22 11:47:00,2022-09-22 11:54:00,2022-09-22 11:57:00,long,5186.0,5191.5,5176.0,5191.5,5.5,55.0,limit_touch,take_profit
2022-09-22,2022-09-22 12:02:00,2022-09-22 12:07:00,2022-09-22 12:13:00,long,5186.0,5191.5,5176.0,5191.5,5.5,55.0,limit_touch,take_profit
2022-09-22,2022-09-22 12:25:00,2022-09-22 12:32:00,2022-09-22 12:44:00,long,5187.0,5192.5,5177.0,5192.5,5.5,55.0,limit_touch,take_profit
2022-09-23,2022-09-23 11:26:00,2022-09-23 11:27:00,2022-09-23 11:34:00,long,5236.5,5241.5,5227.0,5241.5,5.0,50.0,limit_touch,take_profit
2022-09-23,2022-09-23 12:01:00,2022-09-23 12:24:00,2022-09-23 12:37:00,long,5240.0,5245.0,5231.0,5245.0,5.0,50.0,limit_touch,take_profit
2022-09-23,2022-09-23 13:31:00,2022-09-23 13:46:00,2022-09-23 13:52:00,long,5249.5,5241.5,5241.5,5254.0,-8.0,-80.0,limit_touch,stop_loss
2022-09-26,2022-09-26 13:39:00,2022-09-26 13:57:00,2022-09-26 14:02:00,long,5405.0,5410.0,5395.5,5410.0,5.0,50.0,limit_touch,take_profit
2022-09-27,2022-09-27 14:42:00,2022-09-27 14:45:00,2022-09-27 14:58:00,long,5379.5,5369.0,5369.0,5385.0,-10.5,-105.0,limit_touch,stop_loss
2022-09-28,2022-09-28 14:34:00,2022-09-28 14:47:00,2022-09-28 14:55:00,short,5339.5,5334.0,5350.0,5334.0,5.5,55.0,limit_touch,take_profit
2022-09-29,2022-09-29 11:17:00,2022-09-29 11:17:00,2022-09-29 11:46:00,long,5424.0,5413.5,5413.5,5430.0,-10.5,-105.0,limit_touch,stop_loss
2022-09-30,2022-09-30 13:22:00,2022-09-30 13:23:00,2022-09-30 13:58:00,long,5458.5,5448.0,5448.0,5464.0,-10.5,-105.0,limit_touch,stop_loss
2022-09-30,2022-09-30 14:36:00,2022-09-30 14:36:00,2022-09-30 14:36:00,short,5381.0,5375.0,5392.5,5375.0,6.0,60.0,limit_touch,take_profit
2022-10-03,2022-10-03 12:12:00,2022-10-03 12:34:00,2022-10-03 12:43:00,short,5217.5,5210.0,5231.5,5210.0,7.5,75.0,limit_touch,take_profit
2022-10-04,2022-10-04 14:23:00,2022-10-04 14:24:00,2022-10-04 14:48:00,long,5238.5,5227.0,5227.0,5245.0,-11.5,-115.0,limit_touch,stop_loss
2022-10-05,2022-10-05 11:26:00,2022-10-05 11:27:00,2022-10-05 11:27:00,long,5265.5,5272.0,5253.5,5272.0,6.5,65.0,limit_touch,take_profit
2022-10-07,2022-10-07 11:24:00,2022-10-07 11:24:00,2022-10-07 11:34:00,short,5226.5,5236.5,5236.5,5221.0,-10.0,-100.0,limit_touch,stop_loss
2022-10-10,2022-10-10 11:48:00,2022-10-10 11:48:00,2022-10-10 11:53:00,long,5225.5,5230.5,5216.5,5230.5,5.0,50.0,limit_touch,take_profit
2022-10-10,2022-10-10 11:56:00,2022-10-10 11:59:00,2022-10-10 12:01:00,long,5230.5,5235.5,5221.0,5235.5,5.0,50.0,limit_touch,take_profit
2022-10-10,2022-10-10 12:05:00,2022-10-10 12:11:00,2022-10-10 12:37:00,long,5234.0,5224.5,5224.5,5239.0,-9.5,-95.0,limit_touch,stop_loss
2022-10-14,2022-10-14 13:17:00,2022-10-14 13:30:00,2022-10-14 13:34:00,long,5324.5,5331.0,5313.0,5331.0,6.5,65.0,limit_touch,take_profit
2022-10-14,2022-10-14 14:23:00,2022-10-14 14:31:00,2022-10-14 14:36:00,long,5329.5,5335.5,5318.5,5335.5,6.0,60.0,limit_touch,take_profit
2022-10-18,2022-10-18 11:28:00,2022-10-18 11:28:00,2022-10-18 11:28:00,long,5297.0,5301.5,5288.5,5301.5,4.5,45.0,limit_touch,take_profit
2022-10-18,2022-10-18 12:25:00,2022-10-18 12:26:00,2022-10-18 12:26:00,long,5304.0,5309.0,5295.0,5309.0,5.0,50.0,limit_touch,take_profit
2022-10-19,2022-10-19 11:26:00,2022-10-19 11:26:00,2022-10-19 11:47:00,short,5273.0,5282.5,5282.5,5268.0,-9.5,-95.0,limit_touch,stop_loss
2022-10-20,2022-10-20 11:24:00,2022-10-20 11:26:00,2022-10-20 11:30:00,short,5227.5,5222.5,5237.0,5222.5,5.0,50.0,limit_touch,take_profit
2022-10-20,2022-10-20 11:56:00,2022-10-20 11:58:00,2022-10-20 11:58:00,short,5213.0,5207.5,5223.0,5207.5,5.5,55.0,limit_touch,take_profit
2022-10-21,2022-10-21 13:02:00,2022-10-21 13:06:00,2022-10-21 13:32:00,short,5186.0,5180.0,5197.0,5180.0,6.0,60.0,limit_touch,take_profit
2022-10-24,2022-10-24 11:24:00,2022-10-24 11:29:00,2022-10-24 11:32:00,long,5295.0,5301.0,5283.5,5301.0,6.0,60.0,limit_touch,take_profit
2022-10-25,2022-10-25 12:35:00,2022-10-25 12:41:00,2022-10-25 12:54:00,short,5296.5,5291.0,5306.5,5291.0,5.5,55.0,limit_touch,take_profit
2022-10-25,2022-10-25 13:22:00,2022-10-25 13:25:00,2022-10-25 13:42:00,short,5292.5,5302.5,5302.5,5287.0,-10.0,-100.0,limit_touch,stop_loss
2022-10-26,2022-10-26 11:36:00,2022-10-26 11:43:00,2022-10-26 11:43:00,long,5334.0,5339.5,5324.0,5339.5,5.5,55.0,limit_touch,take_profit
2022-10-26,2022-10-26 14:27:00,2022-10-26 14:47:00,2022-10-26 15:02:00,long,5349.0,5354.0,5339.5,5354.0,5.0,50.0,limit_touch,take_profit
2022-10-27,2022-10-27 11:31:00,2022-10-27 11:35:00,2022-10-27 11:38:00,short,5297.5,5292.5,5307.0,5292.5,5.0,50.0,limit_touch,take_profit
2022-10-28,2022-10-28 14:12:00,2022-10-28 14:12:00,2022-10-28 15:27:00,short,5325.5,5337.5,5337.5,5319.0,-12.0,-120.0,limit_touch,stop_loss
2022-10-31,2022-10-31 11:28:00,2022-10-31 11:33:00,2022-10-31 11:35:00,short,5267.0,5283.5,5283.5,5258.0,-16.5,-165.0,limit_touch,stop_loss
2022-11-01,2022-11-01 11:35:00,2022-11-01 11:36:00,2022-11-01 11:36:00,short,5173.5,5165.5,5189.0,5165.5,8.0,80.0,limit_touch,take_profit
2022-11-01,2022-11-01 11:43:00,2022-11-01 11:43:00,2022-11-01 11:43:00,short,5167.5,5159.0,5183.0,5159.0,8.5,85.0,limit_touch,take_profit
2022-11-01,2022-11-01 12:37:00,2022-11-01 12:39:00,2022-11-01 12:52:00,short,5154.0,5146.0,5169.0,5146.0,8.0,80.0,limit_touch,take_profit
2022-11-01,2022-11-01 13:07:00,2022-11-01 13:11:00,2022-11-01 13:18:00,short,5135.5,5150.5,5150.5,5127.5,-15.0,-150.0,limit_touch,stop_loss
2022-11-03,2022-11-03 11:39:00,2022-11-03 11:44:00,2022-11-03 11:45:00,short,5165.5,5156.0,5183.5,5156.0,9.5,95.0,limit_touch,take_profit
2022-11-03,2022-11-03 12:12:00,2022-11-03 12:28:00,2022-11-03 12:34:00,short,5158.0,5148.5,5175.5,5148.5,9.5,95.0,limit_touch,take_profit
2022-11-03,2022-11-03 12:49:00,2022-11-03 13:01:00,2022-11-03 14:59:00,short,5134.5,5151.5,5151.5,5125.5,-17.0,-170.0,limit_touch,stop_loss
2022-11-04,2022-11-04 12:02:00,2022-11-04 12:05:00,2022-11-04 12:07:00,short,5061.5,5054.5,5074.5,5054.5,7.0,70.0,limit_touch,take_profit
2022-11-07,2022-11-07 11:58:00,2022-11-07 11:58:00,2022-11-07 11:59:00,long,5127.0,5134.0,5114.5,5134.0,7.0,70.0,limit_touch,take_profit
2022-11-07,2022-11-07 12:00:00,2022-11-07 12:01:00,2022-11-07 12:01:00,long,5127.0,5133.5,5115.0,5133.5,6.5,65.0,limit_touch,take_profit
2022-11-07,2022-11-07 12:28:00,2022-11-07 12:31:00,2022-11-07 12:35:00,long,5133.0,5140.0,5120.0,5140.0,7.0,70.0,limit_touch,take_profit
2022-11-07,2022-11-07 12:42:00,2022-11-07 12:49:00,2022-11-07 13:08:00,long,5139.5,5146.5,5126.5,5146.5,7.0,70.0,limit_touch,take_profit
2022-11-07,2022-11-07 13:12:00,2022-11-07 13:15:00,2022-11-07 13:35:00,long,5142.0,5149.0,5129.0,5149.0,7.0,70.0,limit_touch,take_profit
2022-11-08,2022-11-08 11:35:00,2022-11-08 11:38:00,2022-11-08 11:47:00,short,5192.5,5186.0,5204.5,5186.0,6.5,65.0,limit_touch,take_profit
2022-11-08,2022-11-08 12:20:00,2022-11-08 12:39:00,2022-11-08 12:44:00,short,5179.0,5172.5,5191.0,5172.5,6.5,65.0,limit_touch,take_profit
2022-11-08,2022-11-08 13:06:00,2022-11-08 13:18:00,2022-11-08 13:20:00,short,5175.0,5168.5,5186.5,5168.5,6.5,65.0,limit_touch,take_profit
2022-11-08,2022-11-08 13:51:00,2022-11-08 14:02:00,2022-11-08 14:08:00,short,5168.5,5180.0,5180.0,5162.5,-11.5,-115.0,limit_touch,stop_loss
2022-11-09,2022-11-09 11:19:00,2022-11-09 11:19:00,2022-11-09 11:24:00,short,5177.0,5188.5,5188.5,5171.0,-11.5,-115.0,limit_touch,stop_loss
2022-11-09,2022-11-09 12:12:00,2022-11-09 12:12:00,2022-11-09 12:17:00,short,5165.0,5177.5,5177.5,5158.5,-12.5,-125.0,limit_touch,stop_loss
2022-11-09,2022-11-09 13:45:00,2022-11-09 13:50:00,2022-11-09 14:11:00,short,5164.5,5176.0,5176.0,5158.5,-11.5,-115.0,limit_touch,stop_loss
2022-11-10,2022-11-10 11:43:00,2022-11-10 11:49:00,2022-11-10 11:52:00,long,5364.5,5347.5,5347.5,5374.0,-17.0,-170.0,limit_touch,stop_loss
2022-11-11,2022-11-11 12:30:00,2022-11-11 12:37:00,2022-11-11 13:04:00,short,5291.0,5308.5,5308.5,5281.5,-17.5,-175.0,limit_touch,stop_loss
2022-11-16,2022-11-16 11:21:00,2022-11-16 11:23:00,2022-11-16 11:42:00,short,5317.0,5331.0,5331.0,5309.5,-14.0,-140.0,limit_touch,stop_loss
2022-11-17,2022-11-17 11:51:00,2022-11-17 11:52:00,2022-11-17 12:13:00,short,5465.0,5480.0,5480.0,5457.0,-15.0,-150.0,limit_touch,stop_loss
2022-11-22,2022-11-22 11:24:00,2022-11-22 11:24:00,2022-11-22 11:28:00,long,5347.0,5353.0,5335.5,5353.0,6.0,60.0,limit_touch,take_profit
2022-11-22,2022-11-22 11:39:00,2022-11-22 11:39:00,2022-11-22 11:39:00,long,5360.0,5366.5,5348.5,5366.5,6.5,65.0,limit_touch,take_profit
2022-11-22,2022-11-22 11:44:00,2022-11-22 11:46:00,2022-11-22 11:53:00,long,5365.0,5353.0,5353.0,5371.5,-12.0,-120.0,limit_touch,stop_loss
2022-11-25,2022-11-25 12:21:00,2022-11-25 12:29:00,2022-11-25 13:05:00,long,5368.0,5359.0,5359.0,5372.5,-9.0,-90.0,limit_touch,stop_loss
2022-11-25,2022-11-25 13:46:00,2022-11-25 13:52:00,2022-11-25 13:55:00,long,5382.0,5386.5,5373.5,5386.5,4.5,45.0,limit_touch,take_profit
2022-11-25,2022-11-25 14:07:00,2022-11-25 14:10:00,2022-11-25 14:12:00,long,5393.5,5398.5,5384.5,5398.5,5.0,50.0,limit_touch,take_profit
2022-11-25,2022-11-25 14:20:00,2022-11-25 14:21:00,2022-11-25 14:21:00,long,5405.0,5410.0,5396.0,5410.0,5.0,50.0,limit_touch,take_profit
2022-11-29,2022-11-29 13:28:00,2022-11-29 13:28:00,2022-11-29 13:28:00,short,5292.0,5287.0,5301.0,5287.0,5.0,50.0,limit_touch,take_profit
2022-11-29,2022-11-29 13:29:00,2022-11-29 13:29:00,2022-11-29 13:29:00,short,5291.0,5286.0,5300.0,5286.0,5.0,50.0,limit_touch,take_profit
2022-11-29,2022-11-29 13:33:00,2022-11-29 13:33:00,2022-11-29 13:37:00,short,5289.0,5284.0,5298.0,5284.0,5.0,50.0,limit_touch,take_profit
2022-11-29,2022-11-29 13:38:00,2022-11-29 13:38:00,2022-11-29 13:38:00,short,5288.0,5283.0,5297.0,5283.0,5.0,50.0,limit_touch,take_profit
2022-12-01,2022-12-01 11:32:00,2022-12-01 11:32:00,2022-12-01 11:36:00,short,5209.0,5219.0,5219.0,5203.5,-10.0,-100.0,limit_touch,stop_loss
2022-12-01,2022-12-01 11:48:00,2022-12-01 11:48:00,2022-12-01 11:48:00,short,5203.5,5198.0,5213.5,5198.0,5.5,55.0,limit_touch,take_profit
2022-12-01,2022-12-01 11:51:00,2022-12-01 11:52:00,2022-12-01 12:11:00,short,5201.5,5211.5,5211.5,5196.0,-10.0,-100.0,limit_touch,stop_loss
2022-12-02,2022-12-02 12:57:00,2022-12-02 13:06:00,2022-12-02 13:35:00,long,5260.0,5249.0,5249.0,5266.0,-11.0,-110.0,limit_touch,stop_loss
2022-12-05,2022-12-05 12:01:00,2022-12-05 12:04:00,2022-12-05 12:15:00,long,5279.0,5283.5,5270.5,5283.5,4.5,45.0,limit_touch,take_profit
2022-12-05,2022-12-05 12:34:00,2022-12-05 12:41:00,2022-12-05 12:45:00,long,5283.0,5287.5,5274.5,5287.5,4.5,45.0,limit_touch,take_profit
2022-12-05,2022-12-05 14:02:00,2022-12-05 14:09:00,2022-12-05 14:12:00,long,5286.0,5290.0,5278.0,5290.0,4.0,40.0,limit_touch,take_profit
2022-12-07,2022-12-07 11:16:00,2022-12-07 11:17:00,2022-12-07 11:23:00,short,5246.0,5241.5,5254.0,5241.5,4.5,45.0,limit_touch,take_profit
2022-12-07,2022-12-07 11:58:00,2022-12-07 12:03:00,2022-12-07 12:10:00,short,5244.5,5252.5,5252.5,5240.0,-8.0,-80.0,limit_touch,stop_loss
2022-12-08,2022-12-08 11:32:00,2022-12-08 11:33:00,2022-12-08 11:51:00,short,5230.5,5226.0,5238.5,5226.0,4.5,45.0,limit_touch,take_profit
2022-12-08,2022-12-08 12:05:00,2022-12-08 12:10:00,2022-12-08 12:13:00,short,5228.5,5224.0,5236.5,5224.0,4.5,45.0,limit_touch,take_profit
2022-12-08,2022-12-08 12:17:00,2022-12-08 12:22:00,2022-12-08 12:22:00,short,5227.0,5223.0,5235.0,5223.0,4.0,40.0,limit_touch,take_profit
2022-12-08,2022-12-08 14:15:00,2022-12-08 14:18:00,2022-12-08 14:23:00,short,5224.5,5232.0,5232.0,5220.5,-7.5,-75.0,limit_touch,stop_loss
2022-12-09,2022-12-09 12:01:00,2022-12-09 12:02:00,2022-12-09 12:19:00,short,5253.0,5245.0,5259.5,5245.0,8.0,80.0,better_open,take_profit
2022-12-09,2022-12-09 12:44:00,2022-12-09 12:58:00,2022-12-09 13:52:00,short,5249.5,5258.5,5258.5,5244.5,-9.0,-90.0,limit_touch,stop_loss
2022-12-12,2022-12-12 11:55:00,2022-12-12 11:57:00,2022-12-12 11:57:00,long,5348.0,5352.5,5339.5,5352.5,4.5,45.0,limit_touch,take_profit
2022-12-12,2022-12-12 12:41:00,2022-12-12 13:50:00,2022-12-12 13:52:00,long,5356.0,5347.5,5347.5,5360.5,-8.5,-85.0,limit_touch,stop_loss
2022-12-14,2022-12-14 12:53:00,2022-12-14 12:55:00,2022-12-14 13:05:00,short,5339.0,5350.0,5350.0,5333.0,-11.0,-110.0,limit_touch,stop_loss
2022-12-14,2022-12-14 13:52:00,2022-12-14 13:57:00,2022-12-14 14:00:00,short,5321.5,5315.5,5332.5,5315.5,6.0,60.0,limit_touch,take_profit
2022-12-15,2022-12-15 11:16:00,2022-12-15 11:17:00,2022-12-15 11:26:00,long,5348.5,5355.0,5336.5,5355.0,6.5,65.0,limit_touch,take_profit
2022-12-15,2022-12-15 12:34:00,2022-12-15 12:34:00,2022-12-15 13:52:00,long,5356.5,5344.5,5344.5,5363.0,-12.0,-120.0,limit_touch,stop_loss
2022-12-15,2022-12-15 14:33:00,2022-12-15 14:34:00,2022-12-15 14:37:00,short,5308.0,5319.5,5319.5,5302.0,-11.5,-115.0,limit_touch,stop_loss
2022-12-16,2022-12-16 13:20:00,2022-12-16 13:39:00,2022-12-16 14:32:00,short,5287.5,5296.0,5296.0,5283.0,-8.5,-85.0,limit_touch,stop_loss
2022-12-19,2022-12-19 12:22:00,2022-12-19 12:23:00,2022-12-19 12:25:00,short,5316.0,5311.5,5324.0,5311.5,4.5,45.0,limit_touch,take_profit
2022-12-20,2022-12-20 11:15:00,2022-12-20 11:19:00,2022-12-20 11:20:00,short,5270.0,5265.5,5278.0,5265.5,4.5,45.0,limit_touch,take_profit
2022-12-20,2022-12-20 11:36:00,2022-12-20 11:38:00,2022-12-20 11:58:00,short,5227.0,5222.0,5236.5,5222.0,5.0,50.0,limit_touch,take_profit
2022-12-20,2022-12-20 13:14:00,2022-12-20 13:43:00,2022-12-20 14:04:00,short,5206.0,5215.5,5215.5,5201.0,-9.5,-95.0,limit_touch,stop_loss
2022-12-22,2022-12-22 11:24:00,2022-12-22 11:24:00,2022-12-22 11:24:00,short,5188.0,5183.0,5197.0,5183.0,5.0,50.0,limit_touch,take_profit
2022-12-22,2022-12-22 11:30:00,2022-12-22 11:31:00,2022-12-22 11:31:00,short,5185.5,5181.0,5194.0,5181.0,4.5,45.0,limit_touch,take_profit
2022-12-22,2022-12-22 11:43:00,2022-12-22 11:43:00,2022-12-22 11:57:00,short,5174.5,5183.5,5183.5,5169.5,-9.0,-90.0,limit_touch,stop_loss
2022-12-23,2022-12-23 12:07:00,2022-12-23 12:07:00,2022-12-23 12:10:00,short,5141.0,5136.5,5149.5,5136.5,4.5,45.0,limit_touch,take_profit
2022-12-23,2022-12-23 12:25:00,2022-12-23 12:26:00,2022-12-23 12:31:00,short,5129.5,5125.0,5138.0,5125.0,4.5,45.0,limit_touch,take_profit
2022-12-26,2022-12-26 11:46:00,2022-12-26 11:48:00,2022-12-26 12:22:00,long,5192.0,5196.0,5185.0,5196.0,4.0,40.0,limit_touch,take_profit
2022-12-26,2022-12-26 12:45:00,2022-12-26 13:10:00,2022-12-26 13:13:00,long,5194.5,5198.0,5188.0,5198.0,3.5,35.0,limit_touch,take_profit
2022-12-28,2022-12-28 11:38:00,2022-12-28 11:38:00,2022-12-28 11:41:00,short,5257.0,5253.0,5265.0,5253.0,4.0,40.0,limit_touch,take_profit
2022-12-28,2022-12-28 11:43:00,2022-12-28 11:44:00,2022-12-28 11:53:00,short,5256.0,5264.0,5264.0,5252.0,-8.0,-80.0,limit_touch,stop_loss
2022-12-29,2022-12-29 14:39:00,2022-12-29 14:41:00,2022-12-29 14:57:00,long,5322.0,5327.0,5313.0,5327.0,5.0,50.0,limit_touch,take_profit
2023-01-03,2023-01-03 12:33:00,2023-01-03 12:35:00,2023-01-03 12:43:00,long,5435.0,5426.0,5426.0,5440.0,-9.0,-90.0,limit_touch,stop_loss
2023-01-03,2023-01-03 13:46:00,2023-01-03 13:49:00,2023-01-03 13:50:00,long,5441.5,5446.5,5432.5,5446.5,5.0,50.0,limit_touch,take_profit
2023-01-03,2023-01-03 14:02:00,2023-01-03 14:13:00,2023-01-03 14:18:00,long,5450.5,5455.5,5441.5,5455.5,5.0,50.0,limit_touch,take_profit
2023-01-04,2023-01-04 12:11:00,2023-01-04 12:14:00,2023-01-04 12:17:00,long,5501.5,5492.0,5492.0,5506.5,-9.5,-95.0,limit_touch,stop_loss
2023-01-04,2023-01-04 13:14:00,2023-01-04 13:14:00,2023-01-04 13:19:00,short,5463.0,5473.0,5473.0,5457.5,-10.0,-100.0,limit_touch,stop_loss
2023-01-09,2023-01-09 11:59:00,2023-01-09 12:01:00,2023-01-09 12:01:00,long,5325.5,5330.5,5316.0,5330.5,5.0,50.0,limit_touch,take_profit
2023-01-10,2023-01-10 11:21:00,2023-01-10 11:37:00,2023-01-10 11:42:00,short,5250.5,5246.0,5259.0,5246.0,4.5,45.0,limit_touch,take_profit
2023-01-10,2023-01-10 11:43:00,2023-01-10 11:44:00,2023-01-10 11:44:00,short,5250.0,5245.5,5258.5,5245.5,4.5,45.0,limit_touch,take_profit
2023-01-10,2023-01-10 13:28:00,2023-01-10 13:34:00,2023-01-10 13:37:00,short,5244.5,5240.0,5252.5,5240.0,4.5,45.0,limit_touch,take_profit
2023-01-12,2023-01-12 14:19:00,2023-01-12 14:40:00,2023-01-12 14:52:00,short,5117.0,5111.5,5127.0,5111.5,5.5,55.0,limit_touch,take_profit
2023-01-13,2023-01-13 11:51:00,2023-01-13 11:53:00,2023-01-13 12:05:00,short,5116.0,5110.5,5126.5,5110.5,5.5,55.0,limit_touch,take_profit
2023-01-13,2023-01-13 13:25:00,2023-01-13 13:27:00,2023-01-13 13:35:00,short,5112.0,5122.0,5122.0,5106.5,-10.0,-100.0,limit_touch,stop_loss
2023-01-13,2023-01-13 14:24:00,2023-01-13 14:49:00,2023-01-13 15:34:00,short,5106.5,5116.0,5116.0,5101.5,-9.5,-95.0,limit_touch,stop_loss
2023-01-17,2023-01-17 12:23:00,2023-01-17 12:31:00,2023-01-17 12:31:00,short,5129.0,5125.0,5137.0,5125.0,4.0,40.0,limit_touch,take_profit
2023-01-17,2023-01-17 12:39:00,2023-01-17 12:43:00,2023-01-17 13:01:00,short,5127.5,5123.5,5135.5,5123.5,4.0,40.0,limit_touch,take_profit
2023-01-17,2023-01-17 13:04:00,2023-01-17 13:07:00,2023-01-17 13:07:00,short,5124.5,5120.5,5132.0,5120.5,4.0,40.0,limit_touch,take_profit
2023-01-17,2023-01-17 13:59:00,2023-01-17 14:12:00,2023-01-17 15:01:00,short,5119.5,5115.5,5127.0,5115.5,4.0,40.0,limit_touch,take_profit
2023-01-18,2023-01-18 13:16:00,2023-01-18 13:16:00,2023-01-18 13:19:00,long,5127.5,5132.0,5119.5,5132.0,4.5,45.0,limit_touch,take_profit
2023-01-18,2023-01-18 13:23:00,2023-01-18 13:25:00,2023-01-18 13:25:00,long,5138.0,5142.5,5129.5,5142.5,4.5,45.0,limit_touch,take_profit
2023-01-18,2023-01-18 13:39:00,2023-01-18 13:41:00,2023-01-18 13:41:00,long,5140.5,5145.0,5132.0,5145.0,4.5,45.0,limit_touch,take_profit
2023-01-18,2023-01-18 14:25:00,2023-01-18 14:28:00,2023-01-18 14:28:00,long,5171.5,5176.5,5162.5,5176.5,5.0,50.0,limit_touch,take_profit
2023-01-19,2023-01-19 11:32:00,2023-01-19 11:35:00,2023-01-19 11:44:00,short,5205.5,5215.0,5215.0,5200.5,-9.5,-95.0,limit_touch,stop_loss
2023-01-23,2023-01-23 12:32:00,2023-01-23 12:32:00,2023-01-23 12:32:00,short,5192.0,5187.5,5200.5,5187.5,4.5,45.0,limit_touch,take_profit
2023-01-23,2023-01-23 13:05:00,2023-01-23 13:07:00,2023-01-23 13:27:00,short,5181.5,5177.0,5190.0,5177.0,4.5,45.0,limit_touch,take_profit
2023-01-24,2023-01-24 11:36:00,2023-01-24 11:38:00,2023-01-24 11:43:00,short,5179.5,5175.5,5187.0,5175.5,4.0,40.0,limit_touch,take_profit
2023-01-24,2023-01-24 11:50:00,2023-01-24 11:54:00,2023-01-24 12:00:00,short,5172.5,5180.0,5180.0,5168.5,-7.5,-75.0,limit_touch,stop_loss
2023-01-24,2023-01-24 13:57:00,2023-01-24 14:22:00,2023-01-24 14:38:00,short,5159.5,5155.5,5167.0,5155.5,4.0,40.0,limit_touch,take_profit
2023-01-25,2023-01-25 11:49:00,2023-01-25 11:55:00,2023-01-25 12:00:00,short,5117.0,5113.5,5124.0,5113.5,3.5,35.0,limit_touch,take_profit
2023-01-25,2023-01-25 12:07:00,2023-01-25 12:08:00,2023-01-25 12:08:00,short,5105.0,5101.0,5112.0,5101.0,4.0,40.0,limit_touch,take_profit
2023-01-25,2023-01-25 12:24:00,2023-01-25 12:30:00,2023-01-25 12:31:00,short,5101.0,5097.0,5108.0,5097.0,4.0,40.0,limit_touch,take_profit
2023-01-25,2023-01-25 13:01:00,2023-01-25 13:15:00,2023-01-25 13:32:00,short,5087.5,5094.5,5094.5,5083.5,-7.0,-70.0,limit_touch,stop_loss
2023-01-26,2023-01-26 12:25:00,2023-01-26 12:26:00,2023-01-26 12:26:00,short,5072.5,5068.0,5081.0,5068.0,4.5,45.0,limit_touch,take_profit
2023-01-27,2023-01-27 13:03:00,2023-01-27 13:03:00,2023-01-27 13:03:00,long,5099.0,5103.0,5091.0,5103.0,4.0,40.0,limit_touch,take_profit
2023-01-27,2023-01-27 13:09:00,2023-01-27 13:12:00,2023-01-27 13:33:00,long,5100.5,5092.5,5092.5,5105.0,-8.0,-80.0,limit_touch,stop_loss
2023-01-30,2023-01-30 11:30:00,2023-01-30 11:30:00,2023-01-30 11:33:00,short,5094.0,5090.5,5100.5,5090.5,3.5,35.0,limit_touch,take_profit
2023-01-30,2023-01-30 11:36:00,2023-01-30 11:39:00,2023-01-30 11:49:00,short,5091.0,5098.0,5098.0,5087.0,-7.0,-70.0,limit_touch,stop_loss
2023-01-30,2023-01-30 14:31:00,2023-01-30 14:33:00,2023-01-30 14:41:00,long,5125.5,5119.0,5119.0,5129.0,-6.5,-65.0,limit_touch,stop_loss
2023-01-31,2023-01-31 11:16:00,2023-01-31 11:17:00,2023-01-31 11:17:00,short,5111.5,5107.0,5119.5,5107.0,4.5,45.0,limit_touch,take_profit
2023-02-01,2023-02-01 12:01:00,2023-02-01 12:02:00,2023-02-01 12:02:00,long,5104.0,5108.0,5098.0,5108.0,4.0,40.0,better_open,take_profit
2023-02-01,2023-02-01 12:04:00,2023-02-01 12:04:00,2023-02-01 12:04:00,long,5108.0,5111.5,5101.0,5111.5,3.5,35.0,limit_touch,take_profit
2023-02-01,2023-02-01 14:24:00,2023-02-01 14:24:00,2023-02-01 14:24:00,long,5110.5,5114.0,5104.0,5114.0,3.5,35.0,limit_touch,take_profit
2023-02-01,2023-02-01 14:39:00,2023-02-01 14:39:00,2023-02-01 15:05:00,long,5127.0,5120.0,5120.0,5130.5,-7.0,-70.0,limit_touch,stop_loss
2023-02-03,2023-02-03 12:20:00,2023-02-03 12:26:00,2023-02-03 12:32:00,long,5137.5,5143.5,5126.0,5143.5,6.0,60.0,limit_touch,take_profit
2023-02-03,2023-02-03 13:46:00,2023-02-03 14:23:00,2023-02-03 14:33:00,long,5146.0,5151.5,5135.5,5151.5,5.5,55.0,limit_touch,take_profit
2023-02-06,2023-02-06 11:27:00,2023-02-06 11:27:00,2023-02-06 11:27:00,long,5204.0,5208.5,5195.5,5208.5,4.5,45.0,limit_touch,take_profit
2023-02-06,2023-02-06 11:55:00,2023-02-06 11:56:00,2023-02-06 11:59:00,long,5205.5,5210.0,5197.0,5210.0,4.5,45.0,limit_touch,take_profit
2023-02-06,2023-02-06 12:02:00,2023-02-06 12:04:00,2023-02-06 12:05:00,long,5208.5,5213.0,5200.0,5213.0,4.5,45.0,limit_touch,take_profit
2023-02-06,2023-02-06 12:20:00,2023-02-06 12:20:00,2023-02-06 12:20:00,long,5220.5,5225.0,5212.0,5225.0,4.5,45.0,limit_touch,take_profit
2023-02-06,2023-02-06 14:35:00,2023-02-06 14:46:00,2023-02-06 15:17:00,long,5225.0,5217.5,5217.5,5229.0,-7.5,-75.0,limit_touch,stop_loss
2023-02-07,2023-02-07 11:17:00,2023-02-07 11:17:00,2023-02-07 11:17:00,long,5195.0,5199.5,5187.0,5199.5,4.5,45.0,limit_touch,take_profit
2023-02-07,2023-02-07 11:48:00,2023-02-07 11:48:00,2023-02-07 11:48:00,long,5207.5,5212.0,5199.0,5212.0,4.5,45.0,limit_touch,take_profit
2023-02-07,2023-02-07 12:23:00,2023-02-07 12:37:00,2023-02-07 12:59:00,long,5215.5,5207.0,5207.0,5220.0,-8.5,-85.0,limit_touch,stop_loss
2023-02-08,2023-02-08 11:25:00,2023-02-08 11:26:00,2023-02-08 11:32:00,long,5215.0,5219.5,5206.5,5219.5,4.5,45.0,better_open,take_profit
2023-02-08,2023-02-08 11:33:00,2023-02-08 11:34:00,2023-02-08 11:45:00,long,5216.0,5220.5,5208.0,5220.5,4.5,45.0,limit_touch,take_profit
2023-02-08,2023-02-08 11:47:00,2023-02-08 11:48:00,2023-02-08 11:50:00,long,5215.0,5221.0,5208.5,5221.0,6.0,60.0,better_open,take_profit
2023-02-08,2023-02-08 11:55:00,2023-02-08 11:58:00,2023-02-08 12:23:00,long,5221.5,5226.0,5213.0,5226.0,4.5,45.0,limit_touch,take_profit
2023-02-08,2023-02-08 12:46:00,2023-02-08 12:50:00,2023-02-08 12:50:00,long,5244.0,5248.5,5235.5,5248.5,4.5,45.0,limit_touch,take_profit
2023-02-08,2023-02-08 13:28:00,2023-02-08 13:33:00,2023-02-08 13:34:00,long,5251.5,5256.0,5243.0,5256.0,4.5,45.0,limit_touch,take_profit
2023-02-09,2023-02-09 11:20:00,2023-02-09 11:20:00,2023-02-09 11:20:00,long,5236.5,5241.5,5227.5,5241.5,5.0,50.0,limit_touch,take_profit
2023-02-09,2023-02-09 11:21:00,2023-02-09 11:22:00,2023-02-09 11:24:00,long,5236.0,5244.0,5230.0,5244.0,8.0,80.0,better_open,take_profit
2023-02-09,2023-02-09 11:28:00,2023-02-09 11:29:00,2023-02-09 11:29:00,long,5248.0,5253.0,5238.5,5253.0,5.0,50.0,limit_touch,take_profit
2023-02-09,2023-02-09 11:48:00,2023-02-09 11:52:00,2023-02-09 11:53:00,long,5279.5,5285.0,5269.5,5285.0,5.5,55.0,limit_touch,take_profit
2023-02-10,2023-02-10 11:16:00,2023-02-10 11:19:00,2023-02-10 11:30:00,short,5254.5,5263.5,5263.5,5249.5,-9.0,-90.0,limit_touch,stop_loss
2023-02-13,2023-02-13 11:35:00,2023-02-13 11:35:00,2023-02-13 11:35:00,short,5204.0,5199.5,5212.0,5199.5,4.5,45.0,limit_touch,take_profit
2023-02-13,2023-02-13 11:44:00,2023-02-13 11:45:00,2023-02-13 11:47:00,short,5200.0,5195.5,5208.0,5195.5,4.5,45.0,limit_touch,take_profit
2023-02-13,2023-02-13 12:06:00,2023-02-13 12:19:00,2023-02-13 13:20:00,short,5182.5,5191.0,5191.0,5178.0,-8.5,-85.0,limit_touch,stop_loss
2023-02-14,2023-02-14 11:33:00,2023-02-14 11:34:00,2023-02-14 11:34:00,long,5185.5,5190.5,5176.5,5190.5,5.0,50.0,limit_touch,take_profit
2023-02-14,2023-02-14 13:49:00,2023-02-14 13:56:00,2023-02-14 14:05:00,long,5187.0,5192.0,5177.5,5192.0,5.0,50.0,limit_touch,take_profit
2023-02-14,2023-02-14 14:12:00,2023-02-14 14:13:00,2023-02-14 14:38:00,long,5189.5,5194.5,5180.0,5194.5,5.0,50.0,limit_touch,take_profit
2023-02-17,2023-02-17 11:44:00,2023-02-17 11:46:00,2023-02-17 12:00:00,short,5214.5,5210.0,5222.5,5210.0,4.5,45.0,limit_touch,take_profit
2023-02-17,2023-02-17 12:13:00,2023-02-17 12:17:00,2023-02-17 12:19:00,short,5201.5,5197.0,5210.0,5197.0,4.5,45.0,limit_touch,take_profit
2023-02-17,2023-02-17 14:17:00,2023-02-17 14:46:00,2023-02-17 15:06:00,short,5172.0,5180.0,5180.0,5167.5,-8.0,-80.0,limit_touch,stop_loss
2023-02-22,2023-02-22 13:41:00,2023-02-22 13:42:00,2023-02-22 13:46:00,long,5213.5,5217.0,5206.5,5217.0,3.5,35.0,limit_touch,take_profit
2023-02-22,2023-02-22 14:36:00,2023-02-22 14:40:00,2023-02-22 14:40:00,short,5183.5,5179.5,5191.0,5179.5,4.0,40.0,limit_touch,take_profit
2023-02-23,2023-02-23 11:52:00,2023-02-23 11:57:00,2023-02-23 12:05:00,short,5124.5,5132.5,5132.5,5120.0,-8.0,-80.0,limit_touch,stop_loss
2023-02-24,2023-02-24 11:27:00,2023-02-24 11:29:00,2023-02-24 11:30:00,long,5193.0,5197.0,5185.5,5197.0,4.0,40.0,limit_touch,take_profit
2023-02-24,2023-02-24 11:31:00,2023-02-24 11:33:00,2023-02-24 11:34:00,long,5193.5,5197.5,5186.0,5197.5,4.0,40.0,limit_touch,take_profit
2023-02-24,2023-02-24 11:37:00,2023-02-24 11:38:00,2023-02-24 11:42:00,long,5194.5,5198.5,5187.0,5198.5,4.0,40.0,limit_touch,take_profit
2023-02-24,2023-02-24 11:45:00,2023-02-24 11:56:00,2023-02-24 12:00:00,long,5195.0,5199.0,5187.5,5199.0,4.0,40.0,limit_touch,take_profit
2023-02-27,2023-02-27 12:19:00,2023-02-27 12:20:00,2023-02-27 12:22:00,short,5178.5,5186.5,5186.5,5174.0,-8.0,-80.0,limit_touch,stop_loss
2023-02-27,2023-02-27 13:34:00,2023-02-27 13:34:00,2023-02-27 14:05:00,long,5209.0,5213.5,5201.0,5213.5,4.5,45.0,limit_touch,take_profit
2023-02-28,2023-02-28 13:01:00,2023-02-28 13:01:00,2023-02-28 13:01:00,long,5255.0,5259.5,5246.5,5259.5,4.5,45.0,limit_touch,take_profit
2023-02-28,2023-02-28 13:12:00,2023-02-28 13:14:00,2023-02-28 13:14:00,long,5260.5,5265.0,5252.0,5265.0,4.5,45.0,limit_touch,take_profit
2023-02-28,2023-02-28 13:36:00,2023-02-28 13:41:00,2023-02-28 13:50:00,long,5267.5,5259.0,5259.0,5272.0,-8.5,-85.0,limit_touch,stop_loss
2023-03-01,2023-03-01 12:04:00,2023-03-01 12:05:00,2023-03-01 12:06:00,long,5252.5,5257.0,5244.0,5257.0,4.5,45.0,limit_touch,take_profit
2023-03-01,2023-03-01 12:12:00,2023-03-01 12:13:00,2023-03-01 12:13:00,long,5258.0,5263.0,5249.0,5263.0,5.0,50.0,limit_touch,take_profit
2023-03-01,2023-03-01 14:11:00,2023-03-01 14:13:00,2023-03-01 14:56:00,short,5223.0,5232.0,5232.0,5218.0,-9.0,-90.0,limit_touch,stop_loss
2023-03-02,2023-03-02 11:27:00,2023-03-02 11:34:00,2023-03-02 11:34:00,long,5250.5,5254.5,5243.5,5254.5,4.0,40.0,limit_touch,take_profit
2023-03-02,2023-03-02 11:38:00,2023-03-02 11:38:00,2023-03-02 11:39:00,long,5252.0,5256.0,5245.0,5256.0,4.0,40.0,limit_touch,take_profit
2023-03-02,2023-03-02 11:48:00,2023-03-02 11:50:00,2023-03-02 11:54:00,long,5254.0,5247.0,5247.0,5258.0,-7.0,-70.0,limit_touch,stop_loss
2023-03-03,2023-03-03 11:31:00,2023-03-03 11:34:00,2023-03-03 11:59:00,long,5244.5,5237.5,5237.5,5248.0,-7.0,-70.0,limit_touch,stop_loss
2023-03-03,2023-03-03 12:04:00,2023-03-03 12:04:00,2023-03-03 12:07:00,long,5254.5,5258.5,5247.0,5258.5,4.0,40.0,limit_touch,take_profit
2023-03-06,2023-03-06 12:13:00,2023-03-06 12:14:00,2023-03-06 12:18:00,short,5223.0,5215.5,5224.5,5215.5,7.5,75.0,better_open,take_profit
2023-03-06,2023-03-06 12:19:00,2023-03-06 12:20:00,2023-03-06 12:20:00,short,5217.0,5214.0,5223.0,5214.0,3.0,30.0,limit_touch,take_profit
2023-03-06,2023-03-06 12:45:00,2023-03-06 12:55:00,2023-03-06 12:59:00,short,5199.0,5205.0,5205.0,5195.5,-6.0,-60.0,limit_touch,stop_loss
2023-03-07,2023-03-07 12:09:00,2023-03-07 12:10:00,2023-03-07 12:14:00,long,5226.0,5220.0,5220.0,5229.0,-6.0,-60.0,limit_touch,stop_loss
2023-03-08,2023-03-08 11:34:00,2023-03-08 11:34:00,2023-03-08 11:34:00,short,5165.0,5161.5,5171.0,5161.5,3.5,35.0,limit_touch,take_profit
2023-03-08,2023-03-08 11:53:00,2023-03-08 12:00:00,2023-03-08 12:00:00,short,5159.5,5156.0,5166.0,5156.0,3.5,35.0,limit_touch,take_profit
2023-03-08,2023-03-08 12:10:00,2023-03-08 12:21:00,2023-03-08 12:22:00,short,5148.5,5145.0,5155.0,5145.0,3.5,35.0,limit_touch,take_profit
2023-03-08,2023-03-08 12:26:00,2023-03-08 12:30:00,2023-03-08 12:31:00,short,5138.0,5134.0,5145.0,5134.0,4.0,40.0,limit_touch,take_profit
2023-03-09,2023-03-09 12:25:00,2023-03-09 12:28:00,2023-03-09 12:33:00,long,5165.0,5158.0,5158.0,5169.0,-7.0,-70.0,limit_touch,stop_loss
2023-03-09,2023-03-09 13:09:00,2023-03-09 13:12:00,2023-03-09 13:15:00,long,5168.5,5172.5,5161.5,5172.5,4.0,40.0,limit_touch,take_profit
2023-03-09,2023-03-09 13:19:00,2023-03-09 13:22:00,2023-03-09 13:26:00,long,5171.0,5174.5,5164.0,5174.5,3.5,35.0,limit_touch,take_profit
2023-03-09,2023-03-09 13:30:00,2023-03-09 13:37:00,2023-03-09 13:38:00,long,5174.5,5178.0,5167.5,5178.0,3.5,35.0,limit_touch,take_profit
2023-03-09,2023-03-09 14:04:00,2023-03-09 14:09:00,2023-03-09 14:14:00,long,5176.0,5179.5,5169.0,5179.5,3.5,35.0,limit_touch,take_profit
2023-03-14,2023-03-14 11:25:00,2023-03-14 11:25:00,2023-03-14 11:55:00,short,5245.0,5253.5,5253.5,5240.5,-8.5,-85.0,limit_touch,stop_loss
2023-03-16,2023-03-16 11:27:00,2023-03-16 11:31:00,2023-03-16 11:43:00,long,5317.5,5322.0,5309.0,5322.0,4.5,45.0,limit_touch,take_profit
2023-03-16,2023-03-16 12:02:00,2023-03-16 12:03:00,2023-03-16 12:24:00,long,5322.5,5314.0,5314.0,5327.0,-8.5,-85.0,limit_touch,stop_loss
2023-03-16,2023-03-16 14:16:00,2023-03-16 14:17:00,2023-03-16 14:19:00,short,5286.5,5282.5,5294.0,5282.5,4.0,40.0,limit_touch,take_profit
2023-03-16,2023-03-16 14:28:00,2023-03-16 14:31:00,2023-03-16 14:53:00,short,5284.5,5280.5,5292.5,5280.5,4.0,40.0,limit_touch,take_profit
2023-03-17,2023-03-17 11:34:00,2023-03-17 11:37:00,2023-03-17 11:40:00,long,5289.0,5293.0,5282.0,5293.0,4.0,40.0,limit_touch,take_profit
2023-03-17,2023-03-17 11:47:00,2023-03-17 11:49:00,2023-03-17 12:04:00,long,5292.5,5296.5,5285.5,5296.5,4.0,40.0,limit_touch,take_profit
2023-03-20,2023-03-20 11:26:00,2023-03-20 11:27:00,2023-03-20 11:27:00,short,5254.5,5251.0,5261.5,5251.0,3.5,35.0,limit_touch,take_profit
2023-03-20,2023-03-20 11:51:00,2023-03-20 12:08:00,2023-03-20 12:08:00,short,5253.0,5249.5,5259.5,5249.5,3.5,35.0,limit_touch,take_profit
2023-03-22,2023-03-22 11:36:00,2023-03-22 11:36:00,2023-03-22 11:36:00,long,5283.5,5286.5,5278.0,5286.5,3.0,30.0,limit_touch,take_profit
2023-03-23,2023-03-23 11:17:00,2023-03-23 11:20:00,2023-03-23 11:35:00,long,5275.5,5279.5,5268.0,5279.5,4.0,40.0,limit_touch,take_profit
2023-03-23,2023-03-23 11:44:00,2023-03-23 11:57:00,2023-03-23 11:59:00,long,5278.0,5282.5,5270.0,5282.5,4.5,45.0,limit_touch,take_profit
2023-03-24,2023-03-24 11:18:00,2023-03-24 11:21:00,2023-03-24 11:25:00,short,5310.0,5306.0,5317.5,5306.0,4.0,40.0,limit_touch,take_profit
2023-03-24,2023-03-24 11:32:00,2023-03-24 11:35:00,2023-03-24 11:38:00,short,5300.5,5296.5,5308.5,5296.5,4.0,40.0,limit_touch,take_profit
2023-03-24,2023-03-24 12:08:00,2023-03-24 12:11:00,2023-03-24 12:17:00,short,5292.0,5288.0,5300.0,5288.0,4.0,40.0,limit_touch,take_profit
2023-03-29,2023-03-29 12:28:00,2023-03-29 12:57:00,2023-03-29 13:19:00,short,5140.5,5146.5,5146.5,5137.0,-6.0,-60.0,limit_touch,stop_loss
2023-03-30,2023-03-30 11:15:00,2023-03-30 11:16:00,2023-03-30 11:16:00,long,5149.5,5154.5,5140.5,5154.5,5.0,50.0,limit_touch,take_profit
2023-03-31,2023-03-31 12:24:00,2023-03-31 12:28:00,2023-03-31 12:57:00,short,5086.5,5095.0,5095.0,5082.0,-8.5,-85.0,limit_touch,stop_loss
2023-04-04,2023-04-04 12:21:00,2023-04-04 12:23:00,2023-04-04 12:23:00,long,5101.0,5104.0,5095.5,5104.0,3.0,30.0,limit_touch,take_profit
2023-04-04,2023-04-04 12:41:00,2023-04-04 12:57:00,2023-04-04 13:14:00,long,5113.0,5107.5,5107.5,5116.0,-5.5,-55.0,limit_touch,stop_loss
2023-04-12,2023-04-12 11:15:00,2023-04-12 11:35:00,2023-04-12 11:53:00,short,4943.0,4951.0,4951.0,4939.0,-8.0,-80.0,limit_touch,stop_loss
2023-04-13,2023-04-13 12:45:00,2023-04-13 12:45:00,2023-04-13 12:45:00,short,4912.0,4908.0,4919.5,4908.0,4.0,40.0,limit_touch,take_profit
2023-04-17,2023-04-17 11:45:00,2023-04-17 12:02:00,2023-04-17 12:03:00,long,4957.0,4960.0,4951.0,4960.0,3.0,30.0,limit_touch,take_profit
2023-04-17,2023-04-17 12:22:00,2023-04-17 12:26:00,2023-04-17 12:27:00,long,4959.0,4962.0,4953.0,4962.0,3.0,30.0,limit_touch,take_profit
2023-04-20,2023-04-20 11:15:00,2023-04-20 11:17:00,2023-04-20 11:17:00,short,5054.0,5050.5,5060.5,5050.5,3.5,35.0,limit_touch,take_profit
2023-04-20,2023-04-20 11:33:00,2023-04-20 11:34:00,2023-04-20 11:48:00,short,5051.5,5048.0,5058.0,5048.0,3.5,35.0,limit_touch,take_profit
2023-04-20,2023-04-20 12:32:00,2023-04-20 12:32:00,2023-04-20 12:33:00,short,5051.0,5047.5,5057.5,5047.5,3.5,35.0,limit_touch,take_profit
2023-04-20,2023-04-20 12:37:00,2023-04-20 12:55:00,2023-04-20 13:00:00,short,5049.5,5046.0,5056.0,5046.0,3.5,35.0,limit_touch,take_profit
2023-04-20,2023-04-20 14:29:00,2023-04-20 14:47:00,2023-04-20 14:51:00,short,5049.0,5046.0,5055.0,5046.0,3.0,30.0,limit_touch,take_profit
2023-04-24,2023-04-24 14:01:00,2023-04-24 14:20:00,2023-04-24 14:38:00,short,5056.5,5053.5,5062.5,5053.5,3.0,30.0,limit_touch,take_profit
2023-04-25,2023-04-25 14:24:00,2023-04-25 14:33:00,2023-04-25 14:49:00,long,5079.5,5082.5,5073.5,5082.5,3.0,30.0,limit_touch,take_profit
2023-04-27,2023-04-27 11:16:00,2023-04-27 11:17:00,2023-04-27 11:24:00,short,5016.0,5022.5,5022.5,5012.5,-6.5,-65.0,limit_touch,stop_loss
2023-04-27,2023-04-27 11:41:00,2023-04-27 11:42:00,2023-04-27 11:42:00,short,5011.5,5007.5,5018.5,5007.5,4.0,40.0,limit_touch,take_profit
2023-04-27,2023-04-27 11:56:00,2023-04-27 11:56:00,2023-04-27 11:56:00,short,5008.5,5004.5,5016.0,5004.5,4.0,40.0,limit_touch,take_profit
2023-04-27,2023-04-27 14:21:00,2023-04-27 14:23:00,2023-04-27 14:23:00,short,5002.5,4999.0,5009.0,4999.0,3.5,35.0,limit_touch,take_profit
2023-05-02,2023-05-02 11:34:00,2023-05-02 11:36:00,2023-05-02 11:41:00,long,5068.0,5061.5,5061.5,5071.5,-6.5,-65.0,limit_touch,stop_loss
2023-05-02,2023-05-02 12:26:00,2023-05-02 12:40:00,2023-05-02 13:17:00,long,5073.5,5077.0,5067.0,5077.0,3.5,35.0,limit_touch,take_profit
2023-05-03,2023-05-03 11:34:00,2023-05-03 11:36:00,2023-05-03 11:44:00,short,5038.0,5034.5,5044.0,5034.5,3.5,35.0,limit_touch,take_profit
2023-05-04,2023-05-04 11:23:00,2023-05-04 11:34:00,2023-05-04 11:34:00,long,5052.5,5056.5,5045.0,5056.5,4.0,40.0,limit_touch,take_profit
2023-05-05,2023-05-05 11:22:00,2023-05-05 11:33:00,2023-05-05 11:50:00,short,4986.5,4993.5,4993.5,4982.5,-7.0,-70.0,limit_touch,stop_loss
2023-05-05,2023-05-05 14:20:00,2023-05-05 14:37:00,2023-05-05 14:39:00,short,4962.5,4959.0,4969.0,4959.0,3.5,35.0,limit_touch,take_profit
2023-05-08,2023-05-08 12:10:00,2023-05-08 12:10:00,2023-05-08 12:10:00,long,4997.0,5000.5,4991.0,5000.5,3.5,35.0,limit_touch,take_profit
2023-05-08,2023-05-08 12:11:00,2023-05-08 12:12:00,2023-05-08 12:12:00,long,4992.0,4991.5,4991.5,5001.5,-0.5,-5.0,better_open,stop_loss
2023-05-08,2023-05-08 12:43:00,2023-05-08 12:47:00,2023-05-08 12:50:00,long,5010.5,5014.0,5004.0,5014.0,3.5,35.0,limit_touch,take_profit
2023-05-08,2023-05-08 13:06:00,2023-05-08 13:17:00,2023-05-08 13:52:00,long,5019.5,5023.0,5013.0,5023.0,3.5,35.0,limit_touch,take_profit
2023-05-09,2023-05-09 13:19:00,2023-05-09 13:33:00,2023-05-09 14:25:00,short,5004.5,5001.0,5011.0,5001.0,3.5,35.0,limit_touch,take_profit
2023-05-11,2023-05-11 14:21:00,2023-05-11 14:23:00,2023-05-11 14:23:00,short,4968.5,4965.5,4974.0,4965.5,3.0,30.0,limit_touch,take_profit
2023-05-16,2023-05-16 11:55:00,2023-05-16 11:56:00,2023-05-16 11:57:00,long,4927.0,4930.0,4921.0,4930.0,3.0,30.0,better_open,take_profit
2023-05-16,2023-05-16 11:59:00,2023-05-16 12:02:00,2023-05-16 12:02:00,long,4928.5,4931.5,4922.5,4931.5,3.0,30.0,limit_touch,take_profit
2023-05-16,2023-05-16 12:10:00,2023-05-16 12:12:00,2023-05-16 12:14:00,long,4934.0,4937.0,4928.0,4937.0,3.0,30.0,limit_touch,take_profit
2023-05-16,2023-05-16 12:23:00,2023-05-16 12:25:00,2023-05-16 12:32:00,long,4935.0,4938.0,4929.0,4938.0,3.0,30.0,limit_touch,take_profit
2023-05-16,2023-05-16 12:43:00,2023-05-16 12:46:00,2023-05-16 12:52:00,long,4939.0,4933.0,4933.0,4942.0,-6.0,-60.0,limit_touch,stop_loss
2023-05-16,2023-05-16 13:50:00,2023-05-16 13:54:00,2023-05-16 13:58:00,long,4959.0,4962.5,4952.5,4962.5,3.5,35.0,limit_touch,take_profit
2023-05-17,2023-05-17 12:28:00,2023-05-17 12:28:00,2023-05-17 12:28:00,short,4951.0,4947.0,4958.5,4947.0,4.0,40.0,limit_touch,take_profit
2023-05-17,2023-05-17 12:29:00,2023-05-17 12:30:00,2023-05-17 13:20:00,short,4950.5,4958.0,4958.0,4946.5,-7.5,-75.0,better_open,stop_loss
2023-05-17,2023-05-17 13:50:00,2023-05-17 13:56:00,2023-05-17 13:59:00,short,4942.5,4938.5,4949.5,4938.5,4.0,40.0,limit_touch,take_profit
2023-05-18,2023-05-18 11:42:00,2023-05-18 11:42:00,2023-05-18 11:42:00,long,4986.0,4989.5,4979.5,4989.5,3.5,35.0,limit_touch,take_profit
2023-05-18,2023-05-18 11:59:00,2023-05-18 12:02:00,2023-05-18 12:05:00,long,4987.5,4981.0,4981.0,4991.0,-6.5,-65.0,limit_touch,stop_loss
2023-05-18,2023-05-18 14:05:00,2023-05-18 14:05:00,2023-05-18 14:26:00,long,4990.0,4984.5,4984.5,4993.0,-5.5,-55.0,limit_touch,stop_loss
2023-05-22,2023-05-22 12:03:00,2023-05-22 12:15:00,2023-05-22 12:15:00,short,4975.0,4972.0,4980.5,4972.0,3.0,30.0,limit_touch,take_profit
2023-05-23,2023-05-23 11:19:00,2023-05-23 11:21:00,2023-05-23 11:21:00,short,4972.5,4969.5,4978.0,4969.5,3.0,30.0,limit_touch,take_profit
2023-05-23,2023-05-23 11:42:00,2023-05-23 11:54:00,2023-05-23 12:23:00,short,4970.5,4967.5,4976.0,4967.5,3.0,30.0,limit_touch,take_profit
2023-05-23,2023-05-23 12:45:00,2023-05-23 12:50:00,2023-05-23 12:54:00,short,4965.0,4962.5,4970.0,4962.5,2.5,25.0,limit_touch,take_profit
2023-05-23,2023-05-23 14:17:00,2023-05-23 14:25:00,2023-05-23 14:47:00,short,4964.5,4969.5,4969.5,4962.0,-5.0,-50.0,limit_touch,stop_loss
2023-05-25,2023-05-25 11:29:00,2023-05-25 11:29:00,2023-05-25 11:29:00,long,5012.5,5015.5,5006.5,5015.5,3.0,30.0,limit_touch,take_profit
2023-05-25,2023-05-25 12:42:00,2023-05-25 12:46:00,2023-05-25 13:00:00,long,5018.0,5021.0,5012.0,5021.0,3.0,30.0,limit_touch,take_profit
2023-05-26,2023-05-26 14:16:00,2023-05-26 14:21:00,2023-05-26 14:23:00,short,4994.5,4991.0,5001.0,4991.0,3.5,35.0,limit_touch,take_profit
2023-05-26,2023-05-26 14:27:00,2023-05-26 14:31:00,2023-05-26 14:31:00,short,4993.0,4989.5,4999.5,4989.5,3.5,35.0,limit_touch,take_profit
2023-05-29,2023-05-29 11:45:00,2023-05-29 12:00:00,2023-05-29 12:07:00,long,5010.5,5014.0,5004.5,5014.0,3.5,35.0,limit_touch,take_profit
2023-05-29,2023-05-29 14:39:00,2023-05-29 14:48:00,2023-05-29 15:03:00,long,5012.5,5015.5,5007.5,5015.5,3.0,30.0,limit_touch,take_profit
2023-05-30,2023-05-30 13:09:00,2023-05-30 13:12:00,2023-05-30 13:39:00,long,5061.5,5064.5,5055.5,5064.5,3.0,30.0,limit_touch,take_profit
2023-05-31,2023-05-31 11:41:00,2023-05-31 11:42:00,2023-05-31 11:42:00,long,5125.0,5129.0,5117.5,5129.0,4.0,40.0,limit_touch,take_profit
2023-05-31,2023-05-31 12:02:00,2023-05-31 12:03:00,2023-05-31 12:09:00,long,5146.0,5138.0,5138.0,5150.0,-8.0,-80.0,limit_touch,stop_loss
2023-06-01,2023-06-01 12:50:00,2023-06-01 12:50:00,2023-06-01 12:50:00,short,5048.0,5044.0,5056.0,5044.0,4.0,40.0,limit_touch,take_profit
2023-06-01,2023-06-01 14:09:00,2023-06-01 14:13:00,2023-06-01 14:29:00,short,5045.5,5041.5,5053.0,5041.5,4.0,40.0,limit_touch,take_profit
2023-06-05,2023-06-05 12:17:00,2023-06-05 12:50:00,2023-06-05 12:52:00,short,4947.0,4944.0,4953.0,4944.0,3.0,30.0,limit_touch,take_profit
2023-06-05,2023-06-05 13:05:00,2023-06-05 13:37:00,2023-06-05 13:43:00,short,4946.0,4943.0,4952.0,4943.0,3.0,30.0,limit_touch,take_profit
2023-06-06,2023-06-06 12:37:00,2023-06-06 12:39:00,2023-06-06 12:39:00,short,4938.0,4935.0,4943.5,4935.0,3.0,30.0,limit_touch,take_profit
2023-06-06,2023-06-06 12:46:00,2023-06-06 12:58:00,2023-06-06 12:58:00,short,4936.0,4933.0,4941.5,4933.0,3.0,30.0,limit_touch,take_profit
2023-06-06,2023-06-06 13:59:00,2023-06-06 14:14:00,2023-06-06 14:46:00,short,4931.0,4928.0,4936.5,4928.0,3.0,30.0,limit_touch,take_profit
2023-06-07,2023-06-07 11:36:00,2023-06-07 11:36:00,2023-06-07 11:36:00,long,4948.5,4951.5,4942.5,4951.5,3.0,30.0,limit_touch,take_profit
2023-06-07,2023-06-07 11:39:00,2023-06-07 11:40:00,2023-06-07 11:41:00,long,4949.5,4952.5,4943.5,4952.5,3.0,30.0,limit_touch,take_profit
2023-06-07,2023-06-07 11:42:00,2023-06-07 11:43:00,2023-06-07 11:43:00,long,4950.0,4953.0,4944.0,4953.0,3.0,30.0,limit_touch,take_profit
2023-06-09,2023-06-09 11:29:00,2023-06-09 11:29:00,2023-06-09 11:29:00,short,4885.5,4882.5,4891.5,4882.5,3.0,30.0,limit_touch,take_profit
2023-06-13,2023-06-13 11:15:00,2023-06-13 11:16:00,2023-06-13 11:19:00,long,4890.5,4887.0,4887.0,4894.5,-3.5,-35.0,better_open,stop_loss
2023-06-14,2023-06-14 11:17:00,2023-06-14 11:17:00,2023-06-14 11:24:00,short,4859.5,4857.0,4864.0,4857.0,2.5,25.0,limit_touch,take_profit
2023-06-14,2023-06-14 11:33:00,2023-06-14 11:34:00,2023-06-14 11:34:00,short,4858.5,4856.0,4863.0,4856.0,2.5,25.0,limit_touch,take_profit
2023-06-14,2023-06-14 12:00:00,2023-06-14 12:28:00,2023-06-14 12:28:00,short,4858.0,4856.0,4862.0,4856.0,2.0,20.0,limit_touch,take_profit
2023-06-14,2023-06-14 12:47:00,2023-06-14 12:50:00,2023-06-14 13:06:00,short,4856.0,4860.0,4860.0,4854.0,-4.0,-40.0,limit_touch,stop_loss
2023-06-14,2023-06-14 13:23:00,2023-06-14 13:31:00,2023-06-14 13:52:00,short,4851.5,4855.5,4855.5,4849.0,-4.0,-40.0,limit_touch,stop_loss
2023-06-15,2023-06-15 11:26:00,2023-06-15 11:27:00,2023-06-15 11:27:00,short,4826.0,4822.0,4833.5,4822.0,4.0,40.0,limit_touch,take_profit
2023-06-15,2023-06-15 12:19:00,2023-06-15 12:31:00,2023-06-15 12:44:00,short,4823.5,4819.5,4831.0,4819.5,4.0,40.0,limit_touch,take_profit
2023-06-15,2023-06-15 12:45:00,2023-06-15 12:46:00,2023-06-15 13:06:00,short,4821.5,4828.5,4828.5,4817.5,-7.0,-70.0,limit_touch,stop_loss
2023-06-15,2023-06-15 14:37:00,2023-06-15 14:41:00,2023-06-15 15:04:00,short,4815.5,4812.0,4822.0,4812.0,3.5,35.0,limit_touch,take_profit
2023-06-19,2023-06-19 14:04:00,2023-06-19 14:28:00,2023-06-19 15:39:00,short,4780.0,4777.5,4785.0,4777.5,2.5,25.0,limit_touch,take_profit
2023-06-20,2023-06-20 13:56:00,2023-06-20 13:58:00,2023-06-20 14:02:00,long,4809.0,4804.0,4804.0,4812.0,-5.0,-50.0,limit_touch,stop_loss
2023-06-20,2023-06-20 14:12:00,2023-06-20 14:14:00,2023-06-20 14:14:00,long,4812.0,4815.0,4806.5,4815.0,3.0,30.0,limit_touch,take_profit
2023-06-21,2023-06-21 11:38:00,2023-06-21 11:41:00,2023-06-21 11:52:00,short,4779.0,4776.0,4785.0,4776.0,3.0,30.0,limit_touch,take_profit
2023-06-21,2023-06-21 12:44:00,2023-06-21 13:33:00,2023-06-21 13:33:00,short,4777.5,4774.5,4783.0,4774.5,3.0,30.0,limit_touch,take_profit
2023-06-22,2023-06-22 14:34:00,2023-06-22 14:35:00,2023-06-22 14:39:00,long,4790.0,4792.5,4785.0,4792.5,2.5,25.0,limit_touch,take_profit
2023-06-23,2023-06-23 11:43:00,2023-06-23 11:43:00,2023-06-23 11:43:00,short,4787.0,4784.0,4793.0,4784.0,3.0,30.0,limit_touch,take_profit
2023-06-23,2023-06-23 12:05:00,2023-06-23 12:05:00,2023-06-23 12:14:00,short,4781.0,4778.0,4786.5,4778.0,3.0,30.0,limit_touch,take_profit
2023-06-23,2023-06-23 12:17:00,2023-06-23 12:20:00,2023-06-23 12:20:00,short,4779.0,4776.0,4784.5,4776.0,3.0,30.0,limit_touch,take_profit
2023-06-23,2023-06-23 12:25:00,2023-06-23 12:29:00,2023-06-23 12:29:00,short,4776.5,4773.5,4782.0,4773.5,3.0,30.0,limit_touch,take_profit
2023-06-27,2023-06-27 11:59:00,2023-06-27 12:05:00,2023-06-27 12:05:00,long,4796.0,4799.0,4791.0,4799.0,3.0,30.0,limit_touch,take_profit
2023-06-27,2023-06-27 12:50:00,2023-06-27 13:14:00,2023-06-27 13:22:00,long,4800.0,4803.0,4795.0,4803.0,3.0,30.0,limit_touch,take_profit
2023-06-29,2023-06-29 11:55:00,2023-06-29 11:59:00,2023-06-29 12:05:00,long,4869.5,4863.5,4863.5,4873.0,-6.0,-60.0,limit_touch,stop_loss
2023-06-30,2023-06-30 11:15:00,2023-06-30 11:27:00,2023-06-30 11:37:00,short,4843.5,4850.0,4850.0,4840.0,-6.5,-65.0,limit_touch,stop_loss
2023-06-30,2023-06-30 14:00:00,2023-06-30 14:23:00,2023-06-30 14:54:00,short,4826.0,4822.5,4832.5,4822.5,3.5,35.0,limit_touch,take_profit
2023-07-03,2023-07-03 13:29:00,2023-07-03 13:33:00,2023-07-03 14:58:00,long,4820.0,4823.5,4813.5,4823.5,3.5,35.0,limit_touch,take_profit
2023-07-04,2023-07-04 11:26:00,2023-07-04 11:27:00,2023-07-04 11:35:00,long,4831.0,4833.5,4826.0,4833.5,2.5,25.0,limit_touch,take_profit
2023-07-04,2023-07-04 11:41:00,2023-07-04 11:42:00,2023-07-04 11:42:00,long,4838.0,4840.5,4833.0,4840.5,2.5,25.0,limit_touch,take_profit
2023-07-04,2023-07-04 12:12:00,2023-07-04 12:13:00,2023-07-04 12:32:00,long,4840.0,4843.0,4835.5,4843.0,3.0,30.0,better_open,take_profit
2023-07-06,2023-07-06 11:37:00,2023-07-06 11:55:00,2023-07-06 11:55:00,long,4918.5,4922.0,4912.0,4922.0,3.5,35.0,limit_touch,take_profit
2023-07-06,2023-07-06 13:16:00,2023-07-06 13:23:00,2023-07-06 13:50:00,long,4958.0,4951.0,4951.0,4962.0,-7.0,-70.0,limit_touch,stop_loss
2023-07-10,2023-07-10 11:22:00,2023-07-10 11:24:00,2023-07-10 11:24:00,long,4904.5,4908.0,4897.5,4908.0,3.5,35.0,limit_touch,take_profit
2023-07-10,2023-07-10 11:39:00,2023-07-10 11:40:00,2023-07-10 11:47:00,long,4907.5,4900.5,4900.5,4911.0,-7.0,-70.0,limit_touch,stop_loss
2023-07-11,2023-07-11 12:27:00,2023-07-11 12:30:00,2023-07-11 12:33:00,short,4905.5,4902.0,4912.0,4902.0,3.5,35.0,limit_touch,take_profit
2023-07-11,2023-07-11 12:59:00,2023-07-11 13:02:00,2023-07-11 13:26:00,short,4905.0,4901.5,4911.5,4901.5,3.5,35.0,limit_touch,take_profit
2023-07-11,2023-07-11 14:06:00,2023-07-11 14:14:00,2023-07-11 14:20:00,short,4897.0,4893.5,4903.0,4893.5,3.5,35.0,limit_touch,take_profit
2023-07-13,2023-07-13 13:39:00,2023-07-13 13:40:00,2023-07-13 14:33:00,short,4812.0,4819.0,4819.0,4808.0,-7.0,-70.0,limit_touch,stop_loss
2023-07-14,2023-07-14 13:37:00,2023-07-14 13:41:00,2023-07-14 14:34:00,long,4824.0,4827.5,4817.5,4827.5,3.5,35.0,limit_touch,take_profit
2023-07-18,2023-07-18 11:54:00,2023-07-18 11:54:00,2023-07-18 12:17:00,short,4811.0,4807.5,4817.5,4807.5,3.5,35.0,limit_touch,take_profit
2023-07-20,2023-07-20 11:49:00,2023-07-20 11:50:00,2023-07-20 12:00:00,long,4813.5,4808.0,4808.0,4816.5,-5.5,-55.0,limit_touch,stop_loss
2023-07-20,2023-07-20 12:37:00,2023-07-20 12:42:00,2023-07-20 12:48:00,long,4814.0,4817.0,4808.5,4817.0,3.0,30.0,limit_touch,take_profit
2023-07-20,2023-07-20 14:02:00,2023-07-20 14:05:00,2023-07-20 14:36:00,long,4815.0,4809.5,4809.5,4818.0,-5.5,-55.0,limit_touch,stop_loss
2023-07-24,2023-07-24 11:37:00,2023-07-24 11:39:00,2023-07-24 11:39:00,short,4753.0,4750.0,4758.0,4750.0,3.0,30.0,limit_touch,take_profit
2023-07-24,2023-07-24 11:42:00,2023-07-24 11:42:00,2023-07-24 11:42:00,short,4752.5,4749.5,4757.5,4749.5,3.0,30.0,limit_touch,take_profit
2023-07-24,2023-07-24 11:57:00,2023-07-24 12:15:00,2023-07-24 12:17:00,short,4743.0,4740.0,4748.5,4740.0,3.0,30.0,limit_touch,take_profit
2023-07-24,2023-07-24 12:25:00,2023-07-24 12:51:00,2023-07-24 13:18:00,short,4737.5,4734.5,4743.0,4734.5,3.0,30.0,limit_touch,take_profit
2023-07-28,2023-07-28 13:15:00,2023-07-28 13:27:00,2023-07-28 13:27:00,long,4737.5,4740.5,4731.5,4740.5,3.0,30.0,limit_touch,take_profit
2023-07-31,2023-07-31 11:48:00,2023-07-31 11:49:00,2023-07-31 11:55:00,long,4777.5,4781.0,4771.5,4781.0,3.5,35.0,limit_touch,take_profit
2023-07-31,2023-07-31 12:00:00,2023-07-31 12:05:00,2023-07-31 12:26:00,long,4782.0,4776.0,4776.0,4785.5,-6.0,-60.0,limit_touch,stop_loss
2023-08-01,2023-08-01 11:17:00,2023-08-01 11:28:00,2023-08-01 11:38:00,long,4802.5,4797.0,4797.0,4805.5,-5.5,-55.0,limit_touch,stop_loss
2023-08-01,2023-08-01 12:21:00,2023-08-01 12:32:00,2023-08-01 12:41:00,long,4808.0,4811.0,4802.5,4811.0,3.0,30.0,limit_touch,take_profit
2023-08-02,2023-08-02 11:54:00,2023-08-02 12:01:00,2023-08-02 12:12:00,long,4841.0,4844.0,4835.5,4844.0,3.0,30.0,limit_touch,take_profit
2023-08-02,2023-08-02 12:15:00,2023-08-02 12:20:00,2023-08-02 12:24:00,long,4842.5,4837.0,4837.0,4845.5,-5.5,-55.0,limit_touch,stop_loss
2023-08-08,2023-08-08 12:20:00,2023-08-08 12:22:00,2023-08-08 12:25:00,short,4937.5,4934.5,4943.0,4934.5,3.0,30.0,limit_touch,take_profit
2023-08-08,2023-08-08 12:49:00,2023-08-08 12:57:00,2023-08-08 13:02:00,short,4931.0,4928.0,4936.5,4928.0,3.0,30.0,limit_touch,take_profit
2023-08-08,2023-08-08 13:35:00,2023-08-08 14:20:00,2023-08-08 14:28:00,short,4927.5,4924.5,4932.5,4924.5,3.0,30.0,limit_touch,take_profit
2023-08-09,2023-08-09 12:18:00,2023-08-09 12:23:00,2023-08-09 12:28:00,long,4927.5,4922.0,4922.0,4930.5,-5.5,-55.0,limit_touch,stop_loss
2023-08-09,2023-08-09 14:40:00,2023-08-09 14:41:00,2023-08-09 14:50:00,long,4928.0,4931.0,4922.5,4931.0,3.0,30.0,limit_touch,take_profit
2023-08-10,2023-08-10 11:18:00,2023-08-10 11:19:00,2023-08-10 11:19:00,short,4869.5,4866.5,4875.5,4866.5,3.0,30.0,limit_touch,take_profit
2023-08-10,2023-08-10 12:10:00,2023-08-10 12:44:00,2023-08-10 12:45:00,short,4868.0,4865.0,4874.0,4865.0,3.0,30.0,limit_touch,take_profit
2023-08-16,2023-08-16 12:13:00,2023-08-16 12:14:00,2023-08-16 12:42:00,short,4971.0,4977.0,4977.0,4967.5,-6.0,-60.0,limit_touch,stop_loss
2023-08-17,2023-08-17 11:22:00,2023-08-17 11:22:00,2023-08-17 11:29:00,long,4996.5,5000.0,4990.0,5000.0,3.5,35.0,limit_touch,take_profit
2023-08-17,2023-08-17 11:30:00,2023-08-17 11:31:00,2023-08-17 11:33:00,long,4997.5,5001.0,4991.5,5001.0,3.5,35.0,limit_touch,take_profit
2023-08-17,2023-08-17 11:38:00,2023-08-17 11:38:00,2023-08-17 11:38:00,long,5006.0,5009.5,4999.5,5009.5,3.5,35.0,limit_touch,take_profit
2023-08-18,2023-08-18 11:24:00,2023-08-18 11:26:00,2023-08-18 11:42:00,short,4983.5,4980.0,4989.5,4980.0,3.5,35.0,limit_touch,take_profit
2023-08-18,2023-08-18 11:51:00,2023-08-18 11:52:00,2023-08-18 11:52:00,short,4979.0,4976.0,4985.0,4976.0,3.0,30.0,limit_touch,take_profit
2023-08-18,2023-08-18 12:02:00,2023-08-18 12:08:00,2023-08-18 12:11:00,short,4976.5,4973.5,4982.5,4973.5,3.0,30.0,limit_touch,take_profit
2023-08-18,2023-08-18 12:16:00,2023-08-18 12:24:00,2023-08-18 13:22:00,short,4976.0,4973.0,4982.0,4973.0,3.0,30.0,limit_touch,take_profit
2023-08-21,2023-08-21 11:33:00,2023-08-21 11:37:00,2023-08-21 11:41:00,long,5002.0,4997.0,4997.0,5004.5,-5.0,-50.0,limit_touch,stop_loss
2023-08-22,2023-08-22 11:21:00,2023-08-22 11:22:00,2023-08-22 11:22:00,short,4944.0,4941.0,4949.5,4941.0,3.0,30.0,limit_touch,take_profit
2023-08-22,2023-08-22 11:51:00,2023-08-22 11:55:00,2023-08-22 11:55:00,short,4941.0,4938.0,4946.5,4938.0,3.0,30.0,limit_touch,take_profit
2023-08-22,2023-08-22 12:04:00,2023-08-22 12:05:00,2023-08-22 12:12:00,short,4940.0,4937.0,4945.5,4937.0,3.0,30.0,limit_touch,take_profit
2023-08-25,2023-08-25 11:25:00,2023-08-25 11:25:00,2023-08-25 11:25:00,long,4893.5,4897.0,4887.0,4897.0,3.5,35.0,limit_touch,take_profit
2023-08-25,2023-08-25 11:28:00,2023-08-25 11:28:00,2023-08-25 11:28:00,long,4896.0,4899.5,4889.5,4899.5,3.5,35.0,limit_touch,take_profit
2023-08-25,2023-08-25 11:29:00,2023-08-25 11:30:00,2023-08-25 11:31:00,long,4896.5,4900.0,4890.0,4900.0,3.5,35.0,limit_touch,take_profit
2023-08-25,2023-08-25 11:38:00,2023-08-25 11:40:00,2023-08-25 11:40:00,long,4900.5,4904.0,4894.0,4904.0,3.5,35.0,limit_touch,take_profit
2023-08-28,2023-08-28 11:55:00,2023-08-28 11:58:00,2023-08-28 11:59:00,long,4901.0,4904.0,4896.0,4904.0,3.0,30.0,limit_touch,take_profit
2023-08-28,2023-08-28 13:23:00,2023-08-28 13:28:00,2023-08-28 13:32:00,long,4901.0,4903.5,4896.5,4903.5,2.5,25.0,limit_touch,take_profit
2023-08-28,2023-08-28 14:28:00,2023-08-28 14:33:00,2023-08-28 14:36:00,long,4908.5,4911.0,4904.0,4911.0,2.5,25.0,limit_touch,take_profit
2023-08-29,2023-08-29 12:49:00,2023-08-29 12:51:00,2023-08-29 12:51:00,short,4860.5,4857.5,4866.0,4857.5,3.0,30.0,limit_touch,take_profit
2023-08-30,2023-08-30 11:34:00,2023-08-30 11:36:00,2023-08-30 11:42:00,long,4877.0,4880.0,4871.5,4880.0,3.0,30.0,limit_touch,take_profit
2023-08-30,2023-08-30 11:51:00,2023-08-30 11:54:00,2023-08-30 12:03:00,long,4879.0,4882.0,4873.5,4882.0,3.0,30.0,limit_touch,take_profit
2023-08-31,2023-08-31 11:25:00,2023-08-31 11:29:00,2023-08-31 11:29:00,long,4965.0,4968.5,4958.5,4968.5,3.5,35.0,limit_touch,take_profit
2023-08-31,2023-08-31 12:06:00,2023-08-31 12:13:00,2023-08-31 12:13:00,long,4968.5,4972.0,4961.5,4972.0,3.5,35.0,limit_touch,take_profit
2023-09-01,2023-09-01 12:33:00,2023-09-01 12:38:00,2023-09-01 12:40:00,long,4960.5,4964.5,4953.0,4964.5,4.0,40.0,limit_touch,take_profit
2023-09-01,2023-09-01 13:06:00,2023-09-01 13:12:00,2023-09-01 13:27:00,long,4961.5,4954.5,4954.5,4965.5,-7.0,-70.0,limit_touch,stop_loss
2023-09-04,2023-09-04 12:05:00,2023-09-04 12:10:00,2023-09-04 12:12:00,short,4936.0,4933.0,4941.5,4933.0,3.0,30.0,limit_touch,take_profit
2023-09-04,2023-09-04 12:19:00,2023-09-04 12:26:00,2023-09-04 12:27:00,short,4934.5,4931.5,4940.0,4931.5,3.0,30.0,limit_touch,take_profit
2023-09-04,2023-09-04 12:30:00,2023-09-04 12:38:00,2023-09-04 12:39:00,short,4932.5,4929.5,4937.5,4929.5,3.0,30.0,limit_touch,take_profit
2023-09-11,2023-09-11 13:17:00,2023-09-11 13:39:00,2023-09-11 13:47:00,short,4947.0,4944.5,4951.5,4944.5,2.5,25.0,limit_touch,take_profit
2023-09-11,2023-09-11 14:27:00,2023-09-11 14:34:00,2023-09-11 14:35:00,short,4943.0,4940.5,4947.5,4940.5,2.5,25.0,limit_touch,take_profit
2023-09-13,2023-09-13 11:43:00,2023-09-13 11:48:00,2023-09-13 11:48:00,short,4916.0,4913.0,4921.5,4913.0,3.0,30.0,limit_touch,take_profit
2023-09-14,2023-09-14 11:49:00,2023-09-14 11:56:00,2023-09-14 11:56:00,short,4886.0,4883.0,4892.0,4883.0,3.0,30.0,limit_touch,take_profit
2023-09-14,2023-09-14 13:07:00,2023-09-14 14:01:00,2023-09-14 14:16:00,short,4882.5,4879.5,4888.0,4879.5,3.0,30.0,limit_touch,take_profit
2023-09-18,2023-09-18 11:46:00,2023-09-18 11:47:00,2023-09-18 11:47:00,short,4858.5,4856.0,4863.0,4856.0,2.5,25.0,limit_touch,take_profit
2023-09-18,2023-09-18 13:06:00,2023-09-18 13:10:00,2023-09-18 14:48:00,short,4857.5,4855.0,4861.5,4855.0,2.5,25.0,limit_touch,take_profit
2023-09-19,2023-09-19 11:17:00,2023-09-19 11:18:00,2023-09-19 11:28:00,long,4868.5,4871.0,4864.5,4871.0,2.5,25.0,limit_touch,take_profit
2023-09-19,2023-09-19 14:08:00,2023-09-19 14:31:00,2023-09-19 14:51:00,long,4871.0,4873.0,4867.5,4873.0,2.0,20.0,limit_touch,take_profit
2023-09-25,2023-09-25 13:52:00,2023-09-25 14:03:00,2023-09-25 14:03:00,long,4973.0,4975.5,4968.5,4975.5,2.5,25.0,limit_touch,take_profit
2023-09-26,2023-09-26 12:57:00,2023-09-26 13:12:00,2023-09-26 13:18:00,long,4983.0,4985.5,4978.0,4985.5,2.5,25.0,limit_touch,take_profit
2023-09-26,2023-09-26 13:20:00,2023-09-26 13:37:00,2023-09-26 13:37:00,long,4983.0,4985.5,4978.0,4985.5,2.5,25.0,limit_touch,take_profit
2023-09-26,2023-09-26 14:38:00,2023-09-26 14:44:00,2023-09-26 14:50:00,long,4984.0,4979.5,4979.5,4986.5,-4.5,-45.0,limit_touch,stop_loss
2023-09-27,2023-09-27 11:58:00,2023-09-27 12:04:00,2023-09-27 12:13:00,long,5025.0,5028.0,5019.5,5028.0,3.0,30.0,limit_touch,take_profit
2023-09-27,2023-09-27 13:06:00,2023-09-27 13:46:00,2023-09-27 13:49:00,long,5048.5,5051.5,5043.0,5051.5,3.0,30.0,limit_touch,take_profit
2023-09-27,2023-09-27 14:27:00,2023-09-27 14:44:00,2023-09-27 14:48:00,long,5066.5,5069.5,5060.5,5069.5,3.0,30.0,limit_touch,take_profit
2023-09-29,2023-09-29 11:25:00,2023-09-29 11:26:00,2023-09-29 11:26:00,long,5045.5,5049.0,5038.5,5049.0,3.5,35.0,limit_touch,take_profit
2023-09-29,2023-09-29 12:27:00,2023-09-29 12:27:00,2023-09-29 12:27:00,short,5015.5,5011.5,5022.5,5011.5,4.0,40.0,limit_touch,take_profit
2023-09-29,2023-09-29 12:28:00,2023-09-29 12:28:00,2023-09-29 12:32:00,short,5015.0,5011.0,5022.0,5011.0,4.0,40.0,limit_touch,take_profit
2023-10-02,2023-10-02 11:50:00,2023-10-02 11:52:00,2023-10-02 11:52:00,long,5086.5,5090.0,5079.5,5090.0,3.5,35.0,limit_touch,take_profit
2023-10-02,2023-10-02 12:00:00,2023-10-02 12:01:00,2023-10-02 12:05:00,long,5089.5,5093.0,5083.0,5093.0,3.5,35.0,limit_touch,take_profit
2023-10-02,2023-10-02 13:04:00,2023-10-02 13:26:00,2023-10-02 14:06:00,long,5094.0,5087.5,5087.5,5097.5,-6.5,-65.0,limit_touch,stop_loss
2023-10-03,2023-10-03 11:21:00,2023-10-03 11:22:00,2023-10-03 11:24:00,long,5112.5,5118.5,5108.5,5118.5,6.0,60.0,better_open,take_profit
2023-10-03,2023-10-03 11:31:00,2023-10-03 11:32:00,2023-10-03 11:32:00,long,5127.0,5130.5,5120.0,5130.5,3.5,35.0,limit_touch,take_profit
2023-10-03,2023-10-03 12:05:00,2023-10-03 12:22:00,2023-10-03 12:26:00,long,5146.0,5150.0,5139.0,5150.0,4.0,40.0,limit_touch,take_profit
2023-10-03,2023-10-03 12:42:00,2023-10-03 13:28:00,2023-10-03 13:50:00,long,5147.5,5151.5,5140.5,5151.5,4.0,40.0,limit_touch,take_profit
2023-10-05,2023-10-05 11:51:00,2023-10-05 11:51:00,2023-10-05 11:51:00,long,5195.0,5199.0,5188.0,5199.0,4.0,40.0,limit_touch,take_profit
2023-10-05,2023-10-05 12:10:00,2023-10-05 12:10:00,2023-10-05 12:18:00,long,5199.5,5192.5,5192.5,5203.5,-7.0,-70.0,limit_touch,stop_loss
2023-10-05,2023-10-05 12:45:00,2023-10-05 12:45:00,2023-10-05 12:45:00,long,5200.5,5204.0,5193.5,5204.0,3.5,35.0,limit_touch,take_profit
2023-10-06,2023-10-06 12:42:00,2023-10-06 12:45:00,2023-10-06 12:46:00,short,5176.0,5171.5,5184.0,5171.5,4.5,45.0,limit_touch,take_profit
2023-10-06,2023-10-06 12:58:00,2023-10-06 13:00:00,2023-10-06 13:08:00,short,5173.0,5168.5,5181.0,5168.5,4.5,45.0,limit_touch,take_profit
2023-10-10,2023-10-10 11:30:00,2023-10-10 11:45:00,2023-10-10 11:48:00,short,5094.0,5091.0,5100.0,5091.0,3.0,30.0,limit_touch,take_profit
2023-10-10,2023-10-10 12:42:00,2023-10-10 13:21:00,2023-10-10 13:46:00,short,5089.5,5086.0,5095.5,5086.0,3.5,35.0,limit_touch,take_profit
2023-10-11,2023-10-11 11:17:00,2023-10-11 11:18:00,2023-10-11 11:24:00,long,5072.5,5066.5,5066.5,5076.0,-6.0,-60.0,limit_touch,stop_loss
2023-10-11,2023-10-11 13:55:00,2023-10-11 13:59:00,2023-10-11 14:23:00,long,5077.0,5080.0,5071.5,5080.0,3.0,30.0,limit_touch,take_profit
2023-10-11,2023-10-11 14:39:00,2023-10-11 14:44:00,2023-10-11 15:00:00,long,5080.5,5075.0,5075.0,5083.5,-5.5,-55.0,limit_touch,stop_loss
2023-10-13,2023-10-13 12:16:00,2023-10-13 12:18:00,2023-10-13 12:20:00,long,5085.5,5088.5,5079.5,5088.5,3.0,30.0,limit_touch,take_profit
2023-10-13,2023-10-13 12:43:00,2023-10-13 12:55:00,2023-10-13 13:15:00,long,5090.5,5084.5,5084.5,5093.5,-6.0,-60.0,limit_touch,stop_loss
2023-10-13,2023-10-13 14:37:00,2023-10-13 14:42:00,2023-10-13 14:44:00,long,5098.5,5101.5,5093.0,5101.5,3.0,30.0,limit_touch,take_profit
2023-10-17,2023-10-17 12:08:00,2023-10-17 12:20:00,2023-10-17 12:27:00,short,5030.5,5036.0,5036.0,5027.5,-5.5,-55.0,limit_touch,stop_loss
2023-10-17,2023-10-17 13:25:00,2023-10-17 13:50:00,2023-10-17 14:14:00,short,5028.0,5033.5,5033.5,5025.0,-5.5,-55.0,limit_touch,stop_loss
2023-10-18,2023-10-18 11:54:00,2023-10-18 11:58:00,2023-10-18 11:59:00,long,5076.5,5079.5,5071.0,5079.5,3.0,30.0,limit_touch,take_profit
2023-10-18,2023-10-18 12:11:00,2023-10-18 12:15:00,2023-10-18 12:15:00,long,5078.5,5081.5,5073.0,5081.5,3.0,30.0,limit_touch,take_profit
2023-10-19,2023-10-19 12:14:00,2023-10-19 12:20:00,2023-10-19 12:24:00,short,5061.5,5058.5,5067.5,5058.5,3.0,30.0,limit_touch,take_profit
2023-10-19,2023-10-19 12:48:00,2023-10-19 12:59:00,2023-10-19 13:00:00,short,5054.0,5059.5,5059.5,5051.0,-5.5,-55.0,limit_touch,ambiguous_stop_first
2023-10-19,2023-10-19 13:04:00,2023-10-19 13:04:00,2023-10-19 13:05:00,short,5044.0,5040.5,5050.0,5040.5,3.5,35.0,limit_touch,take_profit
2023-10-19,2023-10-19 13:22:00,2023-10-19 13:24:00,2023-10-19 13:24:00,short,5038.0,5034.5,5044.5,5034.5,3.5,35.0,limit_touch,take_profit
2023-10-20,2023-10-20 11:39:00,2023-10-20 11:41:00,2023-10-20 12:11:00,short,5053.5,5049.5,5060.5,5049.5,4.0,40.0,limit_touch,take_profit
2023-10-20,2023-10-20 12:52:00,2023-10-20 13:04:00,2023-10-20 13:04:00,short,5050.0,5046.5,5057.0,5046.5,3.5,35.0,limit_touch,take_profit
2023-10-23,2023-10-23 11:53:00,2023-10-23 12:00:00,2023-10-23 12:03:00,short,5018.5,5015.0,5024.5,5015.0,3.5,35.0,limit_touch,take_profit
2023-10-23,2023-10-23 12:28:00,2023-10-23 12:36:00,2023-10-23 12:42:00,short,5013.0,5009.5,5019.0,5009.5,3.5,35.0,limit_touch,take_profit
2023-10-23,2023-10-23 13:58:00,2023-10-23 14:25:00,2023-10-23 14:55:00,short,5010.0,5016.0,5016.0,5007.0,-6.0,-60.0,limit_touch,stop_loss
2023-10-24,2023-10-24 11:16:00,2023-10-24 11:21:00,2023-10-24 11:21:00,short,5005.0,5002.0,5011.0,5002.0,3.0,30.0,limit_touch,take_profit
2023-10-24,2023-10-24 11:29:00,2023-10-24 11:36:00,2023-10-24 11:38:00,short,5000.0,4996.5,5006.0,4996.5,3.5,35.0,limit_touch,take_profit
2023-10-25,2023-10-25 11:19:00,2023-10-25 11:19:00,2023-10-25 11:32:00,long,5018.5,5013.0,5013.0,5021.5,-5.5,-55.0,limit_touch,stop_loss
2023-10-26,2023-10-26 11:15:00,2023-10-26 11:15:00,2023-10-26 11:15:00,long,5018.0,5021.0,5012.5,5021.0,3.0,30.0,limit_touch,take_profit
2023-10-30,2023-10-30 11:32:00,2023-10-30 11:33:00,2023-10-30 11:37:00,long,5003.5,5007.5,4996.5,5007.5,4.0,40.0,limit_touch,take_profit
2023-10-30,2023-10-30 11:51:00,2023-10-30 11:51:00,2023-10-30 11:51:00,long,5024.5,5028.5,5016.5,5028.5,4.0,40.0,limit_touch,take_profit
2023-10-30,2023-10-30 12:51:00,2023-10-30 12:57:00,2023-10-30 13:18:00,long,5039.0,5044.0,5030.0,5044.0,5.0,50.0,limit_touch,take_profit
2023-10-30,2023-10-30 13:56:00,2023-10-30 14:04:00,2023-10-30 14:54:00,long,5048.0,5052.5,5039.5,5052.5,4.5,45.0,limit_touch,take_profit
2023-11-01,2023-11-01 11:24:00,2023-11-01 11:25:00,2023-11-01 11:25:00,short,5028.5,5025.0,5035.5,5025.0,3.5,35.0,limit_touch,take_profit
2023-11-01,2023-11-01 14:18:00,2023-11-01 14:32:00,2023-11-01 14:32:00,short,5020.0,5016.5,5026.0,5016.5,3.5,35.0,limit_touch,take_profit
2023-11-06,2023-11-06 13:02:00,2023-11-06 13:05:00,2023-11-06 13:23:00,short,4905.5,4911.0,4911.0,4902.5,-5.5,-55.0,limit_touch,stop_loss
2023-11-08,2023-11-08 11:35:00,2023-11-08 11:37:00,2023-11-08 11:37:00,short,4888.5,4886.0,4893.5,4886.0,2.5,25.0,limit_touch,take_profit
2023-11-08,2023-11-08 11:39:00,2023-11-08 11:41:00,2023-11-08 11:41:00,short,4887.5,4885.0,4892.5,4885.0,2.5,25.0,limit_touch,take_profit
2023-11-08,2023-11-08 14:33:00,2023-11-08 14:38:00,2023-11-08 14:59:00,long,4918.0,4920.5,4913.5,4920.5,2.5,25.0,limit_touch,take_profit
2023-11-09,2023-11-09 14:40:00,2023-11-09 14:48:00,2023-11-09 15:01:00,long,4925.0,4927.5,4920.5,4927.5,2.5,25.0,limit_touch,take_profit
2023-11-10,2023-11-10 13:14:00,2023-11-10 13:27:00,2023-11-10 13:28:00,short,4927.5,4924.5,4933.0,4924.5,3.0,30.0,limit_touch,take_profit
2023-11-10,2023-11-10 14:10:00,2023-11-10 14:27:00,2023-11-10 14:37:00,short,4921.5,4918.5,4926.5,4918.5,3.0,30.0,limit_touch,take_profit
2023-11-13,2023-11-13 13:19:00,2023-11-13 13:21:00,2023-11-13 13:22:00,short,4921.5,4919.0,4926.0,4919.0,2.5,25.0,limit_touch,take_profit
2023-11-16,2023-11-16 13:44:00,2023-11-16 13:59:00,2023-11-16 14:11:00,long,4888.0,4882.5,4882.5,4891.0,-5.5,-55.0,limit_touch,stop_loss
2023-11-17,2023-11-17 11:30:00,2023-11-17 11:32:00,2023-11-17 11:35:00,long,4900.0,4903.0,4894.5,4903.0,3.0,30.0,limit_touch,take_profit
2023-11-17,2023-11-17 12:14:00,2023-11-17 12:16:00,2023-11-17 12:33:00,long,4902.5,4905.5,4897.0,4905.5,3.0,30.0,limit_touch,take_profit
2023-11-20,2023-11-20 12:00:00,2023-11-20 12:08:00,2023-11-20 12:10:00,short,4872.5,4870.0,4877.0,4870.0,2.5,25.0,limit_touch,take_profit
2023-11-20,2023-11-20 12:48:00,2023-11-20 13:06:00,2023-11-20 14:42:00,short,4869.0,4873.5,4873.5,4866.5,-4.5,-45.0,limit_touch,stop_loss
2023-11-21,2023-11-21 12:17:00,2023-11-21 12:19:00,2023-11-21 12:19:00,long,4886.0,4888.5,4881.0,4888.5,2.5,25.0,limit_touch,take_profit
2023-11-21,2023-11-21 12:28:00,2023-11-21 12:35:00,2023-11-21 12:35:00,long,4888.0,4890.5,4883.0,4890.5,2.5,25.0,limit_touch,take_profit
2023-11-22,2023-11-22 14:45:00,2023-11-22 14:45:00,2023-11-22 14:45:00,long,4913.0,4915.5,4908.0,4915.5,2.5,25.0,limit_touch,take_profit
2023-11-24,2023-11-24 12:52:00,2023-11-24 12:55:00,2023-11-24 12:55:00,long,4905.0,4907.0,4901.0,4907.0,2.0,20.0,limit_touch,take_profit
2023-11-27,2023-11-27 12:07:00,2023-11-27 12:08:00,2023-11-27 12:08:00,long,4908.5,4911.0,4904.0,4911.0,2.5,25.0,limit_touch,take_profit
2023-11-27,2023-11-27 12:25:00,2023-11-27 12:30:00,2023-11-27 12:30:00,long,4916.0,4918.5,4911.5,4918.5,2.5,25.0,limit_touch,take_profit
2023-11-28,2023-11-28 12:00:00,2023-11-28 12:00:00,2023-11-28 12:00:00,short,4884.0,4881.5,4889.0,4881.5,2.5,25.0,limit_touch,take_profit
2023-11-28,2023-11-28 12:07:00,2023-11-28 12:08:00,2023-11-28 12:15:00,short,4876.5,4873.5,4881.5,4873.5,3.0,30.0,limit_touch,take_profit
2023-11-28,2023-11-28 12:18:00,2023-11-28 12:21:00,2023-11-28 12:29:00,short,4874.5,4871.5,4879.5,4871.5,3.0,30.0,limit_touch,take_profit
2023-11-28,2023-11-28 12:41:00,2023-11-28 12:44:00,2023-11-28 13:40:00,short,4865.5,4862.5,4871.0,4862.5,3.0,30.0,limit_touch,take_profit
2023-11-29,2023-11-29 11:19:00,2023-11-29 11:22:00,2023-11-29 11:22:00,long,4899.5,4902.0,4895.0,4902.0,2.5,25.0,limit_touch,take_profit
2023-11-30,2023-11-30 11:46:00,2023-11-30 11:47:00,2023-11-30 11:56:00,long,4955.5,4949.0,4949.0,4959.0,-6.5,-65.0,limit_touch,stop_loss
2023-12-01,2023-12-01 12:13:00,2023-12-01 12:14:00,2023-12-01 12:14:00,short,4917.5,4914.5,4923.0,4914.5,3.0,30.0,limit_touch,take_profit
2023-12-01,2023-12-01 12:21:00,2023-12-01 12:21:00,2023-12-01 12:22:00,short,4915.0,4912.0,4920.5,4912.0,3.0,30.0,limit_touch,take_profit
2023-12-01,2023-12-01 13:16:00,2023-12-01 13:20:00,2023-12-01 13:20:00,short,4899.5,4896.5,4905.5,4896.5,3.0,30.0,limit_touch,take_profit
2023-12-04,2023-12-04 11:26:00,2023-12-04 11:28:00,2023-12-04 11:28:00,long,4926.5,4929.0,4921.5,4929.0,2.5,25.0,limit_touch,take_profit
2023-12-04,2023-12-04 11:58:00,2023-12-04 11:59:00,2023-12-04 12:03:00,long,4927.5,4922.5,4922.5,4930.0,-5.0,-50.0,limit_touch,stop_loss
2023-12-04,2023-12-04 12:42:00,2023-12-04 13:10:00,2023-12-04 13:53:00,long,4939.0,4942.0,4934.0,4942.0,3.0,30.0,limit_touch,take_profit
2023-12-05,2023-12-05 12:05:00,2023-12-05 12:05:00,2023-12-05 12:09:00,short,4951.0,4956.5,4956.5,4948.0,-5.5,-55.0,limit_touch,stop_loss
2023-12-05,2023-12-05 14:13:00,2023-12-05 14:13:00,2023-12-05 14:13:00,short,4948.5,4945.5,4954.5,4945.5,3.0,30.0,limit_touch,take_profit
2023-12-06,2023-12-06 11:18:00,2023-12-06 11:20:00,2023-12-06 11:23:00,short,4904.0,4901.5,4909.0,4901.5,2.5,25.0,limit_touch,take_profit
2023-12-06,2023-12-06 11:28:00,2023-12-06 11:33:00,2023-12-06 11:33:00,short,4902.5,4900.0,4907.5,4900.0,2.5,25.0,limit_touch,take_profit
2023-12-07,2023-12-07 11:42:00,2023-12-07 11:46:00,2023-12-07 11:47:00,long,4918.5,4921.0,4914.0,4921.0,2.5,25.0,limit_touch,take_profit
2023-12-07,2023-12-07 11:50:00,2023-12-07 11:51:00,2023-12-07 11:52:00,long,4920.0,4922.5,4915.5,4922.5,2.5,25.0,limit_touch,take_profit
2023-12-08,2023-12-08 11:28:00,2023-12-08 11:28:00,2023-12-08 11:28:00,long,4939.5,4942.5,4934.0,4942.5,3.0,30.0,limit_touch,take_profit
2023-12-12,2023-12-12 11:18:00,2023-12-12 11:18:00,2023-12-12 11:23:00,long,4950.0,4945.0,4945.0,4952.5,-5.0,-50.0,limit_touch,stop_loss
2023-12-12,2023-12-12 11:37:00,2023-12-12 11:37:00,2023-12-12 11:37:00,long,4956.5,4959.0,4951.5,4959.0,2.5,25.0,limit_touch,take_profit
2023-12-12,2023-12-12 11:46:00,2023-12-12 11:46:00,2023-12-12 11:47:00,long,4960.5,4963.0,4955.5,4963.0,2.5,25.0,limit_touch,take_profit
2023-12-12,2023-12-12 12:37:00,2023-12-12 12:40:00,2023-12-12 12:54:00,long,4963.5,4966.0,4958.5,4966.0,2.5,25.0,limit_touch,take_profit
2023-12-12,2023-12-12 13:45:00,2023-12-12 13:53:00,2023-12-12 13:55:00,long,4966.5,4969.0,4962.0,4969.0,2.5,25.0,limit_touch,take_profit
2023-12-12,2023-12-12 14:38:00,2023-12-12 14:47:00,2023-12-12 14:51:00,long,4971.5,4974.0,4967.0,4974.0,2.5,25.0,limit_touch,take_profit
2023-12-13,2023-12-13 12:04:00,2023-12-13 12:06:00,2023-12-13 12:07:00,short,4953.5,4958.5,4958.5,4951.0,-5.0,-50.0,limit_touch,stop_loss
2023-12-14,2023-12-14 11:51:00,2023-12-14 11:52:00,2023-12-14 11:53:00,short,4885.0,4881.5,4892.0,4881.5,3.5,35.0,limit_touch,take_profit
2023-12-18,2023-12-18 14:27:00,2023-12-18 14:28:00,2023-12-18 15:01:00,short,4931.0,4928.0,4935.0,4928.0,3.0,30.0,better_open,take_profit
2023-12-19,2023-12-19 12:59:00,2023-12-19 13:01:00,2023-12-19 13:03:00,short,4858.0,4855.5,4863.0,4855.5,2.5,25.0,limit_touch,take_profit
2023-12-20,2023-12-20 11:20:00,2023-12-20 11:20:00,2023-12-20 11:20:00,long,4872.0,4874.0,4868.0,4874.0,2.0,20.0,limit_touch,take_profit
2023-12-20,2023-12-20 11:39:00,2023-12-20 11:41:00,2023-12-20 11:41:00,long,4873.5,4875.5,4869.5,4875.5,2.0,20.0,limit_touch,take_profit
2023-12-20,2023-12-20 11:51:00,2023-12-20 11:54:00,2023-12-20 11:54:00,long,4875.0,4877.0,4871.0,4877.0,2.0,20.0,limit_touch,take_profit
2023-12-20,2023-12-20 12:02:00,2023-12-20 12:04:00,2023-12-20 12:11:00,long,4877.5,4879.5,4873.5,4879.5,2.0,20.0,limit_touch,take_profit
2023-12-20,2023-12-20 12:14:00,2023-12-20 12:15:00,2023-12-20 12:27:00,long,4878.0,4874.0,4874.0,4880.0,-4.0,-40.0,limit_touch,stop_loss
2023-12-20,2023-12-20 13:01:00,2023-12-20 13:05:00,2023-12-20 13:05:00,long,4878.5,4874.5,4874.5,4880.5,-4.0,-40.0,limit_touch,stop_loss
2023-12-20,2023-12-20 13:57:00,2023-12-20 14:02:00,2023-12-20 14:23:00,long,4885.5,4888.0,4881.5,4888.0,2.5,25.0,limit_touch,take_profit
2023-12-21,2023-12-21 11:39:00,2023-12-21 11:40:00,2023-12-21 11:53:00,short,4871.0,4876.5,4876.5,4868.0,-5.5,-55.0,limit_touch,stop_loss
2023-12-21,2023-12-21 13:32:00,2023-12-21 13:32:00,2023-12-21 13:32:00,short,4868.5,4865.5,4873.5,4865.5,3.0,30.0,limit_touch,take_profit
2023-12-22,2023-12-22 11:33:00,2023-12-22 11:34:00,2023-12-22 11:40:00,short,4862.5,4865.0,4865.0,4858.0,-2.5,-25.0,better_open,stop_loss
2023-12-22,2023-12-22 12:07:00,2023-12-22 12:07:00,2023-12-22 12:09:00,short,4855.0,4852.5,4860.0,4852.5,2.5,25.0,limit_touch,take_profit
2023-12-22,2023-12-22 14:38:00,2023-12-22 14:38:00,2023-12-22 14:41:00,short,4853.5,4851.0,4858.0,4851.0,2.5,25.0,limit_touch,take_profit
2023-12-26,2023-12-26 12:08:00,2023-12-26 12:09:00,2023-12-26 12:12:00,short,4832.5,4830.0,4837.0,4830.0,2.5,25.0,limit_touch,take_profit
2023-12-26,2023-12-26 12:59:00,2023-12-26 13:11:00,2023-12-26 13:13:00,short,4826.5,4824.0,4831.0,4824.0,2.5,25.0,limit_touch,take_profit
2023-12-26,2023-12-26 14:17:00,2023-12-26 14:21:00,2023-12-26 14:22:00,short,4820.0,4818.0,4824.0,4818.0,2.0,20.0,limit_touch,take_profit
2023-12-27,2023-12-27 11:16:00,2023-12-27 11:34:00,2023-12-27 11:34:00,long,4826.5,4828.5,4823.0,4828.5,2.0,20.0,limit_touch,take_profit
2023-12-27,2023-12-27 13:56:00,2023-12-27 13:56:00,2023-12-27 14:00:00,long,4829.0,4825.0,4825.0,4831.0,-4.0,-40.0,limit_touch,stop_loss
2023-12-28,2023-12-28 14:32:00,2023-12-28 14:33:00,2023-12-28 14:33:00,long,4881.5,4884.5,4876.5,4884.5,3.0,30.0,limit_touch,take_profit
2024-01-02,2024-01-02 12:55:00,2024-01-02 13:46:00,2024-01-02 14:17:00,long,4916.5,4920.0,4910.5,4920.0,3.5,35.0,limit_touch,take_profit
2024-01-03,2024-01-03 11:40:00,2024-01-03 11:40:00,2024-01-03 11:41:00,short,4934.5,4931.5,4940.0,4931.5,3.0,30.0,limit_touch,take_profit
2024-01-03,2024-01-03 12:01:00,2024-01-03 12:02:00,2024-01-03 12:02:00,short,4928.5,4929.0,4929.0,4919.5,-0.5,-5.0,better_open,ambiguous_stop_first
2024-01-03,2024-01-03 12:06:00,2024-01-03 12:06:00,2024-01-03 12:06:00,short,4922.5,4919.0,4928.5,4919.0,3.5,35.0,limit_touch,take_profit
2024-01-04,2024-01-04 11:15:00,2024-01-04 11:15:00,2024-01-04 11:17:00,long,4947.0,4950.0,4941.5,4950.0,3.0,30.0,limit_touch,take_profit
2024-01-04,2024-01-04 11:30:00,2024-01-04 11:31:00,2024-01-04 11:37:00,long,4950.0,4944.5,4944.5,4953.0,-5.5,-55.0,limit_touch,stop_loss
2024-01-05,2024-01-05 11:35:00,2024-01-05 11:40:00,2024-01-05 11:40:00,short,4905.5,4902.5,4911.0,4902.5,3.0,30.0,limit_touch,take_profit
2024-01-05,2024-01-05 12:12:00,2024-01-05 12:27:00,2024-01-05 12:32:00,short,4888.0,4884.5,4894.0,4884.5,3.5,35.0,limit_touch,take_profit
2024-01-08,2024-01-08 11:49:00,2024-01-08 11:53:00,2024-01-08 11:53:00,short,4894.0,4891.5,4899.0,4891.5,2.5,25.0,limit_touch,take_profit
2024-01-08,2024-01-08 13:01:00,2024-01-08 13:02:00,2024-01-08 13:06:00,short,4892.0,4889.5,4896.5,4889.5,2.5,25.0,limit_touch,take_profit
2024-01-08,2024-01-08 13:44:00,2024-01-08 13:49:00,2024-01-08 13:49:00,short,4887.0,4884.5,4891.5,4884.5,2.5,25.0,limit_touch,take_profit
2024-01-09,2024-01-09 12:44:00,2024-01-09 12:51:00,2024-01-09 12:58:00,long,4916.5,4919.0,4912.0,4919.0,2.5,25.0,limit_touch,take_profit
2024-01-09,2024-01-09 13:03:00,2024-01-09 13:10:00,2024-01-09 13:17:00,long,4917.0,4912.5,4912.5,4919.5,-4.5,-45.0,limit_touch,stop_loss
2024-01-10,2024-01-10 11:36:00,2024-01-10 11:37:00,2024-01-10 11:38:00,long,4915.5,4911.0,4911.0,4918.0,-4.5,-45.0,limit_touch,stop_loss
2024-01-11,2024-01-11 11:37:00,2024-01-11 11:39:00,2024-01-11 11:39:00,short,4876.0,4873.0,4881.5,4873.0,3.0,30.0,limit_touch,take_profit
2024-01-12,2024-01-12 11:45:00,2024-01-12 11:45:00,2024-01-12 11:45:00,short,4848.5,4845.5,4853.5,4845.5,3.0,30.0,limit_touch,take_profit
2024-01-15,2024-01-15 12:18:00,2024-01-15 12:57:00,2024-01-15 13:18:00,long,4890.5,4886.5,4886.5,4892.5,-4.0,-40.0,limit_touch,stop_loss
2024-01-16,2024-01-16 11:48:00,2024-01-16 11:48:00,2024-01-16 11:49:00,long,4912.5,4915.0,4908.0,4915.0,2.5,25.0,limit_touch,take_profit
2024-01-16,2024-01-16 11:55:00,2024-01-16 11:57:00,2024-01-16 12:26:00,long,4916.0,4918.5,4911.5,4918.5,2.5,25.0,limit_touch,take_profit
2024-01-16,2024-01-16 12:40:00,2024-01-16 12:42:00,2024-01-16 12:42:00,long,4928.0,4930.5,4923.5,4930.5,2.5,25.0,limit_touch,take_profit
2024-01-16,2024-01-16 13:01:00,2024-01-16 13:01:00,2024-01-16 13:01:00,long,4931.5,4934.0,4927.0,4934.0,2.5,25.0,limit_touch,take_profit
2024-01-16,2024-01-16 13:02:00,2024-01-16 13:03:00,2024-01-16 13:04:00,long,4931.0,4929.0,4929.0,4936.0,-2.0,-20.0,better_open,stop_loss
2024-01-16,2024-01-16 14:35:00,2024-01-16 14:36:00,2024-01-16 14:36:00,long,4934.0,4936.5,4929.0,4936.5,2.5,25.0,limit_touch,take_profit
2024-01-17,2024-01-17 13:27:00,2024-01-17 13:28:00,2024-01-17 13:41:00,short,4936.5,4933.5,4942.0,4933.5,3.0,30.0,limit_touch,take_profit
2024-01-18,2024-01-18 11:27:00,2024-01-18 11:30:00,2024-01-18 11:30:00,long,4951.5,4954.0,4946.5,4954.0,2.5,25.0,limit_touch,take_profit
2024-01-18,2024-01-18 11:43:00,2024-01-18 11:44:00,2024-01-18 11:44:00,long,4952.5,4955.0,4947.5,4955.0,2.5,25.0,limit_touch,take_profit
2024-01-18,2024-01-18 12:29:00,2024-01-18 12:31:00,2024-01-18 12:32:00,long,4959.0,4961.5,4954.0,4961.5,2.5,25.0,limit_touch,take_profit
2024-01-19,2024-01-19 11:31:00,2024-01-19 11:31:00,2024-01-19 11:31:00,long,4934.0,4936.5,4929.0,4936.5,2.5,25.0,limit_touch,take_profit
2024-01-19,2024-01-19 11:41:00,2024-01-19 11:41:00,2024-01-19 11:41:00,long,4938.5,4941.0,4933.5,4941.0,2.5,25.0,limit_touch,take_profit
2024-01-19,2024-01-19 12:06:00,2024-01-19 12:07:00,2024-01-19 12:07:00,long,4942.0,4945.0,4937.0,4945.0,3.0,30.0,limit_touch,take_profit
2024-01-22,2024-01-22 11:28:00,2024-01-22 11:31:00,2024-01-22 11:46:00,long,4960.5,4955.5,4955.5,4963.5,-5.0,-50.0,limit_touch,stop_loss
2024-01-22,2024-01-22 13:49:00,2024-01-22 13:56:00,2024-01-22 13:56:00,long,4989.5,4992.5,4984.0,4992.5,3.0,30.0,limit_touch,take_profit
2024-01-25,2024-01-25 12:03:00,2024-01-25 12:06:00,2024-01-25 12:09:00,short,4920.0,4917.5,4925.0,4917.5,2.5,25.0,limit_touch,take_profit
2024-01-25,2024-01-25 12:22:00,2024-01-25 12:23:00,2024-01-25 12:23:00,short,4916.5,4914.0,4921.5,4914.0,2.5,25.0,limit_touch,take_profit
2024-01-29,2024-01-29 11:17:00,2024-01-29 11:17:00,2024-01-29 11:20:00,long,4927.0,4929.0,4923.5,4929.0,2.0,20.0,limit_touch,take_profit
2024-01-29,2024-01-29 11:27:00,2024-01-29 11:27:00,2024-01-29 11:27:00,long,4930.5,4932.5,4926.5,4932.5,2.0,20.0,limit_touch,take_profit
2024-01-29,2024-01-29 13:00:00,2024-01-29 13:00:00,2024-01-29 13:00:00,long,4948.5,4950.5,4944.5,4950.5,2.0,20.0,limit_touch,take_profit
2024-01-30,2024-01-30 12:17:00,2024-01-30 12:19:00,2024-01-30 12:19:00,long,4976.5,4979.0,4971.5,4979.0,2.5,25.0,limit_touch,take_profit
2024-01-31,2024-01-31 11:15:00,2024-01-31 11:15:00,2024-01-31 11:16:00,short,4958.5,4956.0,4963.5,4956.0,2.5,25.0,limit_touch,take_profit
2024-01-31,2024-01-31 11:36:00,2024-01-31 11:36:00,2024-01-31 11:36:00,short,4948.0,4945.0,4953.5,4945.0,3.0,30.0,limit_touch,take_profit
2024-01-31,2024-01-31 11:40:00,2024-01-31 11:40:00,2024-01-31 11:40:00,short,4946.5,4943.5,4952.0,4943.5,3.0,30.0,limit_touch,take_profit
2024-01-31,2024-01-31 13:11:00,2024-01-31 13:11:00,2024-01-31 13:11:00,short,4945.0,4942.0,4951.0,4942.0,3.0,30.0,limit_touch,take_profit
2024-02-01,2024-02-01 11:53:00,2024-02-01 12:00:00,2024-02-01 12:04:00,short,4946.0,4942.5,4952.5,4942.5,3.5,35.0,limit_touch,take_profit
2024-02-01,2024-02-01 12:09:00,2024-02-01 12:13:00,2024-02-01 12:25:00,short,4944.0,4940.5,4950.5,4940.5,3.5,35.0,limit_touch,take_profit
2024-02-01,2024-02-01 12:54:00,2024-02-01 13:02:00,2024-02-01 13:02:00,short,4933.5,4930.0,4940.0,4930.0,3.5,35.0,limit_touch,take_profit
2024-02-02,2024-02-02 12:35:00,2024-02-02 13:07:00,2024-02-02 13:15:00,long,4978.0,4981.0,4972.0,4981.0,3.0,30.0,limit_touch,take_profit
2024-02-05,2024-02-05 12:02:00,2024-02-05 12:02:00,2024-02-05 12:02:00,long,5017.5,5020.0,5013.0,5020.0,2.5,25.0,limit_touch,take_profit
2024-02-05,2024-02-05 12:10:00,2024-02-05 12:13:00,2024-02-05 12:13:00,long,5021.5,5024.0,5017.0,5024.0,2.5,25.0,limit_touch,take_profit
2024-02-05,2024-02-05 12:18:00,2024-02-05 12:25:00,2024-02-05 12:25:00,long,5022.0,5024.5,5017.5,5024.5,2.5,25.0,limit_touch,take_profit
2024-02-06,2024-02-06 11:30:00,2024-02-06 11:30:00,2024-02-06 11:30:00,long,4988.5,4990.5,4984.5,4990.5,2.0,20.0,limit_touch,take_profit
2024-02-06,2024-02-06 11:59:00,2024-02-06 11:59:00,2024-02-06 12:08:00,short,4971.0,4968.5,4975.5,4968.5,2.5,25.0,limit_touch,take_profit
2024-02-06,2024-02-06 12:09:00,2024-02-06 12:09:00,2024-02-06 12:09:00,short,4969.5,4967.0,4974.0,4967.0,2.5,25.0,limit_touch,take_profit
2024-02-06,2024-02-06 12:21:00,2024-02-06 12:24:00,2024-02-06 12:31:00,short,4968.5,4966.0,4973.0,4966.0,2.5,25.0,limit_touch,take_profit
2024-02-06,2024-02-06 12:34:00,2024-02-06 12:39:00,2024-02-06 12:39:00,short,4965.0,4962.5,4969.5,4962.5,2.5,25.0,limit_touch,take_profit
2024-02-06,2024-02-06 14:28:00,2024-02-06 14:32:00,2024-02-06 14:59:00,short,4965.0,4969.0,4969.0,4962.5,-4.0,-40.0,limit_touch,stop_loss
2024-02-08,2024-02-08 12:51:00,2024-02-08 12:51:00,2024-02-08 12:51:00,long,5005.0,5007.0,5001.0,5007.0,2.0,20.0,limit_touch,take_profit
2024-02-08,2024-02-08 13:52:00,2024-02-08 13:53:00,2024-02-08 13:53:00,long,5008.0,5010.0,5004.0,5010.0,2.0,20.0,limit_touch,take_profit
2024-02-09,2024-02-09 14:41:00,2024-02-09 14:42:00,2024-02-09 14:42:00,short,4969.0,4967.0,4973.0,4967.0,2.0,20.0,limit_touch,take_profit
2024-02-15,2024-02-15 12:42:00,2024-02-15 12:42:00,2024-02-15 12:42:00,long,4981.0,4983.0,4977.5,4983.0,2.0,20.0,limit_touch,take_profit
2024-02-15,2024-02-15 12:51:00,2024-02-15 12:54:00,2024-02-15 12:54:00,long,4984.0,4986.0,4980.5,4986.0,2.0,20.0,limit_touch,take_profit
2024-02-15,2024-02-15 13:04:00,2024-02-15 13:05:00,2024-02-15 13:07:00,long,4984.5,4986.5,4981.0,4986.5,2.0,20.0,limit_touch,take_profit
2024-02-15,2024-02-15 13:10:00,2024-02-15 13:10:00,2024-02-15 13:10:00,long,4986.5,4988.5,4983.0,4988.5,2.0,20.0,limit_touch,take_profit
2024-02-16,2024-02-16 11:23:00,2024-02-16 11:23:00,2024-02-16 11:23:00,long,4992.0,4994.0,4988.5,4994.0,2.0,20.0,limit_touch,take_profit
2024-02-16,2024-02-16 12:10:00,2024-02-16 12:11:00,2024-02-16 12:12:00,short,4972.5,4970.5,4976.0,4970.5,2.0,20.0,limit_touch,take_profit
2024-02-16,2024-02-16 12:14:00,2024-02-16 12:15:00,2024-02-16 12:17:00,short,4969.0,4967.0,4972.5,4967.0,2.0,20.0,better_open,take_profit
2024-02-19,2024-02-19 11:18:00,2024-02-19 11:19:00,2024-02-19 11:28:00,short,4960.5,4963.0,4963.0,4958.5,-2.5,-25.0,better_open,stop_loss
2024-02-20,2024-02-20 11:34:00,2024-02-20 11:50:00,2024-02-20 11:50:00,short,4937.0,4935.5,4940.0,4935.5,1.5,15.0,limit_touch,take_profit
2024-02-22,2024-02-22 11:18:00,2024-02-22 11:22:00,2024-02-22 11:23:00,long,4950.0,4952.0,4946.5,4952.0,2.0,20.0,limit_touch,take_profit
2024-02-23,2024-02-23 11:20:00,2024-02-23 11:20:00,2024-02-23 11:20:00,long,4989.5,4991.5,4986.0,4991.5,2.0,20.0,limit_touch,take_profit
2024-02-23,2024-02-23 12:08:00,2024-02-23 12:14:00,2024-02-23 12:19:00,long,4994.0,4990.0,4990.0,4996.0,-4.0,-40.0,limit_touch,stop_loss
2024-02-26,2024-02-26 11:25:00,2024-02-26 11:25:00,2024-02-26 11:25:00,short,4980.0,4978.0,4984.0,4978.0,2.0,20.0,limit_touch,take_profit
2024-02-26,2024-02-26 11:29:00,2024-02-26 11:30:00,2024-02-26 11:32:00,short,4979.5,4977.5,4983.5,4977.5,2.0,20.0,limit_touch,take_profit
2024-02-26,2024-02-26 11:37:00,2024-02-26 11:40:00,2024-02-26 11:40:00,short,4975.0,4973.0,4979.0,4973.0,2.0,20.0,limit_touch,take_profit
2024-02-27,2024-02-27 11:17:00,2024-02-27 11:17:00,2024-02-27 11:17:00,short,4961.0,4959.0,4964.5,4959.0,2.0,20.0,limit_touch,take_profit
2024-02-27,2024-02-27 12:03:00,2024-02-27 12:06:00,2024-02-27 12:06:00,short,4949.0,4947.0,4953.0,4947.0,2.0,20.0,limit_touch,take_profit
2024-02-27,2024-02-27 12:48:00,2024-02-27 12:52:00,2024-02-27 13:21:00,short,4944.0,4942.0,4948.0,4942.0,2.0,20.0,limit_touch,take_profit
2024-02-28,2024-02-28 11:36:00,2024-02-28 11:41:00,2024-02-28 11:43:00,long,4959.5,4955.5,4955.5,4961.5,-4.0,-40.0,limit_touch,stop_loss
2024-02-28,2024-02-28 11:56:00,2024-02-28 11:57:00,2024-02-28 12:10:00,long,4960.5,4956.5,4956.5,4962.5,-4.0,-40.0,limit_touch,stop_loss
2024-03-01,2024-03-01 11:20:00,2024-03-01 11:20:00,2024-03-01 11:20:00,short,4970.5,4968.0,4974.5,4968.0,2.5,25.0,limit_touch,take_profit
2024-03-01,2024-03-01 11:22:00,2024-03-01 11:22:00,2024-03-01 11:22:00,short,4969.5,4967.0,4974.0,4967.0,2.5,25.0,limit_touch,take_profit
2024-03-01,2024-03-01 12:11:00,2024-03-01 12:11:00,2024-03-01 12:11:00,short,4967.0,4964.5,4971.5,4964.5,2.5,25.0,limit_touch,take_profit
2024-03-01,2024-03-01 12:16:00,2024-03-01 12:18:00,2024-03-01 12:24:00,short,4965.5,4963.0,4970.0,4963.0,2.5,25.0,limit_touch,take_profit
2024-03-01,2024-03-01 12:51:00,2024-03-01 13:01:00,2024-03-01 13:08:00,short,4962.5,4960.0,4967.0,4960.0,2.5,25.0,limit_touch,take_profit
2024-03-04,2024-03-04 11:15:00,2024-03-04 11:15:00,2024-03-04 11:18:00,short,4956.5,4954.5,4960.0,4954.5,2.0,20.0,limit_touch,take_profit
2024-03-04,2024-03-04 11:19:00,2024-03-04 11:20:00,2024-03-04 11:22:00,short,4955.5,4959.0,4959.0,4953.5,-3.5,-35.0,limit_touch,stop_loss
2024-03-04,2024-03-04 13:17:00,2024-03-04 13:21:00,2024-03-04 13:30:00,short,4954.0,4952.5,4957.0,4952.5,1.5,15.0,limit_touch,take_profit
2024-03-05,2024-03-05 12:01:00,2024-03-05 12:02:00,2024-03-05 12:02:00,short,4958.0,4958.0,4957.5,4953.0,-0.0,-0.0,better_open,stop_gap_open
2024-03-05,2024-03-05 12:17:00,2024-03-05 12:18:00,2024-03-05 12:20:00,short,4956.0,4956.5,4956.5,4952.0,-0.5,-5.0,better_open,stop_loss
2024-03-05,2024-03-05 13:56:00,2024-03-05 13:56:00,2024-03-05 13:57:00,long,4970.0,4972.0,4966.5,4972.0,2.0,20.0,limit_touch,take_profit
2024-03-08,2024-03-08 11:15:00,2024-03-08 11:18:00,2024-03-08 11:24:00,long,4994.5,4990.0,4990.0,4997.0,-4.5,-45.0,limit_touch,stop_loss
2024-03-11,2024-03-11 11:36:00,2024-03-11 11:37:00,2024-03-11 11:41:00,short,4972.5,4970.5,4976.5,4970.5,2.0,20.0,limit_touch,take_profit
2024-03-14,2024-03-14 12:21:00,2024-03-14 12:24:00,2024-03-14 12:32:00,long,4983.5,4985.5,4979.5,4985.5,2.0,20.0,limit_touch,take_profit
2024-03-14,2024-03-14 12:56:00,2024-03-14 13:02:00,2024-03-14 13:20:00,long,4984.0,4980.0,4980.0,4986.0,-4.0,-40.0,limit_touch,stop_loss
2024-03-14,2024-03-14 14:26:00,2024-03-14 14:45:00,2024-03-14 14:59:00,long,4990.0,4992.0,4986.5,4992.0,2.0,20.0,limit_touch,take_profit
2024-03-18,2024-03-18 11:57:00,2024-03-18 11:59:00,2024-03-18 11:59:00,long,5028.0,5030.0,5024.0,5030.0,2.0,20.0,limit_touch,take_profit
2024-03-19,2024-03-19 11:32:00,2024-03-19 11:35:00,2024-03-19 11:36:00,short,5034.5,5032.5,5038.5,5032.5,2.0,20.0,limit_touch,take_profit
2024-03-19,2024-03-19 11:40:00,2024-03-19 11:44:00,2024-03-19 11:45:00,short,5031.0,5029.0,5035.0,5029.0,2.0,20.0,limit_touch,take_profit
2024-03-19,2024-03-19 11:55:00,2024-03-19 11:57:00,2024-03-19 11:57:00,short,5028.5,5026.5,5032.5,5026.5,2.0,20.0,limit_touch,take_profit
2024-03-19,2024-03-19 12:57:00,2024-03-19 13:01:00,2024-03-19 13:07:00,short,5025.0,5029.0,5029.0,5023.0,-4.0,-40.0,limit_touch,stop_loss
2024-03-20,2024-03-20 11:41:00,2024-03-20 11:44:00,2024-03-20 11:44:00,short,5012.0,5010.0,5016.0,5010.0,2.0,20.0,limit_touch,take_profit
2024-03-20,2024-03-20 12:18:00,2024-03-20 12:25:00,2024-03-20 12:31:00,short,5009.0,5007.0,5013.0,5007.0,2.0,20.0,limit_touch,take_profit
2024-03-20,2024-03-20 13:00:00,2024-03-20 13:04:00,2024-03-20 13:12:00,short,5008.5,5006.5,5012.0,5006.5,2.0,20.0,limit_touch,take_profit
2024-03-20,2024-03-20 13:27:00,2024-03-20 13:58:00,2024-03-20 14:01:00,short,5007.5,5005.5,5011.5,5005.5,2.0,20.0,limit_touch,take_profit
2024-03-20,2024-03-20 14:09:00,2024-03-20 14:15:00,2024-03-20 14:15:00,short,5007.0,5005.0,5010.5,5005.0,2.0,20.0,limit_touch,take_profit
2024-03-22,2024-03-22 11:55:00,2024-03-22 11:56:00,2024-03-22 12:11:00,short,4985.5,4989.5,4989.5,4983.5,-4.0,-40.0,limit_touch,stop_loss
2024-03-26,2024-03-26 11:23:00,2024-03-26 11:28:00,2024-03-26 11:28:00,long,4985.0,4986.5,4982.0,4986.5,1.5,15.0,limit_touch,take_profit
2024-03-26,2024-03-26 12:41:00,2024-03-26 12:46:00,2024-03-26 12:46:00,long,4988.5,4990.0,4985.5,4990.0,1.5,15.0,limit_touch,take_profit
2024-03-28,2024-03-28 13:01:00,2024-03-28 13:02:00,2024-03-28 13:02:00,long,5019.0,5021.0,5015.0,5021.0,2.0,20.0,limit_touch,take_profit
2024-03-28,2024-03-28 14:19:00,2024-03-28 14:20:00,2024-03-28 14:20:00,long,5019.5,5021.5,5016.0,5021.5,2.0,20.0,limit_touch,take_profit
2024-04-01,2024-04-01 12:47:00,2024-04-01 13:17:00,2024-04-01 13:19:00,long,5077.5,5079.5,5073.5,5079.5,2.0,20.0,limit_touch,take_profit
2024-04-02,2024-04-02 11:54:00,2024-04-02 11:54:00,2024-04-02 11:54:00,long,5070.5,5073.0,5066.0,5073.0,2.5,25.0,limit_touch,take_profit
2024-04-02,2024-04-02 14:11:00,2024-04-02 14:13:00,2024-04-02 14:37:00,long,5072.0,5074.5,5067.5,5074.5,2.5,25.0,limit_touch,take_profit
2024-04-02,2024-04-02 14:40:00,2024-04-02 14:44:00,2024-04-02 15:14:00,long,5072.5,5068.0,5068.0,5075.0,-4.5,-45.0,limit_touch,stop_loss
2024-04-03,2024-04-03 12:45:00,2024-04-03 12:45:00,2024-04-03 12:45:00,short,5076.0,5073.5,5080.5,5073.5,2.5,25.0,limit_touch,take_profit
2024-04-04,2024-04-04 12:48:00,2024-04-04 12:54:00,2024-04-04 13:01:00,short,5024.5,5022.0,5029.0,5022.0,2.5,25.0,limit_touch,take_profit
2024-04-05,2024-04-05 13:33:00,2024-04-05 13:47:00,2024-04-05 13:54:00,long,5079.5,5074.5,5074.5,5082.0,-5.0,-50.0,limit_touch,stop_loss
2024-04-08,2024-04-08 13:05:00,2024-04-08 13:22:00,2024-04-08 13:23:00,short,5046.5,5044.5,5050.5,5044.5,2.0,20.0,limit_touch,take_profit
2024-04-09,2024-04-09 11:19:00,2024-04-09 11:28:00,2024-04-09 11:36:00,short,5014.5,5018.5,5018.5,5012.5,-4.0,-40.0,limit_touch,stop_loss
2024-04-09,2024-04-09 12:40:00,2024-04-09 12:45:00,2024-04-09 12:47:00,short,5014.0,5012.0,5018.0,5012.0,2.0,20.0,limit_touch,take_profit
2024-04-10,2024-04-10 14:12:00,2024-04-10 14:24:00,2024-04-10 14:24:00,long,5079.0,5081.5,5074.5,5081.5,2.5,25.0,limit_touch,take_profit
2024-04-11,2024-04-11 11:17:00,2024-04-11 11:20:00,2024-04-11 11:20:00,long,5097.0,5100.0,5091.5,5100.0,3.0,30.0,limit_touch,take_profit
2024-04-12,2024-04-12 11:17:00,2024-04-12 11:18:00,2024-04-12 11:18:00,long,5145.5,5148.0,5141.0,5148.0,2.5,25.0,limit_touch,take_profit
2024-04-12,2024-04-12 12:00:00,2024-04-12 12:04:00,2024-04-12 12:04:00,long,5150.5,5153.0,5146.0,5153.0,2.5,25.0,limit_touch,take_profit
2024-04-12,2024-04-12 12:08:00,2024-04-12 12:19:00,2024-04-12 12:22:00,long,5152.0,5154.5,5147.0,5154.5,2.5,25.0,limit_touch,take_profit
2024-04-15,2024-04-15 14:28:00,2024-04-15 14:35:00,2024-04-15 14:35:00,long,5208.0,5211.0,5202.0,5211.0,3.0,30.0,limit_touch,take_profit
2024-04-16,2024-04-16 11:40:00,2024-04-16 11:44:00,2024-04-16 11:46:00,long,5277.5,5281.5,5270.0,5281.5,4.0,40.0,limit_touch,take_profit
2024-04-16,2024-04-16 12:00:00,2024-04-16 12:04:00,2024-04-16 12:16:00,long,5282.5,5275.0,5275.0,5286.5,-7.5,-75.0,limit_touch,stop_loss
2024-04-18,2024-04-18 12:24:00,2024-04-18 12:24:00,2024-04-18 12:24:00,long,5265.5,5269.5,5258.5,5269.5,4.0,40.0,limit_touch,take_profit
2024-04-18,2024-04-18 12:35:00,2024-04-18 12:37:00,2024-04-18 12:40:00,long,5266.0,5270.0,5259.0,5270.0,4.0,40.0,limit_touch,take_profit
2024-04-18,2024-04-18 12:44:00,2024-04-18 12:51:00,2024-04-18 12:55:00,long,5266.5,5259.5,5259.5,5270.5,-7.0,-70.0,limit_touch,stop_loss
2024-04-18,2024-04-18 13:35:00,2024-04-18 13:36:00,2024-04-18 13:46:00,long,5267.5,5271.0,5261.0,5271.0,3.5,35.0,limit_touch,take_profit
2024-04-18,2024-04-18 14:26:00,2024-04-18 14:28:00,2024-04-18 14:45:00,long,5278.0,5271.5,5271.5,5281.5,-6.5,-65.0,limit_touch,stop_loss
2024-04-19,2024-04-19 12:51:00,2024-04-19 13:12:00,2024-04-19 13:14:00,short,5218.0,5215.0,5224.0,5215.0,3.0,30.0,limit_touch,take_profit
2024-04-22,2024-04-22 11:26:00,2024-04-22 11:28:00,2024-04-22 11:34:00,short,5197.0,5202.5,5202.5,5194.0,-5.5,-55.0,limit_touch,stop_loss
2024-04-22,2024-04-22 11:52:00,2024-04-22 11:54:00,2024-04-22 12:01:00,short,5195.5,5201.0,5201.0,5192.5,-5.5,-55.0,limit_touch,stop_loss
2024-04-22,2024-04-22 14:26:00,2024-04-22 14:44:00,2024-04-22 14:45:00,short,5182.5,5180.0,5187.5,5180.0,2.5,25.0,limit_touch,take_profit
2024-04-23,2024-04-23 11:28:00,2024-04-23 11:41:00,2024-04-23 11:48:00,short,5152.5,5158.0,5158.0,5149.5,-5.5,-55.0,limit_touch,stop_loss
2024-04-24,2024-04-24 11:38:00,2024-04-24 11:47:00,2024-04-24 11:47:00,long,5167.5,5170.0,5163.0,5170.0,2.5,25.0,limit_touch,take_profit
2024-04-26,2024-04-26 13:38:00,2024-04-26 14:27:00,2024-04-26 14:42:00,short,5120.0,5117.0,5125.0,5117.0,3.0,30.0,limit_touch,take_profit
2024-04-30,2024-04-30 12:01:00,2024-04-30 12:07:00,2024-04-30 12:09:00,long,5189.5,5192.5,5184.0,5192.5,3.0,30.0,limit_touch,take_profit
2024-05-02,2024-05-02 11:39:00,2024-05-02 11:53:00,2024-05-02 11:53:00,short,5125.5,5122.5,5131.5,5122.5,3.0,30.0,limit_touch,take_profit
2024-05-06,2024-05-06 14:11:00,2024-05-06 14:12:00,2024-05-06 14:12:00,short,5077.5,5075.5,5081.5,5075.5,2.0,20.0,limit_touch,take_profit
2024-05-07,2024-05-07 11:55:00,2024-05-07 12:03:00,2024-05-07 12:12:00,short,5064.5,5068.5,5068.5,5062.5,-4.0,-40.0,limit_touch,stop_loss
2024-05-10,2024-05-10 11:21:00,2024-05-10 11:22:00,2024-05-10 11:25:00,long,5153.0,5156.0,5148.0,5156.0,3.0,30.0,limit_touch,take_profit
2024-05-10,2024-05-10 11:28:00,2024-05-10 11:34:00,2024-05-10 11:53:00,long,5155.5,5158.5,5150.0,5158.5,3.0,30.0,limit_touch,take_profit
2024-05-10,2024-05-10 12:08:00,2024-05-10 12:15:00,2024-05-10 12:18:00,long,5156.5,5159.5,5151.5,5159.5,3.0,30.0,limit_touch,take_profit
2024-05-10,2024-05-10 12:32:00,2024-05-10 12:33:00,2024-05-10 12:33:00,long,5160.0,5162.5,5155.0,5162.5,2.5,25.0,limit_touch,take_profit
2024-05-10,2024-05-10 14:23:00,2024-05-10 14:46:00,2024-05-10 14:46:00,long,5164.5,5167.0,5160.0,5167.0,2.5,25.0,limit_touch,take_profit
2024-05-13,2024-05-13 12:49:00,2024-05-13 13:07:00,2024-05-13 13:26:00,long,5167.5,5170.0,5162.5,5170.0,2.5,25.0,limit_touch,take_profit
2024-05-15,2024-05-15 12:35:00,2024-05-15 12:40:00,2024-05-15 12:41:00,short,5133.5,5130.5,5139.0,5130.5,3.0,30.0,limit_touch,take_profit
2024-05-17,2024-05-17 11:28:00,2024-05-17 11:29:00,2024-05-17 11:30:00,short,5115.5,5113.0,5119.5,5113.0,2.5,25.0,limit_touch,take_profit
2024-05-20,2024-05-20 12:00:00,2024-05-20 12:03:00,2024-05-20 12:12:00,short,5100.0,5104.0,5104.0,5098.0,-4.0,-40.0,limit_touch,stop_loss
2024-05-21,2024-05-21 12:01:00,2024-05-21 12:03:00,2024-05-21 12:03:00,long,5111.0,5113.0,5107.0,5113.0,2.0,20.0,limit_touch,take_profit
2024-05-21,2024-05-21 13:37:00,2024-05-21 13:44:00,2024-05-21 14:12:00,long,5122.5,5125.0,5118.5,5125.0,2.5,25.0,limit_touch,take_profit
2024-05-22,2024-05-22 11:20:00,2024-05-22 11:20:00,2024-05-22 11:21:00,long,5158.0,5160.0,5154.0,5160.0,2.0,20.0,limit_touch,take_profit
2024-05-22,2024-05-22 11:25:00,2024-05-22 11:25:00,2024-05-22 11:25:00,long,5159.5,5161.5,5155.5,5161.5,2.0,20.0,limit_touch,take_profit
2024-05-22,2024-05-22 11:44:00,2024-05-22 11:46:00,2024-05-22 11:50:00,long,5162.0,5164.0,5158.0,5164.0,2.0,20.0,limit_touch,take_profit
2024-05-23,2024-05-23 11:22:00,2024-05-23 11:22:00,2024-05-23 11:22:00,long,5154.0,5156.5,5149.0,5156.5,2.5,25.0,limit_touch,take_profit
2024-05-24,2024-05-24 14:13:00,2024-05-24 14:19:00,2024-05-24 14:19:00,long,5154.0,5156.0,5150.0,5156.0,2.0,20.0,limit_touch,take_profit
2024-05-27,2024-05-27 11:16:00,2024-05-27 11:17:00,2024-05-27 11:26:00,long,5174.5,5176.5,5170.5,5176.5,2.0,20.0,limit_touch,take_profit
2024-05-27,2024-05-27 11:36:00,2024-05-27 11:40:00,2024-05-27 11:59:00,long,5181.0,5177.0,5177.0,5183.0,-4.0,-40.0,limit_touch,stop_loss
2024-05-29,2024-05-29 12:19:00,2024-05-29 12:27:00,2024-05-29 12:32:00,long,5202.5,5204.5,5198.5,5204.5,2.0,20.0,limit_touch,take_profit
2024-05-29,2024-05-29 13:24:00,2024-05-29 13:36:00,2024-05-29 13:36:00,long,5205.5,5207.5,5201.5,5207.5,2.0,20.0,limit_touch,take_profit
2024-05-29,2024-05-29 14:09:00,2024-05-29 14:22:00,2024-05-29 14:33:00,long,5208.0,5210.0,5204.0,5210.0,2.0,20.0,limit_touch,take_profit
2024-05-31,2024-05-31 11:54:00,2024-05-31 12:03:00,2024-05-31 12:03:00,long,5262.5,5265.5,5257.5,5265.5,3.0,30.0,limit_touch,take_profit
2024-06-03,2024-06-03 11:18:00,2024-06-03 11:18:00,2024-06-03 11:18:00,short,5243.5,5240.0,5249.5,5240.0,3.5,35.0,limit_touch,take_profit
2024-06-03,2024-06-03 11:31:00,2024-06-03 11:38:00,2024-06-03 11:44:00,short,5239.0,5235.5,5245.0,5235.5,3.5,35.0,limit_touch,take_profit
2024-06-04,2024-06-04 12:15:00,2024-06-04 12:15:00,2024-06-04 12:15:00,long,5288.5,5291.5,5282.5,5291.5,3.0,30.0,limit_touch,take_profit
2024-06-04,2024-06-04 12:49:00,2024-06-04 12:49:00,2024-06-04 12:49:00,long,5293.5,5297.0,5287.5,5297.0,3.5,35.0,limit_touch,take_profit
2024-06-04,2024-06-04 13:03:00,2024-06-04 13:10:00,2024-06-04 13:27:00,long,5300.0,5303.5,5294.0,5303.5,3.5,35.0,limit_touch,take_profit
2024-06-04,2024-06-04 13:37:00,2024-06-04 13:40:00,2024-06-04 13:58:00,long,5302.5,5296.0,5296.0,5306.0,-6.5,-65.0,limit_touch,stop_loss
2024-06-05,2024-06-05 11:16:00,2024-06-05 11:17:00,2024-06-05 11:21:00,long,5309.0,5303.5,5303.5,5312.0,-5.5,-55.0,limit_touch,stop_loss
2024-06-06,2024-06-06 11:39:00,2024-06-06 11:42:00,2024-06-06 11:43:00,short,5275.5,5272.5,5281.0,5272.5,3.0,30.0,limit_touch,take_profit
2024-06-11,2024-06-11 11:25:00,2024-06-11 11:26:00,2024-06-11 11:34:00,short,5351.0,5357.5,5357.5,5347.5,-6.5,-65.0,limit_touch,stop_loss
2024-06-13,2024-06-13 12:27:00,2024-06-13 12:28:00,2024-06-13 12:28:00,short,5388.0,5383.5,5396.5,5383.5,4.5,45.0,limit_touch,take_profit
2024-06-13,2024-06-13 12:32:00,2024-06-13 12:34:00,2024-06-13 12:34:00,short,5384.0,5379.5,5392.5,5379.5,4.5,45.0,limit_touch,take_profit
2024-06-13,2024-06-13 12:38:00,2024-06-13 12:42:00,2024-06-13 13:07:00,short,5381.5,5390.0,5390.0,5377.0,-8.5,-85.0,limit_touch,stop_loss
2024-06-13,2024-06-13 13:53:00,2024-06-13 13:55:00,2024-06-13 13:55:00,short,5381.0,5376.5,5389.5,5376.5,4.5,45.0,limit_touch,take_profit
2024-06-13,2024-06-13 13:58:00,2024-06-13 14:00:00,2024-06-13 14:02:00,short,5380.5,5376.0,5389.0,5376.0,4.5,45.0,limit_touch,take_profit
2024-06-13,2024-06-13 14:03:00,2024-06-13 14:11:00,2024-06-13 14:19:00,short,5378.5,5387.0,5387.0,5374.0,-8.5,-85.0,limit_touch,stop_loss
2024-06-17,2024-06-17 11:33:00,2024-06-17 12:01:00,2024-06-17 12:09:00,long,5419.0,5422.0,5413.5,5422.0,3.0,30.0,limit_touch,take_profit
2024-06-17,2024-06-17 12:13:00,2024-06-17 12:20:00,2024-06-17 12:20:00,long,5425.0,5428.0,5419.5,5428.0,3.0,30.0,limit_touch,take_profit
2024-06-19,2024-06-19 13:23:00,2024-06-19 13:30:00,2024-06-19 13:55:00,long,5472.0,5474.5,5467.0,5474.5,2.5,25.0,limit_touch,take_profit
2024-06-19,2024-06-19 14:31:00,2024-06-19 14:40:00,2024-06-19 15:23:00,long,5479.5,5475.0,5475.0,5482.0,-4.5,-45.0,limit_touch,stop_loss
2024-06-20,2024-06-20 11:37:00,2024-06-20 11:41:00,2024-06-20 11:47:00,long,5421.5,5425.0,5415.5,5425.0,3.5,35.0,limit_touch,take_profit
2024-06-20,2024-06-20 11:54:00,2024-06-20 11:58:00,2024-06-20 11:58:00,long,5431.0,5434.5,5424.5,5434.5,3.5,35.0,limit_touch,take_profit
2024-06-20,2024-06-20 12:13:00,2024-06-20 12:15:00,2024-06-20 12:20:00,long,5444.5,5448.0,5437.5,5448.0,3.5,35.0,limit_touch,take_profit
2024-06-20,2024-06-20 12:41:00,2024-06-20 12:46:00,2024-06-20 12:56:00,long,5447.0,5450.5,5440.0,5450.5,3.5,35.0,limit_touch,take_profit
2024-06-20,2024-06-20 13:31:00,2024-06-20 14:05:00,2024-06-20 14:05:00,long,5461.0,5464.5,5454.0,5464.5,3.5,35.0,limit_touch,take_profit
2024-06-21,2024-06-21 12:19:00,2024-06-21 12:19:00,2024-06-21 12:20:00,long,5458.0,5461.5,5451.5,5461.5,3.5,35.0,limit_touch,take_profit
2024-06-21,2024-06-21 12:29:00,2024-06-21 12:35:00,2024-06-21 12:45:00,long,5459.0,5462.5,5452.5,5462.5,3.5,35.0,limit_touch,take_profit
2024-06-25,2024-06-25 11:15:00,2024-06-25 11:15:00,2024-06-25 11:18:00,long,5435.0,5438.0,5429.5,5438.0,3.0,30.0,limit_touch,take_profit
2024-06-25,2024-06-25 11:47:00,2024-06-25 11:49:00,2024-06-25 12:04:00,long,5438.0,5432.5,5432.5,5441.0,-5.5,-55.0,limit_touch,stop_loss
2024-06-25,2024-06-25 12:24:00,2024-06-25 12:30:00,2024-06-25 12:35:00,long,5442.0,5445.0,5436.5,5445.0,3.0,30.0,limit_touch,take_profit
2024-06-25,2024-06-25 13:47:00,2024-06-25 13:49:00,2024-06-25 13:55:00,long,5442.5,5445.5,5437.0,5445.5,3.0,30.0,limit_touch,take_profit
2024-06-25,2024-06-25 14:09:00,2024-06-25 14:29:00,2024-06-25 14:38:00,long,5447.5,5450.5,5442.0,5450.5,3.0,30.0,limit_touch,take_profit
2024-06-27,2024-06-27 11:24:00,2024-06-27 11:26:00,2024-06-27 11:29:00,long,5522.5,5516.5,5516.5,5526.0,-6.0,-60.0,limit_touch,stop_loss
2024-06-27,2024-06-27 12:33:00,2024-06-27 12:37:00,2024-06-27 13:35:00,long,5532.0,5535.5,5526.0,5535.5,3.5,35.0,limit_touch,take_profit
2024-07-01,2024-07-01 13:37:00,2024-07-01 13:38:00,2024-07-01 13:56:00,long,5618.5,5622.5,5611.5,5622.5,4.0,40.0,limit_touch,take_profit
2024-07-01,2024-07-01 14:00:00,2024-07-01 14:04:00,2024-07-01 14:53:00,long,5620.0,5623.5,5613.5,5623.5,3.5,35.0,limit_touch,take_profit
2024-07-02,2024-07-02 11:26:00,2024-07-02 11:30:00,2024-07-02 11:34:00,long,5695.0,5687.0,5687.0,5699.5,-8.0,-80.0,limit_touch,stop_loss
2024-07-02,2024-07-02 13:08:00,2024-07-02 13:14:00,2024-07-02 13:20:00,long,5695.5,5700.0,5687.5,5700.0,4.5,45.0,limit_touch,take_profit
2024-07-02,2024-07-02 13:56:00,2024-07-02 14:26:00,2024-07-02 14:35:00,long,5706.5,5710.5,5698.5,5710.5,4.0,40.0,limit_touch,take_profit
2024-07-03,2024-07-03 13:58:00,2024-07-03 14:16:00,2024-07-03 15:24:00,short,5575.5,5584.0,5584.0,5571.0,-8.5,-85.0,limit_touch,stop_loss
2024-07-09,2024-07-09 13:25:00,2024-07-09 13:56:00,2024-07-09 14:01:00,short,5440.5,5437.5,5446.0,5437.5,3.0,30.0,limit_touch,take_profit
2024-07-10,2024-07-10 13:58:00,2024-07-10 14:08:00,2024-07-10 14:20:00,long,5427.5,5430.5,5422.5,5430.5,3.0,30.0,limit_touch,take_profit
2024-07-11,2024-07-11 11:26:00,2024-07-11 11:32:00,2024-07-11 11:38:00,long,5433.0,5437.0,5425.5,5437.0,4.0,40.0,limit_touch,take_profit
2024-07-11,2024-07-11 11:41:00,2024-07-11 11:44:00,2024-07-11 11:52:00,long,5437.5,5430.0,5430.0,5441.5,-7.5,-75.0,limit_touch,stop_loss
2024-07-11,2024-07-11 12:05:00,2024-07-11 12:10:00,2024-07-11 12:12:00,long,5438.0,5442.0,5430.5,5442.0,4.0,40.0,limit_touch,take_profit
2024-07-11,2024-07-11 12:28:00,2024-07-11 12:54:00,2024-07-11 13:05:00,long,5438.5,5442.5,5431.0,5442.5,4.0,40.0,limit_touch,take_profit
2024-07-11,2024-07-11 13:39:00,2024-07-11 13:44:00,2024-07-11 13:52:00,long,5455.0,5459.0,5448.0,5459.0,4.0,40.0,limit_touch,take_profit
2024-07-15,2024-07-15 12:57:00,2024-07-15 13:08:00,2024-07-15 13:25:00,short,5452.5,5458.5,5458.5,5449.5,-6.0,-60.0,limit_touch,stop_loss
2024-07-15,2024-07-15 13:43:00,2024-07-15 13:44:00,2024-07-15 13:44:00,short,5449.0,5452.5,5452.5,5443.5,-3.5,-35.0,better_open,stop_loss
2024-07-16,2024-07-16 12:56:00,2024-07-16 12:56:00,2024-07-16 12:56:00,long,5462.5,5466.0,5456.0,5466.0,3.5,35.0,limit_touch,take_profit
2024-07-16,2024-07-16 13:42:00,2024-07-16 13:45:00,2024-07-16 14:00:00,long,5464.0,5457.5,5457.5,5467.5,-6.5,-65.0,limit_touch,stop_loss
2024-07-17,2024-07-17 13:16:00,2024-07-17 13:26:00,2024-07-17 13:30:00,long,5486.0,5489.0,5480.5,5489.0,3.0,30.0,limit_touch,take_profit
2024-07-17,2024-07-17 13:48:00,2024-07-17 14:01:00,2024-07-17 14:01:00,long,5488.0,5491.0,5482.5,5491.0,3.0,30.0,limit_touch,take_profit
2024-07-18,2024-07-18 11:33:00,2024-07-18 11:37:00,2024-07-18 11:37:00,long,5551.0,5554.0,5545.0,5554.0,3.0,30.0,limit_touch,take_profit
2024-07-19,2024-07-19 12:34:00,2024-07-19 12:34:00,2024-07-19 12:44:00,long,5574.5,5566.5,5566.5,5579.0,-8.0,-80.0,limit_touch,stop_loss
2024-07-19,2024-07-19 13:21:00,2024-07-19 13:24:00,2024-07-19 13:25:00,long,5577.5,5582.0,5569.5,5582.0,4.5,45.0,limit_touch,take_profit
2024-07-19,2024-07-19 13:58:00,2024-07-19 14:08:00,2024-07-19 14:26:00,long,5582.5,5587.0,5574.5,5587.0,4.5,45.0,limit_touch,take_profit
2024-07-22,2024-07-22 11:42:00,2024-07-22 11:44:00,2024-07-22 11:44:00,short,5564.0,5560.0,5571.0,5560.0,4.0,40.0,limit_touch,take_profit
2024-07-22,2024-07-22 13:23:00,2024-07-22 13:32:00,2024-07-22 14:21:00,short,5552.5,5559.5,5559.5,5548.5,-7.0,-70.0,limit_touch,stop_loss
2024-07-23,2024-07-23 11:37:00,2024-07-23 11:39:00,2024-07-23 11:39:00,short,5572.5,5568.5,5579.5,5568.5,4.0,40.0,limit_touch,take_profit
2024-07-23,2024-07-23 11:50:00,2024-07-23 11:51:00,2024-07-23 11:51:00,short,5571.0,5567.0,5578.0,5567.0,4.0,40.0,limit_touch,take_profit
2024-07-25,2024-07-25 12:19:00,2024-07-25 12:25:00,2024-07-25 12:29:00,short,5644.0,5640.0,5651.5,5640.0,4.0,40.0,limit_touch,take_profit
2024-07-25,2024-07-25 12:56:00,2024-07-25 13:09:00,2024-07-25 13:10:00,short,5639.5,5635.5,5647.0,5635.5,4.0,40.0,limit_touch,take_profit
2024-07-25,2024-07-25 13:20:00,2024-07-25 14:05:00,2024-07-25 14:11:00,short,5634.0,5641.5,5641.5,5630.0,-7.5,-75.0,limit_touch,stop_loss
2024-07-26,2024-07-26 11:39:00,2024-07-26 11:39:00,2024-07-26 11:39:00,long,5652.5,5656.5,5645.0,5656.5,4.0,40.0,limit_touch,take_profit
2024-07-26,2024-07-26 11:53:00,2024-07-26 11:55:00,2024-07-26 11:58:00,long,5656.0,5660.0,5648.5,5660.0,4.0,40.0,limit_touch,take_profit
2024-07-26,2024-07-26 12:16:00,2024-07-26 12:25:00,2024-07-26 12:26:00,long,5658.0,5662.0,5650.5,5662.0,4.0,40.0,limit_touch,take_profit
2024-07-26,2024-07-26 12:36:00,2024-07-26 12:44:00,2024-07-26 12:44:00,long,5662.5,5666.5,5655.0,5666.5,4.0,40.0,limit_touch,take_profit
2024-07-26,2024-07-26 14:16:00,2024-07-26 14:29:00,2024-07-26 14:34:00,long,5664.0,5667.5,5657.0,5667.5,3.5,35.0,limit_touch,take_profit
2024-07-26,2024-07-26 14:39:00,2024-07-26 14:45:00,2024-07-26 14:51:00,long,5668.0,5671.5,5661.0,5671.5,3.5,35.0,limit_touch,take_profit
2024-07-29,2024-07-29 11:52:00,2024-07-29 11:53:00,2024-07-29 11:56:00,long,5663.0,5666.5,5656.5,5666.5,3.5,35.0,limit_touch,take_profit
2024-07-29,2024-07-29 12:14:00,2024-07-29 12:17:00,2024-07-29 12:24:00,long,5666.0,5659.5,5659.5,5669.5,-6.5,-65.0,limit_touch,stop_loss
2024-08-01,2024-08-01 13:09:00,2024-08-01 13:15:00,2024-08-01 13:15:00,long,5718.0,5722.5,5709.0,5722.5,4.5,45.0,limit_touch,take_profit
2024-08-01,2024-08-01 13:48:00,2024-08-01 14:04:00,2024-08-01 14:05:00,long,5738.0,5742.5,5729.0,5742.5,4.5,45.0,limit_touch,take_profit
2024-08-01,2024-08-01 14:26:00,2024-08-01 14:45:00,2024-08-01 15:02:00,long,5740.5,5745.0,5731.5,5745.0,4.5,45.0,limit_touch,take_profit
2024-08-02,2024-08-02 14:21:00,2024-08-02 14:28:00,2024-08-02 15:03:00,short,5730.0,5740.0,5740.0,5724.5,-10.0,-100.0,limit_touch,stop_loss
2024-08-05,2024-08-05 13:29:00,2024-08-05 13:37:00,2024-08-05 14:08:00,short,5766.0,5759.5,5778.5,5759.5,6.5,65.0,limit_touch,take_profit
2024-08-06,2024-08-06 13:06:00,2024-08-06 13:29:00,2024-08-06 13:39:00,short,5658.0,5652.5,5668.5,5652.5,5.5,55.0,limit_touch,take_profit
2024-08-08,2024-08-08 11:15:00,2024-08-08 11:20:00,2024-08-08 11:27:00,short,5628.5,5624.0,5636.5,5624.0,4.5,45.0,limit_touch,take_profit
2024-08-08,2024-08-08 11:42:00,2024-08-08 11:48:00,2024-08-08 11:49:00,short,5624.0,5619.5,5632.0,5619.5,4.5,45.0,limit_touch,take_profit
2024-08-08,2024-08-08 12:33:00,2024-08-08 12:37:00,2024-08-08 12:41:00,short,5622.5,5618.5,5630.5,5618.5,4.0,40.0,limit_touch,take_profit
2024-08-08,2024-08-08 13:07:00,2024-08-08 13:16:00,2024-08-08 13:20:00,short,5616.0,5612.0,5623.5,5612.0,4.0,40.0,limit_touch,take_profit
2024-08-08,2024-08-08 13:54:00,2024-08-08 14:02:00,2024-08-08 14:02:00,short,5609.0,5605.0,5616.5,5605.0,4.0,40.0,limit_touch,take_profit
2024-08-09,2024-08-09 11:28:00,2024-08-09 11:29:00,2024-08-09 11:29:00,short,5520.0,5515.5,5528.0,5515.5,4.5,45.0,limit_touch,take_profit
2024-08-09,2024-08-09 11:35:00,2024-08-09 11:38:00,2024-08-09 11:41:00,short,5519.0,5514.5,5527.0,5514.5,4.5,45.0,limit_touch,take_profit
2024-08-09,2024-08-09 11:55:00,2024-08-09 12:05:00,2024-08-09 12:14:00,short,5514.0,5522.0,5522.0,5509.5,-8.0,-80.0,limit_touch,stop_loss
2024-08-09,2024-08-09 14:20:00,2024-08-09 14:32:00,2024-08-09 14:41:00,short,5513.0,5520.5,5520.5,5509.0,-7.5,-75.0,limit_touch,stop_loss
2024-08-12,2024-08-12 12:48:00,2024-08-12 12:50:00,2024-08-12 12:54:00,long,5528.0,5520.0,5520.0,5532.0,-8.0,-80.0,limit_touch,stop_loss
2024-08-13,2024-08-13 14:35:00,2024-08-13 14:39:00,2024-08-13 14:39:00,short,5474.0,5470.5,5481.0,5470.5,3.5,35.0,limit_touch,take_profit
2024-08-14,2024-08-14 13:17:00,2024-08-14 13:19:00,2024-08-14 13:23:00,long,5475.0,5479.0,5468.0,5479.0,4.0,40.0,limit_touch,take_profit
2024-08-14,2024-08-14 13:25:00,2024-08-14 13:29:00,2024-08-14 13:31:00,long,5477.5,5481.5,5470.0,5481.5,4.0,40.0,limit_touch,take_profit
2024-08-14,2024-08-14 13:37:00,2024-08-14 13:41:00,2024-08-14 13:44:00,long,5481.5,5485.5,5474.0,5485.5,4.0,40.0,limit_touch,take_profit
2024-08-14,2024-08-14 14:10:00,2024-08-14 14:16:00,2024-08-14 14:58:00,long,5488.5,5481.0,5481.0,5492.5,-7.5,-75.0,limit_touch,stop_loss
2024-08-15,2024-08-15 12:38:00,2024-08-15 12:39:00,2024-08-15 12:50:00,short,5465.5,5472.5,5472.5,5461.5,-7.0,-70.0,limit_touch,stop_loss
2024-08-16,2024-08-16 11:50:00,2024-08-16 11:50:00,2024-08-16 11:50:00,long,5488.0,5491.5,5481.5,5491.5,3.5,35.0,limit_touch,take_profit
2024-08-19,2024-08-19 11:31:00,2024-08-19 11:37:00,2024-08-19 11:39:00,short,5429.5,5426.0,5436.0,5426.0,3.5,35.0,limit_touch,take_profit
2024-08-19,2024-08-19 11:49:00,2024-08-19 12:01:00,2024-08-19 12:49:00,short,5422.0,5418.5,5428.5,5418.5,3.5,35.0,limit_touch,take_profit
2024-08-19,2024-08-19 13:08:00,2024-08-19 13:18:00,2024-08-19 13:22:00,short,5419.0,5425.0,5425.0,5415.5,-6.0,-60.0,limit_touch,stop_loss
2024-08-19,2024-08-19 14:19:00,2024-08-19 14:27:00,2024-08-19 14:28:00,short,5408.5,5405.0,5415.0,5405.0,3.5,35.0,limit_touch,take_profit
2024-08-20,2024-08-20 11:29:00,2024-08-20 11:29:00,2024-08-20 11:40:00,long,5469.5,5473.5,5462.0,5473.5,4.0,40.0,limit_touch,take_profit
2024-08-20,2024-08-20 11:44:00,2024-08-20 11:47:00,2024-08-20 11:50:00,long,5471.0,5475.0,5463.5,5475.0,4.0,40.0,limit_touch,take_profit
2024-08-20,2024-08-20 12:12:00,2024-08-20 12:13:00,2024-08-20 12:28:00,long,5473.5,5477.5,5466.0,5477.5,4.0,40.0,limit_touch,take_profit
2024-08-20,2024-08-20 12:46:00,2024-08-20 12:54:00,2024-08-20 12:54:00,long,5477.0,5480.5,5470.0,5480.5,3.5,35.0,limit_touch,take_profit
2024-08-20,2024-08-20 13:12:00,2024-08-20 13:29:00,2024-08-20 13:51:00,long,5480.5,5484.5,5473.5,5484.5,4.0,40.0,limit_touch,take_profit
2024-08-21,2024-08-21 14:22:00,2024-08-21 14:28:00,2024-08-21 15:00:00,long,5508.5,5501.5,5501.5,5512.5,-7.0,-70.0,limit_touch,stop_loss
2024-08-22,2024-08-22 11:26:00,2024-08-22 11:31:00,2024-08-22 11:39:00,long,5557.5,5562.0,5549.5,5562.0,4.5,45.0,limit_touch,take_profit
2024-08-22,2024-08-22 13:17:00,2024-08-22 14:05:00,2024-08-22 14:13:00,long,5573.0,5565.5,5565.5,5577.0,-7.5,-75.0,limit_touch,stop_loss
2024-08-23,2024-08-23 11:31:00,2024-08-23 11:33:00,2024-08-23 11:36:00,short,5509.0,5519.0,5519.0,5503.5,-10.0,-100.0,limit_touch,stop_loss
2024-08-23,2024-08-23 13:40:00,2024-08-23 14:02:00,2024-08-23 14:02:00,short,5502.0,5497.0,5511.5,5497.0,5.0,50.0,limit_touch,take_profit
2024-08-26,2024-08-26 12:19:00,2024-08-26 12:19:00,2024-08-26 12:40:00,long,5511.0,5503.0,5503.0,5515.5,-8.0,-80.0,limit_touch,stop_loss
2024-08-27,2024-08-27 12:46:00,2024-08-27 12:48:00,2024-08-27 12:59:00,long,5516.0,5509.0,5509.0,5520.0,-7.0,-70.0,limit_touch,stop_loss
2024-08-28,2024-08-28 13:23:00,2024-08-28 13:29:00,2024-08-28 13:53:00,long,5548.5,5542.0,5542.0,5552.0,-6.5,-65.0,limit_touch,stop_loss
2024-08-29,2024-08-29 11:33:00,2024-08-29 11:38:00,2024-08-29 11:47:00,long,5649.5,5641.5,5641.5,5654.0,-8.0,-80.0,limit_touch,stop_loss
2024-09-02,2024-09-02 11:23:00,2024-09-02 11:24:00,2024-09-02 11:53:00,long,5671.0,5659.0,5659.0,5677.5,-12.0,-120.0,limit_touch,stop_loss
2024-09-02,2024-09-02 13:04:00,2024-09-02 13:06:00,2024-09-02 13:06:00,short,5632.0,5626.0,5643.0,5626.0,6.0,60.0,limit_touch,take_profit
2024-09-02,2024-09-02 14:34:00,2024-09-02 14:47:00,2024-09-02 14:52:00,short,5628.5,5623.0,5638.5,5623.0,5.5,55.0,limit_touch,take_profit
2024-09-03,2024-09-03 11:53:00,2024-09-03 11:54:00,2024-09-03 11:54:00,long,5658.0,5663.0,5648.5,5663.0,5.0,50.0,limit_touch,take_profit
2024-09-04,2024-09-04 11:41:00,2024-09-04 11:45:00,2024-09-04 11:53:00,short,5637.5,5633.0,5645.5,5633.0,4.5,45.0,limit_touch,take_profit
2024-09-05,2024-09-05 13:36:00,2024-09-05 13:42:00,2024-09-05 14:17:00,short,5597.0,5604.0,5604.0,5593.0,-7.0,-70.0,limit_touch,stop_loss
2024-09-06,2024-09-06 11:53:00,2024-09-06 11:55:00,2024-09-06 11:55:00,long,5601.0,5605.5,5593.0,5605.5,4.5,45.0,limit_touch,take_profit
2024-09-06,2024-09-06 12:21:00,2024-09-06 12:23:00,2024-09-06 12:33:00,long,5603.5,5595.0,5595.0,5608.0,-8.5,-85.0,limit_touch,stop_loss
2024-09-06,2024-09-06 13:50:00,2024-09-06 13:53:00,2024-09-06 13:56:00,long,5605.5,5610.0,5597.0,5610.0,4.5,45.0,limit_touch,take_profit
2024-09-09,2024-09-09 14:33:00,2024-09-09 14:43:00,2024-09-09 15:25:00,short,5597.0,5593.5,5604.0,5593.5,3.5,35.0,limit_touch,take_profit
2024-09-10,2024-09-10 11:15:00,2024-09-10 11:21:00,2024-09-10 11:21:00,long,5628.5,5632.0,5622.0,5632.0,3.5,35.0,limit_touch,take_profit
2024-09-10,2024-09-10 11:48:00,2024-09-10 11:50:00,2024-09-10 11:51:00,long,5637.5,5641.0,5630.5,5641.0,3.5,35.0,limit_touch,take_profit
2024-09-10,2024-09-10 11:54:00,2024-09-10 11:59:00,2024-09-10 12:00:00,long,5638.0,5642.0,5631.0,5642.0,4.0,40.0,limit_touch,take_profit
2024-09-10,2024-09-10 12:24:00,2024-09-10 12:31:00,2024-09-10 12:31:00,long,5647.5,5651.5,5640.5,5651.5,4.0,40.0,limit_touch,take_profit
2024-09-10,2024-09-10 13:04:00,2024-09-10 13:11:00,2024-09-10 13:31:00,long,5651.5,5655.0,5644.5,5655.0,3.5,35.0,limit_touch,take_profit
2024-09-11,2024-09-11 11:21:00,2024-09-11 11:21:00,2024-09-11 11:21:00,long,5666.5,5671.0,5658.0,5671.0,4.5,45.0,limit_touch,take_profit
2024-09-11,2024-09-11 11:31:00,2024-09-11 11:33:00,2024-09-11 11:41:00,long,5668.0,5672.5,5660.0,5672.5,4.5,45.0,limit_touch,take_profit
2024-09-11,2024-09-11 11:55:00,2024-09-11 11:59:00,2024-09-11 12:01:00,long,5676.0,5667.5,5667.5,5680.5,-8.5,-85.0,limit_touch,stop_loss
2024-09-12,2024-09-12 11:34:00,2024-09-12 11:36:00,2024-09-12 11:53:00,long,5678.5,5682.5,5671.0,5682.5,4.0,40.0,limit_touch,take_profit
2024-09-12,2024-09-12 11:56:00,2024-09-12 11:58:00,2024-09-12 12:11:00,long,5682.0,5674.5,5674.5,5686.0,-7.5,-75.0,limit_touch,stop_loss
2024-09-13,2024-09-13 11:58:00,2024-09-13 11:58:00,2024-09-13 11:59:00,short,5564.5,5560.0,5572.5,5560.0,4.5,45.0,limit_touch,take_profit
