number,value,datetime_start,datetime_complete,duration,params_ATR_Length,params_AllowFriday,params_AllowMonday,params_AllowThursday,params_AllowTuesday,params_AllowWednesday,params_EntryStart_TotalMinutes,params_FilterAsPercOfContractMARange,params_LastEntry_TotalMinutes,params_MinutesBeforeMarketCloseToClosePositions,params_NumDaysToConsiderPreviousContractMARange,params_RetracementLevel,params_SL_ATRMultiplier,params_TP_ATRMultiplier,user_attrs_train_metrics,state
0,2766.157143,2026-03-26 01:42:14.662169,2026-03-26 01:42:17.435278,0 days 00:00:02.773109,26,True,True,True,True,True,675,0.4,890,7,6,0.14,0.65,0.35,"{'start_date': '2021-03-23', 'end_date': '2024-09-16', 'trading_days': 872, 'total_trades': 1506, 'win_rate': 0.753, 'net_profit_brl': 17060.0, 'avg_profit_brl': 11.33, 'avg_win_brl': 41.12, 'avg_loss_brl': -80.15, 'profit_factor': 1.5768, 'max_drawdown_pct': 6.17, 'expected_payoff': 11.33, 'on_tester_value': 2766.157143}",COMPLETE
1,101.284615,2026-03-26 01:42:17.435337,2026-03-26 01:42:19.594728,0 days 00:00:02.159391,19,False,False,True,False,True,645,0.2,800,2,4,0.21000000000000002,1.5,0.85,"{'start_date': '2021-03-23', 'end_date': '2024-09-16', 'trading_days': 872, 'total_trades': 468, 'win_rate': 0.6496, 'net_profit_brl': 2375.0, 'avg_profit_brl': 5.07, 'avg_win_brl': 102.68, 'avg_loss_brl': -175.85, 'profit_factor': 1.0824, 'max_drawdown_pct': 23.45, 'expected_payoff': 5.07, 'on_tester_value': 101.284615}",COMPLETE
2,-74.311927,2026-03-26 01:42:19.594791,2026-03-26 01:42:22.195651,0 days 00:00:02.600860,38,False,True,False,True,False,785,0.15,835,2,5,0.11,1.4,0.65,"{'start_date': '2021-03-23', 'end_date': '2024-09-16', 'trading_days': 872, 'total_trades': 93, 'win_rate': 0.6452, 'net_profit_brl': -1215.0, 'avg_profit_brl': -13.06, 'avg_win_brl': 72.83, 'avg_loss_brl': -169.24, 'profit_factor': 0.7825, 'max_drawdown_pct': 16.35, 'expected_payoff': -13.06, 'on_tester_value': -74.311927}",COMPLETE
3,362.153704,2026-03-26 01:42:22.195721,2026-03-26 01:42:25.084815,0 days 00:00:02.889094,31,True,True,False,False,False,610,0.25,620,11,5,0.18,0.5,0.85,"{'start_date': '2021-03-23', 'end_date': '2024-09-16', 'trading_days': 872, 'total_trades': 85, 'win_rate': 0.4706, 'net_profit_brl': 1345.0, 'avg_profit_brl': 15.82, 'avg_win_brl': 97.0, 'avg_loss_brl': -56.33, 'profit_factor': 1.5306, 'max_drawdown_pct': 3.71, 'expected_payoff': 15.82, 'on_tester_value': 362.153704}",COMPLETE
4,-1000.0,2026-03-26 01:42:25.084887,2026-03-26 01:42:27.230828,0 days 00:00:02.145941,27,True,True,False,False,False,820,0.25,825,12,3,0.36,1.2000000000000002,0.8,"{'start_date': '2021-03-23', 'end_date': '2024-09-16', 'trading_days': 872, 'total_trades': 0, 'win_rate': 0.0, 'net_profit_brl': 0.0, 'avg_profit_brl': 0.0, 'avg_win_brl': 0.0, 'avg_loss_brl': 0.0, 'profit_factor': 0.0, 'max_drawdown_pct': 0.0, 'expected_payoff': 0.0, 'on_tester_value': 0.0}",COMPLETE
5,936.299425,2026-03-26 01:42:27.230880,2026-03-26 01:42:29.539825,0 days 00:00:02.308945,38,True,False,False,False,True,720,0.30000000000000004,815,13,3,0.13,0.8,0.25,"{'start_date': '2021-03-23', 'end_date': '2024-09-16', 'trading_days': 872, 'total_trades': 253, 'win_rate': 0.8933, 'net_profit_brl': 3995.0, 'avg_profit_brl': 15.79, 'avg_win_brl': 30.35, 'avg_loss_brl': -106.11, 'profit_factor': 2.3944, 'max_drawdown_pct': 4.27, 'expected_payoff': 15.79, 'on_tester_value': 936.299425}",COMPLETE
6,-967.0,2026-03-26 01:42:29.539868,2026-03-26 01:42:31.765547,0 days 00:00:02.225679,16,True,False,False,True,False,770,0.45000000000000007,885,2,4,0.37,1.0,0.45000000000000007,"{'start_date': '2021-03-23', 'end_date': '2024-09-16', 'trading_days': 872, 'total_trades': 33, 'win_rate': 0.8485, 'net_profit_brl': 1050.0, 'avg_profit_brl': 31.82, 'avg_win_brl': 60.71, 'avg_loss_brl': -130.0, 'profit_factor': 2.6154, 'max_drawdown_pct': 2.96, 'expected_payoff': 31.82, 'on_tester_value': 354.539062}",COMPLETE
7,4164.15,2026-03-26 01:42:31.765669,2026-03-26 01:42:34.519641,0 days 00:00:02.753972,38,True,False,True,True,True,660,0.25,890,4,6,0.31,0.55,0.35,"{'start_date': '2021-03-23', 'end_date': '2024-09-16', 'trading_days': 872, 'total_trades': 602, 'win_rate': 0.7807, 'net_profit_brl': 10295.0, 'avg_profit_brl': 17.1, 'avg_win_brl': 40.28, 'avg_loss_brl': -65.92, 'profit_factor': 2.1922, 'max_drawdown_pct': 2.47, 'expected_payoff': 17.1, 'on_tester_value': 4164.15}",COMPLETE
8,5828.551471,2026-03-26 01:42:34.519740,2026-03-26 01:42:37.253890,0 days 00:00:02.734150,28,True,True,True,True,False,590,0.5,740,11,4,0.30000000000000004,0.65,0.1,"{'start_date': '2021-03-23', 'end_date': '2024-09-16', 'trading_days': 872, 'total_trades': 687, 'win_rate': 0.9753, 'net_profit_brl': 7075.0, 'avg_profit_brl': 10.3, 'avg_win_brl': 11.78, 'avg_loss_brl': -67.92, 'profit_factor': 9.681, 'max_drawdown_pct': 1.21, 'expected_payoff': 10.3, 'on_tester_value': 5828.551471}",COMPLETE
9,992.979433,2026-03-26 01:42:37.253941,2026-03-26 01:42:39.892741,0 days 00:00:02.638800,26,False,True,True,True,True,545,0.2,725,4,6,0.15000000000000002,1.35,0.6,"{'start_date': '2021-03-23', 'end_date': '2024-09-16', 'trading_days': 872, 'total_trades': 4038, 'win_rate': 0.708, 'net_profit_brl': 25275.0, 'avg_profit_brl': 6.26, 'avg_win_brl': 65.71, 'avg_loss_brl': -139.8, 'profit_factor': 1.1555, 'max_drawdown_pct': 25.45, 'expected_payoff': 6.26, 'on_tester_value': 992.979433}",COMPLETE
10,27966.355,2026-03-26 01:42:39.892799,2026-03-26 01:42:42.905815,0 days 00:00:03.013016,30,True,False,False,True,True,570,0.5,870,1,6,0.2,0.5,0.15000000000000002,"{'start_date': '2021-03-23', 'end_date': '2024-09-16', 'trading_days': 872, 'total_trades': 1279, 'win_rate': 0.9398, 'net_profit_brl': 17830.0, 'avg_profit_brl': 13.94, 'avg_win_brl': 17.48, 'avg_loss_brl': -54.83, 'profit_factor': 6.6069, 'max_drawdown_pct': 0.64, 'expected_payoff': 13.94, 'on_tester_value': 27966.355}",COMPLETE
11,6473.066667,2026-03-26 01:42:42.905884,2026-03-26 01:42:45.465015,0 days 00:00:02.559131,40,False,True,True,False,False,595,0.4,765,6,6,0.16,0.75,0.30000000000000004,"{'start_date': '2021-03-23', 'end_date': '2024-09-16', 'trading_days': 872, 'total_trades': 935, 'win_rate': 0.8695, 'net_profit_brl': 18020.0, 'avg_profit_brl': 19.27, 'avg_win_brl': 34.85, 'avg_loss_brl': -88.16, 'profit_factor': 2.747, 'max_drawdown_pct': 2.78, 'expected_payoff': 19.27, 'on_tester_value': 6473.066667}",COMPLETE
12,-996.0,2026-03-26 01:42:45.465073,2026-03-26 01:42:48.073517,0 days 00:00:02.608444,38,True,True,False,True,False,865,0.45000000000000007,890,7,6,0.27,0.8500000000000001,0.1,"{'start_date': '2021-03-23', 'end_date': '2024-09-16', 'trading_days': 872, 'total_trades': 4, 'win_rate': 1.0, 'net_profit_brl': 30.0, 'avg_profit_brl': 7.5, 'avg_win_brl': 7.5, 'avg_loss_brl': 0.0, 'profit_factor': inf, 'max_drawdown_pct': 0.0, 'expected_payoff': 7.5, 'on_tester_value': 0.0}",COMPLETE
13,-995.0,2026-03-26 01:42:48.073584,2026-03-26 01:42:50.557629,0 days 00:00:02.484045,37,False,True,True,False,True,890,0.45000000000000007,900,12,4,0.21000000000000002,0.6,0.55,"{'start_date': '2021-03-23', 'end_date': '2024-09-16', 'trading_days': 872, 'total_trades': 5, 'win_rate': 0.4, 'net_profit_brl': -70.0, 'avg_profit_brl': -14.0, 'avg_win_brl': 77.5, 'avg_loss_brl': -75.0, 'profit_factor': 0.6889, 'max_drawdown_pct': 1.39, 'expected_payoff': -14.0, 'on_tester_value': -50.35}",COMPLETE
14,-989.0,2026-03-26 01:42:50.557707,2026-03-26 01:42:52.958122,0 days 00:00:02.400415,12,False,False,False,True,False,790,0.25,870,9,4,0.35,0.8500000000000001,0.45000000000000007,"{'start_date': '2021-03-23', 'end_date': '2024-09-16', 'trading_days': 872, 'total_trades': 11, 'win_rate': 0.6364, 'net_profit_brl': -45.0, 'avg_profit_brl': -4.09, 'avg_win_brl': 56.43, 'avg_loss_brl': -110.0, 'profit_factor': 0.8977, 'max_drawdown_pct': 3.02, 'expected_payoff': -4.09, 'on_tester_value': -14.92377}",COMPLETE
15,2587.46,2026-03-26 01:42:52.958170,2026-03-26 01:42:55.801782,0 days 00:00:02.843612,26,True,False,True,True,False,550,0.35,715,10,4,0.28,0.55,0.6,"{'start_date': '2021-03-23', 'end_date': '2024-09-16', 'trading_days': 872, 'total_trades': 1282, 'win_rate': 0.5663, 'net_profit_brl': 15370.0, 'avg_profit_brl': 11.99, 'avg_win_brl': 66.99, 'avg_loss_brl': -62.88, 'profit_factor': 1.462, 'max_drawdown_pct': 5.94, 'expected_payoff': 11.99, 'on_tester_value': 2587.46}",COMPLETE
16,97.325325,2026-03-26 01:42:55.801829,2026-03-26 01:42:59.332935,0 days 00:00:03.531106,32,True,False,True,True,True,805,0.35,900,10,4,0.33999999999999997,0.75,0.6,"{'start_date': '2021-03-23', 'end_date': '2024-09-16', 'trading_days': 872, 'total_trades': 68, 'win_rate': 0.5588, 'net_profit_brl': 355.0, 'avg_profit_brl': 5.22, 'avg_win_brl': 74.87, 'avg_loss_brl': -83.0, 'profit_factor': 1.1426, 'max_drawdown_pct': 3.65, 'expected_payoff': 5.22, 'on_tester_value': 97.325325}",COMPLETE
17,7618.492188,2026-03-26 01:42:59.332987,2026-03-26 01:43:01.984048,0 days 00:00:02.651061,25,True,True,True,False,False,640,0.4,890,8,6,0.28,0.95,0.15000000000000002,"{'start_date': '2021-03-23', 'end_date': '2024-09-16', 'trading_days': 872, 'total_trades': 600, 'win_rate': 0.98, 'net_profit_brl': 9475.0, 'avg_profit_brl': 15.79, 'avg_win_brl': 18.15, 'avg_loss_brl': -109.09, 'profit_factor': 8.8958, 'max_drawdown_pct': 1.24, 'expected_payoff': 15.79, 'on_tester_value': 7618.492188}",COMPLETE
18,1038.223131,2026-03-26 01:43:01.984100,2026-03-26 01:43:04.625504,0 days 00:00:02.641404,27,True,False,True,True,True,600,0.30000000000000004,730,6,6,0.29000000000000004,1.1,0.9500000000000001,"{'start_date': '2021-03-23', 'end_date': '2024-09-16', 'trading_days': 872, 'total_trades': 990, 'win_rate': 0.5859, 'net_profit_brl': 12475.0, 'avg_profit_brl': 12.6, 'avg_win_brl': 107.41, 'avg_loss_brl': -123.62, 'profit_factor': 1.2504, 'max_drawdown_pct': 12.02, 'expected_payoff': 12.6, 'on_tester_value': 1038.223131}",COMPLETE
19,521.090625,2026-03-26 01:43:04.625549,2026-03-26 01:43:07.352327,0 days 00:00:02.726778,35,False,True,False,True,True,770,0.35,830,5,8,0.21000000000000002,1.35,0.1,"{'start_date': '2021-03-23', 'end_date': '2024-09-16', 'trading_days': 872, 'total_trades': 81, 'win_rate': 0.9877, 'net_profit_brl': 815.0, 'avg_profit_brl': 10.06, 'avg_win_brl': 12.19, 'avg_loss_brl': -160.0, 'profit_factor': 6.0938, 'max_drawdown_pct': 1.56, 'expected_payoff': 10.06, 'on_tester_value': 521.090625}",COMPLETE
20,1091.816415,2026-03-26 01:43:07.352380,2026-03-26 01:43:10.108930,0 days 00:00:02.756550,23,True,True,True,False,False,580,0.4,805,12,8,0.32,1.4500000000000002,0.9,"{'start_date': '2021-03-23', 'end_date': '2024-09-16', 'trading_days': 872, 'total_trades': 803, 'win_rate': 0.66, 'net_profit_brl': 11795.0, 'avg_profit_brl': 14.69, 'avg_win_brl': 108.06, 'avg_loss_brl': -169.05, 'profit_factor': 1.2594, 'max_drawdown_pct': 10.8, 'expected_payoff': 14.69, 'on_tester_value': 1091.816415}",COMPLETE
21,-1000.0,2026-03-26 01:43:10.109007,2026-03-26 01:43:12.617753,0 days 00:00:02.508746,19,True,False,False,True,True,815,0.5,820,5,6,0.35,1.15,0.5,"{'start_date': '2021-03-23', 'end_date': '2024-09-16', 'trading_days': 872, 'total_trades': 0, 'win_rate': 0.0, 'net_profit_brl': 0.0, 'avg_profit_brl': 0.0, 'avg_win_brl': 0.0, 'avg_loss_brl': 0.0, 'profit_factor': 0.0, 'max_drawdown_pct': 0.0, 'expected_payoff': 0.0, 'on_tester_value': 0.0}",COMPLETE
22,4710.72,2026-03-26 01:43:12.617806,2026-03-26 01:43:15.337650,0 days 00:00:02.719844,31,True,True,False,True,True,785,0.45000000000000007,875,2,7,0.12000000000000001,0.6,0.15000000000000002,"{'start_date': '2021-03-23', 'end_date': '2024-09-16', 'trading_days': 872, 'total_trades': 324, 'win_rate': 0.9537, 'net_profit_brl': 4480.0, 'avg_profit_brl': 13.83, 'avg_win_brl': 17.91, 'avg_loss_brl': -70.33, 'profit_factor': 5.2464, 'max_drawdown_pct': 0.95, 'expected_payoff': 13.83, 'on_tester_value': 4710.72}",COMPLETE
23,-991.0,2026-03-26 01:43:15.337714,2026-03-26 01:43:18.134022,0 days 00:00:02.796308,13,True,True,True,False,True,835,0.15,880,8,3,0.4,0.9,0.9500000000000001,"{'start_date': '2021-03-23', 'end_date': '2024-09-16', 'trading_days': 872, 'total_trades': 9, 'win_rate': 0.4444, 'net_profit_brl': 50.0, 'avg_profit_brl': 5.56, 'avg_win_brl': 101.25, 'avg_loss_brl': -71.0, 'profit_factor': 1.1408, 'max_drawdown_pct': 2.28, 'expected_payoff': 5.56, 'on_tester_value': 21.882979}",COMPLETE
24,14787.351408,2026-03-26 01:43:18.134087,2026-03-26 01:43:20.790522,0 days 00:00:02.656435,37,True,False,True,False,True,540,0.15,710,8,3,0.13,1.5,0.1,"{'start_date': '2021-03-23', 'end_date': '2024-09-16', 'trading_days': 872, 'total_trades': 4891, 'win_rate': 0.9409, 'net_profit_brl': 44095.0, 'avg_profit_brl': 9.02, 'avg_win_brl': 15.32, 'avg_loss_brl': -103.96, 'profit_factor': 2.6699, 'max_drawdown_pct': 2.98, 'expected_payoff': 9.02, 'on_tester_value': 14787.351408}",COMPLETE
25,-999.0,2026-03-26 01:43:20.790565,2026-03-26 01:43:23.269724,0 days 00:00:02.479159,29,False,False,True,True,True,900,0.15,900,5,6,0.4,1.4,0.5,"{'start_date': '2021-03-23', 'end_date': '2024-09-16', 'trading_days': 872, 'total_trades': 1, 'win_rate': 1.0, 'net_profit_brl': 60.0, 'avg_profit_brl': 60.0, 'avg_win_brl': 60.0, 'avg_loss_brl': 0.0, 'profit_factor': inf, 'max_drawdown_pct': 0.0, 'expected_payoff': 60.0, 'on_tester_value': 0.0}",COMPLETE
26,952.416142,2026-03-26 01:43:23.269778,2026-03-26 01:43:25.874353,0 days 00:00:02.604575,29,True,False,True,True,False,605,0.25,740,7,6,0.12000000000000001,1.4500000000000002,0.75,"{'start_date': '2021-03-23', 'end_date': '2024-09-16', 'trading_days': 872, 'total_trades': 1391, 'win_rate': 0.6873, 'net_profit_brl': 13395.0, 'avg_profit_brl': 9.63, 'avg_win_brl': 85.48, 'avg_loss_brl': -160.0, 'profit_factor': 1.1961, 'max_drawdown_pct': 14.06, 'expected_payoff': 9.63, 'on_tester_value': 952.416142}",COMPLETE
27,-991.0,2026-03-26 01:43:25.874407,2026-03-26 01:43:28.408544,0 days 00:00:02.534137,36,True,False,True,False,False,880,0.15,900,13,3,0.21000000000000002,0.75,0.15000000000000002,"{'start_date': '2021-03-23', 'end_date': '2024-09-16', 'trading_days': 872, 'total_trades': 9, 'win_rate': 0.8889, 'net_profit_brl': 70.0, 'avg_profit_brl': 7.78, 'avg_win_brl': 19.38, 'avg_loss_brl': -85.0, 'profit_factor': 1.8235, 'max_drawdown_pct': 0.85, 'expected_payoff': 7.78, 'on_tester_value': 82.682353}",COMPLETE
28,-1000.0,2026-03-26 01:43:28.408584,2026-03-26 01:43:30.856285,0 days 00:00:02.447701,30,True,True,True,False,False,900,0.5,900,8,6,0.33,0.8500000000000001,0.2,"{'start_date': '2021-03-23', 'end_date': '2024-09-16', 'trading_days': 872, 'total_trades': 0, 'win_rate': 0.0, 'net_profit_brl': 0.0, 'avg_profit_brl': 0.0, 'avg_win_brl': 0.0, 'avg_loss_brl': 0.0, 'profit_factor': 0.0, 'max_drawdown_pct': 0.0, 'expected_payoff': 0.0, 'on_tester_value': 0.0}",COMPLETE
29,-977.0,2026-03-26 01:43:30.856338,2026-03-26 01:43:33.673501,0 days 00:00:02.817163,22,True,True,True,True,True,820,0.45000000000000007,860,7,6,0.27,0.8500000000000001,0.65,"{'start_date': '2021-03-23', 'end_date': '2024-09-16', 'trading_days': 872, 'total_trades': 23, 'win_rate': 0.5652, 'net_profit_brl': -165.0, 'avg_profit_brl': -7.17, 'avg_win_brl': 66.92, 'avg_loss_brl': -103.5, 'profit_factor': 0.8406, 'max_drawdown_pct': 4.68, 'expected_payoff': -7.17, 'on_tester_value': -35.281915}",COMPLETE
30,17334.947368,2026-03-26 01:43:33.673549,2026-03-26 01:43:36.604710,0 days 00:00:02.931161,35,True,False,True,True,True,540,0.15,765,7,4,0.1,1.4500000000000002,0.1,"{'start_date': '2021-03-23', 'end_date': '2024-09-16', 'trading_days': 872, 'total_trades': 8052, 'win_rate': 0.9278, 'net_profit_brl': 65350.0, 'avg_profit_brl': 8.12, 'avg_win_brl': 16.05, 'avg_loss_brl': -102.79, 'profit_factor': 2.1973, 'max_drawdown_pct': 3.77, 'expected_payoff': 8.12, 'on_tester_value': 17334.947368}",COMPLETE
31,13340.864474,2026-03-26 01:43:36.604756,2026-03-26 01:43:39.320348,0 days 00:00:02.715592,39,True,False,True,True,True,630,0.25,720,5,3,0.11,1.35,0.1,"{'start_date': '2021-03-23', 'end_date': '2024-09-16', 'trading_days': 872, 'total_trades': 1735, 'win_rate': 0.9758, 'net_profit_brl': 18895.0, 'avg_profit_brl': 10.89, 'avg_win_brl': 12.95, 'avg_loss_brl': -94.53, 'profit_factor': 7.2463, 'max_drawdown_pct': 1.42, 'expected_payoff': 10.89, 'on_tester_value': 13340.864474}",COMPLETE
32,19543.932203,2026-03-26 01:43:39.320394,2026-03-26 01:43:42.021921,0 days 00:00:02.701527,37,True,False,True,False,True,565,0.25,695,8,3,0.12000000000000001,1.4,0.2,"{'start_date': '2021-03-23', 'end_date': '2024-09-16', 'trading_days': 872, 'total_trades': 2971, 'win_rate': 0.9327, 'net_profit_brl': 46950.0, 'avg_profit_brl': 15.8, 'avg_win_brl': 25.07, 'avg_loss_brl': -126.49, 'profit_factor': 3.0853, 'max_drawdown_pct': 2.4, 'expected_payoff': 15.8, 'on_tester_value': 19543.932203}",COMPLETE
33,15258.991304,2026-03-26 01:43:42.021989,2026-03-26 01:43:44.753742,0 days 00:00:02.731753,25,True,False,False,True,True,590,0.45000000000000007,890,3,6,0.17,0.75,0.25,"{'start_date': '2021-03-23', 'end_date': '2024-09-16', 'trading_days': 872, 'total_trades': 1548, 'win_rate': 0.9154, 'net_profit_brl': 30465.0, 'avg_profit_brl': 19.68, 'avg_win_brl': 29.09, 'avg_loss_brl': -86.69, 'profit_factor': 3.834, 'max_drawdown_pct': 2.0, 'expected_payoff': 19.68, 'on_tester_value': 15258.991304}",COMPLETE
34,15046.088,2026-03-26 01:43:44.753805,2026-03-26 01:43:47.582367,0 days 00:00:02.828562,20,True,False,False,True,True,565,0.5,895,1,5,0.17,0.7,0.30000000000000004,"{'start_date': '2021-03-23', 'end_date': '2024-09-16', 'trading_days': 872, 'total_trades': 1586, 'win_rate': 0.8512, 'net_profit_brl': 29665.0, 'avg_profit_brl': 18.7, 'avg_win_brl': 35.27, 'avg_loss_brl': -81.61, 'profit_factor': 2.6522, 'max_drawdown_pct': 1.97, 'expected_payoff': 18.7, 'on_tester_value': 15046.088}",COMPLETE
35,41874.496774,2026-03-26 01:43:47.582431,2026-03-26 01:43:50.297065,0 days 00:00:02.714634,32,False,False,True,True,True,590,0.45000000000000007,825,5,8,0.15000000000000002,0.65,0.2,"{'start_date': '2021-03-23', 'end_date': '2024-09-16', 'trading_days': 872, 'total_trades': 1651, 'win_rate': 0.9558, 'net_profit_brl': 32060.0, 'avg_profit_brl': 19.42, 'avg_win_brl': 23.13, 'avg_loss_brl': -68.23, 'profit_factor': 8.2289, 'max_drawdown_pct': 0.77, 'expected_payoff': 19.42, 'on_tester_value': 41874.496774}",COMPLETE
36,3756.523596,2026-03-26 01:43:50.297110,2026-03-26 01:43:52.885709,0 days 00:00:02.588599,33,False,False,True,False,True,635,0.45000000000000007,870,1,8,0.15000000000000002,0.6,0.30000000000000004,"{'start_date': '2021-03-23', 'end_date': '2024-09-16', 'trading_days': 872, 'total_trades': 802, 'win_rate': 0.818, 'net_profit_brl': 13070.0, 'avg_profit_brl': 16.3, 'avg_win_brl': 35.18, 'avg_loss_brl': -69.97, 'profit_factor': 2.3063, 'max_drawdown_pct': 3.48, 'expected_payoff': 16.3, 'on_tester_value': 3756.523596}",COMPLETE
37,19402.147059,2026-03-26 01:43:52.885780,2026-03-26 01:43:55.924284,0 days 00:00:03.038504,30,False,False,True,True,True,610,0.5,760,7,7,0.18,0.7,0.15000000000000002,"{'start_date': '2021-03-23', 'end_date': '2024-09-16', 'trading_days': 872, 'total_trades': 845, 'win_rate': 0.9716, 'net_profit_brl': 12735.0, 'avg_profit_brl': 15.07, 'avg_win_brl': 17.33, 'avg_loss_brl': -67.73, 'profit_factor': 9.547, 'max_drawdown_pct': 0.66, 'expected_payoff': 15.07, 'on_tester_value': 19402.147059}",COMPLETE
38,21831.294118,2026-03-26 01:43:55.924409,2026-03-26 01:43:59.239712,0 days 00:00:03.315303,29,False,False,True,True,True,590,0.5,770,11,8,0.13,0.8,0.1,"{'start_date': '2021-03-23', 'end_date': '2024-09-16', 'trading_days': 872, 'total_trades': 1476, 'win_rate': 0.9831, 'net_profit_brl': 16400.0, 'avg_profit_brl': 11.11, 'avg_win_brl': 12.12, 'avg_loss_brl': -56.67, 'profit_factor': 14.7815, 'max_drawdown_pct': 0.75, 'expected_payoff': 11.11, 'on_tester_value': 21831.294118}",COMPLETE
39,8259.90625,2026-03-26 01:43:59.239758,2026-03-26 01:44:01.876230,0 days 00:00:02.636472,19,False,False,True,False,False,540,0.4,745,11,8,0.13,0.7,0.2,"{'start_date': '2021-03-23', 'end_date': '2024-09-16', 'trading_days': 872, 'total_trades': 892, 'win_rate': 0.8946, 'net_profit_brl': 15150.0, 'avg_profit_brl': 16.98, 'avg_win_brl': 26.02, 'avg_loss_brl': -73.82, 'profit_factor': 3.7005, 'max_drawdown_pct': 1.83, 'expected_payoff': 16.98, 'on_tester_value': 8259.90625}",COMPLETE
40,18912.381667,2026-03-26 01:44:01.876295,2026-03-26 01:44:04.626029,0 days 00:00:02.749734,27,True,False,True,False,True,585,0.5,740,14,8,0.14,0.5,0.15000000000000002,"{'start_date': '2021-03-23', 'end_date': '2024-09-16', 'trading_days': 872, 'total_trades': 1337, 'win_rate': 0.9514, 'net_profit_brl': 20285.0, 'avg_profit_brl': 15.17, 'avg_win_brl': 17.9, 'avg_loss_brl': -50.61, 'profit_factor': 9.1794, 'max_drawdown_pct': 1.07, 'expected_payoff': 15.17, 'on_tester_value': 18912.381667}",COMPLETE
41,4104.765909,2026-03-26 01:44:04.626090,2026-03-26 01:44:07.333986,0 days 00:00:02.707896,31,False,False,True,True,True,655,0.45000000000000007,745,12,8,0.23,1.05,0.1,"{'start_date': '2021-03-23', 'end_date': '2024-09-16', 'trading_days': 872, 'total_trades': 387, 'win_rate': 0.9871, 'net_profit_brl': 4055.0, 'avg_profit_brl': 10.48, 'avg_win_brl': 11.9, 'avg_loss_brl': -98.0, 'profit_factor': 9.2755, 'max_drawdown_pct': 0.99, 'expected_payoff': 10.48, 'on_tester_value': 4104.765909}",COMPLETE
42,27349.4,2026-03-26 01:44:07.334030,2026-03-26 01:44:10.242506,0 days 00:00:02.908476,27,False,False,True,True,True,605,0.5,880,13,7,0.13,0.65,0.25,"{'start_date': '2021-03-23', 'end_date': '2024-09-16', 'trading_days': 872, 'total_trades': 1638, 'win_rate': 0.895, 'net_profit_brl': 30615.0, 'avg_profit_brl': 18.69, 'avg_win_brl': 29.1, 'avg_loss_brl': -73.41, 'profit_factor': 3.5428, 'max_drawdown_pct': 1.12, 'expected_payoff': 18.69, 'on_tester_value': 27349.4}",COMPLETE
43,20123.431818,2026-03-26 01:44:10.242557,2026-03-26 01:44:12.931050,0 days 00:00:02.688493,28,True,False,True,True,False,580,0.45000000000000007,825,4,5,0.24000000000000002,0.5,0.15000000000000002,"{'start_date': '2021-03-23', 'end_date': '2024-09-16', 'trading_days': 872, 'total_trades': 1091, 'win_rate': 0.9514, 'net_profit_brl': 15755.0, 'avg_profit_brl': 14.44, 'avg_win_brl': 17.62, 'avg_loss_brl': -57.61, 'profit_factor': 7.215, 'max_drawdown_pct': 0.78, 'expected_payoff': 14.44, 'on_tester_value': 20123.431818}",COMPLETE
44,4337.706897,2026-03-26 01:44:12.931095,2026-03-26 01:44:15.571467,0 days 00:00:02.640372,32,False,False,False,True,True,645,0.5,900,14,5,0.18,0.7,0.25,"{'start_date': '2021-03-23', 'end_date': '2024-09-16', 'trading_days': 872, 'total_trades': 572, 'win_rate': 0.9003, 'net_profit_brl': 9905.0, 'avg_profit_brl': 17.32, 'avg_win_brl': 28.02, 'avg_loss_brl': -80.8, 'profit_factor': 3.189, 'max_drawdown_pct': 2.28, 'expected_payoff': 17.32, 'on_tester_value': 4337.706897}",COMPLETE
45,2971.948087,2026-03-26 01:44:15.571508,2026-03-26 01:44:18.404245,0 days 00:00:02.832737,21,True,False,True,True,False,545,0.30000000000000004,830,2,5,0.21000000000000002,0.5,0.55,"{'start_date': '2021-03-23', 'end_date': '2024-09-16', 'trading_days': 872, 'total_trades': 2398, 'win_rate': 0.5379, 'net_profit_brl': 21370.0, 'avg_profit_brl': 8.91, 'avg_win_brl': 63.21, 'avg_loss_brl': -56.65, 'profit_factor': 1.3552, 'max_drawdown_pct': 7.19, 'expected_payoff': 8.91, 'on_tester_value': 2971.948087}",COMPLETE
46,9349.211667,2026-03-26 01:44:18.404291,2026-03-26 01:44:21.059791,0 days 00:00:02.655500,20,True,False,True,True,False,575,0.5,880,7,4,0.29000000000000004,0.55,0.1,"{'start_date': '2021-03-23', 'end_date': '2024-09-16', 'trading_days': 872, 'total_trades': 862, 'win_rate': 0.9756, 'net_profit_brl': 9205.0, 'avg_profit_brl': 10.68, 'avg_win_brl': 12.1, 'avg_loss_brl': -60.62, 'profit_factor': 10.4897, 'max_drawdown_pct': 0.98, 'expected_payoff': 10.68, 'on_tester_value': 9349.211667}",COMPLETE
47,8992.408163,2026-03-26 01:44:21.059858,2026-03-26 01:44:23.424157,0 days 00:00:02.364299,30,False,False,True,True,False,580,0.45000000000000007,840,5,5,0.23,0.5,0.30000000000000004,"{'start_date': '2021-03-23', 'end_date': '2024-09-16', 'trading_days': 872, 'total_trades': 770, 'win_rate': 0.839, 'net_profit_brl': 14600.0, 'avg_profit_brl': 18.96, 'avg_win_brl': 33.91, 'avg_loss_brl': -60.37, 'profit_factor': 2.9986, 'max_drawdown_pct': 1.62, 'expected_payoff': 18.96, 'on_tester_value': 8992.408163}",COMPLETE
48,884.685577,2026-03-26 01:44:23.424207,2026-03-26 01:44:25.937068,0 days 00:00:02.512861,32,False,False,True,True,True,555,0.4,885,14,7,0.11,0.7,0.45000000000000007,"{'start_date': '2021-03-23', 'end_date': '2024-09-16', 'trading_days': 872, 'total_trades': 3179, 'win_rate': 0.6442, 'net_profit_brl': 19915.0, 'avg_profit_brl': 6.26, 'avg_win_brl': 50.1, 'avg_loss_brl': -75.58, 'profit_factor': 1.2409, 'max_drawdown_pct': 22.51, 'expected_payoff': 6.26, 'on_tester_value': 884.685577}",COMPLETE
49,10705.025,2026-03-26 01:44:25.937113,2026-03-26 01:44:28.509844,0 days 00:00:02.572731,35,True,False,True,True,False,655,0.4,785,2,3,0.18,0.5,0.25,"{'start_date': '2021-03-23', 'end_date': '2024-09-16', 'trading_days': 872, 'total_trades': 683, 'win_rate': 0.8843, 'net_profit_brl': 13135.0, 'avg_profit_brl': 19.23, 'avg_win_brl': 29.21, 'avg_loss_brl': -60.13, 'profit_factor': 3.9124, 'max_drawdown_pct': 1.23, 'expected_payoff': 19.23, 'on_tester_value': 10705.025}",COMPLETE
50,37169.290909,2026-03-26 01:44:28.509891,2026-03-26 01:44:31.364919,0 days 00:00:02.855028,29,True,True,True,True,True,610,0.35,765,12,8,0.1,0.75,0.1,"{'start_date': '2021-03-23', 'end_date': '2024-09-16', 'trading_days': 872, 'total_trades': 3478, 'win_rate': 0.9572, 'net_profit_brl': 35430.0, 'avg_profit_brl': 10.19, 'avg_win_brl': 12.59, 'avg_loss_brl': -52.64, 'profit_factor': 6.4718, 'max_drawdown_pct': 0.95, 'expected_payoff': 10.19, 'on_tester_value': 37169.290909}",COMPLETE
51,45039.429032,2026-03-26 01:44:31.364996,2026-03-26 01:44:35.170746,0 days 00:00:03.805750,36,True,True,True,True,True,570,0.35,775,11,8,0.11,0.95,0.2,"{'start_date': '2021-03-23', 'end_date': '2024-09-16', 'trading_days': 872, 'total_trades': 5073, 'win_rate': 0.9221, 'net_profit_brl': 80335.0, 'avg_profit_brl': 15.84, 'avg_win_brl': 23.71, 'avg_loss_brl': -87.87, 'profit_factor': 3.627, 'max_drawdown_pct': 1.78, 'expected_payoff': 15.84, 'on_tester_value': 45039.429032}",COMPLETE
52,11369.12234,2026-03-26 01:44:35.170801,2026-03-26 01:44:37.751998,0 days 00:00:02.581197,31,True,True,True,True,True,665,0.35,755,9,7,0.14,0.8,0.2,"{'start_date': '2021-03-23', 'end_date': '2024-09-16', 'trading_days': 872, 'total_trades': 1071, 'win_rate': 0.9477, 'net_profit_brl': 18915.0, 'avg_profit_brl': 17.66, 'avg_win_brl': 23.72, 'avg_loss_brl': -93.82, 'profit_factor': 4.6657, 'max_drawdown_pct': 1.66, 'expected_payoff': 17.66, 'on_tester_value': 11369.12234}",COMPLETE
53,6206.688475,2026-03-26 01:44:37.752060,2026-03-26 01:44:40.751394,0 days 00:00:02.999334,30,True,True,True,True,True,570,0.35,845,11,8,0.14,1.4,0.4,"{'start_date': '2021-03-23', 'end_date': '2024-09-16', 'trading_days': 872, 'total_trades': 4344, 'win_rate': 0.8354, 'net_profit_brl': 60170.0, 'avg_profit_brl': 13.85, 'avg_win_brl': 46.25, 'avg_loss_brl': -156.06, 'profit_factor': 1.5588, 'max_drawdown_pct': 9.69, 'expected_payoff': 13.85, 'on_tester_value': 6206.688475}",COMPLETE
54,5833.3125,2026-03-26 01:44:40.751440,2026-03-26 01:44:43.426851,0 days 00:00:02.675411,31,True,False,True,True,False,690,0.45000000000000007,875,11,7,0.13,0.7,0.25,"{'start_date': '2021-03-23', 'end_date': '2024-09-16', 'trading_days': 872, 'total_trades': 808, 'win_rate': 0.8985, 'net_profit_brl': 14675.0, 'avg_profit_brl': 18.16, 'avg_win_brl': 30.03, 'avg_loss_brl': -89.12, 'profit_factor': 3.0582, 'max_drawdown_pct': 2.52, 'expected_payoff': 18.16, 'on_tester_value': 5833.3125}",COMPLETE
55,14524.445833,2026-03-26 01:44:43.426901,2026-03-26 01:44:45.909236,0 days 00:00:02.482335,21,False,False,True,True,True,580,0.5,895,10,7,0.2,0.6,0.1,"{'start_date': '2021-03-23', 'end_date': '2024-09-16', 'trading_days': 872, 'total_trades': 1220, 'win_rate': 0.9811, 'net_profit_brl': 13090.0, 'avg_profit_brl': 10.73, 'avg_win_brl': 11.88, 'avg_loss_brl': -56.25, 'profit_factor': 12.6356, 'max_drawdown_pct': 0.9, 'expected_payoff': 10.73, 'on_tester_value': 14524.445833}",COMPLETE
56,34268.345455,2026-03-26 01:44:45.909281,2026-03-26 01:44:48.352326,0 days 00:00:02.443045,32,True,True,True,False,True,665,0.25,800,13,8,0.11,0.5,0.1,"{'start_date': '2021-03-23', 'end_date': '2024-09-16', 'trading_days': 872, 'total_trades': 1365, 'win_rate': 0.9678, 'net_profit_brl': 15060.0, 'avg_profit_brl': 11.03, 'avg_win_brl': 12.36, 'avg_loss_brl': -37.35, 'profit_factor': 12.8583, 'max_drawdown_pct': 0.44, 'expected_payoff': 11.03, 'on_tester_value': 34268.345455}",COMPLETE
57,24779.762162,2026-03-26 01:44:48.352374,2026-03-26 01:44:50.817321,0 days 00:00:02.464947,34,True,False,True,False,True,610,0.15,795,13,8,0.17,0.8,0.2,"{'start_date': '2021-03-23', 'end_date': '2024-09-16', 'trading_days': 872, 'total_trades': 1423, 'win_rate': 0.948, 'net_profit_brl': 26560.0, 'avg_profit_brl': 18.66, 'avg_win_brl': 23.45, 'avg_loss_brl': -80.56, 'profit_factor': 6.2335, 'max_drawdown_pct': 1.07, 'expected_payoff': 18.66, 'on_tester_value': 24779.762162}",COMPLETE
58,6442.171569,2026-03-26 01:44:50.817380,2026-03-26 01:44:53.072894,0 days 00:00:02.255514,37,True,True,True,False,True,680,0.25,775,12,6,0.11,0.5,0.30000000000000004,"{'start_date': '2021-03-23', 'end_date': '2024-09-16', 'trading_days': 872, 'total_trades': 995, 'win_rate': 0.7879, 'net_profit_brl': 16145.0, 'avg_profit_brl': 16.23, 'avg_win_brl': 35.6, 'avg_loss_brl': -58.24, 'profit_factor': 2.3723, 'max_drawdown_pct': 2.51, 'expected_payoff': 16.23, 'on_tester_value': 6442.171569}",COMPLETE
59,1435.689189,2026-03-26 01:44:53.072936,2026-03-26 01:44:55.694708,0 days 00:00:02.621772,29,True,True,True,True,False,740,0.25,805,15,8,0.15000000000000002,0.65,0.30000000000000004,"{'start_date': '2021-03-23', 'end_date': '2024-09-16', 'trading_days': 872, 'total_trades': 286, 'win_rate': 0.8042, 'net_profit_brl': 4055.0, 'avg_profit_brl': 14.18, 'avg_win_brl': 36.54, 'avg_loss_brl': -77.68, 'profit_factor': 1.9322, 'max_drawdown_pct': 2.82, 'expected_payoff': 14.18, 'on_tester_value': 1435.689189}",COMPLETE
60,54837.980952,2026-03-26 01:44:55.694763,2026-03-26 01:44:58.458359,0 days 00:00:02.763596,27,True,True,True,True,True,550,0.4,830,13,8,0.14,0.65,0.15000000000000002,"{'start_date': '2021-03-23', 'end_date': '2024-09-16', 'trading_days': 872, 'total_trades': 4263, 'win_rate': 0.9409, 'net_profit_brl': 60230.0, 'avg_profit_brl': 14.13, 'avg_win_brl': 17.73, 'avg_loss_brl': -56.77, 'profit_factor': 6.5257, 'max_drawdown_pct': 1.1, 'expected_payoff': 14.13, 'on_tester_value': 54837.980952}",COMPLETE
61,24054.951149,2026-03-26 01:44:58.458421,2026-03-26 01:45:01.225984,0 days 00:00:02.767563,26,True,True,True,True,True,575,0.5,810,15,8,0.1,0.7,0.30000000000000004,"{'start_date': '2021-03-23', 'end_date': '2024-09-16', 'trading_days': 872, 'total_trades': 3711, 'win_rate': 0.8098, 'net_profit_brl': 52385.0, 'avg_profit_brl': 14.12, 'avg_win_brl': 35.4, 'avg_loss_brl': -79.06, 'profit_factor': 1.9702, 'max_drawdown_pct': 2.18, 'expected_payoff': 14.12, 'on_tester_value': 24054.951149}",COMPLETE
62,5381.616667,2026-03-26 01:45:01.226032,2026-03-26 01:45:03.417336,0 days 00:00:02.191304,35,False,False,False,True,True,605,0.45000000000000007,840,1,6,0.29000000000000004,0.5,0.30000000000000004,"{'start_date': '2021-03-23', 'end_date': '2024-09-16', 'trading_days': 872, 'total_trades': 473, 'win_rate': 0.8161, 'net_profit_brl': 7645.0, 'avg_profit_brl': 16.16, 'avg_win_brl': 33.29, 'avg_loss_brl': -60.52, 'profit_factor': 2.4688, 'max_drawdown_pct': 1.42, 'expected_payoff': 16.16, 'on_tester_value': 5381.616667}",COMPLETE
63,47428.768421,2026-03-26 01:45:03.417384,2026-03-26 01:45:05.860336,0 days 00:00:02.442952,37,False,True,True,False,False,595,0.15,830,13,8,0.14,0.5,0.15000000000000002,"{'start_date': '2021-03-23', 'end_date': '2024-09-16', 'trading_days': 872, 'total_trades': 1406, 'win_rate': 0.9403, 'net_profit_brl': 19620.0, 'avg_profit_brl': 13.95, 'avg_win_brl': 17.39, 'avg_loss_brl': -48.91, 'profit_factor': 6.8133, 'max_drawdown_pct': 0.41, 'expected_payoff': 13.95, 'on_tester_value': 47428.768421}",COMPLETE
64,9081.501639,2026-03-26 01:45:05.860387,2026-03-26 01:45:08.325245,0 days 00:00:02.464858,34,False,True,True,False,False,595,0.15,785,10,7,0.11,0.8,0.30000000000000004,"{'start_date': '2021-03-23', 'end_date': '2024-09-16', 'trading_days': 872, 'total_trades': 1654, 'win_rate': 0.8295, 'net_profit_brl': 23940.0, 'avg_profit_brl': 14.47, 'avg_win_brl': 34.82, 'avg_loss_brl': -87.31, 'profit_factor': 2.0044, 'max_drawdown_pct': 2.64, 'expected_payoff': 14.47, 'on_tester_value': 9081.501639}",COMPLETE
65,22398.016667,2026-03-26 01:45:08.325372,2026-03-26 01:45:10.822438,0 days 00:00:02.497066,21,True,True,True,False,True,660,0.30000000000000004,755,15,8,0.13,0.5,0.1,"{'start_date': '2021-03-23', 'end_date': '2024-09-16', 'trading_days': 872, 'total_trades': 1062, 'win_rate': 0.968, 'net_profit_brl': 11935.0, 'avg_profit_brl': 11.24, 'avg_win_brl': 12.53, 'avg_loss_brl': -41.3, 'profit_factor': 13.5632, 'max_drawdown_pct': 0.53, 'expected_payoff': 11.24, 'on_tester_value': 22398.016667}",COMPLETE
66,47020.667308,2026-03-26 01:45:10.822493,2026-03-26 01:45:13.508114,0 days 00:00:02.685621,38,True,False,True,True,True,565,0.35,820,8,8,0.15000000000000002,0.6,0.1,"{'start_date': '2021-03-23', 'end_date': '2024-09-16', 'trading_days': 872, 'total_trades': 3411, 'win_rate': 0.9484, 'net_profit_brl': 33485.0, 'avg_profit_brl': 9.82, 'avg_win_brl': 11.79, 'avg_loss_brl': -41.15, 'profit_factor': 8.2011, 'max_drawdown_pct': 0.71, 'expected_payoff': 9.82, 'on_tester_value': 47020.667308}",COMPLETE
67,36691.826786,2026-03-26 01:45:13.508169,2026-03-26 01:45:16.491723,0 days 00:00:02.983554,38,True,False,True,True,True,550,0.35,855,7,7,0.16,0.65,0.1,"{'start_date': '2021-03-23', 'end_date': '2024-09-16', 'trading_days': 872, 'total_trades': 3581, 'win_rate': 0.9553, 'net_profit_brl': 35685.0, 'avg_profit_brl': 9.97, 'avg_win_brl': 11.85, 'avg_loss_brl': -47.04, 'profit_factor': 8.3653, 'max_drawdown_pct': 0.97, 'expected_payoff': 9.97, 'on_tester_value': 36691.826786}",COMPLETE
68,44305.635294,2026-03-26 01:45:16.491774,2026-03-26 01:45:19.520070,0 days 00:00:03.028296,40,True,False,True,True,True,645,0.35,835,8,8,0.15000000000000002,0.5,0.15000000000000002,"{'start_date': '2021-03-23', 'end_date': '2024-09-16', 'trading_days': 872, 'total_trades': 1481, 'win_rate': 0.9642, 'net_profit_brl': 23090.0, 'avg_profit_brl': 15.59, 'avg_win_brl': 17.56, 'avg_loss_brl': -45.23, 'profit_factor': 12.603, 'max_drawdown_pct': 0.52, 'expected_payoff': 15.59, 'on_tester_value': 44305.635294}",COMPLETE
69,36327.063158,2026-03-26 01:45:19.520119,2026-03-26 01:45:22.353864,0 days 00:00:02.833745,31,False,True,True,True,True,590,0.30000000000000004,795,12,8,0.12000000000000001,0.9,0.2,"{'start_date': '2021-03-23', 'end_date': '2024-09-16', 'trading_days': 872, 'total_trades': 3253, 'win_rate': 0.9425, 'net_profit_brl': 55640.0, 'avg_profit_brl': 17.1, 'avg_win_brl': 23.09, 'avg_loss_brl': -86.02, 'profit_factor': 4.675, 'max_drawdown_pct': 1.53, 'expected_payoff': 17.1, 'on_tester_value': 36327.063158}",COMPLETE
70,37916.78,2026-03-26 01:45:22.353952,2026-03-26 01:45:25.070458,0 days 00:00:02.716506,30,False,True,True,False,False,590,0.35,875,13,8,0.13,0.55,0.2,"{'start_date': '2021-03-23', 'end_date': '2024-09-16', 'trading_days': 872, 'total_trades': 1549, 'win_rate': 0.9174, 'net_profit_brl': 26790.0, 'avg_profit_brl': 17.3, 'avg_win_brl': 23.38, 'avg_loss_brl': -55.47, 'profit_factor': 5.1632, 'max_drawdown_pct': 0.71, 'expected_payoff': 17.3, 'on_tester_value': 37916.78}",COMPLETE
71,66382.47,2026-03-26 01:45:25.070539,2026-03-26 01:45:27.796254,0 days 00:00:02.725715,28,False,True,True,False,False,590,0.45000000000000007,885,9,8,0.12000000000000001,0.6,0.1,"{'start_date': '2021-03-23', 'end_date': '2024-09-16', 'trading_days': 872, 'total_trades': 1431, 'win_rate': 0.9748, 'net_profit_brl': 15965.0, 'avg_profit_brl': 11.16, 'avg_win_brl': 12.13, 'avg_loss_brl': -36.54, 'profit_factor': 17.8053, 'max_drawdown_pct': 0.24, 'expected_payoff': 11.16, 'on_tester_value': 66382.47}",COMPLETE
72,11455.392857,2026-03-26 01:45:27.796315,2026-03-26 01:45:30.460142,0 days 00:00:02.663827,27,False,True,True,False,False,695,0.5,885,7,7,0.1,0.55,0.1,"{'start_date': '2021-03-23', 'end_date': '2024-09-16', 'trading_days': 872, 'total_trades': 636, 'win_rate': 0.9796, 'net_profit_brl': 7065.0, 'avg_profit_brl': 11.11, 'avg_win_brl': 12.24, 'avg_loss_brl': -62.22, 'profit_factor': 13.6161, 'max_drawdown_pct': 0.62, 'expected_payoff': 11.11, 'on_tester_value': 11455.392857}",COMPLETE
73,16741.714286,2026-03-26 01:45:30.460247,2026-03-26 01:45:33.938358,0 days 00:00:03.478111,37,False,True,True,False,False,545,0.25,880,14,7,0.23,0.7,0.25,"{'start_date': '2021-03-23', 'end_date': '2024-09-16', 'trading_days': 872, 'total_trades': 1642, 'win_rate': 0.9068, 'net_profit_brl': 31920.0, 'avg_profit_brl': 19.44, 'avg_win_brl': 28.44, 'avg_loss_brl': -76.13, 'profit_factor': 4.0604, 'max_drawdown_pct': 1.91, 'expected_payoff': 19.44, 'on_tester_value': 16741.714286}",COMPLETE
74,349.206349,2026-03-26 01:45:33.938455,2026-03-26 01:45:36.831663,0 days 00:00:02.893208,37,True,False,True,True,True,795,0.4,825,11,7,0.1,0.5,0.4,"{'start_date': '2021-03-23', 'end_date': '2024-09-16', 'trading_days': 872, 'total_trades': 132, 'win_rate': 0.6288, 'net_profit_brl': 1100.0, 'avg_profit_brl': 8.33, 'avg_win_brl': 48.37, 'avg_loss_brl': -59.49, 'profit_factor': 1.3774, 'max_drawdown_pct': 3.15, 'expected_payoff': 8.33, 'on_tester_value': 349.206349}",COMPLETE
75,16932.365625,2026-03-26 01:45:36.831713,2026-03-26 01:45:39.431010,0 days 00:00:02.599297,29,False,True,True,False,False,620,0.30000000000000004,830,15,8,0.1,0.55,0.1,"{'start_date': '2021-03-23', 'end_date': '2024-09-16', 'trading_days': 872, 'total_trades': 1401, 'win_rate': 0.9479, 'net_profit_brl': 14070.0, 'avg_profit_brl': 10.04, 'avg_win_brl': 12.38, 'avg_loss_brl': -42.23, 'profit_factor': 6.9493, 'max_drawdown_pct': 0.83, 'expected_payoff': 10.04, 'on_tester_value': 16932.365625}",COMPLETE
76,21017.411194,2026-03-26 01:45:39.431066,2026-03-26 01:45:42.044066,0 days 00:00:02.613000,36,True,True,True,False,False,560,0.4,880,11,8,0.15000000000000002,0.65,0.30000000000000004,"{'start_date': '2021-03-23', 'end_date': '2024-09-16', 'trading_days': 872, 'total_trades': 2430, 'win_rate': 0.8288, 'net_profit_brl': 42945.0, 'avg_profit_brl': 17.67, 'avg_win_brl': 35.41, 'avg_loss_brl': -75.04, 'profit_factor': 2.514, 'max_drawdown_pct': 2.04, 'expected_payoff': 17.67, 'on_tester_value': 21017.411194}",COMPLETE
77,7842.728,2026-03-26 01:45:42.044122,2026-03-26 01:45:44.502887,0 days 00:00:02.458765,40,True,False,True,True,False,620,0.35,785,11,8,0.26,0.6,0.1,"{'start_date': '2021-03-23', 'end_date': '2024-09-16', 'trading_days': 872, 'total_trades': 729, 'win_rate': 0.963, 'net_profit_brl': 6980.0, 'avg_profit_brl': 9.57, 'avg_win_brl': 11.41, 'avg_loss_brl': -64.38, 'profit_factor': 7.7767, 'max_drawdown_pct': 0.89, 'expected_payoff': 9.57, 'on_tester_value': 7842.728}",COMPLETE
78,25885.241667,2026-03-26 01:45:44.502929,2026-03-26 01:45:46.896539,0 days 00:00:02.393610,27,False,True,False,False,True,575,0.5,890,14,8,0.15000000000000002,0.8,0.15000000000000002,"{'start_date': '2021-03-23', 'end_date': '2024-09-16', 'trading_days': 872, 'total_trades': 995, 'win_rate': 0.9799, 'net_profit_brl': 15995.0, 'avg_profit_brl': 16.08, 'avg_win_brl': 17.61, 'avg_loss_brl': -65.0, 'profit_factor': 14.6709, 'max_drawdown_pct': 0.62, 'expected_payoff': 16.08, 'on_tester_value': 25885.241667}",COMPLETE
79,4365.060241,2026-03-26 01:45:46.896581,2026-03-26 01:45:49.241100,0 days 00:00:02.344519,35,False,True,False,False,False,545,0.15,805,13,8,0.13,0.55,0.30000000000000004,"{'start_date': '2021-03-23', 'end_date': '2024-09-16', 'trading_days': 872, 'total_trades': 1504, 'win_rate': 0.7487, 'net_profit_brl': 18115.0, 'avg_profit_brl': 12.04, 'avg_win_brl': 33.58, 'avg_loss_brl': -55.32, 'profit_factor': 1.9198, 'max_drawdown_pct': 4.15, 'expected_payoff': 12.04, 'on_tester_value': 4365.060241}",COMPLETE
80,4009.859375,2026-03-26 01:45:49.241150,2026-03-26 01:45:51.788010,0 days 00:00:02.546860,33,False,True,True,False,True,630,0.4,875,12,8,0.15000000000000002,0.55,0.35,"{'start_date': '2021-03-23', 'end_date': '2024-09-16', 'trading_days': 872, 'total_trades': 1316, 'win_rate': 0.7401, 'net_profit_brl': 18175.0, 'avg_profit_brl': 13.81, 'avg_win_brl': 40.31, 'avg_loss_brl': -63.52, 'profit_factor': 1.8618, 'max_drawdown_pct': 4.53, 'expected_payoff': 13.81, 'on_tester_value': 4009.859375}",COMPLETE
81,1546.129412,2026-03-26 01:45:51.788055,2026-03-26 01:45:54.389878,0 days 00:00:02.601823,37,True,False,False,True,True,645,0.35,855,9,8,0.14,0.75,0.4,"{'start_date': '2021-03-23', 'end_date': '2024-09-16', 'trading_days': 872, 'total_trades': 1211, 'win_rate': 0.7457, 'net_profit_brl': 13845.0, 'avg_profit_brl': 11.43, 'avg_win_brl': 45.07, 'avg_loss_brl': -88.34, 'profit_factor': 1.5155, 'max_drawdown_pct': 8.95, 'expected_payoff': 11.43, 'on_tester_value': 1546.129412}",COMPLETE
82,28197.052778,2026-03-26 01:45:54.389920,2026-03-26 01:45:56.847965,0 days 00:00:02.458045,30,False,True,False,False,False,545,0.45000000000000007,890,8,7,0.1,0.5,0.15000000000000002,"{'start_date': '2021-03-23', 'end_date': '2024-09-16', 'trading_days': 872, 'total_trades': 1010, 'win_rate': 0.9158, 'net_profit_brl': 13495.0, 'avg_profit_brl': 13.36, 'avg_win_brl': 17.66, 'avg_loss_brl': -41.84, 'profit_factor': 5.7434, 'max_drawdown_pct': 0.48, 'expected_payoff': 13.36, 'on_tester_value': 28197.052778}",COMPLETE
83,8637.290385,2026-03-26 01:45:56.848028,2026-03-26 01:45:59.456755,0 days 00:00:02.608727,36,True,False,True,True,True,710,0.2,840,10,8,0.18,0.55,0.2,"{'start_date': '2021-03-23', 'end_date': '2024-09-16', 'trading_days': 872, 'total_trades': 506, 'win_rate': 0.9368, 'net_profit_brl': 9215.0, 'avg_profit_brl': 18.21, 'avg_win_brl': 23.9, 'avg_loss_brl': -70.5, 'profit_factor': 5.357, 'max_drawdown_pct': 1.07, 'expected_payoff': 18.21, 'on_tester_value': 8637.290385}",COMPLETE
84,5476.391667,2026-03-26 01:45:59.456798,2026-03-26 01:46:01.931458,0 days 00:00:02.474660,40,False,True,True,False,False,670,0.15,865,12,7,0.17,0.55,0.2,"{'start_date': '2021-03-23', 'end_date': '2024-09-16', 'trading_days': 872, 'total_trades': 505, 'win_rate': 0.905, 'net_profit_brl': 8070.0, 'avg_profit_brl': 15.98, 'avg_win_brl': 24.1, 'avg_loss_brl': -64.02, 'profit_factor': 3.7402, 'max_drawdown_pct': 1.47, 'expected_payoff': 15.98, 'on_tester_value': 5476.391667}",COMPLETE
85,129603.558824,2026-03-26 01:46:01.931507,2026-03-26 01:46:04.833187,0 days 00:00:02.901680,39,True,True,True,True,True,565,0.30000000000000004,790,12,8,0.12000000000000001,1.1,0.15000000000000002,"{'start_date': '2021-03-23', 'end_date': '2024-09-16', 'trading_days': 872, 'total_trades': 5490, 'win_rate': 0.9532, 'net_profit_brl': 77525.0, 'avg_profit_brl': 14.12, 'avg_win_brl': 18.37, 'avg_loss_brl': -84.68, 'profit_factor': 5.1613, 'max_drawdown_pct': 0.6, 'expected_payoff': 14.12, 'on_tester_value': 129603.558824}",COMPLETE
86,21374.821698,2026-03-26 01:46:04.833227,2026-03-26 01:46:07.574125,0 days 00:00:02.740898,36,True,True,True,False,True,540,0.25,725,8,8,0.16,1.15,0.1,"{'start_date': '2021-03-23', 'end_date': '2024-09-16', 'trading_days': 872, 'total_trades': 4404, 'win_rate': 0.9596, 'net_profit_brl': 43555.0, 'avg_profit_brl': 9.89, 'avg_win_brl': 12.96, 'avg_loss_brl': -77.31, 'profit_factor': 4.8854, 'max_drawdown_pct': 2.04, 'expected_payoff': 9.89, 'on_tester_value': 21374.821698}",COMPLETE
87,15708.518519,2026-03-26 01:46:07.574168,2026-03-26 01:46:10.091962,0 days 00:00:02.517794,24,False,False,True,False,False,565,0.35,885,7,8,0.2,0.75,0.25,"{'start_date': '2021-03-23', 'end_date': '2024-09-16', 'trading_days': 872, 'total_trades': 683, 'win_rate': 0.9107, 'net_profit_brl': 14525.0, 'avg_profit_brl': 21.27, 'avg_win_brl': 30.37, 'avg_loss_brl': -87.3, 'profit_factor': 4.3276, 'max_drawdown_pct': 0.92, 'expected_payoff': 21.27, 'on_tester_value': 15708.518519}",COMPLETE
88,32022.1,2026-03-26 01:46:10.092005,2026-03-26 01:46:12.973040,0 days 00:00:02.881035,19,True,True,True,True,True,545,0.35,845,13,8,0.26,0.65,0.30000000000000004,"{'start_date': '2021-03-23', 'end_date': '2024-09-16', 'trading_days': 872, 'total_trades': 2685, 'win_rate': 0.8577, 'net_profit_brl': 52030.0, 'avg_profit_brl': 19.38, 'avg_win_brl': 34.27, 'avg_loss_brl': -76.83, 'profit_factor': 2.9349, 'max_drawdown_pct': 1.62, 'expected_payoff': 19.38, 'on_tester_value': 32022.1}",COMPLETE
89,808.514196,2026-03-26 01:46:12.973114,2026-03-26 01:46:15.681060,0 days 00:00:02.707946,39,True,False,True,True,True,615,0.30000000000000004,700,14,8,0.15000000000000002,0.9,0.55,"{'start_date': '2021-03-23', 'end_date': '2024-09-16', 'trading_days': 872, 'total_trades': 1336, 'win_rate': 0.6647, 'net_profit_brl': 11545.0, 'avg_profit_brl': 8.64, 'avg_win_brl': 61.74, 'avg_loss_brl': -99.49, 'profit_factor': 1.2668, 'max_drawdown_pct': 14.28, 'expected_payoff': 8.64, 'on_tester_value': 808.514196}",COMPLETE
90,8736.417742,2026-03-26 01:46:15.681105,2026-03-26 01:46:18.320338,0 days 00:00:02.639233,25,False,True,True,False,False,580,0.5,835,9,8,0.19,0.8500000000000001,0.15000000000000002,"{'start_date': '2021-03-23', 'end_date': '2024-09-16', 'trading_days': 872, 'total_trades': 760, 'win_rate': 0.9789, 'net_profit_brl': 12205.0, 'avg_profit_brl': 16.06, 'avg_win_brl': 18.1, 'avg_loss_brl': -97.31, 'profit_factor': 10.6482, 'max_drawdown_pct': 1.4, 'expected_payoff': 16.06, 'on_tester_value': 8736.417742}",COMPLETE
91,1412.994375,2026-03-26 01:46:18.320382,2026-03-26 01:46:20.954736,0 days 00:00:02.634354,38,True,False,True,False,True,690,0.30000000000000004,820,4,7,0.19,0.6,0.4,"{'start_date': '2021-03-23', 'end_date': '2024-09-16', 'trading_days': 872, 'total_trades': 438, 'win_rate': 0.6941, 'net_profit_brl': 5265.0, 'avg_profit_brl': 12.02, 'avg_win_brl': 48.09, 'avg_loss_brl': -69.81, 'profit_factor': 1.5628, 'max_drawdown_pct': 3.73, 'expected_payoff': 12.02, 'on_tester_value': 1412.994375}",COMPLETE
92,30082.940984,2026-03-26 01:46:20.954782,2026-03-26 01:46:23.642417,0 days 00:00:02.687635,36,True,True,False,True,True,630,0.35,805,10,8,0.14,1.2000000000000002,0.2,"{'start_date': '2021-03-23', 'end_date': '2024-09-16', 'trading_days': 872, 'total_trades': 1754, 'win_rate': 0.9612, 'net_profit_brl': 31390.0, 'avg_profit_brl': 17.9, 'avg_win_brl': 23.08, 'avg_loss_brl': -123.44, 'profit_factor': 5.1687, 'max_drawdown_pct': 1.04, 'expected_payoff': 17.9, 'on_tester_value': 30082.940984}",COMPLETE
93,2276.429434,2026-03-26 01:46:23.642458,2026-03-26 01:46:26.487096,0 days 00:00:02.844638,39,True,True,True,True,True,615,0.2,800,10,8,0.1,0.95,0.45000000000000007,"{'start_date': '2021-03-23', 'end_date': '2024-09-16', 'trading_days': 872, 'total_trades': 3368, 'win_rate': 0.715, 'net_profit_brl': 25605.0, 'avg_profit_brl': 7.6, 'avg_win_brl': 51.47, 'avg_loss_brl': -104.38, 'profit_factor': 1.2604, 'max_drawdown_pct': 11.25, 'expected_payoff': 7.6, 'on_tester_value': 2276.429434}",COMPLETE
94,33340.7425,2026-03-26 01:46:26.487143,2026-03-26 01:46:29.394204,0 days 00:00:02.907061,39,True,True,True,True,True,600,0.5,790,11,8,0.11,1.1,0.2,"{'start_date': '2021-03-23', 'end_date': '2024-09-16', 'trading_days': 872, 'total_trades': 2857, 'win_rate': 0.9569, 'net_profit_brl': 51465.0, 'avg_profit_brl': 18.01, 'avg_win_brl': 23.54, 'avg_loss_brl': -113.98, 'profit_factor': 4.9957, 'max_drawdown_pct': 1.54, 'expected_payoff': 18.01, 'on_tester_value': 33340.7425}",COMPLETE
95,76980.162162,2026-03-26 01:46:29.394254,2026-03-26 01:46:32.314220,0 days 00:00:02.919966,25,True,True,True,True,True,545,0.30000000000000004,860,12,6,0.12000000000000001,0.65,0.2,"{'start_date': '2021-03-23', 'end_date': '2024-09-16', 'trading_days': 872, 'total_trades': 6832, 'win_rate': 0.8831, 'net_profit_brl': 100150.0, 'avg_profit_brl': 14.66, 'avg_win_brl': 23.41, 'avg_loss_brl': -59.73, 'profit_factor': 3.437, 'max_drawdown_pct': 1.3, 'expected_payoff': 14.66, 'on_tester_value': 76980.162162}",COMPLETE
96,19123.463415,2026-03-26 01:46:32.314296,2026-03-26 01:46:34.846183,0 days 00:00:02.531887,36,True,True,True,True,False,570,0.30000000000000004,725,13,6,0.16,1.2000000000000002,0.1,"{'start_date': '2021-03-23', 'end_date': '2024-09-16', 'trading_days': 872, 'total_trades': 2845, 'win_rate': 0.9726, 'net_profit_brl': 30390.0, 'avg_profit_brl': 10.68, 'avg_win_brl': 12.5, 'avg_loss_brl': -76.55, 'profit_factor': 8.2185, 'max_drawdown_pct': 1.59, 'expected_payoff': 10.68, 'on_tester_value': 19123.463415}",COMPLETE
97,2836.061176,2026-03-26 01:46:34.846231,2026-03-26 01:46:37.825341,0 days 00:00:02.979110,29,True,True,True,True,True,610,0.25,880,13,5,0.17,0.6,0.5,"{'start_date': '2021-03-23', 'end_date': '2024-09-16', 'trading_days': 872, 'total_trades': 2559, 'win_rate': 0.61, 'net_profit_brl': 21995.0, 'avg_profit_brl': 8.6, 'avg_win_brl': 57.18, 'avg_loss_brl': -68.64, 'profit_factor': 1.327, 'max_drawdown_pct': 7.76, 'expected_payoff': 8.6, 'on_tester_value': 2836.061176}",COMPLETE
98,36310.097368,2026-03-26 01:46:37.825391,2026-03-26 01:46:40.482691,0 days 00:00:02.657300,34,False,False,True,True,True,615,0.35,790,3,8,0.17,0.7,0.15000000000000002,"{'start_date': '2021-03-23', 'end_date': '2024-09-16', 'trading_days': 872, 'total_trades': 1277, 'win_rate': 0.9695, 'net_profit_brl': 19505.0, 'avg_profit_brl': 15.27, 'avg_win_brl': 17.33, 'avg_loss_brl': -60.94, 'profit_factor': 11.0026, 'max_drawdown_pct': 0.54, 'expected_payoff': 15.27, 'on_tester_value': 36310.097368}",COMPLETE
99,38049.875926,2026-03-26 01:46:40.482739,2026-03-26 01:46:43.131472,0 days 00:00:02.648733,23,False,True,True,True,True,575,0.45000000000000007,825,6,8,0.23,0.5,0.15000000000000002,"{'start_date': '2021-03-23', 'end_date': '2024-09-16', 'trading_days': 872, 'total_trades': 1470, 'win_rate': 0.9667, 'net_profit_brl': 22495.0, 'avg_profit_brl': 15.3, 'avg_win_brl': 17.5, 'avg_loss_brl': -53.98, 'profit_factor': 10.4716, 'max_drawdown_pct': 0.59, 'expected_payoff': 15.3, 'on_tester_value': 38049.875926}",COMPLETE
100,92810.836364,2026-03-26 01:46:43.131516,2026-03-26 01:46:45.991155,0 days 00:00:02.859639,23,True,True,True,True,True,590,0.30000000000000004,805,11,5,0.14,0.6,0.1,"{'start_date': '2021-03-23', 'end_date': '2024-09-16', 'trading_days': 872, 'total_trades': 3598, 'win_rate': 0.9672, 'net_profit_brl': 37520.0, 'avg_profit_brl': 10.43, 'avg_win_brl': 11.86, 'avg_loss_brl': -40.65, 'profit_factor': 11.0321, 'max_drawdown_pct': 0.4, 'expected_payoff': 10.43, 'on_tester_value': 92810.836364}",COMPLETE
101,4297.791489,2026-03-26 01:46:45.991230,2026-03-26 01:46:48.664695,0 days 00:00:02.673465,18,False,True,True,True,True,585,0.45000000000000007,830,5,8,0.29000000000000004,0.8,0.4,"{'start_date': '2021-03-23', 'end_date': '2024-09-16', 'trading_days': 872, 'total_trades': 1053, 'win_rate': 0.7949, 'net_profit_brl': 18380.0, 'avg_profit_brl': 17.45, 'avg_win_brl': 46.97, 'avg_loss_brl': -97.83, 'profit_factor': 1.878, 'max_drawdown_pct': 4.28, 'expected_payoff': 17.45, 'on_tester_value': 4297.791489}",COMPLETE
102,1421.414286,2026-03-26 01:46:48.664762,2026-03-26 01:46:51.370437,0 days 00:00:02.705675,17,True,True,True,True,True,775,0.35,815,13,4,0.19,0.5,0.15000000000000002,"{'start_date': '2021-03-23', 'end_date': '2024-09-16', 'trading_days': 872, 'total_trades': 98, 'win_rate': 0.949, 'net_profit_brl': 1410.0, 'avg_profit_brl': 14.39, 'avg_win_brl': 18.71, 'avg_loss_brl': -66.0, 'profit_factor': 5.2727, 'max_drawdown_pct': 0.99, 'expected_payoff': 14.39, 'on_tester_value': 1421.414286}",COMPLETE
103,33552.9,2026-03-26 01:46:51.370508,2026-03-26 01:46:54.094400,0 days 00:00:02.723892,26,False,True,True,True,True,600,0.5,815,4,7,0.16,0.75,0.1,"{'start_date': '2021-03-23', 'end_date': '2024-09-16', 'trading_days': 872, 'total_trades': 1586, 'win_rate': 0.9849, 'net_profit_brl': 17415.0, 'avg_profit_brl': 10.98, 'avg_win_brl': 11.94, 'avg_loss_brl': -59.05, 'profit_factor': 15.0444, 'max_drawdown_pct': 0.52, 'expected_payoff': 10.98, 'on_tester_value': 33552.9}",COMPLETE
104,67233.619048,2026-03-26 01:46:54.094446,2026-03-26 01:46:56.788764,0 days 00:00:02.694318,38,True,True,True,True,True,540,0.35,820,12,7,0.15000000000000002,1.05,0.1,"{'start_date': '2021-03-23', 'end_date': '2024-09-16', 'trading_days': 872, 'total_trades': 4715, 'win_rate': 0.9701, 'net_profit_brl': 49715.0, 'avg_profit_brl': 10.54, 'avg_win_brl': 12.35, 'avg_loss_brl': -65.24, 'profit_factor': 8.3272, 'max_drawdown_pct': 0.74, 'expected_payoff': 10.54, 'on_tester_value': 67233.619048}",COMPLETE
105,47877.208065,2026-03-26 01:46:56.788819,2026-03-26 01:46:59.375252,0 days 00:00:02.586433,18,True,True,True,True,True,605,0.35,750,12,4,0.1,0.65,0.2,"{'start_date': '2021-03-23', 'end_date': '2024-09-16', 'trading_days': 872, 'total_trades': 3565, 'win_rate': 0.8934, 'net_profit_brl': 54855.0, 'avg_profit_brl': 15.39, 'avg_win_brl': 24.32, 'avg_loss_brl': -65.17, 'profit_factor': 3.4256, 'max_drawdown_pct': 1.15, 'expected_payoff': 15.39, 'on_tester_value': 47877.208065}",COMPLETE
106,67071.285714,2026-03-26 01:46:59.375296,2026-03-26 01:47:02.016640,0 days 00:00:02.641344,21,True,True,True,True,True,575,0.25,790,14,5,0.11,0.8500000000000001,0.2,"{'start_date': '2021-03-23', 'end_date': '2024-09-16', 'trading_days': 872, 'total_trades': 5419, 'win_rate': 0.9186, 'net_profit_brl': 85675.0, 'avg_profit_brl': 15.81, 'avg_win_brl': 23.99, 'avg_loss_brl': -80.96, 'profit_factor': 3.5378, 'max_drawdown_pct': 1.28, 'expected_payoff': 15.81, 'on_tester_value': 67071.285714}",COMPLETE
107,9159.776389,2026-03-26 01:47:02.016706,2026-03-26 01:47:04.420514,0 days 00:00:02.403808,17,True,True,False,True,True,595,0.30000000000000004,690,11,4,0.11,0.55,0.30000000000000004,"{'start_date': '2021-03-23', 'end_date': '2024-09-16', 'trading_days': 872, 'total_trades': 2443, 'win_rate': 0.7642, 'net_profit_brl': 31390.0, 'avg_profit_brl': 12.85, 'avg_win_brl': 34.12, 'avg_loss_brl': -59.08, 'profit_factor': 1.9714, 'max_drawdown_pct': 3.43, 'expected_payoff': 12.85, 'on_tester_value': 9159.776389}",COMPLETE
108,15714.25,2026-03-26 01:47:04.420567,2026-03-26 01:47:06.791134,0 days 00:00:02.370567,23,True,False,True,True,True,630,0.35,760,12,3,0.13,0.5,0.1,"{'start_date': '2021-03-23', 'end_date': '2024-09-16', 'trading_days': 872, 'total_trades': 1772, 'win_rate': 0.9492, 'net_profit_brl': 17925.0, 'avg_profit_brl': 10.12, 'avg_win_brl': 12.02, 'avg_loss_brl': -38.08, 'profit_factor': 8.8446, 'max_drawdown_pct': 1.14, 'expected_payoff': 10.12, 'on_tester_value': 15714.25}",COMPLETE
109,51355.4625,2026-03-26 01:47:06.791291,2026-03-26 01:47:09.444198,0 days 00:00:02.652907,29,True,True,True,True,True,580,0.25,790,13,4,0.12000000000000001,0.95,0.2,"{'start_date': '2021-03-23', 'end_date': '2024-09-16', 'trading_days': 872, 'total_trades': 4713, 'win_rate': 0.934, 'net_profit_brl': 76365.0, 'avg_profit_brl': 16.2, 'avg_win_brl': 23.54, 'avg_loss_brl': -93.02, 'profit_factor': 3.8019, 'max_drawdown_pct': 1.49, 'expected_payoff': 16.2, 'on_tester_value': 51355.4625}",COMPLETE
110,93421.668966,2026-03-26 01:47:09.444249,2026-03-26 01:47:11.971860,0 days 00:00:02.527611,26,True,True,True,True,True,570,0.30000000000000004,790,13,4,0.14,0.75,0.2,"{'start_date': '2021-03-23', 'end_date': '2024-09-16', 'trading_days': 872, 'total_trades': 4557, 'win_rate': 0.9232, 'net_profit_brl': 77230.0, 'avg_profit_brl': 16.95, 'avg_win_brl': 23.24, 'avg_loss_brl': -70.31, 'profit_factor': 4.7618, 'max_drawdown_pct': 0.83, 'expected_payoff': 16.95, 'on_tester_value': 93421.668966}",COMPLETE
111,67228.33,2026-03-26 01:47:11.971911,2026-03-26 01:47:14.499715,0 days 00:00:02.527804,20,True,True,True,True,True,550,0.35,770,10,4,0.12000000000000001,0.9,0.1,"{'start_date': '2021-03-23', 'end_date': '2024-09-16', 'trading_days': 872, 'total_trades': 5359, 'win_rate': 0.9576, 'net_profit_brl': 55015.0, 'avg_profit_brl': 10.27, 'avg_win_brl': 12.86, 'avg_loss_brl': -61.6, 'profit_factor': 6.0173, 'max_drawdown_pct': 0.82, 'expected_payoff': 10.27, 'on_tester_value': 67228.33}",COMPLETE
112,39322.107143,2026-03-26 01:47:14.499771,2026-03-26 01:47:17.072289,0 days 00:00:02.572518,21,True,True,True,True,True,595,0.4,770,9,4,0.16,0.8,0.15000000000000002,"{'start_date': '2021-03-23', 'end_date': '2024-09-16', 'trading_days': 872, 'total_trades': 2450, 'win_rate': 0.9767, 'net_profit_brl': 39605.0, 'avg_profit_brl': 16.17, 'avg_win_brl': 17.95, 'avg_loss_brl': -76.02, 'profit_factor': 12.8401, 'max_drawdown_pct': 1.01, 'expected_payoff': 16.17, 'on_tester_value': 39322.107143}",COMPLETE
113,31201.185484,2026-03-26 01:47:17.072336,2026-03-26 01:47:19.640626,0 days 00:00:02.568290,21,True,True,True,True,True,640,0.25,830,13,5,0.11,0.95,0.15000000000000002,"{'start_date': '2021-03-23', 'end_date': '2024-09-16', 'trading_days': 872, 'total_trades': 2652, 'win_rate': 0.9679, 'net_profit_brl': 40555.0, 'avg_profit_brl': 15.29, 'avg_win_brl': 18.69, 'avg_loss_brl': -92.94, 'profit_factor': 6.4546, 'max_drawdown_pct': 1.3, 'expected_payoff': 15.29, 'on_tester_value': 31201.185484}",COMPLETE
114,8034.391447,2026-03-26 01:47:19.640683,2026-03-26 01:47:22.041623,0 days 00:00:02.400940,30,False,True,True,True,True,630,0.2,725,12,3,0.15000000000000002,0.6,0.30000000000000004,"{'start_date': '2021-03-23', 'end_date': '2024-09-16', 'trading_days': 872, 'total_trades': 1294, 'win_rate': 0.8269, 'net_profit_brl': 22375.0, 'avg_profit_brl': 17.29, 'avg_win_brl': 33.77, 'avg_loss_brl': -64.91, 'profit_factor': 2.6261, 'max_drawdown_pct': 2.78, 'expected_payoff': 17.29, 'on_tester_value': 8034.391447}",COMPLETE
115,1653.437845,2026-03-26 01:47:22.041667,2026-03-26 01:47:24.618459,0 days 00:00:02.576792,24,False,True,True,True,True,575,0.25,800,10,4,0.1,1.1,0.45000000000000007,"{'start_date': '2021-03-23', 'end_date': '2024-09-16', 'trading_days': 872, 'total_trades': 4076, 'win_rate': 0.7385, 'net_profit_brl': 28475.0, 'avg_profit_brl': 6.99, 'avg_win_brl': 51.24, 'avg_loss_brl': -119.09, 'profit_factor': 1.2264, 'max_drawdown_pct': 17.22, 'expected_payoff': 6.99, 'on_tester_value': 1653.437845}",COMPLETE
116,29128.870149,2026-03-26 01:47:24.618508,2026-03-26 01:47:27.217887,0 days 00:00:02.599379,27,True,True,False,True,True,540,0.25,870,12,7,0.15000000000000002,0.65,0.30000000000000004,"{'start_date': '2021-03-23', 'end_date': '2024-09-16', 'trading_days': 872, 'total_trades': 5219, 'win_rate': 0.8028, 'net_profit_brl': 78505.0, 'avg_profit_brl': 15.04, 'avg_win_brl': 33.62, 'avg_loss_brl': -66.55, 'profit_factor': 2.259, 'max_drawdown_pct': 2.7, 'expected_payoff': 15.04, 'on_tester_value': 29128.870149}",COMPLETE
117,86258.6,2026-03-26 01:47:27.218022,2026-03-26 01:47:29.743937,0 days 00:00:02.525915,20,False,True,True,True,False,555,0.4,785,14,5,0.15000000000000002,0.6,0.15000000000000002,"{'start_date': '2021-03-23', 'end_date': '2024-09-16', 'trading_days': 872, 'total_trades': 2209, 'win_rate': 0.9493, 'net_profit_brl': 33100.0, 'avg_profit_brl': 14.98, 'avg_win_brl': 17.86, 'avg_loss_brl': -49.94, 'profit_factor': 8.618, 'max_drawdown_pct': 0.38, 'expected_payoff': 14.98, 'on_tester_value': 86258.6}",COMPLETE
118,50973.773913,2026-03-26 01:47:29.743983,2026-03-26 01:47:32.266877,0 days 00:00:02.522894,19,False,True,True,True,False,550,0.35,815,13,3,0.13,0.55,0.2,"{'start_date': '2021-03-23', 'end_date': '2024-09-16', 'trading_days': 872, 'total_trades': 3104, 'win_rate': 0.8889, 'net_profit_brl': 49510.0, 'avg_profit_brl': 15.95, 'avg_win_brl': 23.37, 'avg_loss_brl': -50.76, 'profit_factor': 4.3062, 'max_drawdown_pct': 0.97, 'expected_payoff': 15.95, 'on_tester_value': 50973.773913}",COMPLETE
119,11743.63254,2026-03-26 01:47:32.266931,2026-03-26 01:47:34.867951,0 days 00:00:02.601020,15,False,True,True,True,False,600,0.4,890,15,4,0.12000000000000001,0.5,0.30000000000000004,"{'start_date': '2021-03-23', 'end_date': '2024-09-16', 'trading_days': 872, 'total_trades': 2282, 'win_rate': 0.78, 'net_profit_brl': 34915.0, 'avg_profit_brl': 15.3, 'avg_win_brl': 35.43, 'avg_loss_brl': -59.01, 'profit_factor': 2.2403, 'max_drawdown_pct': 2.97, 'expected_payoff': 15.3, 'on_tester_value': 11743.63254}",COMPLETE
120,27170.252874,2026-03-26 01:47:34.868008,2026-03-26 01:47:37.661514,0 days 00:00:02.793506,38,True,True,True,True,True,575,0.25,760,15,3,0.14,0.9,0.30000000000000004,"{'start_date': '2021-03-23', 'end_date': '2024-09-16', 'trading_days': 872, 'total_trades': 4169, 'win_rate': 0.864, 'net_profit_brl': 69320.0, 'avg_profit_brl': 16.63, 'avg_win_brl': 34.11, 'avg_loss_brl': -97.19, 'profit_factor': 2.2945, 'max_drawdown_pct': 2.55, 'expected_payoff': 16.63, 'on_tester_value': 27170.252874}",COMPLETE
121,8251.341176,2026-03-26 01:47:37.661565,2026-03-26 01:47:40.254560,0 days 00:00:02.592995,11,True,True,True,True,False,650,0.35,740,14,4,0.17,0.8,0.15000000000000002,"{'start_date': '2021-03-23', 'end_date': '2024-09-16', 'trading_days': 872, 'total_trades': 792, 'win_rate': 0.9672, 'net_profit_brl': 12660.0, 'avg_profit_brl': 15.98, 'avg_win_brl': 19.39, 'avg_loss_brl': -91.46, 'profit_factor': 6.7677, 'max_drawdown_pct': 1.53, 'expected_payoff': 15.98, 'on_tester_value': 8251.341176}",COMPLETE
122,54285.06,2026-03-26 01:47:40.254607,2026-03-26 01:47:42.801557,0 days 00:00:02.546950,12,False,True,True,True,False,550,0.4,765,13,4,0.13,0.5,0.1,"{'start_date': '2021-03-23', 'end_date': '2024-09-16', 'trading_days': 872, 'total_trades': 2510, 'win_rate': 0.9371, 'net_profit_brl': 25470.0, 'avg_profit_brl': 10.15, 'avg_win_brl': 12.59, 'avg_loss_brl': -36.27, 'profit_factor': 7.1596, 'max_drawdown_pct': 0.47, 'expected_payoff': 10.15, 'on_tester_value': 54285.06}",COMPLETE
123,25709.0625,2026-03-26 01:47:42.801609,2026-03-26 01:47:45.656669,0 days 00:00:02.855060,20,False,True,True,True,False,560,0.5,770,12,6,0.11,0.7,0.25,"{'start_date': '2021-03-23', 'end_date': '2024-09-16', 'trading_days': 872, 'total_trades': 2039, 'win_rate': 0.8744, 'net_profit_brl': 34625.0, 'avg_profit_brl': 16.98, 'avg_win_brl': 29.59, 'avg_loss_brl': -75.88, 'profit_factor': 2.9093, 'max_drawdown_pct': 1.35, 'expected_payoff': 16.98, 'on_tester_value': 25709.0625}",COMPLETE
124,74241.63,2026-03-26 01:47:45.656757,2026-03-26 01:47:48.691166,0 days 00:00:03.034409,10,False,True,True,True,False,570,0.45000000000000007,775,13,4,0.11,0.55,0.15000000000000002,"{'start_date': '2021-03-23', 'end_date': '2024-09-16', 'trading_days': 872, 'total_trades': 2349, 'win_rate': 0.9302, 'net_profit_brl': 35370.0, 'avg_profit_brl': 15.06, 'avg_win_brl': 19.32, 'avg_loss_brl': -52.18, 'profit_factor': 6.1748, 'max_drawdown_pct': 0.48, 'expected_payoff': 15.06, 'on_tester_value': 74241.63}",COMPLETE
125,52829.191304,2026-03-26 01:47:48.691212,2026-03-26 01:47:51.890087,0 days 00:00:03.198875,20,True,True,True,True,True,545,0.15,770,14,5,0.1,0.9,0.2,"{'start_date': '2021-03-23', 'end_date': '2024-09-16', 'trading_days': 872, 'total_trades': 9451, 'win_rate': 0.8632, 'net_profit_brl': 112820.0, 'avg_profit_brl': 11.94, 'avg_win_brl': 25.01, 'avg_loss_brl': -75.89, 'profit_factor': 2.2368, 'max_drawdown_pct': 2.14, 'expected_payoff': 11.94, 'on_tester_value': 52829.191304}",COMPLETE
126,18155.923596,2026-03-26 01:47:51.890141,2026-03-26 01:47:54.826326,0 days 00:00:02.936185,13,False,True,True,True,True,560,0.15,730,12,6,0.13,0.8,0.30000000000000004,"{'start_date': '2021-03-23', 'end_date': '2024-09-16', 'trading_days': 872, 'total_trades': 4367, 'win_rate': 0.8086, 'net_profit_brl': 57260.0, 'avg_profit_brl': 13.11, 'avg_win_brl': 34.76, 'avg_loss_brl': -81.93, 'profit_factor': 1.8747, 'max_drawdown_pct': 3.15, 'expected_payoff': 13.11, 'on_tester_value': 18155.923596}",COMPLETE
127,31644.845455,2026-03-26 01:47:54.826395,2026-03-26 01:47:57.722815,0 days 00:00:02.896420,10,False,True,True,True,False,605,0.4,740,15,5,0.13,0.5,0.1,"{'start_date': '2021-03-23', 'end_date': '2024-09-16', 'trading_days': 872, 'total_trades': 1456, 'win_rate': 0.9609, 'net_profit_brl': 16435.0, 'avg_profit_brl': 11.29, 'avg_win_brl': 12.89, 'avg_loss_brl': -37.98, 'profit_factor': 11.3041, 'max_drawdown_pct': 0.52, 'expected_payoff': 11.29, 'on_tester_value': 31644.845455}",COMPLETE
128,71768.19375,2026-03-26 01:47:57.722875,2026-03-26 01:48:00.863794,0 days 00:00:03.140919,24,True,True,True,False,True,545,0.35,805,9,6,0.13,0.9,0.15000000000000002,"{'start_date': '2021-03-23', 'end_date': '2024-09-16', 'trading_days': 872, 'total_trades': 4231, 'win_rate': 0.9482, 'net_profit_brl': 60885.0, 'avg_profit_brl': 14.39, 'avg_win_brl': 18.48, 'avg_loss_brl': -75.28, 'profit_factor': 5.5951, 'max_drawdown_pct': 0.85, 'expected_payoff': 14.39, 'on_tester_value': 71768.19375}",COMPLETE
129,5937.460234,2026-03-26 01:48:00.863852,2026-03-26 01:48:03.576974,0 days 00:00:02.713122,17,True,True,True,False,True,555,0.2,840,7,5,0.15000000000000002,0.8500000000000001,0.45000000000000007,"{'start_date': '2021-03-23', 'end_date': '2024-09-16', 'trading_days': 872, 'total_trades': 4475, 'win_rate': 0.7026, 'net_profit_brl': 42985.0, 'avg_profit_brl': 9.61, 'avg_win_brl': 52.08, 'avg_loss_brl': -94.28, 'profit_factor': 1.3559, 'max_drawdown_pct': 7.24, 'expected_payoff': 9.61, 'on_tester_value': 5937.460234}",COMPLETE
130,9960.428571,2026-03-26 01:48:03.577039,2026-03-26 01:48:06.245089,0 days 00:00:02.668050,30,True,True,False,False,True,585,0.45000000000000007,770,7,5,0.12000000000000001,1.0,0.25,"{'start_date': '2021-03-23', 'end_date': '2024-09-16', 'trading_days': 872, 'total_trades': 1876, 'win_rate': 0.927, 'net_profit_brl': 36600.0, 'avg_profit_brl': 19.51, 'avg_win_brl': 29.48, 'avg_loss_brl': -113.64, 'profit_factor': 3.4966, 'max_drawdown_pct': 3.67, 'expected_payoff': 19.51, 'on_tester_value': 9960.428571}",COMPLETE
131,4129.8,2026-03-26 01:48:06.245157,2026-03-26 01:48:09.162749,0 days 00:00:02.917592,19,True,True,True,False,True,545,0.45000000000000007,825,9,5,0.11,1.05,0.4,"{'start_date': '2021-03-23', 'end_date': '2024-09-16', 'trading_days': 872, 'total_trades': 3608, 'win_rate': 0.7666, 'net_profit_brl': 34415.0, 'avg_profit_brl': 9.54, 'avg_win_brl': 48.22, 'avg_loss_brl': -121.44, 'profit_factor': 1.3477, 'max_drawdown_pct': 8.33, 'expected_payoff': 9.54, 'on_tester_value': 4129.8}",COMPLETE
132,2639.604834,2026-03-26 01:48:09.162811,2026-03-26 01:48:12.289845,0 days 00:00:03.127034,24,True,True,True,True,True,565,0.2,730,15,7,0.18,0.75,0.55,"{'start_date': '2021-03-23', 'end_date': '2024-09-16', 'trading_days': 872, 'total_trades': 3603, 'win_rate': 0.6253, 'net_profit_brl': 33020.0, 'avg_profit_brl': 9.16, 'avg_win_brl': 61.12, 'avg_loss_brl': -80.96, 'profit_factor': 1.3154, 'max_drawdown_pct': 12.51, 'expected_payoff': 9.16, 'on_tester_value': 2639.604834}",COMPLETE
133,63247.121053,2026-03-26 01:48:12.289940,2026-03-26 01:48:15.372735,0 days 00:00:03.082795,39,True,True,True,True,True,550,0.30000000000000004,875,12,7,0.17,1.25,0.1,"{'start_date': '2021-03-23', 'end_date': '2024-09-16', 'trading_days': 872, 'total_trades': 4781, 'win_rate': 0.9755, 'net_profit_brl': 49270.0, 'avg_profit_brl': 10.31, 'avg_win_brl': 12.26, 'avg_loss_brl': -86.09, 'profit_factor': 7.221, 'max_drawdown_pct': 0.78, 'expected_payoff': 10.31, 'on_tester_value': 63247.121053}",COMPLETE
134,51487.128,2026-03-26 01:48:15.372784,2026-03-26 01:48:18.436628,0 days 00:00:03.063844,36,True,True,True,True,True,585,0.35,865,13,6,0.13,1.05,0.1,"{'start_date': '2021-03-23', 'end_date': '2024-09-16', 'trading_days': 872, 'total_trades': 4115, 'win_rate': 0.9823, 'net_profit_brl': 45180.0, 'avg_profit_brl': 10.98, 'avg_win_brl': 12.27, 'avg_loss_brl': -76.12, 'profit_factor': 11.2333, 'max_drawdown_pct': 0.88, 'expected_payoff': 10.98, 'on_tester_value': 51487.128}",COMPLETE
135,74715.12,2026-03-26 01:48:18.436675,2026-03-26 01:48:21.411637,0 days 00:00:02.974962,35,True,False,True,True,True,555,0.35,790,13,7,0.16,1.1,0.15000000000000002,"{'start_date': '2021-03-23', 'end_date': '2024-09-16', 'trading_days': 872, 'total_trades': 3316, 'win_rate': 0.9671, 'net_profit_brl': 50620.0, 'avg_profit_brl': 15.27, 'avg_win_brl': 17.87, 'avg_loss_brl': -83.5, 'profit_factor': 8.5778, 'max_drawdown_pct': 0.68, 'expected_payoff': 15.27, 'on_tester_value': 74715.12}",COMPLETE
136,33047.413043,2026-03-26 01:48:21.411715,2026-03-26 01:48:25.187980,0 days 00:00:03.776265,31,True,True,True,True,False,560,0.25,875,12,6,0.27,1.15,0.15000000000000002,"{'start_date': '2021-03-23', 'end_date': '2024-09-16', 'trading_days': 872, 'total_trades': 2368, 'win_rate': 0.9738, 'net_profit_brl': 35685.0, 'avg_profit_brl': 15.07, 'avg_win_brl': 17.33, 'avg_loss_brl': -104.51, 'profit_factor': 9.3279, 'max_drawdown_pct': 1.08, 'expected_payoff': 15.07, 'on_tester_value': 33047.413043}",COMPLETE
137,53071.396552,2026-03-26 01:48:25.188044,2026-03-26 01:48:29.620342,0 days 00:00:04.432298,31,True,True,True,True,True,585,0.35,900,13,8,0.11,0.5,0.25,"{'start_date': '2021-03-23', 'end_date': '2024-09-16', 'trading_days': 872, 'total_trades': 5018, 'win_rate': 0.8252, 'net_profit_brl': 75630.0, 'avg_profit_brl': 15.07, 'avg_win_brl': 28.61, 'avg_loss_brl': -53.49, 'profit_factor': 2.7652, 'max_drawdown_pct': 1.43, 'expected_payoff': 15.07, 'on_tester_value': 53071.396552}",COMPLETE
138,37892.573016,2026-03-26 01:48:29.620418,2026-03-26 01:48:32.506132,0 days 00:00:02.885714,25,True,False,True,True,True,555,0.35,800,12,6,0.13,1.2000000000000002,0.2,"{'start_date': '2021-03-23', 'end_date': '2024-09-16', 'trading_days': 872, 'total_trades': 4098, 'win_rate': 0.9414, 'net_profit_brl': 69115.0, 'avg_profit_brl': 16.87, 'avg_win_brl': 24.09, 'avg_loss_brl': -112.99, 'profit_factor': 3.8991, 'max_drawdown_pct': 1.82, 'expected_payoff': 16.87, 'on_tester_value': 37892.573016}",COMPLETE
139,2777.085088,2026-03-26 01:48:32.506178,2026-03-26 01:48:35.230351,0 days 00:00:02.724173,25,True,True,True,False,True,695,0.35,805,10,5,0.2,0.9,0.15000000000000002,"{'start_date': '2021-03-23', 'end_date': '2024-09-16', 'trading_days': 872, 'total_trades': 461, 'win_rate': 0.9783, 'net_profit_brl': 7205.0, 'avg_profit_brl': 15.63, 'avg_win_brl': 18.55, 'avg_loss_brl': -116.0, 'profit_factor': 7.2112, 'max_drawdown_pct': 2.59, 'expected_payoff': 15.63, 'on_tester_value': 2777.085088}",COMPLETE
140,23450.076531,2026-03-26 01:48:35.230394,2026-03-26 01:48:39.707575,0 days 00:00:04.477181,39,True,True,True,True,True,565,0.35,845,13,8,0.17,1.3,0.15000000000000002,"{'start_date': '2021-03-23', 'end_date': '2024-09-16', 'trading_days': 872, 'total_trades': 3711, 'win_rate': 0.9747, 'net_profit_brl': 57025.0, 'avg_profit_brl': 15.37, 'avg_win_brl': 17.87, 'avg_loss_brl': -107.39, 'profit_factor': 8.4787, 'max_drawdown_pct': 2.43, 'expected_payoff': 15.37, 'on_tester_value': 23450.076531}",COMPLETE
141,43769.025,2026-03-26 01:48:39.707656,2026-03-26 01:48:42.733998,0 days 00:00:03.026342,30,True,True,True,False,True,565,0.35,820,7,7,0.12000000000000001,0.95,0.15000000000000002,"{'start_date': '2021-03-23', 'end_date': '2024-09-16', 'trading_days': 872, 'total_trades': 4073, 'win_rate': 0.9511, 'net_profit_brl': 58465.0, 'avg_profit_brl': 14.35, 'avg_win_brl': 18.44, 'avg_loss_brl': -80.47, 'profit_factor': 5.5129, 'max_drawdown_pct': 1.34, 'expected_payoff': 14.35, 'on_tester_value': 43769.025}",COMPLETE
142,32010.038462,2026-03-26 01:48:42.734045,2026-03-26 01:48:45.617218,0 days 00:00:02.883173,19,True,True,True,True,True,540,0.4,730,8,3,0.11,1.35,0.2,"{'start_date': '2021-03-23', 'end_date': '2024-09-16', 'trading_days': 872, 'total_trades': 4691, 'win_rate': 0.9388, 'net_profit_brl': 77240.0, 'avg_profit_brl': 16.47, 'avg_win_brl': 25.06, 'avg_loss_brl': -127.42, 'profit_factor': 3.3314, 'max_drawdown_pct': 2.41, 'expected_payoff': 16.47, 'on_tester_value': 32010.038462}",COMPLETE
143,44619.842105,2026-03-26 01:48:45.617279,2026-03-26 01:48:50.130299,0 days 00:00:04.513020,22,True,True,True,True,True,630,0.25,855,10,6,0.12000000000000001,0.5,0.1,"{'start_date': '2021-03-23', 'end_date': '2024-09-16', 'trading_days': 872, 'total_trades': 2915, 'win_rate': 0.9544, 'net_profit_brl': 30170.0, 'avg_profit_brl': 10.35, 'avg_win_brl': 12.13, 'avg_loss_brl': -37.93, 'profit_factor': 9.4628, 'max_drawdown_pct': 0.68, 'expected_payoff': 10.35, 'on_tester_value': 44619.842105}",COMPLETE
144,14822.740385,2026-03-26 01:48:50.130356,2026-03-26 01:48:53.053228,0 days 00:00:02.922872,38,True,False,True,True,True,570,0.4,780,15,6,0.16,1.05,0.25,"{'start_date': '2021-03-23', 'end_date': '2024-09-16', 'trading_days': 872, 'total_trades': 2648, 'win_rate': 0.9207, 'net_profit_brl': 51300.0, 'avg_profit_brl': 19.37, 'avg_win_brl': 29.04, 'avg_loss_brl': -105.41, 'profit_factor': 3.6308, 'max_drawdown_pct': 3.46, 'expected_payoff': 19.37, 'on_tester_value': 14822.740385}",COMPLETE
145,14102.229167,2026-03-26 01:48:53.053320,2026-03-26 01:48:57.506902,0 days 00:00:04.453582,13,False,True,True,True,False,575,0.45000000000000007,800,9,4,0.2,0.55,0.25,"{'start_date': '2021-03-23', 'end_date': '2024-09-16', 'trading_days': 872, 'total_trades': 1243, 'win_rate': 0.8922, 'net_profit_brl': 24585.0, 'avg_profit_brl': 19.78, 'avg_win_brl': 30.32, 'avg_loss_brl': -70.59, 'profit_factor': 3.7211, 'max_drawdown_pct': 1.74, 'expected_payoff': 19.78, 'on_tester_value': 14102.229167}",COMPLETE
146,53404.294737,2026-03-26 01:48:57.506987,2026-03-26 01:49:01.383141,0 days 00:00:03.876154,30,True,True,True,False,True,570,0.30000000000000004,795,12,4,0.18,0.65,0.1,"{'start_date': '2021-03-23', 'end_date': '2024-09-16', 'trading_days': 872, 'total_trades': 2834, 'win_rate': 0.9629, 'net_profit_brl': 29360.0, 'avg_profit_brl': 10.36, 'avg_win_brl': 11.8, 'avg_loss_brl': -46.39, 'profit_factor': 11.3746, 'max_drawdown_pct': 0.55, 'expected_payoff': 10.36, 'on_tester_value': 53404.294737}",COMPLETE
147,1540.733333,2026-03-26 01:49:01.383203,2026-03-26 01:49:04.816640,0 days 00:00:03.433437,12,False,False,True,True,False,580,0.45000000000000007,745,15,3,0.2,0.65,0.5,"{'start_date': '2021-03-23', 'end_date': '2024-09-16', 'trading_days': 872, 'total_trades': 740, 'win_rate': 0.623, 'net_profit_brl': 6820.0, 'avg_profit_brl': 9.22, 'avg_win_brl': 62.27, 'avg_loss_brl': -79.58, 'profit_factor': 1.3116, 'max_drawdown_pct': 4.43, 'expected_payoff': 9.22, 'on_tester_value': 1540.733333}",COMPLETE
148,6473.911765,2026-03-26 01:49:04.816724,2026-03-26 01:49:09.808749,0 days 00:00:04.992025,19,True,False,True,False,True,635,0.30000000000000004,755,7,5,0.16,1.2000000000000002,0.2,"{'start_date': '2021-03-23', 'end_date': '2024-09-16', 'trading_days': 872, 'total_trades': 967, 'win_rate': 0.9741, 'net_profit_brl': 19830.0, 'avg_profit_brl': 20.51, 'avg_win_brl': 24.79, 'avg_loss_brl': -153.04, 'profit_factor': 6.6335, 'max_drawdown_pct': 3.06, 'expected_payoff': 20.51, 'on_tester_value': 6473.911765}",COMPLETE
149,18754.541429,2026-03-26 01:49:09.808800,2026-03-26 01:49:13.536601,0 days 00:00:03.727801,37,True,False,True,True,False,550,0.35,830,13,7,0.17,1.1,0.30000000000000004,"{'start_date': '2021-03-23', 'end_date': '2024-09-16', 'trading_days': 872, 'total_trades': 2546, 'win_rate': 0.8955, 'net_profit_brl': 50845.0, 'avg_profit_brl': 19.97, 'avg_win_brl': 34.77, 'avg_loss_brl': -117.46, 'profit_factor': 2.7887, 'max_drawdown_pct': 2.71, 'expected_payoff': 19.97, 'on_tester_value': 18754.541429}",COMPLETE
150,27252.475676,2026-03-26 01:49:13.536644,2026-03-26 01:49:18.277896,0 days 00:00:04.741252,33,True,True,True,True,True,630,0.25,835,15,8,0.18,0.8500000000000001,0.15000000000000002,"{'start_date': '2021-03-23', 'end_date': '2024-09-16', 'trading_days': 872, 'total_trades': 1837, 'win_rate': 0.9728, 'net_profit_brl': 28420.0, 'avg_profit_brl': 15.47, 'avg_win_brl': 17.47, 'avg_loss_brl': -77.92, 'profit_factor': 11.1319, 'max_drawdown_pct': 1.04, 'expected_payoff': 15.47, 'on_tester_value': 27252.475676}",COMPLETE
151,27422.045455,2026-03-26 01:49:18.277978,2026-03-26 01:49:21.671102,0 days 00:00:03.393124,16,False,False,False,True,False,570,0.4,790,12,6,0.17,0.5,0.2,"{'start_date': '2021-03-23', 'end_date': '2024-09-16', 'trading_days': 872, 'total_trades': 613, 'win_rate': 0.9201, 'net_profit_brl': 10870.0, 'avg_profit_brl': 17.73, 'avg_win_brl': 22.3, 'avg_loss_brl': -43.72, 'profit_factor': 7.3754, 'max_drawdown_pct': 0.4, 'expected_payoff': 17.73, 'on_tester_value': 27422.045455}",COMPLETE
152,85146.09375,2026-03-26 01:49:21.671170,2026-03-26 01:49:26.295075,0 days 00:00:04.623905,22,True,True,True,False,True,565,0.25,745,7,5,0.15000000000000002,0.8500000000000001,0.15000000000000002,"{'start_date': '2021-03-23', 'end_date': '2024-09-16', 'trading_days': 872, 'total_trades': 3583, 'win_rate': 0.9537, 'net_profit_brl': 53425.0, 'avg_profit_brl': 14.91, 'avg_win_brl': 18.13, 'avg_loss_brl': -70.5, 'profit_factor': 7.2632, 'max_drawdown_pct': 0.63, 'expected_payoff': 14.91, 'on_tester_value': 85146.09375}",COMPLETE
153,83836.046154,2026-03-26 01:49:26.295154,2026-03-26 01:49:30.406496,0 days 00:00:04.111342,32,True,True,True,True,True,550,0.30000000000000004,835,11,5,0.23,0.7,0.2,"{'start_date': '2021-03-23', 'end_date': '2024-09-16', 'trading_days': 872, 'total_trades': 3399, 'win_rate': 0.9435, 'net_profit_brl': 61505.0, 'avg_profit_brl': 18.1, 'avg_win_brl': 22.58, 'avg_loss_brl': -72.22, 'profit_factor': 6.6401, 'max_drawdown_pct': 0.73, 'expected_payoff': 18.1, 'on_tester_value': 83836.046154}",COMPLETE
154,27767.432609,2026-03-26 01:49:30.406575,2026-03-26 01:49:34.022319,0 days 00:00:03.615744,40,True,True,True,True,True,560,0.4,850,14,4,0.23,0.5,0.35,"{'start_date': '2021-03-23', 'end_date': '2024-09-16', 'trading_days': 872, 'total_trades': 2475, 'win_rate': 0.777, 'net_profit_brl': 46515.0, 'avg_profit_brl': 18.79, 'avg_win_brl': 39.59, 'avg_loss_brl': -57.27, 'profit_factor': 2.5709, 'max_drawdown_pct': 1.68, 'expected_payoff': 18.79, 'on_tester_value': 27767.432609}",COMPLETE
155,48913.338,2026-03-26 01:49:34.022372,2026-03-26 01:49:37.311434,0 days 00:00:03.289062,15,True,True,True,False,True,555,0.15,720,8,4,0.29000000000000004,0.95,0.15000000000000002,"{'start_date': '2021-03-23', 'end_date': '2024-09-16', 'trading_days': 872, 'total_trades': 2236, 'win_rate': 0.966, 'net_profit_brl': 32635.0, 'avg_profit_brl': 14.6, 'avg_win_brl': 17.21, 'avg_loss_brl': -82.64, 'profit_factor': 8.1804, 'max_drawdown_pct': 0.67, 'expected_payoff': 14.6, 'on_tester_value': 48913.338}",COMPLETE
156,36007.9125,2026-03-26 01:49:37.311498,2026-03-26 01:49:40.470090,0 days 00:00:03.158592,18,True,True,True,False,True,595,0.30000000000000004,750,9,5,0.16,0.75,0.2,"{'start_date': '2021-03-23', 'end_date': '2024-09-16', 'trading_days': 872, 'total_trades': 2137, 'win_rate': 0.9504, 'net_profit_brl': 40345.0, 'avg_profit_brl': 18.88, 'avg_win_brl': 23.69, 'avg_loss_brl': -82.71, 'profit_factor': 6.1891, 'max_drawdown_pct': 1.12, 'expected_payoff': 18.88, 'on_tester_value': 36007.9125}",COMPLETE
157,26789.385714,2026-03-26 01:49:40.470146,2026-03-26 01:49:43.744604,0 days 00:00:03.274458,12,False,False,True,True,False,550,0.45000000000000007,770,9,4,0.11,0.8500000000000001,0.1,"{'start_date': '2021-03-23', 'end_date': '2024-09-16', 'trading_days': 872, 'total_trades': 1743, 'win_rate': 0.9627, 'net_profit_brl': 19830.0, 'avg_profit_brl': 11.38, 'avg_win_brl': 13.66, 'avg_loss_brl': -56.27, 'profit_factor': 7.4071, 'max_drawdown_pct': 0.74, 'expected_payoff': 11.38, 'on_tester_value': 26789.385714}",COMPLETE
158,20237.568182,2026-03-26 01:49:43.744669,2026-03-26 01:49:46.880685,0 days 00:00:03.136016,38,True,False,False,False,True,545,0.35,855,15,6,0.19,0.95,0.2,"{'start_date': '2021-03-23', 'end_date': '2024-09-16', 'trading_days': 872, 'total_trades': 1519, 'win_rate': 0.95, 'net_profit_brl': 28090.0, 'avg_profit_brl': 18.49, 'avg_win_brl': 23.09, 'avg_loss_brl': -87.25, 'profit_factor': 6.3658, 'max_drawdown_pct': 1.39, 'expected_payoff': 18.49, 'on_tester_value': 20237.568182}",COMPLETE
159,86639.282143,2026-03-26 01:49:46.880736,2026-03-26 01:49:51.183489,0 days 00:00:04.302753,23,True,True,True,True,True,545,0.25,850,7,4,0.2,0.75,0.15000000000000002,"{'start_date': '2021-03-23', 'end_date': '2024-09-16', 'trading_days': 872, 'total_trades': 4754, 'win_rate': 0.9544, 'net_profit_brl': 67330.0, 'avg_profit_brl': 14.16, 'avg_win_brl': 17.3, 'avg_loss_brl': -67.26, 'profit_factor': 7.0305, 'max_drawdown_pct': 0.78, 'expected_payoff': 14.16, 'on_tester_value': 86639.282143}",COMPLETE
160,85066.609615,2026-03-26 01:49:51.183553,2026-03-26 01:49:54.734061,0 days 00:00:03.550508,20,True,True,True,True,True,550,0.25,875,5,3,0.21000000000000002,0.7,0.15000000000000002,"{'start_date': '2021-03-23', 'end_date': '2024-09-16', 'trading_days': 872, 'total_trades': 4329, 'win_rate': 0.9566, 'net_profit_brl': 62355.0, 'avg_profit_brl': 14.4, 'avg_win_brl': 17.3, 'avg_loss_brl': -65.96, 'profit_factor': 7.7048, 'max_drawdown_pct': 0.73, 'expected_payoff': 14.4, 'on_tester_value': 85066.609615}",COMPLETE
161,114320.660714,2026-03-26 01:49:54.734166,2026-03-26 01:49:58.130430,0 days 00:00:03.396264,23,True,True,True,True,True,550,0.25,885,4,4,0.15000000000000002,0.7,0.15000000000000002,"{'start_date': '2021-03-23', 'end_date': '2024-09-16', 'trading_days': 872, 'total_trades': 6103, 'win_rate': 0.9427, 'net_profit_brl': 86630.0, 'avg_profit_brl': 14.19, 'avg_win_brl': 17.72, 'avg_loss_brl': -55.71, 'profit_factor': 6.6547, 'max_drawdown_pct': 0.76, 'expected_payoff': 14.19, 'on_tester_value': 114320.660714}",COMPLETE
162,77169.342857,2026-03-26 01:49:58.130493,2026-03-26 01:50:01.602627,0 days 00:00:03.472134,23,False,True,True,True,True,570,0.35,880,10,5,0.13,0.65,0.2,"{'start_date': '2021-03-23', 'end_date': '2024-09-16', 'trading_days': 872, 'total_trades': 3794, 'win_rate': 0.9104, 'net_profit_brl': 61665.0, 'avg_profit_brl': 16.25, 'avg_win_brl': 23.11, 'avg_loss_brl': -61.11, 'profit_factor': 4.3975, 'max_drawdown_pct': 0.8, 'expected_payoff': 16.25, 'on_tester_value': 77169.342857}",COMPLETE
163,44272.302941,2026-03-26 01:50:01.602711,2026-03-26 01:50:05.080915,0 days 00:00:03.478204,16,True,False,True,True,True,560,0.2,850,5,3,0.26,0.6,0.25,"{'start_date': '2021-03-23', 'end_date': '2024-09-16', 'trading_days': 872, 'total_trades': 2623, 'win_rate': 0.8837, 'net_profit_brl': 48230.0, 'avg_profit_brl': 18.39, 'avg_win_brl': 28.48, 'avg_loss_brl': -67.92, 'profit_factor': 3.7103, 'max_drawdown_pct': 1.09, 'expected_payoff': 18.39, 'on_tester_value': 44272.302941}",COMPLETE
164,14157.486486,2026-03-26 01:50:05.080979,2026-03-26 01:50:08.514583,0 days 00:00:03.433604,38,True,False,True,True,True,670,0.30000000000000004,830,12,7,0.12000000000000001,1.1,0.2,"{'start_date': '2021-03-23', 'end_date': '2024-09-16', 'trading_days': 872, 'total_trades': 1308, 'win_rate': 0.9587, 'net_profit_brl': 23490.0, 'avg_profit_brl': 17.96, 'avg_win_brl': 23.89, 'avg_loss_brl': -121.98, 'profit_factor': 4.6334, 'max_drawdown_pct': 1.66, 'expected_payoff': 17.96, 'on_tester_value': 14157.486486}",COMPLETE
165,51735.816667,2026-03-26 01:50:08.514644,2026-03-26 01:50:11.803532,0 days 00:00:03.288888,21,True,True,True,True,True,620,0.15,875,1,5,0.11,0.8500000000000001,0.1,"{'start_date': '2021-03-23', 'end_date': '2024-09-16', 'trading_days': 872, 'total_trades': 3591, 'win_rate': 0.9724, 'net_profit_brl': 39695.0, 'avg_profit_brl': 11.05, 'avg_win_brl': 12.74, 'avg_loss_brl': -59.38, 'profit_factor': 9.2526, 'max_drawdown_pct': 0.77, 'expected_payoff': 11.05, 'on_tester_value': 51735.816667}",COMPLETE
166,88221.024194,2026-03-26 01:50:11.803598,2026-03-26 01:50:15.122616,0 days 00:00:03.319018,22,True,True,True,True,True,560,0.30000000000000004,885,3,3,0.19,0.8,0.2,"{'start_date': '2021-03-23', 'end_date': '2024-09-16', 'trading_days': 872, 'total_trades': 3960, 'win_rate': 0.9452, 'net_profit_brl': 72255.0, 'avg_profit_brl': 18.25, 'avg_win_brl': 23.12, 'avg_loss_brl': -81.57, 'profit_factor': 6.0616, 'max_drawdown_pct': 0.82, 'expected_payoff': 18.25, 'on_tester_value': 88221.024194}",COMPLETE
167,13012.209375,2026-03-26 01:50:15.122744,2026-03-26 01:50:18.571890,0 days 00:00:03.449146,21,True,True,True,True,True,570,0.4,900,4,4,0.23,0.6,0.1,"{'start_date': '2021-03-23', 'end_date': '2024-09-16', 'trading_days': 872, 'total_trades': 2495, 'win_rate': 0.9639, 'net_profit_brl': 24795.0, 'avg_profit_brl': 9.94, 'avg_win_brl': 11.74, 'avg_loss_brl': -61.34, 'profit_factor': 8.2183, 'max_drawdown_pct': 1.91, 'expected_payoff': 9.94, 'on_tester_value': 13012.209375}",COMPLETE
168,32279.637097,2026-03-26 01:50:18.571932,2026-03-26 01:50:21.879965,0 days 00:00:03.308033,23,True,True,True,True,True,595,0.2,810,4,3,0.24000000000000002,0.9,0.15000000000000002,"{'start_date': '2021-03-23', 'end_date': '2024-09-16', 'trading_days': 872, 'total_trades': 1995, 'win_rate': 0.9799, 'net_profit_brl': 31125.0, 'avg_profit_brl': 15.6, 'avg_win_brl': 17.34, 'avg_loss_brl': -89.52, 'profit_factor': 12.2162, 'max_drawdown_pct': 0.96, 'expected_payoff': 15.6, 'on_tester_value': 32279.637097}",COMPLETE
169,13946.265,2026-03-26 01:50:21.880032,2026-03-26 01:50:25.061468,0 days 00:00:03.181436,21,False,True,True,True,True,685,0.4,845,11,5,0.11,0.65,0.25,"{'start_date': '2021-03-23', 'end_date': '2024-09-16', 'trading_days': 872, 'total_trades': 1226, 'win_rate': 0.8662, 'net_profit_brl': 19615.0, 'avg_profit_brl': 16.0, 'avg_win_brl': 29.99, 'avg_loss_brl': -77.9, 'profit_factor': 2.6038, 'max_drawdown_pct': 1.41, 'expected_payoff': 16.0, 'on_tester_value': 13946.265}",COMPLETE
170,20653.289831,2026-03-26 01:50:25.061533,2026-03-26 01:50:28.278273,0 days 00:00:03.216740,18,True,True,True,False,False,560,0.5,765,15,3,0.1,0.55,0.25,"{'start_date': '2021-03-23', 'end_date': '2024-09-16', 'trading_days': 872, 'total_trades': 2282, 'win_rate': 0.8295, 'net_profit_brl': 36670.0, 'avg_profit_brl': 16.07, 'avg_win_brl': 31.12, 'avg_loss_brl': -62.99, 'profit_factor': 2.6492, 'max_drawdown_pct': 1.78, 'expected_payoff': 16.07, 'on_tester_value': 20653.289831}",COMPLETE
171,15709.871739,2026-03-26 01:50:28.278342,2026-03-26 01:50:31.640706,0 days 00:00:03.362364,26,False,True,True,True,True,560,0.35,875,8,4,0.12000000000000001,0.8500000000000001,0.30000000000000004,"{'start_date': '2021-03-23', 'end_date': '2024-09-16', 'trading_days': 872, 'total_trades': 4356, 'win_rate': 0.8377, 'net_profit_brl': 63980.0, 'avg_profit_brl': 14.69, 'avg_win_brl': 34.44, 'avg_loss_brl': -91.39, 'profit_factor': 2.0371, 'max_drawdown_pct': 4.07, 'expected_payoff': 14.69, 'on_tester_value': 15709.871739}",COMPLETE
172,62169.0,2026-03-26 01:50:31.640767,2026-03-26 01:50:35.282252,0 days 00:00:03.641485,16,False,True,True,True,True,565,0.25,895,8,6,0.17,0.6,0.1,"{'start_date': '2021-03-23', 'end_date': '2024-09-16', 'trading_days': 872, 'total_trades': 3580, 'win_rate': 0.9595, 'net_profit_brl': 36040.0, 'avg_profit_brl': 10.07, 'avg_win_brl': 11.73, 'avg_loss_brl': -41.21, 'profit_factor': 9.49, 'max_drawdown_pct': 0.58, 'expected_payoff': 10.07, 'on_tester_value': 62169.0}",COMPLETE
173,11065.925,2026-03-26 01:50:35.282311,2026-03-26 01:50:38.862701,0 days 00:00:03.580390,25,False,True,False,False,True,550,0.2,725,8,4,0.11,1.0,0.1,"{'start_date': '2021-03-23', 'end_date': '2024-09-16', 'trading_days': 872, 'total_trades': 2858, 'win_rate': 0.9419, 'net_profit_brl': 23705.0, 'avg_profit_brl': 8.29, 'avg_win_brl': 13.09, 'avg_loss_brl': -73.85, 'profit_factor': 3.0577, 'max_drawdown_pct': 2.14, 'expected_payoff': 8.29, 'on_tester_value': 11065.925}",COMPLETE
174,30954.624324,2026-03-26 01:50:38.862774,2026-03-26 01:50:42.863515,0 days 00:00:04.000741,24,True,True,True,True,True,600,0.30000000000000004,870,3,3,0.15000000000000002,0.75,0.30000000000000004,"{'start_date': '2021-03-23', 'end_date': '2024-09-16', 'trading_days': 872, 'total_trades': 3281, 'win_rate': 0.8491, 'net_profit_brl': 55090.0, 'avg_profit_brl': 16.79, 'avg_win_brl': 34.67, 'avg_loss_brl': -86.44, 'profit_factor': 2.3278, 'max_drawdown_pct': 1.78, 'expected_payoff': 16.79, 'on_tester_value': 30954.624324}",COMPLETE
175,36340.73125,2026-03-26 01:50:42.863583,2026-03-26 01:50:46.648652,0 days 00:00:03.785069,36,False,True,True,True,True,570,0.2,825,11,5,0.28,0.55,0.25,"{'start_date': '2021-03-23', 'end_date': '2024-09-16', 'trading_days': 872, 'total_trades': 1974, 'win_rate': 0.9048, 'net_profit_brl': 38405.0, 'avg_profit_brl': 19.46, 'avg_win_brl': 27.33, 'avg_loss_brl': -62.74, 'profit_factor': 4.6875, 'max_drawdown_pct': 1.06, 'expected_payoff': 19.46, 'on_tester_value': 36340.73125}",COMPLETE
176,17408.452288,2026-03-26 01:50:46.648719,2026-03-26 01:50:51.061254,0 days 00:00:04.412535,19,True,True,True,True,True,545,0.15,900,7,4,0.18,0.7,0.4,"{'start_date': '2021-03-23', 'end_date': '2024-09-16', 'trading_days': 872, 'total_trades': 6395, 'win_rate': 0.7129, 'net_profit_brl': 75155.0, 'avg_profit_brl': 11.75, 'avg_win_brl': 44.48, 'avg_loss_brl': -72.94, 'profit_factor': 1.5888, 'max_drawdown_pct': 4.32, 'expected_payoff': 11.75, 'on_tester_value': 17408.452288}",COMPLETE
177,12504.513636,2026-03-26 01:50:51.061343,2026-03-26 01:50:54.794559,0 days 00:00:03.733216,31,True,True,True,True,True,580,0.30000000000000004,850,5,5,0.30000000000000004,0.75,0.4,"{'start_date': '2021-03-23', 'end_date': '2024-09-16', 'trading_days': 872, 'total_trades': 1873, 'win_rate': 0.7939, 'net_profit_brl': 33305.0, 'avg_profit_brl': 17.78, 'avg_win_brl': 44.81, 'avg_loss_brl': -88.16, 'profit_factor': 1.9994, 'max_drawdown_pct': 2.66, 'expected_payoff': 17.78, 'on_tester_value': 12504.513636}",COMPLETE
178,48368.473043,2026-03-26 01:50:54.794616,2026-03-26 01:50:58.325745,0 days 00:00:03.531129,33,True,True,True,True,False,545,0.4,815,12,7,0.1,1.0,0.15000000000000002,"{'start_date': '2021-03-23', 'end_date': '2024-09-16', 'trading_days': 872, 'total_trades': 4716, 'win_rate': 0.9406, 'net_profit_brl': 63360.0, 'avg_profit_brl': 13.44, 'avg_win_brl': 18.87, 'avg_loss_brl': -83.68, 'profit_factor': 4.1158, 'max_drawdown_pct': 1.31, 'expected_payoff': 13.44, 'on_tester_value': 48368.473043}",COMPLETE
179,16074.968333,2026-03-26 01:50:58.325812,2026-03-26 01:51:01.346309,0 days 00:00:03.020497,40,True,True,True,True,True,630,0.2,765,10,6,0.23,1.0,0.15000000000000002,"{'start_date': '2021-03-23', 'end_date': '2024-09-16', 'trading_days': 872, 'total_trades': 1179, 'win_rate': 0.9779, 'net_profit_brl': 18055.0, 'avg_profit_brl': 15.31, 'avg_win_brl': 17.02, 'avg_loss_brl': -92.35, 'profit_factor': 12.5, 'max_drawdown_pct': 1.12, 'expected_payoff': 15.31, 'on_tester_value': 16074.968333}",COMPLETE
180,55521.321739,2026-03-26 01:51:01.346368,2026-03-26 01:51:04.148990,0 days 00:00:02.802622,28,True,True,False,True,True,570,0.25,845,11,4,0.28,0.65,0.2,"{'start_date': '2021-03-23', 'end_date': '2024-09-16', 'trading_days': 872, 'total_trades': 1953, 'win_rate': 0.9447, 'net_profit_brl': 35315.0, 'avg_profit_brl': 18.08, 'avg_win_brl': 22.26, 'avg_loss_brl': -66.09, 'profit_factor': 7.1417, 'max_drawdown_pct': 0.64, 'expected_payoff': 18.08, 'on_tester_value': 55521.321739}",COMPLETE
181,42803.681356,2026-03-26 01:51:04.149061,2026-03-26 01:51:07.217941,0 days 00:00:03.068880,25,False,True,True,True,True,540,0.35,880,15,5,0.14,0.5,0.25,"{'start_date': '2021-03-23', 'end_date': '2024-09-16', 'trading_days': 872, 'total_trades': 4129, 'win_rate': 0.831, 'net_profit_brl': 65290.0, 'avg_profit_brl': 15.81, 'avg_win_brl': 28.36, 'avg_loss_brl': -51.98, 'profit_factor': 3.039, 'max_drawdown_pct': 1.53, 'expected_payoff': 15.81, 'on_tester_value': 42803.681356}",COMPLETE
182,46209.8,2026-03-26 01:51:07.218011,2026-03-26 01:51:10.115114,0 days 00:00:02.897103,23,True,True,False,True,True,545,0.30000000000000004,865,6,4,0.19,0.9,0.15000000000000002,"{'start_date': '2021-03-23', 'end_date': '2024-09-16', 'trading_days': 872, 'total_trades': 3467, 'win_rate': 0.9648, 'net_profit_brl': 50780.0, 'avg_profit_brl': 14.65, 'avg_win_brl': 17.33, 'avg_loss_brl': -74.84, 'profit_factor': 8.0675, 'max_drawdown_pct': 1.1, 'expected_payoff': 14.65, 'on_tester_value': 46209.8}",COMPLETE
183,47429.66,2026-03-26 01:51:10.115166,2026-03-26 01:51:13.219877,0 days 00:00:03.104711,33,True,True,True,True,False,570,0.25,830,12,4,0.23,0.6,0.2,"{'start_date': '2021-03-23', 'end_date': '2024-09-16', 'trading_days': 872, 'total_trades': 2390, 'win_rate': 0.9289, 'net_profit_brl': 42060.0, 'avg_profit_brl': 17.6, 'avg_win_brl': 22.65, 'avg_loss_brl': -64.3, 'profit_factor': 6.1106, 'max_drawdown_pct': 0.89, 'expected_payoff': 17.6, 'on_tester_value': 47429.66}",COMPLETE
184,13173.562366,2026-03-26 01:51:13.219939,2026-03-26 01:51:16.184888,0 days 00:00:02.964949,34,True,False,True,False,True,550,0.4,780,15,8,0.15000000000000002,1.25,0.30000000000000004,"{'start_date': '2021-03-23', 'end_date': '2024-09-16', 'trading_days': 872, 'total_trades': 2362, 'win_rate': 0.8908, 'net_profit_brl': 42290.0, 'avg_profit_brl': 17.9, 'avg_win_brl': 35.77, 'avg_loss_brl': -136.83, 'profit_factor': 2.2825, 'max_drawdown_pct': 3.21, 'expected_payoff': 17.9, 'on_tester_value': 13173.562366}",COMPLETE
185,14012.535,2026-03-26 01:51:16.184964,2026-03-26 01:51:18.799067,0 days 00:00:02.614103,25,False,True,True,True,True,550,0.4,755,13,5,0.18,0.9,0.1,"{'start_date': '2021-03-23', 'end_date': '2024-09-16', 'trading_days': 872, 'total_trades': 2310, 'win_rate': 0.9745, 'net_profit_brl': 23740.0, 'avg_profit_brl': 10.28, 'avg_win_brl': 11.75, 'avg_loss_brl': -61.7, 'profit_factor': 9.744, 'max_drawdown_pct': 1.69, 'expected_payoff': 10.28, 'on_tester_value': 14012.535}",COMPLETE
186,7265.151515,2026-03-26 01:51:18.799117,2026-03-26 01:51:21.510001,0 days 00:00:02.710884,32,False,True,True,False,False,565,0.5,890,10,8,0.11,0.5,0.30000000000000004,"{'start_date': '2021-03-23', 'end_date': '2024-09-16', 'trading_days': 872, 'total_trades': 1568, 'win_rate': 0.7781, 'net_profit_brl': 23975.0, 'avg_profit_brl': 15.29, 'avg_win_brl': 35.18, 'avg_loss_brl': -57.6, 'profit_factor': 2.2652, 'max_drawdown_pct': 3.3, 'expected_payoff': 15.29, 'on_tester_value': 7265.151515}",COMPLETE
187,6898.425,2026-03-26 01:51:21.510080,2026-03-26 01:51:24.233313,0 days 00:00:02.723233,16,True,True,False,False,True,610,0.15,740,6,6,0.18,1.1,0.35,"{'start_date': '2021-03-23', 'end_date': '2024-09-16', 'trading_days': 872, 'total_trades': 1096, 'win_rate': 0.8759, 'net_profit_brl': 22325.0, 'avg_profit_brl': 20.37, 'avg_win_brl': 40.58, 'avg_loss_brl': -126.98, 'profit_factor': 2.342, 'max_drawdown_pct': 3.24, 'expected_payoff': 20.37, 'on_tester_value': 6898.425}",COMPLETE
188,4532.977778,2026-03-26 01:51:24.233380,2026-03-26 01:51:27.024691,0 days 00:00:02.791311,20,True,True,True,True,True,635,0.25,860,12,4,0.23,0.8,0.1,"{'start_date': '2021-03-23', 'end_date': '2024-09-16', 'trading_days': 872, 'total_trades': 1347, 'win_rate': 0.9844, 'net_profit_brl': 14080.0, 'avg_profit_brl': 10.45, 'avg_win_brl': 11.89, 'avg_loss_brl': -93.61, 'profit_factor': 9.3561, 'max_drawdown_pct': 3.11, 'expected_payoff': 10.45, 'on_tester_value': 4532.977778}",COMPLETE
189,84693.546667,2026-03-26 01:51:27.024734,2026-03-26 01:51:29.943574,0 days 00:00:02.918840,14,True,True,True,True,True,545,0.30000000000000004,870,2,3,0.22,0.9,0.15000000000000002,"{'start_date': '2021-03-23', 'end_date': '2024-09-16', 'trading_days': 872, 'total_trades': 3820, 'win_rate': 0.9673, 'net_profit_brl': 58080.0, 'avg_profit_brl': 15.2, 'avg_win_brl': 17.79, 'avg_loss_brl': -82.31, 'profit_factor': 8.5872, 'max_drawdown_pct': 0.69, 'expected_payoff': 15.2, 'on_tester_value': 84693.546667}",COMPLETE
190,61733.375,2026-03-26 01:51:29.943624,2026-03-26 01:51:32.929922,0 days 00:00:02.986298,19,True,True,True,True,True,575,0.25,855,6,4,0.21000000000000002,0.55,0.1,"{'start_date': '2021-03-23', 'end_date': '2024-09-16', 'trading_days': 872, 'total_trades': 3022, 'win_rate': 0.9758, 'net_profit_brl': 31350.0, 'avg_profit_brl': 10.37, 'avg_win_brl': 11.58, 'avg_loss_brl': -50.73, 'profit_factor': 12.2366, 'max_drawdown_pct': 0.51, 'expected_payoff': 10.37, 'on_tester_value': 61733.375}",COMPLETE
191,23691.982759,2026-03-26 01:51:32.929965,2026-03-26 01:51:35.849307,0 days 00:00:02.919342,25,True,True,True,True,False,545,0.35,870,6,3,0.18,0.7,0.35,"{'start_date': '2021-03-23', 'end_date': '2024-09-16', 'trading_days': 872, 'total_trades': 3264, 'win_rate': 0.7987, 'net_profit_brl': 56900.0, 'avg_profit_brl': 17.43, 'avg_win_brl': 40.36, 'avg_loss_brl': -78.83, 'profit_factor': 2.1776, 'max_drawdown_pct': 2.4, 'expected_payoff': 17.43, 'on_tester_value': 23691.982759}",COMPLETE
192,55467.319565,2026-03-26 01:51:35.849357,2026-03-26 01:51:39.059360,0 days 00:00:03.210003,18,True,True,True,True,True,540,0.25,895,4,3,0.21000000000000002,1.1,0.25,"{'start_date': '2021-03-23', 'end_date': '2024-09-16', 'trading_days': 872, 'total_trades': 4802, 'win_rate': 0.925, 'net_profit_brl': 92245.0, 'avg_profit_brl': 19.21, 'avg_win_brl': 28.99, 'avg_loss_brl': -112.07, 'profit_factor': 3.5248, 'max_drawdown_pct': 1.66, 'expected_payoff': 19.21, 'on_tester_value': 55467.319565}",COMPLETE
193,100936.864286,2026-03-26 01:51:39.059409,2026-03-26 01:51:42.149494,0 days 00:00:03.090085,13,True,True,True,True,True,585,0.30000000000000004,850,1,3,0.15000000000000002,0.8,0.15000000000000002,"{'start_date': '2021-03-23', 'end_date': '2024-09-16', 'trading_days': 872, 'total_trades': 3725, 'win_rate': 0.9729, 'net_profit_brl': 60740.0, 'avg_profit_brl': 16.31, 'avg_win_brl': 18.47, 'avg_loss_brl': -72.09, 'profit_factor': 10.7968, 'max_drawdown_pct': 0.6, 'expected_payoff': 16.31, 'on_tester_value': 100936.864286}",COMPLETE
194,79420.9,2026-03-26 01:51:42.149544,2026-03-26 01:51:45.483776,0 days 00:00:03.334232,28,True,True,True,False,True,555,0.2,730,6,5,0.13,1.05,0.15000000000000002,"{'start_date': '2021-03-23', 'end_date': '2024-09-16', 'trading_days': 872, 'total_trades': 4824, 'win_rate': 0.9422, 'net_profit_brl': 64470.0, 'avg_profit_brl': 13.36, 'avg_win_brl': 18.75, 'avg_loss_brl': -85.83, 'profit_factor': 4.104, 'max_drawdown_pct': 0.81, 'expected_payoff': 13.36, 'on_tester_value': 79420.9}",COMPLETE
195,14837.863636,2026-03-26 01:51:45.483847,2026-03-26 01:51:48.799591,0 days 00:00:03.315744,12,True,True,True,True,True,705,0.30000000000000004,850,3,4,0.13,0.9,0.2,"{'start_date': '2021-03-23', 'end_date': '2024-09-16', 'trading_days': 872, 'total_trades': 1022, 'win_rate': 0.9452, 'net_profit_brl': 18680.0, 'avg_profit_brl': 18.28, 'avg_win_brl': 25.65, 'avg_loss_brl': -108.84, 'profit_factor': 4.0648, 'max_drawdown_pct': 1.26, 'expected_payoff': 18.28, 'on_tester_value': 14837.863636}",COMPLETE
196,40702.8475,2026-03-26 01:51:48.799676,2026-03-26 01:51:52.085048,0 days 00:00:03.285372,35,True,True,True,False,True,580,0.25,725,4,4,0.21000000000000002,0.9,0.2,"{'start_date': '2021-03-23', 'end_date': '2024-09-16', 'trading_days': 872, 'total_trades': 1838, 'win_rate': 0.9652, 'net_profit_brl': 34685.0, 'avg_profit_brl': 18.87, 'avg_win_brl': 22.65, 'avg_loss_brl': -101.76, 'profit_factor': 7.3121, 'max_drawdown_pct': 0.85, 'expected_payoff': 18.87, 'on_tester_value': 40702.8475}",COMPLETE
197,8356.332812,2026-03-26 01:51:52.085111,2026-03-26 01:51:55.548413,0 days 00:00:03.463302,11,True,True,True,True,True,585,0.35,765,2,3,0.15000000000000002,0.95,0.4,"{'start_date': '2021-03-23', 'end_date': '2024-09-16', 'trading_days': 872, 'total_trades': 3139, 'win_rate': 0.7866, 'net_profit_brl': 44530.0, 'avg_profit_brl': 14.19, 'avg_win_brl': 48.89, 'avg_loss_brl': -115.59, 'profit_factor': 1.5846, 'max_drawdown_pct': 5.33, 'expected_payoff': 14.19, 'on_tester_value': 8356.332812}",COMPLETE
198,49324.0,2026-03-26 01:51:55.548455,2026-03-26 01:51:59.592703,0 days 00:00:04.044248,17,True,True,True,True,True,540,0.30000000000000004,865,1,3,0.27,0.8500000000000001,0.2,"{'start_date': '2021-03-23', 'end_date': '2024-09-16', 'trading_days': 872, 'total_trades': 3126, 'win_rate': 0.9472, 'net_profit_brl': 56430.0, 'avg_profit_brl': 18.05, 'avg_win_brl': 23.16, 'avg_loss_brl': -90.71, 'profit_factor': 5.6425, 'max_drawdown_pct': 1.14, 'expected_payoff': 18.05, 'on_tester_value': 49324.0}",COMPLETE
199,112999.922,2026-03-26 01:51:59.592779,2026-03-26 01:52:03.166040,0 days 00:00:03.573261,22,True,True,True,True,True,560,0.30000000000000004,845,14,6,0.16,0.7,0.2,"{'start_date': '2021-03-23', 'end_date': '2024-09-16', 'trading_days': 872, 'total_trades': 4578, 'win_rate': 0.9262, 'net_profit_brl': 79555.0, 'avg_profit_brl': 17.38, 'avg_win_brl': 23.26, 'avg_loss_brl': -67.81, 'profit_factor': 5.175, 'max_drawdown_pct': 0.7, 'expected_payoff': 17.38, 'on_tester_value': 112999.922}",COMPLETE
200,60974.875,2026-03-26 01:52:03.166084,2026-03-26 01:52:07.195771,0 days 00:00:04.029687,32,True,True,True,False,True,550,0.2,710,8,6,0.13,0.75,0.2,"{'start_date': '2021-03-23', 'end_date': '2024-09-16', 'trading_days': 872, 'total_trades': 5071, 'win_rate': 0.8831, 'net_profit_brl': 71435.0, 'avg_profit_brl': 14.09, 'avg_win_brl': 23.63, 'avg_loss_brl': -65.85, 'profit_factor': 3.0781, 'max_drawdown_pct': 1.17, 'expected_payoff': 14.09, 'on_tester_value': 60974.875}",COMPLETE
201,12299.949558,2026-03-26 01:52:07.195847,2026-03-26 01:52:11.363512,0 days 00:00:04.167665,36,True,True,False,True,True,585,0.4,805,13,4,0.13,0.9,0.30000000000000004,"{'start_date': '2021-03-23', 'end_date': '2024-09-16', 'trading_days': 872, 'total_trades': 2786, 'win_rate': 0.8726, 'net_profit_brl': 48210.0, 'avg_profit_brl': 17.3, 'avg_win_brl': 34.1, 'avg_loss_brl': -100.51, 'profit_factor': 2.3903, 'max_drawdown_pct': 3.92, 'expected_payoff': 17.3, 'on_tester_value': 12299.949558}",COMPLETE
202,28685.90625,2026-03-26 01:52:11.363586,2026-03-26 01:52:15.784756,0 days 00:00:04.421170,22,True,True,True,False,True,615,0.25,715,6,5,0.12000000000000001,0.95,0.1,"{'start_date': '2021-03-23', 'end_date': '2024-09-16', 'trading_days': 872, 'total_trades': 1885, 'win_rate': 0.9735, 'net_profit_brl': 20910.0, 'avg_profit_brl': 11.09, 'avg_win_brl': 12.7, 'avg_loss_brl': -64.59, 'profit_factor': 9.749, 'max_drawdown_pct': 0.73, 'expected_payoff': 11.09, 'on_tester_value': 28685.90625}",COMPLETE
203,14235.116216,2026-03-26 01:52:15.784829,2026-03-26 01:52:20.146114,0 days 00:00:04.361285,32,True,True,True,False,True,600,0.15,710,4,5,0.14,1.05,0.1,"{'start_date': '2021-03-23', 'end_date': '2024-09-16', 'trading_days': 872, 'total_trades': 2057, 'win_rate': 0.9801, 'net_profit_brl': 22010.0, 'avg_profit_brl': 10.7, 'avg_win_brl': 12.1, 'avg_loss_brl': -79.33, 'profit_factor': 10.2479, 'max_drawdown_pct': 1.55, 'expected_payoff': 10.7, 'on_tester_value': 14235.116216}",COMPLETE
204,107518.95,2026-03-26 01:52:20.146270,2026-03-26 01:52:24.579576,0 days 00:00:04.433306,26,True,True,True,True,True,540,0.4,845,11,6,0.15000000000000002,0.95,0.15000000000000002,"{'start_date': '2021-03-23', 'end_date': '2024-09-16', 'trading_days': 872, 'total_trades': 4134, 'win_rate': 0.9606, 'net_profit_brl': 62060.0, 'avg_profit_brl': 15.01, 'avg_win_brl': 18.04, 'avg_loss_brl': -76.48, 'profit_factor': 7.4916, 'max_drawdown_pct': 0.58, 'expected_payoff': 15.01, 'on_tester_value': 107518.95}",COMPLETE
205,14038.576087,2026-03-26 01:52:24.579652,2026-03-26 01:52:28.691247,0 days 00:00:04.111595,33,True,True,True,True,True,680,0.30000000000000004,800,8,4,0.18,0.5,0.2,"{'start_date': '2021-03-23', 'end_date': '2024-09-16', 'trading_days': 872, 'total_trades': 815, 'win_rate': 0.9337, 'net_profit_brl': 15025.0, 'avg_profit_brl': 18.44, 'avg_win_brl': 23.72, 'avg_loss_brl': -60.5, 'profit_factor': 5.9669, 'max_drawdown_pct': 1.07, 'expected_payoff': 18.44, 'on_tester_value': 14038.576087}",COMPLETE
206,16490.448485,2026-03-26 01:52:28.691320,2026-03-26 01:52:33.359236,0 days 00:00:04.667916,36,True,False,True,True,True,540,0.35,825,9,6,0.30000000000000004,1.1,0.30000000000000004,"{'start_date': '2021-03-23', 'end_date': '2024-09-16', 'trading_days': 872, 'total_trades': 1911, 'win_rate': 0.9032, 'net_profit_brl': 38540.0, 'avg_profit_brl': 20.17, 'avg_win_brl': 34.03, 'avg_loss_brl': -121.66, 'profit_factor': 2.9084, 'max_drawdown_pct': 2.34, 'expected_payoff': 20.17, 'on_tester_value': 16490.448485}",COMPLETE
207,22524.163934,2026-03-26 01:52:33.359312,2026-03-26 01:52:37.474363,0 days 00:00:04.115051,27,True,True,True,True,True,555,0.4,850,11,5,0.21000000000000002,0.8,0.30000000000000004,"{'start_date': '2021-03-23', 'end_date': '2024-09-16', 'trading_days': 872, 'total_trades': 2807, 'win_rate': 0.8735, 'net_profit_brl': 54740.0, 'avg_profit_brl': 19.5, 'avg_win_brl': 34.5, 'avg_loss_brl': -90.45, 'profit_factor': 2.8338, 'max_drawdown_pct': 2.43, 'expected_payoff': 19.5, 'on_tester_value': 22524.163934}",COMPLETE
208,24997.905,2026-03-26 01:52:37.474436,2026-03-26 01:52:41.106446,0 days 00:00:03.632010,18,True,True,True,True,True,545,0.45000000000000007,885,13,5,0.16,1.25,0.25,"{'start_date': '2021-03-23', 'end_date': '2024-09-16', 'trading_days': 872, 'total_trades': 3394, 'win_rate': 0.9352, 'net_profit_brl': 67745.0, 'avg_profit_brl': 19.96, 'avg_win_brl': 30.27, 'avg_loss_brl': -140.3, 'profit_factor': 3.3904, 'max_drawdown_pct': 2.71, 'expected_payoff': 19.96, 'on_tester_value': 24997.905}",COMPLETE
209,14110.30303,2026-03-26 01:52:41.106491,2026-03-26 01:52:44.197553,0 days 00:00:03.091062,25,False,True,False,True,False,580,0.45000000000000007,795,13,5,0.19,0.7,0.25,"{'start_date': '2021-03-23', 'end_date': '2024-09-16', 'trading_days': 872, 'total_trades': 800, 'win_rate': 0.9313, 'net_profit_brl': 16630.0, 'avg_profit_brl': 20.79, 'avg_win_brl': 28.09, 'avg_loss_brl': -79.63, 'profit_factor': 4.8674, 'max_drawdown_pct': 1.18, 'expected_payoff': 20.79, 'on_tester_value': 14110.30303}",COMPLETE
210,4087.76426,2026-03-26 01:52:44.197664,2026-03-26 01:52:47.445436,0 days 00:00:03.247772,14,True,True,False,True,True,595,0.2,815,1,3,0.15000000000000002,0.8,0.45000000000000007,"{'start_date': '2021-03-23', 'end_date': '2024-09-16', 'trading_days': 872, 'total_trades': 2626, 'win_rate': 0.7117, 'net_profit_brl': 28790.0, 'avg_profit_brl': 10.96, 'avg_win_brl': 52.37, 'avg_loss_brl': -92.74, 'profit_factor': 1.4167, 'max_drawdown_pct': 7.04, 'expected_payoff': 10.96, 'on_tester_value': 4087.76426}",COMPLETE
211,33641.382353,2026-03-26 01:52:47.445487,2026-03-26 01:52:50.990028,0 days 00:00:03.544541,28,True,True,True,True,True,560,0.30000000000000004,775,11,5,0.25,0.7,0.15000000000000002,"{'start_date': '2021-03-23', 'end_date': '2024-09-16', 'trading_days': 872, 'total_trades': 2691, 'win_rate': 0.9584, 'net_profit_brl': 38905.0, 'avg_profit_brl': 14.46, 'avg_win_brl': 17.01, 'avg_loss_brl': -63.78, 'profit_factor': 8.8201, 'max_drawdown_pct': 1.16, 'expected_payoff': 14.46, 'on_tester_value': 33641.382353}",COMPLETE
212,168066.088235,2026-03-26 01:52:50.990091,2026-03-26 01:52:54.368571,0 days 00:00:03.378480,23,True,True,True,True,True,550,0.25,855,15,7,0.12000000000000001,0.7,0.15000000000000002,"{'start_date': '2021-03-23', 'end_date': '2024-09-16', 'trading_days': 872, 'total_trades': 7279, 'win_rate': 0.9176, 'net_profit_brl': 93830.0, 'avg_profit_brl': 12.89, 'avg_win_brl': 18.1, 'avg_loss_brl': -54.35, 'profit_factor': 4.4668, 'max_drawdown_pct': 0.56, 'expected_payoff': 12.89, 'on_tester_value': 168066.088235}",COMPLETE
213,121484.4625,2026-03-26 01:52:54.368637,2026-03-26 01:52:57.463093,0 days 00:00:03.094456,18,True,False,True,True,True,590,0.25,825,10,6,0.18,0.55,0.15000000000000002,"{'start_date': '2021-03-23', 'end_date': '2024-09-16', 'trading_days': 872, 'total_trades': 2359, 'win_rate': 0.9602, 'net_profit_brl': 36255.0, 'avg_profit_brl': 15.37, 'avg_win_brl': 17.72, 'avg_loss_brl': -53.01, 'profit_factor': 10.3682, 'max_drawdown_pct': 0.3, 'expected_payoff': 15.37, 'on_tester_value': 121484.4625}",COMPLETE
214,25406.4,2026-03-26 01:52:57.463138,2026-03-26 01:53:00.627791,0 days 00:00:03.164653,20,True,False,True,True,True,595,0.2,845,10,6,0.25,0.8,0.15000000000000002,"{'start_date': '2021-03-23', 'end_date': '2024-09-16', 'trading_days': 872, 'total_trades': 1620, 'win_rate': 0.9765, 'net_profit_brl': 25280.0, 'avg_profit_brl': 15.6, 'avg_win_brl': 17.56, 'avg_loss_brl': -86.03, 'profit_factor': 11.1323, 'max_drawdown_pct': 1.0, 'expected_payoff': 15.6, 'on_tester_value': 25406.4}",COMPLETE
215,25458.769863,2026-03-26 01:53:00.627868,2026-03-26 01:53:03.549762,0 days 00:00:02.921894,21,True,True,True,True,True,570,0.25,870,15,6,0.21000000000000002,0.7,0.2,"{'start_date': '2021-03-23', 'end_date': '2024-09-16', 'trading_days': 872, 'total_trades': 3393, 'win_rate': 0.9366, 'net_profit_brl': 59990.0, 'avg_profit_brl': 17.68, 'avg_win_brl': 22.88, 'avg_loss_brl': -74.82, 'profit_factor': 5.7162, 'max_drawdown_pct': 2.36, 'expected_payoff': 17.68, 'on_tester_value': 25458.769863}",COMPLETE
216,36497.232,2026-03-26 01:53:03.549842,2026-03-26 01:53:06.555148,0 days 00:00:03.005306,16,True,True,True,True,False,590,0.25,840,3,3,0.14,0.95,0.1,"{'start_date': '2021-03-23', 'end_date': '2024-09-16', 'trading_days': 872, 'total_trades': 3085, 'win_rate': 0.9806, 'net_profit_brl': 34680.0, 'avg_profit_brl': 11.24, 'avg_win_brl': 12.56, 'avg_loss_brl': -73.67, 'profit_factor': 11.4615, 'max_drawdown_pct': 0.95, 'expected_payoff': 11.24, 'on_tester_value': 36497.232}",COMPLETE
217,26338.538636,2026-03-26 01:53:06.555229,2026-03-26 01:53:10.071717,0 days 00:00:03.516488,26,True,False,True,True,True,625,0.35,885,4,3,0.22,0.8500000000000001,0.2,"{'start_date': '2021-03-23', 'end_date': '2024-09-16', 'trading_days': 872, 'total_trades': 1361, 'win_rate': 0.9611, 'net_profit_brl': 26255.0, 'avg_profit_brl': 19.29, 'avg_win_brl': 23.3, 'avg_loss_brl': -100.48, 'profit_factor': 7.2216, 'max_drawdown_pct': 1.0, 'expected_payoff': 19.29, 'on_tester_value': 26338.538636}",COMPLETE
218,4021.33007,2026-03-26 01:53:10.071806,2026-03-26 01:53:12.958381,0 days 00:00:02.886575,26,False,True,False,True,True,625,0.30000000000000004,855,13,5,0.1,0.7,0.35,"{'start_date': '2021-03-23', 'end_date': '2024-09-16', 'trading_days': 872, 'total_trades': 2117, 'win_rate': 0.7345, 'net_profit_brl': 20730.0, 'avg_profit_brl': 9.79, 'avg_win_brl': 40.04, 'avg_loss_brl': -75.66, 'profit_factor': 1.4991, 'max_drawdown_pct': 5.16, 'expected_payoff': 9.79, 'on_tester_value': 4021.33007}",COMPLETE
219,1542.502606,2026-03-26 01:53:12.958429,2026-03-26 01:53:15.738563,0 days 00:00:02.780134,19,True,False,False,True,True,605,0.15,785,9,6,0.1,0.6,0.45000000000000007,"{'start_date': '2021-03-23', 'end_date': '2024-09-16', 'trading_days': 872, 'total_trades': 2229, 'win_rate': 0.6057, 'net_profit_brl': 13235.0, 'avg_profit_brl': 5.94, 'avg_win_brl': 51.64, 'avg_loss_brl': -66.37, 'profit_factor': 1.2343, 'max_drawdown_pct': 8.58, 'expected_payoff': 5.94, 'on_tester_value': 1542.502606}",COMPLETE
220,61232.021739,2026-03-26 01:53:15.738685,2026-03-26 01:53:18.487357,0 days 00:00:02.748672,24,True,True,True,False,False,570,0.35,760,3,5,0.16,0.7,0.2,"{'start_date': '2021-03-23', 'end_date': '2024-09-16', 'trading_days': 872, 'total_trades': 2100, 'win_rate': 0.9324, 'net_profit_brl': 39350.0, 'avg_profit_brl': 18.74, 'avg_win_brl': 23.96, 'avg_loss_brl': -70.0, 'profit_factor': 6.205, 'max_drawdown_pct': 0.64, 'expected_payoff': 18.74, 'on_tester_value': 61232.021739}",COMPLETE
221,27015.944444,2026-03-26 01:53:18.487409,2026-03-26 01:53:21.400888,0 days 00:00:02.913479,30,False,True,True,False,True,565,0.15,755,6,4,0.14,1.05,0.2,"{'start_date': '2021-03-23', 'end_date': '2024-09-16', 'trading_days': 872, 'total_trades': 2945, 'win_rate': 0.9328, 'net_profit_brl': 46225.0, 'avg_profit_brl': 15.7, 'avg_win_brl': 23.5, 'avg_loss_brl': -100.66, 'profit_factor': 3.5232, 'max_drawdown_pct': 1.71, 'expected_payoff': 15.7, 'on_tester_value': 27015.944444}",COMPLETE
222,45884.0025,2026-03-26 01:53:21.400991,2026-03-26 01:53:24.583821,0 days 00:00:03.182830,21,True,True,True,True,True,540,0.2,890,7,3,0.19,0.8,0.1,"{'start_date': '2021-03-23', 'end_date': '2024-09-16', 'trading_days': 872, 'total_trades': 6130, 'win_rate': 0.9432, 'net_profit_brl': 56490.0, 'avg_profit_brl': 9.22, 'avg_win_brl': 12.03, 'avg_loss_brl': -51.36, 'profit_factor': 5.3304, 'max_drawdown_pct': 1.23, 'expected_payoff': 9.22, 'on_tester_value': 45884.0025}",COMPLETE
223,23770.067416,2026-03-26 01:53:24.583881,2026-03-26 01:53:27.908908,0 days 00:00:03.325027,18,True,True,True,True,True,600,0.2,870,10,8,0.12000000000000001,0.9,0.25,"{'start_date': '2021-03-23', 'end_date': '2024-09-16', 'trading_days': 872, 'total_trades': 4172, 'win_rate': 0.8972, 'net_profit_brl': 69590.0, 'avg_profit_brl': 16.68, 'avg_win_brl': 29.75, 'avg_loss_brl': -101.35, 'profit_factor': 2.6666, 'max_drawdown_pct': 2.93, 'expected_payoff': 16.68, 'on_tester_value': 23770.067416}",COMPLETE
224,44453.728571,2026-03-26 01:53:27.908981,2026-03-26 01:53:32.278400,0 days 00:00:04.369419,10,True,True,True,True,True,610,0.25,845,4,3,0.18,0.6,0.1,"{'start_date': '2021-03-23', 'end_date': '2024-09-16', 'trading_days': 872, 'total_trades': 2318, 'win_rate': 0.9793, 'net_profit_brl': 26965.0, 'avg_profit_brl': 11.63, 'avg_win_brl': 12.65, 'avg_loss_brl': -52.88, 'profit_factor': 16.4527, 'max_drawdown_pct': 0.61, 'expected_payoff': 11.63, 'on_tester_value': 44453.728571}",COMPLETE
225,35757.769697,2026-03-26 01:53:32.278502,2026-03-26 01:53:36.548597,0 days 00:00:04.270095,19,True,True,True,True,True,540,0.15,890,14,6,0.11,0.8500000000000001,0.15000000000000002,"{'start_date': '2021-03-23', 'end_date': '2024-09-16', 'trading_days': 872, 'total_trades': 10464, 'win_rate': 0.881, 'net_profit_brl': 115235.0, 'avg_profit_brl': 11.01, 'avg_win_brl': 19.31, 'avg_loss_brl': -59.89, 'profit_factor': 2.836, 'max_drawdown_pct': 3.22, 'expected_payoff': 11.01, 'on_tester_value': 35757.769697}",COMPLETE
226,269.636236,2026-03-26 01:53:36.548650,2026-03-26 01:53:39.793586,0 days 00:00:03.244936,20,True,False,True,True,True,725,0.25,850,11,7,0.18,0.5,0.45000000000000007,"{'start_date': '2021-03-23', 'end_date': '2024-09-16', 'trading_days': 872, 'total_trades': 421, 'win_rate': 0.5606, 'net_profit_brl': 1955.0, 'avg_profit_brl': 4.64, 'avg_win_brl': 55.53, 'avg_loss_brl': -60.6, 'profit_factor': 1.1753, 'max_drawdown_pct': 7.25, 'expected_payoff': 4.64, 'on_tester_value': 269.636236}",COMPLETE
227,12524.36385,2026-03-26 01:53:39.793677,2026-03-26 01:53:43.295501,0 days 00:00:03.501824,38,True,True,True,True,True,545,0.25,860,10,4,0.21000000000000002,0.8500000000000001,0.35,"{'start_date': '2021-03-23', 'end_date': '2024-09-16', 'trading_days': 872, 'total_trades': 4541, 'win_rate': 0.8214, 'net_profit_brl': 74830.0, 'avg_profit_brl': 16.48, 'avg_win_brl': 39.23, 'avg_loss_brl': -92.38, 'profit_factor': 2.0465, 'max_drawdown_pct': 5.97, 'expected_payoff': 16.48, 'on_tester_value': 12524.36385}",COMPLETE
228,50978.680303,2026-03-26 01:53:43.295565,2026-03-26 01:53:46.368489,0 days 00:00:03.072924,27,True,True,True,True,True,555,0.35,820,6,6,0.16,0.95,0.2,"{'start_date': '2021-03-23', 'end_date': '2024-09-16', 'trading_days': 872, 'total_trades': 4158, 'win_rate': 0.9476, 'net_profit_brl': 75745.0, 'avg_profit_brl': 18.22, 'avg_win_brl': 23.41, 'avg_loss_brl': -89.14, 'profit_factor': 5.5934, 'max_drawdown_pct': 1.49, 'expected_payoff': 18.22, 'on_tester_value': 50978.680303}",COMPLETE
229,8660.554545,2026-03-26 01:53:46.368546,2026-03-26 01:53:49.468846,0 days 00:00:03.100300,25,True,True,True,True,True,565,0.25,830,14,7,0.13,0.8500000000000001,0.4,"{'start_date': '2021-03-23', 'end_date': '2024-09-16', 'trading_days': 872, 'total_trades': 5476, 'win_rate': 0.7416, 'net_profit_brl': 60295.0, 'avg_profit_brl': 11.01, 'avg_win_brl': 45.53, 'avg_loss_brl': -92.01, 'profit_factor': 1.484, 'max_drawdown_pct': 6.96, 'expected_payoff': 11.01, 'on_tester_value': 8660.554545}",COMPLETE
230,7815.038811,2026-03-26 01:53:49.468915,2026-03-26 01:53:52.638752,0 days 00:00:03.169837,27,True,True,True,True,True,540,0.2,790,7,4,0.1,0.6,0.4,"{'start_date': '2021-03-23', 'end_date': '2024-09-16', 'trading_days': 872, 'total_trades': 8424, 'win_rate': 0.6093, 'net_profit_brl': 54435.0, 'avg_profit_brl': 6.46, 'avg_win_brl': 45.14, 'avg_loss_brl': -58.77, 'profit_factor': 1.3071, 'max_drawdown_pct': 6.97, 'expected_payoff': 6.46, 'on_tester_value': 7815.038811}",COMPLETE
231,48569.4,2026-03-26 01:53:52.638806,2026-03-26 01:53:55.965604,0 days 00:00:03.326798,11,True,True,True,True,True,560,0.35,765,8,6,0.17,1.05,0.15000000000000002,"{'start_date': '2021-03-23', 'end_date': '2024-09-16', 'trading_days': 872, 'total_trades': 3519, 'win_rate': 0.9673, 'net_profit_brl': 55660.0, 'avg_profit_brl': 15.82, 'avg_win_brl': 18.98, 'avg_loss_brl': -99.39, 'profit_factor': 7.2225, 'max_drawdown_pct': 1.15, 'expected_payoff': 15.82, 'on_tester_value': 48569.4}",COMPLETE
232,34430.46791,2026-03-26 01:53:55.965669,2026-03-26 01:53:59.056902,0 days 00:00:03.091233,37,True,True,True,True,True,600,0.25,790,13,8,0.16,1.15,0.2,"{'start_date': '2021-03-23', 'end_date': '2024-09-16', 'trading_days': 872, 'total_trades': 2813, 'win_rate': 0.968, 'net_profit_brl': 53635.0, 'avg_profit_brl': 19.07, 'avg_win_brl': 23.01, 'avg_loss_brl': -112.88, 'profit_factor': 6.9396, 'max_drawdown_pct': 1.56, 'expected_payoff': 19.07, 'on_tester_value': 34430.46791}",COMPLETE
233,23772.270349,2026-03-26 01:53:59.056969,2026-03-26 01:54:02.234783,0 days 00:00:03.177814,25,True,False,True,True,True,565,0.25,875,15,7,0.14,0.55,0.35,"{'start_date': '2021-03-23', 'end_date': '2024-09-16', 'trading_days': 872, 'total_trades': 4407, 'win_rate': 0.7105, 'net_profit_brl': 53850.0, 'avg_profit_brl': 12.22, 'avg_win_brl': 39.62, 'avg_loss_brl': -59.69, 'profit_factor': 1.7671, 'max_drawdown_pct': 2.27, 'expected_payoff': 12.22, 'on_tester_value': 23772.270349}",COMPLETE
234,58374.9425,2026-03-26 01:54:02.234850,2026-03-26 01:54:05.425190,0 days 00:00:03.190340,22,True,False,True,True,True,590,0.2,815,9,8,0.12000000000000001,0.5,0.15000000000000002,"{'start_date': '2021-03-23', 'end_date': '2024-09-16', 'trading_days': 872, 'total_trades': 3520, 'win_rate': 0.9193, 'net_profit_brl': 48065.0, 'avg_profit_brl': 13.65, 'avg_win_brl': 17.85, 'avg_loss_brl': -42.54, 'profit_factor': 5.9552, 'max_drawdown_pct': 0.82, 'expected_payoff': 13.65, 'on_tester_value': 58374.9425}",COMPLETE
235,13167.339394,2026-03-26 01:54:05.425243,2026-03-26 01:54:09.963421,0 days 00:00:04.538178,39,True,True,True,True,True,620,0.4,785,15,8,0.21000000000000002,1.05,0.1,"{'start_date': '2021-03-23', 'end_date': '2024-09-16', 'trading_days': 872, 'total_trades': 1424, 'win_rate': 0.986, 'net_profit_brl': 15365.0, 'avg_profit_brl': 10.79, 'avg_win_brl': 11.71, 'avg_loss_brl': -89.17, 'profit_factor': 15.3598, 'max_drawdown_pct': 1.17, 'expected_payoff': 10.79, 'on_tester_value': 13167.339394}",COMPLETE
236,5571.019048,2026-03-26 01:54:09.963509,2026-03-26 01:54:13.490450,0 days 00:00:03.526941,15,False,True,False,True,False,690,0.35,765,10,3,0.12000000000000001,0.55,0.15000000000000002,"{'start_date': '2021-03-23', 'end_date': '2024-09-16', 'trading_days': 872, 'total_trades': 366, 'win_rate': 0.9536, 'net_profit_brl': 5630.0, 'avg_profit_brl': 15.38, 'avg_win_brl': 18.3, 'avg_loss_brl': -62.92, 'profit_factor': 8.457, 'max_drawdown_pct': 1.01, 'expected_payoff': 15.38, 'on_tester_value': 5571.019048}",COMPLETE
237,24706.967742,2026-03-26 01:54:13.490521,2026-03-26 01:54:17.461190,0 days 00:00:03.970669,21,True,True,True,True,True,595,0.45000000000000007,780,13,4,0.15000000000000002,1.0,0.25,"{'start_date': '2021-03-23', 'end_date': '2024-09-16', 'trading_days': 872, 'total_trades': 2421, 'win_rate': 0.9314, 'net_profit_brl': 48800.0, 'avg_profit_brl': 20.16, 'avg_win_brl': 29.66, 'avg_loss_brl': -116.65, 'profit_factor': 3.6991, 'max_drawdown_pct': 1.98, 'expected_payoff': 20.16, 'on_tester_value': 24706.967742}",COMPLETE
238,18640.419828,2026-03-26 01:54:17.461256,2026-03-26 01:54:21.569114,0 days 00:00:04.107858,17,True,False,True,True,False,555,0.30000000000000004,720,15,6,0.21000000000000002,0.6,0.25,"{'start_date': '2021-03-23', 'end_date': '2024-09-16', 'trading_days': 872, 'total_trades': 1954, 'win_rate': 0.8849, 'net_profit_brl': 37895.0, 'avg_profit_brl': 19.39, 'avg_win_brl': 29.03, 'avg_loss_brl': -67.98, 'profit_factor': 4.0796, 'max_drawdown_pct': 2.03, 'expected_payoff': 19.39, 'on_tester_value': 18640.419828}",COMPLETE
239,21171.325862,2026-03-26 01:54:21.569199,2026-03-26 01:54:25.617940,0 days 00:00:04.048741,11,False,False,True,True,True,600,0.5,735,15,4,0.11,0.65,0.15000000000000002,"{'start_date': '2021-03-23', 'end_date': '2024-09-16', 'trading_days': 872, 'total_trades': 1422, 'win_rate': 0.9515, 'net_profit_brl': 22465.0, 'avg_profit_brl': 15.8, 'avg_win_brl': 19.45, 'avg_loss_brl': -62.18, 'profit_factor': 6.8275, 'max_drawdown_pct': 1.06, 'expected_payoff': 15.8, 'on_tester_value': 21171.325862}",COMPLETE
