session_date,entry_time,exit_time,direction,entry_price,exit_price,pnl_points,pnl_brl,exit_reason
2022-11-25,2022-11-25 14:05:00-03:00,2022-11-25 14:45:00-03:00,short,5414.0,5400.0,14.0,136.0,max_hold
2022-11-25,2022-11-25 14:50:00-03:00,2022-11-25 14:55:00-03:00,short,5400.0,5407.5,-7.5,-79.0,stop_gap_open
2022-11-25,2022-11-25 15:00:00-03:00,2022-11-25 15:05:00-03:00,short,5403.5,5410.5,-7.0,-74.0,stop_loss
2022-11-25,2022-11-25 15:10:00-03:00,2022-11-25 15:25:00-03:00,short,5416.0,5423.5,-7.5,-79.0,stop_loss
2022-11-25,2022-11-28 06:00:00-03:00,2022-11-28 06:40:00-03:00,short,5427.0,5395.0,32.0,316.0,max_hold
2022-11-28,2022-11-28 14:05:00-03:00,2022-11-28 14:45:00-03:00,long,5366.0,5375.0,9.0,86.0,max_hold
2022-11-28,2022-11-28 14:55:00-03:00,2022-11-29 06:00:00-03:00,long,5368.5,5330.0,-38.5,-389.0,stop_gap_open
2022-11-29,2022-11-29 14:05:00-03:00,2022-11-29 14:10:00-03:00,long,5286.5,5281.5,-5.0,-54.0,stop_loss
2022-11-29,2022-11-29 14:15:00-03:00,2022-11-29 14:55:00-03:00,long,5283.5,5285.5,2.0,16.0,max_hold
2022-11-29,2022-11-29 15:00:00-03:00,2022-11-29 15:05:00-03:00,long,5285.5,5280.5,-5.0,-54.0,stop_loss
2022-11-29,2022-11-29 15:10:00-03:00,2022-11-29 15:25:00-03:00,long,5276.0,5271.0,-5.0,-54.0,stop_loss
2022-11-29,2022-11-30 06:00:00-03:00,2022-11-30 06:05:00-03:00,long,5295.0,5289.5,-5.5,-59.0,stop_loss
2022-11-30,2022-11-30 14:05:00-03:00,2022-11-30 14:10:00-03:00,long,5227.0,5218.0,-9.0,-94.0,stop_loss
2022-11-30,2022-11-30 14:15:00-03:00,2022-11-30 14:55:00-03:00,long,5220.5,5221.0,0.5,1.0,max_hold
2022-11-30,2022-11-30 15:00:00-03:00,2022-11-30 15:15:00-03:00,long,5221.0,5213.0,-8.0,-84.0,stop_loss
2022-11-30,2022-11-30 15:20:00-03:00,2022-11-30 15:25:00-03:00,long,5214.5,5206.5,-8.0,-84.0,stop_loss
2022-11-30,2022-12-01 06:00:00-03:00,2022-12-01 06:40:00-03:00,long,5222.0,5231.5,9.5,91.0,max_hold
2022-12-01,2022-12-01 14:15:00-03:00,2022-12-01 14:40:00-03:00,short,5230.5,5224.0,6.5,61.0,vwap_revert
2022-12-02,2022-12-02 14:05:00-03:00,2022-12-02 14:45:00-03:00,short,5247.0,5248.5,-1.5,-19.0,max_hold
2022-12-02,2022-12-02 14:50:00-03:00,2022-12-02 15:25:00-03:00,short,5248.5,5252.5,-4.0,-44.0,stop_loss
2022-12-02,2022-12-05 06:00:00-03:00,2022-12-05 06:05:00-03:00,short,5234.5,5253.0,-18.5,-189.0,stop_gap_open
2022-12-05,2022-12-05 14:05:00-03:00,2022-12-05 14:45:00-03:00,short,5311.0,5312.0,-1.0,-14.0,max_hold
2022-12-05,2022-12-05 14:50:00-03:00,2022-12-05 15:15:00-03:00,short,5312.5,5316.5,-4.0,-44.0,stop_loss
2022-12-05,2022-12-05 15:20:00-03:00,2022-12-05 15:25:00-03:00,short,5314.5,5318.5,-4.0,-44.0,stop_loss
2022-12-05,2022-12-06 06:00:00-03:00,2022-12-06 06:10:00-03:00,short,5301.0,5276.5,24.5,241.0,vwap_revert
2022-12-06,2022-12-06 14:05:00-03:00,2022-12-06 14:45:00-03:00,short,5296.0,5273.0,23.0,226.0,vwap_revert
2022-12-07,2022-12-07 14:05:00-03:00,2022-12-07 14:45:00-03:00,long,5228.0,5241.5,13.5,131.0,max_hold
2022-12-07,2022-12-07 14:55:00-03:00,2022-12-07 15:05:00-03:00,long,5240.0,5235.0,-5.0,-54.0,stop_loss
2022-12-07,2022-12-07 15:10:00-03:00,2022-12-07 15:15:00-03:00,long,5235.5,5231.0,-4.5,-49.0,stop_loss
2022-12-07,2022-12-07 15:20:00-03:00,2022-12-07 15:25:00-03:00,long,5236.5,5231.5,-5.0,-54.0,stop_loss
2022-12-08,2022-12-08 15:15:00-03:00,2022-12-08 15:20:00-03:00,short,5244.0,5264.5,-20.5,-209.0,stop_gap_open
2022-12-08,2022-12-08 15:25:00-03:00,2022-12-09 06:25:00-03:00,short,5263.0,5269.5,-6.5,-69.0,stop_loss
2022-12-09,2022-12-09 14:40:00-03:00,2022-12-09 14:45:00-03:00,long,5264.5,5269.0,4.5,41.0,vwap_revert
2022-12-09,2022-12-12 06:00:00-03:00,2022-12-12 06:05:00-03:00,long,5262.5,5277.0,14.5,141.0,target_gap_open
2022-12-12,2022-12-12 14:05:00-03:00,2022-12-12 14:20:00-03:00,short,5335.0,5323.5,11.5,111.0,vwap_revert
2022-12-12,2022-12-12 15:15:00-03:00,2022-12-12 15:25:00-03:00,short,5340.5,5347.5,-7.0,-74.0,stop_loss
2022-12-12,2022-12-13 06:00:00-03:00,2022-12-13 06:05:00-03:00,short,5341.5,5323.5,18.0,176.0,vwap_revert
2022-12-13,2022-12-13 14:05:00-03:00,2022-12-13 14:45:00-03:00,short,5336.0,5332.0,4.0,36.0,max_hold
2022-12-13,2022-12-13 14:50:00-03:00,2022-12-14 06:00:00-03:00,short,5331.5,5340.0,-8.5,-89.0,stop_loss
2022-12-14,2022-12-14 14:05:00-03:00,2022-12-14 14:10:00-03:00,long,5320.0,5306.5,-13.5,-139.0,stop_loss
2022-12-14,2022-12-14 14:15:00-03:00,2022-12-14 14:40:00-03:00,long,5308.5,5295.0,-13.5,-139.0,stop_loss
2022-12-14,2022-12-14 14:45:00-03:00,2022-12-14 15:25:00-03:00,long,5298.0,5307.0,9.0,86.0,max_hold
2022-12-15,2022-12-15 14:35:00-03:00,2022-12-15 15:00:00-03:00,long,5324.0,5332.5,8.5,81.0,vwap_revert
2022-12-16,2022-12-16 14:40:00-03:00,2022-12-16 14:45:00-03:00,short,5308.5,5313.0,-4.5,-49.0,stop_loss
2022-12-16,2022-12-16 14:50:00-03:00,2022-12-16 14:55:00-03:00,short,5315.0,5319.5,-4.5,-49.0,stop_loss
2022-12-16,2022-12-16 15:00:00-03:00,2022-12-16 15:10:00-03:00,short,5322.5,5327.5,-5.0,-54.0,stop_loss
2022-12-16,2022-12-16 15:15:00-03:00,2022-12-16 15:25:00-03:00,short,5329.5,5334.5,-5.0,-54.0,stop_loss
2022-12-16,2022-12-19 06:00:00-03:00,2022-12-19 06:40:00-03:00,short,5350.0,5325.0,25.0,246.0,max_hold
2022-12-19,2022-12-19 14:10:00-03:00,2022-12-19 14:30:00-03:00,long,5314.0,5308.5,-5.5,-59.0,stop_loss
2022-12-19,2022-12-19 14:35:00-03:00,2022-12-19 15:15:00-03:00,long,5305.0,5306.5,1.5,11.0,max_hold
2022-12-19,2022-12-19 15:20:00-03:00,2022-12-20 06:00:00-03:00,long,5306.5,5302.0,-4.5,-49.0,stop_loss
2022-12-20,2022-12-20 14:05:00-03:00,2022-12-20 14:25:00-03:00,long,5218.0,5212.0,-6.0,-64.0,stop_loss
2022-12-20,2022-12-20 14:30:00-03:00,2022-12-20 15:10:00-03:00,long,5214.5,5216.0,1.5,11.0,max_hold
2022-12-20,2022-12-20 15:15:00-03:00,2022-12-20 15:25:00-03:00,long,5215.5,5210.5,-5.0,-54.0,stop_loss
2022-12-20,2022-12-21 06:00:00-03:00,2022-12-21 06:05:00-03:00,long,5209.0,5199.0,-10.0,-104.0,stop_gap_open
2022-12-21,2022-12-21 14:05:00-03:00,2022-12-21 14:10:00-03:00,short,5213.0,5218.0,-5.0,-54.0,stop_loss
2022-12-21,2022-12-21 14:15:00-03:00,2022-12-21 14:55:00-03:00,short,5213.0,5209.0,4.0,36.0,max_hold
2022-12-21,2022-12-21 15:00:00-03:00,2022-12-22 06:00:00-03:00,short,5209.5,5215.0,-5.5,-59.0,stop_gap_open
2022-12-22,2022-12-22 14:05:00-03:00,2022-12-22 14:15:00-03:00,long,5188.0,5182.0,-6.0,-64.0,stop_loss
2022-12-22,2022-12-22 14:20:00-03:00,2022-12-22 15:00:00-03:00,long,5182.0,5180.0,-2.0,-24.0,max_hold
2022-12-22,2022-12-22 15:05:00-03:00,2022-12-22 15:15:00-03:00,long,5180.5,5175.5,-5.0,-54.0,stop_loss
2022-12-22,2022-12-22 15:20:00-03:00,2022-12-22 15:25:00-03:00,long,5178.0,5173.0,-5.0,-54.0,stop_loss
2022-12-22,2022-12-23 06:00:00-03:00,2022-12-23 06:05:00-03:00,long,5178.0,5172.5,-5.5,-59.0,stop_loss
2022-12-23,2022-12-23 14:05:00-03:00,2022-12-23 14:45:00-03:00,short,5166.0,5164.0,2.0,16.0,max_hold
2022-12-23,2022-12-23 14:50:00-03:00,2022-12-23 15:05:00-03:00,short,5163.5,5167.5,-4.0,-44.0,stop_loss
2022-12-23,2022-12-23 15:10:00-03:00,2022-12-23 15:15:00-03:00,short,5168.0,5172.0,-4.0,-44.0,stop_loss
2022-12-23,2022-12-23 15:20:00-03:00,2022-12-23 15:25:00-03:00,short,5171.5,5156.0,15.5,151.0,vwap_revert
2022-12-26,2022-12-26 14:05:00-03:00,2022-12-26 14:15:00-03:00,short,5208.5,5212.0,-3.5,-39.0,stop_loss
2022-12-26,2022-12-26 14:20:00-03:00,2022-12-26 14:35:00-03:00,short,5212.5,5216.0,-3.5,-39.0,stop_loss
2022-12-26,2022-12-26 14:40:00-03:00,2022-12-26 14:55:00-03:00,short,5217.5,5221.0,-3.5,-39.0,stop_loss
2022-12-26,2022-12-26 15:00:00-03:00,2022-12-26 15:25:00-03:00,short,5220.5,5223.5,-3.0,-34.0,stop_loss
2022-12-26,2022-12-27 06:00:00-03:00,2022-12-27 06:05:00-03:00,short,5196.5,5210.0,-13.5,-139.0,stop_gap_open
2022-12-27,2022-12-27 14:05:00-03:00,2022-12-27 14:45:00-03:00,short,5289.5,5289.0,0.5,1.0,max_hold
2022-12-27,2022-12-27 14:50:00-03:00,2022-12-27 14:55:00-03:00,short,5289.5,5293.5,-4.0,-44.0,stop_loss
2022-12-27,2022-12-27 15:00:00-03:00,2022-12-27 15:10:00-03:00,short,5294.0,5298.0,-4.0,-44.0,stop_loss
2022-12-27,2022-12-27 15:15:00-03:00,2022-12-27 15:25:00-03:00,short,5293.0,5297.0,-4.0,-44.0,stop_loss
2022-12-28,2022-12-28 14:20:00-03:00,2022-12-28 14:55:00-03:00,long,5259.0,5264.5,5.5,51.0,vwap_revert
2022-12-28,2022-12-28 15:25:00-03:00,2022-12-29 06:00:00-03:00,short,5273.0,5280.0,-7.0,-74.0,stop_gap_open
2022-12-29,2022-12-29 14:05:00-03:00,2022-12-29 14:30:00-03:00,short,5310.5,5317.0,-6.5,-69.0,stop_loss
2022-12-29,2022-12-29 14:35:00-03:00,2022-12-29 15:05:00-03:00,short,5314.5,5320.5,-6.0,-64.0,stop_loss
2022-12-29,2022-12-29 15:10:00-03:00,2023-01-02 06:00:00-03:00,short,5319.5,5327.0,-7.5,-79.0,stop_gap_open
2023-01-02,2023-01-02 14:05:00-03:00,2023-01-02 14:20:00-03:00,short,5392.5,5397.0,-4.5,-49.0,stop_loss
2023-01-02,2023-01-02 14:25:00-03:00,2023-01-02 15:05:00-03:00,short,5397.0,5394.0,3.0,26.0,max_hold
2023-01-02,2023-01-02 15:10:00-03:00,2023-01-02 15:15:00-03:00,short,5393.5,5397.0,-3.5,-39.0,stop_loss
2023-01-02,2023-01-02 15:20:00-03:00,2023-01-02 15:25:00-03:00,short,5396.5,5400.0,-3.5,-39.0,stop_loss
2023-01-02,2023-01-03 06:00:00-03:00,2023-01-03 06:30:00-03:00,short,5423.0,5378.5,44.5,441.0,vwap_revert
2023-01-03,2023-01-03 14:05:00-03:00,2023-01-03 14:10:00-03:00,short,5483.0,5490.0,-7.0,-74.0,stop_loss
2023-01-03,2023-01-03 14:15:00-03:00,2023-01-03 14:25:00-03:00,short,5489.0,5496.0,-7.0,-74.0,stop_loss
2023-01-03,2023-01-03 14:30:00-03:00,2023-01-03 15:10:00-03:00,short,5495.5,5495.0,0.5,1.0,max_hold
2023-01-03,2023-01-03 15:15:00-03:00,2023-01-03 15:20:00-03:00,short,5495.0,5500.5,-5.5,-59.0,stop_loss
2023-01-03,2023-01-03 15:25:00-03:00,2023-01-04 06:35:00-03:00,short,5502.5,5491.0,11.5,111.0,max_hold
2023-01-04,2023-01-04 14:25:00-03:00,2023-01-04 14:30:00-03:00,long,5475.0,5469.5,-5.5,-59.0,stop_loss
2023-01-04,2023-01-04 14:35:00-03:00,2023-01-04 14:55:00-03:00,long,5465.0,5459.0,-6.0,-64.0,stop_loss
2023-01-04,2023-01-04 15:00:00-03:00,2023-01-05 06:00:00-03:00,long,5462.0,5454.0,-8.0,-84.0,stop_gap_open
2023-01-05,2023-01-05 14:05:00-03:00,2023-01-05 14:45:00-03:00,long,5382.5,5386.5,4.0,36.0,max_hold
2023-01-05,2023-01-05 14:50:00-03:00,2023-01-05 14:55:00-03:00,long,5387.0,5382.5,-4.5,-49.0,stop_loss
2023-01-05,2023-01-05 15:00:00-03:00,2023-01-05 15:15:00-03:00,long,5382.5,5378.0,-4.5,-49.0,stop_loss
2023-01-05,2023-01-05 15:20:00-03:00,2023-01-06 06:15:00-03:00,long,5381.0,5377.0,-4.0,-44.0,stop_loss
2023-01-06,2023-01-06 14:05:00-03:00,2023-01-06 14:30:00-03:00,long,5262.0,5257.0,-5.0,-54.0,stop_loss
2023-01-06,2023-01-06 14:35:00-03:00,2023-01-06 14:55:00-03:00,long,5258.0,5253.5,-4.5,-49.0,stop_loss
2023-01-06,2023-01-06 15:00:00-03:00,2023-01-06 15:15:00-03:00,long,5253.0,5249.0,-4.0,-44.0,stop_loss
2023-01-06,2023-01-06 15:20:00-03:00,2023-01-09 06:00:00-03:00,long,5247.0,5316.5,69.5,691.0,vwap_revert
2023-01-11,2023-01-11 14:05:00-03:00,2023-01-11 14:30:00-03:00,long,5201.0,5196.0,-5.0,-54.0,stop_loss
2023-01-11,2023-01-11 14:35:00-03:00,2023-01-11 14:40:00-03:00,long,5194.5,5190.0,-4.5,-49.0,stop_loss
2023-01-11,2023-01-11 14:45:00-03:00,2023-01-11 14:55:00-03:00,long,5191.0,5186.5,-4.5,-49.0,stop_loss
2023-01-11,2023-01-11 15:00:00-03:00,2023-01-11 15:20:00-03:00,long,5185.5,5181.0,-4.5,-49.0,stop_loss
2023-01-11,2023-01-11 15:25:00-03:00,2023-01-12 06:20:00-03:00,long,5184.0,5179.5,-4.5,-49.0,stop_loss
2023-01-12,2023-01-12 14:05:00-03:00,2023-01-12 14:45:00-03:00,long,5120.5,5124.0,3.5,31.0,max_hold
2023-01-12,2023-01-12 14:50:00-03:00,2023-01-12 14:55:00-03:00,long,5124.5,5116.0,-8.5,-89.0,stop_gap_open
2023-01-12,2023-01-12 15:00:00-03:00,2023-01-12 15:05:00-03:00,long,5120.0,5113.0,-7.0,-74.0,stop_loss
2023-01-12,2023-01-12 15:10:00-03:00,2023-01-13 06:20:00-03:00,long,5111.0,5139.5,28.5,281.0,max_hold
2023-01-17,2023-01-17 14:05:00-03:00,2023-01-17 14:35:00-03:00,long,5119.5,5115.5,-4.0,-44.0,stop_loss
2023-01-17,2023-01-17 14:40:00-03:00,2023-01-17 15:20:00-03:00,long,5118.0,5117.5,-0.5,-9.0,max_hold
2023-01-17,2023-01-17 15:25:00-03:00,2023-01-18 06:00:00-03:00,long,5117.0,5106.0,-11.0,-114.0,stop_gap_open
2023-01-18,2023-01-18 14:05:00-03:00,2023-01-18 14:45:00-03:00,short,5178.0,5178.0,-0.0,-4.0,max_hold
2023-01-18,2023-01-18 14:50:00-03:00,2023-01-18 14:55:00-03:00,short,5177.5,5182.5,-5.0,-54.0,stop_gap_open
2023-01-18,2023-01-18 15:00:00-03:00,2023-01-18 15:10:00-03:00,short,5192.5,5198.0,-5.5,-59.0,stop_loss
2023-01-18,2023-01-18 15:15:00-03:00,2023-01-19 06:00:00-03:00,short,5199.0,5260.0,-61.0,-614.0,stop_gap_open
2023-01-23,2023-01-23 15:05:00-03:00,2023-01-23 15:15:00-03:00,short,5208.0,5212.5,-4.5,-49.0,stop_loss
2023-01-23,2023-01-23 15:20:00-03:00,2023-01-23 15:25:00-03:00,short,5212.0,5216.0,-4.0,-44.0,stop_loss
2023-01-23,2023-01-24 06:10:00-03:00,2023-01-24 06:30:00-03:00,short,5221.0,5203.5,17.5,171.0,vwap_revert
2023-01-24,2023-01-24 14:05:00-03:00,2023-01-24 14:45:00-03:00,long,5145.5,5155.0,9.5,91.0,max_hold
2023-01-24,2023-01-24 14:50:00-03:00,2023-01-24 14:55:00-03:00,long,5154.5,5148.0,-6.5,-69.0,stop_gap_open
2023-01-24,2023-01-24 15:00:00-03:00,2023-01-24 15:15:00-03:00,long,5150.0,5146.0,-4.0,-44.0,stop_loss
2023-01-24,2023-01-24 15:20:00-03:00,2023-01-25 06:00:00-03:00,long,5146.0,5142.0,-4.0,-44.0,stop_loss
2023-01-25,2023-01-25 14:05:00-03:00,2023-01-25 14:45:00-03:00,long,5084.5,5090.0,5.5,51.0,max_hold
2023-01-25,2023-01-25 14:50:00-03:00,2023-01-25 14:55:00-03:00,long,5089.5,5085.5,-4.0,-44.0,stop_gap_open
2023-01-25,2023-01-25 15:00:00-03:00,2023-01-25 15:15:00-03:00,long,5083.0,5079.5,-3.5,-39.0,stop_loss
2023-01-25,2023-01-25 15:20:00-03:00,2023-01-26 06:10:00-03:00,long,5079.0,5075.5,-3.5,-39.0,stop_loss
2023-01-26,2023-01-26 14:05:00-03:00,2023-01-26 14:10:00-03:00,long,5082.0,5077.0,-5.0,-54.0,stop_loss
2023-01-26,2023-01-26 14:15:00-03:00,2023-01-26 14:50:00-03:00,long,5077.5,5073.0,-4.5,-49.0,stop_loss
2023-01-26,2023-01-26 14:55:00-03:00,2023-01-27 06:00:00-03:00,long,5072.0,5092.5,20.5,201.0,target_gap_open
2023-01-27,2023-01-27 14:05:00-03:00,2023-01-27 14:45:00-03:00,short,5115.0,5111.5,3.5,31.0,max_hold
2023-01-27,2023-01-27 14:50:00-03:00,2023-01-27 15:00:00-03:00,short,5111.5,5115.5,-4.0,-44.0,stop_loss
2023-01-27,2023-01-27 15:05:00-03:00,2023-01-30 06:00:00-03:00,short,5116.0,5123.0,-7.0,-74.0,stop_gap_open
2023-01-30,2023-01-30 14:05:00-03:00,2023-01-30 14:45:00-03:00,short,5116.5,5121.0,-4.5,-49.0,stop_loss
2023-01-30,2023-01-30 14:50:00-03:00,2023-01-31 06:00:00-03:00,short,5124.5,5166.5,-42.0,-424.0,stop_gap_open
2023-01-31,2023-01-31 14:05:00-03:00,2023-01-31 14:45:00-03:00,long,5101.0,5100.5,-0.5,-9.0,max_hold
2023-01-31,2023-01-31 14:50:00-03:00,2023-01-31 15:15:00-03:00,long,5100.0,5096.5,-3.5,-39.0,stop_loss
2023-01-31,2023-01-31 15:20:00-03:00,2023-02-01 06:00:00-03:00,long,5099.5,5085.0,-14.5,-149.0,stop_gap_open
2023-02-01,2023-02-01 14:35:00-03:00,2023-02-01 15:15:00-03:00,long,5076.5,5078.0,1.5,11.0,max_hold
2023-02-01,2023-02-01 15:20:00-03:00,2023-02-02 06:00:00-03:00,long,5078.0,5053.0,-25.0,-254.0,stop_gap_open
2023-02-02,2023-02-02 14:05:00-03:00,2023-02-02 14:45:00-03:00,short,5071.0,5066.5,4.5,41.0,max_hold
2023-02-02,2023-02-02 14:50:00-03:00,2023-02-02 15:10:00-03:00,short,5066.5,5072.0,-5.5,-59.0,stop_loss
2023-02-02,2023-02-02 15:15:00-03:00,2023-02-03 06:00:00-03:00,short,5075.0,5119.5,-44.5,-449.0,stop_gap_open
2023-02-03,2023-02-03 14:05:00-03:00,2023-02-03 14:45:00-03:00,short,5167.5,5156.5,11.0,106.0,max_hold
2023-02-03,2023-02-03 14:50:00-03:00,2023-02-03 15:00:00-03:00,short,5157.0,5162.0,-5.0,-54.0,stop_loss
2023-02-03,2023-02-03 15:05:00-03:00,2023-02-03 15:10:00-03:00,short,5162.5,5167.5,-5.0,-54.0,stop_loss
2023-02-03,2023-02-03 15:15:00-03:00,2023-02-03 15:20:00-03:00,short,5167.5,5172.5,-5.0,-54.0,stop_loss
2023-02-03,2023-02-03 15:25:00-03:00,2023-02-06 06:00:00-03:00,short,5173.5,5181.5,-8.0,-84.0,stop_gap_open
2023-02-06,2023-02-06 14:05:00-03:00,2023-02-06 14:10:00-03:00,long,5193.5,5186.0,-7.5,-79.0,stop_gap_open
2023-02-06,2023-02-06 14:15:00-03:00,2023-02-06 14:30:00-03:00,long,5187.0,5182.0,-5.0,-54.0,stop_loss
2023-02-06,2023-02-06 14:35:00-03:00,2023-02-06 14:40:00-03:00,long,5182.0,5177.0,-5.0,-54.0,stop_loss
2023-02-06,2023-02-06 14:45:00-03:00,2023-02-06 14:50:00-03:00,long,5174.0,5169.0,-5.0,-54.0,stop_loss
2023-02-06,2023-02-06 14:55:00-03:00,2023-02-06 15:05:00-03:00,long,5171.5,5166.5,-5.0,-54.0,stop_loss
2023-02-06,2023-02-06 15:10:00-03:00,2023-02-06 15:15:00-03:00,long,5171.0,5163.5,-7.5,-79.0,stop_gap_open
2023-02-06,2023-02-06 15:20:00-03:00,2023-02-06 15:25:00-03:00,long,5164.0,5158.5,-5.5,-59.0,stop_loss
2023-02-06,2023-02-07 06:00:00-03:00,2023-02-07 06:40:00-03:00,long,5160.0,5172.0,12.0,116.0,max_hold
2023-02-07,2023-02-07 14:05:00-03:00,2023-02-07 14:45:00-03:00,short,5222.5,5220.0,2.5,21.0,max_hold
2023-02-07,2023-02-07 14:50:00-03:00,2023-02-07 15:00:00-03:00,short,5220.0,5225.5,-5.5,-59.0,stop_loss
2023-02-07,2023-02-07 15:05:00-03:00,2023-02-07 15:10:00-03:00,short,5228.0,5233.5,-5.5,-59.0,stop_loss
2023-02-07,2023-02-07 15:15:00-03:00,2023-02-08 06:25:00-03:00,short,5231.5,5194.0,37.5,371.0,vwap_revert
2023-02-08,2023-02-08 15:05:00-03:00,2023-02-08 15:15:00-03:00,long,5215.0,5219.0,4.0,36.0,vwap_revert
2023-02-09,2023-02-09 14:05:00-03:00,2023-02-09 14:45:00-03:00,short,5290.5,5292.5,-2.0,-24.0,max_hold
2023-02-09,2023-02-09 14:50:00-03:00,2023-02-09 15:00:00-03:00,short,5292.0,5299.0,-7.0,-74.0,stop_loss
2023-02-09,2023-02-09 15:05:00-03:00,2023-02-09 15:15:00-03:00,short,5299.5,5306.5,-7.0,-74.0,stop_loss
2023-02-09,2023-02-09 15:20:00-03:00,2023-02-10 06:00:00-03:00,short,5305.5,5321.0,-15.5,-159.0,stop_gap_open
2023-02-16,2023-02-16 14:05:00-03:00,2023-02-16 14:45:00-03:00,long,5225.5,5232.0,6.5,61.0,max_hold
2023-02-16,2023-02-16 14:50:00-03:00,2023-02-16 15:00:00-03:00,long,5232.5,5226.0,-6.5,-69.0,stop_loss
2023-02-16,2023-02-16 15:05:00-03:00,2023-02-17 06:00:00-03:00,long,5223.0,5243.5,20.5,201.0,target_gap_open
2023-02-17,2023-02-17 14:05:00-03:00,2023-02-17 14:45:00-03:00,long,5170.0,5171.0,1.0,6.0,max_hold
2023-02-17,2023-02-17 14:50:00-03:00,2023-02-22 10:00:00-03:00,long,5170.5,5184.5,14.0,136.0,max_hold
2023-02-23,2023-02-23 14:15:00-03:00,2023-02-23 14:55:00-03:00,long,5139.0,5137.0,-2.0,-24.0,max_hold
2023-02-23,2023-02-23 15:00:00-03:00,2023-02-23 15:05:00-03:00,long,5137.5,5133.5,-4.0,-44.0,stop_loss
2023-02-23,2023-02-23 15:10:00-03:00,2023-02-23 15:25:00-03:00,long,5134.0,5143.5,9.5,91.0,vwap_revert
2023-02-24,2023-02-24 14:05:00-03:00,2023-02-24 14:45:00-03:00,short,5204.5,5206.5,-2.0,-24.0,max_hold
2023-02-24,2023-02-24 14:50:00-03:00,2023-02-24 15:05:00-03:00,short,5206.5,5210.5,-4.0,-44.0,stop_loss
2023-02-24,2023-02-24 15:10:00-03:00,2023-02-24 15:15:00-03:00,short,5208.5,5212.0,-3.5,-39.0,stop_gap_open
2023-02-24,2023-02-24 15:20:00-03:00,2023-02-27 06:05:00-03:00,short,5217.0,5186.0,31.0,306.0,vwap_revert
2023-02-27,2023-02-27 14:05:00-03:00,2023-02-27 14:45:00-03:00,short,5209.0,5206.5,2.5,21.0,max_hold
2023-02-27,2023-02-27 14:50:00-03:00,2023-02-28 06:00:00-03:00,short,5206.5,5232.0,-25.5,-259.0,stop_gap_open
2023-02-28,2023-02-28 14:05:00-03:00,2023-02-28 14:45:00-03:00,short,5258.5,5264.0,-5.5,-59.0,stop_loss
2023-02-28,2023-02-28 14:50:00-03:00,2023-02-28 15:05:00-03:00,short,5270.0,5276.0,-6.0,-64.0,stop_loss
2023-02-28,2023-02-28 15:10:00-03:00,2023-03-01 06:00:00-03:00,short,5273.5,5247.0,26.5,261.0,vwap_revert
2023-03-01,2023-03-01 14:05:00-03:00,2023-03-01 14:10:00-03:00,long,5228.0,5224.0,-4.0,-44.0,stop_gap_open
2023-03-01,2023-03-01 14:15:00-03:00,2023-03-01 14:25:00-03:00,long,5224.0,5220.0,-4.0,-44.0,stop_loss
2023-03-01,2023-03-01 14:30:00-03:00,2023-03-01 14:35:00-03:00,long,5221.0,5217.0,-4.0,-44.0,stop_loss
2023-03-01,2023-03-01 14:40:00-03:00,2023-03-01 14:50:00-03:00,long,5219.0,5215.0,-4.0,-44.0,stop_loss
2023-03-01,2023-03-01 14:55:00-03:00,2023-03-01 15:00:00-03:00,long,5217.0,5213.0,-4.0,-44.0,stop_loss
2023-03-01,2023-03-01 15:05:00-03:00,2023-03-01 15:20:00-03:00,long,5214.5,5210.5,-4.0,-44.0,stop_loss
2023-03-01,2023-03-01 15:25:00-03:00,2023-03-02 06:30:00-03:00,long,5211.5,5236.0,24.5,241.0,vwap_revert
2023-03-02,2023-03-02 14:40:00-03:00,2023-03-02 14:45:00-03:00,long,5236.5,5243.0,6.5,61.0,target_gap_open
2023-03-02,2023-03-02 14:55:00-03:00,2023-03-02 15:20:00-03:00,short,5247.5,5239.0,8.5,81.0,vwap_revert
2023-03-03,2023-03-03 14:05:00-03:00,2023-03-03 14:40:00-03:00,long,5231.0,5236.5,5.5,51.0,vwap_revert
2023-03-03,2023-03-03 14:55:00-03:00,2023-03-03 15:05:00-03:00,long,5230.5,5227.0,-3.5,-39.0,stop_loss
2023-03-03,2023-03-03 15:10:00-03:00,2023-03-03 15:20:00-03:00,long,5228.0,5225.0,-3.0,-34.0,stop_loss
2023-03-03,2023-03-03 15:25:00-03:00,2023-03-06 06:00:00-03:00,long,5226.5,5238.0,11.5,111.0,target_gap_open
2023-03-06,2023-03-06 14:05:00-03:00,2023-03-06 14:45:00-03:00,long,5196.0,5192.5,-3.5,-39.0,stop_loss
2023-03-06,2023-03-06 14:50:00-03:00,2023-03-06 15:05:00-03:00,long,5190.0,5187.0,-3.0,-34.0,stop_loss
2023-03-06,2023-03-06 15:10:00-03:00,2023-03-06 15:25:00-03:00,long,5185.5,5182.0,-3.5,-39.0,stop_loss
2023-03-06,2023-03-07 06:00:00-03:00,2023-03-07 06:05:00-03:00,long,5196.5,5191.5,-5.0,-54.0,stop_gap_open
2023-03-07,2023-03-07 14:05:00-03:00,2023-03-07 14:45:00-03:00,short,5218.5,5217.0,1.5,11.0,max_hold
2023-03-07,2023-03-07 14:50:00-03:00,2023-03-07 15:00:00-03:00,short,5216.5,5220.5,-4.0,-44.0,stop_loss
2023-03-07,2023-03-07 15:05:00-03:00,2023-03-07 15:10:00-03:00,short,5220.0,5223.5,-3.5,-39.0,stop_loss
2023-03-07,2023-03-07 15:15:00-03:00,2023-03-08 06:00:00-03:00,short,5224.0,5208.5,15.5,151.0,target_gap_open
2023-03-08,2023-03-08 14:05:00-03:00,2023-03-08 14:45:00-03:00,long,5163.5,5162.0,-1.5,-19.0,max_hold
2023-03-08,2023-03-08 14:50:00-03:00,2023-03-08 14:55:00-03:00,long,5162.0,5157.0,-5.0,-54.0,stop_gap_open
2023-03-08,2023-03-08 15:00:00-03:00,2023-03-08 15:25:00-03:00,long,5158.0,5168.5,10.5,101.0,vwap_revert
2023-03-09,2023-03-09 14:15:00-03:00,2023-03-09 14:20:00-03:00,short,5174.5,5182.5,-8.0,-84.0,stop_gap_open
2023-03-09,2023-03-09 14:25:00-03:00,2023-03-09 15:05:00-03:00,short,5193.0,5191.5,1.5,11.0,max_hold
2023-03-09,2023-03-09 15:10:00-03:00,2023-03-10 06:10:00-03:00,short,5191.5,5197.5,-6.0,-64.0,stop_loss
2023-03-10,2023-03-10 14:05:00-03:00,2023-03-10 14:20:00-03:00,short,5230.5,5235.5,-5.0,-54.0,stop_loss
2023-03-10,2023-03-10 14:25:00-03:00,2023-03-10 15:00:00-03:00,short,5233.0,5237.5,-4.5,-49.0,stop_loss
2023-03-10,2023-03-10 15:05:00-03:00,2023-03-10 15:10:00-03:00,short,5236.5,5240.5,-4.0,-44.0,stop_loss
2023-03-10,2023-03-10 15:15:00-03:00,2023-03-13 06:00:00-03:00,short,5242.0,5246.0,-4.0,-44.0,stop_loss
2023-03-13,2023-03-13 14:05:00-03:00,2023-03-13 14:45:00-03:00,short,5289.0,5272.0,17.0,166.0,max_hold
2023-03-14,2023-03-14 14:05:00-03:00,2023-03-14 14:45:00-03:00,short,5274.5,5275.5,-1.0,-14.0,max_hold
2023-03-14,2023-03-14 14:50:00-03:00,2023-03-15 06:00:00-03:00,short,5276.0,5325.0,-49.0,-494.0,stop_gap_open
2023-03-15,2023-03-15 14:05:00-03:00,2023-03-15 14:25:00-03:00,long,5313.5,5307.5,-6.0,-64.0,stop_loss
2023-03-15,2023-03-15 14:30:00-03:00,2023-03-15 14:55:00-03:00,long,5308.0,5303.0,-5.0,-54.0,stop_loss
2023-03-15,2023-03-16 06:00:00-03:00,2023-03-16 06:10:00-03:00,long,5295.0,5290.0,-5.0,-54.0,stop_loss
2023-03-16,2023-03-16 14:05:00-03:00,2023-03-16 14:25:00-03:00,long,5255.5,5251.5,-4.0,-44.0,stop_loss
2023-03-16,2023-03-16 14:30:00-03:00,2023-03-16 14:45:00-03:00,long,5248.5,5244.0,-4.5,-49.0,stop_loss
2023-03-16,2023-03-16 14:50:00-03:00,2023-03-17 06:30:00-03:00,long,5245.0,5265.0,20.0,196.0,max_hold
2023-03-17,2023-03-17 14:05:00-03:00,2023-03-17 14:35:00-03:00,short,5286.5,5290.0,-3.5,-39.0,stop_loss
2023-03-17,2023-03-17 14:40:00-03:00,2023-03-17 14:50:00-03:00,short,5287.5,5291.5,-4.0,-44.0,stop_loss
2023-03-17,2023-03-17 14:55:00-03:00,2023-03-20 06:10:00-03:00,short,5291.5,5280.5,11.0,106.0,vwap_revert
2023-03-20,2023-03-20 14:05:00-03:00,2023-03-20 14:25:00-03:00,long,5255.5,5252.0,-3.5,-39.0,stop_loss
2023-03-20,2023-03-20 14:30:00-03:00,2023-03-21 06:00:00-03:00,long,5251.0,5236.5,-14.5,-149.0,stop_gap_open
2023-03-21,2023-03-21 14:20:00-03:00,2023-03-22 06:00:00-03:00,short,5258.5,5262.0,-3.5,-39.0,stop_loss
2023-03-22,2023-03-22 14:05:00-03:00,2023-03-22 14:45:00-03:00,long,5241.5,5247.0,5.5,51.0,max_hold
2023-03-22,2023-03-22 14:50:00-03:00,2023-03-23 06:00:00-03:00,long,5247.0,5215.5,-31.5,-319.0,stop_gap_open
2023-03-23,2023-03-23 14:05:00-03:00,2023-03-23 14:10:00-03:00,short,5295.5,5300.5,-5.0,-54.0,stop_gap_open
2023-03-23,2023-03-23 14:15:00-03:00,2023-03-23 14:45:00-03:00,short,5297.5,5302.5,-5.0,-54.0,stop_loss
2023-03-23,2023-03-23 14:50:00-03:00,2023-03-23 14:55:00-03:00,short,5303.0,5308.0,-5.0,-54.0,stop_loss
2023-03-23,2023-03-24 06:00:00-03:00,2023-03-24 06:05:00-03:00,short,5330.0,5335.0,-5.0,-54.0,stop_loss
2023-03-24,2023-03-24 14:05:00-03:00,2023-03-24 14:15:00-03:00,long,5258.0,5254.5,-3.5,-39.0,stop_loss
2023-03-24,2023-03-24 14:20:00-03:00,2023-03-24 14:25:00-03:00,long,5256.5,5253.5,-3.0,-34.0,stop_loss
2023-03-24,2023-03-24 14:30:00-03:00,2023-03-27 06:00:00-03:00,long,5252.0,5248.5,-3.5,-39.0,stop_loss
2023-03-27,2023-03-27 14:05:00-03:00,2023-03-27 14:10:00-03:00,long,5212.0,5209.0,-3.0,-34.0,stop_loss
2023-03-27,2023-03-27 14:15:00-03:00,2023-03-27 14:25:00-03:00,long,5210.5,5207.5,-3.0,-34.0,stop_loss
2023-03-27,2023-03-27 14:30:00-03:00,2023-03-27 14:35:00-03:00,long,5206.5,5203.5,-3.0,-34.0,stop_loss
2023-03-27,2023-03-27 14:40:00-03:00,2023-03-28 06:00:00-03:00,long,5202.0,5198.5,-3.5,-39.0,stop_loss
2023-03-28,2023-03-28 14:05:00-03:00,2023-03-28 14:45:00-03:00,long,5167.5,5167.0,-0.5,-9.0,max_hold
2023-03-28,2023-03-28 14:50:00-03:00,2023-03-29 06:00:00-03:00,long,5166.5,5164.0,-2.5,-29.0,stop_loss
2023-03-29,2023-03-29 14:05:00-03:00,2023-03-29 14:45:00-03:00,long,5136.5,5131.0,-5.5,-59.0,stop_loss
2023-03-29,2023-03-29 14:50:00-03:00,2023-03-30 06:00:00-03:00,long,5131.5,5106.0,-25.5,-259.0,stop_gap_open
2023-03-30,2023-03-30 14:05:00-03:00,2023-03-30 14:15:00-03:00,long,5101.0,5096.5,-4.5,-49.0,stop_loss
2023-03-30,2023-03-30 14:20:00-03:00,2023-03-30 14:35:00-03:00,long,5095.5,5091.0,-4.5,-49.0,stop_loss
2023-03-30,2023-03-30 14:40:00-03:00,2023-03-31 06:00:00-03:00,long,5092.5,5133.0,40.5,401.0,target_gap_open
2023-03-31,2023-03-31 14:05:00-03:00,2023-03-31 14:45:00-03:00,long,5091.0,5087.0,-4.0,-44.0,stop_loss
2023-03-31,2023-03-31 14:50:00-03:00,2023-04-03 06:00:00-03:00,long,5086.5,5078.5,-8.0,-84.0,stop_gap_open
2023-04-03,2023-04-03 14:05:00-03:00,2023-04-03 14:45:00-03:00,short,5091.5,5087.5,4.0,36.0,max_hold
2023-04-03,2023-04-03 14:50:00-03:00,2023-04-03 14:55:00-03:00,short,5087.5,5085.0,2.5,21.0,vwap_revert
2023-04-04,2023-04-04 14:05:00-03:00,2023-04-04 14:25:00-03:00,short,5100.5,5095.5,5.0,46.0,vwap_revert
2023-04-05,2023-04-05 14:30:00-03:00,2023-04-05 14:40:00-03:00,long,5066.0,5063.0,-3.0,-34.0,stop_loss
2023-04-05,2023-04-05 14:45:00-03:00,2023-04-05 14:50:00-03:00,long,5062.0,5058.0,-4.0,-44.0,stop_gap_open
2023-04-05,2023-04-05 14:55:00-03:00,2023-04-06 06:15:00-03:00,long,5058.0,5072.0,14.0,136.0,vwap_revert
2023-04-06,2023-04-06 14:05:00-03:00,2023-04-06 14:10:00-03:00,long,5075.5,5073.0,-2.5,-29.0,stop_loss
2023-04-06,2023-04-06 14:15:00-03:00,2023-04-06 14:55:00-03:00,long,5073.0,5078.5,5.5,51.0,max_hold
2023-04-06,2023-04-10 06:00:00-03:00,2023-04-10 06:05:00-03:00,long,5074.0,5069.5,-4.5,-49.0,stop_gap_open
2023-04-10,2023-04-10 14:05:00-03:00,2023-04-10 14:45:00-03:00,long,5083.0,5084.5,1.5,11.0,max_hold
2023-04-10,2023-04-10 14:50:00-03:00,2023-04-10 14:55:00-03:00,long,5084.5,5082.0,-2.5,-29.0,stop_loss
2023-04-11,2023-04-11 14:05:00-03:00,2023-04-11 14:15:00-03:00,long,5019.5,5017.0,-2.5,-29.0,stop_loss
2023-04-11,2023-04-11 14:20:00-03:00,2023-04-11 14:25:00-03:00,long,5018.0,5015.5,-2.5,-29.0,stop_loss
2023-04-11,2023-04-11 14:30:00-03:00,2023-04-11 14:45:00-03:00,long,5017.0,5014.5,-2.5,-29.0,stop_loss
2023-04-11,2023-04-11 14:50:00-03:00,2023-04-12 06:00:00-03:00,long,5016.0,5013.5,-2.5,-29.0,stop_loss
2023-04-12,2023-04-12 14:05:00-03:00,2023-04-12 14:10:00-03:00,long,4952.5,4946.5,-6.0,-64.0,stop_gap_open
2023-04-12,2023-04-12 14:15:00-03:00,2023-04-12 14:45:00-03:00,long,4942.5,4938.0,-4.5,-49.0,stop_loss
2023-04-12,2023-04-12 14:50:00-03:00,2023-04-12 14:55:00-03:00,long,4938.0,4934.0,-4.0,-44.0,stop_loss
2023-04-12,2023-04-13 06:00:00-03:00,2023-04-13 06:05:00-03:00,long,4936.0,4931.5,-4.5,-49.0,stop_loss
2023-04-13,2023-04-13 14:05:00-03:00,2023-04-13 14:10:00-03:00,short,4938.0,4941.5,-3.5,-39.0,stop_loss
2023-04-13,2023-04-13 14:15:00-03:00,2023-04-13 14:55:00-03:00,short,4940.5,4940.0,0.5,1.0,max_hold
2023-04-13,2023-04-14 06:00:00-03:00,2023-04-14 06:05:00-03:00,short,4947.5,4928.5,19.0,186.0,vwap_revert
2023-04-14,2023-04-14 14:05:00-03:00,2023-04-14 14:30:00-03:00,long,4925.0,4921.5,-3.5,-39.0,stop_loss
2023-04-14,2023-04-14 14:35:00-03:00,2023-04-14 14:55:00-03:00,long,4921.0,4918.0,-3.0,-34.0,stop_loss
2023-04-14,2023-04-17 06:00:00-03:00,2023-04-17 06:05:00-03:00,long,4930.0,4919.5,-10.5,-109.0,stop_gap_open
2023-04-17,2023-04-17 14:10:00-03:00,2023-04-17 14:20:00-03:00,short,4945.5,4948.5,-3.0,-34.0,stop_loss
2023-04-17,2023-04-17 14:25:00-03:00,2023-04-17 14:50:00-03:00,short,4948.0,4951.0,-3.0,-34.0,stop_loss
2023-04-17,2023-04-17 14:55:00-03:00,2023-04-18 06:00:00-03:00,short,4949.5,4927.5,22.0,216.0,target_gap_open
2023-04-18,2023-04-18 14:05:00-03:00,2023-04-18 14:30:00-03:00,short,4984.0,4988.0,-4.0,-44.0,stop_loss
2023-04-18,2023-04-18 14:35:00-03:00,2023-04-18 14:55:00-03:00,short,4991.5,4995.5,-4.0,-44.0,stop_loss
2023-04-18,2023-04-18 15:00:00-03:00,2023-04-19 06:00:00-03:00,short,4993.5,5019.5,-26.0,-264.0,stop_gap_open
2023-04-19,2023-04-19 14:05:00-03:00,2023-04-19 14:45:00-03:00,short,5096.0,5090.5,5.5,51.0,max_hold
2023-04-19,2023-04-19 14:50:00-03:00,2023-04-20 06:30:00-03:00,short,5090.5,5070.5,20.0,196.0,max_hold
2023-04-26,2023-04-26 14:05:00-03:00,2023-04-26 14:35:00-03:00,short,5060.0,5056.0,4.0,36.0,vwap_revert
2023-04-26,2023-04-26 14:55:00-03:00,2023-04-27 06:00:00-03:00,long,5045.0,5040.0,-5.0,-54.0,stop_gap_open
2023-04-27,2023-04-27 14:05:00-03:00,2023-04-27 14:25:00-03:00,long,4982.0,4978.0,-4.0,-44.0,stop_loss
2023-04-27,2023-04-27 14:30:00-03:00,2023-04-27 14:55:00-03:00,long,4978.0,4974.0,-4.0,-44.0,stop_loss
2023-04-28,2023-04-28 14:05:00-03:00,2023-04-28 14:45:00-03:00,long,5018.5,5022.5,4.0,36.0,max_hold
2023-04-28,2023-04-28 14:50:00-03:00,2023-04-28 14:55:00-03:00,long,5022.0,5019.0,-3.0,-34.0,stop_loss
2023-04-28,2023-05-02 06:00:00-03:00,2023-05-02 06:05:00-03:00,long,5029.0,5026.0,-3.0,-34.0,ambiguous_stop_first
2023-05-02,2023-05-02 14:05:00-03:00,2023-05-02 14:15:00-03:00,short,5076.5,5079.0,-2.5,-29.0,stop_loss
2023-05-02,2023-05-02 14:20:00-03:00,2023-05-02 14:40:00-03:00,short,5076.5,5079.0,-2.5,-29.0,stop_loss
2023-05-02,2023-05-02 14:45:00-03:00,2023-05-03 06:00:00-03:00,short,5079.5,5046.0,33.5,331.0,target_gap_open
2023-05-03,2023-05-03 14:05:00-03:00,2023-05-03 14:15:00-03:00,long,5016.5,5010.5,-6.0,-64.0,stop_loss
2023-05-03,2023-05-03 14:20:00-03:00,2023-05-03 14:40:00-03:00,long,5014.0,5008.5,-5.5,-59.0,stop_loss
2023-05-03,2023-05-03 14:45:00-03:00,2023-05-04 06:00:00-03:00,long,5011.0,5005.0,-6.0,-64.0,stop_gap_open
2023-05-12,2023-05-12 14:05:00-03:00,2023-05-12 14:15:00-03:00,long,4940.5,4937.5,-3.0,-34.0,stop_loss
2023-05-12,2023-05-12 14:20:00-03:00,2023-05-15 06:00:00-03:00,long,4940.0,4937.0,-3.0,-34.0,stop_loss
2023-05-15,2023-05-15 14:05:00-03:00,2023-05-15 14:45:00-03:00,long,4903.0,4909.5,6.5,61.0,max_hold
2023-05-15,2023-05-15 14:50:00-03:00,2023-05-15 14:55:00-03:00,long,4909.5,4907.0,-2.5,-29.0,stop_loss
2023-05-15,2023-05-16 06:00:00-03:00,2023-05-16 06:20:00-03:00,long,4909.0,4906.0,-3.0,-34.0,stop_loss
2023-05-16,2023-05-16 14:05:00-03:00,2023-05-16 14:25:00-03:00,short,4957.0,4960.5,-3.5,-39.0,stop_loss
2023-05-16,2023-05-16 14:30:00-03:00,2023-05-17 06:00:00-03:00,short,4957.0,4960.5,-3.5,-39.0,stop_loss
2023-05-17,2023-05-17 14:05:00-03:00,2023-05-17 14:10:00-03:00,long,4947.0,4944.0,-3.0,-34.0,stop_loss
2023-05-17,2023-05-17 14:15:00-03:00,2023-05-17 14:55:00-03:00,long,4942.5,4953.0,10.5,101.0,max_hold
2023-05-18,2023-05-18 14:20:00-03:00,2023-05-18 14:55:00-03:00,short,4983.5,4979.0,4.5,41.0,vwap_revert
2023-05-19,2023-05-19 14:05:00-03:00,2023-05-19 14:15:00-03:00,short,5008.0,5011.0,-3.0,-34.0,stop_loss
2023-05-19,2023-05-19 14:20:00-03:00,2023-05-19 14:55:00-03:00,short,5008.5,5011.5,-3.0,-34.0,stop_loss
2023-05-19,2023-05-22 06:00:00-03:00,2023-05-22 06:05:00-03:00,short,5009.5,5013.0,-3.5,-39.0,stop_loss
2023-05-22,2023-05-22 14:10:00-03:00,2023-05-22 14:50:00-03:00,long,4977.5,4978.0,0.5,1.0,max_hold
2023-05-22,2023-05-22 14:55:00-03:00,2023-05-23 06:00:00-03:00,long,4977.5,4989.0,11.5,111.0,target_gap_open
2023-05-23,2023-05-23 14:45:00-03:00,2023-05-23 14:55:00-03:00,long,4976.5,4980.0,3.5,31.0,vwap_revert
2023-05-24,2023-05-24 14:05:00-03:00,2023-05-24 14:45:00-03:00,short,4961.0,4963.5,-2.5,-29.0,max_hold
2023-05-24,2023-05-24 14:50:00-03:00,2023-05-24 14:55:00-03:00,short,4963.0,4965.5,-2.5,-29.0,stop_gap_open
2023-05-24,2023-05-25 06:00:00-03:00,2023-05-25 06:05:00-03:00,short,4958.5,4967.5,-9.0,-94.0,stop_gap_open
2023-05-25,2023-05-25 14:05:00-03:00,2023-05-25 14:45:00-03:00,short,5041.5,5046.5,-5.0,-54.0,stop_loss
2023-05-25,2023-05-25 14:50:00-03:00,2023-05-26 06:30:00-03:00,short,5046.5,5019.0,27.5,271.0,max_hold
2023-05-26,2023-05-26 14:05:00-03:00,2023-05-26 14:45:00-03:00,long,4992.0,5005.0,13.0,126.0,max_hold
2023-05-29,2023-05-29 14:05:00-03:00,2023-05-29 14:10:00-03:00,short,5016.5,5020.5,-4.0,-44.0,stop_gap_open
2023-05-29,2023-05-29 14:15:00-03:00,2023-05-29 14:25:00-03:00,short,5020.5,5023.5,-3.0,-34.0,stop_loss
2023-05-29,2023-05-29 14:30:00-03:00,2023-05-29 14:55:00-03:00,short,5020.5,5023.5,-3.0,-34.0,stop_loss
2023-05-29,2023-05-30 06:00:00-03:00,2023-05-30 06:10:00-03:00,short,5010.0,5013.0,-3.0,-34.0,stop_loss
2023-05-30,2023-05-30 14:05:00-03:00,2023-05-30 14:20:00-03:00,long,5045.0,5048.0,3.0,26.0,vwap_revert
2023-05-30,2023-05-30 14:30:00-03:00,2023-05-30 14:45:00-03:00,long,5045.0,5042.0,-3.0,-34.0,stop_loss
2023-05-30,2023-05-30 14:50:00-03:00,2023-05-30 14:55:00-03:00,long,5042.5,5039.5,-3.0,-34.0,stop_loss
2023-05-31,2023-05-31 14:05:00-03:00,2023-05-31 14:10:00-03:00,long,5101.5,5097.5,-4.0,-44.0,stop_loss
2023-05-31,2023-05-31 14:15:00-03:00,2023-05-31 14:20:00-03:00,long,5094.5,5090.0,-4.5,-49.0,stop_gap_open
2023-05-31,2023-05-31 14:25:00-03:00,2023-05-31 14:55:00-03:00,long,5088.0,5083.0,-5.0,-54.0,stop_loss
2023-05-31,2023-06-01 06:00:00-03:00,2023-06-01 06:10:00-03:00,long,5067.0,5062.0,-5.0,-54.0,stop_loss
2023-06-09,2023-06-09 14:05:00-03:00,2023-06-09 14:45:00-03:00,long,4895.0,4903.0,8.0,76.0,max_hold
2023-06-09,2023-06-09 14:50:00-03:00,2023-06-09 14:55:00-03:00,long,4903.0,4900.0,-3.0,-34.0,stop_gap_open
2023-06-09,2023-06-12 06:00:00-03:00,2023-06-12 06:05:00-03:00,long,4901.5,4897.0,-4.5,-49.0,stop_gap_open
2023-06-13,2023-06-13 14:05:00-03:00,2023-06-13 14:30:00-03:00,short,4879.0,4881.5,-2.5,-29.0,stop_loss
2023-06-13,2023-06-13 14:35:00-03:00,2023-06-14 06:00:00-03:00,short,4881.5,4875.0,6.5,61.0,target_gap_open
2023-06-14,2023-06-14 14:05:00-03:00,2023-06-14 14:10:00-03:00,long,4821.5,4813.5,-8.0,-84.0,stop_loss
2023-06-14,2023-06-14 14:15:00-03:00,2023-06-14 14:55:00-03:00,long,4812.5,4832.5,20.0,196.0,max_hold
2023-06-14,2023-06-15 06:00:00-03:00,2023-06-15 06:35:00-03:00,long,4840.0,4858.0,18.0,176.0,vwap_revert
2023-06-15,2023-06-15 14:05:00-03:00,2023-06-15 14:45:00-03:00,long,4814.5,4828.0,13.5,131.0,max_hold
2023-06-16,2023-06-16 14:05:00-03:00,2023-06-16 14:15:00-03:00,long,4829.5,4826.5,-3.0,-34.0,stop_loss
2023-06-16,2023-06-16 14:20:00-03:00,2023-06-16 14:30:00-03:00,long,4828.5,4825.5,-3.0,-34.0,stop_loss
2023-06-16,2023-06-16 14:35:00-03:00,2023-06-16 14:55:00-03:00,long,4826.5,4838.5,12.0,116.0,vwap_revert
2023-06-16,2023-06-19 06:00:00-03:00,2023-06-19 06:05:00-03:00,long,4835.0,4831.5,-3.5,-39.0,stop_loss
2023-06-19,2023-06-19 14:05:00-03:00,2023-06-19 14:15:00-03:00,long,4784.0,4781.5,-2.5,-29.0,stop_loss
2023-06-19,2023-06-19 14:20:00-03:00,2023-06-20 06:00:00-03:00,long,4783.0,4797.0,14.0,136.0,vwap_revert
2023-06-20,2023-06-20 14:05:00-03:00,2023-06-20 14:20:00-03:00,short,4803.0,4799.0,4.0,36.0,vwap_revert
2023-06-21,2023-06-21 14:05:00-03:00,2023-06-21 14:40:00-03:00,long,4773.0,4771.0,-2.0,-24.0,stop_loss
2023-06-21,2023-06-21 14:45:00-03:00,2023-06-21 14:55:00-03:00,long,4772.0,4770.0,-2.0,-24.0,stop_loss
2023-06-21,2023-06-22 06:00:00-03:00,2023-06-22 06:05:00-03:00,long,4773.0,4769.0,-4.0,-44.0,stop_gap_open
2023-06-22,2023-06-22 14:30:00-03:00,2023-06-22 14:35:00-03:00,short,4781.0,4777.0,4.0,36.0,vwap_revert
2023-06-22,2023-06-22 14:45:00-03:00,2023-06-22 14:55:00-03:00,short,4781.0,4777.0,4.0,36.0,vwap_revert
2023-06-23,2023-06-23 14:05:00-03:00,2023-06-23 14:45:00-03:00,long,4782.5,4792.0,9.5,91.0,vwap_revert
2023-06-26,2023-06-26 14:10:00-03:00,2023-06-26 14:20:00-03:00,long,4770.5,4768.0,-2.5,-29.0,stop_loss
2023-06-26,2023-06-26 14:30:00-03:00,2023-06-26 14:50:00-03:00,long,4769.5,4773.0,3.5,31.0,vwap_revert
2023-06-27,2023-06-27 14:05:00-03:00,2023-06-27 14:10:00-03:00,short,4801.5,4804.5,-3.0,-34.0,stop_loss
2023-06-27,2023-06-27 14:15:00-03:00,2023-06-27 14:20:00-03:00,short,4804.5,4807.5,-3.0,-34.0,stop_loss
2023-06-27,2023-06-27 14:25:00-03:00,2023-06-27 14:45:00-03:00,short,4808.0,4811.0,-3.0,-34.0,stop_loss
2023-06-27,2023-06-27 14:50:00-03:00,2023-06-27 14:55:00-03:00,short,4810.5,4813.5,-3.0,-34.0,stop_loss
2023-06-27,2023-06-28 06:00:00-03:00,2023-06-28 06:05:00-03:00,short,4817.5,4826.5,-9.0,-94.0,stop_gap_open
2023-06-28,2023-06-28 14:35:00-03:00,2023-06-28 14:40:00-03:00,long,4847.0,4843.5,-3.5,-39.0,stop_loss
2023-06-29,2023-06-29 14:10:00-03:00,2023-06-29 14:50:00-03:00,long,4841.0,4857.0,16.0,156.0,vwap_revert
2023-06-30,2023-06-30 14:05:00-03:00,2023-06-30 14:45:00-03:00,long,4813.0,4821.0,8.0,76.0,max_hold
2023-06-30,2023-06-30 14:50:00-03:00,2023-06-30 14:55:00-03:00,long,4821.0,4818.0,-3.0,-34.0,stop_loss
2023-06-30,2023-07-03 06:00:00-03:00,2023-07-03 06:05:00-03:00,long,4821.0,4805.5,-15.5,-159.0,stop_gap_open
2023-07-03,2023-07-03 14:05:00-03:00,2023-07-03 14:45:00-03:00,short,4829.5,4832.0,-2.5,-29.0,stop_loss
2023-07-03,2023-07-03 14:50:00-03:00,2023-07-03 14:55:00-03:00,short,4831.0,4833.5,-2.5,-29.0,stop_loss
2023-07-03,2023-07-04 06:00:00-03:00,2023-07-04 06:40:00-03:00,short,4823.0,4811.5,11.5,111.0,max_hold
2023-07-04,2023-07-04 14:05:00-03:00,2023-07-04 14:10:00-03:00,short,4867.0,4870.0,-3.0,-34.0,stop_loss
2023-07-04,2023-07-04 14:15:00-03:00,2023-07-04 14:45:00-03:00,short,4868.5,4872.0,-3.5,-39.0,stop_loss
2023-07-04,2023-07-04 14:50:00-03:00,2023-07-05 06:00:00-03:00,short,4871.5,4875.0,-3.5,-39.0,stop_loss
2023-07-05,2023-07-05 14:10:00-03:00,2023-07-05 14:15:00-03:00,long,4869.0,4865.5,-3.5,-39.0,stop_loss
2023-07-05,2023-07-05 14:20:00-03:00,2023-07-06 06:00:00-03:00,long,4865.5,4876.0,10.5,101.0,vwap_revert
2023-07-06,2023-07-06 14:05:00-03:00,2023-07-06 14:10:00-03:00,short,4955.5,4959.0,-3.5,-39.0,stop_loss
2023-07-06,2023-07-06 14:15:00-03:00,2023-07-06 14:55:00-03:00,short,4960.0,4942.5,17.5,171.0,max_hold
2023-07-06,2023-07-07 06:00:00-03:00,2023-07-07 06:15:00-03:00,short,4942.0,4946.5,-4.5,-49.0,stop_loss
2023-07-19,2023-07-19 14:05:00-03:00,2023-07-19 14:45:00-03:00,long,4794.5,4796.5,2.0,16.0,max_hold
2023-07-19,2023-07-19 14:50:00-03:00,2023-07-20 06:15:00-03:00,long,4797.0,4809.0,12.0,116.0,vwap_revert
2023-07-20,2023-07-20 14:05:00-03:00,2023-07-20 14:45:00-03:00,short,4811.0,4814.5,-3.5,-39.0,stop_loss
2023-07-20,2023-07-20 14:50:00-03:00,2023-07-21 06:00:00-03:00,short,4810.5,4828.0,-17.5,-179.0,stop_gap_open
2023-07-24,2023-07-24 14:05:00-03:00,2023-07-24 14:30:00-03:00,long,4738.0,4735.5,-2.5,-29.0,stop_loss
2023-07-24,2023-07-24 14:35:00-03:00,2023-07-24 14:55:00-03:00,long,4738.0,4735.5,-2.5,-29.0,stop_loss
2023-07-24,2023-07-25 06:00:00-03:00,2023-07-25 06:05:00-03:00,long,4731.0,4728.5,-2.5,-29.0,stop_loss
2023-07-25,2023-07-25 14:05:00-03:00,2023-07-25 14:45:00-03:00,short,4754.0,4755.0,-1.0,-14.0,max_hold
2023-07-25,2023-07-25 14:50:00-03:00,2023-07-25 14:55:00-03:00,short,4755.0,4757.5,-2.5,-29.0,stop_loss
2023-07-26,2023-07-26 14:05:00-03:00,2023-07-26 14:45:00-03:00,long,4730.5,4737.5,7.0,66.0,max_hold
2023-07-27,2023-07-27 14:05:00-03:00,2023-07-27 14:45:00-03:00,short,4759.0,4749.0,10.0,96.0,max_hold
2023-07-27,2023-07-27 14:50:00-03:00,2023-07-28 06:00:00-03:00,short,4749.0,4729.5,19.5,191.0,target_gap_open
2023-07-28,2023-07-28 14:05:00-03:00,2023-07-28 14:45:00-03:00,short,4731.5,4729.0,2.5,21.0,max_hold
2023-07-28,2023-07-28 14:50:00-03:00,2023-07-28 14:55:00-03:00,short,4729.0,4731.5,-2.5,-29.0,stop_gap_open
2023-07-28,2023-07-31 06:00:00-03:00,2023-07-31 06:40:00-03:00,short,4761.0,4754.0,7.0,66.0,max_hold
2023-07-31,2023-07-31 14:05:00-03:00,2023-07-31 14:10:00-03:00,long,4758.5,4756.0,-2.5,-29.0,stop_loss
2023-07-31,2023-07-31 14:15:00-03:00,2023-07-31 14:55:00-03:00,long,4756.5,4753.5,-3.0,-34.0,stop_loss
2023-07-31,2023-08-01 06:00:00-03:00,2023-08-01 06:05:00-03:00,long,4755.0,4766.5,11.5,111.0,target_gap_open
2023-08-01,2023-08-01 14:05:00-03:00,2023-08-01 14:10:00-03:00,short,4816.0,4818.5,-2.5,-29.0,stop_loss
2023-08-01,2023-08-01 14:15:00-03:00,2023-08-01 14:45:00-03:00,short,4818.5,4821.5,-3.0,-34.0,stop_loss
2023-08-01,2023-08-01 14:50:00-03:00,2023-08-02 06:00:00-03:00,short,4821.5,4827.0,-5.5,-59.0,stop_gap_open
2023-08-02,2023-08-02 14:05:00-03:00,2023-08-02 14:35:00-03:00,short,4833.5,4836.5,-3.0,-34.0,stop_loss
2023-08-02,2023-08-02 14:40:00-03:00,2023-08-03 06:00:00-03:00,short,4836.0,4871.0,-35.0,-354.0,stop_gap_open
2023-08-03,2023-08-03 14:05:00-03:00,2023-08-03 14:15:00-03:00,short,4923.0,4927.0,-4.0,-44.0,stop_loss
2023-08-03,2023-08-03 14:20:00-03:00,2023-08-03 14:30:00-03:00,short,4925.5,4929.5,-4.0,-44.0,stop_loss
2023-08-03,2023-08-03 14:35:00-03:00,2023-08-03 14:40:00-03:00,short,4932.0,4936.0,-4.0,-44.0,stop_loss
2023-08-03,2023-08-03 14:45:00-03:00,2023-08-03 14:50:00-03:00,short,4938.5,4947.0,-8.5,-89.0,stop_gap_open
2023-08-03,2023-08-03 14:55:00-03:00,2023-08-04 06:00:00-03:00,short,4940.5,4945.5,-5.0,-54.0,stop_loss
2023-08-16,2023-08-16 14:05:00-03:00,2023-08-16 14:45:00-03:00,short,5001.0,5004.5,-3.5,-39.0,max_hold
2023-08-16,2023-08-16 14:50:00-03:00,2023-08-17 06:00:00-03:00,short,5004.0,4987.0,17.0,166.0,target_gap_open
2023-08-17,2023-08-17 14:15:00-03:00,2023-08-17 14:45:00-03:00,short,4998.5,4992.0,6.5,61.0,vwap_revert
2023-08-18,2023-08-18 14:05:00-03:00,2023-08-18 14:45:00-03:00,long,4979.0,4981.0,2.0,16.0,max_hold
2023-08-18,2023-08-18 14:50:00-03:00,2023-08-21 06:00:00-03:00,long,4981.5,4979.0,-2.5,-29.0,stop_loss
2023-08-22,2023-08-22 14:05:00-03:00,2023-08-22 14:20:00-03:00,long,4948.5,4946.0,-2.5,-29.0,stop_loss
2023-08-22,2023-08-22 14:25:00-03:00,2023-08-23 06:00:00-03:00,long,4945.0,4935.0,-10.0,-104.0,stop_gap_open
2023-08-23,2023-08-23 14:05:00-03:00,2023-08-23 14:20:00-03:00,long,4860.0,4857.0,-3.0,-34.0,stop_loss
2023-08-23,2023-08-23 14:25:00-03:00,2023-08-24 06:05:00-03:00,long,4854.5,4884.5,30.0,296.0,max_hold
2023-08-25,2023-08-25 14:50:00-03:00,2023-08-25 14:55:00-03:00,long,4879.5,4877.0,-2.5,-29.0,stop_loss
2023-08-25,2023-08-28 06:00:00-03:00,2023-08-28 06:05:00-03:00,long,4880.5,4871.5,-9.0,-94.0,stop_gap_open
2023-08-28,2023-08-28 14:05:00-03:00,2023-08-28 14:45:00-03:00,long,4879.0,4877.5,-1.5,-19.0,max_hold
2023-08-28,2023-08-28 14:50:00-03:00,2023-08-29 06:15:00-03:00,long,4877.5,4894.0,16.5,161.0,vwap_revert
2023-08-29,2023-08-29 14:05:00-03:00,2023-08-29 14:45:00-03:00,long,4856.0,4857.0,1.0,6.0,max_hold
2023-08-29,2023-08-29 14:50:00-03:00,2023-08-30 06:10:00-03:00,long,4856.5,4854.0,-2.5,-29.0,stop_loss
2023-08-30,2023-08-30 14:05:00-03:00,2023-08-30 14:10:00-03:00,short,4871.0,4874.5,-3.5,-39.0,stop_loss
2023-08-30,2023-08-30 14:15:00-03:00,2023-08-30 14:30:00-03:00,short,4876.0,4879.5,-3.5,-39.0,stop_loss
2023-08-30,2023-08-30 14:35:00-03:00,2023-08-30 14:40:00-03:00,short,4880.0,4887.0,-7.0,-74.0,stop_gap_open
2023-08-30,2023-08-30 14:45:00-03:00,2023-08-30 14:55:00-03:00,short,4889.5,4894.0,-4.5,-49.0,stop_loss
2023-08-30,2023-08-31 06:00:00-03:00,2023-08-31 06:40:00-03:00,short,4903.5,4901.5,2.0,16.0,max_hold
2023-08-31,2023-08-31 14:05:00-03:00,2023-08-31 14:40:00-03:00,short,4972.5,4977.0,-4.5,-49.0,stop_loss
2023-08-31,2023-08-31 14:45:00-03:00,2023-09-01 06:10:00-03:00,short,4978.5,4947.0,31.5,311.0,vwap_revert
2023-09-05,2023-09-05 14:40:00-03:00,2023-09-05 14:50:00-03:00,short,4994.5,4989.5,5.0,46.0,vwap_revert
2023-09-06,2023-09-06 14:05:00-03:00,2023-09-06 14:10:00-03:00,short,5001.5,4996.0,5.5,51.0,vwap_revert
2023-09-08,2023-09-08 14:35:00-03:00,2023-09-08 14:55:00-03:00,short,5002.0,5004.5,-2.5,-29.0,stop_loss
2023-09-11,2023-09-11 14:05:00-03:00,2023-09-11 14:10:00-03:00,long,4945.0,4942.5,-2.5,-29.0,stop_loss
2023-09-11,2023-09-11 14:15:00-03:00,2023-09-11 14:20:00-03:00,long,4943.5,4941.0,-2.5,-29.0,stop_loss
2023-09-11,2023-09-11 14:25:00-03:00,2023-09-12 06:00:00-03:00,long,4941.5,4958.0,16.5,161.0,target_gap_open
2023-09-12,2023-09-12 14:15:00-03:00,2023-09-12 14:30:00-03:00,short,4967.0,4963.5,3.5,31.0,vwap_revert
2023-09-13,2023-09-13 14:05:00-03:00,2023-09-13 14:35:00-03:00,long,4929.0,4926.5,-2.5,-29.0,stop_loss
2023-09-13,2023-09-13 14:40:00-03:00,2023-09-13 14:45:00-03:00,long,4927.0,4924.5,-2.5,-29.0,stop_loss
2023-09-13,2023-09-13 14:50:00-03:00,2023-09-14 06:00:00-03:00,long,4925.0,4923.0,-2.0,-24.0,stop_loss
2023-09-14,2023-09-14 14:05:00-03:00,2023-09-14 14:15:00-03:00,long,4884.5,4882.0,-2.5,-29.0,stop_loss
2023-09-14,2023-09-14 14:20:00-03:00,2023-09-14 14:25:00-03:00,long,4882.5,4880.0,-2.5,-29.0,stop_loss
2023-09-14,2023-09-14 14:30:00-03:00,2023-09-15 06:00:00-03:00,long,4881.5,4877.5,-4.0,-44.0,stop_gap_open
2023-09-18,2023-09-18 14:20:00-03:00,2023-09-18 14:50:00-03:00,long,4861.0,4864.0,3.0,26.0,vwap_revert
2023-09-19,2023-09-19 14:05:00-03:00,2023-09-19 14:45:00-03:00,short,4880.5,4875.5,5.0,46.0,max_hold
2023-09-19,2023-09-19 14:50:00-03:00,2023-09-20 06:00:00-03:00,short,4876.0,4865.0,11.0,106.0,target_gap_open
2023-09-20,2023-09-20 14:05:00-03:00,2023-09-20 14:45:00-03:00,short,4887.0,4887.0,-0.0,-4.0,max_hold
2023-09-20,2023-09-20 14:50:00-03:00,2023-09-21 06:00:00-03:00,short,4886.0,4902.0,-16.0,-164.0,stop_gap_open
2023-09-21,2023-09-21 14:05:00-03:00,2023-09-21 14:45:00-03:00,short,4943.0,4942.5,0.5,1.0,max_hold
2023-09-21,2023-09-21 14:50:00-03:00,2023-09-22 06:00:00-03:00,short,4943.0,4920.0,23.0,226.0,target_gap_open
2023-09-22,2023-09-22 14:05:00-03:00,2023-09-22 14:25:00-03:00,short,4937.5,4940.0,-2.5,-29.0,stop_loss
2023-09-22,2023-09-22 14:30:00-03:00,2023-09-25 06:00:00-03:00,short,4940.5,4949.0,-8.5,-89.0,stop_gap_open
2023-09-25,2023-09-25 14:05:00-03:00,2023-09-25 14:45:00-03:00,short,4968.5,4968.0,0.5,1.0,max_hold
2023-09-25,2023-09-25 14:50:00-03:00,2023-09-25 14:55:00-03:00,short,4968.0,4970.0,-2.0,-24.0,stop_loss
2023-09-25,2023-09-26 06:00:00-03:00,2023-09-26 06:30:00-03:00,short,4977.0,4961.5,15.5,151.0,vwap_revert
2023-09-26,2023-09-26 14:05:00-03:00,2023-09-26 14:30:00-03:00,short,4987.0,4990.0,-3.0,-34.0,stop_loss
2023-09-26,2023-09-26 14:35:00-03:00,2023-09-26 14:40:00-03:00,short,4989.5,4992.5,-3.0,-34.0,stop_loss
2023-09-26,2023-09-26 14:45:00-03:00,2023-09-27 06:05:00-03:00,short,4992.5,4995.5,-3.0,-34.0,stop_loss
2023-09-27,2023-09-27 14:05:00-03:00,2023-09-27 14:15:00-03:00,short,5046.5,5051.0,-4.5,-49.0,stop_loss
2023-09-27,2023-09-27 14:20:00-03:00,2023-09-28 06:00:00-03:00,short,5050.0,5033.0,17.0,166.0,vwap_revert
2023-09-28,2023-09-28 14:10:00-03:00,2023-09-28 14:50:00-03:00,long,5034.5,5034.5,0.0,-4.0,max_hold
2023-09-28,2023-09-28 14:55:00-03:00,2023-09-29 06:00:00-03:00,long,5034.0,5029.5,-4.5,-49.0,stop_loss
2023-09-29,2023-09-29 14:05:00-03:00,2023-09-29 14:25:00-03:00,short,5047.0,5051.5,-4.5,-49.0,stop_loss
2023-09-29,2023-09-29 14:30:00-03:00,2023-09-29 14:45:00-03:00,short,5049.0,5053.0,-4.0,-44.0,stop_loss
2023-09-29,2023-09-29 14:50:00-03:00,2023-10-02 06:00:00-03:00,short,5054.5,5088.0,-33.5,-339.0,stop_gap_open
2023-10-03,2023-10-03 14:05:00-03:00,2023-10-03 14:10:00-03:00,short,5171.0,5175.5,-4.5,-49.0,stop_loss
2023-10-03,2023-10-03 14:15:00-03:00,2023-10-03 14:30:00-03:00,short,5175.5,5180.0,-4.5,-49.0,stop_loss
2023-10-03,2023-10-03 14:35:00-03:00,2023-10-03 14:40:00-03:00,short,5179.0,5183.0,-4.0,-44.0,stop_gap_open
2023-10-03,2023-10-03 14:45:00-03:00,2023-10-03 14:50:00-03:00,short,5186.0,5190.5,-4.5,-49.0,stop_loss
2023-10-03,2023-10-03 14:55:00-03:00,2023-10-04 06:35:00-03:00,short,5189.0,5150.5,38.5,381.0,max_hold
2023-10-27,2023-10-27 14:05:00-03:00,2023-10-27 14:10:00-03:00,short,5014.5,5018.5,-4.0,-44.0,stop_loss
2023-10-27,2023-10-27 14:15:00-03:00,2023-10-27 14:55:00-03:00,short,5019.5,5018.5,1.0,6.0,max_hold
2023-10-27,2023-10-30 06:00:00-03:00,2023-10-30 06:25:00-03:00,short,4995.0,4999.0,-4.0,-44.0,stop_loss
2023-11-14,2023-11-14 14:05:00-03:00,2023-11-14 14:10:00-03:00,long,4870.5,4868.0,-2.5,-29.0,stop_loss
2023-11-14,2023-11-14 14:15:00-03:00,2023-11-14 14:55:00-03:00,long,4869.0,4873.5,4.5,41.0,max_hold
2023-11-14,2023-11-14 15:00:00-03:00,2023-11-16 06:00:00-03:00,long,4873.5,4871.0,-2.5,-29.0,stop_loss
2023-11-16,2023-11-16 14:05:00-03:00,2023-11-16 14:45:00-03:00,short,4877.5,4877.0,0.5,1.0,max_hold
2023-11-16,2023-11-16 14:50:00-03:00,2023-11-17 06:00:00-03:00,short,4877.0,4862.0,15.0,146.0,target_gap_open
2023-11-17,2023-11-17 14:05:00-03:00,2023-11-17 14:35:00-03:00,short,4913.0,4916.0,-3.0,-34.0,stop_loss
2023-11-17,2023-11-17 14:40:00-03:00,2023-11-17 14:45:00-03:00,short,4915.5,4918.5,-3.0,-34.0,stop_loss
2023-11-17,2023-11-17 14:50:00-03:00,2023-11-20 06:00:00-03:00,short,4916.5,4903.5,13.0,126.0,max_hold
2023-11-20,2023-11-20 14:05:00-03:00,2023-11-20 14:25:00-03:00,long,4856.5,4853.5,-3.0,-34.0,stop_loss
2023-11-20,2023-11-20 14:30:00-03:00,2023-11-20 15:10:00-03:00,long,4854.5,4856.5,2.0,16.0,max_hold
2023-11-20,2023-11-20 15:15:00-03:00,2023-11-20 15:20:00-03:00,long,4856.5,4854.0,-2.5,-29.0,stop_gap_open
2023-11-20,2023-11-20 15:25:00-03:00,2023-11-21 06:00:00-03:00,long,4857.0,4854.0,-3.0,-34.0,stop_loss
2023-11-21,2023-11-21 14:05:00-03:00,2023-11-21 14:15:00-03:00,short,4900.0,4903.5,-3.5,-39.0,stop_loss
2023-11-21,2023-11-21 14:20:00-03:00,2023-11-21 15:00:00-03:00,short,4902.5,4904.5,-2.0,-24.0,max_hold
2023-11-21,2023-11-21 15:05:00-03:00,2023-11-21 15:10:00-03:00,short,4904.0,4906.5,-2.5,-29.0,stop_loss
2023-11-21,2023-11-21 15:15:00-03:00,2023-11-22 06:10:00-03:00,short,4905.5,4884.5,21.0,206.0,vwap_revert
2023-11-22,2023-11-22 14:05:00-03:00,2023-11-22 14:35:00-03:00,short,4904.5,4908.0,-3.5,-39.0,stop_loss
2023-11-22,2023-11-22 14:40:00-03:00,2023-11-22 14:45:00-03:00,short,4907.0,4910.0,-3.0,-34.0,stop_gap_open
2023-11-22,2023-11-22 14:50:00-03:00,2023-11-23 06:00:00-03:00,short,4910.5,4903.5,7.0,66.0,max_hold
2023-11-23,2023-11-23 14:05:00-03:00,2023-11-23 14:45:00-03:00,short,4911.5,4907.5,4.0,36.0,max_hold
2023-11-23,2023-11-23 14:50:00-03:00,2023-11-23 15:25:00-03:00,short,4907.5,4910.0,-2.5,-29.0,stop_loss
2023-11-23,2023-11-24 06:00:00-03:00,2023-11-24 06:05:00-03:00,short,4903.5,4906.0,-2.5,-29.0,ambiguous_stop_first
2023-11-24,2023-11-24 14:05:00-03:00,2023-11-24 14:15:00-03:00,short,4901.0,4903.0,-2.0,-24.0,stop_loss
2023-11-24,2023-11-24 14:20:00-03:00,2023-11-24 14:40:00-03:00,short,4902.0,4904.0,-2.0,-24.0,stop_loss
2023-11-24,2023-11-24 14:45:00-03:00,2023-11-24 14:55:00-03:00,short,4904.0,4905.5,-1.5,-19.0,stop_loss
2023-11-24,2023-11-24 15:00:00-03:00,2023-11-27 06:00:00-03:00,short,4905.0,4897.5,7.5,71.0,vwap_revert
2023-11-27,2023-11-27 14:10:00-03:00,2023-11-27 14:50:00-03:00,short,4900.5,4900.5,-0.0,-4.0,max_hold
2023-11-27,2023-11-27 14:55:00-03:00,2023-11-27 15:15:00-03:00,short,4900.0,4898.5,1.5,11.0,vwap_revert
2023-11-28,2023-11-28 14:05:00-03:00,2023-11-28 14:45:00-03:00,long,4873.5,4873.5,0.0,-4.0,max_hold
2023-11-28,2023-11-28 14:50:00-03:00,2023-11-28 14:55:00-03:00,long,4873.5,4871.0,-2.5,-29.0,stop_loss
2023-11-28,2023-11-28 15:00:00-03:00,2023-11-29 06:00:00-03:00,long,4872.5,4870.0,-2.5,-29.0,stop_loss
2023-11-29,2023-11-29 14:20:00-03:00,2023-11-29 14:35:00-03:00,short,4895.0,4898.5,-3.5,-39.0,stop_loss
2023-11-29,2023-11-29 14:40:00-03:00,2023-11-29 14:50:00-03:00,short,4899.0,4902.5,-3.5,-39.0,stop_loss
2023-11-29,2023-11-29 14:55:00-03:00,2023-11-30 06:00:00-03:00,short,4904.0,4929.5,-25.5,-259.0,stop_gap_open
2023-11-30,2023-11-30 14:05:00-03:00,2023-11-30 14:45:00-03:00,long,4931.0,4937.0,6.0,56.0,max_hold
2023-11-30,2023-11-30 14:50:00-03:00,2023-11-30 14:55:00-03:00,long,4936.5,4933.5,-3.0,-34.0,stop_loss
2023-11-30,2023-11-30 15:00:00-03:00,2023-11-30 15:15:00-03:00,long,4935.0,4944.5,9.5,91.0,vwap_revert
2023-12-01,2023-12-01 14:05:00-03:00,2023-12-01 14:45:00-03:00,long,4893.5,4897.5,4.0,36.0,max_hold
2023-12-01,2023-12-01 14:50:00-03:00,2023-12-01 14:55:00-03:00,long,4897.5,4895.0,-2.5,-29.0,stop_loss
2023-12-01,2023-12-01 15:00:00-03:00,2023-12-01 15:15:00-03:00,long,4897.0,4894.5,-2.5,-29.0,stop_loss
2023-12-01,2023-12-01 15:20:00-03:00,2023-12-04 06:30:00-03:00,long,4894.5,4904.0,9.5,91.0,max_hold
2023-12-04,2023-12-04 14:05:00-03:00,2023-12-04 14:45:00-03:00,short,4961.0,4956.5,4.5,41.0,max_hold
2023-12-04,2023-12-04 14:50:00-03:00,2023-12-04 15:00:00-03:00,short,4956.0,4958.5,-2.5,-29.0,stop_loss
2023-12-04,2023-12-04 15:05:00-03:00,2023-12-05 06:00:00-03:00,short,4961.0,4964.0,-3.0,-34.0,stop_gap_open
2023-12-05,2023-12-05 14:05:00-03:00,2023-12-05 14:45:00-03:00,long,4935.0,4937.5,2.5,21.0,max_hold
2023-12-05,2023-12-05 14:50:00-03:00,2023-12-06 06:00:00-03:00,long,4937.0,4930.0,-7.0,-74.0,stop_gap_open
2023-12-06,2023-12-06 14:05:00-03:00,2023-12-06 14:15:00-03:00,long,4911.5,4914.0,2.5,21.0,vwap_revert
2023-12-07,2023-12-07 14:05:00-03:00,2023-12-07 14:45:00-03:00,short,4918.5,4915.0,3.5,31.0,max_hold
2023-12-07,2023-12-07 14:50:00-03:00,2023-12-07 15:00:00-03:00,short,4915.0,4917.5,-2.5,-29.0,stop_loss
2023-12-07,2023-12-07 15:05:00-03:00,2023-12-07 15:10:00-03:00,short,4919.0,4921.5,-2.5,-29.0,stop_gap_open
2023-12-07,2023-12-07 15:15:00-03:00,2023-12-07 15:20:00-03:00,short,4920.5,4923.0,-2.5,-29.0,stop_loss
2023-12-07,2023-12-07 15:25:00-03:00,2023-12-08 06:00:00-03:00,short,4922.5,4906.0,16.5,161.0,target_gap_open
2023-12-08,2023-12-08 14:05:00-03:00,2023-12-08 14:30:00-03:00,short,4935.0,4937.5,-2.5,-29.0,stop_loss
2023-12-08,2023-12-08 14:35:00-03:00,2023-12-08 14:45:00-03:00,short,4936.5,4939.0,-2.5,-29.0,stop_loss
2023-12-08,2023-12-08 14:50:00-03:00,2023-12-08 15:10:00-03:00,short,4939.5,4941.5,-2.0,-24.0,stop_loss
2023-12-08,2023-12-08 15:15:00-03:00,2023-12-11 06:00:00-03:00,short,4940.5,4943.0,-2.5,-29.0,stop_loss
2023-12-11,2023-12-11 14:05:00-03:00,2023-12-11 14:45:00-03:00,long,4944.0,4947.0,3.0,26.0,max_hold
2023-12-11,2023-12-11 14:50:00-03:00,2023-12-11 14:55:00-03:00,long,4946.5,4944.0,-2.5,-29.0,stop_loss
2023-12-11,2023-12-11 15:00:00-03:00,2023-12-11 15:05:00-03:00,long,4944.5,4942.5,-2.0,-24.0,stop_loss
2023-12-11,2023-12-11 15:10:00-03:00,2023-12-12 06:00:00-03:00,long,4942.5,4933.5,-9.0,-94.0,stop_gap_open
2023-12-12,2023-12-12 14:05:00-03:00,2023-12-12 14:45:00-03:00,short,4971.5,4971.5,-0.0,-4.0,max_hold
2023-12-12,2023-12-12 14:50:00-03:00,2023-12-13 06:00:00-03:00,short,4971.0,4973.0,-2.0,-24.0,stop_loss
2023-12-13,2023-12-13 14:05:00-03:00,2023-12-13 14:45:00-03:00,long,4922.5,4924.5,2.0,16.0,max_hold
2023-12-13,2023-12-13 14:50:00-03:00,2023-12-13 15:15:00-03:00,long,4925.0,4919.5,-5.5,-59.0,stop_loss
2023-12-13,2023-12-13 15:20:00-03:00,2023-12-14 06:05:00-03:00,long,4920.5,4885.0,-35.5,-359.0,stop_gap_open
2023-12-14,2023-12-14 14:05:00-03:00,2023-12-14 14:45:00-03:00,short,4918.5,4914.0,4.5,41.0,max_hold
2023-12-14,2023-12-14 14:50:00-03:00,2023-12-14 15:00:00-03:00,short,4914.0,4917.5,-3.5,-39.0,stop_loss
2023-12-14,2023-12-14 15:05:00-03:00,2023-12-15 06:00:00-03:00,short,4919.0,4922.5,-3.5,-39.0,stop_loss
2023-12-15,2023-12-15 14:40:00-03:00,2023-12-15 14:45:00-03:00,short,4943.5,4946.5,-3.0,-34.0,stop_loss
2023-12-15,2023-12-15 14:50:00-03:00,2023-12-18 06:00:00-03:00,short,4945.5,4948.0,-2.5,-29.0,ambiguous_stop_first
2023-12-18,2023-12-18 14:05:00-03:00,2023-12-18 14:45:00-03:00,long,4904.5,4903.0,-1.5,-19.0,max_hold
2023-12-18,2023-12-18 14:50:00-03:00,2023-12-18 15:05:00-03:00,long,4903.5,4900.5,-3.0,-34.0,stop_loss
2023-12-18,2023-12-18 15:10:00-03:00,2023-12-18 15:15:00-03:00,long,4900.0,4896.0,-4.0,-44.0,stop_gap_open
2023-12-18,2023-12-18 15:20:00-03:00,2023-12-19 06:00:00-03:00,long,4896.0,4889.5,-6.5,-69.0,stop_gap_open
2023-12-19,2023-12-19 14:05:00-03:00,2023-12-19 14:10:00-03:00,long,4862.5,4866.5,4.0,36.0,target_gap_open
2023-12-19,2023-12-19 15:00:00-03:00,2023-12-19 15:20:00-03:00,long,4861.5,4866.5,5.0,46.0,vwap_revert
2023-12-20,2023-12-20 14:05:00-03:00,2023-12-20 14:45:00-03:00,short,4912.0,4908.0,4.0,36.0,max_hold
2023-12-20,2023-12-20 14:50:00-03:00,2023-12-20 14:55:00-03:00,short,4907.5,4911.5,-4.0,-44.0,stop_loss
2023-12-20,2023-12-20 15:00:00-03:00,2023-12-20 15:25:00-03:00,short,4913.0,4917.0,-4.0,-44.0,stop_loss
2023-12-20,2023-12-21 06:00:00-03:00,2023-12-21 06:05:00-03:00,short,4887.5,4896.5,-9.0,-94.0,stop_gap_open
2023-12-21,2023-12-21 14:05:00-03:00,2023-12-21 14:25:00-03:00,short,4887.0,4882.5,4.5,41.0,vwap_revert
2023-12-21,2023-12-21 14:40:00-03:00,2023-12-21 14:45:00-03:00,short,4885.0,4882.5,2.5,21.0,vwap_revert
2023-12-21,2023-12-21 15:20:00-03:00,2023-12-21 15:25:00-03:00,long,4878.5,4882.5,4.0,36.0,vwap_revert
2023-12-22,2023-12-22 14:25:00-03:00,2023-12-22 14:30:00-03:00,long,4860.0,4861.5,1.5,11.0,vwap_revert
2023-12-22,2023-12-22 15:10:00-03:00,2023-12-26 06:00:00-03:00,long,4856.0,4848.0,-8.0,-84.0,stop_gap_open
2023-12-26,2023-12-26 14:05:00-03:00,2023-12-26 14:45:00-03:00,long,4818.0,4818.0,0.0,-4.0,max_hold
2023-12-26,2023-12-26 14:50:00-03:00,2023-12-26 15:05:00-03:00,long,4817.5,4815.5,-2.0,-24.0,stop_loss
2023-12-26,2023-12-26 15:10:00-03:00,2023-12-26 15:15:00-03:00,long,4815.5,4812.0,-3.5,-39.0,stop_gap_open
2023-12-26,2023-12-26 15:20:00-03:00,2023-12-26 15:25:00-03:00,long,4812.5,4810.0,-2.5,-29.0,stop_loss
2023-12-26,2023-12-27 06:00:00-03:00,2023-12-27 06:05:00-03:00,long,4808.0,4803.5,-4.5,-49.0,stop_gap_open
2023-12-27,2023-12-27 14:05:00-03:00,2023-12-27 14:45:00-03:00,short,4826.5,4828.0,-1.5,-19.0,max_hold
2023-12-27,2023-12-27 14:50:00-03:00,2023-12-27 15:25:00-03:00,short,4828.0,4822.5,5.5,51.0,vwap_revert
2023-12-28,2023-12-28 14:05:00-03:00,2023-12-28 14:10:00-03:00,short,4873.0,4876.5,-3.5,-39.0,stop_loss
2023-12-28,2023-12-28 14:15:00-03:00,2023-12-28 14:55:00-03:00,short,4875.5,4875.0,0.5,1.0,max_hold
2023-12-28,2023-12-28 15:00:00-03:00,2024-01-02 06:00:00-03:00,short,4874.5,4884.0,-9.5,-99.0,stop_gap_open
2024-01-02,2024-01-02 14:05:00-03:00,2024-01-02 14:20:00-03:00,short,4933.0,4937.0,-4.0,-44.0,stop_loss
2024-01-02,2024-01-02 14:25:00-03:00,2024-01-02 15:05:00-03:00,short,4936.5,4938.5,-2.0,-24.0,max_hold
2024-01-02,2024-01-02 15:10:00-03:00,2024-01-02 15:15:00-03:00,short,4938.0,4942.0,-4.0,-44.0,stop_gap_open
2024-01-02,2024-01-02 15:20:00-03:00,2024-01-02 15:25:00-03:00,short,4941.5,4945.0,-3.5,-39.0,stop_loss
2024-01-02,2024-01-03 06:00:00-03:00,2024-01-03 06:40:00-03:00,short,4957.0,4943.5,13.5,131.0,max_hold
2024-01-11,2024-01-11 14:25:00-03:00,2024-01-11 14:30:00-03:00,long,4888.5,4885.5,-3.0,-34.0,stop_loss
2024-01-11,2024-01-11 14:35:00-03:00,2024-01-11 14:50:00-03:00,long,4886.5,4883.5,-3.0,-34.0,stop_loss
2024-01-11,2024-01-11 14:55:00-03:00,2024-01-12 06:00:00-03:00,long,4883.5,4881.0,-2.5,-29.0,stop_loss
2024-01-12,2024-01-12 14:05:00-03:00,2024-01-12 14:30:00-03:00,short,4868.5,4866.0,2.5,21.0,vwap_revert
2024-01-12,2024-01-12 15:20:00-03:00,2024-01-12 15:25:00-03:00,long,4864.0,4866.0,2.0,16.0,vwap_revert
2024-01-15,2024-01-15 14:05:00-03:00,2024-01-15 14:45:00-03:00,long,4876.5,4875.5,-1.0,-14.0,max_hold
2024-01-15,2024-01-15 14:50:00-03:00,2024-01-15 15:10:00-03:00,long,4875.0,4873.0,-2.0,-24.0,stop_loss
2024-01-15,2024-01-15 15:15:00-03:00,2024-01-15 15:25:00-03:00,long,4874.0,4872.0,-2.0,-24.0,stop_loss
2024-01-16,2024-01-16 14:05:00-03:00,2024-01-16 14:15:00-03:00,short,4937.5,4940.5,-3.0,-34.0,stop_loss
2024-01-16,2024-01-16 14:20:00-03:00,2024-01-16 15:00:00-03:00,short,4939.5,4936.0,3.5,31.0,max_hold
2024-01-16,2024-01-16 15:05:00-03:00,2024-01-16 15:10:00-03:00,short,4935.5,4938.0,-2.5,-29.0,stop_gap_open
2024-01-16,2024-01-16 15:15:00-03:00,2024-01-17 06:00:00-03:00,short,4939.5,4957.0,-17.5,-179.0,stop_gap_open
2024-01-17,2024-01-17 14:05:00-03:00,2024-01-17 14:45:00-03:00,long,4939.5,4941.0,1.5,11.0,max_hold
2024-01-17,2024-01-17 14:50:00-03:00,2024-01-17 15:10:00-03:00,long,4941.0,4944.5,3.5,31.0,vwap_revert
2024-01-18,2024-01-18 14:05:00-03:00,2024-01-18 14:30:00-03:00,long,4939.0,4936.0,-3.0,-34.0,stop_loss
2024-01-18,2024-01-18 14:35:00-03:00,2024-01-18 15:15:00-03:00,long,4936.5,4936.0,-0.5,-9.0,max_hold
2024-01-18,2024-01-18 15:20:00-03:00,2024-01-19 06:00:00-03:00,long,4936.0,4923.5,-12.5,-129.0,stop_gap_open
2024-01-19,2024-01-19 14:05:00-03:00,2024-01-19 14:10:00-03:00,short,4933.0,4935.5,-2.5,-29.0,stop_loss
2024-01-19,2024-01-19 14:15:00-03:00,2024-01-19 14:20:00-03:00,short,4935.0,4937.5,-2.5,-29.0,stop_loss
2024-01-19,2024-01-19 14:25:00-03:00,2024-01-19 14:50:00-03:00,short,4936.0,4938.5,-2.5,-29.0,stop_loss
2024-01-19,2024-01-19 14:55:00-03:00,2024-01-19 15:10:00-03:00,short,4938.5,4941.0,-2.5,-29.0,stop_loss
2024-01-19,2024-01-19 15:15:00-03:00,2024-01-22 06:00:00-03:00,short,4945.5,4929.5,16.0,156.0,vwap_revert
2024-01-22,2024-01-22 14:05:00-03:00,2024-01-22 14:45:00-03:00,short,4993.0,4991.5,1.5,11.0,max_hold
2024-01-22,2024-01-22 14:50:00-03:00,2024-01-22 14:55:00-03:00,short,4991.0,4993.5,-2.5,-29.0,stop_loss
2024-01-22,2024-01-22 15:00:00-03:00,2024-01-22 15:05:00-03:00,short,4991.5,4994.0,-2.5,-29.0,stop_loss
2024-01-22,2024-01-22 15:10:00-03:00,2024-01-22 15:15:00-03:00,short,4996.0,4999.0,-3.0,-34.0,stop_loss
2024-01-22,2024-01-22 15:20:00-03:00,2024-01-23 06:00:00-03:00,short,4996.0,4999.0,-3.0,-34.0,stop_loss
2024-01-23,2024-01-23 14:05:00-03:00,2024-01-23 14:45:00-03:00,long,4959.5,4960.5,1.0,6.0,max_hold
2024-01-23,2024-01-23 14:50:00-03:00,2024-01-23 14:55:00-03:00,long,4960.5,4956.5,-4.0,-44.0,stop_gap_open
2024-01-23,2024-01-23 15:00:00-03:00,2024-01-23 15:10:00-03:00,long,4955.0,4952.0,-3.0,-34.0,stop_loss
2024-01-23,2024-01-23 15:15:00-03:00,2024-01-24 06:00:00-03:00,long,4955.5,4935.0,-20.5,-209.0,stop_gap_open
2024-01-24,2024-01-24 14:05:00-03:00,2024-01-24 14:45:00-03:00,short,4936.0,4936.5,-0.5,-9.0,max_hold
2024-01-24,2024-01-24 14:50:00-03:00,2024-01-24 15:25:00-03:00,short,4936.5,4939.5,-3.0,-34.0,stop_loss
2024-01-24,2024-01-25 06:00:00-03:00,2024-01-25 06:20:00-03:00,short,4934.5,4937.0,-2.5,-29.0,stop_loss
2024-01-25,2024-01-25 14:20:00-03:00,2024-01-25 14:30:00-03:00,short,4930.0,4927.5,2.5,21.0,vwap_revert
2024-01-25,2024-01-25 14:50:00-03:00,2024-01-25 14:55:00-03:00,long,4923.5,4921.0,-2.5,-29.0,stop_gap_open
2024-01-25,2024-01-26 06:00:00-03:00,2024-01-26 06:40:00-03:00,long,4909.5,4917.0,7.5,71.0,max_hold
2024-01-26,2024-01-26 14:25:00-03:00,2024-01-26 14:40:00-03:00,long,4913.0,4916.0,3.0,26.0,vwap_revert
2024-01-26,2024-01-26 15:05:00-03:00,2024-01-26 15:10:00-03:00,long,4914.0,4915.5,1.5,11.0,vwap_revert
2024-01-26,2024-01-26 15:25:00-03:00,2024-01-29 06:00:00-03:00,short,4919.0,4921.0,-2.0,-24.0,stop_loss
2024-01-29,2024-01-29 14:05:00-03:00,2024-01-29 14:45:00-03:00,short,4947.5,4946.5,1.0,6.0,max_hold
2024-01-29,2024-01-29 14:50:00-03:00,2024-01-29 14:55:00-03:00,short,4946.0,4949.5,-3.5,-39.0,stop_gap_open
2024-01-29,2024-01-29 15:00:00-03:00,2024-01-29 15:05:00-03:00,short,4951.0,4954.0,-3.0,-34.0,stop_loss
2024-01-29,2024-01-29 15:10:00-03:00,2024-01-30 06:20:00-03:00,short,4955.0,4938.5,16.5,161.0,max_hold
2024-01-30,2024-01-30 14:05:00-03:00,2024-01-30 14:45:00-03:00,long,4946.5,4949.5,3.0,26.0,max_hold
2024-01-30,2024-01-30 14:50:00-03:00,2024-01-31 06:00:00-03:00,long,4950.0,4961.0,11.0,106.0,target_gap_open
2024-01-31,2024-01-31 14:55:00-03:00,2024-02-01 06:00:00-03:00,short,4970.0,4977.5,-7.5,-79.0,ambiguous_stop_first
2024-02-01,2024-02-01 14:05:00-03:00,2024-02-01 14:45:00-03:00,long,4926.5,4925.0,-1.5,-19.0,max_hold
2024-02-01,2024-02-01 14:50:00-03:00,2024-02-02 06:00:00-03:00,long,4924.5,4925.5,1.0,6.0,max_hold
2024-02-02,2024-02-02 14:05:00-03:00,2024-02-02 14:45:00-03:00,short,4980.5,4979.0,1.5,11.0,max_hold
2024-02-02,2024-02-02 14:50:00-03:00,2024-02-02 14:55:00-03:00,short,4979.0,4982.0,-3.0,-34.0,stop_gap_open
2024-02-02,2024-02-02 15:00:00-03:00,2024-02-02 15:15:00-03:00,short,4979.5,4982.5,-3.0,-34.0,stop_loss
2024-02-02,2024-02-02 15:20:00-03:00,2024-02-05 06:00:00-03:00,short,4982.0,4989.0,-7.0,-74.0,stop_gap_open
2024-02-07,2024-02-07 14:05:00-03:00,2024-02-07 14:45:00-03:00,short,4976.0,4976.5,-0.5,-9.0,max_hold
2024-02-07,2024-02-07 14:50:00-03:00,2024-02-07 14:55:00-03:00,short,4976.5,4978.5,-2.0,-24.0,stop_loss
2024-02-07,2024-02-07 15:00:00-03:00,2024-02-07 15:25:00-03:00,short,4978.5,4980.5,-2.0,-24.0,stop_loss
2024-02-07,2024-02-08 06:00:00-03:00,2024-02-08 06:05:00-03:00,short,4985.0,4991.5,-6.5,-69.0,stop_gap_open
2024-02-08,2024-02-08 14:05:00-03:00,2024-02-08 14:45:00-03:00,short,5004.5,5006.0,-1.5,-19.0,max_hold
2024-02-08,2024-02-08 14:50:00-03:00,2024-02-08 14:55:00-03:00,short,5005.5,5008.0,-2.5,-29.0,stop_loss
2024-02-08,2024-02-08 15:00:00-03:00,2024-02-09 06:00:00-03:00,short,5007.0,4995.5,11.5,111.0,vwap_revert
2024-02-09,2024-02-09 14:05:00-03:00,2024-02-09 14:15:00-03:00,long,4972.0,4969.5,-2.5,-29.0,stop_loss
2024-02-09,2024-02-09 14:20:00-03:00,2024-02-09 14:35:00-03:00,long,4970.0,4967.5,-2.5,-29.0,stop_loss
2024-02-09,2024-02-09 14:40:00-03:00,2024-02-09 14:55:00-03:00,long,4965.5,4963.5,-2.0,-24.0,stop_loss
2024-02-09,2024-02-09 15:00:00-03:00,2024-02-09 15:10:00-03:00,long,4963.0,4961.0,-2.0,-24.0,stop_loss
2024-02-09,2024-02-09 15:15:00-03:00,2024-02-14 10:00:00-03:00,long,4961.5,4979.0,17.5,171.0,target_gap_open
2024-02-14,2024-02-14 14:05:00-03:00,2024-02-14 14:30:00-03:00,short,4979.0,4981.5,-2.5,-29.0,stop_loss
2024-02-14,2024-02-14 14:35:00-03:00,2024-02-14 14:40:00-03:00,short,4981.5,4983.5,-2.0,-24.0,stop_loss
2024-02-14,2024-02-14 14:45:00-03:00,2024-02-14 15:20:00-03:00,short,4981.5,4978.0,3.5,31.0,vwap_revert
2024-02-15,2024-02-15 14:10:00-03:00,2024-02-15 14:25:00-03:00,short,4978.0,4980.0,-2.0,-24.0,stop_loss
2024-02-15,2024-02-15 14:30:00-03:00,2024-02-15 14:35:00-03:00,short,4979.5,4981.5,-2.0,-24.0,stop_loss
2024-02-15,2024-02-15 14:40:00-03:00,2024-02-15 15:20:00-03:00,short,4981.5,4981.5,-0.0,-4.0,max_hold
2024-02-15,2024-02-15 15:25:00-03:00,2024-02-16 06:00:00-03:00,short,4981.0,4975.5,5.5,51.0,vwap_revert
2024-02-16,2024-02-16 14:05:00-03:00,2024-02-16 14:45:00-03:00,long,4973.0,4971.0,-2.0,-24.0,stop_loss
2024-02-16,2024-02-16 14:50:00-03:00,2024-02-16 14:55:00-03:00,long,4972.0,4970.0,-2.0,-24.0,stop_loss
2024-02-16,2024-02-16 15:00:00-03:00,2024-02-19 06:00:00-03:00,long,4971.5,4969.5,-2.0,-24.0,stop_loss
2024-02-19,2024-02-19 14:05:00-03:00,2024-02-19 14:30:00-03:00,short,4967.0,4965.0,2.0,16.0,vwap_revert
2024-02-19,2024-02-19 15:00:00-03:00,2024-02-19 15:10:00-03:00,short,4967.0,4965.0,2.0,16.0,vwap_revert
2024-02-20,2024-02-20 14:05:00-03:00,2024-02-20 14:20:00-03:00,long,4936.0,4934.0,-2.0,-24.0,stop_loss
2024-02-20,2024-02-20 14:25:00-03:00,2024-02-20 14:50:00-03:00,long,4933.5,4931.5,-2.0,-24.0,stop_loss
2024-02-20,2024-02-20 14:55:00-03:00,2024-02-21 06:05:00-03:00,long,4930.5,4934.5,4.0,36.0,max_hold
2024-02-21,2024-02-21 14:05:00-03:00,2024-02-21 14:15:00-03:00,short,4942.0,4945.0,-3.0,-34.0,stop_loss
2024-02-21,2024-02-21 14:20:00-03:00,2024-02-21 15:00:00-03:00,short,4944.0,4941.0,3.0,26.0,max_hold
2024-02-21,2024-02-21 15:05:00-03:00,2024-02-22 06:00:00-03:00,short,4941.0,4930.0,11.0,106.0,target_gap_open
2024-02-22,2024-02-22 14:05:00-03:00,2024-02-22 14:10:00-03:00,short,4957.0,4959.5,-2.5,-29.0,stop_loss
2024-02-22,2024-02-22 14:15:00-03:00,2024-02-22 14:30:00-03:00,short,4959.0,4961.5,-2.5,-29.0,stop_loss
2024-02-22,2024-02-22 14:35:00-03:00,2024-02-22 14:40:00-03:00,short,4962.0,4964.5,-2.5,-29.0,stop_loss
2024-02-22,2024-02-22 14:45:00-03:00,2024-02-22 14:50:00-03:00,short,4964.5,4967.5,-3.0,-34.0,stop_gap_open
2024-02-22,2024-02-22 14:55:00-03:00,2024-02-23 06:05:00-03:00,short,4967.5,4967.0,0.5,1.0,max_hold
2024-02-23,2024-02-23 14:05:00-03:00,2024-02-23 14:45:00-03:00,short,4994.5,4997.0,-2.5,-29.0,stop_loss
2024-02-23,2024-02-23 14:50:00-03:00,2024-02-23 14:55:00-03:00,short,4995.0,4997.0,-2.0,-24.0,stop_gap_open
2024-02-23,2024-02-23 15:00:00-03:00,2024-02-23 15:10:00-03:00,short,4996.0,4998.0,-2.0,-24.0,stop_loss
2024-02-23,2024-02-23 15:15:00-03:00,2024-02-26 06:25:00-03:00,short,4998.0,4984.5,13.5,131.0,max_hold
2024-02-26,2024-02-26 14:15:00-03:00,2024-02-26 14:55:00-03:00,long,4979.5,4981.5,2.0,16.0,max_hold
2024-02-26,2024-02-26 15:00:00-03:00,2024-02-26 15:25:00-03:00,long,4981.5,4984.5,3.0,26.0,vwap_revert
2024-02-27,2024-02-27 14:05:00-03:00,2024-02-27 14:45:00-03:00,long,4934.0,4936.5,2.5,21.0,max_hold
2024-02-27,2024-02-27 14:50:00-03:00,2024-02-27 14:55:00-03:00,long,4936.5,4934.5,-2.0,-24.0,stop_gap_open
2024-02-27,2024-02-27 15:00:00-03:00,2024-02-28 06:10:00-03:00,long,4934.0,4944.0,10.0,96.0,max_hold
2024-02-28,2024-02-28 14:05:00-03:00,2024-02-28 14:40:00-03:00,short,4968.0,4971.0,-3.0,-34.0,stop_loss
2024-02-28,2024-02-28 14:45:00-03:00,2024-02-28 15:05:00-03:00,short,4970.5,4973.0,-2.5,-29.0,stop_loss
2024-02-28,2024-02-28 15:10:00-03:00,2024-02-28 15:15:00-03:00,short,4972.5,4975.0,-2.5,-29.0,stop_loss
2024-02-28,2024-02-28 15:20:00-03:00,2024-02-29 06:00:00-03:00,short,4972.5,4975.0,-2.5,-29.0,stop_loss
2024-02-29,2024-02-29 14:05:00-03:00,2024-02-29 14:15:00-03:00,long,4986.5,4983.5,-3.0,-34.0,stop_loss
2024-02-29,2024-02-29 14:20:00-03:00,2024-02-29 15:00:00-03:00,long,4984.5,4987.5,3.0,26.0,max_hold
2024-02-29,2024-02-29 15:05:00-03:00,2024-02-29 15:10:00-03:00,long,4987.5,4985.0,-2.5,-29.0,stop_gap_open
2024-02-29,2024-02-29 15:15:00-03:00,2024-03-01 06:00:00-03:00,long,4983.0,4973.5,-9.5,-99.0,stop_gap_open
2024-03-01,2024-03-01 14:05:00-03:00,2024-03-01 14:20:00-03:00,long,4968.0,4971.5,3.5,31.0,vwap_revert
2024-03-01,2024-03-01 14:35:00-03:00,2024-03-01 15:15:00-03:00,long,4967.5,4971.5,4.0,36.0,vwap_revert
2024-03-01,2024-03-01 15:25:00-03:00,2024-03-04 06:00:00-03:00,long,4967.5,4965.0,-2.5,-29.0,stop_gap_open
2024-03-04,2024-03-04 15:15:00-03:00,2024-03-05 06:00:00-03:00,long,4958.0,4964.0,6.0,56.0,target_gap_open
2024-03-05,2024-03-05 14:05:00-03:00,2024-03-05 14:10:00-03:00,short,4966.5,4968.5,-2.0,-24.0,stop_loss
2024-03-05,2024-03-05 14:15:00-03:00,2024-03-05 14:30:00-03:00,short,4968.0,4970.0,-2.0,-24.0,stop_loss
2024-03-05,2024-03-05 14:35:00-03:00,2024-03-05 15:15:00-03:00,short,4970.0,4967.5,2.5,21.0,max_hold
2024-03-05,2024-03-05 15:20:00-03:00,2024-03-05 15:25:00-03:00,short,4967.5,4969.5,-2.0,-24.0,stop_loss
2024-03-06,2024-03-06 14:05:00-03:00,2024-03-06 14:10:00-03:00,short,4956.5,4958.5,-2.0,-24.0,stop_loss
2024-03-06,2024-03-06 14:15:00-03:00,2024-03-06 14:55:00-03:00,short,4958.5,4954.5,4.0,36.0,max_hold
2024-03-06,2024-03-06 15:00:00-03:00,2024-03-06 15:10:00-03:00,short,4955.0,4957.0,-2.0,-24.0,stop_loss
2024-03-06,2024-03-06 15:15:00-03:00,2024-03-06 15:25:00-03:00,short,4956.0,4958.0,-2.0,-24.0,stop_loss
2024-03-07,2024-03-07 14:05:00-03:00,2024-03-07 14:10:00-03:00,long,4943.5,4942.0,-1.5,-19.0,stop_loss
2024-03-07,2024-03-07 14:15:00-03:00,2024-03-07 14:55:00-03:00,long,4942.0,4944.5,2.5,21.0,max_hold
2024-03-07,2024-03-07 15:00:00-03:00,2024-03-07 15:10:00-03:00,long,4944.5,4943.0,-1.5,-19.0,stop_loss
2024-03-07,2024-03-07 15:15:00-03:00,2024-03-08 06:00:00-03:00,long,4942.5,4960.0,17.5,171.0,target_gap_open
2024-03-08,2024-03-08 14:05:00-03:00,2024-03-08 14:10:00-03:00,short,4991.0,4993.0,-2.0,-24.0,stop_loss
2024-03-08,2024-03-08 14:15:00-03:00,2024-03-08 14:20:00-03:00,short,4993.0,4995.0,-2.0,-24.0,stop_loss
2024-03-08,2024-03-08 14:25:00-03:00,2024-03-08 14:30:00-03:00,short,4993.0,4995.0,-2.0,-24.0,stop_loss
2024-03-08,2024-03-08 14:35:00-03:00,2024-03-08 15:15:00-03:00,short,4994.0,4988.0,6.0,56.0,max_hold
2024-03-08,2024-03-08 15:25:00-03:00,2024-03-11 06:00:00-03:00,short,4989.0,4991.0,-2.0,-24.0,stop_loss
2024-03-11,2024-03-11 14:55:00-03:00,2024-03-11 15:10:00-03:00,long,4985.5,4983.5,-2.0,-24.0,stop_loss
2024-03-11,2024-03-11 15:15:00-03:00,2024-03-11 15:20:00-03:00,long,4984.0,4982.0,-2.0,-24.0,stop_loss
2024-03-12,2024-03-12 14:05:00-03:00,2024-03-12 14:10:00-03:00,long,4979.0,4977.0,-2.0,-24.0,stop_loss
2024-03-12,2024-03-12 14:15:00-03:00,2024-03-12 14:55:00-03:00,long,4977.0,4977.5,0.5,1.0,max_hold
2024-03-12,2024-03-12 15:00:00-03:00,2024-03-12 15:20:00-03:00,long,4977.5,4976.0,-1.5,-19.0,stop_loss
2024-03-12,2024-03-12 15:25:00-03:00,2024-03-13 06:00:00-03:00,long,4974.5,4970.0,-4.5,-49.0,stop_gap_open
2024-03-13,2024-03-13 14:05:00-03:00,2024-03-13 14:10:00-03:00,long,4979.0,4977.0,-2.0,-24.0,stop_loss
2024-03-13,2024-03-13 14:15:00-03:00,2024-03-13 14:35:00-03:00,long,4977.0,4975.0,-2.0,-24.0,stop_loss
2024-03-13,2024-03-13 14:40:00-03:00,2024-03-13 15:15:00-03:00,long,4976.0,4974.0,-2.0,-24.0,stop_loss
2024-03-13,2024-03-13 15:20:00-03:00,2024-03-13 15:25:00-03:00,long,4976.0,4974.0,-2.0,-24.0,stop_loss
2024-03-13,2024-03-14 06:00:00-03:00,2024-03-14 06:05:00-03:00,long,4969.0,4967.0,-2.0,-24.0,stop_loss
2024-03-14,2024-03-14 14:05:00-03:00,2024-03-14 14:45:00-03:00,short,4993.0,4995.0,-2.0,-24.0,max_hold
2024-03-14,2024-03-14 14:50:00-03:00,2024-03-14 15:10:00-03:00,short,4994.5,4996.5,-2.0,-24.0,stop_loss
2024-03-14,2024-03-14 15:15:00-03:00,2024-03-14 15:20:00-03:00,short,4997.0,4999.0,-2.0,-24.0,stop_gap_open
2024-03-14,2024-03-14 15:25:00-03:00,2024-03-15 06:35:00-03:00,short,4999.0,4991.5,7.5,71.0,max_hold
2024-03-15,2024-03-15 14:05:00-03:00,2024-03-15 14:45:00-03:00,short,5003.0,5000.5,2.5,21.0,max_hold
2024-03-15,2024-03-15 14:50:00-03:00,2024-03-15 15:20:00-03:00,short,5000.5,5002.5,-2.0,-24.0,stop_loss
2024-03-15,2024-03-15 15:25:00-03:00,2024-03-18 06:00:00-03:00,short,5001.5,4993.0,8.5,81.0,target_gap_open
2024-03-18,2024-03-18 14:05:00-03:00,2024-03-18 14:45:00-03:00,short,5028.5,5027.5,1.0,6.0,max_hold
2024-03-18,2024-03-18 14:50:00-03:00,2024-03-18 14:55:00-03:00,short,5027.0,5029.0,-2.0,-24.0,stop_loss
2024-03-18,2024-03-18 15:00:00-03:00,2024-03-18 15:10:00-03:00,short,5028.5,5030.5,-2.0,-24.0,stop_loss
2024-03-18,2024-03-18 15:15:00-03:00,2024-03-18 15:20:00-03:00,short,5031.0,5033.5,-2.5,-29.0,stop_gap_open
2024-03-18,2024-03-18 15:25:00-03:00,2024-03-19 06:00:00-03:00,short,5033.5,5047.0,-13.5,-139.0,stop_gap_open
2024-03-20,2024-03-20 14:05:00-03:00,2024-03-20 14:35:00-03:00,long,4974.5,4970.5,-4.0,-44.0,stop_loss
2024-03-20,2024-03-20 14:40:00-03:00,2024-03-20 14:50:00-03:00,long,4970.0,4966.5,-3.5,-39.0,stop_loss
2024-03-20,2024-03-20 14:55:00-03:00,2024-03-21 06:00:00-03:00,long,4967.0,4957.0,-10.0,-104.0,stop_gap_open
2024-03-28,2024-03-28 14:05:00-03:00,2024-03-28 14:40:00-03:00,short,5031.5,5034.0,-2.5,-29.0,stop_loss
2024-03-28,2024-03-28 14:45:00-03:00,2024-03-28 15:15:00-03:00,short,5033.5,5036.0,-2.5,-29.0,stop_loss
2024-03-28,2024-03-28 15:20:00-03:00,2024-03-28 15:25:00-03:00,short,5035.0,5037.5,-2.5,-29.0,stop_loss
2024-03-28,2024-04-01 06:00:00-03:00,2024-04-01 06:05:00-03:00,short,5024.5,5031.5,-7.0,-74.0,stop_gap_open
2024-05-14,2024-05-14 14:05:00-03:00,2024-05-14 14:40:00-03:00,long,5137.0,5135.5,-1.5,-19.0,stop_loss
2024-05-14,2024-05-14 14:45:00-03:00,2024-05-14 14:50:00-03:00,long,5137.0,5135.5,-1.5,-19.0,stop_loss
2024-05-14,2024-05-14 14:55:00-03:00,2024-05-14 15:25:00-03:00,long,5136.0,5134.5,-1.5,-19.0,stop_loss
2024-05-15,2024-05-15 14:05:00-03:00,2024-05-15 14:45:00-03:00,long,5143.5,5142.5,-1.0,-14.0,max_hold
2024-05-15,2024-05-15 14:50:00-03:00,2024-05-15 15:15:00-03:00,long,5143.0,5141.0,-2.0,-24.0,stop_loss
2024-05-15,2024-05-15 15:20:00-03:00,2024-05-15 15:25:00-03:00,long,5143.0,5141.0,-2.0,-24.0,stop_loss
2024-05-15,2024-05-16 06:00:00-03:00,2024-05-16 06:05:00-03:00,long,5146.0,5136.5,-9.5,-99.0,stop_gap_open
2024-05-16,2024-05-16 14:05:00-03:00,2024-05-16 14:45:00-03:00,short,5138.0,5136.0,2.0,16.0,max_hold
2024-05-16,2024-05-16 14:50:00-03:00,2024-05-16 15:10:00-03:00,short,5136.0,5138.0,-2.0,-24.0,stop_loss
2024-05-16,2024-05-16 15:15:00-03:00,2024-05-16 15:20:00-03:00,short,5138.5,5140.5,-2.0,-24.0,stop_loss
2024-05-16,2024-05-16 15:25:00-03:00,2024-05-17 06:00:00-03:00,short,5137.0,5142.0,-5.0,-54.0,stop_gap_open
2024-05-17,2024-05-17 14:05:00-03:00,2024-05-17 14:45:00-03:00,long,5107.5,5110.0,2.5,21.0,max_hold
2024-05-17,2024-05-17 14:50:00-03:00,2024-05-17 15:10:00-03:00,long,5110.5,5108.5,-2.0,-24.0,stop_loss
2024-05-17,2024-05-17 15:15:00-03:00,2024-05-17 15:20:00-03:00,long,5108.0,5106.0,-2.0,-24.0,stop_loss
2024-05-17,2024-05-17 15:25:00-03:00,2024-05-20 06:05:00-03:00,long,5109.0,5122.5,13.5,131.0,vwap_revert
2024-05-20,2024-05-20 14:05:00-03:00,2024-05-20 14:30:00-03:00,long,5109.0,5107.0,-2.0,-24.0,stop_loss
2024-05-20,2024-05-20 14:35:00-03:00,2024-05-20 15:15:00-03:00,long,5107.5,5107.5,0.0,-4.0,max_hold
2024-05-20,2024-05-20 15:20:00-03:00,2024-05-21 06:00:00-03:00,long,5107.0,5101.0,-6.0,-64.0,stop_gap_open
2024-05-21,2024-05-21 14:05:00-03:00,2024-05-21 14:15:00-03:00,short,5120.5,5122.5,-2.0,-24.0,stop_loss
2024-05-21,2024-05-21 14:20:00-03:00,2024-05-21 14:35:00-03:00,short,5122.0,5124.0,-2.0,-24.0,stop_loss
2024-05-21,2024-05-21 14:40:00-03:00,2024-05-21 14:45:00-03:00,short,5125.0,5127.0,-2.0,-24.0,stop_loss
2024-05-21,2024-05-21 14:50:00-03:00,2024-05-22 06:00:00-03:00,short,5126.5,5140.0,-13.5,-139.0,stop_gap_open
2024-05-22,2024-05-22 14:05:00-03:00,2024-05-22 14:45:00-03:00,short,5156.0,5153.0,3.0,26.0,max_hold
2024-05-22,2024-05-22 15:10:00-03:00,2024-05-22 15:20:00-03:00,short,5155.0,5157.5,-2.5,-29.0,stop_loss
2024-05-22,2024-05-22 15:25:00-03:00,2024-05-23 06:00:00-03:00,short,5155.0,5146.0,9.0,86.0,target_gap_open
2024-05-23,2024-05-23 14:05:00-03:00,2024-05-23 14:30:00-03:00,short,5155.5,5146.0,9.5,91.0,vwap_revert
2024-05-24,2024-05-24 14:05:00-03:00,2024-05-24 14:45:00-03:00,short,5167.5,5166.5,1.0,6.0,max_hold
2024-05-24,2024-05-24 14:50:00-03:00,2024-05-24 14:55:00-03:00,short,5166.5,5168.5,-2.0,-24.0,stop_loss
2024-05-24,2024-05-24 15:00:00-03:00,2024-05-24 15:10:00-03:00,short,5166.5,5169.0,-2.5,-29.0,stop_loss
2024-05-24,2024-05-24 15:15:00-03:00,2024-05-24 15:20:00-03:00,short,5170.5,5173.0,-2.5,-29.0,stop_loss
2024-05-24,2024-05-24 15:25:00-03:00,2024-05-27 06:35:00-03:00,short,5173.0,5163.5,9.5,91.0,max_hold
2024-05-27,2024-05-27 14:05:00-03:00,2024-05-27 14:45:00-03:00,short,5172.5,5171.0,1.5,11.0,max_hold
2024-05-27,2024-05-27 14:50:00-03:00,2024-05-27 15:15:00-03:00,short,5171.5,5173.0,-1.5,-19.0,stop_loss
2024-05-27,2024-05-27 15:20:00-03:00,2024-05-28 06:00:00-03:00,short,5173.5,5166.5,7.0,66.0,target_gap_open
2024-05-28,2024-05-28 14:05:00-03:00,2024-05-28 14:10:00-03:00,short,5156.5,5159.0,-2.5,-29.0,stop_loss
2024-05-28,2024-05-28 14:15:00-03:00,2024-05-28 14:25:00-03:00,short,5159.5,5162.0,-2.5,-29.0,stop_loss
2024-05-28,2024-05-28 14:30:00-03:00,2024-05-28 15:05:00-03:00,short,5162.0,5164.5,-2.5,-29.0,stop_loss
2024-05-28,2024-05-28 15:10:00-03:00,2024-05-29 06:00:00-03:00,short,5167.5,5176.5,-9.0,-94.0,stop_gap_open
2024-05-29,2024-05-29 14:05:00-03:00,2024-05-29 14:45:00-03:00,short,5208.5,5207.5,1.0,6.0,max_hold
2024-05-29,2024-05-29 14:50:00-03:00,2024-05-31 06:00:00-03:00,short,5207.0,5212.0,-5.0,-54.0,stop_gap_open
2024-05-31,2024-05-31 14:05:00-03:00,2024-05-31 14:45:00-03:00,short,5264.0,5259.5,4.5,41.0,max_hold
2024-05-31,2024-05-31 14:50:00-03:00,2024-05-31 15:05:00-03:00,short,5259.0,5262.0,-3.0,-34.0,stop_loss
2024-05-31,2024-05-31 15:10:00-03:00,2024-05-31 15:15:00-03:00,short,5262.5,5265.5,-3.0,-34.0,stop_gap_open
2024-05-31,2024-05-31 15:20:00-03:00,2024-06-03 06:00:00-03:00,short,5267.0,5270.0,-3.0,-34.0,stop_loss
2024-06-03,2024-06-03 14:10:00-03:00,2024-06-03 14:35:00-03:00,long,5247.0,5253.5,6.5,61.0,vwap_revert
2024-06-03,2024-06-03 15:25:00-03:00,2024-06-04 06:00:00-03:00,short,5263.5,5273.0,-9.5,-99.0,stop_gap_open
2024-06-04,2024-06-04 14:05:00-03:00,2024-06-04 14:45:00-03:00,short,5298.5,5301.5,-3.0,-34.0,stop_loss
2024-06-04,2024-06-04 14:50:00-03:00,2024-06-05 06:00:00-03:00,short,5301.0,5284.5,16.5,161.0,target_gap_open
2024-06-05,2024-06-05 14:05:00-03:00,2024-06-05 14:10:00-03:00,short,5310.0,5312.5,-2.5,-29.0,stop_loss
2024-06-05,2024-06-05 14:15:00-03:00,2024-06-05 14:55:00-03:00,short,5313.5,5309.0,4.5,41.0,max_hold
2024-06-05,2024-06-05 15:00:00-03:00,2024-06-05 15:05:00-03:00,short,5308.5,5311.0,-2.5,-29.0,stop_loss
2024-06-05,2024-06-05 15:10:00-03:00,2024-06-05 15:15:00-03:00,short,5310.5,5313.0,-2.5,-29.0,stop_loss
2024-06-05,2024-06-05 15:20:00-03:00,2024-06-06 06:00:00-03:00,short,5314.0,5316.5,-2.5,-29.0,stop_loss
2024-06-06,2024-06-06 14:05:00-03:00,2024-06-06 14:45:00-03:00,long,5262.5,5268.5,6.0,56.0,max_hold
2024-06-06,2024-06-06 14:50:00-03:00,2024-06-07 06:00:00-03:00,long,5268.0,5265.0,-3.0,-34.0,stop_loss
2024-06-07,2024-06-07 14:05:00-03:00,2024-06-07 14:10:00-03:00,short,5334.5,5340.0,-5.5,-59.0,stop_loss
2024-06-07,2024-06-07 14:15:00-03:00,2024-06-07 14:20:00-03:00,short,5345.0,5350.5,-5.5,-59.0,stop_loss
2024-06-07,2024-06-07 14:25:00-03:00,2024-06-07 14:30:00-03:00,short,5329.0,5337.5,-8.5,-89.0,stop_gap_open
2024-06-07,2024-06-07 14:35:00-03:00,2024-06-07 14:40:00-03:00,short,5340.0,5347.5,-7.5,-79.0,stop_loss
2024-06-07,2024-06-07 14:45:00-03:00,2024-06-07 14:50:00-03:00,short,5350.0,5358.0,-8.0,-84.0,stop_gap_open
2024-06-07,2024-06-07 14:55:00-03:00,2024-06-07 15:15:00-03:00,short,5359.0,5366.5,-7.5,-79.0,stop_loss
2024-06-07,2024-06-07 15:20:00-03:00,2024-06-10 06:30:00-03:00,short,5364.5,5345.5,19.0,186.0,max_hold
2024-07-29,2024-07-29 14:05:00-03:00,2024-07-29 14:10:00-03:00,long,5627.5,5624.5,-3.0,-34.0,stop_loss
2024-07-29,2024-07-29 14:15:00-03:00,2024-07-29 14:20:00-03:00,long,5626.5,5623.5,-3.0,-34.0,stop_loss
2024-07-29,2024-07-29 14:25:00-03:00,2024-07-29 14:45:00-03:00,long,5623.5,5620.5,-3.0,-34.0,stop_loss
2024-07-29,2024-07-29 14:50:00-03:00,2024-07-29 14:55:00-03:00,long,5620.0,5617.0,-3.0,-34.0,stop_loss
2024-07-29,2024-07-29 15:00:00-03:00,2024-07-29 15:15:00-03:00,long,5619.5,5616.5,-3.0,-34.0,stop_loss
2024-07-29,2024-07-29 15:20:00-03:00,2024-07-29 15:25:00-03:00,long,5618.0,5615.0,-3.0,-34.0,stop_loss
2024-07-29,2024-07-30 06:00:00-03:00,2024-07-30 06:40:00-03:00,long,5617.0,5645.0,28.0,276.0,max_hold
2024-07-30,2024-07-30 14:05:00-03:00,2024-07-30 14:45:00-03:00,long,5618.0,5617.5,-0.5,-9.0,max_hold
2024-07-30,2024-07-30 14:50:00-03:00,2024-07-30 14:55:00-03:00,long,5617.0,5614.0,-3.0,-34.0,stop_loss
2024-07-30,2024-07-30 15:00:00-03:00,2024-07-30 15:20:00-03:00,long,5614.5,5611.5,-3.0,-34.0,stop_loss
2024-07-30,2024-07-30 15:25:00-03:00,2024-07-31 06:05:00-03:00,long,5612.0,5641.5,29.5,291.0,vwap_revert
2024-08-01,2024-08-01 14:05:00-03:00,2024-08-01 14:10:00-03:00,short,5754.5,5761.0,-6.5,-69.0,stop_gap_open
2024-08-01,2024-08-01 14:15:00-03:00,2024-08-01 14:25:00-03:00,short,5764.5,5769.5,-5.0,-54.0,stop_loss
2024-08-01,2024-08-01 14:30:00-03:00,2024-08-01 15:10:00-03:00,short,5768.0,5770.5,-2.5,-29.0,max_hold
2024-08-01,2024-08-01 15:15:00-03:00,2024-08-02 06:00:00-03:00,short,5770.0,5778.0,-8.0,-84.0,stop_gap_open
2024-08-16,2024-08-16 14:05:00-03:00,2024-08-16 14:25:00-03:00,short,5477.0,5480.5,-3.5,-39.0,stop_loss
2024-08-16,2024-08-16 14:30:00-03:00,2024-08-16 14:50:00-03:00,short,5481.5,5485.0,-3.5,-39.0,stop_loss
2024-08-16,2024-08-16 14:55:00-03:00,2024-08-19 06:00:00-03:00,short,5485.0,5473.5,11.5,111.0,vwap_revert
2024-08-19,2024-08-19 14:05:00-03:00,2024-08-19 14:45:00-03:00,long,5419.0,5420.0,1.0,6.0,max_hold
2024-08-19,2024-08-19 14:50:00-03:00,2024-08-19 15:00:00-03:00,long,5420.5,5417.0,-3.5,-39.0,stop_loss
2024-08-19,2024-08-19 15:05:00-03:00,2024-08-19 15:10:00-03:00,long,5419.0,5415.5,-3.5,-39.0,stop_loss
2024-08-19,2024-08-19 15:15:00-03:00,2024-08-19 15:25:00-03:00,long,5416.5,5413.0,-3.5,-39.0,stop_loss
2024-08-20,2024-08-20 14:05:00-03:00,2024-08-20 14:45:00-03:00,short,5490.5,5484.0,6.5,61.0,max_hold
2024-08-20,2024-08-20 14:50:00-03:00,2024-08-20 15:00:00-03:00,short,5483.5,5487.5,-4.0,-44.0,stop_loss
2024-08-20,2024-08-20 15:05:00-03:00,2024-08-21 06:00:00-03:00,short,5489.0,5468.0,21.0,206.0,vwap_revert
2024-08-22,2024-08-22 14:05:00-03:00,2024-08-22 14:10:00-03:00,short,5588.0,5594.5,-6.5,-69.0,stop_loss
2024-08-22,2024-08-22 14:15:00-03:00,2024-08-22 14:55:00-03:00,short,5591.5,5592.0,-0.5,-9.0,max_hold
2024-08-22,2024-08-22 15:00:00-03:00,2024-08-22 15:05:00-03:00,short,5591.0,5596.5,-5.5,-59.0,stop_loss
2024-08-22,2024-08-22 15:10:00-03:00,2024-08-22 15:25:00-03:00,short,5596.0,5601.0,-5.0,-54.0,stop_loss
2024-08-22,2024-08-23 06:00:00-03:00,2024-08-23 06:40:00-03:00,short,5589.0,5583.0,6.0,56.0,max_hold
2024-08-28,2024-08-28 14:05:00-03:00,2024-08-28 14:10:00-03:00,short,5556.0,5561.5,-5.5,-59.0,stop_loss
2024-08-28,2024-08-28 14:15:00-03:00,2024-08-28 14:20:00-03:00,short,5559.0,5564.0,-5.0,-54.0,stop_loss
2024-08-28,2024-08-28 14:25:00-03:00,2024-08-28 14:45:00-03:00,short,5561.0,5566.5,-5.5,-59.0,stop_loss
2024-08-28,2024-08-28 14:50:00-03:00,2024-08-28 14:55:00-03:00,short,5566.5,5572.0,-5.5,-59.0,stop_loss
2024-08-28,2024-08-28 15:00:00-03:00,2024-08-29 06:00:00-03:00,short,5567.0,5572.5,-5.5,-59.0,stop_loss
2024-08-29,2024-08-29 14:15:00-03:00,2024-08-29 14:55:00-03:00,short,5633.0,5629.0,4.0,36.0,max_hold
2024-08-29,2024-08-29 15:00:00-03:00,2024-08-29 15:15:00-03:00,short,5628.5,5633.0,-4.5,-49.0,stop_loss
2024-08-29,2024-08-29 15:20:00-03:00,2024-08-30 06:00:00-03:00,short,5633.0,5596.0,37.0,366.0,target_gap_open
2024-08-30,2024-08-30 14:15:00-03:00,2024-08-30 14:20:00-03:00,long,5646.5,5618.0,-28.5,-289.0,stop_gap_open
2024-08-30,2024-08-30 14:25:00-03:00,2024-08-30 15:05:00-03:00,long,5618.0,5624.5,6.5,61.0,max_hold
2024-08-30,2024-08-30 15:10:00-03:00,2024-09-02 06:00:00-03:00,long,5624.5,5659.0,34.5,341.0,vwap_revert
2024-09-05,2024-09-05 14:05:00-03:00,2024-09-05 14:45:00-03:00,long,5591.5,5591.5,0.0,-4.0,max_hold
2024-09-05,2024-09-05 14:50:00-03:00,2024-09-05 14:55:00-03:00,long,5591.5,5588.0,-3.5,-39.0,stop_loss
2024-09-05,2024-09-05 15:00:00-03:00,2024-09-05 15:05:00-03:00,long,5590.5,5587.0,-3.5,-39.0,stop_loss
2024-09-05,2024-09-05 15:10:00-03:00,2024-09-05 15:25:00-03:00,long,5586.5,5583.0,-3.5,-39.0,stop_loss
2024-09-05,2024-09-06 06:00:00-03:00,2024-09-06 06:05:00-03:00,long,5592.5,5589.0,-3.5,-39.0,stop_loss
2024-09-06,2024-09-06 14:05:00-03:00,2024-09-06 14:10:00-03:00,short,5603.0,5607.0,-4.0,-44.0,stop_loss
2024-09-06,2024-09-06 14:15:00-03:00,2024-09-06 14:55:00-03:00,short,5610.0,5614.0,-4.0,-44.0,stop_loss
2024-09-06,2024-09-06 15:00:00-03:00,2024-09-09 06:00:00-03:00,short,5614.0,5617.5,-3.5,-39.0,stop_loss
2024-09-09,2024-09-09 14:05:00-03:00,2024-09-09 14:45:00-03:00,long,5595.5,5596.0,0.5,1.0,max_hold
2024-09-09,2024-09-09 14:50:00-03:00,2024-09-10 06:00:00-03:00,long,5595.5,5588.5,-7.0,-74.0,stop_gap_open
2024-09-10,2024-09-10 14:05:00-03:00,2024-09-10 14:25:00-03:00,short,5668.0,5672.0,-4.0,-44.0,stop_loss
2024-09-10,2024-09-10 14:30:00-03:00,2024-09-10 15:10:00-03:00,short,5671.5,5675.5,-4.0,-44.0,stop_loss
2024-09-10,2024-09-10 15:15:00-03:00,2024-09-10 15:25:00-03:00,short,5678.0,5681.5,-3.5,-39.0,stop_loss
2024-09-10,2024-09-11 06:00:00-03:00,2024-09-11 06:05:00-03:00,short,5647.0,5654.5,-7.5,-79.0,stop_gap_open
2024-09-13,2024-09-13 14:05:00-03:00,2024-09-13 14:10:00-03:00,long,5579.5,5576.0,-3.5,-39.0,stop_loss
2024-09-13,2024-09-13 14:15:00-03:00,2024-09-13 14:55:00-03:00,long,5577.0,5575.5,-1.5,-19.0,max_hold
2024-09-13,2024-09-13 15:00:00-03:00,2024-09-13 15:10:00-03:00,long,5575.0,5572.0,-3.0,-34.0,stop_loss
2024-09-13,2024-09-13 15:15:00-03:00,2024-09-16 06:00:00-03:00,long,5574.0,5571.0,-3.0,-34.0,stop_loss
2024-09-16,2024-09-16 14:05:00-03:00,2024-09-16 14:45:00-03:00,long,5518.0,5517.5,-0.5,-9.0,max_hold
2024-09-16,2024-09-16 14:50:00-03:00,2024-09-16 15:25:00-03:00,long,5517.5,5514.5,-3.0,-34.0,stop_loss
2024-09-16,2024-09-17 06:00:00-03:00,2024-09-17 06:05:00-03:00,long,5519.0,5511.5,-7.5,-79.0,stop_gap_open
2024-09-17,2024-09-17 14:05:00-03:00,2024-09-17 14:15:00-03:00,long,5495.5,5491.5,-4.0,-44.0,stop_loss
2024-09-17,2024-09-17 14:20:00-03:00,2024-09-17 15:00:00-03:00,long,5492.5,5488.5,-4.0,-44.0,stop_loss
2024-09-17,2024-09-17 15:05:00-03:00,2024-09-17 15:20:00-03:00,long,5489.0,5486.0,-3.0,-34.0,stop_loss
2024-09-17,2024-09-17 15:25:00-03:00,2024-09-18 06:00:00-03:00,long,5489.0,5483.0,-6.0,-64.0,stop_gap_open
2024-09-18,2024-09-18 14:30:00-03:00,2024-09-18 15:10:00-03:00,long,5453.5,5469.5,16.0,156.0,max_hold
2024-09-19,2024-09-19 14:05:00-03:00,2024-09-19 14:10:00-03:00,short,5432.5,5436.0,-3.5,-39.0,stop_gap_open
2024-09-19,2024-09-19 14:15:00-03:00,2024-09-19 14:55:00-03:00,short,5434.5,5432.0,2.5,21.0,max_hold
2024-09-19,2024-09-19 15:00:00-03:00,2024-09-20 06:00:00-03:00,short,5432.0,5439.5,-7.5,-79.0,stop_gap_open
2024-09-20,2024-09-20 14:05:00-03:00,2024-09-20 14:45:00-03:00,short,5525.5,5517.5,8.0,76.0,max_hold
2024-09-20,2024-09-20 14:50:00-03:00,2024-09-20 15:05:00-03:00,short,5517.0,5520.5,-3.5,-39.0,stop_loss
2024-09-20,2024-09-20 15:10:00-03:00,2024-09-20 15:20:00-03:00,short,5520.0,5523.5,-3.5,-39.0,stop_loss
2024-09-20,2024-09-20 15:25:00-03:00,2024-09-23 06:00:00-03:00,short,5518.0,5573.0,-55.0,-554.0,stop_gap_open
2024-09-27,2024-09-27 14:05:00-03:00,2024-09-27 14:30:00-03:00,long,5434.0,5431.0,-3.0,-34.0,stop_loss
2024-09-30,2024-09-30 14:10:00-03:00,2024-09-30 14:15:00-03:00,short,5469.5,5463.0,6.5,61.0,vwap_revert
2024-09-30,2024-09-30 14:40:00-03:00,2024-09-30 15:20:00-03:00,short,5469.0,5472.5,-3.5,-39.0,max_hold
2024-09-30,2024-09-30 15:25:00-03:00,2024-10-01 06:00:00-03:00,short,5472.0,5497.0,-25.0,-254.0,stop_gap_open
2024-10-01,2024-10-01 14:05:00-03:00,2024-10-01 14:25:00-03:00,short,5481.5,5485.5,-4.0,-44.0,stop_loss
2024-10-01,2024-10-01 14:30:00-03:00,2024-10-01 14:40:00-03:00,short,5484.5,5475.0,9.5,91.0,vwap_revert
2024-10-01,2024-10-02 06:00:00-03:00,2024-10-02 06:05:00-03:00,long,5435.0,5428.0,-7.0,-74.0,stop_gap_open
2024-10-02,2024-10-02 14:05:00-03:00,2024-10-02 14:45:00-03:00,short,5462.0,5459.0,3.0,26.0,max_hold
2024-10-02,2024-10-02 14:50:00-03:00,2024-10-02 15:05:00-03:00,short,5459.0,5462.0,-3.0,-34.0,stop_loss
2024-10-02,2024-10-02 15:10:00-03:00,2024-10-03 06:00:00-03:00,short,5459.0,5472.5,-13.5,-139.0,stop_gap_open
2024-10-03,2024-10-03 14:05:00-03:00,2024-10-03 14:25:00-03:00,long,5495.0,5491.5,-3.5,-39.0,stop_loss
2024-10-03,2024-10-03 14:30:00-03:00,2024-10-03 15:10:00-03:00,long,5493.5,5493.0,-0.5,-9.0,max_hold
2024-10-03,2024-10-03 15:15:00-03:00,2024-10-04 06:00:00-03:00,long,5493.0,5490.0,-3.0,-34.0,stop_gap_open
2024-10-04,2024-10-04 14:05:00-03:00,2024-10-04 14:45:00-03:00,long,5475.5,5476.0,0.5,1.0,max_hold
2024-10-04,2024-10-04 14:50:00-03:00,2024-10-04 14:55:00-03:00,long,5476.0,5473.5,-2.5,-29.0,stop_loss
2024-10-04,2024-10-04 15:00:00-03:00,2024-10-04 15:25:00-03:00,long,5473.5,5471.0,-2.5,-29.0,stop_loss
2024-10-04,2024-10-07 06:00:00-03:00,2024-10-07 06:05:00-03:00,long,5486.0,5472.0,-14.0,-144.0,stop_gap_open
2024-10-07,2024-10-07 14:05:00-03:00,2024-10-07 14:25:00-03:00,short,5503.5,5507.0,-3.5,-39.0,stop_loss
2024-10-07,2024-10-07 14:30:00-03:00,2024-10-07 15:00:00-03:00,short,5506.5,5509.5,-3.0,-34.0,stop_loss
2024-10-07,2024-10-07 15:05:00-03:00,2024-10-07 15:20:00-03:00,short,5508.5,5511.5,-3.0,-34.0,stop_loss
2024-10-07,2024-10-07 15:25:00-03:00,2024-10-08 06:00:00-03:00,short,5510.5,5521.0,-10.5,-109.0,stop_gap_open
2024-10-08,2024-10-08 14:05:00-03:00,2024-10-08 14:10:00-03:00,short,5546.0,5549.5,-3.5,-39.0,stop_gap_open
2024-10-08,2024-10-08 14:15:00-03:00,2024-10-08 14:55:00-03:00,short,5553.5,5551.0,2.5,21.0,max_hold
2024-10-08,2024-10-08 15:00:00-03:00,2024-10-08 15:05:00-03:00,short,5550.5,5553.5,-3.0,-34.0,stop_loss
2024-10-08,2024-10-08 15:10:00-03:00,2024-10-08 15:15:00-03:00,short,5553.0,5556.0,-3.0,-34.0,stop_loss
2024-10-08,2024-10-08 15:20:00-03:00,2024-10-08 15:25:00-03:00,short,5554.5,5557.0,-2.5,-29.0,stop_loss
2024-10-08,2024-10-09 06:00:00-03:00,2024-10-09 06:05:00-03:00,short,5548.0,5557.5,-9.5,-99.0,stop_gap_open
2024-10-09,2024-10-09 14:05:00-03:00,2024-10-09 14:10:00-03:00,short,5601.5,5604.5,-3.0,-34.0,stop_loss
2024-10-09,2024-10-09 14:15:00-03:00,2024-10-09 14:45:00-03:00,short,5603.0,5606.0,-3.0,-34.0,stop_loss
2024-10-09,2024-10-09 14:50:00-03:00,2024-10-09 14:55:00-03:00,short,5606.0,5609.0,-3.0,-34.0,stop_loss
2024-10-09,2024-10-09 15:00:00-03:00,2024-10-09 15:15:00-03:00,short,5609.0,5612.0,-3.0,-34.0,stop_loss
2024-10-09,2024-10-09 15:20:00-03:00,2024-10-10 06:30:00-03:00,short,5612.5,5587.0,25.5,251.0,vwap_revert
2024-10-10,2024-10-10 14:10:00-03:00,2024-10-10 14:15:00-03:00,short,5603.0,5598.0,5.0,46.0,vwap_revert
2024-10-11,2024-10-11 15:15:00-03:00,2024-10-11 15:20:00-03:00,long,5623.0,5617.5,-5.5,-59.0,stop_gap_open
2024-10-11,2024-10-11 15:25:00-03:00,2024-10-14 06:00:00-03:00,long,5620.5,5627.5,7.0,66.0,vwap_revert
2024-10-14,2024-10-14 14:05:00-03:00,2024-10-14 14:45:00-03:00,long,5595.5,5606.5,11.0,106.0,max_hold
2024-10-14,2024-10-14 14:50:00-03:00,2024-10-14 15:25:00-03:00,long,5606.0,5601.5,-4.5,-49.0,stop_loss
2024-10-14,2024-10-15 06:00:00-03:00,2024-10-15 06:05:00-03:00,long,5602.5,5598.0,-4.5,-49.0,stop_loss
2024-10-15,2024-10-15 14:05:00-03:00,2024-10-15 14:45:00-03:00,short,5661.5,5662.0,-0.5,-9.0,max_hold
2024-10-15,2024-10-15 14:50:00-03:00,2024-10-15 15:00:00-03:00,short,5662.0,5666.5,-4.5,-49.0,stop_loss
2024-10-15,2024-10-15 15:05:00-03:00,2024-10-16 06:10:00-03:00,short,5667.0,5644.5,22.5,221.0,vwap_revert
2024-10-16,2024-10-16 14:05:00-03:00,2024-10-16 14:40:00-03:00,long,5671.5,5677.0,5.5,51.0,vwap_revert
2024-10-17,2024-10-17 14:05:00-03:00,2024-10-17 14:10:00-03:00,long,5669.0,5665.5,-3.5,-39.0,stop_gap_open
2024-10-17,2024-10-17 14:15:00-03:00,2024-10-17 14:40:00-03:00,long,5665.5,5662.0,-3.5,-39.0,stop_loss
2024-10-17,2024-10-17 14:45:00-03:00,2024-10-17 15:25:00-03:00,long,5662.0,5660.5,-1.5,-19.0,max_hold
2024-10-17,2024-10-18 06:00:00-03:00,2024-10-18 06:40:00-03:00,long,5644.5,5650.0,5.5,51.0,max_hold
2024-10-18,2024-10-18 14:05:00-03:00,2024-10-18 14:45:00-03:00,short,5706.0,5702.0,4.0,36.0,max_hold
2024-10-18,2024-10-18 14:50:00-03:00,2024-10-18 15:20:00-03:00,short,5702.0,5706.0,-4.0,-44.0,stop_loss
2024-10-18,2024-10-18 15:25:00-03:00,2024-10-21 06:00:00-03:00,short,5705.0,5711.0,-6.0,-64.0,stop_gap_open
2024-10-21,2024-10-21 14:05:00-03:00,2024-10-21 14:45:00-03:00,long,5695.5,5702.0,6.5,61.0,max_hold
2024-10-21,2024-10-21 14:50:00-03:00,2024-10-21 15:15:00-03:00,long,5702.0,5698.5,-3.5,-39.0,stop_loss
2024-10-21,2024-10-21 15:20:00-03:00,2024-10-22 06:00:00-03:00,long,5695.5,5691.5,-4.0,-44.0,stop_gap_open
2024-10-22,2024-10-22 14:35:00-03:00,2024-10-22 15:15:00-03:00,long,5696.0,5697.0,1.0,6.0,max_hold
2024-10-22,2024-10-22 15:20:00-03:00,2024-10-23 06:00:00-03:00,long,5696.5,5722.0,25.5,251.0,target_gap_open
2024-10-23,2024-10-23 14:05:00-03:00,2024-10-23 14:35:00-03:00,long,5697.0,5693.0,-4.0,-44.0,stop_loss
2024-10-23,2024-10-23 14:40:00-03:00,2024-10-23 15:20:00-03:00,long,5693.5,5690.0,-3.5,-39.0,stop_loss
2024-10-23,2024-10-23 15:25:00-03:00,2024-10-24 06:00:00-03:00,long,5691.0,5688.5,-2.5,-29.0,stop_gap_open
2024-10-24,2024-10-24 14:05:00-03:00,2024-10-24 14:45:00-03:00,long,5666.5,5669.0,2.5,21.0,max_hold
2024-10-24,2024-10-24 14:50:00-03:00,2024-10-25 06:00:00-03:00,long,5669.0,5682.5,13.5,131.0,max_hold
2024-10-25,2024-10-25 14:05:00-03:00,2024-10-25 14:20:00-03:00,short,5708.0,5711.0,-3.0,-34.0,stop_loss
2024-10-25,2024-10-25 14:25:00-03:00,2024-10-25 15:05:00-03:00,short,5710.5,5712.5,-2.0,-24.0,max_hold
2024-10-25,2024-10-25 15:10:00-03:00,2024-10-25 15:15:00-03:00,short,5713.0,5715.5,-2.5,-29.0,stop_loss
2024-10-25,2024-10-25 15:20:00-03:00,2024-10-25 15:25:00-03:00,short,5715.0,5718.0,-3.0,-34.0,stop_loss
2024-10-25,2024-10-28 06:00:00-03:00,2024-10-28 06:05:00-03:00,short,5705.0,5708.5,-3.5,-39.0,stop_loss
2024-10-28,2024-10-28 14:05:00-03:00,2024-10-28 14:10:00-03:00,short,5711.0,5714.0,-3.0,-34.0,stop_loss
2024-10-28,2024-10-28 14:15:00-03:00,2024-10-28 14:55:00-03:00,short,5710.0,5711.5,-1.5,-19.0,max_hold
2024-10-28,2024-10-28 15:00:00-03:00,2024-10-28 15:15:00-03:00,short,5711.5,5714.5,-3.0,-34.0,stop_loss
2024-10-28,2024-10-28 15:20:00-03:00,2024-10-29 06:00:00-03:00,short,5712.5,5715.5,-3.0,-34.0,stop_loss
2024-10-29,2024-10-29 14:05:00-03:00,2024-10-29 14:45:00-03:00,short,5761.5,5764.0,-2.5,-29.0,max_hold
2024-10-29,2024-10-29 14:50:00-03:00,2024-10-30 06:00:00-03:00,short,5764.0,5768.5,-4.5,-49.0,stop_loss
2024-10-30,2024-10-30 14:05:00-03:00,2024-10-30 14:45:00-03:00,long,5763.5,5764.0,0.5,1.0,max_hold
2024-10-30,2024-10-30 14:50:00-03:00,2024-10-31 06:00:00-03:00,long,5764.0,5783.0,19.0,186.0,target_gap_open
2024-10-31,2024-10-31 14:05:00-03:00,2024-10-31 14:10:00-03:00,short,5799.5,5802.5,-3.0,-34.0,stop_loss
2024-10-31,2024-10-31 14:15:00-03:00,2024-10-31 14:55:00-03:00,short,5808.0,5807.0,1.0,6.0,max_hold
2024-10-31,2024-10-31 15:00:00-03:00,2024-10-31 15:10:00-03:00,short,5807.0,5810.5,-3.5,-39.0,stop_loss
2024-10-31,2024-10-31 15:15:00-03:00,2024-11-01 06:00:00-03:00,short,5810.0,5813.5,-3.5,-39.0,stop_loss
2024-11-01,2024-11-01 14:05:00-03:00,2024-11-01 14:45:00-03:00,short,5887.5,5889.0,-1.5,-19.0,max_hold
2024-11-01,2024-11-01 14:50:00-03:00,2024-11-01 15:10:00-03:00,short,5888.5,5892.5,-4.0,-44.0,stop_loss
2024-11-01,2024-11-01 15:15:00-03:00,2024-11-04 06:20:00-03:00,short,5900.5,5835.0,65.5,651.0,vwap_revert
2024-11-04,2024-11-04 14:50:00-03:00,2024-11-04 15:20:00-03:00,long,5800.0,5809.0,9.0,86.0,vwap_revert
2024-11-26,2024-11-26 14:05:00-03:00,2024-11-26 14:20:00-03:00,short,5809.0,5813.0,-4.0,-44.0,stop_loss
2024-11-26,2024-11-26 14:25:00-03:00,2024-11-26 15:05:00-03:00,short,5826.0,5807.0,19.0,186.0,max_hold
2024-11-27,2024-11-27 14:05:00-03:00,2024-11-27 14:35:00-03:00,short,5914.5,5923.5,-9.0,-94.0,stop_loss
2024-11-27,2024-11-27 14:40:00-03:00,2024-11-27 14:45:00-03:00,short,5932.0,5941.0,-9.0,-94.0,stop_loss
2024-11-27,2024-11-27 14:50:00-03:00,2024-11-27 15:10:00-03:00,short,5934.5,5943.5,-9.0,-94.0,stop_loss
2024-11-27,2024-11-27 15:15:00-03:00,2024-11-27 15:20:00-03:00,short,5945.0,5954.0,-9.0,-94.0,stop_loss
2024-11-27,2024-11-27 15:25:00-03:00,2024-11-28 06:00:00-03:00,short,5957.5,5977.5,-20.0,-204.0,stop_gap_open
2025-01-08,2025-01-08 14:05:00-03:00,2025-01-08 14:45:00-03:00,long,6135.0,6130.5,-4.5,-49.0,stop_loss
2025-01-08,2025-01-08 14:50:00-03:00,2025-01-08 15:20:00-03:00,long,6131.0,6127.5,-3.5,-39.0,stop_loss
2025-01-08,2025-01-08 15:25:00-03:00,2025-01-09 06:10:00-03:00,long,6130.5,6126.5,-4.0,-44.0,stop_loss
2025-01-09,2025-01-09 14:05:00-03:00,2025-01-09 14:10:00-03:00,long,6067.0,6062.0,-5.0,-54.0,stop_loss
2025-01-09,2025-01-09 14:15:00-03:00,2025-01-09 14:55:00-03:00,long,6061.5,6061.5,0.0,-4.0,max_hold
2025-01-09,2025-01-09 15:00:00-03:00,2025-01-09 15:15:00-03:00,long,6061.0,6057.0,-4.0,-44.0,stop_loss
2025-01-09,2025-01-09 15:20:00-03:00,2025-01-10 06:00:00-03:00,long,6059.5,6055.5,-4.0,-44.0,stop_loss
2025-01-10,2025-01-10 14:05:00-03:00,2025-01-10 14:20:00-03:00,short,6125.0,6129.5,-4.5,-49.0,stop_loss
2025-01-10,2025-01-10 14:25:00-03:00,2025-01-10 14:55:00-03:00,short,6129.5,6133.5,-4.0,-44.0,stop_loss
2025-01-10,2025-01-10 15:00:00-03:00,2025-01-13 06:00:00-03:00,short,6133.5,6149.5,-16.0,-164.0,stop_gap_open
2025-01-13,2025-01-13 14:05:00-03:00,2025-01-13 14:30:00-03:00,long,6119.5,6115.0,-4.5,-49.0,stop_loss
2025-01-13,2025-01-13 14:35:00-03:00,2025-01-13 15:15:00-03:00,long,6115.5,6116.0,0.5,1.0,max_hold
2025-01-13,2025-01-13 15:20:00-03:00,2025-01-14 06:00:00-03:00,long,6116.5,6113.0,-3.5,-39.0,stop_loss
2025-01-14,2025-01-14 14:05:00-03:00,2025-01-14 14:45:00-03:00,long,6065.5,6076.0,10.5,101.0,max_hold
2025-01-14,2025-01-14 14:50:00-03:00,2025-01-15 06:00:00-03:00,long,6076.0,6065.0,-11.0,-114.0,stop_gap_open
2025-01-15,2025-01-15 14:05:00-03:00,2025-01-15 14:10:00-03:00,long,6041.5,6037.0,-4.5,-49.0,stop_loss
2025-01-15,2025-01-15 14:15:00-03:00,2025-01-15 14:35:00-03:00,long,6037.5,6033.0,-4.5,-49.0,stop_loss
2025-01-15,2025-01-15 14:40:00-03:00,2025-01-15 14:45:00-03:00,long,6032.0,6027.5,-4.5,-49.0,stop_loss
2025-01-15,2025-01-15 14:50:00-03:00,2025-01-15 15:00:00-03:00,long,6029.5,6025.0,-4.5,-49.0,stop_loss
2025-01-15,2025-01-15 15:05:00-03:00,2025-01-15 15:10:00-03:00,long,6027.0,6022.5,-4.5,-49.0,stop_loss
2025-01-15,2025-01-15 15:15:00-03:00,2025-01-16 06:15:00-03:00,long,6027.0,6022.5,-4.5,-49.0,stop_loss
2025-01-16,2025-01-16 14:05:00-03:00,2025-01-16 14:10:00-03:00,short,6070.0,6074.0,-4.0,-44.0,stop_loss
2025-01-16,2025-01-16 14:15:00-03:00,2025-01-16 14:55:00-03:00,short,6072.0,6071.0,1.0,6.0,max_hold
2025-01-16,2025-01-16 15:00:00-03:00,2025-01-17 06:05:00-03:00,short,6071.0,6048.0,23.0,226.0,vwap_revert
2025-01-17,2025-01-17 14:05:00-03:00,2025-01-17 14:15:00-03:00,short,6081.5,6085.5,-4.0,-44.0,stop_loss
2025-01-17,2025-01-17 14:20:00-03:00,2025-01-17 14:25:00-03:00,short,6084.5,6088.5,-4.0,-44.0,stop_loss
2025-01-17,2025-01-17 14:30:00-03:00,2025-01-17 14:55:00-03:00,short,6087.5,6092.0,-4.5,-49.0,stop_loss
2025-01-17,2025-01-17 15:00:00-03:00,2025-01-20 06:05:00-03:00,short,6092.0,6070.5,21.5,211.0,vwap_revert
2025-01-20,2025-01-20 14:05:00-03:00,2025-01-20 14:30:00-03:00,long,6054.0,6049.0,-5.0,-54.0,stop_loss
2025-01-20,2025-01-20 14:35:00-03:00,2025-01-20 14:50:00-03:00,long,6047.0,6042.5,-4.5,-49.0,stop_loss
2025-01-20,2025-01-20 14:55:00-03:00,2025-01-20 15:20:00-03:00,long,6045.0,6040.5,-4.5,-49.0,stop_loss
2025-01-20,2025-01-20 15:25:00-03:00,2025-01-21 06:00:00-03:00,long,6041.0,6067.5,26.5,261.0,vwap_revert
2025-01-21,2025-01-21 14:05:00-03:00,2025-01-21 14:15:00-03:00,long,6040.5,6036.0,-4.5,-49.0,stop_loss
2025-01-21,2025-01-21 14:20:00-03:00,2025-01-21 14:35:00-03:00,long,6036.0,6032.0,-4.0,-44.0,stop_loss
2025-01-21,2025-01-21 14:40:00-03:00,2025-01-21 15:20:00-03:00,long,6033.5,6033.5,0.0,-4.0,max_hold
2025-01-21,2025-01-21 15:25:00-03:00,2025-01-22 06:00:00-03:00,long,6033.5,6023.0,-10.5,-109.0,stop_gap_open
2025-01-22,2025-01-22 14:05:00-03:00,2025-01-22 14:10:00-03:00,long,5954.0,5949.5,-4.5,-49.0,stop_loss
2025-01-22,2025-01-22 14:15:00-03:00,2025-01-22 14:55:00-03:00,long,5951.5,5951.5,0.0,-4.0,max_hold
2025-01-22,2025-01-22 15:00:00-03:00,2025-01-23 06:00:00-03:00,long,5952.0,5948.5,-3.5,-39.0,stop_loss
2025-01-23,2025-01-23 14:15:00-03:00,2025-01-23 14:30:00-03:00,long,5932.5,5940.5,8.0,76.0,vwap_revert
2025-01-23,2025-01-23 14:50:00-03:00,2025-01-24 06:00:00-03:00,long,5927.0,5912.0,-15.0,-154.0,stop_gap_open
2025-01-24,2025-01-24 14:05:00-03:00,2025-01-24 14:45:00-03:00,short,5925.0,5921.5,3.5,31.0,max_hold
2025-01-24,2025-01-24 14:50:00-03:00,2025-01-24 15:00:00-03:00,short,5921.5,5925.5,-4.0,-44.0,stop_loss
2025-01-24,2025-01-24 15:05:00-03:00,2025-01-27 06:00:00-03:00,short,5925.0,5950.5,-25.5,-259.0,stop_gap_open
2025-01-27,2025-01-27 14:05:00-03:00,2025-01-27 14:10:00-03:00,long,5918.5,5914.5,-4.0,-44.0,stop_loss
2025-01-27,2025-01-27 14:15:00-03:00,2025-01-27 14:20:00-03:00,long,5905.5,5901.0,-4.5,-49.0,stop_loss
2025-01-27,2025-01-27 14:25:00-03:00,2025-01-27 15:05:00-03:00,long,5903.5,5905.0,1.5,11.0,max_hold
2025-01-27,2025-01-27 15:10:00-03:00,2025-01-27 15:25:00-03:00,long,5904.5,5899.5,-5.0,-54.0,stop_loss
2025-01-27,2025-01-28 06:00:00-03:00,2025-01-28 06:15:00-03:00,long,5916.5,5911.5,-5.0,-54.0,stop_loss
2025-01-28,2025-01-28 14:05:00-03:00,2025-01-28 14:10:00-03:00,long,5875.0,5871.0,-4.0,-44.0,stop_loss
2025-01-28,2025-01-28 14:15:00-03:00,2025-01-28 14:30:00-03:00,long,5872.0,5868.0,-4.0,-44.0,stop_loss
2025-01-28,2025-01-28 14:35:00-03:00,2025-01-28 14:50:00-03:00,long,5870.0,5866.0,-4.0,-44.0,stop_loss
2025-01-28,2025-01-28 14:55:00-03:00,2025-01-28 15:15:00-03:00,long,5867.0,5863.5,-3.5,-39.0,stop_loss
2025-01-28,2025-01-28 15:20:00-03:00,2025-01-28 15:25:00-03:00,long,5864.5,5860.5,-4.0,-44.0,stop_loss
2025-01-28,2025-01-29 06:00:00-03:00,2025-01-29 06:15:00-03:00,long,5866.0,5862.0,-4.0,-44.0,stop_loss
2025-01-29,2025-01-29 15:05:00-03:00,2025-01-29 15:20:00-03:00,long,5865.0,5859.5,-5.5,-59.0,stop_loss
2025-01-29,2025-01-29 15:25:00-03:00,2025-01-30 06:00:00-03:00,long,5860.0,5868.0,8.0,76.0,vwap_revert
2025-01-30,2025-01-30 14:05:00-03:00,2025-01-30 14:45:00-03:00,long,5853.5,5874.0,20.5,201.0,max_hold
2025-01-31,2025-01-31 14:55:00-03:00,2025-01-31 15:00:00-03:00,short,5877.0,5870.5,6.5,61.0,vwap_revert
2025-02-03,2025-02-03 14:05:00-03:00,2025-02-03 14:10:00-03:00,long,5841.5,5836.5,-5.0,-54.0,stop_gap_open
2025-02-03,2025-02-03 14:15:00-03:00,2025-02-03 14:55:00-03:00,long,5832.5,5841.5,9.0,86.0,max_hold
2025-02-03,2025-02-03 15:00:00-03:00,2025-02-03 15:15:00-03:00,long,5841.5,5836.5,-5.0,-54.0,stop_loss
2025-02-03,2025-02-03 15:20:00-03:00,2025-02-03 15:25:00-03:00,long,5838.5,5833.5,-5.0,-54.0,stop_loss
2025-02-03,2025-02-04 06:00:00-03:00,2025-02-04 06:40:00-03:00,long,5828.5,5836.5,8.0,76.0,max_hold
2025-02-04,2025-02-04 14:05:00-03:00,2025-02-04 14:10:00-03:00,long,5798.0,5794.0,-4.0,-44.0,stop_loss
2025-02-04,2025-02-04 14:15:00-03:00,2025-02-04 14:45:00-03:00,long,5792.5,5788.5,-4.0,-44.0,stop_loss
2025-02-04,2025-02-04 14:50:00-03:00,2025-02-04 15:00:00-03:00,long,5788.0,5784.0,-4.0,-44.0,stop_loss
2025-02-04,2025-02-04 15:05:00-03:00,2025-02-04 15:10:00-03:00,long,5787.0,5783.0,-4.0,-44.0,stop_loss
2025-02-04,2025-02-04 15:15:00-03:00,2025-02-04 15:20:00-03:00,long,5782.0,5777.5,-4.5,-49.0,stop_loss
2025-02-04,2025-02-04 15:25:00-03:00,2025-02-05 06:05:00-03:00,long,5783.0,5778.5,-4.5,-49.0,stop_loss
2025-02-05,2025-02-05 14:05:00-03:00,2025-02-05 14:20:00-03:00,short,5821.0,5825.0,-4.0,-44.0,stop_loss
2025-02-05,2025-02-05 14:25:00-03:00,2025-02-05 14:30:00-03:00,short,5826.5,5834.5,-8.0,-84.0,stop_gap_open
2025-02-05,2025-02-05 14:35:00-03:00,2025-02-05 14:40:00-03:00,short,5832.0,5836.0,-4.0,-44.0,stop_loss
2025-02-05,2025-02-05 14:45:00-03:00,2025-02-05 15:25:00-03:00,short,5833.5,5818.5,15.0,146.0,max_hold
2025-02-06,2025-02-06 14:05:00-03:00,2025-02-06 14:30:00-03:00,long,5791.0,5786.5,-4.5,-49.0,stop_loss
2025-02-06,2025-02-06 14:35:00-03:00,2025-02-06 15:15:00-03:00,long,5786.5,5791.5,5.0,46.0,max_hold
2025-02-06,2025-02-06 15:20:00-03:00,2025-02-06 15:25:00-03:00,long,5792.0,5788.5,-3.5,-39.0,stop_loss
2025-02-06,2025-02-07 06:00:00-03:00,2025-02-07 06:05:00-03:00,long,5796.5,5792.5,-4.0,-44.0,stop_loss
2025-02-07,2025-02-07 14:05:00-03:00,2025-02-07 14:20:00-03:00,short,5821.0,5828.0,-7.0,-74.0,stop_loss
2025-02-07,2025-02-07 14:25:00-03:00,2025-02-07 14:35:00-03:00,short,5827.0,5833.0,-6.0,-64.0,stop_loss
2025-02-07,2025-02-07 14:40:00-03:00,2025-02-07 15:00:00-03:00,short,5830.0,5835.5,-5.5,-59.0,stop_loss
2025-02-07,2025-02-07 15:05:00-03:00,2025-02-10 06:00:00-03:00,short,5835.5,5840.5,-5.0,-54.0,stop_loss
2025-02-11,2025-02-11 14:05:00-03:00,2025-02-11 14:20:00-03:00,long,5786.0,5782.5,-3.5,-39.0,stop_loss
2025-02-11,2025-02-11 14:25:00-03:00,2025-02-11 15:05:00-03:00,long,5782.0,5784.5,2.5,21.0,max_hold
2025-02-11,2025-02-11 15:10:00-03:00,2025-02-11 15:15:00-03:00,long,5784.0,5781.0,-3.0,-34.0,stop_loss
2025-02-11,2025-02-11 15:20:00-03:00,2025-02-12 06:00:00-03:00,long,5782.0,5779.0,-3.0,-34.0,stop_loss
2025-02-12,2025-02-12 14:10:00-03:00,2025-02-12 14:50:00-03:00,long,5777.5,5773.5,-4.0,-44.0,stop_loss
2025-02-12,2025-02-12 14:55:00-03:00,2025-02-12 15:00:00-03:00,long,5774.5,5782.0,7.5,71.0,vwap_revert
2025-02-13,2025-02-13 14:05:00-03:00,2025-02-13 14:40:00-03:00,long,5783.5,5778.5,-5.0,-54.0,stop_loss
2025-02-13,2025-02-13 14:45:00-03:00,2025-02-13 15:25:00-03:00,long,5778.5,5776.0,-2.5,-29.0,max_hold
2025-02-13,2025-02-14 06:00:00-03:00,2025-02-14 06:05:00-03:00,long,5778.5,5775.0,-3.5,-39.0,stop_loss
2025-02-14,2025-02-14 14:05:00-03:00,2025-02-14 14:10:00-03:00,long,5709.0,5705.0,-4.0,-44.0,stop_loss
2025-02-14,2025-02-14 14:15:00-03:00,2025-02-14 14:55:00-03:00,long,5707.5,5712.5,5.0,46.0,max_hold
2025-02-14,2025-02-14 15:00:00-03:00,2025-02-17 06:10:00-03:00,long,5712.0,5717.5,5.5,51.0,max_hold
2025-02-17,2025-02-17 14:05:00-03:00,2025-02-17 14:10:00-03:00,short,5725.5,5728.0,-2.5,-29.0,stop_loss
2025-02-17,2025-02-17 14:15:00-03:00,2025-02-17 14:55:00-03:00,short,5728.0,5725.0,3.0,26.0,max_hold
2025-02-17,2025-02-17 15:00:00-03:00,2025-02-18 06:00:00-03:00,short,5725.5,5728.0,-2.5,-29.0,ambiguous_stop_first
2025-02-18,2025-02-18 14:05:00-03:00,2025-02-18 14:15:00-03:00,long,5697.0,5694.0,-3.0,-34.0,stop_loss
2025-02-18,2025-02-18 14:20:00-03:00,2025-02-18 15:00:00-03:00,long,5690.0,5696.0,6.0,56.0,max_hold
2025-02-18,2025-02-18 15:05:00-03:00,2025-02-19 06:00:00-03:00,long,5695.5,5712.0,16.5,161.0,target_gap_open
2025-02-19,2025-02-19 14:05:00-03:00,2025-02-19 14:45:00-03:00,short,5734.5,5729.5,5.0,46.0,max_hold
2025-02-19,2025-02-19 14:50:00-03:00,2025-02-19 14:55:00-03:00,short,5729.0,5732.5,-3.5,-39.0,stop_loss
2025-02-19,2025-02-19 15:00:00-03:00,2025-02-19 15:15:00-03:00,short,5730.5,5734.5,-4.0,-44.0,stop_loss
2025-02-19,2025-02-19 15:20:00-03:00,2025-02-20 06:00:00-03:00,short,5734.0,5712.0,22.0,216.0,target_gap_open
2025-02-21,2025-02-21 14:05:00-03:00,2025-02-21 14:30:00-03:00,short,5735.0,5739.5,-4.5,-49.0,stop_loss
2025-02-21,2025-02-21 14:35:00-03:00,2025-02-21 15:15:00-03:00,short,5738.5,5736.5,2.0,16.0,max_hold
2025-02-21,2025-02-21 15:20:00-03:00,2025-02-24 06:05:00-03:00,short,5736.5,5718.5,18.0,176.0,vwap_revert
2025-02-24,2025-02-24 14:05:00-03:00,2025-02-24 14:15:00-03:00,short,5762.5,5766.5,-4.0,-44.0,stop_loss
2025-02-24,2025-02-24 14:20:00-03:00,2025-02-24 14:25:00-03:00,short,5767.0,5772.0,-5.0,-54.0,stop_gap_open
2025-02-24,2025-02-24 14:30:00-03:00,2025-02-24 15:05:00-03:00,short,5778.5,5783.0,-4.5,-49.0,stop_loss
2025-02-24,2025-02-24 15:10:00-03:00,2025-02-25 06:05:00-03:00,short,5785.0,5790.0,-5.0,-54.0,stop_loss
2025-02-25,2025-02-25 14:05:00-03:00,2025-02-25 14:25:00-03:00,long,5759.5,5755.0,-4.5,-49.0,stop_loss
2025-02-25,2025-02-25 14:30:00-03:00,2025-02-25 15:00:00-03:00,long,5756.0,5752.5,-3.5,-39.0,stop_loss
2025-02-25,2025-02-25 15:05:00-03:00,2025-02-25 15:20:00-03:00,long,5750.5,5747.0,-3.5,-39.0,stop_loss
2025-02-25,2025-02-25 15:25:00-03:00,2025-02-26 06:00:00-03:00,long,5746.5,5742.5,-4.0,-44.0,stop_gap_open
2025-02-26,2025-02-26 14:05:00-03:00,2025-02-26 14:15:00-03:00,short,5809.0,5814.0,-5.0,-54.0,stop_loss
2025-02-26,2025-02-26 14:20:00-03:00,2025-02-26 14:35:00-03:00,short,5812.5,5817.5,-5.0,-54.0,stop_loss
2025-02-26,2025-02-26 14:40:00-03:00,2025-02-26 15:20:00-03:00,short,5817.5,5804.0,13.5,131.0,max_hold
2025-02-26,2025-02-26 15:25:00-03:00,2025-02-27 06:00:00-03:00,short,5803.5,5819.0,-15.5,-159.0,stop_gap_open
2025-02-27,2025-02-27 14:10:00-03:00,2025-02-27 14:40:00-03:00,short,5830.0,5835.0,-5.0,-54.0,stop_loss
2025-02-27,2025-02-27 14:45:00-03:00,2025-02-27 15:10:00-03:00,short,5833.0,5837.5,-4.5,-49.0,stop_loss
2025-02-27,2025-02-27 15:15:00-03:00,2025-02-27 15:25:00-03:00,short,5838.0,5842.0,-4.0,-44.0,stop_loss
2025-02-27,2025-02-28 06:00:00-03:00,2025-02-28 06:05:00-03:00,short,5867.0,5871.5,-4.5,-49.0,stop_loss
2025-02-28,2025-02-28 14:05:00-03:00,2025-02-28 14:45:00-03:00,short,5943.0,5925.0,18.0,176.0,max_hold
2025-02-28,2025-02-28 14:50:00-03:00,2025-03-05 10:00:00-03:00,short,5925.0,5871.5,53.5,531.0,target_gap_open
2025-03-05,2025-03-05 14:05:00-03:00,2025-03-05 14:35:00-03:00,long,5790.5,5784.5,-6.0,-64.0,stop_loss
2025-03-05,2025-03-05 14:40:00-03:00,2025-03-05 15:10:00-03:00,long,5779.0,5773.0,-6.0,-64.0,stop_loss
2025-03-05,2025-03-05 15:15:00-03:00,2025-03-06 06:25:00-03:00,long,5770.0,5787.0,17.0,166.0,max_hold
2025-03-10,2025-03-10 14:05:00-03:00,2025-03-10 14:15:00-03:00,short,5879.0,5884.5,-5.5,-59.0,stop_loss
2025-03-10,2025-03-10 14:20:00-03:00,2025-03-10 15:00:00-03:00,short,5885.5,5884.0,1.5,11.0,max_hold
2025-03-10,2025-03-10 15:05:00-03:00,2025-03-11 06:15:00-03:00,short,5884.0,5862.5,21.5,211.0,max_hold
2025-03-14,2025-03-14 14:25:00-03:00,2025-03-14 14:30:00-03:00,short,5770.0,5764.0,6.0,56.0,vwap_revert
2025-03-21,2025-03-21 14:05:00-03:00,2025-03-21 14:10:00-03:00,short,5730.5,5734.0,-3.5,-39.0,stop_loss
2025-03-21,2025-03-21 14:15:00-03:00,2025-03-21 14:20:00-03:00,short,5735.0,5738.5,-3.5,-39.0,stop_loss
2025-03-21,2025-03-21 14:25:00-03:00,2025-03-21 14:35:00-03:00,short,5738.0,5741.5,-3.5,-39.0,stop_loss
2025-03-21,2025-03-21 14:40:00-03:00,2025-03-21 15:00:00-03:00,short,5738.5,5742.0,-3.5,-39.0,stop_loss
2025-03-21,2025-03-21 15:05:00-03:00,2025-03-21 15:10:00-03:00,short,5742.5,5746.0,-3.5,-39.0,stop_loss
2025-03-21,2025-03-21 15:15:00-03:00,2025-03-21 15:25:00-03:00,short,5743.5,5747.0,-3.5,-39.0,stop_loss
2025-03-24,2025-03-24 14:05:00-03:00,2025-03-24 14:10:00-03:00,short,5764.5,5770.5,-6.0,-64.0,stop_gap_open
2025-03-24,2025-03-24 14:15:00-03:00,2025-03-24 14:25:00-03:00,short,5766.0,5770.0,-4.0,-44.0,stop_loss
2025-03-24,2025-03-24 14:30:00-03:00,2025-03-24 14:40:00-03:00,short,5769.0,5773.0,-4.0,-44.0,stop_loss
2025-03-24,2025-03-24 14:45:00-03:00,2025-03-24 15:25:00-03:00,short,5773.0,5769.5,3.5,31.0,max_hold
2025-03-24,2025-03-25 06:00:00-03:00,2025-03-25 06:05:00-03:00,short,5761.0,5747.0,14.0,136.0,target_gap_open
2025-03-25,2025-03-25 14:45:00-03:00,2025-03-25 14:50:00-03:00,long,5712.0,5708.0,-4.0,-44.0,stop_loss
2025-03-25,2025-03-25 14:55:00-03:00,2025-03-26 06:00:00-03:00,long,5706.0,5702.0,-4.0,-44.0,stop_loss
2025-03-26,2025-03-26 14:15:00-03:00,2025-03-26 14:55:00-03:00,short,5740.0,5741.0,-1.0,-14.0,max_hold
2025-03-26,2025-03-26 15:00:00-03:00,2025-03-27 06:00:00-03:00,short,5741.5,5729.0,12.5,121.0,target_gap_open
2025-03-27,2025-03-27 15:20:00-03:00,2025-03-28 06:00:00-03:00,long,5744.0,5750.5,6.5,61.0,target_gap_open
2025-03-28,2025-03-28 14:05:00-03:00,2025-03-28 14:15:00-03:00,long,5761.5,5766.5,5.0,46.0,vwap_revert
2025-03-28,2025-03-28 14:30:00-03:00,2025-03-28 15:10:00-03:00,long,5761.5,5761.0,-0.5,-9.0,max_hold
2025-03-28,2025-03-28 15:15:00-03:00,2025-03-31 06:00:00-03:00,long,5761.0,5797.0,36.0,356.0,target_gap_open
2025-03-31,2025-03-31 14:05:00-03:00,2025-03-31 14:45:00-03:00,long,5735.0,5738.0,3.0,26.0,max_hold
2025-03-31,2025-03-31 14:50:00-03:00,2025-03-31 15:00:00-03:00,long,5738.0,5734.5,-3.5,-39.0,stop_loss
2025-03-31,2025-03-31 15:05:00-03:00,2025-03-31 15:15:00-03:00,long,5735.0,5731.5,-3.5,-39.0,stop_loss
2025-03-31,2025-03-31 15:20:00-03:00,2025-03-31 15:25:00-03:00,long,5733.5,5730.5,-3.0,-34.0,stop_loss
2025-03-31,2025-04-01 06:00:00-03:00,2025-04-01 06:05:00-03:00,long,5744.0,5739.5,-4.5,-49.0,stop_gap_open
2025-04-01,2025-04-01 14:05:00-03:00,2025-04-01 14:45:00-03:00,long,5713.5,5710.0,-3.5,-39.0,stop_loss
2025-04-01,2025-04-01 14:50:00-03:00,2025-04-01 15:00:00-03:00,long,5713.0,5710.0,-3.0,-34.0,stop_loss
2025-04-01,2025-04-01 15:05:00-03:00,2025-04-01 15:10:00-03:00,long,5711.5,5709.0,-2.5,-29.0,stop_loss
2025-04-01,2025-04-01 15:15:00-03:00,2025-04-02 06:00:00-03:00,long,5710.0,5707.5,-2.5,-29.0,stop_loss
2025-04-02,2025-04-02 14:05:00-03:00,2025-04-02 14:10:00-03:00,short,5725.0,5728.5,-3.5,-39.0,ambiguous_stop_first
2025-04-02,2025-04-02 14:15:00-03:00,2025-04-02 14:20:00-03:00,long,5703.0,5696.5,-6.5,-69.0,stop_loss
2025-04-02,2025-04-02 15:10:00-03:00,2025-04-02 15:20:00-03:00,long,5690.5,5713.5,23.0,226.0,vwap_revert
2025-04-03,2025-04-03 14:05:00-03:00,2025-04-03 14:30:00-03:00,short,5655.5,5659.5,-4.0,-44.0,stop_loss
2025-04-03,2025-04-03 14:35:00-03:00,2025-04-03 15:15:00-03:00,short,5658.5,5659.0,-0.5,-9.0,max_hold
2025-04-03,2025-04-03 15:20:00-03:00,2025-04-03 15:25:00-03:00,short,5659.5,5663.0,-3.5,-39.0,stop_loss
2025-04-03,2025-04-04 06:00:00-03:00,2025-04-04 06:05:00-03:00,short,5726.5,5750.5,-24.0,-244.0,stop_gap_open
2025-04-04,2025-04-04 14:05:00-03:00,2025-04-04 14:10:00-03:00,short,5863.0,5869.5,-6.5,-69.0,stop_loss
2025-04-04,2025-04-04 14:15:00-03:00,2025-04-04 14:20:00-03:00,short,5869.5,5876.0,-6.5,-69.0,stop_loss
2025-04-04,2025-04-04 14:25:00-03:00,2025-04-04 15:05:00-03:00,short,5876.5,5870.0,6.5,61.0,max_hold
2025-04-04,2025-04-04 15:10:00-03:00,2025-04-04 15:15:00-03:00,short,5870.0,5876.0,-6.0,-64.0,stop_loss
2025-04-04,2025-04-04 15:20:00-03:00,2025-04-04 15:25:00-03:00,short,5875.5,5881.0,-5.5,-59.0,stop_loss
2025-04-04,2025-04-07 06:00:00-03:00,2025-04-07 06:10:00-03:00,short,5905.0,5911.0,-6.0,-64.0,stop_loss
2025-04-29,2025-04-29 14:05:00-03:00,2025-04-29 14:25:00-03:00,long,5632.5,5629.0,-3.5,-39.0,stop_loss
2025-04-29,2025-04-29 14:30:00-03:00,2025-04-29 14:40:00-03:00,long,5631.5,5628.5,-3.0,-34.0,stop_loss
2025-04-29,2025-04-29 14:45:00-03:00,2025-04-29 14:50:00-03:00,long,5625.5,5622.5,-3.0,-34.0,stop_loss
2025-04-29,2025-04-29 14:55:00-03:00,2025-04-29 15:05:00-03:00,long,5621.5,5618.5,-3.0,-34.0,stop_loss
2025-04-29,2025-04-29 15:10:00-03:00,2025-04-29 15:15:00-03:00,long,5620.0,5617.0,-3.0,-34.0,stop_loss
2025-04-29,2025-04-29 15:20:00-03:00,2025-04-30 06:00:00-03:00,long,5616.5,5663.0,46.5,461.0,target_gap_open
2025-04-30,2025-04-30 14:05:00-03:00,2025-04-30 14:45:00-03:00,short,5719.0,5711.0,8.0,76.0,max_hold
2025-04-30,2025-04-30 14:50:00-03:00,2025-04-30 14:55:00-03:00,short,5711.5,5715.5,-4.0,-44.0,stop_loss
2025-04-30,2025-04-30 15:00:00-03:00,2025-04-30 15:15:00-03:00,short,5715.0,5719.0,-4.0,-44.0,stop_loss
2025-04-30,2025-04-30 15:20:00-03:00,2025-04-30 15:25:00-03:00,short,5716.0,5720.0,-4.0,-44.0,stop_loss
2025-04-30,2025-05-02 06:00:00-03:00,2025-05-02 06:30:00-03:00,short,5710.0,5714.5,-4.5,-49.0,ambiguous_stop_first
2025-05-02,2025-05-02 14:05:00-03:00,2025-05-02 14:45:00-03:00,short,5691.5,5693.5,-2.0,-24.0,max_hold
2025-05-02,2025-05-02 14:50:00-03:00,2025-05-02 14:55:00-03:00,short,5693.0,5696.0,-3.0,-34.0,stop_loss
2025-05-02,2025-05-02 15:00:00-03:00,2025-05-05 06:00:00-03:00,short,5695.0,5684.5,10.5,101.0,vwap_revert
2025-05-05,2025-05-05 14:05:00-03:00,2025-05-05 14:45:00-03:00,short,5725.5,5724.5,1.0,6.0,max_hold
2025-05-05,2025-05-05 14:50:00-03:00,2025-05-05 15:05:00-03:00,short,5724.5,5727.0,-2.5,-29.0,stop_loss
2025-05-05,2025-05-05 15:10:00-03:00,2025-05-05 15:15:00-03:00,short,5726.5,5729.0,-2.5,-29.0,stop_loss
2025-05-05,2025-05-05 15:20:00-03:00,2025-05-05 15:25:00-03:00,short,5731.5,5734.5,-3.0,-34.0,stop_loss
2025-05-05,2025-05-06 06:00:00-03:00,2025-05-06 06:05:00-03:00,short,5733.0,5736.0,-3.0,-34.0,stop_gap_open
2025-05-07,2025-05-07 14:05:00-03:00,2025-05-07 14:45:00-03:00,short,5780.5,5777.5,3.0,26.0,max_hold
2025-05-07,2025-05-07 14:50:00-03:00,2025-05-08 06:00:00-03:00,short,5778.0,5752.0,26.0,256.0,target_gap_open
2025-05-08,2025-05-08 14:05:00-03:00,2025-05-08 14:45:00-03:00,long,5696.5,5696.0,-0.5,-9.0,max_hold
2025-05-08,2025-05-08 14:50:00-03:00,2025-05-08 15:00:00-03:00,long,5696.5,5693.0,-3.5,-39.0,stop_loss
2025-05-08,2025-05-08 15:05:00-03:00,2025-05-08 15:15:00-03:00,long,5695.0,5691.5,-3.5,-39.0,stop_loss
2025-05-08,2025-05-08 15:20:00-03:00,2025-05-09 06:00:00-03:00,long,5692.5,5689.0,-3.5,-39.0,stop_loss
2025-05-09,2025-05-09 15:20:00-03:00,2025-05-09 15:25:00-03:00,long,5678.5,5676.0,-2.5,-29.0,stop_loss
2025-05-12,2025-05-12 14:30:00-03:00,2025-05-12 14:55:00-03:00,long,5706.0,5702.5,-3.5,-39.0,stop_loss
2025-05-12,2025-05-12 15:00:00-03:00,2025-05-12 15:15:00-03:00,long,5702.0,5699.0,-3.0,-34.0,stop_loss
2025-05-12,2025-05-12 15:20:00-03:00,2025-05-13 06:00:00-03:00,long,5698.0,5686.5,-11.5,-119.0,stop_gap_open
2025-05-13,2025-05-13 14:05:00-03:00,2025-05-13 14:45:00-03:00,long,5628.0,5631.0,3.0,26.0,max_hold
2025-05-13,2025-05-13 14:50:00-03:00,2025-05-14 06:00:00-03:00,long,5630.5,5627.0,-3.5,-39.0,stop_gap_open
2025-05-14,2025-05-14 14:05:00-03:00,2025-05-14 14:30:00-03:00,short,5656.0,5659.5,-3.5,-39.0,stop_loss
2025-05-14,2025-05-14 14:35:00-03:00,2025-05-14 14:45:00-03:00,short,5657.5,5661.0,-3.5,-39.0,stop_loss
2025-05-14,2025-05-14 14:50:00-03:00,2025-05-14 15:10:00-03:00,short,5659.0,5662.0,-3.0,-34.0,stop_loss
2025-05-14,2025-05-14 15:15:00-03:00,2025-05-15 06:25:00-03:00,short,5662.5,5642.0,20.5,201.0,max_hold
2025-05-15,2025-05-15 14:05:00-03:00,2025-05-15 14:40:00-03:00,short,5700.0,5706.0,-6.0,-64.0,stop_loss
2025-05-15,2025-05-15 14:45:00-03:00,2025-05-15 15:10:00-03:00,short,5702.0,5707.5,-5.5,-59.0,stop_loss
2025-05-15,2025-05-15 15:15:00-03:00,2025-05-16 06:10:00-03:00,short,5707.0,5711.5,-4.5,-49.0,stop_loss
2025-05-16,2025-05-16 14:05:00-03:00,2025-05-16 14:40:00-03:00,long,5685.0,5681.5,-3.5,-39.0,stop_loss
2025-05-16,2025-05-16 14:45:00-03:00,2025-05-16 15:25:00-03:00,long,5682.5,5688.0,5.5,51.0,max_hold
2025-05-16,2025-05-19 06:00:00-03:00,2025-05-19 06:35:00-03:00,long,5676.5,5708.0,31.5,311.0,vwap_revert
2025-05-19,2025-05-19 14:05:00-03:00,2025-05-19 14:45:00-03:00,long,5668.0,5666.0,-2.0,-24.0,max_hold
2025-05-19,2025-05-19 14:50:00-03:00,2025-05-19 15:25:00-03:00,long,5666.0,5663.0,-3.0,-34.0,stop_loss
2025-05-19,2025-05-20 06:00:00-03:00,2025-05-20 06:05:00-03:00,long,5662.5,5659.5,-3.0,-34.0,stop_loss
2025-05-20,2025-05-20 14:05:00-03:00,2025-05-20 14:45:00-03:00,short,5684.0,5683.0,1.0,6.0,max_hold
2025-05-20,2025-05-20 14:50:00-03:00,2025-05-20 15:20:00-03:00,short,5683.0,5677.0,6.0,56.0,vwap_revert
2025-05-21,2025-05-21 14:05:00-03:00,2025-05-21 14:45:00-03:00,long,5656.0,5656.0,0.0,-4.0,max_hold
2025-05-21,2025-05-21 14:50:00-03:00,2025-05-22 06:00:00-03:00,long,5656.0,5668.0,12.0,116.0,max_hold
2025-05-22,2025-05-22 14:05:00-03:00,2025-05-22 14:15:00-03:00,short,5668.5,5677.5,-9.0,-94.0,stop_loss
2025-05-22,2025-05-22 14:20:00-03:00,2025-05-22 14:25:00-03:00,short,5684.0,5696.0,-12.0,-124.0,stop_gap_open
2025-05-22,2025-05-22 14:30:00-03:00,2025-05-22 14:50:00-03:00,short,5707.0,5717.0,-10.0,-104.0,stop_loss
2025-05-22,2025-05-22 14:55:00-03:00,2025-05-22 15:00:00-03:00,short,5717.0,5728.0,-11.0,-114.0,stop_loss
2025-05-22,2025-05-22 15:05:00-03:00,2025-05-22 15:10:00-03:00,short,5750.0,5763.0,-13.0,-134.0,stop_loss
2025-05-22,2025-05-22 15:15:00-03:00,2025-05-23 06:25:00-03:00,short,5774.5,5694.5,80.0,796.0,max_hold
2025-05-23,2025-05-23 14:05:00-03:00,2025-05-23 14:10:00-03:00,long,5655.0,5650.5,-4.5,-49.0,stop_loss
2025-05-23,2025-05-23 14:15:00-03:00,2025-05-23 14:55:00-03:00,long,5652.0,5654.0,2.0,16.0,max_hold
2025-05-23,2025-05-23 15:00:00-03:00,2025-05-26 06:00:00-03:00,long,5653.5,5650.0,-3.5,-39.0,stop_gap_open
2025-05-27,2025-05-27 14:05:00-03:00,2025-05-27 14:10:00-03:00,long,5652.0,5649.0,-3.0,-34.0,stop_loss
2025-05-27,2025-05-27 14:15:00-03:00,2025-05-27 14:20:00-03:00,long,5649.0,5646.0,-3.0,-34.0,stop_loss
2025-05-27,2025-05-27 14:25:00-03:00,2025-05-27 14:35:00-03:00,long,5645.0,5642.0,-3.0,-34.0,stop_loss
2025-05-27,2025-05-27 14:40:00-03:00,2025-05-27 15:20:00-03:00,long,5640.5,5645.5,5.0,46.0,max_hold
2025-05-27,2025-05-27 15:25:00-03:00,2025-05-28 06:05:00-03:00,long,5646.0,5660.5,14.5,141.0,vwap_revert
2025-05-28,2025-05-28 14:05:00-03:00,2025-05-28 14:45:00-03:00,short,5700.0,5694.5,5.5,51.0,max_hold
2025-05-28,2025-05-28 14:50:00-03:00,2025-05-29 06:00:00-03:00,short,5695.0,5700.5,-5.5,-59.0,stop_gap_open
2025-05-30,2025-05-30 14:05:00-03:00,2025-05-30 14:15:00-03:00,short,5753.5,5757.5,-4.0,-44.0,stop_loss
2025-05-30,2025-05-30 14:20:00-03:00,2025-05-30 14:55:00-03:00,short,5757.5,5761.5,-4.0,-44.0,stop_loss
2025-05-30,2025-05-30 15:00:00-03:00,2025-05-30 15:05:00-03:00,short,5760.0,5765.5,-5.5,-59.0,stop_gap_open
2025-05-30,2025-05-30 15:10:00-03:00,2025-05-30 15:25:00-03:00,short,5766.0,5769.5,-3.5,-39.0,stop_loss
2025-06-05,2025-06-05 14:05:00-03:00,2025-06-05 14:45:00-03:00,long,5614.0,5617.0,3.0,26.0,max_hold
2025-06-05,2025-06-05 14:50:00-03:00,2025-06-05 15:05:00-03:00,long,5617.0,5613.5,-3.5,-39.0,stop_loss
2025-06-05,2025-06-05 15:10:00-03:00,2025-06-05 15:25:00-03:00,long,5615.0,5612.0,-3.0,-34.0,stop_loss
2025-06-05,2025-06-06 06:00:00-03:00,2025-06-06 06:05:00-03:00,long,5624.0,5617.0,-7.0,-74.0,stop_gap_open
2025-06-06,2025-06-06 14:05:00-03:00,2025-06-06 14:15:00-03:00,long,5593.0,5589.0,-4.0,-44.0,stop_loss
2025-06-06,2025-06-06 14:20:00-03:00,2025-06-06 15:00:00-03:00,long,5588.5,5588.5,0.0,-4.0,max_hold
2025-06-06,2025-06-06 15:05:00-03:00,2025-06-09 06:00:00-03:00,long,5588.0,5584.5,-3.5,-39.0,stop_loss
2025-06-09,2025-06-09 14:05:00-03:00,2025-06-09 14:45:00-03:00,long,5585.5,5584.0,-1.5,-19.0,max_hold
2025-06-09,2025-06-09 14:50:00-03:00,2025-06-10 06:00:00-03:00,long,5584.5,5581.5,-3.0,-34.0,stop_gap_open
2025-06-10,2025-06-10 14:05:00-03:00,2025-06-10 14:40:00-03:00,short,5594.0,5597.5,-3.5,-39.0,stop_loss
2025-06-10,2025-06-10 14:45:00-03:00,2025-06-10 14:50:00-03:00,short,5595.0,5598.5,-3.5,-39.0,stop_gap_open
2025-06-10,2025-06-10 14:55:00-03:00,2025-06-11 06:05:00-03:00,short,5598.0,5598.0,-0.0,-4.0,max_hold
2025-06-11,2025-06-11 14:05:00-03:00,2025-06-11 14:45:00-03:00,long,5559.5,5556.0,-3.5,-39.0,stop_loss
2025-06-11,2025-06-11 14:50:00-03:00,2025-06-12 06:00:00-03:00,long,5555.5,5550.0,-5.5,-59.0,stop_gap_open
2025-06-12,2025-06-12 15:05:00-03:00,2025-06-12 15:15:00-03:00,long,5557.5,5555.0,-2.5,-29.0,stop_loss
2025-06-12,2025-06-12 15:20:00-03:00,2025-06-13 06:00:00-03:00,long,5552.0,5587.0,35.0,346.0,target_gap_open
2025-06-13,2025-06-13 14:05:00-03:00,2025-06-13 14:45:00-03:00,long,5559.5,5560.5,1.0,6.0,max_hold
2025-06-13,2025-06-13 14:50:00-03:00,2025-06-16 06:00:00-03:00,long,5561.0,5543.0,-18.0,-184.0,stop_gap_open
2025-06-16,2025-06-16 14:05:00-03:00,2025-06-16 14:45:00-03:00,long,5503.0,5507.5,4.5,41.0,max_hold
2025-06-16,2025-06-16 14:50:00-03:00,2025-06-16 15:00:00-03:00,long,5508.0,5504.5,-3.5,-39.0,stop_loss
2025-06-16,2025-06-16 15:05:00-03:00,2025-06-16 15:15:00-03:00,long,5505.0,5501.5,-3.5,-39.0,stop_loss
2025-06-16,2025-06-16 15:20:00-03:00,2025-06-16 15:25:00-03:00,long,5501.0,5498.0,-3.0,-34.0,stop_loss
2025-06-16,2025-06-17 06:00:00-03:00,2025-06-17 06:05:00-03:00,long,5508.0,5505.0,-3.0,-34.0,stop_loss
2025-06-17,2025-06-17 14:05:00-03:00,2025-06-17 14:45:00-03:00,short,5512.0,5516.0,-4.0,-44.0,stop_loss
2025-06-17,2025-06-17 14:50:00-03:00,2025-06-18 06:00:00-03:00,short,5514.5,5501.0,13.5,131.0,vwap_revert
2025-06-18,2025-06-18 14:05:00-03:00,2025-06-18 14:30:00-03:00,short,5512.5,5505.5,7.0,66.0,vwap_revert
2025-06-18,2025-06-18 15:20:00-03:00,2025-06-18 15:25:00-03:00,long,5500.0,5496.5,-3.5,-39.0,stop_loss
2025-06-18,2025-06-20 06:00:00-03:00,2025-06-20 06:40:00-03:00,long,5483.0,5505.5,22.5,221.0,vwap_revert
2025-06-20,2025-06-20 14:05:00-03:00,2025-06-20 14:45:00-03:00,short,5535.0,5525.5,9.5,91.0,max_hold
2025-06-20,2025-06-20 14:50:00-03:00,2025-06-20 15:25:00-03:00,short,5526.0,5529.0,-3.0,-34.0,stop_loss
2025-06-20,2025-06-23 06:00:00-03:00,2025-06-23 06:05:00-03:00,short,5545.5,5549.0,-3.5,-39.0,stop_loss
2025-06-23,2025-06-23 14:05:00-03:00,2025-06-23 14:10:00-03:00,long,5510.5,5504.5,-6.0,-64.0,stop_gap_open
2025-06-23,2025-06-23 14:15:00-03:00,2025-06-23 14:55:00-03:00,long,5505.0,5505.5,0.5,1.0,max_hold
2025-06-23,2025-06-23 15:00:00-03:00,2025-06-23 15:15:00-03:00,long,5505.0,5502.5,-2.5,-29.0,stop_loss
2025-06-23,2025-06-23 15:20:00-03:00,2025-06-24 06:00:00-03:00,long,5502.5,5482.0,-20.5,-209.0,stop_gap_open
2025-06-24,2025-06-24 14:05:00-03:00,2025-06-24 14:10:00-03:00,short,5526.0,5529.5,-3.5,-39.0,stop_loss
2025-06-24,2025-06-24 14:15:00-03:00,2025-06-24 14:55:00-03:00,short,5529.0,5518.0,11.0,106.0,max_hold
2025-06-24,2025-06-24 15:00:00-03:00,2025-06-24 15:05:00-03:00,short,5517.5,5521.0,-3.5,-39.0,stop_loss
2025-06-24,2025-06-24 15:10:00-03:00,2025-06-24 15:15:00-03:00,short,5520.5,5524.0,-3.5,-39.0,stop_loss
2025-06-24,2025-06-24 15:20:00-03:00,2025-06-25 06:00:00-03:00,short,5522.5,5526.0,-3.5,-39.0,stop_loss
2025-06-25,2025-06-25 14:05:00-03:00,2025-06-25 14:20:00-03:00,short,5561.5,5565.5,-4.0,-44.0,stop_loss
2025-06-25,2025-06-25 14:25:00-03:00,2025-06-25 14:40:00-03:00,short,5566.0,5569.5,-3.5,-39.0,stop_loss
2025-06-25,2025-06-25 14:45:00-03:00,2025-06-25 15:25:00-03:00,short,5568.0,5562.0,6.0,56.0,max_hold
2025-06-25,2025-06-26 06:00:00-03:00,2025-06-26 06:05:00-03:00,short,5552.0,5562.5,-10.5,-109.0,stop_gap_open
2025-06-26,2025-06-26 14:05:00-03:00,2025-06-26 14:20:00-03:00,long,5502.0,5499.0,-3.0,-34.0,stop_loss
2025-06-26,2025-06-26 14:25:00-03:00,2025-06-26 14:35:00-03:00,long,5500.5,5497.5,-3.0,-34.0,stop_loss
2025-06-26,2025-06-26 14:40:00-03:00,2025-06-26 14:45:00-03:00,long,5496.0,5493.0,-3.0,-34.0,stop_loss
2025-06-26,2025-06-26 14:50:00-03:00,2025-06-26 14:55:00-03:00,long,5494.0,5490.5,-3.5,-39.0,stop_loss
2025-06-26,2025-06-26 15:00:00-03:00,2025-06-26 15:05:00-03:00,long,5491.5,5477.0,-14.5,-149.0,stop_gap_open
2025-06-27,2025-06-27 14:05:00-03:00,2025-06-27 14:25:00-03:00,short,5488.0,5483.0,5.0,46.0,vwap_revert
2025-06-27,2025-06-27 14:45:00-03:00,2025-06-27 15:10:00-03:00,short,5487.0,5483.0,4.0,36.0,vwap_revert
2025-06-30,2025-06-30 14:05:00-03:00,2025-06-30 14:20:00-03:00,long,5476.0,5472.5,-3.5,-39.0,stop_loss
2025-06-30,2025-06-30 14:25:00-03:00,2025-06-30 15:05:00-03:00,long,5473.0,5474.5,1.5,11.0,max_hold
2025-06-30,2025-06-30 15:10:00-03:00,2025-06-30 15:15:00-03:00,long,5474.0,5470.0,-4.0,-44.0,stop_gap_open
2025-06-30,2025-06-30 15:20:00-03:00,2025-07-01 06:00:00-03:00,long,5470.0,5467.0,-3.0,-34.0,stop_loss
2025-07-02,2025-07-02 14:05:00-03:00,2025-07-02 14:45:00-03:00,long,5458.0,5461.5,3.5,31.0,max_hold
2025-07-02,2025-07-02 14:50:00-03:00,2025-07-02 15:10:00-03:00,long,5462.0,5459.0,-3.0,-34.0,stop_loss
2025-07-02,2025-07-02 15:15:00-03:00,2025-07-03 06:25:00-03:00,long,5459.0,5463.5,4.5,41.0,max_hold
2025-07-04,2025-07-04 14:05:00-03:00,2025-07-04 14:45:00-03:00,short,5458.5,5455.5,3.0,26.0,max_hold
2025-07-04,2025-07-04 14:50:00-03:00,2025-07-04 15:20:00-03:00,short,5455.5,5458.0,-2.5,-29.0,stop_loss
2025-07-04,2025-07-04 15:25:00-03:00,2025-07-07 06:00:00-03:00,short,5453.5,5474.0,-20.5,-209.0,stop_gap_open
2025-07-07,2025-07-07 14:05:00-03:00,2025-07-07 14:25:00-03:00,short,5511.5,5514.0,-2.5,-29.0,stop_loss
2025-07-07,2025-07-07 14:30:00-03:00,2025-07-07 14:35:00-03:00,short,5514.5,5517.0,-2.5,-29.0,stop_loss
2025-07-07,2025-07-07 14:40:00-03:00,2025-07-07 14:50:00-03:00,short,5517.5,5520.0,-2.5,-29.0,stop_loss
2025-07-07,2025-07-07 14:55:00-03:00,2025-07-07 15:00:00-03:00,short,5520.0,5522.5,-2.5,-29.0,stop_loss
2025-07-07,2025-07-07 15:05:00-03:00,2025-07-07 15:10:00-03:00,short,5522.0,5525.0,-3.0,-34.0,stop_loss
2025-07-07,2025-07-07 15:15:00-03:00,2025-07-08 06:10:00-03:00,short,5524.0,5493.0,31.0,306.0,vwap_revert
2025-07-08,2025-07-08 14:05:00-03:00,2025-07-08 14:15:00-03:00,long,5475.5,5472.5,-3.0,-34.0,stop_loss
2025-07-08,2025-07-08 14:20:00-03:00,2025-07-08 15:00:00-03:00,long,5475.0,5478.0,3.0,26.0,max_hold
2025-07-08,2025-07-08 15:05:00-03:00,2025-07-09 06:00:00-03:00,long,5478.0,5488.0,10.0,96.0,target_gap_open
2025-07-09,2025-07-09 14:05:00-03:00,2025-07-09 14:10:00-03:00,short,5534.0,5538.5,-4.5,-49.0,stop_loss
2025-07-09,2025-07-09 14:15:00-03:00,2025-07-09 14:20:00-03:00,short,5544.0,5567.5,-23.5,-239.0,stop_gap_open
2025-07-09,2025-07-09 14:25:00-03:00,2025-07-09 14:30:00-03:00,short,5594.0,5616.5,-22.5,-229.0,stop_gap_open
2025-07-09,2025-07-09 14:35:00-03:00,2025-07-09 14:55:00-03:00,short,5591.5,5605.5,-14.0,-144.0,stop_loss
2025-07-09,2025-07-09 15:00:00-03:00,2025-07-09 15:05:00-03:00,short,5606.5,5625.5,-19.0,-194.0,stop_gap_open
2025-07-09,2025-07-09 15:10:00-03:00,2025-07-10 06:05:00-03:00,short,5622.0,5643.5,-21.5,-219.0,stop_gap_open
2025-07-23,2025-07-23 14:05:00-03:00,2025-07-23 14:20:00-03:00,long,5532.0,5529.0,-3.0,-34.0,stop_loss
2025-07-23,2025-07-23 14:25:00-03:00,2025-07-23 15:05:00-03:00,long,5528.0,5528.0,0.0,-4.0,max_hold
2025-07-23,2025-07-23 15:10:00-03:00,2025-07-23 15:15:00-03:00,long,5527.5,5522.5,-5.0,-54.0,stop_gap_open
2025-07-23,2025-07-23 15:20:00-03:00,2025-07-23 15:25:00-03:00,long,5524.0,5521.0,-3.0,-34.0,stop_loss
2025-07-23,2025-07-24 06:00:00-03:00,2025-07-24 06:05:00-03:00,long,5534.5,5531.5,-3.0,-34.0,stop_loss
2025-07-24,2025-07-24 14:05:00-03:00,2025-07-24 14:45:00-03:00,long,5527.5,5531.5,4.0,36.0,max_hold
2025-07-24,2025-07-24 14:50:00-03:00,2025-07-24 15:10:00-03:00,long,5532.0,5529.0,-3.0,-34.0,stop_loss
2025-07-24,2025-07-24 15:15:00-03:00,2025-07-24 15:20:00-03:00,long,5530.0,5527.0,-3.0,-34.0,stop_loss
2025-07-24,2025-07-24 15:25:00-03:00,2025-07-25 06:00:00-03:00,long,5531.5,5540.0,8.5,81.0,target_gap_open
2025-07-25,2025-07-25 14:05:00-03:00,2025-07-25 14:10:00-03:00,short,5568.5,5571.5,-3.0,-34.0,stop_loss
2025-07-25,2025-07-25 14:15:00-03:00,2025-07-25 14:55:00-03:00,short,5572.0,5570.5,1.5,11.0,max_hold
2025-07-25,2025-07-25 15:00:00-03:00,2025-07-25 15:05:00-03:00,short,5571.0,5573.5,-2.5,-29.0,stop_loss
2025-07-25,2025-07-25 15:10:00-03:00,2025-07-28 06:00:00-03:00,short,5573.5,5592.5,-19.0,-194.0,stop_gap_open
2025-07-28,2025-07-28 15:20:00-03:00,2025-07-28 15:25:00-03:00,short,5596.5,5594.0,2.5,21.0,vwap_revert
2025-07-29,2025-07-29 14:05:00-03:00,2025-07-29 14:45:00-03:00,long,5574.5,5577.0,2.5,21.0,max_hold
2025-07-29,2025-07-29 14:50:00-03:00,2025-07-30 06:00:00-03:00,long,5577.5,5585.5,8.0,76.0,vwap_revert
2025-07-30,2025-07-30 14:05:00-03:00,2025-07-30 14:30:00-03:00,long,5581.5,5571.5,-10.0,-104.0,stop_loss
2025-07-30,2025-07-30 14:35:00-03:00,2025-07-30 15:15:00-03:00,long,5573.0,5578.5,5.5,51.0,max_hold
2025-07-30,2025-07-30 15:20:00-03:00,2025-07-31 06:00:00-03:00,long,5578.5,5610.0,31.5,311.0,target_gap_open
2025-07-31,2025-07-31 15:00:00-03:00,2025-07-31 15:05:00-03:00,short,5645.0,5648.5,-3.5,-39.0,stop_loss
2025-07-31,2025-07-31 15:10:00-03:00,2025-08-01 06:00:00-03:00,short,5650.0,5662.0,-12.0,-124.0,stop_gap_open
2025-08-01,2025-08-01 14:05:00-03:00,2025-08-01 14:10:00-03:00,long,5590.0,5585.0,-5.0,-54.0,stop_loss
2025-08-01,2025-08-01 14:15:00-03:00,2025-08-01 14:30:00-03:00,long,5587.5,5582.5,-5.0,-54.0,stop_loss
2025-08-01,2025-08-01 14:35:00-03:00,2025-08-01 15:15:00-03:00,long,5579.0,5580.0,1.0,6.0,max_hold
2025-08-01,2025-08-01 15:20:00-03:00,2025-08-04 06:00:00-03:00,long,5580.5,5572.0,-8.5,-89.0,stop_gap_open
2025-08-05,2025-08-05 14:05:00-03:00,2025-08-05 14:25:00-03:00,long,5542.0,5539.5,-2.5,-29.0,stop_loss
2025-08-05,2025-08-05 14:30:00-03:00,2025-08-05 15:10:00-03:00,long,5540.0,5541.5,1.5,11.0,max_hold
2025-08-05,2025-08-05 15:15:00-03:00,2025-08-05 15:25:00-03:00,long,5541.5,5539.0,-2.5,-29.0,stop_loss
2025-08-05,2025-08-06 06:00:00-03:00,2025-08-06 06:20:00-03:00,long,5538.5,5536.0,-2.5,-29.0,stop_loss
2025-08-06,2025-08-06 14:05:00-03:00,2025-08-06 14:45:00-03:00,long,5496.0,5496.0,0.0,-4.0,max_hold
2025-08-06,2025-08-06 14:50:00-03:00,2025-08-06 15:10:00-03:00,long,5496.5,5493.5,-3.0,-34.0,stop_loss
2025-08-06,2025-08-06 15:15:00-03:00,2025-08-07 06:25:00-03:00,long,5493.5,5498.5,5.0,46.0,max_hold
2025-08-07,2025-08-07 14:05:00-03:00,2025-08-07 14:45:00-03:00,long,5455.0,5456.5,1.5,11.0,max_hold
2025-08-07,2025-08-07 14:50:00-03:00,2025-08-07 15:00:00-03:00,long,5456.5,5453.0,-3.5,-39.0,stop_loss
2025-08-07,2025-08-07 15:05:00-03:00,2025-08-07 15:10:00-03:00,long,5453.5,5450.0,-3.5,-39.0,stop_loss
2025-08-07,2025-08-07 15:15:00-03:00,2025-08-07 15:20:00-03:00,long,5450.0,5446.5,-3.5,-39.0,stop_loss
2025-08-07,2025-08-07 15:25:00-03:00,2025-08-08 06:35:00-03:00,long,5446.5,5449.5,3.0,26.0,max_hold
2025-08-08,2025-08-08 14:05:00-03:00,2025-08-08 14:45:00-03:00,short,5468.5,5465.0,3.5,31.0,max_hold
2025-08-08,2025-08-08 14:50:00-03:00,2025-08-11 06:00:00-03:00,short,5465.0,5470.0,-5.0,-54.0,stop_gap_open
2025-08-11,2025-08-11 14:05:00-03:00,2025-08-11 14:10:00-03:00,long,5469.5,5467.0,-2.5,-29.0,stop_loss
2025-08-11,2025-08-11 14:15:00-03:00,2025-08-11 14:25:00-03:00,long,5469.0,5466.5,-2.5,-29.0,stop_loss
2025-08-11,2025-08-11 14:30:00-03:00,2025-08-11 15:10:00-03:00,long,5468.0,5470.0,2.0,16.0,max_hold
2025-08-11,2025-08-11 15:15:00-03:00,2025-08-11 15:25:00-03:00,long,5470.0,5467.5,-2.5,-29.0,stop_loss
2025-08-11,2025-08-12 06:00:00-03:00,2025-08-12 06:05:00-03:00,long,5468.5,5461.0,-7.5,-79.0,stop_gap_open
2025-08-12,2025-08-12 14:05:00-03:00,2025-08-12 14:15:00-03:00,long,5414.5,5411.5,-3.0,-34.0,stop_loss
2025-08-12,2025-08-12 14:20:00-03:00,2025-08-12 15:00:00-03:00,long,5414.0,5415.0,1.0,6.0,max_hold
2025-08-12,2025-08-12 15:05:00-03:00,2025-08-13 06:00:00-03:00,long,5415.0,5412.5,-2.5,-29.0,stop_loss
2025-08-13,2025-08-13 14:05:00-03:00,2025-08-13 14:45:00-03:00,short,5426.0,5424.0,2.0,16.0,max_hold
2025-08-13,2025-08-13 14:50:00-03:00,2025-08-13 15:15:00-03:00,short,5424.0,5419.5,4.5,41.0,vwap_revert
2025-08-14,2025-08-14 14:05:00-03:00,2025-08-14 14:10:00-03:00,short,5439.5,5442.5,-3.0,-34.0,stop_loss
2025-08-14,2025-08-14 14:15:00-03:00,2025-08-14 14:55:00-03:00,short,5441.0,5439.0,2.0,16.0,max_hold
2025-08-14,2025-08-14 15:00:00-03:00,2025-08-14 15:15:00-03:00,short,5439.5,5434.5,5.0,46.0,vwap_revert
2025-08-15,2025-08-15 14:05:00-03:00,2025-08-15 14:10:00-03:00,short,5419.5,5416.0,3.5,31.0,vwap_revert
2025-08-15,2025-08-15 14:20:00-03:00,2025-08-15 14:25:00-03:00,short,5418.0,5420.5,-2.5,-29.0,stop_loss
2025-08-15,2025-08-15 14:30:00-03:00,2025-08-15 14:50:00-03:00,short,5420.0,5422.5,-2.5,-29.0,stop_loss
2025-08-15,2025-08-15 14:55:00-03:00,2025-08-15 15:25:00-03:00,short,5423.5,5416.0,7.5,71.0,vwap_revert
2025-08-18,2025-08-18 14:05:00-03:00,2025-08-18 14:45:00-03:00,short,5452.5,5452.5,-0.0,-4.0,max_hold
2025-08-18,2025-08-18 14:50:00-03:00,2025-08-18 14:55:00-03:00,short,5452.5,5455.0,-2.5,-29.0,stop_loss
2025-08-18,2025-08-18 15:00:00-03:00,2025-08-18 15:05:00-03:00,short,5455.0,5457.5,-2.5,-29.0,stop_loss
2025-08-18,2025-08-18 15:10:00-03:00,2025-08-18 15:15:00-03:00,short,5456.0,5458.5,-2.5,-29.0,stop_gap_open
2025-08-18,2025-08-18 15:20:00-03:00,2025-08-18 15:25:00-03:00,short,5455.5,5458.0,-2.5,-29.0,stop_loss
2025-08-18,2025-08-19 06:00:00-03:00,2025-08-19 06:05:00-03:00,short,5451.5,5457.5,-6.0,-64.0,stop_gap_open
2025-08-19,2025-08-19 14:05:00-03:00,2025-08-19 14:10:00-03:00,short,5516.5,5520.5,-4.0,-44.0,stop_loss
2025-08-19,2025-08-19 14:15:00-03:00,2025-08-19 14:50:00-03:00,short,5521.0,5525.0,-4.0,-44.0,stop_loss
2025-08-19,2025-08-19 14:55:00-03:00,2025-08-20 06:05:00-03:00,short,5524.0,5497.5,26.5,261.0,max_hold
2025-08-20,2025-08-20 14:05:00-03:00,2025-08-20 14:10:00-03:00,long,5486.5,5491.0,4.5,41.0,vwap_revert
2025-08-20,2025-08-20 14:25:00-03:00,2025-08-20 15:05:00-03:00,short,5498.5,5495.5,3.0,26.0,max_hold
2025-08-20,2025-08-20 15:10:00-03:00,2025-08-20 15:25:00-03:00,short,5495.5,5491.5,4.0,36.0,vwap_revert
2025-08-21,2025-08-21 14:20:00-03:00,2025-08-21 14:25:00-03:00,long,5493.0,5490.5,-2.5,-29.0,stop_loss
2025-08-21,2025-08-21 14:30:00-03:00,2025-08-21 15:05:00-03:00,long,5489.5,5486.5,-3.0,-34.0,stop_loss
2025-08-21,2025-08-21 15:10:00-03:00,2025-08-21 15:25:00-03:00,long,5487.0,5484.5,-2.5,-29.0,stop_loss
2025-08-21,2025-08-22 06:00:00-03:00,2025-08-22 06:05:00-03:00,long,5486.5,5480.0,-6.5,-69.0,stop_gap_open
2025-08-22,2025-08-22 14:05:00-03:00,2025-08-22 14:20:00-03:00,long,5436.5,5434.0,-2.5,-29.0,stop_loss
2025-08-22,2025-08-22 14:25:00-03:00,2025-08-22 14:50:00-03:00,long,5436.0,5433.5,-2.5,-29.0,stop_loss
2025-08-22,2025-08-22 14:55:00-03:00,2025-08-25 06:00:00-03:00,long,5437.0,5434.5,-2.5,-29.0,stop_loss
2025-08-25,2025-08-25 14:05:00-03:00,2025-08-25 14:15:00-03:00,long,5423.0,5421.0,-2.0,-24.0,stop_loss
2025-08-25,2025-08-25 14:20:00-03:00,2025-08-25 15:00:00-03:00,long,5421.0,5419.0,-2.0,-24.0,stop_loss
2025-08-25,2025-08-25 15:05:00-03:00,2025-08-25 15:10:00-03:00,long,5419.0,5417.0,-2.0,-24.0,stop_loss
2025-08-25,2025-08-25 15:15:00-03:00,2025-08-26 06:00:00-03:00,long,5418.5,5410.0,-8.5,-89.0,stop_gap_open
2025-08-26,2025-08-26 14:05:00-03:00,2025-08-26 14:45:00-03:00,short,5442.0,5439.0,3.0,26.0,max_hold
2025-08-26,2025-08-26 14:50:00-03:00,2025-08-27 06:00:00-03:00,short,5439.0,5455.0,-16.0,-164.0,stop_gap_open
2025-08-27,2025-08-27 14:05:00-03:00,2025-08-27 14:45:00-03:00,long,5422.0,5424.0,2.0,16.0,max_hold
2025-08-27,2025-08-27 14:50:00-03:00,2025-08-27 15:15:00-03:00,long,5424.5,5422.0,-2.5,-29.0,stop_loss
2025-08-27,2025-08-27 15:20:00-03:00,2025-08-27 15:25:00-03:00,long,5422.5,5420.5,-2.0,-24.0,stop_loss
2025-08-27,2025-08-28 06:00:00-03:00,2025-08-28 06:05:00-03:00,long,5417.5,5414.5,-3.0,-34.0,stop_gap_open
2025-08-28,2025-08-28 14:05:00-03:00,2025-08-28 14:10:00-03:00,long,5409.0,5406.5,-2.5,-29.0,stop_loss
2025-08-28,2025-08-28 14:15:00-03:00,2025-08-28 14:55:00-03:00,long,5407.5,5414.0,6.5,61.0,vwap_revert
2025-08-29,2025-08-29 15:00:00-03:00,2025-08-29 15:05:00-03:00,short,5470.5,5473.0,-2.5,-29.0,stop_loss
2025-08-29,2025-08-29 15:10:00-03:00,2025-09-01 06:00:00-03:00,short,5472.0,5463.5,8.5,81.0,target_gap_open
2025-09-01,2025-09-01 14:05:00-03:00,2025-09-01 14:15:00-03:00,short,5479.0,5481.0,-2.0,-24.0,stop_loss
2025-09-01,2025-09-01 14:20:00-03:00,2025-09-01 15:00:00-03:00,short,5480.0,5480.5,-0.5,-9.0,max_hold
2025-09-01,2025-09-01 15:05:00-03:00,2025-09-01 15:15:00-03:00,short,5480.5,5482.5,-2.0,-24.0,stop_loss
2025-09-01,2025-09-01 15:20:00-03:00,2025-09-02 06:00:00-03:00,short,5481.5,5505.0,-23.5,-239.0,stop_gap_open
2025-09-02,2025-09-03 06:00:00-03:00,2025-09-03 06:05:00-03:00,long,5499.0,5495.0,-4.0,-44.0,stop_gap_open
2025-09-03,2025-09-03 14:15:00-03:00,2025-09-03 14:40:00-03:00,short,5491.5,5486.5,5.0,46.0,vwap_revert
2025-09-04,2025-09-04 14:05:00-03:00,2025-09-04 14:45:00-03:00,long,5480.0,5481.0,1.0,6.0,max_hold
2025-09-04,2025-09-04 14:50:00-03:00,2025-09-04 15:15:00-03:00,long,5481.5,5479.0,-2.5,-29.0,stop_loss
2025-09-04,2025-09-04 15:20:00-03:00,2025-09-05 06:00:00-03:00,long,5480.0,5463.5,-16.5,-169.0,stop_gap_open
2025-09-05,2025-09-05 14:05:00-03:00,2025-09-05 14:15:00-03:00,short,5443.5,5446.5,-3.0,-34.0,stop_loss
2025-09-05,2025-09-05 14:20:00-03:00,2025-09-05 15:00:00-03:00,short,5447.0,5450.0,-3.0,-34.0,stop_loss
2025-09-05,2025-09-05 15:05:00-03:00,2025-09-05 15:10:00-03:00,short,5447.5,5450.0,-2.5,-29.0,stop_loss
2025-09-05,2025-09-05 15:15:00-03:00,2025-09-08 06:00:00-03:00,short,5450.0,5437.5,12.5,121.0,vwap_revert
2025-09-08,2025-09-08 14:05:00-03:00,2025-09-08 14:45:00-03:00,long,5448.0,5450.5,2.5,21.0,max_hold
2025-09-08,2025-09-08 15:00:00-03:00,2025-09-09 06:00:00-03:00,long,5450.0,5448.0,-2.0,-24.0,stop_loss
2025-09-09,2025-09-09 14:05:00-03:00,2025-09-09 14:10:00-03:00,short,5464.0,5466.5,-2.5,-29.0,stop_loss
2025-09-09,2025-09-09 14:15:00-03:00,2025-09-09 14:25:00-03:00,short,5466.0,5468.5,-2.5,-29.0,stop_loss
2025-09-09,2025-09-09 14:30:00-03:00,2025-09-09 15:10:00-03:00,short,5469.0,5462.0,7.0,66.0,max_hold
2025-09-09,2025-09-09 15:15:00-03:00,2025-09-10 06:00:00-03:00,short,5462.0,5457.0,5.0,46.0,vwap_revert
2025-09-10,2025-09-10 14:05:00-03:00,2025-09-10 14:10:00-03:00,long,5434.0,5432.0,-2.0,-24.0,stop_loss
2025-09-10,2025-09-10 14:15:00-03:00,2025-09-10 14:20:00-03:00,long,5432.0,5430.0,-2.0,-24.0,stop_loss
2025-09-10,2025-09-10 14:25:00-03:00,2025-09-10 15:05:00-03:00,long,5431.5,5432.0,0.5,1.0,max_hold
2025-09-10,2025-09-10 15:10:00-03:00,2025-09-10 15:15:00-03:00,long,5432.0,5430.0,-2.0,-24.0,stop_loss
2025-09-10,2025-09-10 15:20:00-03:00,2025-09-10 15:25:00-03:00,long,5429.5,5427.5,-2.0,-24.0,stop_loss
2025-09-10,2025-09-11 06:00:00-03:00,2025-09-11 06:05:00-03:00,long,5435.0,5441.0,6.0,56.0,vwap_revert
2025-09-11,2025-09-11 14:15:00-03:00,2025-09-11 14:20:00-03:00,long,5415.0,5412.5,-2.5,-29.0,stop_loss
2025-09-11,2025-09-11 14:25:00-03:00,2025-09-11 15:05:00-03:00,long,5411.5,5412.5,1.0,6.0,max_hold
2025-09-11,2025-09-11 15:10:00-03:00,2025-09-11 15:15:00-03:00,long,5413.0,5410.5,-2.5,-29.0,stop_loss
2025-09-11,2025-09-11 15:20:00-03:00,2025-09-12 06:00:00-03:00,long,5411.0,5423.0,12.0,116.0,target_gap_open
2025-09-12,2025-09-12 14:05:00-03:00,2025-09-12 14:45:00-03:00,long,5376.0,5378.0,2.0,16.0,max_hold
2025-09-12,2025-09-12 14:50:00-03:00,2025-09-12 15:00:00-03:00,long,5377.5,5375.0,-2.5,-29.0,stop_loss
2025-09-12,2025-09-12 15:05:00-03:00,2025-09-12 15:10:00-03:00,long,5372.5,5370.0,-2.5,-29.0,stop_loss
2025-09-12,2025-09-12 15:15:00-03:00,2025-09-12 15:20:00-03:00,long,5370.5,5367.5,-3.0,-34.0,stop_gap_open
2025-09-12,2025-09-12 15:25:00-03:00,2025-09-15 06:00:00-03:00,long,5365.5,5362.5,-3.0,-34.0,stop_loss
2025-09-15,2025-09-15 14:05:00-03:00,2025-09-15 14:45:00-03:00,long,5340.0,5341.0,1.0,6.0,max_hold
2025-09-15,2025-09-15 14:50:00-03:00,2025-09-15 14:55:00-03:00,long,5340.5,5338.5,-2.0,-24.0,stop_loss
2025-09-15,2025-09-15 15:00:00-03:00,2025-09-15 15:10:00-03:00,long,5337.5,5335.5,-2.0,-24.0,stop_loss
2025-09-15,2025-09-15 15:15:00-03:00,2025-09-16 06:00:00-03:00,long,5336.5,5324.5,-12.0,-124.0,stop_gap_open
2025-09-16,2025-09-16 14:05:00-03:00,2025-09-16 14:10:00-03:00,long,5315.5,5313.5,-2.0,-24.0,stop_loss
2025-09-16,2025-09-16 14:15:00-03:00,2025-09-16 14:55:00-03:00,long,5313.0,5315.5,2.5,21.0,max_hold
2025-09-16,2025-09-16 15:00:00-03:00,2025-09-16 15:10:00-03:00,long,5315.0,5313.0,-2.0,-24.0,stop_loss
2025-09-16,2025-09-16 15:15:00-03:00,2025-09-17 06:25:00-03:00,long,5313.5,5324.5,11.0,106.0,vwap_revert
2025-09-17,2025-09-17 14:50:00-03:00,2025-09-17 15:10:00-03:00,short,5320.0,5324.5,-4.5,-49.0,stop_loss
2025-09-17,2025-09-17 15:15:00-03:00,2025-09-17 15:20:00-03:00,short,5323.0,5327.0,-4.0,-44.0,stop_loss
2025-09-17,2025-09-17 15:25:00-03:00,2025-09-18 06:00:00-03:00,short,5323.0,5309.5,13.5,131.0,target_gap_open
2025-09-18,2025-09-18 14:05:00-03:00,2025-09-18 14:45:00-03:00,short,5332.5,5327.5,5.0,46.0,max_hold
2025-09-18,2025-09-18 14:50:00-03:00,2025-09-18 15:30:00-03:00,short,5327.5,5321.0,6.5,61.0,max_hold
2025-09-18,2025-09-19 06:00:00-03:00,2025-09-19 06:05:00-03:00,short,5338.0,5340.5,-2.5,-29.0,stop_gap_open
2025-09-19,2025-09-19 14:05:00-03:00,2025-09-19 14:45:00-03:00,long,5332.5,5338.0,5.5,51.0,max_hold
2025-09-22,2025-09-22 14:05:00-03:00,2025-09-22 14:40:00-03:00,long,5349.0,5346.5,-2.5,-29.0,stop_loss
2025-09-22,2025-09-22 14:45:00-03:00,2025-09-22 15:05:00-03:00,long,5346.5,5344.5,-2.0,-24.0,stop_loss
2025-09-22,2025-09-22 15:10:00-03:00,2025-09-22 15:20:00-03:00,long,5345.5,5343.5,-2.0,-24.0,stop_loss
2025-09-22,2025-09-22 15:25:00-03:00,2025-09-23 06:10:00-03:00,long,5345.0,5354.0,9.0,86.0,vwap_revert
2025-09-23,2025-09-23 14:05:00-03:00,2025-09-23 14:45:00-03:00,long,5287.5,5291.5,4.0,36.0,max_hold
2025-09-23,2025-09-23 14:50:00-03:00,2025-09-23 15:00:00-03:00,long,5291.5,5289.0,-2.5,-29.0,stop_loss
2025-09-23,2025-09-23 15:05:00-03:00,2025-09-23 15:15:00-03:00,long,5288.0,5285.0,-3.0,-34.0,stop_loss
2025-09-23,2025-09-23 15:20:00-03:00,2025-09-24 06:30:00-03:00,long,5286.0,5306.0,20.0,196.0,max_hold
2025-09-24,2025-09-24 14:05:00-03:00,2025-09-24 14:20:00-03:00,short,5332.0,5334.0,-2.0,-24.0,stop_loss
2025-09-24,2025-09-24 14:25:00-03:00,2025-09-24 14:40:00-03:00,short,5334.5,5336.5,-2.0,-24.0,stop_loss
2025-09-24,2025-09-24 14:45:00-03:00,2025-09-24 14:50:00-03:00,short,5337.0,5339.0,-2.0,-24.0,stop_loss
2025-09-24,2025-09-24 14:55:00-03:00,2025-09-24 15:00:00-03:00,short,5338.5,5341.0,-2.5,-29.0,stop_loss
2025-09-24,2025-09-24 15:05:00-03:00,2025-09-24 15:10:00-03:00,short,5336.0,5313.0,23.0,226.0,target_gap_open
2025-09-25,2025-09-25 14:05:00-03:00,2025-09-25 14:45:00-03:00,short,5369.5,5366.5,3.0,26.0,max_hold
2025-09-25,2025-09-25 14:50:00-03:00,2025-09-25 14:55:00-03:00,short,5366.5,5370.0,-3.5,-39.0,stop_gap_open
2025-09-25,2025-09-25 15:00:00-03:00,2025-09-25 15:10:00-03:00,short,5369.5,5372.5,-3.0,-34.0,stop_loss
2025-09-25,2025-09-25 15:15:00-03:00,2025-09-26 06:25:00-03:00,short,5371.0,5362.5,8.5,81.0,max_hold
2025-09-30,2025-09-30 14:05:00-03:00,2025-09-30 14:25:00-03:00,short,5365.5,5360.5,5.0,46.0,vwap_revert
2025-09-30,2025-09-30 15:00:00-03:00,2025-09-30 15:15:00-03:00,short,5365.0,5360.5,4.5,41.0,vwap_revert
2025-10-09,2025-10-09 14:05:00-03:00,2025-10-09 14:15:00-03:00,short,5404.0,5406.5,-2.5,-29.0,stop_loss
2025-10-09,2025-10-09 14:20:00-03:00,2025-10-09 15:00:00-03:00,short,5405.5,5400.0,5.5,51.0,max_hold
2025-10-09,2025-10-09 15:05:00-03:00,2025-10-09 15:10:00-03:00,short,5400.5,5403.0,-2.5,-29.0,stop_gap_open
2025-10-09,2025-10-09 15:15:00-03:00,2025-10-09 15:25:00-03:00,short,5405.5,5408.0,-2.5,-29.0,stop_loss
2025-10-09,2025-10-10 06:00:00-03:00,2025-10-10 06:30:00-03:00,short,5399.5,5402.5,-3.0,-34.0,stop_loss
2025-10-24,2025-10-24 14:05:00-03:00,2025-10-24 14:45:00-03:00,short,5402.5,5398.5,4.0,36.0,max_hold
2025-10-24,2025-10-24 14:50:00-03:00,2025-10-24 14:55:00-03:00,short,5398.0,5400.0,-2.0,-24.0,stop_loss
2025-10-24,2025-10-24 15:00:00-03:00,2025-10-27 06:00:00-03:00,short,5399.5,5372.5,27.0,266.0,target_gap_open
2025-10-27,2025-10-27 14:30:00-03:00,2025-10-27 14:50:00-03:00,long,5379.0,5381.0,2.0,16.0,vwap_revert
2025-10-28,2025-10-28 14:05:00-03:00,2025-10-28 14:45:00-03:00,long,5366.0,5365.5,-0.5,-9.0,max_hold
2025-10-28,2025-10-28 14:50:00-03:00,2025-10-28 15:00:00-03:00,long,5365.0,5363.0,-2.0,-24.0,stop_loss
2025-10-28,2025-10-28 15:05:00-03:00,2025-10-28 15:10:00-03:00,long,5365.0,5363.0,-2.0,-24.0,stop_loss
2025-10-28,2025-10-28 15:15:00-03:00,2025-10-29 06:00:00-03:00,long,5363.5,5361.5,-2.0,-24.0,stop_loss
2025-10-29,2025-10-29 14:05:00-03:00,2025-10-29 14:45:00-03:00,short,5362.5,5362.5,-0.0,-4.0,max_hold
2025-10-29,2025-10-29 14:50:00-03:00,2025-10-29 14:55:00-03:00,short,5362.5,5365.5,-3.0,-34.0,stop_loss
2025-10-29,2025-10-29 15:00:00-03:00,2025-10-30 06:00:00-03:00,short,5364.5,5367.5,-3.0,-34.0,stop_loss
2025-10-30,2025-10-30 14:10:00-03:00,2025-10-30 14:15:00-03:00,long,5381.0,5384.0,3.0,26.0,vwap_revert
2025-10-30,2025-10-30 14:35:00-03:00,2025-10-30 14:55:00-03:00,long,5382.0,5384.0,2.0,16.0,vwap_revert
2025-10-31,2025-10-31 14:05:00-03:00,2025-10-31 14:10:00-03:00,long,5414.5,5412.0,-2.5,-29.0,stop_loss
2025-10-31,2025-10-31 14:15:00-03:00,2025-10-31 14:55:00-03:00,long,5412.5,5410.5,-2.0,-24.0,max_hold
2025-10-31,2025-10-31 15:00:00-03:00,2025-11-03 06:00:00-03:00,long,5410.5,5408.0,-2.5,-29.0,stop_loss
2025-11-03,2025-11-03 15:00:00-03:00,2025-11-03 15:05:00-03:00,long,5390.5,5393.0,2.5,21.0,vwap_revert
2025-11-03,2025-11-03 15:25:00-03:00,2025-11-04 06:00:00-03:00,short,5396.0,5417.5,-21.5,-219.0,stop_gap_open
2025-11-04,2025-11-04 14:05:00-03:00,2025-11-04 14:45:00-03:00,short,5432.0,5432.5,-0.5,-9.0,max_hold
2025-11-04,2025-11-04 14:50:00-03:00,2025-11-04 15:05:00-03:00,short,5432.0,5434.5,-2.5,-29.0,stop_loss
2025-11-04,2025-11-04 15:10:00-03:00,2025-11-04 15:25:00-03:00,short,5439.0,5442.0,-3.0,-34.0,stop_loss
2025-11-04,2025-11-05 06:00:00-03:00,2025-11-05 06:05:00-03:00,short,5433.0,5423.0,10.0,96.0,vwap_revert
2025-11-05,2025-11-05 14:05:00-03:00,2025-11-05 14:45:00-03:00,long,5392.0,5389.5,-2.5,-29.0,stop_loss
2025-11-05,2025-11-05 14:50:00-03:00,2025-11-05 14:55:00-03:00,long,5390.0,5388.0,-2.0,-24.0,stop_loss
2025-11-05,2025-11-05 15:00:00-03:00,2025-11-05 15:10:00-03:00,long,5387.5,5385.5,-2.0,-24.0,stop_loss
2025-11-05,2025-11-05 15:15:00-03:00,2025-11-06 06:00:00-03:00,long,5384.0,5380.0,-4.0,-44.0,stop_gap_open
2025-11-06,2025-11-06 14:10:00-03:00,2025-11-06 14:50:00-03:00,short,5378.5,5380.5,-2.0,-24.0,max_hold
2025-11-06,2025-11-06 14:55:00-03:00,2025-11-06 15:15:00-03:00,short,5380.5,5376.0,4.5,41.0,vwap_revert
2025-11-07,2025-11-07 14:05:00-03:00,2025-11-07 14:45:00-03:00,long,5360.0,5362.0,2.0,16.0,max_hold
2025-11-07,2025-11-07 14:50:00-03:00,2025-11-07 14:55:00-03:00,long,5362.0,5360.0,-2.0,-24.0,stop_loss
2025-11-07,2025-11-07 15:00:00-03:00,2025-11-07 15:10:00-03:00,long,5357.5,5355.5,-2.0,-24.0,stop_loss
2025-11-07,2025-11-07 15:15:00-03:00,2025-11-07 15:20:00-03:00,long,5357.0,5355.0,-2.0,-24.0,stop_gap_open
2025-11-07,2025-11-07 15:25:00-03:00,2025-11-10 06:00:00-03:00,long,5356.0,5340.0,-16.0,-164.0,stop_gap_open
2025-11-10,2025-11-10 14:05:00-03:00,2025-11-10 14:10:00-03:00,long,5328.5,5326.5,-2.0,-24.0,stop_loss
2025-11-10,2025-11-10 14:15:00-03:00,2025-11-10 14:40:00-03:00,long,5326.0,5324.0,-2.0,-24.0,stop_loss
2025-11-10,2025-11-10 14:45:00-03:00,2025-11-10 15:00:00-03:00,long,5323.0,5321.0,-2.0,-24.0,stop_loss
2025-11-10,2025-11-10 15:05:00-03:00,2025-11-10 15:10:00-03:00,long,5320.0,5318.0,-2.0,-24.0,stop_loss
2025-11-10,2025-11-10 15:15:00-03:00,2025-11-11 06:00:00-03:00,long,5313.0,5310.0,-3.0,-34.0,stop_loss
2025-11-11,2025-11-11 14:05:00-03:00,2025-11-11 14:10:00-03:00,long,5296.0,5294.0,-2.0,-24.0,stop_loss
2025-11-11,2025-11-11 14:15:00-03:00,2025-11-11 14:55:00-03:00,long,5294.0,5294.0,0.0,-4.0,max_hold
2025-11-11,2025-11-11 15:00:00-03:00,2025-11-12 06:00:00-03:00,long,5293.5,5300.5,7.0,66.0,vwap_revert
2025-11-12,2025-11-12 14:05:00-03:00,2025-11-12 14:30:00-03:00,short,5311.0,5313.0,-2.0,-24.0,stop_loss
2025-11-12,2025-11-12 14:35:00-03:00,2025-11-12 15:15:00-03:00,short,5313.5,5313.0,0.5,1.0,max_hold
2025-11-12,2025-11-12 15:20:00-03:00,2025-11-13 06:00:00-03:00,short,5313.0,5301.5,11.5,111.0,target_gap_open
2025-11-13,2025-11-13 14:05:00-03:00,2025-11-13 14:10:00-03:00,short,5318.5,5321.5,-3.0,-34.0,stop_loss
2025-11-13,2025-11-13 14:15:00-03:00,2025-11-13 14:55:00-03:00,short,5322.5,5316.0,6.5,61.0,max_hold
2025-11-13,2025-11-13 15:00:00-03:00,2025-11-14 06:00:00-03:00,short,5315.5,5325.0,-9.5,-99.0,stop_gap_open
2025-11-14,2025-11-14 14:20:00-03:00,2025-11-14 14:55:00-03:00,short,5315.5,5312.5,3.0,26.0,vwap_revert
2025-11-14,2025-11-14 15:05:00-03:00,2025-11-14 15:15:00-03:00,short,5315.0,5317.0,-2.0,-24.0,stop_loss
2025-11-14,2025-11-14 15:20:00-03:00,2025-11-17 06:00:00-03:00,short,5317.5,5319.5,-2.0,-24.0,ambiguous_stop_first
2025-11-17,2025-11-17 14:05:00-03:00,2025-11-17 14:45:00-03:00,short,5346.0,5345.0,1.0,6.0,max_hold
2025-11-17,2025-11-17 14:50:00-03:00,2025-11-18 06:00:00-03:00,short,5345.0,5351.0,-6.0,-64.0,stop_gap_open
2025-11-18,2025-11-18 14:05:00-03:00,2025-11-18 14:45:00-03:00,long,5330.5,5337.0,6.5,61.0,max_hold
2025-11-18,2025-11-18 14:50:00-03:00,2025-11-18 14:55:00-03:00,long,5336.5,5334.5,-2.0,-24.0,stop_loss
2025-11-18,2025-11-18 15:00:00-03:00,2025-11-19 06:10:00-03:00,long,5334.5,5336.5,2.0,16.0,max_hold
2025-11-19,2025-11-19 15:00:00-03:00,2025-11-19 15:15:00-03:00,long,5343.5,5347.0,3.5,31.0,vwap_revert
2025-11-19,2025-11-19 15:20:00-03:00,2025-11-19 15:25:00-03:00,long,5343.0,5340.0,-3.0,-34.0,stop_gap_open
2025-11-21,2025-11-21 14:05:00-03:00,2025-11-21 14:45:00-03:00,short,5413.5,5415.5,-2.0,-24.0,max_hold
2025-11-21,2025-11-21 14:50:00-03:00,2025-11-21 15:25:00-03:00,short,5416.0,5419.0,-3.0,-34.0,stop_loss
2025-11-21,2025-11-24 06:00:00-03:00,2025-11-24 06:05:00-03:00,short,5408.0,5400.5,7.5,71.0,target_gap_open
2025-11-25,2025-11-25 14:05:00-03:00,2025-11-25 14:35:00-03:00,long,5379.0,5385.0,6.0,56.0,vwap_revert
2025-12-02,2025-12-02 14:05:00-03:00,2025-12-02 14:30:00-03:00,long,5364.0,5361.5,-2.5,-29.0,stop_loss
2025-12-02,2025-12-02 14:35:00-03:00,2025-12-02 15:15:00-03:00,long,5361.0,5363.5,2.5,21.0,max_hold
2025-12-02,2025-12-02 15:20:00-03:00,2025-12-02 15:25:00-03:00,long,5363.0,5361.0,-2.0,-24.0,stop_loss
2025-12-02,2025-12-03 06:00:00-03:00,2025-12-03 06:05:00-03:00,long,5350.0,5348.0,-2.0,-24.0,stop_loss
2025-12-03,2025-12-03 15:25:00-03:00,2025-12-04 06:00:00-03:00,long,5341.0,5336.0,-5.0,-54.0,stop_gap_open
2025-12-04,2025-12-04 14:05:00-03:00,2025-12-04 14:20:00-03:00,short,5341.0,5343.5,-2.5,-29.0,stop_loss
2025-12-04,2025-12-04 14:25:00-03:00,2025-12-04 15:05:00-03:00,short,5343.0,5342.5,0.5,1.0,max_hold
2025-12-04,2025-12-04 15:10:00-03:00,2025-12-05 06:00:00-03:00,short,5343.0,5327.5,15.5,151.0,target_gap_open
2025-12-05,2025-12-05 14:05:00-03:00,2025-12-05 14:30:00-03:00,short,5467.0,5480.5,-13.5,-139.0,stop_loss
2025-12-05,2025-12-05 14:35:00-03:00,2025-12-05 15:15:00-03:00,short,5479.5,5469.5,10.0,96.0,max_hold
2025-12-05,2025-12-05 15:20:00-03:00,2025-12-08 06:30:00-03:00,short,5469.5,5446.5,23.0,226.0,max_hold
2026-01-09,2026-01-09 14:05:00-03:00,2026-01-09 14:35:00-03:00,long,5394.0,5391.5,-2.5,-29.0,stop_loss
2026-01-09,2026-01-09 14:40:00-03:00,2026-01-09 15:15:00-03:00,long,5391.0,5399.0,8.0,76.0,vwap_revert
2026-01-12,2026-01-12 14:20:00-03:00,2026-01-12 14:55:00-03:00,short,5399.5,5401.5,-2.0,-24.0,stop_loss
2026-01-12,2026-01-12 15:00:00-03:00,2026-01-12 15:20:00-03:00,short,5401.5,5403.0,-1.5,-19.0,stop_loss
2026-01-12,2026-01-12 15:25:00-03:00,2026-01-13 06:00:00-03:00,short,5402.0,5396.5,5.5,51.0,vwap_revert
2026-01-13,2026-01-13 14:35:00-03:00,2026-01-13 14:40:00-03:00,long,5398.5,5396.0,-2.5,-29.0,stop_loss
2026-01-13,2026-01-13 14:45:00-03:00,2026-01-13 15:25:00-03:00,long,5396.0,5396.0,0.0,-4.0,max_hold
2026-01-13,2026-01-14 06:00:00-03:00,2026-01-14 06:05:00-03:00,long,5393.5,5391.5,-2.0,-24.0,stop_loss
2026-01-14,2026-01-14 14:05:00-03:00,2026-01-14 14:45:00-03:00,short,5421.5,5413.0,8.5,81.0,max_hold
2026-01-14,2026-01-14 14:50:00-03:00,2026-01-14 15:25:00-03:00,short,5413.5,5417.0,-3.5,-39.0,stop_loss
2026-01-14,2026-01-15 06:00:00-03:00,2026-01-15 06:05:00-03:00,short,5412.0,5405.0,7.0,66.0,target_gap_open
2026-01-15,2026-01-15 14:05:00-03:00,2026-01-15 14:45:00-03:00,long,5387.0,5389.5,2.5,21.0,max_hold
2026-01-15,2026-01-15 14:50:00-03:00,2026-01-15 15:10:00-03:00,long,5389.5,5386.5,-3.0,-34.0,stop_loss
2026-01-15,2026-01-15 15:15:00-03:00,2026-01-16 06:10:00-03:00,long,5385.5,5382.5,-3.0,-34.0,stop_loss
2026-01-16,2026-01-16 14:05:00-03:00,2026-01-16 14:45:00-03:00,long,5388.5,5389.0,0.5,1.0,max_hold
2026-01-16,2026-01-16 14:50:00-03:00,2026-01-16 14:55:00-03:00,long,5389.5,5387.5,-2.0,-24.0,stop_gap_open
2026-01-16,2026-01-16 15:00:00-03:00,2026-01-16 15:15:00-03:00,long,5388.5,5386.5,-2.0,-24.0,stop_loss
2026-01-16,2026-01-16 15:20:00-03:00,2026-01-19 06:00:00-03:00,long,5386.5,5397.0,10.5,101.0,target_gap_open
2026-01-19,2026-01-19 14:45:00-03:00,2026-01-19 15:05:00-03:00,short,5383.5,5385.5,-2.0,-24.0,stop_loss
2026-01-19,2026-01-19 15:10:00-03:00,2026-01-19 15:15:00-03:00,short,5385.0,5387.0,-2.0,-24.0,stop_loss
2026-01-19,2026-01-19 15:20:00-03:00,2026-01-19 15:25:00-03:00,short,5386.0,5388.0,-2.0,-24.0,stop_loss
2026-01-19,2026-01-20 06:00:00-03:00,2026-01-20 06:15:00-03:00,short,5394.0,5396.5,-2.5,-29.0,stop_loss
2026-01-20,2026-01-20 14:05:00-03:00,2026-01-20 14:25:00-03:00,long,5393.5,5390.0,-3.5,-39.0,stop_loss
2026-01-20,2026-01-20 14:30:00-03:00,2026-01-20 15:10:00-03:00,long,5390.5,5391.0,0.5,1.0,max_hold
2026-01-20,2026-01-20 15:15:00-03:00,2026-01-21 06:00:00-03:00,long,5391.0,5383.5,-7.5,-79.0,stop_gap_open
2026-01-21,2026-01-21 14:05:00-03:00,2026-01-21 14:45:00-03:00,long,5331.0,5331.5,0.5,1.0,max_hold
2026-01-21,2026-01-21 14:50:00-03:00,2026-01-21 14:55:00-03:00,long,5331.5,5328.0,-3.5,-39.0,stop_gap_open
2026-01-21,2026-01-21 15:00:00-03:00,2026-01-22 06:10:00-03:00,long,5328.5,5328.5,0.0,-4.0,max_hold
2026-01-22,2026-01-22 14:05:00-03:00,2026-01-22 14:15:00-03:00,long,5296.0,5293.0,-3.0,-34.0,stop_loss
2026-01-22,2026-01-22 14:20:00-03:00,2026-01-22 15:00:00-03:00,long,5292.5,5300.5,8.0,76.0,max_hold
2026-01-22,2026-01-22 15:05:00-03:00,2026-01-22 15:10:00-03:00,long,5300.5,5298.0,-2.5,-29.0,stop_loss
2026-01-22,2026-01-22 15:15:00-03:00,2026-01-22 15:20:00-03:00,long,5300.0,5297.5,-2.5,-29.0,stop_loss
2026-01-22,2026-01-22 15:25:00-03:00,2026-01-23 06:35:00-03:00,long,5298.0,5303.0,5.0,46.0,max_hold
2026-01-23,2026-01-23 14:05:00-03:00,2026-01-23 14:10:00-03:00,long,5293.0,5289.5,-3.5,-39.0,stop_loss
2026-01-23,2026-01-23 14:15:00-03:00,2026-01-23 14:55:00-03:00,long,5289.5,5296.0,6.5,61.0,max_hold
2026-01-26,2026-01-26 14:05:00-03:00,2026-01-26 14:30:00-03:00,short,5288.0,5284.0,4.0,36.0,vwap_revert
2026-01-26,2026-01-26 14:55:00-03:00,2026-01-26 15:00:00-03:00,short,5289.5,5292.0,-2.5,-29.0,stop_loss
2026-01-26,2026-01-26 15:05:00-03:00,2026-01-26 15:15:00-03:00,short,5290.5,5293.5,-3.0,-34.0,stop_loss
2026-01-26,2026-01-26 15:20:00-03:00,2026-01-27 06:00:00-03:00,short,5293.5,5282.0,11.5,111.0,target_gap_open
2026-01-27,2026-01-27 14:05:00-03:00,2026-01-27 14:25:00-03:00,long,5209.5,5205.5,-4.0,-44.0,stop_loss
2026-01-27,2026-01-27 14:30:00-03:00,2026-01-27 14:35:00-03:00,long,5204.5,5201.0,-3.5,-39.0,stop_loss
2026-01-27,2026-01-27 14:40:00-03:00,2026-01-27 14:45:00-03:00,long,5202.0,5198.0,-4.0,-44.0,stop_gap_open
2026-01-27,2026-01-27 14:50:00-03:00,2026-01-27 14:55:00-03:00,long,5193.5,5186.0,-7.5,-79.0,stop_gap_open
2026-01-27,2026-01-27 15:00:00-03:00,2026-01-27 15:15:00-03:00,long,5194.0,5188.0,-6.0,-64.0,stop_loss
2026-01-27,2026-01-27 15:20:00-03:00,2026-01-27 15:25:00-03:00,long,5190.0,5184.0,-6.0,-64.0,stop_loss
2026-01-27,2026-01-28 06:00:00-03:00,2026-01-28 06:40:00-03:00,long,5192.0,5195.5,3.5,31.0,max_hold
2026-01-29,2026-01-29 14:05:00-03:00,2026-01-29 14:15:00-03:00,long,5196.5,5192.0,-4.5,-49.0,stop_loss
2026-01-29,2026-01-29 14:20:00-03:00,2026-01-29 15:00:00-03:00,long,5192.5,5192.0,-0.5,-9.0,max_hold
2026-01-29,2026-01-29 15:05:00-03:00,2026-01-30 06:00:00-03:00,long,5192.0,5239.5,47.5,471.0,target_gap_open
2026-02-12,2026-02-12 14:05:00-03:00,2026-02-12 14:10:00-03:00,short,5216.0,5220.5,-4.5,-49.0,stop_loss
2026-02-12,2026-02-12 14:15:00-03:00,2026-02-12 14:50:00-03:00,short,5220.5,5224.5,-4.0,-44.0,stop_loss
2026-02-12,2026-02-12 14:55:00-03:00,2026-02-12 15:00:00-03:00,short,5224.5,5229.0,-4.5,-49.0,stop_gap_open
2026-02-12,2026-02-12 15:05:00-03:00,2026-02-12 15:20:00-03:00,short,5229.5,5234.0,-4.5,-49.0,stop_loss
2026-02-12,2026-02-12 15:25:00-03:00,2026-02-13 06:00:00-03:00,short,5229.0,5234.0,-5.0,-54.0,stop_gap_open
2026-02-18,2026-02-18 14:05:00-03:00,2026-02-18 14:20:00-03:00,short,5250.0,5254.5,-4.5,-49.0,stop_loss
2026-02-18,2026-02-18 14:25:00-03:00,2026-02-18 15:05:00-03:00,short,5254.5,5249.5,5.0,46.0,max_hold
2026-02-18,2026-02-18 15:10:00-03:00,2026-02-18 15:15:00-03:00,short,5250.0,5253.5,-3.5,-39.0,stop_loss
2026-02-18,2026-02-18 15:20:00-03:00,2026-02-19 06:00:00-03:00,short,5250.5,5260.0,-9.5,-99.0,stop_gap_open
2026-02-19,2026-02-19 14:35:00-03:00,2026-02-19 14:40:00-03:00,long,5232.0,5229.0,-3.0,-34.0,stop_loss
2026-02-19,2026-02-19 14:45:00-03:00,2026-02-19 15:05:00-03:00,long,5228.0,5224.5,-3.5,-39.0,stop_loss
2026-02-19,2026-02-19 15:10:00-03:00,2026-02-19 15:20:00-03:00,long,5225.5,5222.0,-3.5,-39.0,stop_loss
2026-02-19,2026-02-19 15:25:00-03:00,2026-02-20 06:00:00-03:00,long,5223.5,5220.5,-3.0,-34.0,stop_loss
2026-02-20,2026-02-20 14:05:00-03:00,2026-02-20 14:45:00-03:00,long,5184.0,5182.0,-2.0,-24.0,max_hold
2026-02-20,2026-02-20 14:50:00-03:00,2026-02-23 06:00:00-03:00,long,5182.0,5194.0,12.0,116.0,max_hold
2026-02-23,2026-02-23 14:05:00-03:00,2026-02-23 14:45:00-03:00,short,5175.0,5173.5,1.5,11.0,max_hold
2026-02-23,2026-02-23 14:50:00-03:00,2026-02-23 15:15:00-03:00,short,5173.0,5175.5,-2.5,-29.0,stop_loss
2026-02-23,2026-02-23 15:20:00-03:00,2026-02-23 15:25:00-03:00,short,5175.0,5178.5,-3.5,-39.0,stop_gap_open
2026-02-23,2026-02-24 06:00:00-03:00,2026-02-24 06:10:00-03:00,short,5179.0,5181.5,-2.5,-29.0,stop_loss
2026-02-24,2026-02-24 14:05:00-03:00,2026-02-24 14:30:00-03:00,long,5162.5,5160.0,-2.5,-29.0,stop_loss
2026-02-24,2026-02-24 14:35:00-03:00,2026-02-24 15:15:00-03:00,long,5160.5,5161.5,1.0,6.0,max_hold
2026-02-24,2026-02-24 15:20:00-03:00,2026-02-24 15:25:00-03:00,long,5161.5,5159.0,-2.5,-29.0,stop_loss
2026-02-24,2026-02-25 06:00:00-03:00,2026-02-25 06:05:00-03:00,long,5144.0,5140.5,-3.5,-39.0,stop_gap_open
2026-02-25,2026-02-25 14:05:00-03:00,2026-02-25 14:35:00-03:00,long,5126.5,5124.0,-2.5,-29.0,stop_loss
2026-02-25,2026-02-25 14:40:00-03:00,2026-02-25 15:20:00-03:00,long,5126.0,5126.5,0.5,1.0,max_hold
2026-02-25,2026-02-25 15:25:00-03:00,2026-02-26 06:35:00-03:00,long,5126.5,5139.0,12.5,121.0,max_hold
2026-02-26,2026-02-26 14:05:00-03:00,2026-02-26 14:10:00-03:00,long,5140.5,5137.5,-3.0,-34.0,stop_loss
2026-02-26,2026-02-26 14:15:00-03:00,2026-02-26 14:55:00-03:00,long,5137.5,5140.0,2.5,21.0,max_hold
2026-02-26,2026-02-26 15:00:00-03:00,2026-02-26 15:25:00-03:00,long,5140.5,5137.5,-3.0,-34.0,stop_loss
2026-02-27,2026-02-27 14:05:00-03:00,2026-02-27 14:10:00-03:00,long,5174.5,5171.5,-3.0,-34.0,stop_loss
2026-02-27,2026-02-27 14:15:00-03:00,2026-02-27 14:20:00-03:00,long,5172.5,5169.5,-3.0,-34.0,stop_loss
2026-02-27,2026-02-27 14:25:00-03:00,2026-02-27 14:30:00-03:00,long,5168.5,5165.5,-3.0,-34.0,stop_gap_open
2026-02-27,2026-02-27 14:35:00-03:00,2026-02-27 15:15:00-03:00,long,5163.0,5173.0,10.0,96.0,max_hold
2026-02-27,2026-02-27 15:20:00-03:00,2026-02-27 15:25:00-03:00,long,5173.5,5170.5,-3.0,-34.0,stop_loss
2026-03-02,2026-03-02 14:05:00-03:00,2026-03-02 14:45:00-03:00,long,5206.5,5214.5,8.0,76.0,max_hold
2026-03-02,2026-03-02 14:50:00-03:00,2026-03-03 06:00:00-03:00,long,5214.5,5277.0,62.5,621.0,target_gap_open
