session_date,signal_time,entry_time,exit_time,direction,entry_price,exit_price,stop_price,target_price,pnl_points,pnl_brl,fill_reason,exit_reason
2021-04-06,2021-04-06 11:21:00,2021-04-06 11:22:00,2021-04-06 11:23:00,short,5635.0,5631.5,5644.0,5631.5,3.5,35.0,limit_touch,take_profit
2021-04-06,2021-04-06 11:27:00,2021-04-06 11:28:00,2021-04-06 11:34:00,short,5632.5,5629.0,5641.5,5629.0,3.5,35.0,limit_touch,take_profit
2021-04-06,2021-04-06 11:58:00,2021-04-06 12:03:00,2021-04-06 12:08:00,short,5627.5,5624.0,5636.5,5624.0,3.5,35.0,limit_touch,take_profit
2021-04-06,2021-04-06 12:20:00,2021-04-06 12:25:00,2021-04-06 12:29:00,short,5627.0,5623.5,5636.0,5623.5,3.5,35.0,limit_touch,take_profit
2021-04-09,2021-04-09 11:08:00,2021-04-09 11:08:00,2021-04-09 11:09:00,long,5648.0,5652.0,5638.0,5652.0,4.0,40.0,limit_touch,take_profit
2021-04-09,2021-04-09 12:45:00,2021-04-09 12:47:00,2021-04-09 12:51:00,long,5667.5,5658.0,5658.0,5671.0,-9.5,-95.0,limit_touch,stop_loss
2021-04-13,2021-04-13 12:43:00,2021-04-13 12:45:00,2021-04-13 12:52:00,short,5704.5,5700.5,5715.0,5700.5,4.0,40.0,limit_touch,take_profit
2021-04-13,2021-04-13 12:59:00,2021-04-13 13:10:00,2021-04-13 13:15:00,short,5704.0,5700.0,5714.5,5700.0,4.0,40.0,limit_touch,take_profit
2021-04-16,2021-04-16 10:24:00,2021-04-16 10:32:00,2021-04-16 10:37:00,long,5672.0,5675.5,5663.0,5675.5,3.5,35.0,limit_touch,take_profit
2021-04-16,2021-04-16 12:20:00,2021-04-16 12:23:00,2021-04-16 12:25:00,short,5610.0,5606.0,5620.0,5606.0,4.0,40.0,limit_touch,take_profit
2021-04-20,2021-04-20 10:19:00,2021-04-20 10:22:00,2021-04-20 10:42:00,short,5535.5,5546.0,5546.0,5531.5,-10.5,-105.0,limit_touch,stop_loss
2021-04-20,2021-04-20 11:39:00,2021-04-20 11:42:00,2021-04-20 11:44:00,short,5520.0,5516.0,5530.5,5516.0,4.0,40.0,limit_touch,take_profit
2021-04-23,2021-04-23 10:12:00,2021-04-23 10:12:00,2021-04-23 10:19:00,long,5460.0,5464.0,5450.0,5464.0,4.0,40.0,limit_touch,take_profit
2021-04-23,2021-04-23 10:21:00,2021-04-23 10:21:00,2021-04-23 10:23:00,long,5460.0,5464.0,5450.0,5464.0,4.0,40.0,limit_touch,take_profit
2021-04-23,2021-04-23 10:28:00,2021-04-23 10:29:00,2021-04-23 10:34:00,long,5466.5,5456.5,5456.5,5470.5,-10.0,-100.0,limit_touch,stop_loss
2021-04-23,2021-04-23 11:21:00,2021-04-23 11:23:00,2021-04-23 11:31:00,long,5479.5,5483.5,5469.5,5483.5,4.0,40.0,limit_touch,take_profit
2021-04-23,2021-04-23 12:39:00,2021-04-23 12:48:00,2021-04-23 12:55:00,long,5510.0,5500.0,5500.0,5514.0,-10.0,-100.0,limit_touch,stop_loss
2021-04-27,2021-04-27 10:29:00,2021-04-27 10:34:00,2021-04-27 10:37:00,long,5459.0,5450.5,5450.5,5462.5,-8.5,-85.0,limit_touch,stop_loss
2021-04-30,2021-04-30 10:11:00,2021-04-30 10:11:00,2021-04-30 10:22:00,long,5381.0,5384.5,5372.5,5384.5,3.5,35.0,limit_touch,take_profit
2021-04-30,2021-04-30 10:23:00,2021-04-30 10:23:00,2021-04-30 10:28:00,long,5382.0,5385.5,5373.5,5385.5,3.5,35.0,limit_touch,take_profit
2021-04-30,2021-04-30 10:50:00,2021-04-30 10:57:00,2021-04-30 11:01:00,long,5398.5,5402.0,5390.0,5402.0,3.5,35.0,limit_touch,take_profit
2021-04-30,2021-04-30 11:16:00,2021-04-30 11:32:00,2021-04-30 11:41:00,long,5415.0,5418.5,5406.5,5418.5,3.5,35.0,limit_touch,take_profit
2021-04-30,2021-04-30 12:30:00,2021-04-30 12:33:00,2021-04-30 12:50:00,long,5435.0,5438.5,5426.0,5438.5,3.5,35.0,limit_touch,take_profit
2021-05-04,2021-05-04 10:20:00,2021-05-04 10:21:00,2021-05-04 10:27:00,short,5469.0,5465.5,5478.5,5465.5,3.5,35.0,limit_touch,take_profit
2021-05-04,2021-05-04 10:28:00,2021-05-04 10:28:00,2021-05-04 10:31:00,short,5468.0,5464.5,5477.5,5464.5,3.5,35.0,limit_touch,take_profit
2021-05-04,2021-05-04 10:33:00,2021-05-04 10:33:00,2021-05-04 10:34:00,short,5467.5,5464.0,5476.5,5464.0,3.5,35.0,limit_touch,take_profit
2021-05-04,2021-05-04 10:35:00,2021-05-04 10:35:00,2021-05-04 10:36:00,short,5464.5,5461.0,5474.0,5461.0,3.5,35.0,limit_touch,take_profit
2021-05-04,2021-05-04 10:45:00,2021-05-04 10:47:00,2021-05-04 10:53:00,short,5453.0,5449.5,5462.5,5449.5,3.5,35.0,limit_touch,take_profit
2021-05-04,2021-05-04 11:03:00,2021-05-04 11:04:00,2021-05-04 11:06:00,short,5450.5,5447.0,5460.0,5447.0,3.5,35.0,limit_touch,take_profit
2021-05-04,2021-05-04 13:29:00,2021-05-04 13:34:00,2021-05-04 13:35:00,short,5436.0,5432.5,5445.5,5432.5,3.5,35.0,limit_touch,take_profit
2021-05-07,2021-05-07 11:59:00,2021-05-07 13:00:00,2021-05-07 13:36:00,short,5228.5,5237.5,5237.5,5225.0,-9.0,-90.0,limit_touch,stop_loss
2021-05-11,2021-05-11 10:15:00,2021-05-11 10:31:00,2021-05-11 10:36:00,long,5281.0,5273.0,5273.0,5284.0,-8.0,-80.0,limit_touch,stop_loss
2021-05-11,2021-05-11 12:25:00,2021-05-11 12:32:00,2021-05-11 12:34:00,short,5225.0,5221.5,5233.5,5221.5,3.5,35.0,limit_touch,take_profit
2021-05-14,2021-05-14 10:22:00,2021-05-14 10:23:00,2021-05-14 10:31:00,short,5276.5,5272.5,5287.0,5272.5,4.0,40.0,limit_touch,take_profit
2021-05-14,2021-05-14 10:37:00,2021-05-14 10:37:00,2021-05-14 10:37:00,short,5273.5,5269.5,5284.0,5269.5,4.0,40.0,limit_touch,take_profit
2021-05-14,2021-05-14 10:46:00,2021-05-14 10:49:00,2021-05-14 10:54:00,short,5271.5,5267.5,5281.5,5267.5,4.0,40.0,limit_touch,take_profit
2021-05-14,2021-05-14 10:57:00,2021-05-14 11:00:00,2021-05-14 11:33:00,short,5269.5,5280.0,5280.0,5265.5,-10.5,-105.0,limit_touch,stop_loss
2021-05-14,2021-05-14 12:32:00,2021-05-14 12:35:00,2021-05-14 12:46:00,short,5268.5,5264.5,5278.5,5264.5,4.0,40.0,limit_touch,take_profit
2021-05-14,2021-05-14 12:48:00,2021-05-14 12:49:00,2021-05-14 12:51:00,short,5266.0,5262.0,5276.0,5262.0,4.0,40.0,limit_touch,take_profit
2021-05-14,2021-05-14 13:25:00,2021-05-14 13:32:00,2021-05-14 13:48:00,short,5261.0,5271.0,5271.0,5257.0,-10.0,-100.0,limit_touch,stop_loss
2021-05-18,2021-05-18 10:57:00,2021-05-18 10:57:00,2021-05-18 10:58:00,long,5277.0,5280.0,5268.5,5280.0,3.0,30.0,limit_touch,take_profit
2021-05-18,2021-05-18 11:08:00,2021-05-18 11:09:00,2021-05-18 11:21:00,long,5281.0,5284.0,5272.5,5284.0,3.0,30.0,limit_touch,take_profit
2021-05-18,2021-05-18 12:56:00,2021-05-18 13:00:00,2021-05-18 13:04:00,short,5245.0,5253.5,5253.5,5241.5,-8.5,-85.0,limit_touch,stop_loss
2021-05-21,2021-05-21 11:16:00,2021-05-21 11:16:00,2021-05-21 11:34:00,long,5311.0,5304.0,5304.0,5313.5,-7.0,-70.0,limit_touch,stop_loss
2021-05-21,2021-05-21 11:40:00,2021-05-21 11:43:00,2021-05-21 11:57:00,long,5316.0,5319.0,5308.5,5319.0,3.0,30.0,limit_touch,take_profit
2021-05-21,2021-05-21 12:10:00,2021-05-21 12:14:00,2021-05-21 12:23:00,long,5316.5,5319.5,5309.0,5319.5,3.0,30.0,limit_touch,take_profit
2021-05-21,2021-05-21 12:37:00,2021-05-21 12:43:00,2021-05-21 12:55:00,long,5324.0,5327.0,5316.5,5327.0,3.0,30.0,limit_touch,take_profit
2021-05-25,2021-05-25 10:37:00,2021-05-25 10:37:00,2021-05-25 10:39:00,long,5319.0,5321.5,5313.0,5321.5,2.5,25.0,limit_touch,take_profit
2021-05-25,2021-05-25 10:58:00,2021-05-25 10:59:00,2021-05-25 11:02:00,long,5323.0,5325.5,5317.0,5325.5,2.5,25.0,limit_touch,take_profit_gap_open
2021-05-28,2021-05-28 10:20:00,2021-05-28 10:20:00,2021-05-28 10:32:00,short,5232.0,5229.5,5239.0,5229.5,2.5,25.0,limit_touch,take_profit
2021-05-28,2021-05-28 10:35:00,2021-05-28 10:36:00,2021-05-28 10:48:00,short,5231.5,5238.5,5238.5,5229.0,-7.0,-70.0,limit_touch,stop_loss
2021-05-28,2021-05-28 11:03:00,2021-05-28 11:04:00,2021-05-28 11:06:00,short,5230.5,5228.0,5237.5,5228.0,2.5,25.0,limit_touch,take_profit
2021-05-28,2021-05-28 11:25:00,2021-05-28 11:30:00,2021-05-28 11:32:00,short,5228.0,5225.5,5234.5,5225.5,2.5,25.0,limit_touch,take_profit
2021-05-28,2021-05-28 11:35:00,2021-05-28 11:37:00,2021-05-28 11:37:00,short,5227.5,5225.0,5234.0,5225.0,2.5,25.0,limit_touch,take_profit
2021-05-28,2021-05-28 12:34:00,2021-05-28 12:38:00,2021-05-28 12:49:00,short,5226.0,5223.5,5232.5,5223.5,2.5,25.0,limit_touch,take_profit
2021-05-28,2021-05-28 13:09:00,2021-05-28 13:22:00,2021-05-28 13:35:00,short,5224.0,5230.5,5230.5,5221.5,-6.5,-65.0,limit_touch,stop_loss
2021-06-01,2021-06-01 10:34:00,2021-06-01 10:43:00,2021-06-01 10:45:00,short,5170.0,5167.5,5176.5,5167.5,2.5,25.0,limit_touch,take_profit
2021-06-04,2021-06-04 10:27:00,2021-06-04 10:40:00,2021-06-04 10:41:00,short,5077.0,5074.0,5084.5,5074.0,3.0,30.0,limit_touch,take_profit
2021-06-04,2021-06-04 10:54:00,2021-06-04 11:00:00,2021-06-04 11:01:00,short,5075.5,5072.5,5083.0,5072.5,3.0,30.0,limit_touch,take_profit
2021-06-08,2021-06-08 10:12:00,2021-06-08 10:14:00,2021-06-08 10:28:00,long,5067.0,5069.5,5060.0,5069.5,2.5,25.0,limit_touch,take_profit
2021-06-08,2021-06-08 10:36:00,2021-06-08 10:37:00,2021-06-08 10:38:00,long,5068.5,5071.0,5061.5,5071.0,2.5,25.0,limit_touch,take_profit
2021-06-08,2021-06-08 10:53:00,2021-06-08 11:02:00,2021-06-08 11:10:00,long,5073.5,5066.5,5066.5,5076.0,-7.0,-70.0,limit_touch,stop_loss
2021-06-08,2021-06-08 12:20:00,2021-06-08 12:22:00,2021-06-08 12:22:00,short,5042.5,5040.0,5049.5,5040.0,2.5,25.0,limit_touch,take_profit
2021-06-08,2021-06-08 12:30:00,2021-06-08 12:47:00,2021-06-08 12:51:00,short,5040.5,5047.5,5047.5,5038.0,-7.0,-70.0,limit_touch,stop_loss
2021-06-11,2021-06-11 11:07:00,2021-06-11 11:10:00,2021-06-11 11:11:00,long,5115.0,5118.0,5107.5,5118.0,3.0,30.0,limit_touch,take_profit
2021-06-11,2021-06-11 11:22:00,2021-06-11 11:26:00,2021-06-11 11:26:00,long,5123.0,5126.0,5115.5,5126.0,3.0,30.0,limit_touch,take_profit
2021-06-11,2021-06-11 12:31:00,2021-06-11 12:46:00,2021-06-11 12:47:00,long,5134.5,5137.0,5127.5,5137.0,2.5,25.0,limit_touch,take_profit
2021-06-15,2021-06-15 10:33:00,2021-06-15 10:34:00,2021-06-15 10:38:00,long,5089.5,5083.5,5083.5,5091.5,-6.0,-60.0,limit_touch,stop_loss
2021-06-15,2021-06-15 10:48:00,2021-06-15 10:53:00,2021-06-15 10:54:00,long,5092.0,5094.5,5086.0,5094.5,2.5,25.0,limit_touch,take_profit
2021-06-15,2021-06-15 11:04:00,2021-06-15 11:05:00,2021-06-15 11:06:00,long,5094.5,5097.0,5088.5,5097.0,2.5,25.0,limit_touch,take_profit
2021-06-15,2021-06-15 11:16:00,2021-06-15 11:25:00,2021-06-15 11:34:00,long,5105.5,5099.5,5099.5,5108.0,-6.0,-60.0,limit_touch,stop_loss
2021-06-18,2021-06-18 10:20:00,2021-06-18 10:20:00,2021-06-18 10:23:00,short,5000.0,4997.0,5008.0,4997.0,3.0,30.0,limit_touch,take_profit
2021-06-18,2021-06-18 10:32:00,2021-06-18 10:35:00,2021-06-18 10:38:00,short,4995.0,5003.0,5003.0,4992.0,-8.0,-80.0,limit_touch,stop_loss
2021-06-18,2021-06-18 11:21:00,2021-06-18 11:35:00,2021-06-18 11:39:00,long,5051.5,5043.0,5043.0,5055.0,-8.5,-85.0,limit_touch,stop_loss
2021-06-22,2021-06-22 12:35:00,2021-06-22 12:37:00,2021-06-22 12:45:00,short,5013.5,5010.5,5021.0,5010.5,3.0,30.0,limit_touch,take_profit
2021-06-22,2021-06-22 12:52:00,2021-06-22 13:07:00,2021-06-22 13:14:00,short,5008.0,5005.0,5015.5,5005.0,3.0,30.0,limit_touch,take_profit
2021-06-22,2021-06-22 13:27:00,2021-06-22 13:29:00,2021-06-22 13:37:00,short,5003.5,5000.5,5011.0,5000.5,3.0,30.0,limit_touch,take_profit
2021-06-25,2021-06-25 12:05:00,2021-06-25 12:05:00,2021-06-25 12:07:00,long,4936.0,4939.0,4928.5,4939.0,3.0,30.0,limit_touch,take_profit
2021-06-25,2021-06-25 12:18:00,2021-06-25 12:20:00,2021-06-25 12:22:00,long,4939.5,4942.5,4932.5,4942.5,3.0,30.0,limit_touch,take_profit
2021-06-29,2021-06-29 11:02:00,2021-06-29 11:02:00,2021-06-29 11:04:00,long,4956.0,4958.5,4949.0,4958.5,2.5,25.0,limit_touch,take_profit
2021-06-29,2021-06-29 11:14:00,2021-06-29 11:14:00,2021-06-29 11:17:00,long,4959.0,4962.0,4952.0,4962.0,3.0,30.0,limit_touch,take_profit
2021-06-29,2021-06-29 11:22:00,2021-06-29 11:25:00,2021-06-29 11:33:00,long,4965.0,4957.5,4957.5,4968.0,-7.5,-75.0,limit_touch,stop_loss
2021-07-02,2021-07-02 11:11:00,2021-07-02 11:11:00,2021-07-02 11:12:00,long,5074.5,5078.0,5065.0,5078.0,3.5,35.0,limit_touch,take_profit
2021-07-06,2021-07-06 12:15:00,2021-07-06 12:31:00,2021-07-06 12:33:00,long,5200.0,5203.0,5192.0,5203.0,3.0,30.0,limit_touch,take_profit
2021-07-13,2021-07-13 11:18:00,2021-07-13 11:20:00,2021-07-13 11:34:00,short,5177.0,5186.5,5186.5,5173.5,-9.5,-95.0,limit_touch,stop_loss
2021-07-16,2021-07-16 10:48:00,2021-07-16 10:52:00,2021-07-16 10:52:00,long,5127.0,5130.5,5118.0,5130.5,3.5,35.0,limit_touch,take_profit
2021-07-16,2021-07-16 12:01:00,2021-07-16 12:02:00,2021-07-16 12:11:00,short,5091.5,5101.0,5101.0,5088.0,-9.5,-95.0,limit_touch,stop_loss
2021-07-20,2021-07-20 10:32:00,2021-07-20 10:37:00,2021-07-20 10:37:00,long,5291.5,5295.0,5282.5,5295.0,3.5,35.0,limit_touch,take_profit
2021-07-20,2021-07-20 11:23:00,2021-07-20 11:25:00,2021-07-20 11:28:00,short,5247.5,5244.0,5257.0,5244.0,3.5,35.0,limit_touch,take_profit
2021-07-20,2021-07-20 12:48:00,2021-07-20 12:51:00,2021-07-20 13:06:00,short,5223.5,5233.5,5233.5,5219.5,-10.0,-100.0,limit_touch,stop_loss
2021-07-23,2021-07-23 12:07:00,2021-07-23 12:09:00,2021-07-23 12:10:00,short,5169.0,5177.0,5177.0,5166.0,-8.0,-80.0,limit_touch,stop_loss
2021-07-27,2021-07-27 10:56:00,2021-07-27 10:58:00,2021-07-27 10:59:00,short,5171.0,5168.0,5179.0,5168.0,3.0,30.0,limit_touch,take_profit
2021-07-27,2021-07-27 11:04:00,2021-07-27 11:07:00,2021-07-27 11:15:00,short,5168.5,5165.5,5176.5,5165.5,3.0,30.0,limit_touch,take_profit
2021-07-27,2021-07-27 12:07:00,2021-07-27 12:08:00,2021-07-27 12:11:00,short,5164.0,5161.0,5172.0,5161.0,3.0,30.0,limit_touch,take_profit
2021-07-27,2021-07-27 12:16:00,2021-07-27 12:22:00,2021-07-27 12:24:00,short,5161.0,5158.0,5169.0,5158.0,3.0,30.0,limit_touch,take_profit
2021-07-30,2021-07-30 11:40:00,2021-07-30 11:42:00,2021-07-30 11:42:00,long,5149.0,5152.5,5140.5,5152.5,3.5,35.0,limit_touch,take_profit
2021-07-30,2021-07-30 11:45:00,2021-07-30 11:47:00,2021-07-30 11:48:00,long,5154.0,5157.5,5145.5,5157.5,3.5,35.0,limit_touch,take_profit
2021-07-30,2021-07-30 12:23:00,2021-07-30 12:53:00,2021-07-30 13:06:00,long,5164.0,5167.5,5155.0,5167.5,3.5,35.0,limit_touch,take_profit
2021-08-03,2021-08-03 10:12:00,2021-08-03 10:26:00,2021-08-03 10:35:00,long,5263.0,5267.0,5252.5,5267.0,4.0,40.0,limit_touch,take_profit
2021-08-03,2021-08-03 11:06:00,2021-08-03 11:20:00,2021-08-03 11:20:00,long,5276.0,5280.0,5265.0,5280.0,4.0,40.0,limit_touch,take_profit
2021-08-06,2021-08-06 10:30:00,2021-08-06 10:32:00,2021-08-06 10:36:00,short,5233.5,5245.0,5245.0,5229.0,-11.5,-115.0,limit_touch,stop_loss
2021-08-10,2021-08-10 10:17:00,2021-08-10 10:17:00,2021-08-10 10:20:00,short,5241.0,5237.0,5251.5,5237.0,4.0,40.0,limit_touch,take_profit
2021-08-10,2021-08-10 11:50:00,2021-08-10 11:53:00,2021-08-10 11:58:00,short,5239.0,5234.5,5250.0,5234.5,4.5,45.0,limit_touch,take_profit
2021-08-10,2021-08-10 11:59:00,2021-08-10 12:00:00,2021-08-10 12:06:00,short,5237.0,5232.5,5248.0,5232.5,4.5,45.0,limit_touch,take_profit
2021-08-10,2021-08-10 12:19:00,2021-08-10 12:22:00,2021-08-10 12:26:00,short,5230.0,5225.5,5241.0,5225.5,4.5,45.0,limit_touch,take_profit
2021-08-10,2021-08-10 12:58:00,2021-08-10 13:05:00,2021-08-10 13:25:00,short,5217.5,5213.5,5228.5,5213.5,4.0,40.0,limit_touch,take_profit
2021-08-13,2021-08-13 10:34:00,2021-08-13 10:34:00,2021-08-13 10:36:00,long,5273.0,5276.5,5264.5,5276.5,3.5,35.0,limit_touch,take_profit
2021-08-13,2021-08-13 10:44:00,2021-08-13 10:44:00,2021-08-13 10:45:00,long,5282.0,5285.5,5273.0,5285.5,3.5,35.0,limit_touch,take_profit
2021-08-13,2021-08-13 11:29:00,2021-08-13 11:32:00,2021-08-13 11:38:00,long,5285.5,5276.5,5276.5,5289.0,-9.0,-90.0,limit_touch,stop_loss
2021-08-13,2021-08-13 12:14:00,2021-08-13 12:17:00,2021-08-13 12:19:00,short,5248.5,5245.0,5258.0,5245.0,3.5,35.0,limit_touch,take_profit
2021-08-13,2021-08-13 12:28:00,2021-08-13 12:39:00,2021-08-13 12:41:00,short,5246.0,5242.5,5255.5,5242.5,3.5,35.0,limit_touch,take_profit
2021-08-17,2021-08-17 10:18:00,2021-08-17 10:19:00,2021-08-17 10:25:00,long,5302.5,5294.5,5294.5,5305.5,-8.0,-80.0,limit_touch,stop_loss
2021-08-17,2021-08-17 10:41:00,2021-08-17 10:41:00,2021-08-17 10:45:00,short,5266.5,5263.0,5275.0,5263.0,3.5,35.0,limit_touch,take_profit
2021-08-17,2021-08-17 11:08:00,2021-08-17 11:10:00,2021-08-17 11:14:00,short,5264.0,5260.5,5272.5,5260.5,3.5,35.0,limit_touch,take_profit
2021-08-17,2021-08-17 12:27:00,2021-08-17 12:30:00,2021-08-17 12:32:00,short,5256.0,5252.5,5265.0,5252.5,3.5,35.0,limit_touch,take_profit
2021-08-20,2021-08-20 11:37:00,2021-08-20 11:37:00,2021-08-20 11:38:00,short,5436.0,5431.5,5447.5,5431.5,4.5,45.0,limit_touch,take_profit
2021-08-20,2021-08-20 12:21:00,2021-08-20 12:38:00,2021-08-20 12:39:00,short,5414.0,5409.5,5425.5,5409.5,4.5,45.0,limit_touch,take_profit
2021-08-20,2021-08-20 13:05:00,2021-08-20 13:10:00,2021-08-20 13:11:00,short,5409.5,5405.0,5421.0,5405.0,4.5,45.0,limit_touch,take_profit
2021-08-24,2021-08-24 10:41:00,2021-08-24 10:43:00,2021-08-24 10:49:00,short,5333.5,5330.0,5343.0,5330.0,3.5,35.0,limit_touch,take_profit
2021-08-24,2021-08-24 12:13:00,2021-08-24 12:56:00,2021-08-24 12:57:00,short,5283.0,5279.5,5292.5,5279.5,3.5,35.0,better_open,take_profit
2021-08-27,2021-08-27 10:55:00,2021-08-27 10:56:00,2021-08-27 11:00:00,short,5232.0,5239.5,5239.5,5229.0,-7.5,-75.0,limit_touch,stop_loss
2021-08-27,2021-08-27 11:01:00,2021-08-27 11:01:00,2021-08-27 11:02:00,short,5226.0,5223.0,5234.0,5223.0,3.0,30.0,limit_touch,take_profit
2021-08-27,2021-08-27 11:14:00,2021-08-27 11:14:00,2021-08-27 11:15:00,short,5221.0,5218.0,5229.0,5218.0,3.0,30.0,limit_touch,take_profit
2021-08-27,2021-08-27 11:17:00,2021-08-27 11:20:00,2021-08-27 11:21:00,short,5219.0,5227.0,5227.0,5216.0,-8.0,-80.0,limit_touch,stop_loss
2021-08-27,2021-08-27 12:02:00,2021-08-27 12:11:00,2021-08-27 12:14:00,short,5215.5,5212.5,5223.5,5212.5,3.0,30.0,limit_touch,take_profit
2021-08-27,2021-08-27 12:50:00,2021-08-27 13:05:00,2021-08-27 13:33:00,short,5204.5,5201.5,5212.5,5201.5,3.0,30.0,limit_touch,take_profit
2021-08-31,2021-08-31 10:28:00,2021-08-31 10:30:00,2021-08-31 10:31:00,short,5185.5,5183.0,5192.5,5183.0,2.5,25.0,limit_touch,take_profit
2021-08-31,2021-08-31 10:41:00,2021-08-31 10:46:00,2021-08-31 10:48:00,short,5174.0,5171.5,5181.0,5171.5,2.5,25.0,limit_touch,take_profit
2021-08-31,2021-08-31 11:05:00,2021-08-31 11:05:00,2021-08-31 11:08:00,short,5168.5,5175.5,5175.5,5165.5,-7.0,-70.0,limit_touch,stop_loss
2021-08-31,2021-08-31 11:23:00,2021-08-31 11:25:00,2021-08-31 11:26:00,short,5165.5,5162.5,5173.0,5162.5,3.0,30.0,limit_touch,take_profit
2021-08-31,2021-08-31 12:00:00,2021-08-31 12:29:00,2021-08-31 12:30:00,short,5151.0,5148.0,5158.5,5148.0,3.0,30.0,limit_touch,take_profit
2021-09-03,2021-09-03 10:22:00,2021-09-03 10:26:00,2021-09-03 10:27:00,long,5187.0,5190.0,5178.5,5190.0,3.0,30.0,limit_touch,take_profit
2021-09-03,2021-09-03 10:36:00,2021-09-03 10:36:00,2021-09-03 10:37:00,long,5188.0,5191.0,5179.5,5191.0,3.0,30.0,limit_touch,take_profit
2021-09-03,2021-09-03 10:45:00,2021-09-03 10:46:00,2021-09-03 10:48:00,long,5197.5,5200.5,5189.0,5200.5,3.0,30.0,limit_touch,take_profit
2021-09-03,2021-09-03 11:07:00,2021-09-03 11:17:00,2021-09-03 11:22:00,long,5200.0,5203.5,5191.5,5203.5,3.5,35.0,limit_touch,take_profit
2021-09-03,2021-09-03 11:30:00,2021-09-03 11:34:00,2021-09-03 11:55:00,long,5200.5,5192.0,5192.0,5203.5,-8.5,-85.0,limit_touch,stop_loss
2021-09-10,2021-09-10 10:33:00,2021-09-10 10:35:00,2021-09-10 11:00:00,long,5232.0,5220.0,5220.0,5236.5,-12.0,-120.0,limit_touch,stop_loss
2021-09-10,2021-09-10 11:25:00,2021-09-10 11:28:00,2021-09-10 11:30:00,long,5233.0,5237.5,5221.0,5237.5,4.5,45.0,limit_touch,take_profit
2021-09-10,2021-09-10 11:34:00,2021-09-10 11:47:00,2021-09-10 11:48:00,long,5242.5,5247.0,5230.5,5247.0,4.5,45.0,limit_touch,take_profit
2021-09-14,2021-09-14 11:01:00,2021-09-14 11:03:00,2021-09-14 11:09:00,long,5258.0,5249.0,5249.0,5261.5,-9.0,-90.0,limit_touch,stop_loss
2021-09-17,2021-09-17 11:02:00,2021-09-17 11:21:00,2021-09-17 11:23:00,long,5342.5,5345.5,5335.0,5345.5,3.0,30.0,limit_touch,take_profit
2021-09-21,2021-09-21 11:14:00,2021-09-21 11:15:00,2021-09-21 11:16:00,long,5336.5,5340.0,5327.0,5340.0,3.5,35.0,limit_touch,take_profit
2021-09-21,2021-09-21 11:18:00,2021-09-21 11:19:00,2021-09-21 11:21:00,long,5338.0,5341.5,5328.5,5341.5,3.5,35.0,limit_touch,take_profit
2021-09-21,2021-09-21 11:23:00,2021-09-21 11:23:00,2021-09-21 11:23:00,long,5339.0,5342.5,5329.5,5342.5,3.5,35.0,limit_touch,take_profit
2021-09-21,2021-09-21 12:34:00,2021-09-21 12:34:00,2021-09-21 12:35:00,short,5306.0,5302.5,5315.5,5302.5,3.5,35.0,limit_touch,take_profit
2021-09-21,2021-09-21 12:51:00,2021-09-21 12:53:00,2021-09-21 12:55:00,short,5304.0,5300.5,5313.5,5300.5,3.5,35.0,limit_touch,take_profit
2021-09-21,2021-09-21 13:12:00,2021-09-21 13:26:00,2021-09-21 14:20:00,short,5296.0,5292.5,5305.5,5292.5,3.5,35.0,limit_touch,take_profit
2021-09-24,2021-09-24 10:11:00,2021-09-24 10:14:00,2021-09-24 10:14:00,long,5352.0,5355.0,5345.0,5355.0,3.0,30.0,limit_touch,take_profit
2021-09-24,2021-09-24 11:20:00,2021-09-24 11:27:00,2021-09-24 11:37:00,long,5353.5,5346.0,5346.0,5356.5,-7.5,-75.0,limit_touch,stop_loss
2021-09-28,2021-09-28 10:14:00,2021-09-28 10:14:00,2021-09-28 10:14:00,short,5397.0,5394.5,5404.0,5394.5,2.5,25.0,limit_touch,take_profit
2021-09-28,2021-09-28 10:21:00,2021-09-28 10:21:00,2021-09-28 10:22:00,short,5395.5,5393.0,5402.5,5393.0,2.5,25.0,limit_touch,take_profit
2021-09-28,2021-09-28 10:23:00,2021-09-28 10:23:00,2021-09-28 10:33:00,short,5395.0,5402.0,5402.0,5392.5,-7.0,-70.0,limit_touch,stop_loss
2021-09-28,2021-09-28 10:54:00,2021-09-28 10:56:00,2021-09-28 11:00:00,long,5422.5,5415.5,5415.5,5425.0,-7.0,-70.0,limit_touch,stop_loss
2021-09-28,2021-09-28 11:13:00,2021-09-28 11:15:00,2021-09-28 11:16:00,long,5426.5,5429.5,5419.5,5429.5,3.0,30.0,limit_touch,take_profit
2021-09-28,2021-09-28 12:22:00,2021-09-28 12:26:00,2021-09-28 12:46:00,long,5436.5,5439.5,5429.0,5439.5,3.0,30.0,limit_touch,take_profit
2021-10-01,2021-10-01 10:19:00,2021-10-01 10:19:00,2021-10-01 10:20:00,short,5425.5,5422.0,5434.5,5422.0,3.5,35.0,limit_touch,take_profit
2021-10-01,2021-10-01 10:36:00,2021-10-01 10:38:00,2021-10-01 10:42:00,short,5413.0,5409.5,5422.0,5409.5,3.5,35.0,limit_touch,take_profit
2021-10-01,2021-10-01 11:14:00,2021-10-01 11:17:00,2021-10-01 11:20:00,short,5410.0,5406.5,5419.0,5406.5,3.5,35.0,limit_touch,take_profit
2021-10-01,2021-10-01 11:37:00,2021-10-01 11:42:00,2021-10-01 11:44:00,short,5406.0,5415.0,5415.0,5402.5,-9.0,-90.0,limit_touch,stop_loss
2021-10-01,2021-10-01 12:48:00,2021-10-01 13:02:00,2021-10-01 13:37:00,short,5395.5,5404.5,5404.5,5392.0,-9.0,-90.0,limit_touch,stop_loss
2021-10-05,2021-10-05 10:43:00,2021-10-05 10:48:00,2021-10-05 10:48:00,long,5486.5,5489.5,5478.5,5489.5,3.0,30.0,limit_touch,take_profit
2021-10-05,2021-10-05 11:21:00,2021-10-05 11:33:00,2021-10-05 11:35:00,long,5488.5,5491.5,5480.5,5491.5,3.0,30.0,limit_touch,take_profit
2021-10-08,2021-10-08 10:48:00,2021-10-08 10:50:00,2021-10-08 10:50:00,long,5527.0,5530.0,5519.0,5530.0,3.0,30.0,limit_touch,take_profit
2021-10-08,2021-10-08 11:24:00,2021-10-08 11:28:00,2021-10-08 11:38:00,long,5538.0,5541.0,5530.0,5541.0,3.0,30.0,limit_touch,take_profit
2021-10-08,2021-10-08 11:44:00,2021-10-08 11:45:00,2021-10-08 11:46:00,long,5540.0,5543.0,5532.0,5543.0,3.0,30.0,limit_touch,take_profit
2021-10-15,2021-10-15 10:16:00,2021-10-15 10:18:00,2021-10-15 10:38:00,long,5514.5,5507.0,5507.0,5517.5,-7.5,-75.0,limit_touch,stop_loss
2021-10-15,2021-10-15 11:11:00,2021-10-15 11:14:00,2021-10-15 11:18:00,short,5458.5,5455.5,5467.0,5455.5,3.0,30.0,limit_touch,take_profit
2021-10-19,2021-10-19 11:02:00,2021-10-19 11:03:00,2021-10-19 11:09:00,short,5552.5,5560.0,5560.0,5549.5,-7.5,-75.0,limit_touch,stop_loss
2021-10-19,2021-10-19 12:20:00,2021-10-19 12:21:00,2021-10-19 12:28:00,long,5580.0,5572.5,5572.5,5583.0,-7.5,-75.0,limit_touch,stop_loss
2021-10-22,2021-10-22 11:35:00,2021-10-22 11:35:00,2021-10-22 11:35:00,long,5722.5,5726.5,5712.0,5726.5,4.0,40.0,limit_touch,take_profit
2021-10-22,2021-10-22 11:37:00,2021-10-22 11:38:00,2021-10-22 11:39:00,long,5723.5,5727.5,5713.0,5727.5,4.0,40.0,limit_touch,take_profit
2021-10-22,2021-10-22 11:40:00,2021-10-22 11:40:00,2021-10-22 11:43:00,long,5728.0,5732.0,5717.0,5732.0,4.0,40.0,limit_touch,take_profit
2021-10-22,2021-10-22 11:47:00,2021-10-22 11:47:00,2021-10-22 11:47:00,long,5729.5,5733.5,5719.0,5733.5,4.0,40.0,limit_touch,take_profit
2021-10-22,2021-10-22 12:33:00,2021-10-22 12:39:00,2021-10-22 12:40:00,long,5749.0,5753.0,5738.0,5753.0,4.0,40.0,limit_touch,take_profit
2021-10-26,2021-10-26 10:17:00,2021-10-26 10:17:00,2021-10-26 10:21:00,long,5578.0,5581.5,5568.5,5581.5,3.5,35.0,limit_touch,take_profit
2021-10-26,2021-10-26 10:38:00,2021-10-26 10:40:00,2021-10-26 10:43:00,long,5582.5,5586.0,5573.0,5586.0,3.5,35.0,limit_touch,take_profit
2021-10-26,2021-10-26 10:54:00,2021-10-26 10:55:00,2021-10-26 11:02:00,long,5590.0,5580.5,5580.5,5593.5,-9.5,-95.0,limit_touch,stop_loss
2021-10-26,2021-10-26 13:27:00,2021-10-26 13:31:00,2021-10-26 13:42:00,long,5602.0,5605.5,5592.5,5605.5,3.5,35.0,limit_touch,take_profit
2021-10-29,2021-10-29 10:16:00,2021-10-29 10:16:00,2021-10-29 10:18:00,short,5655.0,5651.5,5664.5,5651.5,3.5,35.0,limit_touch,take_profit
2021-10-29,2021-10-29 10:32:00,2021-10-29 10:32:00,2021-10-29 10:33:00,short,5654.0,5663.5,5663.5,5650.5,-9.5,-95.0,limit_touch,stop_loss
2021-10-29,2021-10-29 11:05:00,2021-10-29 11:06:00,2021-10-29 11:14:00,long,5688.0,5678.0,5678.0,5692.0,-10.0,-100.0,limit_touch,stop_loss
2021-11-05,2021-11-05 11:06:00,2021-11-05 11:12:00,2021-11-05 11:20:00,short,5561.0,5570.5,5570.5,5557.5,-9.5,-95.0,limit_touch,stop_loss
2021-11-09,2021-11-09 10:13:00,2021-11-09 10:20:00,2021-11-09 10:31:00,short,5538.0,5535.0,5545.5,5535.0,3.0,30.0,limit_touch,take_profit
2021-11-09,2021-11-09 10:36:00,2021-11-09 10:36:00,2021-11-09 10:43:00,short,5537.0,5534.0,5544.5,5534.0,3.0,30.0,limit_touch,take_profit
2021-11-09,2021-11-09 11:08:00,2021-11-09 11:20:00,2021-11-09 11:27:00,short,5512.0,5519.5,5519.5,5509.0,-7.5,-75.0,limit_touch,stop_loss
2021-11-09,2021-11-09 11:49:00,2021-11-09 12:03:00,2021-11-09 12:10:00,short,5505.0,5513.0,5513.0,5502.0,-8.0,-80.0,better_open,stop_loss
2021-11-12,2021-11-12 11:42:00,2021-11-12 11:44:00,2021-11-12 11:48:00,long,5440.5,5443.5,5432.5,5443.5,3.0,30.0,limit_touch,take_profit
2021-11-12,2021-11-12 12:50:00,2021-11-12 12:51:00,2021-11-12 13:00:00,long,5442.0,5445.0,5434.5,5445.0,3.0,30.0,limit_touch,take_profit
2021-11-12,2021-11-12 13:37:00,2021-11-12 13:40:00,2021-11-12 13:43:00,long,5448.5,5451.5,5441.0,5451.5,3.0,30.0,better_open,take_profit
2021-11-16,2021-11-16 11:01:00,2021-11-16 11:01:00,2021-11-16 11:01:00,long,5473.0,5476.0,5465.0,5476.0,3.0,30.0,limit_touch,take_profit
2021-11-16,2021-11-16 11:03:00,2021-11-16 11:03:00,2021-11-16 11:03:00,long,5474.0,5477.0,5466.0,5477.0,3.0,30.0,limit_touch,take_profit
2021-11-16,2021-11-16 11:05:00,2021-11-16 11:05:00,2021-11-16 11:06:00,long,5475.0,5478.0,5467.0,5478.0,3.0,30.0,limit_touch,take_profit
2021-11-16,2021-11-16 11:27:00,2021-11-16 11:31:00,2021-11-16 11:32:00,long,5493.5,5496.5,5485.5,5496.5,3.0,30.0,limit_touch,take_profit
2021-11-16,2021-11-16 12:24:00,2021-11-16 12:27:00,2021-11-16 12:28:00,long,5506.0,5509.0,5498.0,5509.0,3.0,30.0,limit_touch,take_profit
2021-11-16,2021-11-16 13:10:00,2021-11-16 13:14:00,2021-11-16 13:16:00,long,5511.5,5514.5,5503.5,5514.5,3.0,30.0,limit_touch,take_profit
2021-11-19,2021-11-19 10:33:00,2021-11-19 10:33:00,2021-11-19 10:35:00,short,5558.5,5555.5,5565.5,5555.5,3.0,30.0,limit_touch,take_profit
2021-11-19,2021-11-19 11:17:00,2021-11-19 11:17:00,2021-11-19 11:17:00,short,5552.0,5549.0,5559.5,5549.0,3.0,30.0,limit_touch,take_profit
2021-11-19,2021-11-19 11:28:00,2021-11-19 11:30:00,2021-11-19 11:31:00,short,5550.5,5547.5,5558.0,5547.5,3.0,30.0,limit_touch,take_profit
2021-11-19,2021-11-19 11:37:00,2021-11-19 11:37:00,2021-11-19 11:50:00,short,5540.5,5537.5,5548.0,5537.5,3.0,30.0,limit_touch,take_profit
2021-11-23,2021-11-23 10:26:00,2021-11-23 10:28:00,2021-11-23 10:33:00,long,5637.5,5640.5,5629.5,5640.5,3.0,30.0,limit_touch,take_profit
2021-11-23,2021-11-23 10:38:00,2021-11-23 10:43:00,2021-11-23 10:44:00,long,5638.5,5641.5,5630.5,5641.5,3.0,30.0,limit_touch,take_profit
2021-11-23,2021-11-23 10:57:00,2021-11-23 10:57:00,2021-11-23 10:58:00,long,5644.5,5647.5,5636.5,5647.5,3.0,30.0,limit_touch,take_profit
2021-11-23,2021-11-23 11:04:00,2021-11-23 11:04:00,2021-11-23 11:05:00,long,5647.0,5650.0,5639.0,5650.0,3.0,30.0,limit_touch,take_profit
2021-11-23,2021-11-23 12:36:00,2021-11-23 12:38:00,2021-11-23 12:39:00,long,5653.0,5656.0,5645.0,5656.0,3.0,30.0,limit_touch,take_profit
2021-11-23,2021-11-23 13:05:00,2021-11-23 13:28:00,2021-11-23 13:50:00,long,5659.0,5651.5,5651.5,5662.0,-7.5,-75.0,limit_touch,stop_loss
2021-11-26,2021-11-26 11:05:00,2021-11-26 11:17:00,2021-11-26 11:23:00,short,5597.5,5594.5,5605.5,5594.5,3.0,30.0,limit_touch,take_profit
2021-11-26,2021-11-26 12:07:00,2021-11-26 12:14:00,2021-11-26 12:18:00,short,5595.5,5603.5,5603.5,5592.5,-8.0,-80.0,limit_touch,stop_loss
2021-11-30,2021-11-30 12:28:00,2021-11-30 12:28:00,2021-11-30 12:34:00,short,5621.0,5629.5,5629.5,5617.5,-8.5,-85.0,limit_touch,stop_loss
2021-11-30,2021-11-30 12:50:00,2021-11-30 12:50:00,2021-11-30 12:50:00,long,5652.5,5656.0,5643.5,5656.0,3.5,35.0,limit_touch,take_profit
2021-11-30,2021-11-30 12:55:00,2021-11-30 12:56:00,2021-11-30 12:56:00,long,5663.5,5667.0,5654.5,5667.0,3.5,35.0,limit_touch,take_profit
2021-11-30,2021-11-30 13:06:00,2021-11-30 13:09:00,2021-11-30 13:10:00,long,5692.5,5696.0,5683.0,5696.0,3.5,35.0,limit_touch,take_profit
2021-12-03,2021-12-03 10:18:00,2021-12-03 10:28:00,2021-12-03 10:29:00,short,5671.5,5668.5,5679.5,5668.5,3.0,30.0,limit_touch,take_profit
2021-12-03,2021-12-03 10:30:00,2021-12-03 10:30:00,2021-12-03 10:30:00,short,5670.0,5667.0,5678.0,5667.0,3.0,30.0,limit_touch,take_profit
2021-12-03,2021-12-03 10:32:00,2021-12-03 10:32:00,2021-12-03 10:32:00,short,5652.5,5649.5,5661.0,5649.5,3.0,30.0,limit_touch,take_profit
2021-12-03,2021-12-03 10:57:00,2021-12-03 11:03:00,2021-12-03 11:04:00,short,5645.0,5641.5,5653.5,5641.5,3.5,35.0,limit_touch,take_profit
2021-12-03,2021-12-03 12:16:00,2021-12-03 12:18:00,2021-12-03 12:19:00,long,5701.0,5704.5,5692.0,5704.5,3.5,35.0,limit_touch,take_profit
2021-12-07,2021-12-07 10:15:00,2021-12-07 10:17:00,2021-12-07 10:18:00,short,5662.0,5659.0,5670.0,5659.0,3.0,30.0,limit_touch,take_profit
2021-12-10,2021-12-10 10:23:00,2021-12-10 10:24:00,2021-12-10 10:30:00,long,5613.5,5607.0,5607.0,5616.0,-6.5,-65.0,limit_touch,stop_loss
2021-12-10,2021-12-10 10:58:00,2021-12-10 10:59:00,2021-12-10 11:00:00,long,5615.0,5617.5,5608.0,5617.5,2.5,25.0,limit_touch,take_profit
2021-12-10,2021-12-10 11:35:00,2021-12-10 11:36:00,2021-12-10 11:36:00,long,5648.0,5640.5,5640.5,5651.0,-7.5,-75.0,limit_touch,stop_loss
2021-12-14,2021-12-14 10:20:00,2021-12-14 10:20:00,2021-12-14 10:20:00,short,5655.5,5652.5,5663.0,5652.5,3.0,30.0,limit_touch,take_profit
2021-12-14,2021-12-14 10:31:00,2021-12-14 10:32:00,2021-12-14 10:34:00,short,5649.5,5646.5,5657.5,5646.5,3.0,30.0,limit_touch,take_profit
2021-12-17,2021-12-17 11:53:00,2021-12-17 11:54:00,2021-12-17 12:00:00,short,5705.0,5701.5,5714.0,5701.5,3.5,35.0,limit_touch,take_profit
2021-12-17,2021-12-17 12:26:00,2021-12-17 12:28:00,2021-12-17 12:30:00,short,5702.0,5698.5,5711.0,5698.5,3.5,35.0,limit_touch,take_profit
2021-12-17,2021-12-17 12:43:00,2021-12-17 12:44:00,2021-12-17 12:58:00,short,5687.0,5683.5,5696.0,5683.5,3.5,35.0,limit_touch,take_profit
2021-12-21,2021-12-21 10:34:00,2021-12-21 10:34:00,2021-12-21 10:44:00,long,5741.5,5744.0,5734.5,5744.0,2.5,25.0,limit_touch,take_profit
2021-12-21,2021-12-21 10:48:00,2021-12-21 10:49:00,2021-12-21 10:49:00,long,5742.5,5745.0,5735.5,5745.0,2.5,25.0,limit_touch,take_profit
2021-12-21,2021-12-21 11:03:00,2021-12-21 11:05:00,2021-12-21 11:09:00,long,5754.5,5757.0,5747.5,5757.0,2.5,25.0,limit_touch,take_profit
2021-12-21,2021-12-21 11:31:00,2021-12-21 11:33:00,2021-12-21 11:34:00,long,5758.0,5760.5,5751.0,5760.5,2.5,25.0,limit_touch,take_profit
2022-01-04,2022-01-04 10:41:00,2022-01-04 10:44:00,2022-01-04 10:51:00,long,5738.0,5730.5,5730.5,5741.0,-7.5,-75.0,limit_touch,stop_loss
2022-01-04,2022-01-04 11:26:00,2022-01-04 11:26:00,2022-01-04 11:27:00,long,5739.5,5732.0,5732.0,5742.5,-7.5,-75.0,limit_touch,stop_loss
2022-01-04,2022-01-04 12:00:00,2022-01-04 12:00:00,2022-01-04 12:00:00,short,5695.5,5692.5,5703.5,5692.5,3.0,30.0,limit_touch,take_profit
2022-01-04,2022-01-04 12:01:00,2022-01-04 12:02:00,2022-01-04 12:04:00,short,5688.0,5684.5,5696.5,5684.5,3.5,35.0,limit_touch,take_profit
2022-01-04,2022-01-04 12:30:00,2022-01-04 12:33:00,2022-01-04 12:39:00,short,5684.5,5681.5,5693.0,5681.5,3.0,30.0,limit_touch,take_profit
2022-01-07,2022-01-07 10:37:00,2022-01-07 10:37:00,2022-01-07 10:38:00,long,5733.0,5736.0,5725.0,5736.0,3.0,30.0,limit_touch,take_profit
2022-01-07,2022-01-07 12:00:00,2022-01-07 12:08:00,2022-01-07 12:09:00,short,5684.5,5681.5,5693.0,5681.5,3.0,30.0,limit_touch,take_profit
2022-01-07,2022-01-07 12:14:00,2022-01-07 12:34:00,2022-01-07 12:43:00,short,5683.5,5680.0,5692.0,5680.0,3.5,35.0,limit_touch,take_profit
2022-01-11,2022-01-11 10:14:00,2022-01-11 10:14:00,2022-01-11 10:14:00,short,5665.5,5663.0,5672.0,5663.0,2.5,25.0,limit_touch,take_profit
2022-01-11,2022-01-11 12:31:00,2022-01-11 12:34:00,2022-01-11 12:37:00,short,5644.0,5641.0,5651.0,5641.0,3.0,30.0,limit_touch,take_profit
2022-01-11,2022-01-11 13:20:00,2022-01-11 13:25:00,2022-01-11 13:26:00,short,5619.5,5616.5,5627.0,5616.5,3.0,30.0,limit_touch,take_profit
2022-01-14,2022-01-14 11:01:00,2022-01-14 11:02:00,2022-01-14 11:14:00,long,5565.0,5558.0,5558.0,5568.0,-7.0,-70.0,limit_touch,stop_loss
2022-01-14,2022-01-14 11:32:00,2022-01-14 11:33:00,2022-01-14 11:34:00,long,5567.0,5570.0,5559.5,5570.0,3.0,30.0,limit_touch,take_profit
2022-01-18,2022-01-18 10:41:00,2022-01-18 10:42:00,2022-01-18 10:43:00,short,5531.5,5529.0,5538.0,5529.0,2.5,25.0,limit_touch,take_profit
2022-01-18,2022-01-18 11:02:00,2022-01-18 11:09:00,2022-01-18 11:18:00,short,5528.5,5535.0,5535.0,5526.0,-6.5,-65.0,limit_touch,stop_loss
2022-01-21,2022-01-21 10:12:00,2022-01-21 10:17:00,2022-01-21 10:26:00,long,5477.0,5469.0,5469.0,5480.0,-8.0,-80.0,limit_touch,stop_loss
2022-01-21,2022-01-21 11:48:00,2022-01-21 11:51:00,2022-01-21 11:52:00,short,5431.0,5428.0,5439.5,5428.0,3.0,30.0,limit_touch,take_profit
2022-01-21,2022-01-21 13:21:00,2022-01-21 13:25:00,2022-01-21 13:26:00,short,5424.5,5421.5,5433.0,5421.5,3.0,30.0,limit_touch,take_profit
2022-01-25,2022-01-25 11:00:00,2022-01-25 11:00:00,2022-01-25 11:02:00,short,5506.5,5503.5,5514.0,5503.5,3.0,30.0,limit_touch,take_profit
2022-01-25,2022-01-25 11:04:00,2022-01-25 11:05:00,2022-01-25 11:17:00,short,5505.5,5502.5,5513.0,5502.5,3.0,30.0,limit_touch,take_profit
2022-01-25,2022-01-25 11:19:00,2022-01-25 11:19:00,2022-01-25 11:22:00,short,5500.5,5497.5,5508.5,5497.5,3.0,30.0,limit_touch,take_profit
2022-01-25,2022-01-25 11:30:00,2022-01-25 11:32:00,2022-01-25 11:37:00,short,5498.5,5495.5,5506.0,5495.5,3.0,30.0,limit_touch,take_profit
2022-01-25,2022-01-25 12:55:00,2022-01-25 12:58:00,2022-01-25 13:01:00,short,5491.0,5488.0,5498.5,5488.0,3.0,30.0,limit_touch,take_profit
2022-01-28,2022-01-28 10:17:00,2022-01-28 10:17:00,2022-01-28 10:26:00,short,5398.5,5407.0,5407.0,5395.0,-8.5,-85.0,limit_touch,stop_loss
2022-01-28,2022-01-28 10:47:00,2022-01-28 10:47:00,2022-01-28 10:52:00,short,5385.5,5394.5,5394.5,5382.0,-9.0,-90.0,limit_touch,stop_loss
2022-02-01,2022-02-01 10:36:00,2022-02-01 10:37:00,2022-02-01 10:38:00,long,5346.5,5349.5,5338.5,5349.5,3.0,30.0,limit_touch,take_profit
2022-02-04,2022-02-04 10:19:00,2022-02-04 10:21:00,2022-02-04 10:30:00,long,5338.0,5341.0,5331.0,5341.0,3.0,30.0,limit_touch,take_profit
2022-02-04,2022-02-04 10:34:00,2022-02-04 10:35:00,2022-02-04 10:37:00,long,5356.5,5359.5,5349.0,5359.5,3.0,30.0,limit_touch,take_profit
2022-02-04,2022-02-04 10:42:00,2022-02-04 10:42:00,2022-02-04 10:43:00,long,5358.5,5361.5,5351.0,5361.5,3.0,30.0,limit_touch,take_profit
2022-02-04,2022-02-04 10:47:00,2022-02-04 10:48:00,2022-02-04 10:49:00,long,5362.5,5365.5,5355.0,5365.5,3.0,30.0,limit_touch,take_profit
2022-02-04,2022-02-04 12:12:00,2022-02-04 12:17:00,2022-02-04 12:29:00,long,5368.5,5371.5,5360.5,5371.5,3.0,30.0,limit_touch,take_profit
2022-02-04,2022-02-04 13:01:00,2022-02-04 13:04:00,2022-02-04 13:05:00,long,5370.0,5373.0,5362.0,5373.0,3.0,30.0,limit_touch,take_profit
2022-02-08,2022-02-08 10:26:00,2022-02-08 10:27:00,2022-02-08 10:28:00,long,5308.0,5310.5,5301.0,5310.5,2.5,25.0,limit_touch,take_profit
2022-02-08,2022-02-08 10:40:00,2022-02-08 10:45:00,2022-02-08 10:53:00,long,5310.0,5303.0,5303.0,5312.5,-7.0,-70.0,limit_touch,stop_loss
2022-02-15,2022-02-15 10:38:00,2022-02-15 10:38:00,2022-02-15 10:40:00,short,5211.5,5208.5,5220.0,5208.5,3.0,30.0,limit_touch,take_profit
2022-02-15,2022-02-15 10:54:00,2022-02-15 10:56:00,2022-02-15 10:57:00,short,5207.5,5204.5,5216.0,5204.5,3.0,30.0,limit_touch,take_profit
2022-02-15,2022-02-15 10:59:00,2022-02-15 11:00:00,2022-02-15 11:02:00,short,5204.0,5201.0,5212.5,5201.0,3.0,30.0,limit_touch,take_profit
2022-02-15,2022-02-15 11:11:00,2022-02-15 11:15:00,2022-02-15 11:17:00,short,5193.5,5190.0,5202.0,5190.0,3.5,35.0,limit_touch,take_profit
2022-02-15,2022-02-15 11:33:00,2022-02-15 11:39:00,2022-02-15 11:42:00,short,5190.5,5187.5,5199.0,5187.5,3.0,30.0,limit_touch,take_profit
2022-02-18,2022-02-18 10:23:00,2022-02-18 10:25:00,2022-02-18 10:27:00,short,5148.0,5154.5,5154.5,5145.5,-6.5,-65.0,limit_touch,stop_loss
2022-02-18,2022-02-18 10:41:00,2022-02-18 10:45:00,2022-02-18 10:46:00,short,5143.5,5141.0,5150.0,5141.0,2.5,25.0,limit_touch,take_profit
2022-02-18,2022-02-18 12:16:00,2022-02-18 12:24:00,2022-02-18 12:28:00,short,5133.5,5131.0,5140.0,5131.0,2.5,25.0,limit_touch,take_profit
2022-02-22,2022-02-22 10:25:00,2022-02-22 10:27:00,2022-02-22 10:28:00,short,5081.0,5078.5,5087.5,5078.5,2.5,25.0,limit_touch,take_profit
2022-02-22,2022-02-22 10:35:00,2022-02-22 10:35:00,2022-02-22 10:35:00,short,5077.0,5074.5,5083.5,5074.5,2.5,25.0,limit_touch,take_profit
2022-02-22,2022-02-22 11:10:00,2022-02-22 11:10:00,2022-02-22 11:18:00,short,5067.5,5074.0,5074.0,5065.0,-6.5,-65.0,limit_touch,stop_gap_open
2022-02-22,2022-02-22 11:56:00,2022-02-22 11:57:00,2022-02-22 11:58:00,short,5063.5,5061.0,5070.0,5061.0,2.5,25.0,limit_touch,take_profit
2022-02-22,2022-02-22 12:04:00,2022-02-22 12:20:00,2022-02-22 12:21:00,short,5063.0,5060.5,5069.5,5060.5,2.5,25.0,limit_touch,take_profit
2022-02-22,2022-02-22 13:01:00,2022-02-22 13:26:00,2022-02-22 13:33:00,short,5063.0,5069.0,5069.0,5060.5,-6.0,-60.0,limit_touch,stop_gap_open
2022-02-25,2022-02-25 10:22:00,2022-02-25 10:23:00,2022-02-25 10:30:00,long,5169.5,5173.5,5159.0,5173.5,4.0,40.0,limit_touch,take_profit
2022-02-25,2022-02-25 11:30:00,2022-02-25 11:32:00,2022-02-25 11:44:00,long,5185.0,5174.5,5174.5,5189.0,-10.5,-105.0,limit_touch,stop_loss
2022-02-25,2022-02-25 12:08:00,2022-02-25 12:24:00,2022-02-25 12:26:00,long,5194.5,5198.5,5183.5,5198.5,4.0,40.0,limit_touch,take_profit
2022-02-25,2022-02-25 13:09:00,2022-02-25 13:15:00,2022-02-25 13:25:00,long,5196.0,5200.0,5185.5,5200.0,4.0,40.0,limit_touch,take_profit
2022-03-04,2022-03-04 10:14:00,2022-03-04 10:15:00,2022-03-04 10:16:00,long,5097.5,5101.0,5088.0,5101.0,3.5,35.0,limit_touch,take_profit
2022-03-04,2022-03-04 10:20:00,2022-03-04 10:20:00,2022-03-04 10:22:00,long,5102.0,5105.5,5092.5,5105.5,3.5,35.0,limit_touch,take_profit
2022-03-04,2022-03-04 10:53:00,2022-03-04 10:57:00,2022-03-04 10:59:00,long,5123.0,5127.0,5113.0,5127.0,4.0,40.0,limit_touch,take_profit
2022-03-04,2022-03-04 11:34:00,2022-03-04 11:36:00,2022-03-04 11:37:00,long,5127.0,5130.5,5117.5,5130.5,3.5,35.0,limit_touch,take_profit
2022-03-08,2022-03-08 10:43:00,2022-03-08 10:47:00,2022-03-08 10:50:00,long,5129.5,5133.0,5121.0,5133.0,3.5,35.0,limit_touch,take_profit
2022-03-11,2022-03-11 10:17:00,2022-03-11 10:18:00,2022-03-11 10:23:00,long,5038.5,5041.0,5031.5,5041.0,2.5,25.0,limit_touch,take_profit
2022-03-11,2022-03-11 11:05:00,2022-03-11 11:10:00,2022-03-11 11:26:00,long,5046.0,5048.5,5039.0,5048.5,2.5,25.0,better_open,take_profit
2022-03-11,2022-03-11 11:36:00,2022-03-11 11:40:00,2022-03-11 11:43:00,long,5051.5,5054.0,5044.5,5054.0,2.5,25.0,limit_touch,take_profit
2022-03-11,2022-03-11 12:45:00,2022-03-11 13:17:00,2022-03-11 13:21:00,long,5064.0,5066.5,5057.5,5066.5,2.5,25.0,limit_touch,take_profit
2022-03-15,2022-03-15 10:32:00,2022-03-15 10:34:00,2022-03-15 10:44:00,long,5167.5,5170.5,5160.0,5170.5,3.0,30.0,limit_touch,take_profit
2022-03-18,2022-03-18 10:10:00,2022-03-18 10:10:00,2022-03-18 10:11:00,long,5084.5,5087.5,5076.5,5087.5,3.0,30.0,limit_touch,take_profit
2022-03-18,2022-03-18 10:18:00,2022-03-18 10:21:00,2022-03-18 10:26:00,long,5087.0,5090.0,5079.0,5090.0,3.0,30.0,limit_touch,take_profit
2022-03-18,2022-03-18 10:35:00,2022-03-18 10:35:00,2022-03-18 10:40:00,long,5088.5,5091.5,5080.5,5091.5,3.0,30.0,limit_touch,take_profit
2022-03-18,2022-03-18 12:11:00,2022-03-18 12:11:00,2022-03-18 12:11:00,short,5059.5,5056.5,5067.5,5056.5,3.0,30.0,limit_touch,take_profit
2022-03-18,2022-03-18 12:15:00,2022-03-18 12:16:00,2022-03-18 12:24:00,short,5051.5,5059.5,5059.5,5048.5,-8.0,-80.0,limit_touch,stop_loss
2022-03-22,2022-03-22 10:14:00,2022-03-22 10:16:00,2022-03-22 10:18:00,short,4925.0,4922.0,4932.0,4922.0,3.0,30.0,limit_touch,take_profit
2022-03-22,2022-03-22 12:29:00,2022-03-22 12:40:00,2022-03-22 12:51:00,long,4958.0,4950.0,4950.0,4961.0,-8.0,-80.0,limit_touch,stop_loss
2022-03-25,2022-03-25 10:11:00,2022-03-25 10:11:00,2022-03-25 10:23:00,short,4792.5,4802.0,4802.0,4789.0,-9.5,-95.0,limit_touch,stop_loss
2022-03-25,2022-03-25 11:56:00,2022-03-25 12:07:00,2022-03-25 12:32:00,short,4774.0,4770.5,4783.5,4770.5,3.5,35.0,limit_touch,take_profit
2022-03-25,2022-03-25 12:37:00,2022-03-25 13:00:00,2022-03-25 13:15:00,short,4766.0,4762.5,4775.5,4762.5,3.5,35.0,limit_touch,take_profit_gap_open
2022-03-29,2022-03-29 10:29:00,2022-03-29 10:32:00,2022-03-29 10:34:00,long,4763.0,4767.0,4753.0,4767.0,4.0,40.0,limit_touch,take_profit
2022-03-29,2022-03-29 10:40:00,2022-03-29 10:43:00,2022-03-29 10:50:00,long,4768.5,4758.5,4758.5,4772.5,-10.0,-100.0,limit_touch,stop_loss
2022-04-05,2022-04-05 10:20:00,2022-04-05 10:22:00,2022-04-05 10:26:00,long,4663.0,4665.5,4656.5,4665.5,2.5,25.0,limit_touch,take_profit
2022-04-05,2022-04-05 12:21:00,2022-04-05 13:04:00,2022-04-05 13:07:00,long,4690.5,4693.5,4683.0,4693.5,3.0,30.0,limit_touch,take_profit
2022-04-08,2022-04-08 10:23:00,2022-04-08 10:24:00,2022-04-08 10:25:00,long,4781.5,4784.5,4773.5,4784.5,3.0,30.0,limit_touch,take_profit
2022-04-08,2022-04-08 10:50:00,2022-04-08 10:52:00,2022-04-08 10:53:00,long,4806.5,4809.5,4798.0,4809.5,3.0,30.0,limit_touch,take_profit
2022-04-19,2022-04-19 10:12:00,2022-04-19 10:12:00,2022-04-19 10:14:00,long,4681.0,4674.0,4674.0,4684.0,-7.0,-70.0,limit_touch,stop_loss
2022-04-19,2022-04-19 10:49:00,2022-04-19 10:49:00,2022-04-19 10:52:00,short,4659.5,4656.5,4667.0,4656.5,3.0,30.0,limit_touch,take_profit
2022-04-19,2022-04-19 10:53:00,2022-04-19 10:54:00,2022-04-19 10:56:00,short,4658.5,4666.0,4666.0,4655.5,-7.5,-75.0,limit_touch,stop_loss
2022-04-19,2022-04-19 11:46:00,2022-04-19 11:52:00,2022-04-19 11:53:00,long,4691.0,4694.0,4683.5,4694.0,3.0,30.0,limit_touch,take_profit
2022-04-19,2022-04-19 12:02:00,2022-04-19 12:03:00,2022-04-19 12:13:00,long,4692.0,4695.0,4684.5,4695.0,3.0,30.0,limit_touch,take_profit
2022-04-22,2022-04-22 10:49:00,2022-04-22 10:49:00,2022-04-22 10:54:00,long,4727.5,4730.5,4719.0,4730.5,3.0,30.0,limit_touch,take_profit
2022-04-22,2022-04-22 11:01:00,2022-04-22 11:06:00,2022-04-22 11:10:00,long,4730.0,4733.0,4722.0,4733.0,3.0,30.0,limit_touch,take_profit
2022-04-26,2022-04-26 10:11:00,2022-04-26 10:11:00,2022-04-26 10:12:00,long,4941.0,4945.5,4930.0,4945.5,4.5,45.0,limit_touch,take_profit
2022-04-26,2022-04-26 10:32:00,2022-04-26 10:37:00,2022-04-26 10:38:00,long,4959.0,4963.0,4948.0,4963.0,4.0,40.0,limit_touch,take_profit
2022-04-26,2022-04-26 10:51:00,2022-04-26 10:51:00,2022-04-26 10:53:00,long,4961.0,4965.5,4950.0,4965.5,4.5,45.0,limit_touch,take_profit
2022-04-26,2022-04-26 11:07:00,2022-04-26 11:10:00,2022-04-26 11:10:00,long,4962.5,4966.5,4951.5,4966.5,4.0,40.0,limit_touch,take_profit
2022-04-26,2022-04-26 11:45:00,2022-04-26 11:45:00,2022-04-26 11:45:00,long,4988.5,4977.5,4977.5,4992.5,-11.0,-110.0,limit_touch,stop_loss
2022-04-29,2022-04-29 10:45:00,2022-04-29 10:46:00,2022-04-29 10:50:00,long,4959.0,4948.0,4948.0,4963.0,-11.0,-110.0,limit_touch,stop_loss
2022-04-29,2022-04-29 11:30:00,2022-04-29 11:32:00,2022-04-29 11:32:00,long,4974.5,4979.0,4963.0,4979.0,4.5,45.0,limit_touch,take_profit
2022-04-29,2022-04-29 12:02:00,2022-04-29 12:14:00,2022-04-29 12:24:00,long,4991.0,4995.5,4979.0,4995.5,4.5,45.0,limit_touch,take_profit
2022-05-03,2022-05-03 10:54:00,2022-05-03 10:55:00,2022-05-03 10:56:00,short,5069.0,5065.0,5080.0,5065.0,4.0,40.0,limit_touch,take_profit
2022-05-03,2022-05-03 11:01:00,2022-05-03 11:01:00,2022-05-03 11:08:00,short,5062.0,5072.5,5072.5,5058.0,-10.5,-105.0,limit_touch,stop_loss
2022-05-03,2022-05-03 12:00:00,2022-05-03 12:02:00,2022-05-03 12:08:00,short,5058.0,5054.0,5068.5,5054.0,4.0,40.0,limit_touch,take_profit
2022-05-03,2022-05-03 12:22:00,2022-05-03 12:31:00,2022-05-03 12:50:00,short,5047.0,5043.0,5058.0,5043.0,4.0,40.0,limit_touch,take_profit
2022-05-03,2022-05-03 12:52:00,2022-05-03 12:52:00,2022-05-03 12:58:00,short,5046.5,5042.5,5057.0,5042.5,4.0,40.0,limit_touch,take_profit
2022-05-03,2022-05-03 13:16:00,2022-05-03 13:34:00,2022-05-03 13:36:00,short,5041.5,5037.5,5052.0,5037.5,4.0,40.0,limit_touch,take_profit
2022-05-06,2022-05-06 10:20:00,2022-05-06 10:24:00,2022-05-06 10:25:00,long,5132.5,5137.0,5120.5,5137.0,4.5,45.0,limit_touch,take_profit
2022-05-06,2022-05-06 10:48:00,2022-05-06 10:53:00,2022-05-06 10:56:00,long,5135.5,5140.0,5123.5,5140.0,4.5,45.0,limit_touch,take_profit
2022-05-10,2022-05-10 10:16:00,2022-05-10 10:17:00,2022-05-10 10:21:00,short,5155.5,5151.5,5166.0,5151.5,4.0,40.0,limit_touch,take_profit
2022-05-10,2022-05-10 11:51:00,2022-05-10 11:54:00,2022-05-10 12:07:00,long,5191.5,5195.5,5180.5,5195.5,4.0,40.0,limit_touch,take_profit
2022-05-13,2022-05-13 10:45:00,2022-05-13 10:46:00,2022-05-13 10:57:00,long,5170.5,5160.5,5160.5,5174.5,-10.0,-100.0,limit_touch,stop_loss
2022-05-13,2022-05-13 11:06:00,2022-05-13 11:06:00,2022-05-13 11:08:00,short,5142.5,5138.5,5153.0,5138.5,4.0,40.0,limit_touch,take_profit
2022-05-13,2022-05-13 11:25:00,2022-05-13 11:27:00,2022-05-13 11:28:00,short,5122.0,5118.0,5132.5,5118.0,4.0,40.0,limit_touch,take_profit
2022-05-13,2022-05-13 11:35:00,2022-05-13 11:38:00,2022-05-13 11:39:00,short,5119.5,5115.5,5130.0,5115.5,4.0,40.0,limit_touch,take_profit
2022-05-13,2022-05-13 12:30:00,2022-05-13 12:32:00,2022-05-13 12:52:00,short,5108.0,5104.0,5118.5,5104.0,4.0,40.0,limit_touch,take_profit
2022-05-17,2022-05-17 12:55:00,2022-05-17 13:07:00,2022-05-17 13:13:00,short,4980.5,4976.5,4991.0,4976.5,4.0,40.0,limit_touch,take_profit
2022-05-20,2022-05-20 10:11:00,2022-05-20 10:12:00,2022-05-20 10:27:00,short,4909.0,4918.5,4918.5,4905.5,-9.5,-95.0,limit_touch,stop_loss
2022-05-20,2022-05-20 10:54:00,2022-05-20 10:54:00,2022-05-20 10:59:00,short,4905.5,4902.0,4915.0,4902.0,3.5,35.0,limit_touch,take_profit
2022-05-20,2022-05-20 11:01:00,2022-05-20 11:02:00,2022-05-20 11:02:00,short,4899.0,4895.5,4908.5,4895.5,3.5,35.0,limit_touch,take_profit
2022-05-20,2022-05-20 11:05:00,2022-05-20 11:08:00,2022-05-20 11:15:00,short,4898.0,4894.5,4907.5,4894.5,3.5,35.0,limit_touch,take_profit
2022-05-20,2022-05-20 11:19:00,2022-05-20 11:21:00,2022-05-20 11:24:00,short,4894.0,4890.5,4903.5,4890.5,3.5,35.0,limit_touch,take_profit
2022-05-20,2022-05-20 11:47:00,2022-05-20 11:51:00,2022-05-20 11:58:00,short,4881.5,4878.0,4891.0,4878.0,3.5,35.0,limit_touch,take_profit
2022-05-20,2022-05-20 12:52:00,2022-05-20 12:56:00,2022-05-20 12:57:00,short,4878.0,4874.5,4887.5,4874.5,3.5,35.0,limit_touch,take_profit
2022-05-24,2022-05-24 10:53:00,2022-05-24 11:01:00,2022-05-24 11:02:00,short,4795.0,4792.0,4803.0,4792.0,3.0,30.0,limit_touch,take_profit
2022-05-24,2022-05-24 12:14:00,2022-05-24 12:16:00,2022-05-24 12:17:00,long,4844.0,4847.5,4835.0,4847.5,3.5,35.0,limit_touch,take_profit
2022-05-24,2022-05-24 12:36:00,2022-05-24 12:41:00,2022-05-24 12:45:00,long,4852.0,4843.0,4843.0,4855.5,-9.0,-90.0,limit_touch,stop_loss
2022-05-27,2022-05-27 10:27:00,2022-05-27 10:29:00,2022-05-27 10:30:00,long,4778.0,4781.0,4770.0,4781.0,3.0,30.0,limit_touch,take_profit
2022-05-27,2022-05-27 11:52:00,2022-05-27 11:53:00,2022-05-27 11:53:00,short,4741.0,4738.0,4749.5,4738.0,3.0,30.0,limit_touch,take_profit
2022-05-27,2022-05-27 11:59:00,2022-05-27 12:03:00,2022-05-27 12:04:00,short,4738.0,4735.0,4746.5,4735.0,3.0,30.0,limit_touch,take_profit
2022-05-27,2022-05-27 12:24:00,2022-05-27 12:43:00,2022-05-27 12:49:00,short,4727.5,4724.5,4736.0,4724.5,3.0,30.0,limit_touch,take_profit
2022-05-31,2022-05-31 10:32:00,2022-05-31 10:38:00,2022-05-31 10:45:00,short,4759.5,4756.5,4768.0,4756.5,3.0,30.0,limit_touch,take_profit
2022-05-31,2022-05-31 10:54:00,2022-05-31 11:02:00,2022-05-31 11:02:00,short,4753.0,4749.5,4761.5,4749.5,3.5,35.0,limit_touch,take_profit
2022-06-03,2022-06-03 10:34:00,2022-06-03 10:36:00,2022-06-03 10:42:00,short,4833.0,4830.0,4841.0,4830.0,3.0,30.0,limit_touch,take_profit
2022-06-03,2022-06-03 10:56:00,2022-06-03 11:01:00,2022-06-03 11:09:00,short,4824.0,4821.0,4832.0,4821.0,3.0,30.0,limit_touch,take_profit
2022-06-07,2022-06-07 11:18:00,2022-06-07 11:22:00,2022-06-07 11:25:00,long,4947.0,4950.0,4939.0,4950.0,3.0,30.0,limit_touch,take_profit
2022-06-10,2022-06-10 11:28:00,2022-06-10 12:21:00,2022-06-10 12:24:00,long,5021.0,5024.5,5011.5,5024.5,3.5,35.0,limit_touch,take_profit
2022-06-14,2022-06-14 10:33:00,2022-06-14 10:33:00,2022-06-14 10:36:00,long,5146.0,5150.0,5136.0,5150.0,4.0,40.0,limit_touch,take_profit
2022-06-14,2022-06-14 10:52:00,2022-06-14 10:52:00,2022-06-14 11:00:00,long,5147.5,5137.0,5137.0,5151.5,-10.5,-105.0,limit_touch,stop_loss
2022-06-14,2022-06-14 12:22:00,2022-06-14 12:25:00,2022-06-14 12:47:00,long,5150.5,5154.5,5140.5,5154.5,4.0,40.0,limit_touch,take_profit
2022-06-14,2022-06-14 13:06:00,2022-06-14 13:08:00,2022-06-14 13:23:00,long,5156.0,5160.0,5146.0,5160.0,4.0,40.0,limit_touch,take_profit
2022-06-21,2022-06-21 10:31:00,2022-06-21 10:31:00,2022-06-21 10:31:00,short,5173.5,5170.5,5182.0,5170.5,3.0,30.0,limit_touch,take_profit
2022-06-21,2022-06-21 10:37:00,2022-06-21 10:37:00,2022-06-21 10:39:00,short,5169.5,5166.0,5178.0,5166.0,3.5,35.0,limit_touch,take_profit
2022-06-21,2022-06-21 11:14:00,2022-06-21 11:16:00,2022-06-21 11:16:00,short,5162.0,5158.5,5170.5,5158.5,3.5,35.0,limit_touch,take_profit
2022-06-21,2022-06-21 11:41:00,2022-06-21 11:45:00,2022-06-21 11:48:00,short,5145.0,5141.5,5153.5,5141.5,3.5,35.0,limit_touch,take_profit
2022-06-24,2022-06-24 10:18:00,2022-06-24 10:18:00,2022-06-24 10:22:00,long,5242.0,5245.0,5234.0,5245.0,3.0,30.0,limit_touch,take_profit
2022-06-24,2022-06-24 10:28:00,2022-06-24 10:28:00,2022-06-24 10:28:00,long,5247.5,5250.5,5239.5,5250.5,3.0,30.0,limit_touch,take_profit
2022-06-24,2022-06-24 10:42:00,2022-06-24 10:49:00,2022-06-24 11:00:00,long,5274.5,5266.0,5266.0,5278.0,-8.5,-85.0,limit_touch,stop_loss
2022-06-28,2022-06-28 10:20:00,2022-06-28 10:22:00,2022-06-28 10:23:00,short,5203.0,5200.0,5211.5,5200.0,3.0,30.0,better_open,take_profit
2022-06-28,2022-06-28 12:45:00,2022-06-28 12:46:00,2022-06-28 12:51:00,long,5259.0,5262.5,5250.5,5262.5,3.5,35.0,limit_touch,take_profit
2022-07-01,2022-07-01 10:11:00,2022-07-01 10:13:00,2022-07-01 10:15:00,long,5352.5,5356.0,5343.0,5356.0,3.5,35.0,limit_touch,take_profit
2022-07-01,2022-07-01 10:20:00,2022-07-01 10:25:00,2022-07-01 10:29:00,long,5359.5,5363.0,5350.0,5363.0,3.5,35.0,limit_touch,take_profit
2022-07-01,2022-07-01 10:41:00,2022-07-01 10:47:00,2022-07-01 10:59:00,long,5363.0,5366.5,5353.5,5366.5,3.5,35.0,limit_touch,take_profit
2022-07-01,2022-07-01 11:05:00,2022-07-01 11:07:00,2022-07-01 11:11:00,long,5365.5,5369.0,5356.0,5369.0,3.5,35.0,limit_touch,take_profit
2022-07-01,2022-07-01 11:18:00,2022-07-01 11:23:00,2022-07-01 11:24:00,long,5370.5,5374.0,5361.0,5374.0,3.5,35.0,limit_touch,take_profit
2022-07-05,2022-07-05 10:46:00,2022-07-05 10:46:00,2022-07-05 10:47:00,long,5434.5,5437.5,5427.0,5437.5,3.0,30.0,limit_touch,take_profit
2022-07-08,2022-07-08 10:25:00,2022-07-08 10:26:00,2022-07-08 10:32:00,short,5348.0,5345.0,5356.0,5345.0,3.0,30.0,limit_touch,take_profit
2022-07-08,2022-07-08 10:40:00,2022-07-08 10:44:00,2022-07-08 10:49:00,short,5346.0,5354.0,5354.0,5343.0,-8.0,-80.0,limit_touch,stop_loss
2022-07-08,2022-07-08 11:46:00,2022-07-08 12:17:00,2022-07-08 12:25:00,short,5328.0,5324.5,5336.5,5324.5,3.5,35.0,limit_touch,take_profit
2022-07-12,2022-07-12 10:34:00,2022-07-12 10:35:00,2022-07-12 10:44:00,long,5449.0,5452.0,5441.5,5452.0,3.0,30.0,limit_touch,take_profit
2022-07-15,2022-07-15 10:43:00,2022-07-15 10:44:00,2022-07-15 10:46:00,long,5459.0,5462.5,5449.5,5462.5,3.5,35.0,limit_touch,take_profit
2022-07-15,2022-07-15 10:48:00,2022-07-15 10:48:00,2022-07-15 10:49:00,long,5459.5,5463.0,5450.0,5463.0,3.5,35.0,limit_touch,take_profit
2022-07-15,2022-07-15 10:55:00,2022-07-15 11:00:00,2022-07-15 11:00:00,long,5463.0,5453.0,5453.0,5467.0,-10.0,-100.0,limit_touch,stop_loss
2022-07-15,2022-07-15 11:43:00,2022-07-15 11:44:00,2022-07-15 11:48:00,short,5417.0,5413.0,5427.5,5413.0,4.0,40.0,limit_touch,take_profit
2022-07-15,2022-07-15 12:10:00,2022-07-15 12:41:00,2022-07-15 12:57:00,short,5409.0,5405.0,5419.5,5405.0,4.0,40.0,limit_touch,take_profit
2022-07-19,2022-07-19 10:12:00,2022-07-19 10:12:00,2022-07-19 10:13:00,short,5405.0,5401.5,5413.5,5401.5,3.5,35.0,limit_touch,take_profit
2022-07-19,2022-07-19 10:15:00,2022-07-19 10:19:00,2022-07-19 10:20:00,short,5404.0,5401.0,5412.5,5401.0,3.0,30.0,limit_touch,take_profit
2022-07-19,2022-07-19 10:41:00,2022-07-19 10:46:00,2022-07-19 10:50:00,short,5400.0,5396.5,5408.5,5396.5,3.5,35.0,limit_touch,take_profit
2022-07-22,2022-07-22 10:20:00,2022-07-22 10:22:00,2022-07-22 10:25:00,short,5463.5,5460.5,5472.0,5460.5,3.0,30.0,limit_touch,take_profit
2022-07-22,2022-07-22 10:32:00,2022-07-22 10:34:00,2022-07-22 10:37:00,short,5459.5,5456.5,5467.5,5456.5,3.0,30.0,limit_touch,take_profit
2022-07-22,2022-07-22 10:46:00,2022-07-22 10:46:00,2022-07-22 10:48:00,short,5455.5,5452.5,5464.0,5452.5,3.0,30.0,limit_touch,take_profit
2022-07-22,2022-07-22 11:19:00,2022-07-22 11:19:00,2022-07-22 11:21:00,short,5454.0,5451.0,5462.5,5451.0,3.0,30.0,limit_touch,take_profit
2022-07-26,2022-07-26 10:41:00,2022-07-26 10:45:00,2022-07-26 10:47:00,short,5350.5,5347.0,5359.0,5347.0,3.5,35.0,limit_touch,take_profit
2022-07-29,2022-07-29 10:13:00,2022-07-29 10:13:00,2022-07-29 10:15:00,long,5242.5,5246.5,5232.5,5246.5,4.0,40.0,limit_touch,take_profit
2022-07-29,2022-07-29 10:18:00,2022-07-29 10:20:00,2022-07-29 10:26:00,long,5250.0,5240.0,5240.0,5254.0,-10.0,-100.0,limit_touch,stop_loss
2022-08-02,2022-08-02 10:12:00,2022-08-02 10:12:00,2022-08-02 10:15:00,short,5239.5,5236.0,5248.5,5236.0,3.5,35.0,limit_touch,take_profit
2022-08-02,2022-08-02 10:39:00,2022-08-02 10:39:00,2022-08-02 10:40:00,long,5266.5,5270.0,5257.0,5270.0,3.5,35.0,limit_touch,take_profit
2022-08-02,2022-08-02 10:45:00,2022-08-02 10:45:00,2022-08-02 10:49:00,long,5272.0,5275.5,5262.5,5275.5,3.5,35.0,limit_touch,take_profit_gap_open
2022-08-02,2022-08-02 10:51:00,2022-08-02 10:51:00,2022-08-02 10:51:00,long,5274.5,5278.0,5265.0,5278.0,3.5,35.0,limit_touch,take_profit
2022-08-02,2022-08-02 11:11:00,2022-08-02 11:12:00,2022-08-02 11:12:00,long,5283.5,5287.0,5274.0,5287.0,3.5,35.0,limit_touch,take_profit
2022-08-05,2022-08-05 11:48:00,2022-08-05 12:16:00,2022-08-05 12:25:00,short,5238.0,5247.5,5247.5,5234.5,-9.5,-95.0,limit_touch,stop_loss
2022-08-09,2022-08-09 11:14:00,2022-08-09 11:17:00,2022-08-09 11:21:00,long,5166.0,5169.0,5158.0,5169.0,3.0,30.0,limit_touch,take_profit
2022-08-09,2022-08-09 11:41:00,2022-08-09 11:47:00,2022-08-09 11:57:00,long,5173.5,5165.5,5165.5,5176.5,-8.0,-80.0,limit_touch,stop_loss
2022-08-12,2022-08-12 10:49:00,2022-08-12 10:55:00,2022-08-12 10:57:00,short,5139.0,5136.0,5147.0,5136.0,3.0,30.0,limit_touch,take_profit
2022-08-12,2022-08-12 11:33:00,2022-08-12 11:38:00,2022-08-12 11:43:00,short,5137.5,5134.5,5145.5,5134.5,3.0,30.0,limit_touch,take_profit
2022-08-12,2022-08-12 12:20:00,2022-08-12 13:28:00,2022-08-12 13:31:00,short,5123.5,5120.5,5131.5,5120.5,3.0,30.0,limit_touch,take_profit
2022-08-16,2022-08-16 11:06:00,2022-08-16 11:07:00,2022-08-16 11:08:00,long,5159.5,5162.5,5151.5,5162.5,3.0,30.0,limit_touch,take_profit
2022-08-16,2022-08-16 11:09:00,2022-08-16 11:11:00,2022-08-16 11:13:00,long,5160.5,5163.5,5152.5,5163.5,3.0,30.0,limit_touch,take_profit
2022-08-16,2022-08-16 11:22:00,2022-08-16 11:23:00,2022-08-16 11:25:00,long,5166.0,5169.0,5158.0,5169.0,3.0,30.0,limit_touch,take_profit
2022-08-16,2022-08-16 11:54:00,2022-08-16 11:56:00,2022-08-16 11:56:00,long,5168.5,5171.5,5160.5,5171.5,3.0,30.0,limit_touch,take_profit
2022-08-16,2022-08-16 11:58:00,2022-08-16 12:03:00,2022-08-16 12:04:00,long,5169.0,5172.0,5161.0,5172.0,3.0,30.0,limit_touch,take_profit
2022-08-19,2022-08-19 11:52:00,2022-08-19 11:55:00,2022-08-19 12:01:00,long,5229.0,5221.0,5221.0,5232.0,-8.0,-80.0,limit_touch,stop_loss
2022-08-23,2022-08-23 10:41:00,2022-08-23 10:41:00,2022-08-23 10:42:00,short,5136.0,5133.0,5143.5,5133.0,3.0,30.0,limit_touch,take_profit
2022-08-23,2022-08-23 10:50:00,2022-08-23 10:54:00,2022-08-23 10:54:00,short,5120.5,5117.5,5128.5,5117.5,3.0,30.0,limit_touch,take_profit
2022-08-23,2022-08-23 11:12:00,2022-08-23 11:27:00,2022-08-23 11:27:00,short,5105.0,5102.0,5113.0,5102.0,3.0,30.0,limit_touch,take_profit
2022-08-23,2022-08-23 12:18:00,2022-08-23 12:56:00,2022-08-23 13:00:00,short,5096.5,5093.5,5104.5,5093.5,3.0,30.0,limit_touch,take_profit
2022-08-26,2022-08-26 10:10:00,2022-08-26 10:17:00,2022-08-26 10:20:00,short,5082.0,5089.5,5089.5,5079.0,-7.5,-75.0,limit_touch,stop_loss
2022-08-26,2022-08-26 11:12:00,2022-08-26 11:12:00,2022-08-26 11:12:00,short,5076.0,5073.0,5084.5,5073.0,3.0,30.0,limit_touch,take_profit
2022-08-30,2022-08-30 10:21:00,2022-08-30 10:23:00,2022-08-30 10:23:00,long,5050.5,5053.5,5042.5,5053.5,3.0,30.0,limit_touch,take_profit
2022-08-30,2022-08-30 10:27:00,2022-08-30 10:32:00,2022-08-30 10:32:00,long,5053.0,5056.0,5045.0,5056.0,3.0,30.0,limit_touch,take_profit
2022-08-30,2022-08-30 11:04:00,2022-08-30 11:08:00,2022-08-30 11:09:00,long,5065.0,5068.0,5057.0,5068.0,3.0,30.0,limit_touch,take_profit
2022-08-30,2022-08-30 11:17:00,2022-08-30 11:26:00,2022-08-30 11:31:00,long,5065.5,5068.5,5057.5,5068.5,3.0,30.0,limit_touch,take_profit
2022-08-30,2022-08-30 11:47:00,2022-08-30 11:54:00,2022-08-30 12:02:00,long,5069.0,5072.0,5061.0,5072.0,3.0,30.0,limit_touch,take_profit
2022-09-02,2022-09-02 13:07:00,2022-09-02 13:22:00,2022-09-02 13:32:00,short,5213.5,5223.5,5223.5,5209.5,-10.0,-100.0,limit_touch,stop_loss
2022-09-06,2022-09-06 11:03:00,2022-09-06 11:05:00,2022-09-06 11:06:00,long,5263.0,5266.0,5255.5,5266.0,3.0,30.0,limit_touch,take_profit
2022-09-09,2022-09-09 10:26:00,2022-09-09 10:26:00,2022-09-09 10:27:00,long,5225.0,5228.5,5216.5,5228.5,3.5,35.0,limit_touch,take_profit
2022-09-09,2022-09-09 10:30:00,2022-09-09 10:30:00,2022-09-09 10:39:00,long,5228.0,5219.5,5219.5,5231.5,-8.5,-85.0,limit_touch,stop_loss
2022-09-09,2022-09-09 11:04:00,2022-09-09 11:04:00,2022-09-09 11:07:00,short,5202.5,5199.0,5211.5,5199.0,3.5,35.0,limit_touch,take_profit
2022-09-09,2022-09-09 11:43:00,2022-09-09 12:01:00,2022-09-09 12:06:00,short,5181.5,5178.0,5190.5,5178.0,3.5,35.0,limit_touch,take_profit
2022-09-16,2022-09-16 10:16:00,2022-09-16 10:21:00,2022-09-16 10:28:00,long,5307.0,5300.0,5300.0,5309.5,-7.0,-70.0,limit_touch,stop_loss
2022-09-16,2022-09-16 11:00:00,2022-09-16 11:01:00,2022-09-16 11:07:00,long,5319.0,5312.0,5312.0,5321.5,-7.0,-70.0,limit_touch,stop_loss
2022-09-20,2022-09-20 10:12:00,2022-09-20 10:12:00,2022-09-20 10:17:00,short,5194.0,5203.0,5203.0,5190.5,-9.0,-90.0,limit_touch,stop_loss
2022-09-20,2022-09-20 11:52:00,2022-09-20 12:02:00,2022-09-20 12:03:00,short,5184.5,5181.0,5194.0,5181.0,3.5,35.0,limit_touch,take_profit
2022-09-20,2022-09-20 12:20:00,2022-09-20 12:33:00,2022-09-20 12:34:00,short,5173.5,5170.0,5183.0,5170.0,3.5,35.0,limit_touch,take_profit
2022-09-20,2022-09-20 13:04:00,2022-09-20 13:11:00,2022-09-20 13:14:00,short,5167.5,5164.0,5176.5,5164.0,3.5,35.0,limit_touch,take_profit
2022-09-23,2022-09-23 10:46:00,2022-09-23 10:47:00,2022-09-23 10:48:00,long,5221.0,5224.5,5211.5,5224.5,3.5,35.0,limit_touch,take_profit
2022-09-23,2022-09-23 11:26:00,2022-09-23 11:29:00,2022-09-23 11:33:00,long,5235.0,5238.5,5225.5,5238.5,3.5,35.0,limit_touch,take_profit
2022-09-27,2022-09-27 10:28:00,2022-09-27 10:33:00,2022-09-27 10:36:00,long,5345.5,5349.5,5335.0,5349.5,4.0,40.0,limit_touch,take_profit
2022-09-27,2022-09-27 10:56:00,2022-09-27 10:58:00,2022-09-27 11:00:00,long,5360.5,5364.5,5350.0,5364.5,4.0,40.0,limit_touch,take_profit
2022-09-27,2022-09-27 11:04:00,2022-09-27 11:14:00,2022-09-27 11:17:00,long,5373.5,5377.5,5362.5,5377.5,4.0,40.0,limit_touch,take_profit
2022-09-30,2022-09-30 10:23:00,2022-09-30 10:23:00,2022-09-30 10:27:00,long,5448.0,5451.5,5438.5,5451.5,3.5,35.0,limit_touch,take_profit
2022-09-30,2022-09-30 10:30:00,2022-09-30 10:30:00,2022-09-30 10:35:00,long,5449.0,5452.5,5439.5,5452.5,3.5,35.0,limit_touch,take_profit
2022-09-30,2022-09-30 10:39:00,2022-09-30 10:42:00,2022-09-30 10:43:00,long,5452.0,5455.5,5442.5,5455.5,3.5,35.0,limit_touch,take_profit
2022-09-30,2022-09-30 13:22:00,2022-09-30 13:24:00,2022-09-30 13:58:00,long,5457.5,5447.0,5447.0,5461.5,-10.5,-105.0,limit_touch,stop_loss
2022-10-04,2022-10-04 10:24:00,2022-10-04 10:26:00,2022-10-04 10:29:00,long,5177.5,5182.0,5166.0,5182.0,4.5,45.0,limit_touch,take_profit
2022-10-04,2022-10-04 10:35:00,2022-10-04 10:36:00,2022-10-04 10:38:00,long,5185.0,5189.5,5173.5,5189.5,4.5,45.0,limit_touch,take_profit
2022-10-04,2022-10-04 10:41:00,2022-10-04 10:43:00,2022-10-04 10:44:00,long,5186.0,5190.5,5174.5,5190.5,4.5,45.0,limit_touch,take_profit
2022-10-04,2022-10-04 10:58:00,2022-10-04 11:00:00,2022-10-04 11:01:00,long,5196.5,5185.0,5185.0,5201.0,-11.5,-115.0,limit_touch,stop_loss
2022-10-07,2022-10-07 11:24:00,2022-10-07 11:24:00,2022-10-07 11:35:00,short,5228.0,5238.5,5238.5,5224.0,-10.5,-105.0,limit_touch,stop_loss
2022-10-11,2022-10-11 11:09:00,2022-10-11 11:13:00,2022-10-11 11:16:00,long,5243.0,5246.0,5235.0,5246.0,3.0,30.0,limit_touch,take_profit
2022-10-14,2022-10-14 10:47:00,2022-10-14 10:50:00,2022-10-14 10:55:00,long,5308.0,5312.5,5296.5,5312.5,4.5,45.0,limit_touch,take_profit
2022-10-18,2022-10-18 10:40:00,2022-10-18 10:40:00,2022-10-18 10:42:00,short,5260.5,5269.0,5269.0,5257.0,-8.5,-85.0,limit_touch,stop_loss
2022-10-18,2022-10-18 11:28:00,2022-10-18 11:29:00,2022-10-18 11:36:00,long,5296.0,5287.0,5287.0,5299.5,-9.0,-90.0,limit_touch,stop_loss
2022-10-18,2022-10-18 12:25:00,2022-10-18 12:26:00,2022-10-18 12:57:00,long,5302.5,5306.0,5293.5,5306.0,3.5,35.0,limit_touch,take_profit
2022-10-21,2022-10-21 10:10:00,2022-10-21 10:10:00,2022-10-21 10:12:00,short,5234.5,5243.5,5243.5,5231.0,-9.0,-90.0,limit_touch,stop_loss
2022-10-21,2022-10-21 10:38:00,2022-10-21 10:40:00,2022-10-21 10:44:00,short,5232.0,5228.5,5241.0,5228.5,3.5,35.0,limit_touch,take_profit
2022-10-21,2022-10-21 11:10:00,2022-10-21 11:16:00,2022-10-21 11:18:00,short,5197.5,5194.0,5207.0,5194.0,3.5,35.0,limit_touch,take_profit
2022-10-21,2022-10-21 13:02:00,2022-10-21 13:10:00,2022-10-21 13:13:00,short,5188.5,5184.5,5199.0,5184.5,4.0,40.0,limit_touch,take_profit
2022-10-25,2022-10-25 12:35:00,2022-10-25 12:41:00,2022-10-25 12:43:00,short,5298.0,5294.0,5308.0,5294.0,4.0,40.0,limit_touch,take_profit
2022-10-25,2022-10-25 13:22:00,2022-10-25 13:26:00,2022-10-25 13:26:00,short,5294.0,5290.0,5304.0,5290.0,4.0,40.0,better_open,take_profit
2022-10-28,2022-10-28 11:01:00,2022-10-28 11:01:00,2022-10-28 11:11:00,short,5335.5,5347.0,5347.0,5331.0,-11.5,-115.0,limit_touch,stop_loss
2022-11-01,2022-11-01 11:43:00,2022-11-01 11:44:00,2022-11-01 11:45:00,short,5169.0,5163.5,5184.0,5163.5,5.5,55.0,limit_touch,take_profit
2022-11-01,2022-11-01 12:37:00,2022-11-01 12:42:00,2022-11-01 12:48:00,short,5156.0,5150.5,5170.5,5150.5,5.5,55.0,limit_touch,take_profit
2022-11-01,2022-11-01 13:07:00,2022-11-01 13:11:00,2022-11-01 13:18:00,short,5137.5,5152.0,5152.0,5132.0,-14.5,-145.0,limit_touch,stop_loss
2022-11-04,2022-11-04 10:18:00,2022-11-04 10:21:00,2022-11-04 10:29:00,short,5067.5,5062.0,5081.5,5062.0,5.5,55.0,limit_touch,take_profit
2022-11-04,2022-11-04 11:07:00,2022-11-04 11:18:00,2022-11-04 11:38:00,short,5066.0,5060.5,5080.0,5060.5,5.5,55.0,limit_touch,take_profit
2022-11-04,2022-11-04 12:02:00,2022-11-04 12:05:00,2022-11-04 12:06:00,short,5063.5,5058.5,5077.0,5058.5,5.0,50.0,limit_touch,take_profit
2022-11-08,2022-11-08 10:23:00,2022-11-08 10:24:00,2022-11-08 10:34:00,short,5203.0,5215.0,5215.0,5198.5,-12.0,-120.0,limit_touch,stop_loss
2022-11-08,2022-11-08 11:35:00,2022-11-08 11:38:00,2022-11-08 11:41:00,short,5194.5,5190.0,5206.5,5190.0,4.5,45.0,limit_touch,take_profit
2022-11-11,2022-11-11 10:26:00,2022-11-11 10:26:00,2022-11-11 10:27:00,short,5314.5,5331.0,5331.0,5308.0,-16.5,-165.0,limit_touch,stop_loss
2022-11-11,2022-11-11 12:30:00,2022-11-11 12:37:00,2022-11-11 12:37:00,short,5294.0,5287.5,5310.5,5287.5,6.5,65.0,limit_touch,take_profit
2022-11-22,2022-11-22 10:17:00,2022-11-22 10:17:00,2022-11-22 10:18:00,long,5325.5,5330.0,5314.5,5330.0,4.5,45.0,limit_touch,take_profit
2022-11-22,2022-11-22 10:24:00,2022-11-22 10:25:00,2022-11-22 10:33:00,long,5339.5,5344.0,5328.0,5344.0,4.5,45.0,limit_touch,take_profit
2022-11-22,2022-11-22 10:35:00,2022-11-22 10:37:00,2022-11-22 10:45:00,long,5342.5,5331.0,5331.0,5347.0,-11.5,-115.0,limit_touch,stop_loss
2022-11-22,2022-11-22 11:24:00,2022-11-22 11:24:00,2022-11-22 11:27:00,long,5345.5,5350.0,5334.0,5350.0,4.5,45.0,limit_touch,take_profit
2022-11-22,2022-11-22 11:44:00,2022-11-22 11:48:00,2022-11-22 11:55:00,long,5363.0,5351.0,5351.0,5367.5,-12.0,-120.0,limit_touch,stop_loss
2022-11-25,2022-11-25 10:10:00,2022-11-25 10:11:00,2022-11-25 10:14:00,long,5346.5,5350.0,5337.5,5350.0,3.5,35.0,limit_touch,take_profit
2022-11-25,2022-11-25 10:18:00,2022-11-25 10:20:00,2022-11-25 10:20:00,long,5350.5,5354.0,5341.5,5354.0,3.5,35.0,limit_touch,take_profit
2022-11-25,2022-11-25 10:23:00,2022-11-25 10:25:00,2022-11-25 10:41:00,long,5353.5,5357.0,5344.5,5357.0,3.5,35.0,limit_touch,take_profit
2022-11-25,2022-11-25 10:59:00,2022-11-25 11:00:00,2022-11-25 11:07:00,long,5360.5,5351.5,5351.5,5364.0,-9.0,-90.0,limit_touch,stop_loss
2022-11-25,2022-11-25 12:21:00,2022-11-25 12:30:00,2022-11-25 12:38:00,long,5366.5,5370.0,5357.5,5370.0,3.5,35.0,limit_touch,take_profit
2022-11-29,2022-11-29 12:41:00,2022-11-29 12:42:00,2022-11-29 13:07:00,short,5301.0,5297.5,5310.0,5297.5,3.5,35.0,limit_touch,take_profit
2022-11-29,2022-11-29 13:29:00,2022-11-29 13:29:00,2022-11-29 13:29:00,short,5292.0,5288.5,5301.0,5288.5,3.5,35.0,limit_touch,take_profit
2022-11-29,2022-11-29 13:33:00,2022-11-29 13:33:00,2022-11-29 13:34:00,short,5290.5,5287.0,5299.5,5287.0,3.5,35.0,limit_touch,take_profit
2022-12-02,2022-12-02 10:26:00,2022-12-02 10:26:00,2022-12-02 10:29:00,long,5220.5,5211.5,5211.5,5224.0,-9.0,-90.0,limit_touch,stop_loss
2022-12-02,2022-12-02 10:31:00,2022-12-02 10:31:00,2022-12-02 10:32:00,long,5238.5,5242.0,5229.0,5242.0,3.5,35.0,limit_touch,take_profit
2022-12-02,2022-12-02 10:34:00,2022-12-02 10:34:00,2022-12-02 10:35:00,long,5253.5,5257.0,5244.0,5257.0,3.5,35.0,limit_touch,take_profit
2022-12-02,2022-12-02 10:36:00,2022-12-02 10:37:00,2022-12-02 10:40:00,long,5255.0,5245.5,5245.5,5258.5,-9.5,-95.0,limit_touch,stop_loss
2022-12-02,2022-12-02 12:57:00,2022-12-02 13:06:00,2022-12-02 13:39:00,long,5258.5,5248.0,5248.0,5262.5,-10.5,-105.0,limit_touch,stop_loss
2022-12-09,2022-12-09 10:17:00,2022-12-09 10:17:00,2022-12-09 10:20:00,long,5274.0,5266.0,5266.0,5277.0,-8.0,-80.0,limit_touch,stop_loss
2022-12-09,2022-12-09 10:46:00,2022-12-09 10:49:00,2022-12-09 10:52:00,long,5286.5,5289.5,5278.5,5289.5,3.0,30.0,limit_touch,take_profit
2022-12-09,2022-12-09 10:59:00,2022-12-09 10:59:00,2022-12-09 10:59:00,long,5296.5,5300.0,5288.0,5300.0,3.5,35.0,limit_touch,take_profit
2022-12-09,2022-12-09 12:44:00,2022-12-09 12:58:00,2022-12-09 13:05:00,short,5250.5,5247.0,5259.0,5247.0,3.5,35.0,limit_touch,take_profit
2022-12-13,2022-12-13 10:32:00,2022-12-13 10:32:00,2022-12-13 10:32:00,short,5276.0,5272.5,5285.0,5272.5,3.5,35.0,limit_touch,take_profit
2022-12-16,2022-12-16 10:13:00,2022-12-16 10:15:00,2022-12-16 10:28:00,short,5312.0,5308.0,5322.0,5308.0,4.0,40.0,limit_touch,take_profit
2022-12-16,2022-12-16 10:29:00,2022-12-16 10:29:00,2022-12-16 10:36:00,short,5311.0,5307.5,5320.5,5307.5,3.5,35.0,limit_touch,take_profit
2022-12-16,2022-12-16 11:04:00,2022-12-16 11:14:00,2022-12-16 11:27:00,short,5296.5,5293.0,5306.0,5293.0,3.5,35.0,limit_touch,take_profit
2022-12-20,2022-12-20 10:29:00,2022-12-20 10:29:00,2022-12-20 10:30:00,short,5294.5,5291.5,5302.5,5291.5,3.0,30.0,limit_touch,take_profit
2022-12-20,2022-12-20 10:40:00,2022-12-20 10:40:00,2022-12-20 10:42:00,short,5282.5,5279.5,5290.5,5279.5,3.0,30.0,limit_touch,take_profit
2022-12-20,2022-12-20 11:36:00,2022-12-20 11:44:00,2022-12-20 11:47:00,short,5229.5,5226.0,5238.5,5226.0,3.5,35.0,limit_touch,take_profit
2022-12-23,2022-12-23 12:07:00,2022-12-23 12:07:00,2022-12-23 12:08:00,short,5142.0,5139.0,5150.5,5139.0,3.0,30.0,limit_touch,take_profit
2022-12-23,2022-12-23 12:25:00,2022-12-23 12:26:00,2022-12-23 12:30:00,short,5131.0,5127.5,5139.5,5127.5,3.5,35.0,limit_touch,take_profit
2022-12-27,2022-12-27 10:57:00,2022-12-27 11:15:00,2022-12-27 11:19:00,long,5280.0,5282.5,5273.0,5282.5,2.5,25.0,limit_touch,take_profit
2023-01-03,2023-01-03 12:33:00,2023-01-03 12:35:00,2023-01-03 12:43:00,long,5433.5,5425.0,5425.0,5437.0,-8.5,-85.0,limit_touch,stop_loss
2023-01-06,2023-01-06 10:21:00,2023-01-06 10:21:00,2023-01-06 10:21:00,short,5364.5,5361.5,5372.5,5361.5,3.0,30.0,limit_touch,take_profit
2023-01-06,2023-01-06 10:24:00,2023-01-06 10:24:00,2023-01-06 10:26:00,short,5364.5,5361.5,5372.5,5361.5,3.0,30.0,limit_touch,take_profit
2023-01-06,2023-01-06 10:37:00,2023-01-06 10:37:00,2023-01-06 10:38:00,short,5355.0,5352.0,5363.5,5352.0,3.0,30.0,limit_touch,take_profit
2023-01-06,2023-01-06 10:44:00,2023-01-06 10:44:00,2023-01-06 10:45:00,short,5324.5,5321.0,5333.5,5321.0,3.5,35.0,limit_touch,take_profit
2023-01-06,2023-01-06 10:51:00,2023-01-06 10:53:00,2023-01-06 10:57:00,short,5313.5,5310.0,5322.5,5310.0,3.5,35.0,limit_touch,take_profit
2023-01-10,2023-01-10 11:07:00,2023-01-10 11:11:00,2023-01-10 11:15:00,short,5253.0,5249.5,5261.5,5249.5,3.5,35.0,limit_touch,take_profit
2023-01-10,2023-01-10 11:21:00,2023-01-10 11:38:00,2023-01-10 11:42:00,short,5251.5,5248.0,5260.0,5248.0,3.5,35.0,limit_touch,take_profit
2023-01-10,2023-01-10 11:43:00,2023-01-10 11:47:00,2023-01-10 11:56:00,short,5251.5,5248.0,5260.0,5248.0,3.5,35.0,limit_touch,take_profit
2023-01-13,2023-01-13 10:47:00,2023-01-13 10:47:00,2023-01-13 10:54:00,short,5125.5,5135.5,5135.5,5121.5,-10.0,-100.0,limit_touch,stop_loss
2023-01-13,2023-01-13 11:51:00,2023-01-13 11:55:00,2023-01-13 12:00:00,short,5117.5,5113.5,5127.5,5113.5,4.0,40.0,limit_touch,take_profit
2023-01-13,2023-01-13 13:25:00,2023-01-13 13:27:00,2023-01-13 13:35:00,short,5113.5,5123.0,5123.0,5110.0,-9.5,-95.0,limit_touch,stop_loss
2023-01-17,2023-01-17 10:11:00,2023-01-17 10:11:00,2023-01-17 10:12:00,short,5142.0,5139.0,5149.5,5139.0,3.0,30.0,limit_touch,take_profit
2023-01-17,2023-01-17 10:34:00,2023-01-17 10:38:00,2023-01-17 10:39:00,short,5138.5,5135.5,5146.0,5135.5,3.0,30.0,limit_touch,take_profit
2023-01-17,2023-01-17 10:40:00,2023-01-17 10:41:00,2023-01-17 10:44:00,short,5138.0,5145.5,5145.5,5135.0,-7.5,-75.0,limit_touch,stop_loss
2023-01-17,2023-01-17 11:14:00,2023-01-17 11:16:00,2023-01-17 11:20:00,short,5133.5,5141.0,5141.0,5130.5,-7.5,-75.0,limit_touch,stop_loss
2023-01-17,2023-01-17 12:39:00,2023-01-17 12:44:00,2023-01-17 12:46:00,short,5128.5,5125.5,5136.5,5125.5,3.0,30.0,limit_touch,take_profit
2023-01-17,2023-01-17 13:04:00,2023-01-17 13:10:00,2023-01-17 13:21:00,short,5125.5,5133.0,5133.0,5122.5,-7.5,-75.0,limit_touch,stop_loss
2023-01-20,2023-01-20 10:39:00,2023-01-20 10:41:00,2023-01-20 10:51:00,long,5238.5,5242.0,5229.0,5242.0,3.5,35.0,limit_touch,take_profit
2023-01-24,2023-01-24 10:11:00,2023-01-24 10:15:00,2023-01-24 10:15:00,short,5182.5,5179.5,5190.5,5179.5,3.0,30.0,limit_touch,take_profit
2023-01-24,2023-01-24 11:36:00,2023-01-24 11:38:00,2023-01-24 11:40:00,short,5180.5,5177.5,5188.0,5177.5,3.0,30.0,limit_touch,take_profit
2023-01-24,2023-01-24 11:50:00,2023-01-24 11:57:00,2023-01-24 12:04:00,short,5174.0,5171.0,5182.0,5171.0,3.0,30.0,limit_touch,take_profit
2023-01-27,2023-01-27 13:09:00,2023-01-27 13:14:00,2023-01-27 13:33:00,long,5099.5,5091.5,5091.5,5102.5,-8.0,-80.0,limit_touch,stop_loss
2023-01-31,2023-01-31 10:13:00,2023-01-31 10:13:00,2023-01-31 10:14:00,short,5141.0,5138.0,5148.5,5138.0,3.0,30.0,limit_touch,take_profit
2023-01-31,2023-01-31 10:15:00,2023-01-31 10:16:00,2023-01-31 10:17:00,short,5140.5,5137.5,5147.5,5137.5,3.0,30.0,limit_touch,take_profit
2023-01-31,2023-01-31 10:32:00,2023-01-31 10:32:00,2023-01-31 10:36:00,short,5135.5,5132.5,5143.0,5132.5,3.0,30.0,limit_touch,take_profit
2023-01-31,2023-01-31 11:08:00,2023-01-31 11:10:00,2023-01-31 11:12:00,short,5117.0,5114.0,5124.5,5114.0,3.0,30.0,limit_touch,take_profit
2023-01-31,2023-01-31 11:16:00,2023-01-31 11:17:00,2023-01-31 11:19:00,short,5112.5,5109.5,5120.0,5109.5,3.0,30.0,limit_touch,take_profit
2023-02-03,2023-02-03 12:20:00,2023-02-03 12:34:00,2023-02-03 12:35:00,long,5136.0,5140.0,5125.5,5140.0,4.0,40.0,limit_touch,take_profit
2023-02-07,2023-02-07 10:10:00,2023-02-07 10:14:00,2023-02-07 10:14:00,long,5175.0,5178.0,5167.0,5178.0,3.0,30.0,limit_touch,take_profit
2023-02-07,2023-02-07 10:25:00,2023-02-07 10:29:00,2023-02-07 10:38:00,long,5191.5,5194.5,5183.5,5194.5,3.0,30.0,limit_touch,take_profit
2023-02-07,2023-02-07 11:17:00,2023-02-07 11:20:00,2023-02-07 11:28:00,long,5194.0,5197.0,5186.0,5197.0,3.0,30.0,limit_touch,take_profit
2023-02-07,2023-02-07 11:48:00,2023-02-07 11:54:00,2023-02-07 12:04:00,long,5206.0,5209.0,5197.5,5209.0,3.0,30.0,limit_touch,take_profit
2023-02-07,2023-02-07 12:23:00,2023-02-07 12:43:00,2023-02-07 12:59:00,long,5214.0,5205.5,5205.5,5217.0,-8.5,-85.0,limit_touch,stop_loss
2023-02-10,2023-02-10 10:20:00,2023-02-10 10:30:00,2023-02-10 10:31:00,short,5272.5,5269.0,5281.5,5269.0,3.5,35.0,limit_touch,take_profit
2023-02-10,2023-02-10 11:16:00,2023-02-10 11:19:00,2023-02-10 11:30:00,short,5256.0,5265.0,5265.0,5252.5,-9.0,-90.0,limit_touch,stop_loss
2023-02-14,2023-02-14 10:33:00,2023-02-14 10:33:00,2023-02-14 10:33:00,short,5150.5,5147.5,5158.5,5147.5,3.0,30.0,limit_touch,take_profit
2023-02-14,2023-02-14 10:34:00,2023-02-14 10:34:00,2023-02-14 10:35:00,short,5147.5,5155.5,5155.5,5144.5,-8.0,-80.0,limit_touch,stop_loss
2023-02-14,2023-02-14 11:33:00,2023-02-14 11:34:00,2023-02-14 11:36:00,long,5184.5,5176.0,5176.0,5188.0,-8.5,-85.0,limit_touch,stop_loss
2023-02-17,2023-02-17 11:03:00,2023-02-17 11:05:00,2023-02-17 11:06:00,short,5220.0,5217.0,5228.5,5217.0,3.0,30.0,limit_touch,take_profit
2023-02-17,2023-02-17 11:13:00,2023-02-17 11:15:00,2023-02-17 11:22:00,short,5219.0,5216.0,5227.5,5216.0,3.0,30.0,limit_touch,take_profit
2023-02-17,2023-02-17 11:44:00,2023-02-17 11:46:00,2023-02-17 11:46:00,short,5215.5,5212.5,5224.0,5212.5,3.0,30.0,limit_touch,take_profit
2023-02-17,2023-02-17 12:13:00,2023-02-17 12:21:00,2023-02-17 12:23:00,short,5203.0,5199.5,5211.5,5199.5,3.5,35.0,limit_touch,take_profit
2023-02-24,2023-02-24 10:51:00,2023-02-24 10:52:00,2023-02-24 10:55:00,long,5180.5,5183.5,5173.0,5183.5,3.0,30.0,limit_touch,take_profit
2023-02-24,2023-02-24 11:05:00,2023-02-24 11:08:00,2023-02-24 11:10:00,long,5181.5,5184.5,5174.0,5184.5,3.0,30.0,limit_touch,take_profit
2023-02-24,2023-02-24 11:27:00,2023-02-24 11:30:00,2023-02-24 11:30:00,long,5192.0,5195.0,5184.5,5195.0,3.0,30.0,limit_touch,take_profit
2023-02-24,2023-02-24 11:37:00,2023-02-24 11:39:00,2023-02-24 11:41:00,long,5193.5,5196.5,5186.0,5196.5,3.0,30.0,limit_touch,take_profit
2023-02-24,2023-02-24 11:45:00,2023-02-24 11:59:00,2023-02-24 11:59:00,long,5194.0,5197.0,5186.5,5197.0,3.0,30.0,limit_touch,take_profit
2023-02-28,2023-02-28 10:26:00,2023-02-28 10:29:00,2023-02-28 10:32:00,short,5224.5,5221.5,5232.5,5221.5,3.0,30.0,limit_touch,take_profit
2023-02-28,2023-02-28 10:40:00,2023-02-28 10:40:00,2023-02-28 10:41:00,short,5220.0,5217.0,5228.5,5217.0,3.0,30.0,limit_touch,take_profit
2023-02-28,2023-02-28 13:01:00,2023-02-28 13:03:00,2023-02-28 13:11:00,long,5254.0,5257.0,5246.0,5257.0,3.0,30.0,limit_touch,take_profit
2023-02-28,2023-02-28 13:12:00,2023-02-28 13:15:00,2023-02-28 13:19:00,long,5259.0,5262.0,5250.5,5262.0,3.0,30.0,limit_touch,take_profit
2023-03-03,2023-03-03 11:31:00,2023-03-03 11:34:00,2023-03-03 11:51:00,long,5243.5,5246.0,5236.5,5246.0,2.5,25.0,limit_touch,take_profit
2023-03-03,2023-03-03 12:04:00,2023-03-03 12:04:00,2023-03-03 12:05:00,long,5253.5,5256.5,5246.0,5256.5,3.0,30.0,limit_touch,take_profit
2023-03-07,2023-03-07 10:18:00,2023-03-07 10:21:00,2023-03-07 10:28:00,long,5205.5,5207.5,5200.0,5207.5,2.0,20.0,limit_touch,take_profit
2023-03-07,2023-03-07 11:05:00,2023-03-07 11:11:00,2023-03-07 11:34:00,long,5208.0,5210.0,5202.5,5210.0,2.0,20.0,limit_touch,take_profit
2023-03-07,2023-03-07 12:09:00,2023-03-07 12:10:00,2023-03-07 12:11:00,long,5225.0,5227.5,5219.0,5227.5,2.5,25.0,limit_touch,take_profit
2023-03-10,2023-03-10 10:26:00,2023-03-10 10:26:00,2023-03-10 10:27:00,long,5221.0,5223.5,5214.0,5223.5,2.5,25.0,limit_touch,take_profit
2023-03-14,2023-03-14 11:25:00,2023-03-14 11:25:00,2023-03-14 11:37:00,short,5246.0,5243.0,5254.5,5243.0,3.0,30.0,limit_touch,take_profit
2023-03-17,2023-03-17 10:36:00,2023-03-17 10:38:00,2023-03-17 10:39:00,long,5276.0,5279.0,5268.5,5279.0,3.0,30.0,limit_touch,take_profit
2023-03-17,2023-03-17 10:48:00,2023-03-17 10:54:00,2023-03-17 11:01:00,long,5278.0,5271.0,5271.0,5281.0,-7.0,-70.0,limit_touch,stop_loss
2023-03-17,2023-03-17 11:34:00,2023-03-17 11:37:00,2023-03-17 11:39:00,long,5288.0,5291.0,5280.5,5291.0,3.0,30.0,limit_touch,take_profit
2023-03-17,2023-03-17 11:47:00,2023-03-17 11:59:00,2023-03-17 12:03:00,long,5291.5,5294.5,5284.5,5294.5,3.0,30.0,limit_touch,take_profit
2023-03-21,2023-03-21 10:22:00,2023-03-21 10:24:00,2023-03-21 10:24:00,long,5256.0,5258.5,5250.0,5258.5,2.5,25.0,limit_touch,take_profit
2023-03-21,2023-03-21 10:26:00,2023-03-21 10:28:00,2023-03-21 10:30:00,long,5260.0,5254.0,5254.0,5262.5,-6.0,-60.0,limit_touch,stop_loss
2023-03-24,2023-03-24 10:31:00,2023-03-24 10:31:00,2023-03-24 10:41:00,short,5321.5,5328.5,5328.5,5318.5,-7.0,-70.0,limit_touch,stop_loss
2023-03-24,2023-03-24 11:01:00,2023-03-24 11:06:00,2023-03-24 11:09:00,short,5315.0,5312.0,5322.5,5312.0,3.0,30.0,limit_touch,take_profit
2023-03-24,2023-03-24 11:32:00,2023-03-24 11:37:00,2023-03-24 11:37:00,short,5301.5,5298.5,5309.0,5298.5,3.0,30.0,limit_touch,take_profit
2023-03-24,2023-03-24 12:08:00,2023-03-24 12:12:00,2023-03-24 12:12:00,short,5293.0,5290.0,5300.5,5290.0,3.0,30.0,limit_touch,take_profit
2023-03-28,2023-03-28 10:38:00,2023-03-28 10:40:00,2023-03-28 10:43:00,short,5158.5,5156.0,5165.0,5156.0,2.5,25.0,limit_touch,take_profit
2023-03-31,2023-03-31 12:24:00,2023-03-31 12:30:00,2023-03-31 12:57:00,short,5087.5,5095.5,5095.5,5084.5,-8.0,-80.0,limit_touch,stop_loss
2023-04-04,2023-04-04 10:46:00,2023-04-04 10:48:00,2023-04-04 10:49:00,long,5095.5,5097.5,5090.0,5097.5,2.0,20.0,limit_touch,take_profit
2023-04-04,2023-04-04 10:54:00,2023-04-04 11:00:00,2023-04-04 11:00:00,long,5098.0,5092.5,5092.5,5100.0,-5.5,-55.0,limit_touch,stop_loss
2023-04-04,2023-04-04 12:41:00,2023-04-04 12:59:00,2023-04-04 13:27:00,long,5112.0,5106.0,5106.0,5114.5,-6.0,-60.0,limit_touch,stop_loss
2023-04-11,2023-04-11 10:18:00,2023-04-11 10:18:00,2023-04-11 10:19:00,short,5014.5,5012.5,5020.0,5012.5,2.0,20.0,limit_touch,take_profit_gap_open
2023-04-14,2023-04-14 10:29:00,2023-04-14 10:44:00,2023-04-14 11:00:00,long,4958.5,4961.5,4951.5,4961.5,3.0,30.0,limit_touch,take_profit
2023-04-14,2023-04-14 11:09:00,2023-04-14 11:20:00,2023-04-14 11:22:00,long,4964.0,4967.0,4956.5,4967.0,3.0,30.0,limit_touch,take_profit
2023-04-18,2023-04-18 10:32:00,2023-04-18 10:35:00,2023-04-18 10:37:00,long,4985.5,4979.5,4979.5,4988.0,-6.0,-60.0,limit_touch,stop_loss
2023-04-25,2023-04-25 10:10:00,2023-04-25 10:12:00,2023-04-25 10:14:00,short,5039.0,5045.0,5045.0,5037.0,-6.0,-60.0,limit_touch,stop_loss
2023-04-25,2023-04-25 10:43:00,2023-04-25 10:43:00,2023-04-25 10:46:00,long,5068.5,5071.0,5062.5,5071.0,2.5,25.0,limit_touch,take_profit
2023-04-25,2023-04-25 11:05:00,2023-04-25 11:13:00,2023-04-25 11:16:00,long,5076.5,5070.0,5070.0,5079.0,-6.5,-65.0,limit_touch,stop_loss
2023-05-02,2023-05-02 10:59:00,2023-05-02 11:00:00,2023-05-02 11:04:00,long,5058.0,5051.5,5051.5,5060.5,-6.5,-65.0,limit_touch,stop_loss
2023-05-02,2023-05-02 11:34:00,2023-05-02 11:37:00,2023-05-02 11:38:00,long,5067.0,5069.5,5060.5,5069.5,2.5,25.0,limit_touch,take_profit
2023-05-02,2023-05-02 12:26:00,2023-05-02 12:45:00,2023-05-02 13:16:00,long,5072.5,5075.0,5066.0,5075.0,2.5,25.0,limit_touch,take_profit
2023-05-05,2023-05-05 10:17:00,2023-05-05 10:20:00,2023-05-05 10:26:00,short,4995.0,5001.5,5001.5,4992.5,-6.5,-65.0,limit_touch,stop_loss
2023-05-05,2023-05-05 11:22:00,2023-05-05 11:37:00,2023-05-05 12:28:00,short,4988.0,4985.5,4995.0,4985.5,2.5,25.0,limit_touch,take_profit
2023-05-09,2023-05-09 11:01:00,2023-05-09 11:06:00,2023-05-09 11:14:00,short,5022.0,5028.5,5028.5,5019.5,-6.5,-65.0,limit_touch,stop_loss
2023-05-09,2023-05-09 13:19:00,2023-05-09 13:36:00,2023-05-09 14:19:00,short,5006.0,5003.5,5012.5,5003.5,2.5,25.0,limit_touch,take_profit
2023-05-12,2023-05-12 10:12:00,2023-05-12 10:14:00,2023-05-12 10:14:00,short,4945.0,4943.0,4950.5,4943.0,2.0,20.0,limit_touch,take_profit
2023-05-12,2023-05-12 10:28:00,2023-05-12 10:31:00,2023-05-12 10:32:00,short,4943.5,4941.5,4949.0,4941.5,2.0,20.0,limit_touch,take_profit_gap_open
2023-05-12,2023-05-12 11:01:00,2023-05-12 11:01:00,2023-05-12 11:02:00,short,4932.5,4930.0,4938.5,4930.0,2.5,25.0,limit_touch,take_profit
2023-05-16,2023-05-16 11:55:00,2023-05-16 11:55:00,2023-05-16 11:56:00,long,4926.5,4928.5,4921.0,4928.5,2.0,20.0,limit_touch,take_profit
2023-05-16,2023-05-16 12:10:00,2023-05-16 12:20:00,2023-05-16 12:22:00,long,4933.0,4935.0,4927.5,4935.0,2.0,20.0,limit_touch,take_profit
2023-05-16,2023-05-16 12:23:00,2023-05-16 12:35:00,2023-05-16 12:36:00,long,4934.5,4936.5,4929.0,4936.5,2.0,20.0,limit_touch,take_profit
2023-05-16,2023-05-16 12:43:00,2023-05-16 12:47:00,2023-05-16 12:52:00,long,4938.0,4932.5,4932.5,4940.0,-5.5,-55.0,limit_touch,stop_loss
2023-05-19,2023-05-19 10:15:00,2023-05-19 10:19:00,2023-05-19 10:22:00,long,4996.5,4998.5,4991.0,4998.5,2.0,20.0,limit_touch,take_profit
2023-05-19,2023-05-19 10:45:00,2023-05-19 10:53:00,2023-05-19 10:55:00,long,5004.0,5006.0,4998.0,5006.0,2.0,20.0,limit_touch,take_profit
2023-05-23,2023-05-23 10:19:00,2023-05-23 10:19:00,2023-05-23 10:27:00,short,4980.5,4978.5,4985.5,4978.5,2.0,20.0,limit_touch,take_profit
2023-05-23,2023-05-23 10:30:00,2023-05-23 10:30:00,2023-05-23 10:31:00,short,4979.5,4977.5,4984.5,4977.5,2.0,20.0,limit_touch,take_profit
2023-05-23,2023-05-23 11:19:00,2023-05-23 11:22:00,2023-05-23 11:25:00,short,4973.0,4971.0,4978.5,4971.0,2.0,20.0,limit_touch,take_profit
2023-05-23,2023-05-23 11:42:00,2023-05-23 11:54:00,2023-05-23 12:17:00,short,4971.0,4969.0,4976.0,4969.0,2.0,20.0,limit_touch,take_profit
2023-05-23,2023-05-23 12:45:00,2023-05-23 13:04:00,2023-05-23 13:32:00,short,4966.0,4964.0,4971.0,4964.0,2.0,20.0,limit_touch,take_profit
2023-05-30,2023-05-30 10:32:00,2023-05-30 10:44:00,2023-05-30 10:48:00,long,5057.5,5051.5,5051.5,5059.5,-6.0,-60.0,limit_touch,stop_loss
2023-05-30,2023-05-30 13:09:00,2023-05-30 13:14:00,2023-05-30 13:28:00,long,5060.0,5062.5,5054.0,5062.5,2.5,25.0,limit_touch,take_profit
2023-06-02,2023-06-02 10:26:00,2023-06-02 10:36:00,2023-06-02 10:57:00,short,4982.5,4979.5,4989.5,4979.5,3.0,30.0,limit_touch,take_profit
2023-06-02,2023-06-02 11:03:00,2023-06-02 11:05:00,2023-06-02 11:07:00,short,4981.5,4978.5,4988.5,4978.5,3.0,30.0,limit_touch,take_profit
2023-06-06,2023-06-06 10:40:00,2023-06-06 10:43:00,2023-06-06 10:51:00,long,4972.0,4966.5,4966.5,4974.0,-5.5,-55.0,limit_touch,stop_loss
2023-06-06,2023-06-06 12:37:00,2023-06-06 12:39:00,2023-06-06 12:40:00,short,4939.0,4937.0,4944.5,4937.0,2.0,20.0,limit_touch,take_profit
2023-06-09,2023-06-09 10:16:00,2023-06-09 10:27:00,2023-06-09 10:34:00,short,4926.0,4924.0,4931.0,4924.0,2.0,20.0,limit_touch,take_profit
2023-06-09,2023-06-09 11:29:00,2023-06-09 11:29:00,2023-06-09 11:31:00,short,4887.0,4892.5,4892.5,4885.0,-5.5,-55.0,limit_touch,stop_loss
2023-06-13,2023-06-13 11:14:00,2023-06-13 11:14:00,2023-06-13 11:19:00,long,4890.5,4885.5,4885.5,4892.5,-5.0,-50.0,limit_touch,stop_loss
2023-06-16,2023-06-16 10:12:00,2023-06-16 10:14:00,2023-06-16 10:30:00,long,4855.0,4857.5,4849.0,4857.5,2.5,25.0,limit_touch,take_profit
2023-06-20,2023-06-20 10:44:00,2023-06-20 10:44:00,2023-06-20 10:44:00,long,4802.0,4804.0,4797.0,4804.0,2.0,20.0,limit_touch,take_profit
2023-06-20,2023-06-20 11:10:00,2023-06-20 11:11:00,2023-06-20 11:14:00,long,4805.5,4800.5,4800.5,4807.5,-5.0,-50.0,limit_touch,stop_loss
2023-06-23,2023-06-23 10:47:00,2023-06-23 10:47:00,2023-06-23 10:47:00,short,4791.5,4789.5,4797.0,4789.5,2.0,20.0,limit_touch,take_profit
2023-06-23,2023-06-23 11:06:00,2023-06-23 11:11:00,2023-06-23 11:15:00,short,4790.0,4795.5,4795.5,4788.0,-5.5,-55.0,limit_touch,stop_loss
2023-06-23,2023-06-23 11:43:00,2023-06-23 11:44:00,2023-06-23 11:45:00,short,4787.5,4785.5,4793.0,4785.5,2.0,20.0,better_open,take_profit
2023-06-23,2023-06-23 12:05:00,2023-06-23 12:06:00,2023-06-23 12:08:00,short,4782.0,4780.0,4787.5,4780.0,2.0,20.0,limit_touch,take_profit
2023-06-23,2023-06-23 12:17:00,2023-06-23 12:21:00,2023-06-23 12:21:00,short,4779.5,4777.5,4785.0,4777.5,2.0,20.0,limit_touch,take_profit
2023-06-23,2023-06-23 12:25:00,2023-06-23 12:29:00,2023-06-23 12:30:00,short,4777.0,4775.0,4782.5,4775.0,2.0,20.0,limit_touch,take_profit
2023-06-27,2023-06-27 11:02:00,2023-06-27 11:06:00,2023-06-27 11:07:00,long,4790.0,4792.0,4785.5,4792.0,2.0,20.0,limit_touch,take_profit
2023-06-27,2023-06-27 11:59:00,2023-06-27 12:26:00,2023-06-27 12:27:00,long,4795.0,4797.0,4790.0,4797.0,2.0,20.0,limit_touch,take_profit
2023-06-27,2023-06-27 12:50:00,2023-06-27 13:16:00,2023-06-27 13:19:00,long,4799.0,4801.0,4794.0,4801.0,2.0,20.0,limit_touch,take_profit
2023-06-30,2023-06-30 10:10:00,2023-06-30 10:15:00,2023-06-30 10:17:00,short,4854.5,4852.0,4860.5,4852.0,2.5,25.0,limit_touch,take_profit
2023-06-30,2023-06-30 11:15:00,2023-06-30 11:28:00,2023-06-30 11:37:00,short,4844.5,4850.5,4850.5,4842.0,-6.0,-60.0,limit_touch,stop_loss
2023-07-04,2023-07-04 11:26:00,2023-07-04 11:29:00,2023-07-04 11:34:00,long,4830.5,4832.5,4825.5,4832.5,2.0,20.0,limit_touch,take_profit
2023-07-04,2023-07-04 11:41:00,2023-07-04 11:43:00,2023-07-04 11:57:00,long,4837.0,4839.0,4832.0,4839.0,2.0,20.0,limit_touch,take_profit
2023-07-04,2023-07-04 12:12:00,2023-07-04 12:13:00,2023-07-04 12:31:00,long,4840.0,4842.0,4835.0,4842.0,2.0,20.0,limit_touch,take_profit
2023-07-11,2023-07-11 12:27:00,2023-07-11 12:35:00,2023-07-11 12:37:00,short,4906.0,4903.5,4912.5,4903.5,2.5,25.0,limit_touch,take_profit
2023-07-11,2023-07-11 12:59:00,2023-07-11 13:02:00,2023-07-11 13:04:00,short,4906.0,4903.5,4912.5,4903.5,2.5,25.0,limit_touch,take_profit
2023-07-14,2023-07-14 10:12:00,2023-07-14 10:16:00,2023-07-14 10:18:00,short,4796.5,4803.0,4803.0,4794.0,-6.5,-65.0,limit_touch,stop_loss
2023-07-18,2023-07-18 11:54:00,2023-07-18 11:55:00,2023-07-18 11:56:00,short,4811.5,4809.0,4818.0,4809.0,2.5,25.0,limit_touch,take_profit
2023-07-21,2023-07-21 10:24:00,2023-07-21 10:49:00,2023-07-21 10:53:00,short,4780.5,4778.5,4786.0,4778.5,2.0,20.0,limit_touch,take_profit
2023-07-21,2023-07-21 10:57:00,2023-07-21 11:08:00,2023-07-21 11:12:00,short,4777.5,4775.5,4783.0,4775.5,2.0,20.0,limit_touch,take_profit
2023-07-25,2023-07-25 10:13:00,2023-07-25 10:17:00,2023-07-25 10:21:00,long,4758.0,4753.0,4753.0,4760.0,-5.0,-50.0,limit_touch,stop_loss
2023-07-28,2023-07-28 10:34:00,2023-07-28 10:36:00,2023-07-28 10:37:00,long,4727.0,4729.5,4720.5,4729.5,2.5,25.0,limit_touch,take_profit
2023-07-28,2023-07-28 10:45:00,2023-07-28 10:46:00,2023-07-28 10:47:00,long,4729.0,4731.5,4723.0,4731.5,2.5,25.0,limit_touch,take_profit
2023-07-28,2023-07-28 13:15:00,2023-07-28 13:28:00,2023-07-28 14:15:00,long,4736.5,4730.5,4730.5,4739.0,-6.0,-60.0,limit_touch,stop_loss
2023-08-01,2023-08-01 10:23:00,2023-08-01 10:48:00,2023-08-01 10:56:00,long,4798.5,4800.5,4793.0,4800.5,2.0,20.0,limit_touch,take_profit
2023-08-01,2023-08-01 11:17:00,2023-08-01 11:31:00,2023-08-01 11:32:00,long,4801.0,4803.0,4795.5,4803.0,2.0,20.0,limit_touch,take_profit
2023-08-04,2023-08-04 10:32:00,2023-08-04 10:51:00,2023-08-04 10:58:00,short,4887.5,4894.0,4894.0,4885.0,-6.5,-65.0,limit_touch,stop_loss
2023-08-08,2023-08-08 10:12:00,2023-08-08 10:12:00,2023-08-08 10:21:00,short,4942.0,4940.0,4947.5,4940.0,2.0,20.0,limit_touch,take_profit
2023-08-08,2023-08-08 10:28:00,2023-08-08 10:33:00,2023-08-08 10:34:00,short,4938.5,4936.5,4944.0,4936.5,2.0,20.0,limit_touch,take_profit
2023-08-08,2023-08-08 12:20:00,2023-08-08 12:22:00,2023-08-08 12:25:00,short,4938.0,4936.0,4943.5,4936.0,2.0,20.0,limit_touch,take_profit
2023-08-08,2023-08-08 12:49:00,2023-08-08 12:58:00,2023-08-08 13:02:00,short,4931.5,4929.5,4937.0,4929.5,2.0,20.0,limit_touch,take_profit
2023-08-11,2023-08-11 10:19:00,2023-08-11 10:21:00,2023-08-11 10:29:00,long,4919.0,4921.0,4913.5,4921.0,2.0,20.0,limit_touch,take_profit
2023-08-15,2023-08-15 10:12:00,2023-08-15 10:12:00,2023-08-15 10:15:00,short,4980.5,4986.5,4986.5,4978.5,-6.0,-60.0,limit_touch,stop_loss
2023-08-15,2023-08-15 10:45:00,2023-08-15 10:49:00,2023-08-15 10:53:00,long,5008.0,5002.0,5002.0,5010.5,-6.0,-60.0,limit_touch,stop_gap_open
2023-08-18,2023-08-18 10:59:00,2023-08-18 11:01:00,2023-08-18 11:05:00,short,4990.5,4988.0,4996.5,4988.0,2.5,25.0,limit_touch,take_profit
2023-08-18,2023-08-18 11:08:00,2023-08-18 11:17:00,2023-08-18 11:19:00,short,4988.0,4985.5,4994.0,4985.5,2.5,25.0,limit_touch,take_profit
2023-08-18,2023-08-18 11:24:00,2023-08-18 11:28:00,2023-08-18 11:40:00,short,4984.5,4982.0,4990.5,4982.0,2.5,25.0,limit_touch,take_profit
2023-08-18,2023-08-18 12:02:00,2023-08-18 12:08:00,2023-08-18 12:11:00,short,4977.5,4975.0,4983.5,4975.0,2.5,25.0,limit_touch,take_profit
2023-08-18,2023-08-18 12:16:00,2023-08-18 12:27:00,2023-08-18 12:45:00,short,4977.0,4974.5,4983.0,4974.5,2.5,25.0,limit_touch,take_profit
2023-08-22,2023-08-22 11:21:00,2023-08-22 11:23:00,2023-08-22 11:25:00,short,4945.0,4943.0,4950.0,4943.0,2.0,20.0,limit_touch,take_profit
2023-08-22,2023-08-22 12:04:00,2023-08-22 12:09:00,2023-08-22 12:10:00,short,4941.0,4939.0,4946.0,4939.0,2.0,20.0,limit_touch,take_profit
2023-08-25,2023-08-25 10:36:00,2023-08-25 10:36:00,2023-08-25 10:38:00,long,4885.0,4887.0,4880.0,4887.0,2.0,20.0,limit_touch,take_profit
2023-08-25,2023-08-25 10:46:00,2023-08-25 10:47:00,2023-08-25 10:53:00,long,4890.5,4885.5,4885.5,4892.5,-5.0,-50.0,limit_touch,stop_loss
2023-08-25,2023-08-25 11:29:00,2023-08-25 11:29:00,2023-08-25 11:30:00,long,4896.0,4898.5,4890.0,4898.5,2.5,25.0,limit_touch,take_profit
2023-08-25,2023-08-25 11:38:00,2023-08-25 11:41:00,2023-08-25 11:43:00,long,4899.5,4902.0,4893.5,4902.0,2.5,25.0,limit_touch,take_profit
2023-08-29,2023-08-29 10:33:00,2023-08-29 10:33:00,2023-08-29 10:34:00,long,4901.0,4903.0,4896.0,4903.0,2.0,20.0,limit_touch,take_profit
2023-08-29,2023-08-29 11:06:00,2023-08-29 11:06:00,2023-08-29 11:07:00,short,4868.0,4866.0,4873.5,4866.0,2.0,20.0,limit_touch,take_profit
2023-08-29,2023-08-29 12:49:00,2023-08-29 12:56:00,2023-08-29 12:56:00,short,4861.5,4859.5,4867.0,4859.5,2.0,20.0,limit_touch,take_profit
2023-09-01,2023-09-01 10:35:00,2023-09-01 10:37:00,2023-09-01 10:41:00,short,4927.0,4934.0,4934.0,4924.5,-7.0,-70.0,limit_touch,stop_loss
2023-09-01,2023-09-01 12:33:00,2023-09-01 12:51:00,2023-09-01 12:59:00,long,4959.5,4962.0,4952.5,4962.0,2.5,25.0,limit_touch,take_profit
2023-09-01,2023-09-01 13:06:00,2023-09-01 13:15:00,2023-09-01 13:31:00,long,4960.5,4953.5,4953.5,4963.0,-7.0,-70.0,limit_touch,stop_loss
2023-09-05,2023-09-05 10:20:00,2023-09-05 10:25:00,2023-09-05 10:26:00,long,4994.0,4989.0,4989.0,4996.0,-5.0,-50.0,limit_touch,stop_loss
2023-09-05,2023-09-05 11:03:00,2023-09-05 11:04:00,2023-09-05 11:05:00,long,4996.0,4998.0,4991.0,4998.0,2.0,20.0,limit_touch,take_profit
2023-09-08,2023-09-08 10:35:00,2023-09-08 10:36:00,2023-09-08 10:40:00,long,5001.5,5003.5,4996.5,5003.5,2.0,20.0,limit_touch,take_profit
2023-09-08,2023-09-08 10:48:00,2023-09-08 10:50:00,2023-09-08 10:51:00,long,5007.0,5009.0,5002.0,5009.0,2.0,20.0,limit_touch,take_profit
2023-09-12,2023-09-12 10:27:00,2023-09-12 10:34:00,2023-09-12 10:36:00,long,4975.5,4971.0,4971.0,4977.5,-4.5,-45.0,limit_touch,stop_loss
2023-09-15,2023-09-15 10:58:00,2023-09-15 10:58:00,2023-09-15 11:00:00,long,4887.0,4882.0,4882.0,4889.0,-5.0,-50.0,limit_touch,stop_loss
2023-09-19,2023-09-19 10:21:00,2023-09-19 10:21:00,2023-09-19 10:25:00,long,4865.0,4861.0,4861.0,4866.5,-4.0,-40.0,limit_touch,stop_loss
2023-09-19,2023-09-19 11:17:00,2023-09-19 11:19:00,2023-09-19 11:20:00,long,4868.0,4869.5,4864.0,4869.5,1.5,15.0,limit_touch,take_profit
2023-09-22,2023-09-22 10:32:00,2023-09-22 10:32:00,2023-09-22 10:34:00,long,4930.0,4932.0,4925.0,4932.0,2.0,20.0,limit_touch,take_profit
2023-09-22,2023-09-22 10:35:00,2023-09-22 10:37:00,2023-09-22 10:39:00,long,4930.5,4932.5,4925.5,4932.5,2.0,20.0,limit_touch,take_profit
2023-09-22,2023-09-22 10:41:00,2023-09-22 10:43:00,2023-09-22 10:45:00,long,4932.5,4927.5,4927.5,4934.5,-5.0,-50.0,limit_touch,stop_loss
2023-09-22,2023-09-22 11:03:00,2023-09-22 11:08:00,2023-09-22 11:11:00,short,4915.0,4920.0,4920.0,4913.0,-5.0,-50.0,limit_touch,stop_loss
2023-09-26,2023-09-26 13:20:00,2023-09-26 13:37:00,2023-09-26 13:55:00,long,4982.5,4984.5,4978.0,4984.5,2.0,20.0,limit_touch,take_profit
2023-09-29,2023-09-29 10:45:00,2023-09-29 10:45:00,2023-09-29 10:45:00,long,5036.0,5038.5,5030.0,5038.5,2.5,25.0,limit_touch,take_profit
2023-09-29,2023-09-29 10:52:00,2023-09-29 10:52:00,2023-09-29 10:56:00,long,5036.5,5030.0,5030.0,5039.0,-6.5,-65.0,limit_touch,stop_loss
2023-09-29,2023-09-29 11:08:00,2023-09-29 11:08:00,2023-09-29 11:11:00,long,5040.5,5034.0,5034.0,5043.0,-6.5,-65.0,limit_touch,stop_loss
2023-09-29,2023-09-29 11:25:00,2023-09-29 11:26:00,2023-09-29 11:28:00,long,5044.5,5047.0,5038.0,5047.0,2.5,25.0,limit_touch,take_profit
2023-09-29,2023-09-29 12:28:00,2023-09-29 12:28:00,2023-09-29 12:30:00,short,5016.0,5013.5,5023.0,5013.5,2.5,25.0,limit_touch,take_profit
2023-10-03,2023-10-03 10:45:00,2023-10-03 10:45:00,2023-10-03 10:46:00,short,5096.0,5093.5,5102.0,5093.5,2.5,25.0,limit_touch,take_profit
2023-10-03,2023-10-03 10:50:00,2023-10-03 10:53:00,2023-10-03 10:54:00,short,5095.5,5093.0,5101.5,5093.0,2.5,25.0,limit_touch,take_profit
2023-10-03,2023-10-03 10:57:00,2023-10-03 10:59:00,2023-10-03 11:00:00,short,5094.5,5100.5,5100.5,5092.0,-6.0,-60.0,limit_touch,stop_loss
2023-10-03,2023-10-03 11:21:00,2023-10-03 11:21:00,2023-10-03 11:24:00,long,5114.5,5117.0,5108.0,5117.0,2.5,25.0,limit_touch,take_profit
2023-10-03,2023-10-03 11:31:00,2023-10-03 11:33:00,2023-10-03 11:33:00,long,5126.0,5128.5,5119.5,5128.5,2.5,25.0,limit_touch,take_profit
2023-10-03,2023-10-03 12:42:00,2023-10-03 13:30:00,2023-10-03 13:32:00,long,5146.5,5149.0,5139.5,5149.0,2.5,25.0,limit_touch,take_profit
2023-10-06,2023-10-06 12:42:00,2023-10-06 12:51:00,2023-10-06 12:53:00,short,5177.5,5174.5,5185.0,5174.5,3.0,30.0,limit_touch,take_profit
2023-10-06,2023-10-06 12:58:00,2023-10-06 13:02:00,2023-10-06 13:08:00,short,5174.5,5171.5,5182.0,5171.5,3.0,30.0,limit_touch,take_profit
2023-10-10,2023-10-10 10:33:00,2023-10-10 10:35:00,2023-10-10 10:41:00,short,5116.0,5113.5,5122.0,5113.5,2.5,25.0,limit_touch,take_profit
2023-10-10,2023-10-10 11:30:00,2023-10-10 11:46:00,2023-10-10 11:46:00,short,5095.5,5093.0,5101.5,5093.0,2.5,25.0,limit_touch,take_profit
2023-10-10,2023-10-10 12:42:00,2023-10-10 13:21:00,2023-10-10 13:33:00,short,5091.0,5088.5,5097.0,5088.5,2.5,25.0,limit_touch,take_profit
2023-10-13,2023-10-13 10:51:00,2023-10-13 10:53:00,2023-10-13 10:53:00,short,5063.0,5060.5,5069.0,5060.5,2.5,25.0,limit_touch,take_profit
2023-10-13,2023-10-13 12:43:00,2023-10-13 12:57:00,2023-10-13 13:16:00,long,5089.5,5083.5,5083.5,5091.5,-6.0,-60.0,limit_touch,stop_loss
2023-10-17,2023-10-17 10:25:00,2023-10-17 10:31:00,2023-10-17 10:34:00,long,5070.0,5072.0,5065.0,5072.0,2.0,20.0,limit_touch,take_profit
2023-10-17,2023-10-17 10:37:00,2023-10-17 10:38:00,2023-10-17 10:44:00,long,5070.5,5072.5,5065.5,5072.5,2.0,20.0,limit_touch,take_profit
2023-10-17,2023-10-17 12:08:00,2023-10-17 12:21:00,2023-10-17 12:27:00,short,5031.5,5037.0,5037.0,5029.5,-5.5,-55.0,limit_touch,stop_loss
2023-10-20,2023-10-20 11:03:00,2023-10-20 11:09:00,2023-10-20 11:09:00,short,5062.0,5059.5,5068.5,5059.5,2.5,25.0,limit_touch,take_profit
2023-10-20,2023-10-20 11:39:00,2023-10-20 11:45:00,2023-10-20 11:46:00,short,5055.0,5052.5,5062.0,5052.5,2.5,25.0,limit_touch,take_profit
2023-10-20,2023-10-20 12:52:00,2023-10-20 13:08:00,2023-10-20 13:26:00,short,5051.5,5049.0,5058.0,5049.0,2.5,25.0,limit_touch,take_profit
2023-10-24,2023-10-24 10:39:00,2023-10-24 10:39:00,2023-10-24 10:39:00,short,5014.5,5012.5,5020.5,5012.5,2.0,20.0,limit_touch,take_profit
2023-10-24,2023-10-24 11:01:00,2023-10-24 11:02:00,2023-10-24 11:09:00,short,5010.0,5008.0,5016.0,5008.0,2.0,20.0,limit_touch,take_profit
2023-10-24,2023-10-24 11:29:00,2023-10-24 11:40:00,2023-10-24 11:45:00,short,5000.5,4998.0,5006.5,4998.0,2.5,25.0,limit_touch,take_profit
2023-10-27,2023-10-27 10:10:00,2023-10-27 10:14:00,2023-10-27 10:19:00,short,4947.5,4945.5,4953.0,4945.5,2.0,20.0,better_open,take_profit
2023-10-27,2023-10-27 10:25:00,2023-10-27 10:38:00,2023-10-27 10:38:00,short,4942.5,4940.5,4948.0,4940.5,2.0,20.0,limit_touch,take_profit
2023-10-31,2023-10-31 10:15:00,2023-10-31 10:18:00,2023-10-31 10:43:00,long,5079.0,5071.5,5071.5,5082.0,-7.5,-75.0,limit_touch,stop_loss
2023-11-07,2023-11-07 10:10:00,2023-11-07 10:22:00,2023-11-07 10:31:00,short,4881.5,4879.5,4887.0,4879.5,2.0,20.0,limit_touch,take_profit_gap_open
2023-11-07,2023-11-07 10:38:00,2023-11-07 10:42:00,2023-11-07 10:44:00,short,4879.5,4877.5,4885.0,4877.5,2.0,20.0,limit_touch,take_profit
2023-11-10,2023-11-10 10:36:00,2023-11-10 10:39:00,2023-11-10 10:40:00,short,4931.5,4929.5,4937.0,4929.5,2.0,20.0,limit_touch,take_profit
2023-11-10,2023-11-10 10:55:00,2023-11-10 11:09:00,2023-11-10 11:13:00,short,4931.0,4929.0,4936.5,4929.0,2.0,20.0,limit_touch,take_profit
2023-11-14,2023-11-14 10:11:00,2023-11-14 10:13:00,2023-11-14 10:14:00,short,4899.0,4897.5,4903.0,4897.5,1.5,15.0,limit_touch,take_profit
2023-11-14,2023-11-14 10:16:00,2023-11-14 10:16:00,2023-11-14 10:16:00,short,4899.0,4897.5,4903.0,4897.5,1.5,15.0,limit_touch,take_profit
2023-11-14,2023-11-14 10:35:00,2023-11-14 10:35:00,2023-11-14 10:35:00,short,4866.0,4864.0,4870.5,4864.0,2.0,20.0,limit_touch,take_profit
2023-11-17,2023-11-17 10:15:00,2023-11-17 10:15:00,2023-11-17 10:16:00,long,4884.0,4886.0,4879.0,4886.0,2.0,20.0,limit_touch,take_profit
2023-11-17,2023-11-17 10:32:00,2023-11-17 10:33:00,2023-11-17 10:36:00,long,4890.5,4892.5,4885.5,4892.5,2.0,20.0,limit_touch,take_profit
2023-11-17,2023-11-17 10:52:00,2023-11-17 10:57:00,2023-11-17 10:58:00,long,4896.5,4898.5,4891.5,4898.5,2.0,20.0,limit_touch,take_profit
2023-11-17,2023-11-17 11:30:00,2023-11-17 11:43:00,2023-11-17 11:49:00,long,4899.0,4901.0,4894.0,4901.0,2.0,20.0,limit_touch,take_profit
2023-11-17,2023-11-17 12:14:00,2023-11-17 12:24:00,2023-11-17 12:25:00,long,4901.5,4903.5,4896.0,4903.5,2.0,20.0,limit_touch,take_profit
2023-11-21,2023-11-21 10:16:00,2023-11-21 10:23:00,2023-11-21 10:26:00,long,4882.0,4877.5,4877.5,4883.5,-4.5,-45.0,limit_touch,stop_loss
2023-11-24,2023-11-24 12:52:00,2023-11-24 12:58:00,2023-11-24 13:00:00,long,4904.5,4906.0,4900.5,4906.0,1.5,15.0,limit_touch,take_profit
2023-11-28,2023-11-28 10:49:00,2023-11-28 10:49:00,2023-11-28 10:50:00,long,4904.5,4906.0,4900.0,4906.0,1.5,15.0,limit_touch,take_profit
2023-11-28,2023-11-28 12:00:00,2023-11-28 12:00:00,2023-11-28 12:02:00,short,4884.5,4882.5,4889.0,4882.5,2.0,20.0,limit_touch,take_profit
2023-11-28,2023-11-28 12:07:00,2023-11-28 12:09:00,2023-11-28 12:09:00,short,4877.0,4875.0,4882.0,4875.0,2.0,20.0,limit_touch,take_profit
2023-11-28,2023-11-28 12:18:00,2023-11-28 12:22:00,2023-11-28 12:29:00,short,4875.5,4873.5,4880.5,4873.5,2.0,20.0,limit_touch,take_profit
2023-11-28,2023-11-28 12:41:00,2023-11-28 12:44:00,2023-11-28 12:58:00,short,4866.5,4864.5,4871.5,4864.5,2.0,20.0,limit_touch,take_profit
2023-12-01,2023-12-01 11:04:00,2023-12-01 11:25:00,2023-12-01 11:27:00,long,4944.5,4946.5,4939.0,4946.5,2.0,20.0,limit_touch,take_profit
2023-12-01,2023-12-01 12:13:00,2023-12-01 12:14:00,2023-12-01 12:18:00,short,4918.0,4916.0,4923.5,4916.0,2.0,20.0,limit_touch,take_profit
2023-12-01,2023-12-01 12:21:00,2023-12-01 12:24:00,2023-12-01 12:33:00,short,4916.0,4914.0,4921.5,4914.0,2.0,20.0,limit_touch,take_profit
2023-12-05,2023-12-05 12:05:00,2023-12-05 12:05:00,2023-12-05 12:07:00,short,4951.5,4949.5,4957.0,4949.5,2.0,20.0,limit_touch,take_profit
2023-12-08,2023-12-08 10:17:00,2023-12-08 10:23:00,2023-12-08 10:28:00,long,4923.5,4925.0,4919.5,4925.0,1.5,15.0,limit_touch,take_profit
2023-12-08,2023-12-08 11:28:00,2023-12-08 11:29:00,2023-12-08 11:33:00,long,4938.5,4933.5,4933.5,4940.5,-5.0,-50.0,limit_touch,stop_loss
2023-12-12,2023-12-12 10:21:00,2023-12-12 10:22:00,2023-12-12 10:25:00,long,4943.0,4938.5,4938.5,4944.5,-4.5,-45.0,limit_touch,stop_loss
2023-12-12,2023-12-12 10:43:00,2023-12-12 10:44:00,2023-12-12 10:45:00,long,4946.5,4948.5,4942.0,4948.5,2.0,20.0,limit_touch,take_profit
2023-12-12,2023-12-12 10:47:00,2023-12-12 10:48:00,2023-12-12 10:50:00,long,4947.5,4943.0,4943.0,4949.5,-4.5,-45.0,limit_touch,stop_loss
2023-12-12,2023-12-12 11:18:00,2023-12-12 11:18:00,2023-12-12 11:23:00,long,4949.5,4945.0,4945.0,4951.5,-4.5,-45.0,limit_touch,stop_loss
2023-12-12,2023-12-12 11:46:00,2023-12-12 11:51:00,2023-12-12 11:54:00,long,4960.0,4962.0,4955.5,4962.0,2.0,20.0,limit_touch,take_profit
2023-12-12,2023-12-12 12:37:00,2023-12-12 12:44:00,2023-12-12 12:54:00,long,4962.5,4964.5,4957.5,4964.5,2.0,20.0,limit_touch,take_profit
2023-12-15,2023-12-15 10:20:00,2023-12-15 10:26:00,2023-12-15 10:30:00,long,4941.5,4936.0,4936.0,4943.5,-5.5,-55.0,limit_touch,stop_loss
2023-12-15,2023-12-15 10:40:00,2023-12-15 10:48:00,2023-12-15 10:52:00,long,4946.5,4941.0,4941.0,4948.5,-5.5,-55.0,limit_touch,stop_loss
2023-12-19,2023-12-19 10:38:00,2023-12-19 10:44:00,2023-12-19 10:44:00,short,4864.5,4862.5,4869.5,4862.5,2.0,20.0,limit_touch,take_profit
2023-12-19,2023-12-19 12:59:00,2023-12-19 13:15:00,2023-12-19 13:16:00,short,4859.0,4857.0,4864.0,4857.0,2.0,20.0,limit_touch,take_profit
2023-12-22,2023-12-22 12:07:00,2023-12-22 12:09:00,2023-12-22 12:11:00,short,4855.5,4853.5,4860.5,4853.5,2.0,20.0,limit_touch,take_profit
2023-12-26,2023-12-26 10:25:00,2023-12-26 10:25:00,2023-12-26 10:30:00,short,4839.5,4838.0,4844.0,4838.0,1.5,15.0,limit_touch,take_profit
2023-12-26,2023-12-26 10:33:00,2023-12-26 10:34:00,2023-12-26 10:36:00,short,4838.5,4843.0,4843.0,4837.0,-4.5,-45.0,limit_touch,stop_loss
2023-12-26,2023-12-26 11:00:00,2023-12-26 11:00:00,2023-12-26 11:01:00,short,4836.5,4835.0,4841.0,4835.0,1.5,15.0,limit_touch,take_profit
2023-12-26,2023-12-26 12:08:00,2023-12-26 12:09:00,2023-12-26 12:12:00,short,4833.0,4831.5,4837.5,4831.5,1.5,15.0,limit_touch,take_profit_gap_open
2024-01-02,2024-01-02 10:24:00,2024-01-02 10:26:00,2024-01-02 10:26:00,long,4907.0,4909.0,4901.5,4909.0,2.0,20.0,better_open,take_profit
2024-01-02,2024-01-02 11:00:00,2024-01-02 11:03:00,2024-01-02 11:05:00,long,4910.0,4912.0,4904.5,4912.0,2.0,20.0,limit_touch,take_profit
2024-01-05,2024-01-05 11:08:00,2024-01-05 11:15:00,2024-01-05 11:15:00,short,4913.5,4911.5,4919.0,4911.5,2.0,20.0,limit_touch,take_profit
2024-01-05,2024-01-05 12:12:00,2024-01-05 12:40:00,2024-01-05 12:42:00,short,4889.5,4887.5,4895.5,4887.5,2.0,20.0,limit_touch,take_profit
2024-01-09,2024-01-09 10:13:00,2024-01-09 10:13:00,2024-01-09 10:18:00,long,4905.0,4906.5,4900.5,4906.5,1.5,15.0,limit_touch,take_profit
2024-01-09,2024-01-09 10:26:00,2024-01-09 10:29:00,2024-01-09 10:29:00,long,4906.0,4907.5,4901.5,4907.5,1.5,15.0,limit_touch,take_profit
2024-01-09,2024-01-09 11:07:00,2024-01-09 11:10:00,2024-01-09 11:10:00,long,4908.0,4909.5,4903.5,4909.5,1.5,15.0,limit_touch,take_profit
2024-01-09,2024-01-09 12:44:00,2024-01-09 12:51:00,2024-01-09 12:58:00,long,4916.0,4918.0,4911.5,4918.0,2.0,20.0,limit_touch,take_profit
2024-01-09,2024-01-09 13:03:00,2024-01-09 13:10:00,2024-01-09 13:23:00,long,4916.5,4912.0,4912.0,4918.5,-4.5,-45.0,limit_touch,stop_loss
2024-01-12,2024-01-12 10:17:00,2024-01-12 10:19:00,2024-01-12 10:21:00,short,4874.0,4872.0,4878.5,4872.0,2.0,20.0,limit_touch,take_profit
2024-01-12,2024-01-12 10:31:00,2024-01-12 10:31:00,2024-01-12 10:32:00,short,4864.5,4869.0,4869.0,4862.5,-4.5,-45.0,limit_touch,stop_loss
2024-01-12,2024-01-12 10:40:00,2024-01-12 10:40:00,2024-01-12 10:41:00,short,4852.0,4850.0,4857.0,4850.0,2.0,20.0,limit_touch,take_profit
2024-01-12,2024-01-12 11:45:00,2024-01-12 11:46:00,2024-01-12 11:48:00,short,4849.5,4847.5,4854.5,4847.5,2.0,20.0,limit_touch,take_profit
2024-01-16,2024-01-16 10:10:00,2024-01-16 10:11:00,2024-01-16 10:12:00,short,4898.5,4902.5,4902.5,4897.0,-4.0,-40.0,limit_touch,stop_loss
2024-01-16,2024-01-16 11:48:00,2024-01-16 11:48:00,2024-01-16 11:49:00,long,4912.0,4913.5,4908.0,4913.5,1.5,15.0,limit_touch,take_profit
2024-01-16,2024-01-16 11:55:00,2024-01-16 11:59:00,2024-01-16 12:05:00,long,4915.5,4917.0,4911.0,4917.0,1.5,15.0,limit_touch,take_profit
2024-01-16,2024-01-16 12:40:00,2024-01-16 12:44:00,2024-01-16 13:00:00,long,4927.0,4928.5,4922.5,4928.5,1.5,15.0,better_open,take_profit
2024-01-16,2024-01-16 13:01:00,2024-01-16 13:02:00,2024-01-16 13:03:00,long,4931.0,4932.5,4926.5,4932.5,1.5,15.0,limit_touch,take_profit
2024-01-19,2024-01-19 10:19:00,2024-01-19 10:19:00,2024-01-19 10:20:00,short,4913.5,4911.5,4918.0,4911.5,2.0,20.0,limit_touch,take_profit
2024-01-19,2024-01-19 10:21:00,2024-01-19 10:22:00,2024-01-19 10:27:00,short,4913.0,4917.5,4917.5,4911.0,-4.5,-45.0,limit_touch,stop_loss
2024-01-19,2024-01-19 10:54:00,2024-01-19 10:56:00,2024-01-19 11:00:00,long,4928.0,4930.0,4923.0,4930.0,2.0,20.0,limit_touch,take_profit
2024-01-19,2024-01-19 11:31:00,2024-01-19 11:34:00,2024-01-19 11:34:00,long,4933.5,4935.5,4928.5,4935.5,2.0,20.0,limit_touch,take_profit
2024-01-19,2024-01-19 11:41:00,2024-01-19 11:45:00,2024-01-19 12:00:00,long,4937.5,4932.5,4932.5,4939.5,-5.0,-50.0,limit_touch,stop_loss
2024-01-19,2024-01-19 12:06:00,2024-01-19 12:06:00,2024-01-19 12:06:00,long,4941.0,4943.0,4936.0,4943.0,2.0,20.0,limit_touch,take_profit
2024-01-23,2024-01-23 10:45:00,2024-01-23 10:51:00,2024-01-23 10:53:00,short,4969.0,4974.0,4974.0,4967.0,-5.0,-50.0,limit_touch,stop_loss
2024-01-26,2024-01-26 10:47:00,2024-01-26 10:47:00,2024-01-26 10:47:00,short,4908.0,4906.5,4912.5,4906.5,1.5,15.0,limit_touch,take_profit
2024-01-26,2024-01-26 11:31:00,2024-01-26 11:32:00,2024-01-26 11:36:00,long,4920.5,4922.0,4916.0,4922.0,1.5,15.0,limit_touch,take_profit
2024-01-30,2024-01-30 10:17:00,2024-01-30 10:19:00,2024-01-30 10:21:00,long,4953.5,4955.0,4949.5,4955.0,1.5,15.0,limit_touch,take_profit
2024-01-30,2024-01-30 10:40:00,2024-01-30 10:41:00,2024-01-30 10:42:00,long,4966.5,4968.0,4962.0,4968.0,1.5,15.0,limit_touch,take_profit
2024-01-30,2024-01-30 12:17:00,2024-01-30 12:19:00,2024-01-30 12:22:00,long,4975.5,4977.5,4971.0,4977.5,2.0,20.0,limit_touch,take_profit
2024-02-02,2024-02-02 10:31:00,2024-02-02 10:31:00,2024-02-02 10:31:00,long,4944.0,4946.0,4939.0,4946.0,2.0,20.0,limit_touch,take_profit
2024-02-02,2024-02-02 10:37:00,2024-02-02 10:38:00,2024-02-02 10:39:00,long,4958.5,4960.5,4953.0,4960.5,2.0,20.0,limit_touch,take_profit
2024-02-02,2024-02-02 10:58:00,2024-02-02 11:11:00,2024-02-02 11:21:00,long,4963.0,4965.0,4957.5,4965.0,2.0,20.0,limit_touch,take_profit
2024-02-06,2024-02-06 10:19:00,2024-02-06 10:19:00,2024-02-06 10:19:00,short,4976.0,4974.5,4980.0,4974.5,1.5,15.0,limit_touch,take_profit
2024-02-06,2024-02-06 10:21:00,2024-02-06 10:23:00,2024-02-06 10:24:00,short,4975.0,4973.5,4979.0,4973.5,1.5,15.0,limit_touch,take_profit
2024-02-06,2024-02-06 10:27:00,2024-02-06 10:27:00,2024-02-06 10:35:00,short,4974.0,4978.0,4978.0,4972.5,-4.0,-40.0,limit_touch,stop_loss
2024-02-06,2024-02-06 11:30:00,2024-02-06 11:31:00,2024-02-06 11:32:00,long,4988.0,4989.5,4984.0,4989.5,1.5,15.0,limit_touch,take_profit
2024-02-06,2024-02-06 11:59:00,2024-02-06 12:00:00,2024-02-06 12:07:00,short,4971.5,4970.0,4976.0,4970.0,1.5,15.0,limit_touch,take_profit
2024-02-06,2024-02-06 12:09:00,2024-02-06 12:10:00,2024-02-06 12:12:00,short,4970.0,4968.5,4974.5,4968.5,1.5,15.0,limit_touch,take_profit
2024-02-06,2024-02-06 12:21:00,2024-02-06 12:25:00,2024-02-06 12:25:00,short,4969.0,4967.5,4973.5,4967.5,1.5,15.0,limit_touch,take_profit
2024-02-06,2024-02-06 12:34:00,2024-02-06 12:40:00,2024-02-06 12:44:00,short,4966.0,4964.5,4970.5,4964.5,1.5,15.0,limit_touch,take_profit
2024-02-09,2024-02-09 10:23:00,2024-02-09 10:23:00,2024-02-09 10:24:00,short,4984.5,4983.0,4988.5,4983.0,1.5,15.0,limit_touch,take_profit
2024-02-09,2024-02-09 10:29:00,2024-02-09 10:29:00,2024-02-09 10:30:00,short,4984.0,4982.5,4988.0,4982.5,1.5,15.0,limit_touch,take_profit
2024-02-09,2024-02-09 10:31:00,2024-02-09 10:45:00,2024-02-09 10:46:00,short,4983.0,4981.5,4987.0,4981.5,1.5,15.0,limit_touch,take_profit_gap_open
2024-02-16,2024-02-16 10:31:00,2024-02-16 10:31:00,2024-02-16 10:31:00,long,4987.0,4988.0,4984.0,4988.0,1.0,10.0,limit_touch,take_profit
2024-02-16,2024-02-16 10:35:00,2024-02-16 10:35:00,2024-02-16 10:35:00,long,4987.5,4988.5,4984.5,4988.5,1.0,10.0,limit_touch,take_profit
2024-02-16,2024-02-16 10:43:00,2024-02-16 10:43:00,2024-02-16 10:47:00,long,4991.0,4987.5,4987.5,4992.5,-3.5,-35.0,limit_touch,stop_gap_open
2024-02-16,2024-02-16 11:23:00,2024-02-16 11:25:00,2024-02-16 11:27:00,long,4991.5,4988.0,4988.0,4993.0,-3.5,-35.0,limit_touch,stop_loss
2024-02-16,2024-02-16 12:10:00,2024-02-16 12:11:00,2024-02-16 12:12:00,short,4973.0,4971.5,4976.5,4971.5,1.5,15.0,limit_touch,take_profit
2024-02-16,2024-02-16 12:14:00,2024-02-16 12:14:00,2024-02-16 12:15:00,short,4970.0,4968.5,4973.5,4968.5,1.5,15.0,limit_touch,take_profit
2024-02-20,2024-02-20 10:18:00,2024-02-20 10:20:00,2024-02-20 10:20:00,short,4952.0,4951.0,4955.0,4951.0,1.0,10.0,limit_touch,take_profit
2024-02-20,2024-02-20 10:33:00,2024-02-20 10:37:00,2024-02-20 10:37:00,short,4947.5,4946.5,4950.5,4946.5,1.0,10.0,limit_touch,take_profit
2024-02-20,2024-02-20 10:50:00,2024-02-20 10:53:00,2024-02-20 10:53:00,short,4944.0,4943.0,4947.0,4943.0,1.0,10.0,limit_touch,take_profit
2024-02-20,2024-02-20 11:34:00,2024-02-20 12:08:00,2024-02-20 12:09:00,short,4937.5,4936.5,4940.5,4936.5,1.0,10.0,limit_touch,take_profit
2024-02-23,2024-02-23 10:31:00,2024-02-23 10:32:00,2024-02-23 10:36:00,long,4975.5,4977.0,4972.0,4977.0,1.5,15.0,limit_touch,take_profit
2024-02-23,2024-02-23 10:37:00,2024-02-23 10:40:00,2024-02-23 10:40:00,long,4978.5,4980.0,4975.0,4980.0,1.5,15.0,limit_touch,take_profit
2024-02-23,2024-02-23 11:11:00,2024-02-23 11:15:00,2024-02-23 11:16:00,long,4985.5,4987.0,4982.0,4987.0,1.5,15.0,limit_touch,take_profit
2024-02-23,2024-02-23 11:20:00,2024-02-23 11:20:00,2024-02-23 11:21:00,long,4988.5,4985.0,4985.0,4990.0,-3.5,-35.0,limit_touch,stop_loss
2024-02-23,2024-02-23 12:08:00,2024-02-23 12:14:00,2024-02-23 12:15:00,long,4993.5,4995.0,4990.0,4995.0,1.5,15.0,limit_touch,take_profit
2024-02-27,2024-02-27 11:17:00,2024-02-27 11:17:00,2024-02-27 11:27:00,short,4961.5,4965.0,4965.0,4960.0,-3.5,-35.0,limit_touch,stop_loss
2024-02-27,2024-02-27 12:48:00,2024-02-27 12:53:00,2024-02-27 13:20:00,short,4944.5,4943.0,4948.5,4943.0,1.5,15.0,limit_touch,take_profit
2024-03-01,2024-03-01 10:19:00,2024-03-01 10:19:00,2024-03-01 10:30:00,long,4978.5,4980.0,4974.5,4980.0,1.5,15.0,limit_touch,take_profit
2024-03-01,2024-03-01 10:36:00,2024-03-01 10:36:00,2024-03-01 10:36:00,long,4984.0,4985.5,4980.0,4985.5,1.5,15.0,limit_touch,take_profit
2024-03-01,2024-03-01 11:22:00,2024-03-01 11:23:00,2024-03-01 11:27:00,short,4970.0,4974.0,4974.0,4968.5,-4.0,-40.0,better_open,stop_loss
2024-03-01,2024-03-01 12:11:00,2024-03-01 12:12:00,2024-03-01 12:14:00,short,4967.5,4966.0,4972.0,4966.0,1.5,15.0,limit_touch,take_profit
2024-03-01,2024-03-01 12:16:00,2024-03-01 12:18:00,2024-03-01 12:19:00,short,4966.0,4964.5,4970.5,4964.5,1.5,15.0,limit_touch,take_profit_gap_open
2024-03-01,2024-03-01 12:51:00,2024-03-01 13:02:00,2024-03-01 13:06:00,short,4963.0,4961.5,4967.5,4961.5,1.5,15.0,limit_touch,take_profit
2024-03-05,2024-03-05 10:24:00,2024-03-05 10:24:00,2024-03-05 10:39:00,short,4960.0,4959.0,4963.0,4959.0,1.0,10.0,limit_touch,take_profit
2024-03-05,2024-03-05 11:58:00,2024-03-05 11:58:00,2024-03-05 11:58:00,long,4969.5,4970.5,4966.5,4970.5,1.0,10.0,limit_touch,take_profit
2024-03-05,2024-03-05 12:17:00,2024-03-05 12:17:00,2024-03-05 12:20:00,short,4954.0,4957.0,4957.0,4953.0,-3.0,-30.0,limit_touch,stop_loss
2024-03-08,2024-03-08 10:25:00,2024-03-08 10:25:00,2024-03-08 10:26:00,long,4984.5,4986.0,4981.0,4986.0,1.5,15.0,limit_touch,take_profit
2024-03-08,2024-03-08 11:15:00,2024-03-08 11:19:00,2024-03-08 11:24:00,long,4993.5,4989.5,4989.5,4995.0,-4.0,-40.0,limit_touch,stop_loss
2024-03-12,2024-03-12 10:40:00,2024-03-12 10:48:00,2024-03-12 10:50:00,long,4994.0,4990.0,4990.0,4995.5,-4.0,-40.0,limit_touch,stop_loss
2024-03-15,2024-03-15 10:11:00,2024-03-15 10:12:00,2024-03-15 10:13:00,long,5002.5,4999.0,4999.0,5004.0,-3.5,-35.0,limit_touch,stop_loss
2024-03-19,2024-03-19 10:36:00,2024-03-19 10:36:00,2024-03-19 10:44:00,short,5043.5,5042.0,5047.0,5042.0,1.5,15.0,limit_touch,take_profit
2024-03-19,2024-03-19 10:46:00,2024-03-19 10:46:00,2024-03-19 10:48:00,short,5042.5,5046.0,5046.0,5041.0,-3.5,-35.0,limit_touch,stop_gap_open
2024-03-19,2024-03-19 11:12:00,2024-03-19 11:14:00,2024-03-19 11:23:00,short,5036.0,5039.5,5039.5,5034.5,-3.5,-35.0,limit_touch,stop_loss
2024-03-19,2024-03-19 11:40:00,2024-03-19 11:45:00,2024-03-19 11:45:00,short,5032.0,5030.5,5035.5,5030.5,1.5,15.0,limit_touch,take_profit
2024-03-19,2024-03-19 11:55:00,2024-03-19 12:02:00,2024-03-19 12:05:00,short,5029.5,5033.5,5033.5,5028.0,-4.0,-40.0,limit_touch,stop_gap_open
2024-03-19,2024-03-19 12:57:00,2024-03-19 13:02:00,2024-03-19 13:08:00,short,5025.5,5029.5,5029.5,5024.0,-4.0,-40.0,limit_touch,stop_gap_open
2024-03-22,2024-03-22 10:59:00,2024-03-22 10:59:00,2024-03-22 11:05:00,short,4986.5,4985.0,4990.5,4985.0,1.5,15.0,limit_touch,take_profit
2024-03-22,2024-03-22 11:55:00,2024-03-22 11:56:00,2024-03-22 12:11:00,short,4986.0,4990.0,4990.0,4984.5,-4.0,-40.0,limit_touch,stop_loss
2024-03-26,2024-03-26 11:01:00,2024-03-26 11:05:00,2024-03-26 11:11:00,long,4983.0,4984.5,4979.5,4984.5,1.5,15.0,limit_touch,take_profit
2024-03-26,2024-03-26 11:23:00,2024-03-26 11:29:00,2024-03-26 11:31:00,long,4984.5,4986.0,4981.0,4986.0,1.5,15.0,limit_touch,take_profit
2024-03-26,2024-03-26 12:41:00,2024-03-26 12:47:00,2024-03-26 12:56:00,long,4988.0,4989.0,4985.0,4989.0,1.0,10.0,limit_touch,take_profit
2024-04-02,2024-04-02 10:10:00,2024-04-02 10:12:00,2024-04-02 10:14:00,long,5063.0,5064.5,5059.0,5064.5,1.5,15.0,limit_touch,take_profit
2024-04-02,2024-04-02 10:19:00,2024-04-02 10:32:00,2024-04-02 10:34:00,long,5064.0,5065.5,5060.0,5065.5,1.5,15.0,limit_touch,take_profit
2024-04-02,2024-04-02 11:54:00,2024-04-02 11:56:00,2024-04-02 11:58:00,long,5070.0,5065.5,5065.5,5071.5,-4.5,-45.0,limit_touch,stop_loss
2024-04-09,2024-04-09 10:11:00,2024-04-09 10:15:00,2024-04-09 10:16:00,short,5019.0,5017.5,5023.0,5017.5,1.5,15.0,limit_touch,take_profit
2024-04-09,2024-04-09 11:19:00,2024-04-09 11:28:00,2024-04-09 11:36:00,short,5015.0,5019.0,5019.0,5013.5,-4.0,-40.0,limit_touch,stop_loss
2024-04-09,2024-04-09 12:40:00,2024-04-09 12:50:00,2024-04-09 13:16:00,short,5014.5,5013.0,5018.5,5013.0,1.5,15.0,limit_touch,take_profit
2024-04-12,2024-04-12 11:01:00,2024-04-12 11:03:00,2024-04-12 11:03:00,long,5141.0,5143.0,5136.5,5143.0,2.0,20.0,limit_touch,take_profit
2024-04-12,2024-04-12 11:17:00,2024-04-12 11:21:00,2024-04-12 11:28:00,long,5144.5,5146.5,5140.0,5146.5,2.0,20.0,limit_touch,take_profit
2024-04-12,2024-04-12 12:08:00,2024-04-12 12:29:00,2024-04-12 12:31:00,long,5151.0,5153.0,5146.5,5153.0,2.0,20.0,limit_touch,take_profit
2024-04-16,2024-04-16 10:50:00,2024-04-16 10:52:00,2024-04-16 10:52:00,long,5266.5,5269.0,5260.0,5269.0,2.5,25.0,limit_touch,take_profit
2024-04-16,2024-04-16 12:00:00,2024-04-16 12:05:00,2024-04-16 12:28:00,long,5280.5,5273.5,5273.5,5283.0,-7.0,-70.0,limit_touch,stop_loss
2024-04-19,2024-04-19 10:13:00,2024-04-19 10:14:00,2024-04-19 10:20:00,short,5254.5,5260.5,5260.5,5252.0,-6.0,-60.0,limit_touch,stop_loss
2024-04-19,2024-04-19 12:51:00,2024-04-19 13:17:00,2024-04-19 13:42:00,short,5219.5,5217.0,5225.5,5217.0,2.5,25.0,limit_touch,take_profit
2024-04-23,2024-04-23 10:13:00,2024-04-23 10:14:00,2024-04-23 10:15:00,long,5188.5,5190.5,5184.0,5190.5,2.0,20.0,limit_touch,take_profit
2024-04-23,2024-04-23 10:46:00,2024-04-23 10:46:00,2024-04-23 10:50:00,short,5171.0,5169.0,5176.0,5169.0,2.0,20.0,limit_touch,take_profit
2024-04-23,2024-04-23 10:54:00,2024-04-23 10:55:00,2024-04-23 10:58:00,short,5162.0,5160.0,5167.0,5160.0,2.0,20.0,limit_touch,take_profit
2024-04-23,2024-04-23 11:00:00,2024-04-23 11:00:00,2024-04-23 11:03:00,short,5161.0,5159.0,5166.0,5159.0,2.0,20.0,limit_touch,take_profit
2024-04-23,2024-04-23 11:08:00,2024-04-23 11:08:00,2024-04-23 11:12:00,short,5159.0,5157.0,5164.0,5157.0,2.0,20.0,limit_touch,take_profit
2024-04-23,2024-04-23 11:28:00,2024-04-23 11:41:00,2024-04-23 11:42:00,short,5153.5,5151.5,5158.5,5151.5,2.0,20.0,limit_touch,take_profit
2024-04-26,2024-04-26 11:01:00,2024-04-26 11:10:00,2024-04-26 11:17:00,short,5122.0,5120.0,5127.5,5120.0,2.0,20.0,limit_touch,take_profit
2024-04-30,2024-04-30 10:27:00,2024-04-30 10:33:00,2024-04-30 10:41:00,long,5173.5,5168.5,5168.5,5175.5,-5.0,-50.0,limit_touch,stop_loss
2024-04-30,2024-04-30 11:11:00,2024-04-30 11:18:00,2024-04-30 11:19:00,long,5182.5,5184.5,5177.0,5184.5,2.0,20.0,limit_touch,take_profit_gap_open
2024-04-30,2024-04-30 12:01:00,2024-04-30 12:19:00,2024-04-30 12:31:00,long,5188.5,5190.5,5183.5,5190.5,2.0,20.0,limit_touch,take_profit
2024-05-07,2024-05-07 11:55:00,2024-05-07 12:04:00,2024-05-07 12:12:00,short,5065.0,5069.0,5069.0,5063.5,-4.0,-40.0,limit_touch,stop_loss
2024-05-10,2024-05-10 11:21:00,2024-05-10 11:22:00,2024-05-10 11:23:00,long,5152.5,5154.5,5147.5,5154.5,2.0,20.0,limit_touch,take_profit
2024-05-10,2024-05-10 11:28:00,2024-05-10 11:34:00,2024-05-10 11:38:00,long,5155.0,5157.0,5150.0,5157.0,2.0,20.0,limit_touch,take_profit
2024-05-17,2024-05-17 10:13:00,2024-05-17 10:14:00,2024-05-17 10:15:00,short,5125.0,5123.5,5129.0,5123.5,1.5,15.0,limit_touch,take_profit
2024-05-17,2024-05-17 10:17:00,2024-05-17 10:21:00,2024-05-17 10:25:00,short,5124.5,5128.5,5128.5,5123.0,-4.0,-40.0,limit_touch,stop_loss
2024-05-17,2024-05-17 11:28:00,2024-05-17 11:32:00,2024-05-17 12:31:00,short,5116.5,5121.0,5121.0,5115.0,-4.5,-45.0,limit_touch,stop_loss
2024-05-21,2024-05-21 10:12:00,2024-05-21 10:12:00,2024-05-21 10:18:00,short,5090.5,5094.0,5094.0,5089.0,-3.5,-35.0,limit_touch,stop_loss
2024-05-21,2024-05-21 12:01:00,2024-05-21 12:10:00,2024-05-21 12:10:00,long,5110.5,5112.0,5106.5,5112.0,1.5,15.0,limit_touch,take_profit
2024-05-24,2024-05-24 10:18:00,2024-05-24 10:19:00,2024-05-24 10:20:00,long,5149.5,5151.0,5145.5,5151.0,1.5,15.0,limit_touch,take_profit
2024-05-24,2024-05-24 10:36:00,2024-05-24 10:38:00,2024-05-24 10:39:00,long,5150.5,5152.0,5146.5,5152.0,1.5,15.0,limit_touch,take_profit
2024-05-24,2024-05-24 10:41:00,2024-05-24 10:44:00,2024-05-24 10:45:00,long,5152.5,5154.0,5148.5,5154.0,1.5,15.0,limit_touch,take_profit
2024-05-24,2024-05-24 10:58:00,2024-05-24 11:00:00,2024-05-24 11:05:00,long,5153.5,5149.5,5149.5,5155.0,-4.0,-40.0,limit_touch,stop_loss
2024-05-28,2024-05-28 10:32:00,2024-05-28 10:44:00,2024-05-28 10:48:00,short,5140.5,5144.0,5144.0,5139.0,-3.5,-35.0,limit_touch,stop_loss
2024-05-31,2024-05-31 11:02:00,2024-05-31 11:09:00,2024-05-31 11:16:00,long,5248.5,5250.0,5244.0,5250.0,1.5,15.0,limit_touch,take_profit
2024-05-31,2024-05-31 11:54:00,2024-05-31 12:03:00,2024-05-31 12:05:00,long,5261.5,5263.5,5257.0,5263.5,2.0,20.0,limit_touch,take_profit
2024-06-04,2024-06-04 10:54:00,2024-06-04 10:54:00,2024-06-04 10:56:00,short,5266.5,5272.0,5272.0,5264.5,-5.5,-55.0,limit_touch,stop_loss
2024-06-04,2024-06-04 11:01:00,2024-06-04 11:01:00,2024-06-04 11:01:00,short,5266.0,5264.0,5271.5,5264.0,2.0,20.0,limit_touch,take_profit
2024-06-04,2024-06-04 12:15:00,2024-06-04 12:17:00,2024-06-04 12:20:00,long,5288.0,5282.5,5282.5,5290.0,-5.5,-55.0,limit_touch,stop_loss
2024-06-04,2024-06-04 13:03:00,2024-06-04 13:12:00,2024-06-04 13:26:00,long,5299.5,5302.0,5293.5,5302.0,2.5,25.0,limit_touch,take_profit
2024-06-11,2024-06-11 10:14:00,2024-06-11 10:14:00,2024-06-11 10:14:00,short,5358.0,5355.5,5364.5,5355.5,2.5,25.0,limit_touch,take_profit
2024-06-11,2024-06-11 10:16:00,2024-06-11 10:16:00,2024-06-11 10:28:00,short,5356.0,5362.0,5362.0,5353.5,-6.0,-60.0,limit_touch,stop_loss
2024-06-11,2024-06-11 11:11:00,2024-06-11 11:11:00,2024-06-11 11:13:00,short,5353.0,5350.5,5359.5,5350.5,2.5,25.0,limit_touch,take_profit
2024-06-11,2024-06-11 11:25:00,2024-06-11 11:27:00,2024-06-11 11:28:00,short,5351.5,5349.0,5358.0,5349.0,2.5,25.0,limit_touch,take_profit
2024-06-18,2024-06-18 10:13:00,2024-06-18 10:15:00,2024-06-18 10:18:00,short,5420.0,5418.0,5425.5,5418.0,2.0,20.0,limit_touch,take_profit
2024-06-18,2024-06-18 11:04:00,2024-06-18 11:09:00,2024-06-18 11:11:00,short,5405.0,5410.5,5410.5,5403.0,-5.5,-55.0,limit_touch,stop_loss
2024-06-21,2024-06-21 10:56:00,2024-06-21 10:57:00,2024-06-21 11:00:00,short,5437.5,5435.0,5444.0,5435.0,2.5,25.0,limit_touch,take_profit
2024-06-21,2024-06-21 11:02:00,2024-06-21 11:02:00,2024-06-21 11:03:00,short,5431.0,5428.5,5437.5,5428.5,2.5,25.0,limit_touch,take_profit
2024-06-21,2024-06-21 12:19:00,2024-06-21 12:21:00,2024-06-21 12:22:00,long,5457.0,5459.5,5450.5,5459.5,2.5,25.0,limit_touch,take_profit
2024-06-21,2024-06-21 12:29:00,2024-06-21 12:36:00,2024-06-21 12:38:00,long,5458.5,5461.0,5452.0,5461.0,2.5,25.0,limit_touch,take_profit
2024-06-25,2024-06-25 10:45:00,2024-06-25 10:45:00,2024-06-25 10:47:00,long,5427.5,5429.5,5422.0,5429.5,2.0,20.0,limit_touch,take_profit
2024-06-25,2024-06-25 10:50:00,2024-06-25 10:50:00,2024-06-25 10:53:00,long,5431.0,5433.0,5425.5,5433.0,2.0,20.0,limit_touch,take_profit
2024-06-25,2024-06-25 10:59:00,2024-06-25 10:59:00,2024-06-25 11:09:00,long,5433.0,5435.0,5427.5,5435.0,2.0,20.0,limit_touch,take_profit
2024-06-25,2024-06-25 11:15:00,2024-06-25 11:23:00,2024-06-25 11:30:00,long,5434.0,5428.5,5428.5,5436.0,-5.5,-55.0,limit_touch,stop_loss
2024-06-25,2024-06-25 11:47:00,2024-06-25 11:53:00,2024-06-25 11:58:00,long,5437.0,5439.0,5431.5,5439.0,2.0,20.0,limit_touch,take_profit
2024-06-25,2024-06-25 12:24:00,2024-06-25 12:32:00,2024-06-25 12:33:00,long,5441.5,5443.5,5436.0,5443.5,2.0,20.0,limit_touch,take_profit
2024-06-28,2024-06-28 11:05:00,2024-06-28 11:25:00,2024-06-28 11:28:00,long,5588.0,5590.5,5581.0,5590.5,2.5,25.0,limit_touch,take_profit
2024-07-02,2024-07-02 10:13:00,2024-07-02 10:15:00,2024-07-02 10:20:00,long,5672.0,5674.5,5665.0,5674.5,2.5,25.0,limit_touch,take_profit
2024-07-02,2024-07-02 10:31:00,2024-07-02 10:32:00,2024-07-02 10:35:00,long,5683.5,5676.5,5676.5,5686.0,-7.0,-70.0,limit_touch,stop_loss
2024-07-02,2024-07-02 11:26:00,2024-07-02 11:30:00,2024-07-02 11:31:00,long,5694.0,5697.0,5686.5,5697.0,3.0,30.0,limit_touch,take_profit
2024-07-05,2024-07-05 10:27:00,2024-07-05 10:30:00,2024-07-05 10:32:00,long,5517.5,5520.5,5510.0,5520.5,3.0,30.0,limit_touch,take_profit
2024-07-05,2024-07-05 10:53:00,2024-07-05 11:05:00,2024-07-05 11:19:00,long,5538.5,5530.5,5530.5,5541.5,-8.0,-80.0,limit_touch,stop_loss
2024-07-09,2024-07-09 10:15:00,2024-07-09 10:22:00,2024-07-09 10:32:00,short,5458.5,5464.0,5464.0,5456.5,-5.5,-55.0,limit_touch,stop_loss
2024-07-09,2024-07-09 11:03:00,2024-07-09 11:04:00,2024-07-09 11:05:00,short,5454.0,5459.5,5459.5,5452.0,-5.5,-55.0,limit_touch,stop_loss
2024-07-12,2024-07-12 10:16:00,2024-07-12 10:19:00,2024-07-12 10:19:00,long,5459.0,5461.5,5452.5,5461.5,2.5,25.0,limit_touch,take_profit
2024-07-12,2024-07-12 10:33:00,2024-07-12 10:34:00,2024-07-12 10:37:00,long,5462.5,5465.0,5456.0,5465.0,2.5,25.0,limit_touch,take_profit
2024-07-12,2024-07-12 10:53:00,2024-07-12 11:00:00,2024-07-12 11:00:00,long,5469.5,5472.0,5463.0,5472.0,2.5,25.0,limit_touch,take_profit
2024-07-16,2024-07-16 10:14:00,2024-07-16 10:14:00,2024-07-16 10:15:00,short,5432.0,5437.5,5437.5,5430.0,-5.5,-55.0,limit_touch,stop_loss
2024-07-16,2024-07-16 10:21:00,2024-07-16 10:21:00,2024-07-16 10:22:00,short,5429.5,5427.5,5435.5,5427.5,2.0,20.0,limit_touch,take_profit
2024-07-16,2024-07-16 10:32:00,2024-07-16 10:34:00,2024-07-16 10:45:00,short,5423.0,5421.0,5429.0,5421.0,2.0,20.0,limit_touch,take_profit
2024-07-16,2024-07-16 10:48:00,2024-07-16 10:49:00,2024-07-16 11:03:00,short,5420.5,5426.5,5426.5,5418.5,-6.0,-60.0,limit_touch,stop_loss
2024-07-16,2024-07-16 12:56:00,2024-07-16 13:01:00,2024-07-16 13:12:00,long,5461.0,5463.5,5455.0,5463.5,2.5,25.0,limit_touch,take_profit
2024-07-19,2024-07-19 10:12:00,2024-07-19 10:12:00,2024-07-19 10:14:00,long,5570.0,5563.0,5563.0,5573.0,-7.0,-70.0,limit_touch,stop_loss
2024-07-19,2024-07-19 12:34:00,2024-07-19 12:35:00,2024-07-19 12:44:00,long,5573.5,5566.0,5566.0,5576.5,-7.5,-75.0,limit_touch,stop_loss
2024-07-23,2024-07-23 11:37:00,2024-07-23 11:40:00,2024-07-23 11:44:00,short,5573.5,5571.0,5580.5,5571.0,2.5,25.0,limit_touch,take_profit
2024-07-23,2024-07-23 11:50:00,2024-07-23 11:51:00,2024-07-23 12:00:00,short,5572.0,5569.5,5579.0,5569.5,2.5,25.0,limit_touch,take_profit
2024-07-26,2024-07-26 11:39:00,2024-07-26 11:39:00,2024-07-26 11:42:00,long,5652.0,5655.0,5644.5,5655.0,3.0,30.0,limit_touch,take_profit
2024-07-26,2024-07-26 11:53:00,2024-07-26 11:55:00,2024-07-26 11:58:00,long,5655.0,5658.0,5647.5,5658.0,3.0,30.0,limit_touch,take_profit_gap_open
2024-07-26,2024-07-26 12:36:00,2024-07-26 12:45:00,2024-07-26 13:18:00,long,5661.5,5664.5,5654.0,5664.5,3.0,30.0,limit_touch,take_profit
2024-08-02,2024-08-02 10:10:00,2024-08-02 10:12:00,2024-08-02 10:12:00,short,5763.0,5759.5,5771.5,5759.5,3.5,35.0,limit_touch,take_profit
2024-08-02,2024-08-02 10:26:00,2024-08-02 10:29:00,2024-08-02 10:31:00,short,5737.0,5746.0,5746.0,5733.5,-9.0,-90.0,limit_touch,stop_loss
2024-08-06,2024-08-06 10:11:00,2024-08-06 10:12:00,2024-08-06 10:13:00,short,5673.0,5669.0,5684.0,5669.0,4.0,40.0,limit_touch,take_profit
2024-08-06,2024-08-06 13:06:00,2024-08-06 13:34:00,2024-08-06 13:39:00,short,5660.0,5656.0,5670.5,5656.0,4.0,40.0,limit_touch,take_profit
2024-08-09,2024-08-09 11:28:00,2024-08-09 11:30:00,2024-08-09 11:31:00,short,5521.0,5518.0,5529.0,5518.0,3.0,30.0,limit_touch,take_profit
2024-08-09,2024-08-09 11:35:00,2024-08-09 11:39:00,2024-08-09 11:41:00,short,5520.0,5517.0,5528.0,5517.0,3.0,30.0,limit_touch,take_profit
2024-08-09,2024-08-09 11:55:00,2024-08-09 12:05:00,2024-08-09 12:14:00,short,5515.5,5523.5,5523.5,5512.5,-8.0,-80.0,limit_touch,stop_loss
2024-08-13,2024-08-13 10:17:00,2024-08-13 10:18:00,2024-08-13 10:20:00,long,5507.5,5500.0,5500.0,5510.5,-7.5,-75.0,limit_touch,stop_loss
2024-08-16,2024-08-16 11:50:00,2024-08-16 11:51:00,2024-08-16 11:52:00,long,5487.0,5489.5,5480.5,5489.5,2.5,25.0,limit_touch,take_profit
2024-08-20,2024-08-20 11:29:00,2024-08-20 11:32:00,2024-08-20 11:37:00,long,5469.0,5471.5,5462.0,5471.5,2.5,25.0,limit_touch,take_profit
2024-08-20,2024-08-20 11:44:00,2024-08-20 11:52:00,2024-08-20 12:04:00,long,5470.5,5473.0,5463.5,5473.0,2.5,25.0,limit_touch,take_profit
2024-08-20,2024-08-20 12:12:00,2024-08-20 12:13:00,2024-08-20 12:25:00,long,5473.0,5475.5,5466.0,5475.5,2.5,25.0,limit_touch,take_profit
2024-08-20,2024-08-20 13:12:00,2024-08-20 13:30:00,2024-08-20 13:36:00,long,5479.5,5482.0,5472.5,5482.0,2.5,25.0,limit_touch,take_profit
2024-08-23,2024-08-23 10:11:00,2024-08-23 10:11:00,2024-08-23 10:14:00,short,5565.5,5562.5,5574.0,5562.5,3.0,30.0,limit_touch,take_profit
2024-08-23,2024-08-23 10:20:00,2024-08-23 10:21:00,2024-08-23 10:26:00,short,5561.5,5558.5,5570.0,5558.5,3.0,30.0,limit_touch,take_profit
2024-08-23,2024-08-23 10:32:00,2024-08-23 10:32:00,2024-08-23 10:48:00,short,5560.0,5568.0,5568.0,5557.0,-8.0,-80.0,limit_touch,stop_loss
2024-08-23,2024-08-23 11:02:00,2024-08-23 11:02:00,2024-08-23 11:02:00,short,5554.5,5551.5,5563.0,5551.5,3.0,30.0,limit_touch,take_profit
2024-08-23,2024-08-23 11:06:00,2024-08-23 11:06:00,2024-08-23 11:09:00,short,5545.5,5542.0,5554.0,5542.0,3.5,35.0,limit_touch,take_profit
2024-08-23,2024-08-23 11:14:00,2024-08-23 11:16:00,2024-08-23 11:17:00,short,5538.0,5534.5,5546.5,5534.5,3.5,35.0,limit_touch,take_profit
2024-08-23,2024-08-23 11:31:00,2024-08-23 11:33:00,2024-08-23 11:34:00,short,5511.0,5507.5,5520.0,5507.5,3.5,35.0,limit_touch,take_profit
2024-08-27,2024-08-27 12:46:00,2024-08-27 12:48:00,2024-08-27 12:59:00,long,5515.0,5508.0,5508.0,5517.5,-7.0,-70.0,limit_touch,stop_loss
2024-09-03,2024-09-03 11:53:00,2024-09-03 11:54:00,2024-09-03 11:55:00,long,5656.5,5660.0,5647.0,5660.0,3.5,35.0,limit_touch,take_profit
2024-09-06,2024-09-06 11:53:00,2024-09-06 11:56:00,2024-09-06 11:57:00,long,5599.5,5602.5,5592.0,5602.5,3.0,30.0,limit_touch,take_profit
2024-09-06,2024-09-06 12:21:00,2024-09-06 12:25:00,2024-09-06 12:33:00,long,5602.0,5594.0,5594.0,5605.0,-8.0,-80.0,limit_touch,stop_loss
2024-09-10,2024-09-10 10:11:00,2024-09-10 10:11:00,2024-09-10 10:14:00,long,5616.0,5618.5,5609.0,5618.5,2.5,25.0,limit_touch,take_profit
2024-09-10,2024-09-10 11:03:00,2024-09-10 11:08:00,2024-09-10 11:12:00,long,5626.5,5629.0,5619.5,5629.0,2.5,25.0,limit_touch,take_profit
2024-09-10,2024-09-10 11:15:00,2024-09-10 11:26:00,2024-09-10 11:30:00,long,5627.5,5630.0,5620.5,5630.0,2.5,25.0,limit_touch,take_profit
2024-09-10,2024-09-10 13:04:00,2024-09-10 13:15:00,2024-09-10 13:21:00,long,5650.0,5652.5,5643.0,5652.5,2.5,25.0,limit_touch,take_profit
2024-09-13,2024-09-13 10:42:00,2024-09-13 10:42:00,2024-09-13 10:47:00,short,5597.0,5594.0,5604.0,5594.0,3.0,30.0,limit_touch,take_profit
2024-09-13,2024-09-13 10:57:00,2024-09-13 10:59:00,2024-09-13 11:07:00,short,5583.5,5580.5,5591.0,5580.5,3.0,30.0,limit_touch,take_profit
2024-09-13,2024-09-13 11:58:00,2024-09-13 12:06:00,2024-09-13 12:16:00,short,5566.0,5563.0,5573.5,5563.0,3.0,30.0,limit_touch,take_profit
