number,value,datetime_start,datetime_complete,duration,params_ATR_Length,params_AllowFriday,params_AllowMonday,params_AllowThursday,params_AllowTuesday,params_AllowWednesday,params_EntryStart_TotalMinutes,params_FilterAsPercOfContractMARange,params_LastEntry_TotalMinutes,params_MinutesBeforeMarketCloseToClosePositions,params_NumDaysToConsiderPreviousContractMARange,params_RetracementLevel,params_SL_ATRMultiplier,params_TP_ATRMultiplier,user_attrs_train_metrics,state
0,-89.98304,2026-03-26 03:33:11.634120,2026-03-26 03:33:28.148779,0 days 00:00:16.514659,26,True,True,True,True,True,675,0.4,885,7,6,0.14,0.65,0.35,"{'start_date': '2021-03-23', 'end_date': '2024-09-16', 'trading_days': 872, 'total_trades': 1410, 'win_rate': 0.6404, 'net_profit_brl': -2780.0, 'avg_profit_brl': -1.97, 'avg_win_brl': 41.35, 'avg_loss_brl': -79.13, 'profit_factor': 0.9307, 'max_drawdown_pct': 30.89, 'expected_payoff': -1.97, 'on_tester_value': -89.98304}",COMPLETE
1,-21.202225,2026-03-26 03:33:28.148879,2026-03-26 03:33:44.448944,0 days 00:00:16.300065,19,False,False,True,False,True,645,0.2,760,2,4,0.21000000000000002,1.5,0.85,"{'start_date': '2021-03-23', 'end_date': '2024-09-16', 'trading_days': 872, 'total_trades': 381, 'win_rate': 0.6273, 'net_profit_brl': -695.0, 'avg_profit_brl': -1.82, 'avg_win_brl': 103.1, 'avg_loss_brl': -178.42, 'profit_factor': 0.9726, 'max_drawdown_pct': 32.78, 'expected_payoff': -1.82, 'on_tester_value': -21.202225}",COMPLETE
2,345.3392,2026-03-26 03:33:44.449025,2026-03-26 03:34:00.951239,0 days 00:00:16.502214,38,False,True,False,True,False,785,0.15,700,2,5,0.11,1.4,0.65,"{'start_date': '2021-03-23', 'end_date': '2024-09-16', 'trading_days': 872, 'total_trades': 337, 'win_rate': 0.73, 'net_profit_brl': 4040.0, 'avg_profit_brl': 11.99, 'avg_win_brl': 72.7, 'avg_loss_brl': -153.83, 'profit_factor': 1.2918, 'max_drawdown_pct': 11.7, 'expected_payoff': 11.99, 'on_tester_value': 345.3392}",COMPLETE
3,-37.1175,2026-03-26 03:34:00.951306,2026-03-26 03:34:17.116866,0 days 00:00:16.165560,31,True,True,False,False,False,610,0.25,555,11,5,0.18,0.5,0.85,"{'start_date': '2021-03-23', 'end_date': '2024-09-16', 'trading_days': 872, 'total_trades': 645, 'win_rate': 0.3659, 'net_profit_brl': -735.0, 'avg_profit_brl': -1.14, 'avg_win_brl': 95.36, 'avg_loss_brl': -56.82, 'profit_factor': 0.9684, 'max_drawdown_pct': 19.8, 'expected_payoff': -1.14, 'on_tester_value': -37.1175}",COMPLETE
4,107.499542,2026-03-26 03:34:17.116908,2026-03-26 03:34:33.909234,0 days 00:00:16.792326,27,True,True,False,False,False,820,0.25,565,12,3,0.36,1.2000000000000002,0.8,"{'start_date': '2021-03-23', 'end_date': '2024-09-16', 'trading_days': 872, 'total_trades': 678, 'win_rate': 0.6121, 'net_profit_brl': 1905.0, 'avg_profit_brl': 2.81, 'avg_win_brl': 92.05, 'avg_loss_brl': -138.0, 'profit_factor': 1.0525, 'max_drawdown_pct': 17.72, 'expected_payoff': 2.81, 'on_tester_value': 107.499542}",COMPLETE
5,-969.0,2026-03-26 03:34:33.909306,2026-03-26 03:34:50.218559,0 days 00:00:16.309253,38,True,False,False,False,True,720,0.30000000000000004,730,13,3,0.13,0.8,0.25,"{'start_date': '2021-03-23', 'end_date': '2024-09-16', 'trading_days': 872, 'total_trades': 31, 'win_rate': 0.8065, 'net_profit_brl': 250.0, 'avg_profit_brl': 8.06, 'avg_win_brl': 31.0, 'avg_loss_brl': -87.5, 'profit_factor': 1.4762, 'max_drawdown_pct': 2.12, 'expected_payoff': 8.06, 'on_tester_value': 118.081395}",COMPLETE
6,-983.0,2026-03-26 03:34:50.218597,2026-03-26 03:35:06.619906,0 days 00:00:16.401309,16,True,False,False,True,False,770,0.45000000000000007,855,2,4,0.37,1.0,0.45000000000000007,"{'start_date': '2021-03-23', 'end_date': '2024-09-16', 'trading_days': 872, 'total_trades': 17, 'win_rate': 0.8235, 'net_profit_brl': 440.0, 'avg_profit_brl': 25.88, 'avg_win_brl': 63.93, 'avg_loss_brl': -151.67, 'profit_factor': 1.967, 'max_drawdown_pct': 3.17, 'expected_payoff': 25.88, 'on_tester_value': 138.701538}",COMPLETE
7,638.066038,2026-03-26 03:35:06.619977,2026-03-26 03:35:23.620066,0 days 00:00:17.000089,38,True,False,True,True,True,660,0.25,880,4,6,0.31,0.55,0.35,"{'start_date': '2021-03-23', 'end_date': '2024-09-16', 'trading_days': 872, 'total_trades': 569, 'win_rate': 0.652, 'net_profit_brl': 2700.0, 'avg_profit_brl': 4.75, 'avg_win_brl': 41.05, 'avg_loss_brl': -63.28, 'profit_factor': 1.2155, 'max_drawdown_pct': 4.23, 'expected_payoff': 4.75, 'on_tester_value': 638.066038}",COMPLETE
8,278.588372,2026-03-26 03:35:23.620115,2026-03-26 03:35:40.359869,0 days 00:00:16.739754,28,True,True,True,True,False,590,0.5,715,11,4,0.30000000000000004,0.65,0.1,"{'start_date': '2021-03-23', 'end_date': '2024-09-16', 'trading_days': 872, 'total_trades': 581, 'win_rate': 0.8933, 'net_profit_brl': 1095.0, 'avg_profit_brl': 1.88, 'avg_win_brl': 11.72, 'avg_loss_brl': -80.48, 'profit_factor': 1.2194, 'max_drawdown_pct': 3.93, 'expected_payoff': 1.88, 'on_tester_value': 278.588372}",COMPLETE
9,-70.375704,2026-03-26 03:35:40.359940,2026-03-26 03:35:57.437298,0 days 00:00:17.077358,26,False,True,True,True,True,545,0.2,725,4,6,0.15000000000000002,1.35,0.6,"{'start_date': '2021-03-23', 'end_date': '2024-09-16', 'trading_days': 872, 'total_trades': 3436, 'win_rate': 0.6877, 'net_profit_brl': -4120.0, 'avg_profit_brl': -1.2, 'avg_win_brl': 65.1, 'avg_loss_brl': -147.2, 'profit_factor': 0.9739, 'max_drawdown_pct': 58.54, 'expected_payoff': -1.2, 'on_tester_value': -70.375704}",COMPLETE
10,-7.725369,2026-03-26 03:35:57.437345,2026-03-26 03:36:14.279151,0 days 00:00:16.841806,30,True,False,False,True,True,570,0.5,865,1,6,0.2,0.5,0.15000000000000002,"{'start_date': '2021-03-23', 'end_date': '2024-09-16', 'trading_days': 872, 'total_trades': 1196, 'win_rate': 0.7726, 'net_profit_brl': -75.0, 'avg_profit_brl': -0.06, 'avg_win_brl': 17.2, 'avg_loss_brl': -58.71, 'profit_factor': 0.9953, 'max_drawdown_pct': 9.71, 'expected_payoff': -0.06, 'on_tester_value': -7.725369}",COMPLETE
11,98.647465,2026-03-26 03:36:14.279223,2026-03-26 03:36:30.657412,0 days 00:00:16.378189,40,False,True,True,False,False,595,0.4,740,6,6,0.16,0.75,0.30000000000000004,"{'start_date': '2021-03-23', 'end_date': '2024-09-16', 'trading_days': 872, 'total_trades': 787, 'win_rate': 0.7306, 'net_profit_brl': 1065.0, 'avg_profit_brl': 1.35, 'avg_win_brl': 34.31, 'avg_loss_brl': -88.04, 'profit_factor': 1.0571, 'max_drawdown_pct': 10.8, 'expected_payoff': 1.35, 'on_tester_value': 98.647465}",COMPLETE
12,51.025,2026-03-26 03:36:30.657482,2026-03-26 03:36:47.405620,0 days 00:00:16.748138,38,True,True,False,True,False,865,0.45000000000000007,770,7,6,0.27,0.8500000000000001,0.1,"{'start_date': '2021-03-23', 'end_date': '2024-09-16', 'trading_days': 872, 'total_trades': 78, 'win_rate': 0.9231, 'net_profit_brl': 185.0, 'avg_profit_brl': 2.37, 'avg_win_brl': 12.36, 'avg_loss_brl': -117.5, 'profit_factor': 1.2624, 'max_drawdown_pct': 3.63, 'expected_payoff': 2.37, 'on_tester_value': 51.025}",COMPLETE
13,-1000.0,2026-03-26 03:36:47.405668,2026-03-26 03:37:03.344453,0 days 00:00:15.938785,37,False,True,True,False,True,890,0.45000000000000007,890,12,4,0.21000000000000002,0.6,0.55,"{'start_date': '2021-03-23', 'end_date': '2024-09-16', 'trading_days': 872, 'total_trades': 0, 'win_rate': 0.0, 'net_profit_brl': 0.0, 'avg_profit_brl': 0.0, 'avg_win_brl': 0.0, 'avg_loss_brl': 0.0, 'profit_factor': 0.0, 'max_drawdown_pct': 0.0, 'expected_payoff': 0.0, 'on_tester_value': 0.0}",COMPLETE
14,-1000.0,2026-03-26 03:37:03.344516,2026-03-26 03:37:19.557042,0 days 00:00:16.212526,12,False,False,False,True,False,790,0.25,795,9,4,0.35,0.8500000000000001,0.45000000000000007,"{'start_date': '2021-03-23', 'end_date': '2024-09-16', 'trading_days': 872, 'total_trades': 0, 'win_rate': 0.0, 'net_profit_brl': 0.0, 'avg_profit_brl': 0.0, 'avg_win_brl': 0.0, 'avg_loss_brl': 0.0, 'profit_factor': 0.0, 'max_drawdown_pct': 0.0, 'expected_payoff': 0.0, 'on_tester_value': 0.0}",COMPLETE
15,164.049035,2026-03-26 03:37:19.557081,2026-03-26 03:37:36.434467,0 days 00:00:16.877386,26,True,False,True,True,False,550,0.35,705,10,4,0.28,0.55,0.6,"{'start_date': '2021-03-23', 'end_date': '2024-09-16', 'trading_days': 872, 'total_trades': 1173, 'win_rate': 0.4919, 'net_profit_brl': 2225.0, 'avg_profit_brl': 1.9, 'avg_win_brl': 68.07, 'avg_loss_brl': -62.16, 'profit_factor': 1.0601, 'max_drawdown_pct': 13.56, 'expected_payoff': 1.9, 'on_tester_value': 164.049035}",COMPLETE
16,-75.186885,2026-03-26 03:37:36.434536,2026-03-26 03:37:52.675000,0 days 00:00:16.240464,32,True,False,True,True,True,805,0.35,895,10,4,0.33999999999999997,0.75,0.6,"{'start_date': '2021-03-23', 'end_date': '2024-09-16', 'trading_days': 872, 'total_trades': 50, 'win_rate': 0.46, 'net_profit_brl': -455.0, 'avg_profit_brl': -9.1, 'avg_win_brl': 76.96, 'avg_loss_brl': -82.41, 'profit_factor': 0.7955, 'max_drawdown_pct': 6.05, 'expected_payoff': -9.1, 'on_tester_value': -75.186885}",COMPLETE
17,300.946341,2026-03-26 03:37:52.675111,2026-03-26 03:38:09.589246,0 days 00:00:16.914135,25,True,True,True,False,False,640,0.4,885,8,6,0.28,0.95,0.15000000000000002,"{'start_date': '2021-03-23', 'end_date': '2024-09-16', 'trading_days': 872, 'total_trades': 577, 'win_rate': 0.8856, 'net_profit_brl': 1635.0, 'avg_profit_brl': 2.83, 'avg_win_brl': 18.1, 'avg_loss_brl': -115.38, 'profit_factor': 1.2147, 'max_drawdown_pct': 5.43, 'expected_payoff': 2.83, 'on_tester_value': 300.946341}",COMPLETE
18,261.326,2026-03-26 03:38:09.589288,2026-03-26 03:38:26.416288,0 days 00:00:16.827000,27,True,False,True,True,True,600,0.30000000000000004,695,6,6,0.29000000000000004,1.1,0.9500000000000001,"{'start_date': '2021-03-23', 'end_date': '2024-09-16', 'trading_days': 872, 'total_trades': 772, 'win_rate': 0.5635, 'net_profit_brl': 4485.0, 'avg_profit_brl': 5.81, 'avg_win_brl': 105.52, 'avg_loss_brl': -122.89, 'profit_factor': 1.1083, 'max_drawdown_pct': 17.16, 'expected_payoff': 5.81, 'on_tester_value': 261.326}",COMPLETE
19,583.287805,2026-03-26 03:38:26.416329,2026-03-26 03:38:43.303881,0 days 00:00:16.887552,35,False,True,False,True,True,770,0.35,705,5,8,0.21000000000000002,1.35,0.1,"{'start_date': '2021-03-23', 'end_date': '2024-09-16', 'trading_days': 872, 'total_trades': 179, 'win_rate': 0.9721, 'net_profit_brl': 1095.0, 'avg_profit_brl': 6.12, 'avg_win_brl': 11.32, 'avg_loss_brl': -175.0, 'profit_factor': 2.2514, 'max_drawdown_pct': 1.88, 'expected_payoff': 6.12, 'on_tester_value': 583.287805}",COMPLETE
20,448.239175,2026-03-26 03:38:43.303927,2026-03-26 03:39:00.165875,0 days 00:00:16.861948,23,True,True,True,False,False,580,0.4,790,12,8,0.32,1.4500000000000002,0.9,"{'start_date': '2021-03-23', 'end_date': '2024-09-16', 'trading_days': 872, 'total_trades': 745, 'win_rate': 0.6376, 'net_profit_brl': 5560.0, 'avg_profit_brl': 7.46, 'avg_win_brl': 108.75, 'avg_loss_brl': -170.72, 'profit_factor': 1.1206, 'max_drawdown_pct': 12.4, 'expected_payoff': 7.46, 'on_tester_value': 448.239175}",COMPLETE
21,614.125,2026-03-26 03:39:00.165938,2026-03-26 03:39:16.928005,0 days 00:00:16.762067,19,True,False,False,True,True,815,0.5,575,5,6,0.35,1.15,0.5,"{'start_date': '2021-03-23', 'end_date': '2024-09-16', 'trading_days': 872, 'total_trades': 571, 'win_rate': 0.7356, 'net_profit_brl': 4335.0, 'avg_profit_brl': 7.59, 'avg_win_brl': 59.1, 'avg_loss_brl': -135.66, 'profit_factor': 1.2116, 'max_drawdown_pct': 7.06, 'expected_payoff': 7.59, 'on_tester_value': 614.125}",COMPLETE
22,-53.893333,2026-03-26 03:39:16.928052,2026-03-26 03:39:33.518074,0 days 00:00:16.590022,31,True,True,False,True,True,785,0.45000000000000007,810,2,7,0.12000000000000001,0.6,0.15000000000000002,"{'start_date': '2021-03-23', 'end_date': '2024-09-16', 'trading_days': 872, 'total_trades': 80, 'win_rate': 0.775, 'net_profit_brl': -360.0, 'avg_profit_brl': -4.5, 'avg_win_brl': 18.15, 'avg_loss_brl': -82.5, 'profit_factor': 0.7576, 'max_drawdown_pct': 6.68, 'expected_payoff': -4.5, 'on_tester_value': -53.893333}",COMPLETE
23,-993.0,2026-03-26 03:39:33.518141,2026-03-26 03:39:49.816225,0 days 00:00:16.298084,13,True,True,True,False,True,835,0.15,795,8,3,0.4,0.9,0.9500000000000001,"{'start_date': '2021-03-23', 'end_date': '2024-09-16', 'trading_days': 872, 'total_trades': 7, 'win_rate': 0.4286, 'net_profit_brl': -105.0, 'avg_profit_brl': -15.0, 'avg_win_brl': 130.0, 'avg_loss_brl': -123.75, 'profit_factor': 0.7879, 'max_drawdown_pct': 2.55, 'expected_payoff': -15.0, 'on_tester_value': -41.176471}",COMPLETE
24,1.945719,2026-03-26 03:39:49.816265,2026-03-26 03:40:06.995894,0 days 00:00:17.179629,37,True,False,True,False,True,540,0.15,710,8,3,0.13,1.5,0.1,"{'start_date': '2021-03-23', 'end_date': '2024-09-16', 'trading_days': 872, 'total_trades': 3667, 'win_rate': 0.9414, 'net_profit_brl': 55.0, 'avg_profit_brl': 0.01, 'avg_win_brl': 11.04, 'avg_loss_brl': -176.93, 'profit_factor': 1.0014, 'max_drawdown_pct': 28.27, 'expected_payoff': 0.01, 'on_tester_value': 1.945719}",COMPLETE
25,248.946144,2026-03-26 03:40:06.995945,2026-03-26 03:40:23.596690,0 days 00:00:16.600745,18,True,False,False,False,False,900,0.35,565,3,8,0.26,0.95,0.65,"{'start_date': '2021-03-23', 'end_date': '2024-09-16', 'trading_days': 872, 'total_trades': 488, 'win_rate': 0.627, 'net_profit_brl': 3435.0, 'avg_profit_brl': 7.04, 'avg_win_brl': 79.64, 'avg_loss_brl': -115.03, 'profit_factor': 1.1641, 'max_drawdown_pct': 13.8, 'expected_payoff': 7.04, 'on_tester_value': 248.946144}",COMPLETE
26,245.723529,2026-03-26 03:40:23.596758,2026-03-26 03:40:39.901191,0 days 00:00:16.304433,22,False,True,False,True,True,705,0.35,665,14,3,0.4,1.25,0.65,"{'start_date': '2021-03-23', 'end_date': '2024-09-16', 'trading_days': 872, 'total_trades': 43, 'win_rate': 0.7209, 'net_profit_brl': 925.0, 'avg_profit_brl': 21.51, 'avg_win_brl': 78.39, 'avg_loss_brl': -125.42, 'profit_factor': 1.6146, 'max_drawdown_pct': 3.76, 'expected_payoff': 21.51, 'on_tester_value': 245.723529}",COMPLETE
27,-7.918539,2026-03-26 03:40:39.901239,2026-03-26 03:40:57.461627,0 days 00:00:17.560388,35,True,True,True,True,True,855,0.15,555,15,5,0.35,0.55,0.9,"{'start_date': '2021-03-23', 'end_date': '2024-09-16', 'trading_days': 872, 'total_trades': 2390, 'win_rate': 0.3753, 'net_profit_brl': -250.0, 'avg_profit_brl': -0.1, 'avg_win_brl': 100.7, 'avg_loss_brl': -60.71, 'profit_factor': 0.9972, 'max_drawdown_pct': 31.57, 'expected_payoff': -0.1, 'on_tester_value': -7.918539}",COMPLETE
28,-68.061124,2026-03-26 03:40:57.461727,2026-03-26 03:41:13.792090,0 days 00:00:16.330363,33,True,False,True,False,True,900,0.45000000000000007,740,8,8,0.36,1.2000000000000002,0.55,"{'start_date': '2021-03-23', 'end_date': '2024-09-16', 'trading_days': 872, 'total_trades': 101, 'win_rate': 0.6238, 'net_profit_brl': -1445.0, 'avg_profit_brl': -14.31, 'avg_win_brl': 68.02, 'avg_loss_brl': -150.79, 'profit_factor': 0.7478, 'max_drawdown_pct': 21.23, 'expected_payoff': -14.31, 'on_tester_value': -68.061124}",COMPLETE
29,79.904348,2026-03-26 03:41:13.792162,2026-03-26 03:41:30.000150,0 days 00:00:16.207988,38,False,True,True,True,True,850,0.35,740,6,8,0.22,0.9,0.5,"{'start_date': '2021-03-23', 'end_date': '2024-09-16', 'trading_days': 872, 'total_trades': 240, 'win_rate': 0.6583, 'net_profit_brl': 900.0, 'avg_profit_brl': 3.75, 'avg_win_brl': 60.57, 'avg_loss_brl': -105.73, 'profit_factor': 1.1038, 'max_drawdown_pct': 11.26, 'expected_payoff': 3.75, 'on_tester_value': 79.904348}",COMPLETE
30,17.141667,2026-03-26 03:41:30.000193,2026-03-26 03:41:46.757616,0 days 00:00:16.757423,13,False,True,True,True,False,725,0.30000000000000004,825,2,6,0.36,0.75,0.15000000000000002,"{'start_date': '2021-03-23', 'end_date': '2024-09-16', 'trading_days': 872, 'total_trades': 74, 'win_rate': 0.8514, 'net_profit_brl': 110.0, 'avg_profit_brl': 1.49, 'avg_win_brl': 18.65, 'avg_loss_brl': -96.82, 'profit_factor': 1.1033, 'max_drawdown_pct': 6.42, 'expected_payoff': 1.49, 'on_tester_value': 17.141667}",COMPLETE
31,-958.0,2026-03-26 03:41:46.757679,2026-03-26 03:42:03.244498,0 days 00:00:16.486819,16,True,True,False,True,True,595,0.4,590,6,4,0.2,0.6,0.5,"{'start_date': '2021-03-23', 'end_date': '2024-09-16', 'trading_days': 872, 'total_trades': 42, 'win_rate': 0.5714, 'net_profit_brl': 100.0, 'avg_profit_brl': 2.38, 'avg_win_brl': 57.08, 'avg_loss_brl': -70.56, 'profit_factor': 1.0787, 'max_drawdown_pct': 3.41, 'expected_payoff': 2.38, 'on_tester_value': 29.352113}",COMPLETE
32,26.647887,2026-03-26 03:42:03.244564,2026-03-26 03:42:19.709935,0 days 00:00:16.465371,21,False,False,True,True,False,720,0.15,790,7,7,0.29000000000000004,1.0,0.65,"{'start_date': '2021-03-23', 'end_date': '2024-09-16', 'trading_days': 872, 'total_trades': 70, 'win_rate': 0.6143, 'net_profit_brl': 275.0, 'avg_profit_brl': 3.93, 'avg_win_brl': 78.95, 'avg_loss_brl': -115.56, 'profit_factor': 1.0881, 'max_drawdown_pct': 10.32, 'expected_payoff': 3.93, 'on_tester_value': 26.647887}",COMPLETE
33,-40.894569,2026-03-26 03:42:19.709983,2026-03-26 03:42:36.392676,0 days 00:00:16.682693,13,False,False,False,False,True,810,0.25,550,14,7,0.37,0.7,0.4,"{'start_date': '2021-03-23', 'end_date': '2024-09-16', 'trading_days': 872, 'total_trades': 451, 'win_rate': 0.6297, 'net_profit_brl': -640.0, 'avg_profit_brl': -1.42, 'avg_win_brl': 43.45, 'avg_loss_brl': -77.72, 'profit_factor': 0.9507, 'max_drawdown_pct': 15.65, 'expected_payoff': -1.42, 'on_tester_value': -40.894569}",COMPLETE
34,454.431818,2026-03-26 03:42:36.392732,2026-03-26 03:42:52.598183,0 days 00:00:16.205451,17,True,False,False,True,False,755,0.45000000000000007,785,2,5,0.12000000000000001,1.5,0.65,"{'start_date': '2021-03-23', 'end_date': '2024-09-16', 'trading_days': 872, 'total_trades': 72, 'win_rate': 0.7778, 'net_profit_brl': 1935.0, 'avg_profit_brl': 26.88, 'avg_win_brl': 79.82, 'avg_loss_brl': -158.44, 'profit_factor': 1.7633, 'max_drawdown_pct': 4.26, 'expected_payoff': 26.88, 'on_tester_value': 454.431818}",COMPLETE
35,60.432432,2026-03-26 03:42:52.598227,2026-03-26 03:43:08.977481,0 days 00:00:16.379254,15,True,False,False,False,False,595,0.2,625,11,4,0.18,1.35,0.30000000000000004,"{'start_date': '2021-03-23', 'end_date': '2024-09-16', 'trading_days': 872, 'total_trades': 163, 'win_rate': 0.8466, 'net_profit_brl': 645.0, 'avg_profit_brl': 3.96, 'avg_win_brl': 35.29, 'avg_loss_brl': -169.0, 'profit_factor': 1.1527, 'max_drawdown_pct': 10.67, 'expected_payoff': 3.96, 'on_tester_value': 60.432432}",COMPLETE
36,20.970423,2026-03-26 03:43:08.977524,2026-03-26 03:43:25.410089,0 days 00:00:16.432565,11,True,False,True,False,True,875,0.35,740,6,4,0.33,1.0,0.6,"{'start_date': '2021-03-23', 'end_date': '2024-09-16', 'trading_days': 872, 'total_trades': 115, 'win_rate': 0.6348, 'net_profit_brl': 210.0, 'avg_profit_brl': 1.83, 'avg_win_brl': 75.0, 'avg_loss_brl': -128.41, 'profit_factor': 1.0399, 'max_drawdown_pct': 10.01, 'expected_payoff': 1.83, 'on_tester_value': 20.970423}",COMPLETE
37,-958.0,2026-03-26 03:43:25.410158,2026-03-26 03:43:41.845940,0 days 00:00:16.435782,19,True,False,False,True,False,785,0.4,805,6,6,0.1,1.5,0.65,"{'start_date': '2021-03-23', 'end_date': '2024-09-16', 'trading_days': 872, 'total_trades': 42, 'win_rate': 0.6429, 'net_profit_brl': -885.0, 'avg_profit_brl': -21.07, 'avg_win_brl': 81.3, 'avg_loss_brl': -205.33, 'profit_factor': 0.7127, 'max_drawdown_pct': 17.66, 'expected_payoff': -21.07, 'on_tester_value': -50.118194}",COMPLETE
38,306.157975,2026-03-26 03:43:41.846002,2026-03-26 03:43:59.005647,0 days 00:00:17.159645,39,True,False,True,True,True,665,0.25,865,2,5,0.26,0.65,0.55,"{'start_date': '2021-03-23', 'end_date': '2024-09-16', 'trading_days': 872, 'total_trades': 634, 'win_rate': 0.5599, 'net_profit_brl': 2405.0, 'avg_profit_brl': 3.79, 'avg_win_brl': 65.49, 'avg_loss_brl': -74.71, 'profit_factor': 1.1154, 'max_drawdown_pct': 7.86, 'expected_payoff': 3.79, 'on_tester_value': 306.157975}",COMPLETE
39,495.114286,2026-03-26 03:43:59.005730,2026-03-26 03:44:15.203280,0 days 00:00:16.197550,27,False,True,False,True,True,740,0.4,685,6,8,0.27,1.3,0.2,"{'start_date': '2021-03-23', 'end_date': '2024-09-16', 'trading_days': 872, 'total_trades': 130, 'win_rate': 0.9154, 'net_profit_brl': 1240.0, 'avg_profit_brl': 9.54, 'avg_win_brl': 22.98, 'avg_loss_brl': -135.91, 'profit_factor': 1.8294, 'max_drawdown_pct': 2.5, 'expected_payoff': 9.54, 'on_tester_value': 495.114286}",COMPLETE
40,1029.6125,2026-03-26 03:44:15.203358,2026-03-26 03:44:32.175788,0 days 00:00:16.972430,34,False,True,False,True,True,770,0.30000000000000004,585,4,8,0.23,1.3,0.1,"{'start_date': '2021-03-23', 'end_date': '2024-09-16', 'trading_days': 872, 'total_trades': 1179, 'win_rate': 0.955, 'net_profit_brl': 4510.0, 'avg_profit_brl': 3.83, 'avg_win_brl': 10.94, 'avg_loss_brl': -147.26, 'profit_factor': 1.5778, 'max_drawdown_pct': 4.38, 'expected_payoff': 3.83, 'on_tester_value': 1029.6125}",COMPLETE
41,661.208108,2026-03-26 03:44:32.175852,2026-03-26 03:44:49.046578,0 days 00:00:16.870726,36,False,True,False,True,True,840,0.4,590,5,8,0.2,1.5,0.15000000000000002,"{'start_date': '2021-03-23', 'end_date': '2024-09-16', 'trading_days': 872, 'total_trades': 1238, 'win_rate': 0.9297, 'net_profit_brl': 4420.0, 'avg_profit_brl': 3.57, 'avg_win_brl': 16.79, 'avg_loss_brl': -171.32, 'profit_factor': 1.2965, 'max_drawdown_pct': 6.68, 'expected_payoff': 3.57, 'on_tester_value': 661.208108}",COMPLETE
42,238.117714,2026-03-26 03:44:49.046663,2026-03-26 03:45:05.665062,0 days 00:00:16.618399,19,True,False,False,True,True,680,0.5,540,5,5,0.37,1.2000000000000002,0.35,"{'start_date': '2021-03-23', 'end_date': '2024-09-16', 'trading_days': 872, 'total_trades': 355, 'win_rate': 0.7972, 'net_profit_brl': 1745.0, 'avg_profit_brl': 4.92, 'avg_win_brl': 41.5, 'avg_loss_brl': -138.89, 'profit_factor': 1.1745, 'max_drawdown_pct': 7.33, 'expected_payoff': 4.92, 'on_tester_value': 238.117714}",COMPLETE
43,852.936895,2026-03-26 03:45:05.665105,2026-03-26 03:45:22.551866,0 days 00:00:16.886761,39,False,True,False,True,True,790,0.30000000000000004,580,3,7,0.14,1.4500000000000002,0.25,"{'start_date': '2021-03-23', 'end_date': '2024-09-16', 'trading_days': 872, 'total_trades': 2074, 'win_rate': 0.8722, 'net_profit_brl': 6795.0, 'avg_profit_brl': 3.28, 'avg_win_brl': 27.24, 'avg_loss_brl': -160.3, 'profit_factor': 1.16, 'max_drawdown_pct': 7.97, 'expected_payoff': 3.28, 'on_tester_value': 852.936895}",COMPLETE
44,310.702425,2026-03-26 03:45:22.551942,2026-03-26 03:45:40.216387,0 days 00:00:17.664445,40,True,True,False,True,True,835,0.35,615,1,7,0.1,1.5,0.30000000000000004,"{'start_date': '2021-03-23', 'end_date': '2024-09-16', 'trading_days': 872, 'total_trades': 2530, 'win_rate': 0.8462, 'net_profit_brl': 6010.0, 'avg_profit_brl': 2.38, 'avg_win_brl': 33.94, 'avg_loss_brl': -171.34, 'profit_factor': 1.0902, 'max_drawdown_pct': 19.34, 'expected_payoff': 2.38, 'on_tester_value': 310.702425}",COMPLETE
45,43.914474,2026-03-26 03:45:40.216451,2026-03-26 03:45:56.839204,0 days 00:00:16.622753,38,False,False,False,True,True,815,0.35,540,7,7,0.2,1.4500000000000002,0.55,"{'start_date': '2021-03-23', 'end_date': '2024-09-16', 'trading_days': 872, 'total_trades': 1255, 'win_rate': 0.7315, 'net_profit_brl': 1335.0, 'avg_profit_brl': 1.06, 'avg_win_brl': 59.18, 'avg_loss_brl': -157.24, 'profit_factor': 1.0252, 'max_drawdown_pct': 30.4, 'expected_payoff': 1.06, 'on_tester_value': 43.914474}",COMPLETE
46,374.89856,2026-03-26 03:45:56.839271,2026-03-26 03:46:13.388663,0 days 00:00:16.549392,13,True,False,False,True,True,825,0.35,630,8,6,0.29000000000000004,1.35,0.55,"{'start_date': '2021-03-23', 'end_date': '2024-09-16', 'trading_days': 872, 'total_trades': 608, 'win_rate': 0.7336, 'net_profit_brl': 4015.0, 'avg_profit_brl': 6.6, 'avg_win_brl': 67.23, 'avg_loss_brl': -160.31, 'profit_factor': 1.1546, 'max_drawdown_pct': 10.71, 'expected_payoff': 6.6, 'on_tester_value': 374.89856}",COMPLETE
47,367.219531,2026-03-26 03:46:13.388729,2026-03-26 03:46:30.283571,0 days 00:00:16.894842,17,True,False,False,True,True,895,0.5,555,6,8,0.32,1.0,0.45000000000000007,"{'start_date': '2021-03-23', 'end_date': '2024-09-16', 'trading_days': 872, 'total_trades': 782, 'win_rate': 0.7097, 'net_profit_brl': 3460.0, 'avg_profit_brl': 4.42, 'avg_win_brl': 54.58, 'avg_loss_brl': -118.19, 'profit_factor': 1.129, 'max_drawdown_pct': 9.42, 'expected_payoff': 4.42, 'on_tester_value': 367.219531}",COMPLETE
48,209.689062,2026-03-26 03:46:30.283643,2026-03-26 03:46:47.228649,0 days 00:00:16.945006,26,True,False,False,True,True,740,0.2,625,1,8,0.22,1.35,0.1,"{'start_date': '2021-03-23', 'end_date': '2024-09-16', 'trading_days': 872, 'total_trades': 702, 'win_rate': 0.9459, 'net_profit_brl': 1340.0, 'avg_profit_brl': 1.91, 'avg_win_brl': 11.21, 'avg_loss_brl': -160.66, 'profit_factor': 1.2195, 'max_drawdown_pct': 6.39, 'expected_payoff': 1.91, 'on_tester_value': 209.689062}",COMPLETE
49,118.401758,2026-03-26 03:46:47.228715,2026-03-26 03:47:04.558746,0 days 00:00:17.330031,28,False,True,False,True,True,800,0.30000000000000004,550,1,7,0.15000000000000002,1.5,0.30000000000000004,"{'start_date': '2021-03-23', 'end_date': '2024-09-16', 'trading_days': 872, 'total_trades': 2610, 'win_rate': 0.8414, 'net_profit_brl': 2930.0, 'avg_profit_brl': 1.12, 'avg_win_brl': 32.66, 'avg_loss_brl': -166.15, 'profit_factor': 1.0426, 'max_drawdown_pct': 24.75, 'expected_payoff': 1.12, 'on_tester_value': 118.401758}",COMPLETE
50,252.142857,2026-03-26 03:47:04.558792,2026-03-26 03:47:21.050641,0 days 00:00:16.491849,34,True,False,True,True,False,640,0.2,795,6,5,0.33999999999999997,0.55,0.2,"{'start_date': '2021-03-23', 'end_date': '2024-09-16', 'trading_days': 872, 'total_trades': 387, 'win_rate': 0.7623, 'net_profit_brl': 1250.0, 'avg_profit_brl': 3.23, 'avg_win_brl': 23.31, 'avg_loss_brl': -61.14, 'profit_factor': 1.2222, 'max_drawdown_pct': 4.96, 'expected_payoff': 3.23, 'on_tester_value': 252.142857}",COMPLETE
51,87.48042,2026-03-26 03:47:21.050711,2026-03-26 03:47:37.590814,0 days 00:00:16.540103,33,False,True,False,False,True,780,0.2,675,8,7,0.18,1.35,0.15000000000000002,"{'start_date': '2021-03-23', 'end_date': '2024-09-16', 'trading_days': 872, 'total_trades': 286, 'win_rate': 0.9161, 'net_profit_brl': 555.0, 'avg_profit_brl': 1.94, 'avg_win_brl': 17.12, 'avg_loss_brl': -163.75, 'profit_factor': 1.1412, 'max_drawdown_pct': 6.34, 'expected_payoff': 1.94, 'on_tester_value': 87.48042}",COMPLETE
52,-20.440625,2026-03-26 03:47:37.590873,2026-03-26 03:47:54.006126,0 days 00:00:16.415253,33,True,True,True,True,True,725,0.35,875,2,7,0.32,0.55,0.25,"{'start_date': '2021-03-23', 'end_date': '2024-09-16', 'trading_days': 872, 'total_trades': 257, 'win_rate': 0.6693, 'net_profit_brl': -155.0, 'avg_profit_brl': -0.6, 'avg_win_brl': 30.49, 'avg_loss_brl': -63.53, 'profit_factor': 0.9713, 'max_drawdown_pct': 7.58, 'expected_payoff': -0.6, 'on_tester_value': -20.440625}",COMPLETE
53,-965.0,2026-03-26 03:47:54.006168,2026-03-26 03:48:10.059818,0 days 00:00:16.053650,40,False,True,False,True,True,755,0.35,735,11,8,0.2,1.2000000000000002,0.1,"{'start_date': '2021-03-23', 'end_date': '2024-09-16', 'trading_days': 872, 'total_trades': 35, 'win_rate': 0.9143, 'net_profit_brl': -50.0, 'avg_profit_brl': -1.43, 'avg_win_brl': 11.88, 'avg_loss_brl': -143.33, 'profit_factor': 0.8837, 'max_drawdown_pct': 2.36, 'expected_payoff': -1.43, 'on_tester_value': -21.229167}",COMPLETE
54,165.316239,2026-03-26 03:48:10.059883,2026-03-26 03:48:26.863802,0 days 00:00:16.803919,36,True,False,False,True,True,655,0.2,800,4,6,0.38,0.65,0.30000000000000004,"{'start_date': '2021-03-23', 'end_date': '2024-09-16', 'trading_days': 872, 'total_trades': 246, 'win_rate': 0.7154, 'net_profit_brl': 950.0, 'avg_profit_brl': 3.86, 'avg_win_brl': 34.35, 'avg_loss_brl': -72.79, 'profit_factor': 1.1865, 'max_drawdown_pct': 5.75, 'expected_payoff': 3.86, 'on_tester_value': 165.316239}",COMPLETE
55,405.435484,2026-03-26 03:48:26.863859,2026-03-26 03:48:44.085209,0 days 00:00:17.221350,38,True,True,True,False,True,740,0.30000000000000004,570,5,8,0.28,1.25,0.1,"{'start_date': '2021-03-23', 'end_date': '2024-09-16', 'trading_days': 872, 'total_trades': 1546, 'win_rate': 0.9437, 'net_profit_brl': 3430.0, 'avg_profit_brl': 2.22, 'avg_win_brl': 11.33, 'avg_loss_brl': -150.57, 'profit_factor': 1.2618, 'max_drawdown_pct': 8.46, 'expected_payoff': 2.22, 'on_tester_value': 405.435484}",COMPLETE
56,83.614648,2026-03-26 03:48:44.085273,2026-03-26 03:49:01.246172,0 days 00:00:17.160899,37,False,True,True,True,True,900,0.4,565,8,8,0.16,1.5,0.25,"{'start_date': '2021-03-23', 'end_date': '2024-09-16', 'trading_days': 872, 'total_trades': 2673, 'win_rate': 0.8601, 'net_profit_brl': 2455.0, 'avg_profit_brl': 0.92, 'avg_win_brl': 28.34, 'avg_loss_brl': -167.62, 'profit_factor': 1.0392, 'max_drawdown_pct': 29.36, 'expected_payoff': 0.92, 'on_tester_value': 83.614648}",COMPLETE
57,-981.0,2026-03-26 03:49:01.246231,2026-03-26 03:49:17.164459,0 days 00:00:15.918228,40,False,True,False,True,False,755,0.30000000000000004,735,4,8,0.22,1.25,0.35,"{'start_date': '2021-03-23', 'end_date': '2024-09-16', 'trading_days': 872, 'total_trades': 19, 'win_rate': 0.6316, 'net_profit_brl': -465.0, 'avg_profit_brl': -24.47, 'avg_win_brl': 42.92, 'avg_loss_brl': -140.0, 'profit_factor': 0.5255, 'max_drawdown_pct': 4.65, 'expected_payoff': -24.47, 'on_tester_value': -100.0}",COMPLETE
58,215.583212,2026-03-26 03:49:17.164517,2026-03-26 03:49:33.766953,0 days 00:00:16.602436,36,True,False,True,True,True,665,0.2,890,10,8,0.28,0.65,0.25,"{'start_date': '2021-03-23', 'end_date': '2024-09-16', 'trading_days': 872, 'total_trades': 613, 'win_rate': 0.7423, 'net_profit_brl': 1315.0, 'avg_profit_brl': 2.15, 'avg_win_brl': 29.27, 'avg_loss_brl': -75.98, 'profit_factor': 1.1095, 'max_drawdown_pct': 6.1, 'expected_payoff': 2.15, 'on_tester_value': 215.583212}",COMPLETE
59,251.86875,2026-03-26 03:49:33.767023,2026-03-26 03:49:50.326780,0 days 00:00:16.559757,35,False,False,False,True,True,880,0.30000000000000004,740,4,7,0.22,1.4,0.1,"{'start_date': '2021-03-23', 'end_date': '2024-09-16', 'trading_days': 872, 'total_trades': 161, 'win_rate': 0.9565, 'net_profit_brl': 760.0, 'avg_profit_brl': 4.72, 'avg_win_brl': 11.85, 'avg_loss_brl': -152.14, 'profit_factor': 1.7136, 'max_drawdown_pct': 3.02, 'expected_payoff': 4.72, 'on_tester_value': 251.86875}",COMPLETE
60,-79.940407,2026-03-26 03:49:50.326846,2026-03-26 03:50:06.834930,0 days 00:00:16.508084,38,False,True,False,False,True,730,0.5,770,6,8,0.1,1.5,0.25,"{'start_date': '2021-03-23', 'end_date': '2024-09-16', 'trading_days': 872, 'total_trades': 130, 'win_rate': 0.8308, 'net_profit_brl': -675.0, 'avg_profit_brl': -5.19, 'avg_win_brl': 30.42, 'avg_loss_brl': -180.0, 'profit_factor': 0.8295, 'max_drawdown_pct': 8.44, 'expected_payoff': -5.19, 'on_tester_value': -79.940407}",COMPLETE
61,177.596809,2026-03-26 03:50:06.834993,2026-03-26 03:50:23.270924,0 days 00:00:16.435931,27,False,True,False,True,True,645,0.4,615,3,8,0.35,1.35,0.15000000000000002,"{'start_date': '2021-03-23', 'end_date': '2024-09-16', 'trading_days': 872, 'total_trades': 78, 'win_rate': 0.9359, 'net_profit_brl': 405.0, 'avg_profit_brl': 5.19, 'avg_win_brl': 16.58, 'avg_loss_brl': -161.0, 'profit_factor': 1.5031, 'max_drawdown_pct': 2.28, 'expected_payoff': 5.19, 'on_tester_value': 177.596809}",COMPLETE
62,234.80878,2026-03-26 03:50:23.270977,2026-03-26 03:50:39.944437,0 days 00:00:16.673460,26,False,True,False,True,True,810,0.30000000000000004,615,7,7,0.28,1.05,0.25,"{'start_date': '2021-03-23', 'end_date': '2024-09-16', 'trading_days': 872, 'total_trades': 715, 'win_rate': 0.8252, 'net_profit_brl': 2290.0, 'avg_profit_brl': 3.2, 'avg_win_brl': 28.17, 'avg_loss_brl': -114.64, 'profit_factor': 1.1598, 'max_drawdown_pct': 9.75, 'expected_payoff': 3.2, 'on_tester_value': 234.80878}",COMPLETE
63,180.694981,2026-03-26 03:50:39.944507,2026-03-26 03:50:56.867941,0 days 00:00:16.923434,38,False,True,False,True,True,690,0.30000000000000004,570,4,8,0.22,1.25,0.1,"{'start_date': '2021-03-23', 'end_date': '2024-09-16', 'trading_days': 872, 'total_trades': 1226, 'win_rate': 0.9421, 'net_profit_brl': 2080.0, 'avg_profit_brl': 1.7, 'avg_win_brl': 10.71, 'avg_loss_brl': -145.0, 'profit_factor': 1.202, 'max_drawdown_pct': 11.51, 'expected_payoff': 1.7, 'on_tester_value': 180.694981}",COMPLETE
64,236.820084,2026-03-26 03:50:56.867985,2026-03-26 03:51:12.901059,0 days 00:00:16.033074,18,False,True,False,True,True,610,0.4,690,11,8,0.22,1.4,0.25,"{'start_date': '2021-03-23', 'end_date': '2024-09-16', 'trading_days': 872, 'total_trades': 543, 'win_rate': 0.8803, 'net_profit_brl': 2830.0, 'avg_profit_brl': 5.21, 'avg_win_brl': 28.02, 'avg_loss_brl': -162.54, 'profit_factor': 1.2679, 'max_drawdown_pct': 11.95, 'expected_payoff': 5.21, 'on_tester_value': 236.820084}",COMPLETE
65,505.416949,2026-03-26 03:51:12.901139,2026-03-26 03:51:29.613387,0 days 00:00:16.712248,34,True,True,False,True,True,825,0.30000000000000004,705,3,8,0.30000000000000004,1.3,0.25,"{'start_date': '2021-03-23', 'end_date': '2024-09-16', 'trading_days': 872, 'total_trades': 231, 'win_rate': 0.8874, 'net_profit_brl': 2540.0, 'avg_profit_brl': 11.0, 'avg_win_brl': 29.78, 'avg_loss_brl': -137.12, 'profit_factor': 1.7125, 'max_drawdown_pct': 5.03, 'expected_payoff': 11.0, 'on_tester_value': 505.416949}",COMPLETE
66,74.8125,2026-03-26 03:51:29.613455,2026-03-26 03:51:46.160779,0 days 00:00:16.547324,31,True,True,False,True,False,875,0.30000000000000004,710,8,8,0.32,1.35,0.4,"{'start_date': '2021-03-23', 'end_date': '2024-09-16', 'trading_days': 872, 'total_trades': 186, 'win_rate': 0.7742, 'net_profit_brl': 665.0, 'avg_profit_brl': 3.58, 'avg_win_brl': 48.06, 'avg_loss_brl': -148.93, 'profit_factor': 1.1063, 'max_drawdown_pct': 8.89, 'expected_payoff': 3.58, 'on_tester_value': 74.8125}",COMPLETE
67,161.256818,2026-03-26 03:51:46.160834,2026-03-26 03:52:03.086593,0 days 00:00:16.925759,29,True,True,False,True,True,885,0.30000000000000004,700,3,7,0.33,1.4,0.1,"{'start_date': '2021-03-23', 'end_date': '2024-09-16', 'trading_days': 872, 'total_trades': 294, 'win_rate': 0.9524, 'net_profit_brl': 1005.0, 'avg_profit_brl': 3.42, 'avg_win_brl': 11.93, 'avg_loss_brl': -166.79, 'profit_factor': 1.4304, 'max_drawdown_pct': 6.23, 'expected_payoff': 3.42, 'on_tester_value': 161.256818}",COMPLETE
68,449.122,2026-03-26 03:52:03.086658,2026-03-26 03:52:19.662218,0 days 00:00:16.575560,28,True,True,False,True,True,750,0.2,650,3,8,0.31,1.1,0.8,"{'start_date': '2021-03-23', 'end_date': '2024-09-16', 'trading_days': 872, 'total_trades': 366, 'win_rate': 0.6093, 'net_profit_brl': 3345.0, 'avg_profit_brl': 9.14, 'avg_win_brl': 92.74, 'avg_loss_brl': -121.22, 'profit_factor': 1.193, 'max_drawdown_pct': 7.45, 'expected_payoff': 9.14, 'on_tester_value': 449.122}",COMPLETE
69,-960.0,2026-03-26 03:52:19.662258,2026-03-26 03:52:36.415086,0 days 00:00:16.752828,39,True,True,False,True,True,795,0.25,765,2,8,0.24000000000000002,1.4500000000000002,0.4,"{'start_date': '2021-03-23', 'end_date': '2024-09-16', 'trading_days': 872, 'total_trades': 40, 'win_rate': 0.875, 'net_profit_brl': 840.0, 'avg_profit_brl': 21.0, 'avg_win_brl': 48.43, 'avg_loss_brl': -171.0, 'profit_factor': 1.9825, 'max_drawdown_pct': 3.46, 'expected_payoff': 21.0, 'on_tester_value': 242.88}",COMPLETE
70,105.664706,2026-03-26 03:52:36.415126,2026-03-26 03:52:52.670376,0 days 00:00:16.255250,37,True,False,True,False,True,760,0.25,815,6,6,0.23,0.6,0.2,"{'start_date': '2021-03-23', 'end_date': '2024-09-16', 'trading_days': 872, 'total_trades': 66, 'win_rate': 0.8182, 'net_profit_brl': 355.0, 'avg_profit_brl': 5.38, 'avg_win_brl': 23.7, 'avg_loss_brl': -77.08, 'profit_factor': 1.3838, 'max_drawdown_pct': 3.36, 'expected_payoff': 5.38, 'on_tester_value': 105.664706}",COMPLETE
71,433.207572,2026-03-26 03:52:52.670435,2026-03-26 03:53:09.468443,0 days 00:00:16.798008,39,False,True,False,True,True,835,0.4,565,6,8,0.13,1.4,0.15000000000000002,"{'start_date': '2021-03-23', 'end_date': '2024-09-16', 'trading_days': 872, 'total_trades': 2191, 'win_rate': 0.9188, 'net_profit_brl': 5335.0, 'avg_profit_brl': 2.43, 'avg_win_brl': 16.67, 'avg_loss_brl': -158.54, 'profit_factor': 1.1891, 'max_drawdown_pct': 12.32, 'expected_payoff': 2.43, 'on_tester_value': 433.207572}",COMPLETE
72,385.105556,2026-03-26 03:53:09.468509,2026-03-26 03:53:25.566530,0 days 00:00:16.098021,30,False,False,True,True,True,745,0.4,710,5,8,0.27,1.05,0.1,"{'start_date': '2021-03-23', 'end_date': '2024-09-16', 'trading_days': 872, 'total_trades': 59, 'win_rate': 0.9831, 'net_profit_brl': 515.0, 'avg_profit_brl': 8.73, 'avg_win_brl': 11.21, 'avg_loss_brl': -135.0, 'profit_factor': 4.8148, 'max_drawdown_pct': 1.34, 'expected_payoff': 8.73, 'on_tester_value': 385.105556}",COMPLETE
73,260.951944,2026-03-26 03:53:25.566596,2026-03-26 03:53:41.955186,0 days 00:00:16.388590,23,False,False,False,True,True,765,0.5,610,7,6,0.23,1.25,0.25,"{'start_date': '2021-03-23', 'end_date': '2024-09-16', 'trading_days': 872, 'total_trades': 413, 'win_rate': 0.8668, 'net_profit_brl': 2315.0, 'avg_profit_brl': 5.61, 'avg_win_brl': 28.46, 'avg_loss_brl': -143.18, 'profit_factor': 1.294, 'max_drawdown_pct': 8.87, 'expected_payoff': 5.61, 'on_tester_value': 260.951944}",COMPLETE
74,26.292245,2026-03-26 03:53:41.955244,2026-03-26 03:53:58.554871,0 days 00:00:16.599627,21,True,False,True,True,True,790,0.45000000000000007,665,5,6,0.37,1.25,0.6,"{'start_date': '2021-03-23', 'end_date': '2024-09-16', 'trading_days': 872, 'total_trades': 249, 'win_rate': 0.6827, 'net_profit_brl': 305.0, 'avg_profit_brl': 1.22, 'avg_win_brl': 73.65, 'avg_loss_brl': -154.62, 'profit_factor': 1.025, 'max_drawdown_pct': 11.6, 'expected_payoff': 1.22, 'on_tester_value': 26.292245}",COMPLETE
75,255.303797,2026-03-26 03:53:58.554946,2026-03-26 03:54:15.294842,0 days 00:00:16.739896,40,False,True,False,True,True,755,0.25,660,1,5,0.11,1.4500000000000002,0.1,"{'start_date': '2021-03-23', 'end_date': '2024-09-16', 'trading_days': 872, 'total_trades': 837, 'win_rate': 0.951, 'net_profit_brl': 1660.0, 'avg_profit_brl': 1.98, 'avg_win_brl': 11.21, 'avg_loss_brl': -177.07, 'profit_factor': 1.2287, 'max_drawdown_pct': 6.5, 'expected_payoff': 1.98, 'on_tester_value': 255.303797}",COMPLETE
76,209.815951,2026-03-26 03:54:15.294885,2026-03-26 03:54:33.088719,0 days 00:00:17.793834,39,False,False,True,True,True,600,0.35,810,3,6,0.4,0.75,0.5,"{'start_date': '2021-03-23', 'end_date': '2024-09-16', 'trading_days': 872, 'total_trades': 550, 'win_rate': 0.6236, 'net_profit_brl': 1710.0, 'avg_profit_brl': 3.11, 'avg_win_brl': 56.05, 'avg_loss_brl': -84.61, 'profit_factor': 1.0976, 'max_drawdown_pct': 8.15, 'expected_payoff': 3.11, 'on_tester_value': 209.815951}",COMPLETE
77,208.341489,2026-03-26 03:54:33.088775,2026-03-26 03:54:48.311163,0 days 00:00:15.222388,34,False,True,False,True,True,775,0.4,675,6,8,0.28,1.5,0.35,"{'start_date': '2021-03-23', 'end_date': '2024-09-16', 'trading_days': 872, 'total_trades': 224, 'win_rate': 0.8348, 'net_profit_brl': 1580.0, 'avg_profit_brl': 7.05, 'avg_win_brl': 40.64, 'avg_loss_brl': -162.7, 'profit_factor': 1.2625, 'max_drawdown_pct': 7.58, 'expected_payoff': 7.05, 'on_tester_value': 208.341489}",COMPLETE
78,636.298276,2026-03-26 03:54:48.311204,2026-03-26 03:55:04.034066,0 days 00:00:15.722862,37,True,False,False,True,True,805,0.25,650,5,8,0.30000000000000004,0.95,0.30000000000000004,"{'start_date': '2021-03-23', 'end_date': '2024-09-16', 'trading_days': 872, 'total_trades': 402, 'win_rate': 0.801, 'net_profit_brl': 2890.0, 'avg_profit_brl': 7.19, 'avg_win_brl': 34.55, 'avg_loss_brl': -102.94, 'profit_factor': 1.3509, 'max_drawdown_pct': 4.54, 'expected_payoff': 7.19, 'on_tester_value': 636.298276}",COMPLETE
79,151.110861,2026-03-26 03:55:04.034117,2026-03-26 03:55:21.985153,0 days 00:00:17.951036,36,True,False,False,True,True,900,0.30000000000000004,690,1,8,0.31,1.1,0.55,"{'start_date': '2021-03-23', 'end_date': '2024-09-16', 'trading_days': 872, 'total_trades': 296, 'win_rate': 0.6791, 'net_profit_brl': 1610.0, 'avg_profit_brl': 5.44, 'avg_win_brl': 65.8, 'avg_loss_brl': -122.26, 'profit_factor': 1.1386, 'max_drawdown_pct': 10.65, 'expected_payoff': 5.44, 'on_tester_value': 151.110861}",COMPLETE
80,586.25,2026-03-26 03:55:21.985222,2026-03-26 03:55:39.198249,0 days 00:00:17.213027,38,True,False,False,False,True,855,0.25,670,7,6,0.26,1.2000000000000002,0.1,"{'start_date': '2021-03-23', 'end_date': '2024-09-16', 'trading_days': 872, 'total_trades': 274, 'win_rate': 0.9635, 'net_profit_brl': 1675.0, 'avg_profit_brl': 6.11, 'avg_win_brl': 11.8, 'avg_loss_brl': -144.0, 'profit_factor': 2.1632, 'max_drawdown_pct': 2.86, 'expected_payoff': 6.11, 'on_tester_value': 586.25}",COMPLETE
81,467.285915,2026-03-26 03:55:39.198310,2026-03-26 03:55:57.378137,0 days 00:00:18.179827,34,True,False,False,True,True,805,0.25,620,8,7,0.29000000000000004,0.8,0.25,"{'start_date': '2021-03-23', 'end_date': '2024-09-16', 'trading_days': 872, 'total_trades': 645, 'win_rate': 0.8016, 'net_profit_brl': 3055.0, 'avg_profit_brl': 4.74, 'avg_win_brl': 28.08, 'avg_loss_brl': -89.53, 'profit_factor': 1.2666, 'max_drawdown_pct': 6.54, 'expected_payoff': 4.74, 'on_tester_value': 467.285915}",COMPLETE
82,443.098592,2026-03-26 03:55:57.378209,2026-03-26 03:56:14.848638,0 days 00:00:17.470429,34,True,False,False,False,True,860,0.30000000000000004,700,8,6,0.24000000000000002,1.25,0.15000000000000002,"{'start_date': '2021-03-23', 'end_date': '2024-09-16', 'trading_days': 872, 'total_trades': 203, 'win_rate': 0.931, 'net_profit_brl': 1430.0, 'avg_profit_brl': 7.04, 'avg_win_brl': 18.36, 'avg_loss_brl': -145.71, 'profit_factor': 1.701, 'max_drawdown_pct': 3.23, 'expected_payoff': 7.04, 'on_tester_value': 443.098592}",COMPLETE
83,852.318548,2026-03-26 03:56:14.848683,2026-03-26 03:56:32.041623,0 days 00:00:17.192940,36,True,True,False,True,True,860,0.35,635,2,8,0.26,0.8500000000000001,0.25,"{'start_date': '2021-03-23', 'end_date': '2024-09-16', 'trading_days': 872, 'total_trades': 888, 'win_rate': 0.8108, 'net_profit_brl': 4450.0, 'avg_profit_brl': 5.01, 'avg_win_brl': 28.43, 'avg_loss_brl': -95.36, 'profit_factor': 1.2778, 'max_drawdown_pct': 5.22, 'expected_payoff': 5.01, 'on_tester_value': 852.318548}",COMPLETE
84,704.235789,2026-03-26 03:56:32.041691,2026-03-26 03:56:50.393458,0 days 00:00:18.351767,28,True,True,False,True,True,865,0.4,690,5,7,0.27,0.7,0.2,"{'start_date': '2021-03-23', 'end_date': '2024-09-16', 'trading_days': 872, 'total_trades': 411, 'win_rate': 0.8418, 'net_profit_brl': 3030.0, 'avg_profit_brl': 7.37, 'avg_win_brl': 23.96, 'avg_loss_brl': -80.92, 'profit_factor': 1.576, 'max_drawdown_pct': 4.3, 'expected_payoff': 7.37, 'on_tester_value': 704.235789}",COMPLETE
85,1018.364615,2026-03-26 03:56:50.393523,2026-03-26 03:57:07.615698,0 days 00:00:17.222175,28,True,True,False,True,True,835,0.45000000000000007,600,3,7,0.24000000000000002,0.7,0.25,"{'start_date': '2021-03-23', 'end_date': '2024-09-16', 'trading_days': 872, 'total_trades': 1164, 'win_rate': 0.7741, 'net_profit_brl': 5660.0, 'avg_profit_brl': 4.86, 'avg_win_brl': 29.27, 'avg_loss_brl': -78.75, 'profit_factor': 1.2733, 'max_drawdown_pct': 5.56, 'expected_payoff': 4.86, 'on_tester_value': 1018.364615}",COMPLETE
86,501.219626,2026-03-26 03:57:07.615750,2026-03-26 03:57:23.373485,0 days 00:00:15.757735,25,True,True,False,True,True,785,0.45000000000000007,565,4,7,0.18,1.0,0.15000000000000002,"{'start_date': '2021-03-23', 'end_date': '2024-09-16', 'trading_days': 872, 'total_trades': 1818, 'win_rate': 0.8911, 'net_profit_brl': 4900.0, 'avg_profit_brl': 2.7, 'avg_win_brl': 17.16, 'avg_loss_brl': -115.63, 'profit_factor': 1.214, 'max_drawdown_pct': 9.78, 'expected_payoff': 2.7, 'on_tester_value': 501.219626}",COMPLETE
87,345.596667,2026-03-26 03:57:23.373553,2026-03-26 03:57:39.562603,0 days 00:00:16.189050,31,True,True,False,True,True,880,0.30000000000000004,660,5,6,0.26,0.6,0.55,"{'start_date': '2021-03-23', 'end_date': '2024-09-16', 'trading_days': 872, 'total_trades': 680, 'win_rate': 0.55, 'net_profit_brl': 2985.0, 'avg_profit_brl': 4.39, 'avg_win_brl': 64.59, 'avg_loss_brl': -69.18, 'profit_factor': 1.141, 'max_drawdown_pct': 8.64, 'expected_payoff': 4.39, 'on_tester_value': 345.596667}",COMPLETE
88,360.086009,2026-03-26 03:57:39.562657,2026-03-26 03:57:56.189328,0 days 00:00:16.626671,35,True,True,False,True,True,880,0.45000000000000007,570,4,7,0.28,0.8500000000000001,0.25,"{'start_date': '2021-03-23', 'end_date': '2024-09-16', 'trading_days': 872, 'total_trades': 1273, 'win_rate': 0.791, 'net_profit_brl': 3025.0, 'avg_profit_brl': 2.38, 'avg_win_brl': 28.71, 'avg_loss_brl': -97.31, 'profit_factor': 1.1169, 'max_drawdown_pct': 8.4, 'expected_payoff': 2.38, 'on_tester_value': 360.086009}",COMPLETE
89,651.32337,2026-03-26 03:57:56.189382,2026-03-26 03:58:14.071772,0 days 00:00:17.882390,33,True,True,False,False,True,835,0.30000000000000004,625,1,8,0.33999999999999997,0.8500000000000001,0.15000000000000002,"{'start_date': '2021-03-23', 'end_date': '2024-09-16', 'trading_days': 872, 'total_trades': 526, 'win_rate': 0.884, 'net_profit_brl': 2425.0, 'avg_profit_brl': 4.61, 'avg_win_brl': 17.52, 'avg_loss_brl': -93.77, 'profit_factor': 1.424, 'max_drawdown_pct': 3.72, 'expected_payoff': 4.61, 'on_tester_value': 651.32337}",COMPLETE
90,354.571233,2026-03-26 03:58:14.071839,2026-03-26 03:58:32.481087,0 days 00:00:18.409248,28,True,True,False,False,False,800,0.30000000000000004,595,3,6,0.33999999999999997,0.8,0.1,"{'start_date': '2021-03-23', 'end_date': '2024-09-16', 'trading_days': 872, 'total_trades': 448, 'win_rate': 0.9129, 'net_profit_brl': 1195.0, 'avg_profit_brl': 2.67, 'avg_win_brl': 11.66, 'avg_loss_brl': -91.67, 'profit_factor': 1.3343, 'max_drawdown_pct': 3.37, 'expected_payoff': 2.67, 'on_tester_value': 354.571233}",COMPLETE
91,-25.703571,2026-03-26 03:58:32.481154,2026-03-26 03:58:49.231305,0 days 00:00:16.750151,38,False,True,True,True,True,765,0.2,550,4,7,0.15000000000000002,1.4,0.35,"{'start_date': '2021-03-23', 'end_date': '2024-09-16', 'trading_days': 872, 'total_trades': 3930, 'win_rate': 0.8008, 'net_profit_brl': -840.0, 'avg_profit_brl': -0.21, 'avg_win_brl': 38.35, 'avg_loss_brl': -155.22, 'profit_factor': 0.9931, 'max_drawdown_pct': 32.68, 'expected_payoff': -0.21, 'on_tester_value': -25.703571}",COMPLETE
92,21.607692,2026-03-26 03:58:49.231351,2026-03-26 03:59:05.864124,0 days 00:00:16.632773,36,True,True,False,False,True,880,0.30000000000000004,590,3,7,0.39,0.9,0.2,"{'start_date': '2021-03-23', 'end_date': '2024-09-16', 'trading_days': 872, 'total_trades': 693, 'win_rate': 0.8211, 'net_profit_brl': 265.0, 'avg_profit_brl': 0.38, 'avg_win_brl': 22.72, 'avg_loss_brl': -102.14, 'profit_factor': 1.0209, 'max_drawdown_pct': 12.26, 'expected_payoff': 0.38, 'on_tester_value': 21.607692}",COMPLETE
93,270.214721,2026-03-26 03:59:05.864189,2026-03-26 03:59:22.364670,0 days 00:00:16.500481,24,True,True,False,False,True,800,0.4,595,4,7,0.26,0.65,0.30000000000000004,"{'start_date': '2021-03-23', 'end_date': '2024-09-16', 'trading_days': 872, 'total_trades': 845, 'win_rate': 0.6994, 'net_profit_brl': 2090.0, 'avg_profit_brl': 2.47, 'avg_win_brl': 35.66, 'avg_loss_brl': -74.74, 'profit_factor': 1.1101, 'max_drawdown_pct': 7.73, 'expected_payoff': 2.47, 'on_tester_value': 270.214721}",COMPLETE
94,101.880631,2026-03-26 03:59:22.364735,2026-03-26 03:59:38.736849,0 days 00:00:16.372114,34,True,True,False,False,True,875,0.2,700,2,7,0.19,0.8,0.15000000000000002,"{'start_date': '2021-03-23', 'end_date': '2024-09-16', 'trading_days': 872, 'total_trades': 428, 'win_rate': 0.8528, 'net_profit_brl': 545.0, 'avg_profit_brl': 1.27, 'avg_win_brl': 17.86, 'avg_loss_brl': -94.84, 'profit_factor': 1.0912, 'max_drawdown_pct': 5.35, 'expected_payoff': 1.27, 'on_tester_value': 101.880631}",COMPLETE
95,255.57947,2026-03-26 03:59:38.736913,2026-03-26 03:59:54.938056,0 days 00:00:16.201143,20,True,False,False,True,True,820,0.5,545,6,4,0.29000000000000004,0.8,0.65,"{'start_date': '2021-03-23', 'end_date': '2024-09-16', 'trading_days': 872, 'total_trades': 805, 'win_rate': 0.5789, 'net_profit_brl': 3590.0, 'avg_profit_brl': 4.46, 'avg_win_brl': 77.0, 'avg_loss_brl': -95.25, 'profit_factor': 1.1112, 'max_drawdown_pct': 14.05, 'expected_payoff': 4.46, 'on_tester_value': 255.57947}",COMPLETE
96,210.266667,2026-03-26 03:59:54.938100,2026-03-26 04:00:10.945660,0 days 00:00:16.007560,25,True,False,False,True,True,900,0.4,675,2,6,0.25,0.95,0.15000000000000002,"{'start_date': '2021-03-23', 'end_date': '2024-09-16', 'trading_days': 872, 'total_trades': 462, 'win_rate': 0.8983, 'net_profit_brl': 1660.0, 'avg_profit_brl': 3.59, 'avg_win_brl': 17.75, 'avg_loss_brl': -121.38, 'profit_factor': 1.291, 'max_drawdown_pct': 7.89, 'expected_payoff': 3.59, 'on_tester_value': 210.266667}",COMPLETE
97,-1000.0,2026-03-26 04:00:10.945742,2026-03-26 04:00:27.176117,0 days 00:00:16.230375,25,True,True,False,True,True,800,0.5,795,3,7,0.33,0.8,0.4,"{'start_date': '2021-03-23', 'end_date': '2024-09-16', 'trading_days': 872, 'total_trades': 0, 'win_rate': 0.0, 'net_profit_brl': 0.0, 'avg_profit_brl': 0.0, 'avg_win_brl': 0.0, 'avg_loss_brl': 0.0, 'profit_factor': 0.0, 'max_drawdown_pct': 0.0, 'expected_payoff': 0.0, 'on_tester_value': 0.0}",COMPLETE
98,264.013714,2026-03-26 04:00:27.176184,2026-03-26 04:00:43.989353,0 days 00:00:16.813169,32,True,True,False,True,True,790,0.30000000000000004,670,5,8,0.25,0.7,0.2,"{'start_date': '2021-03-23', 'end_date': '2024-09-16', 'trading_days': 872, 'total_trades': 446, 'win_rate': 0.8229, 'net_profit_brl': 2070.0, 'avg_profit_brl': 4.64, 'avg_win_brl': 23.07, 'avg_loss_brl': -80.95, 'profit_factor': 1.3237, 'max_drawdown_pct': 7.84, 'expected_payoff': 4.64, 'on_tester_value': 264.013714}",COMPLETE
99,403.504787,2026-03-26 04:00:43.989429,2026-03-26 04:01:00.545056,0 days 00:00:16.555627,34,True,True,True,True,True,895,0.2,710,2,7,0.28,0.9,0.15000000000000002,"{'start_date': '2021-03-23', 'end_date': '2024-09-16', 'trading_days': 872, 'total_trades': 443, 'win_rate': 0.8894, 'net_profit_brl': 1835.0, 'avg_profit_brl': 4.14, 'avg_win_brl': 17.8, 'avg_loss_brl': -105.71, 'profit_factor': 1.3542, 'max_drawdown_pct': 4.55, 'expected_payoff': 4.14, 'on_tester_value': 403.504787}",COMPLETE
100,544.725,2026-03-26 04:01:00.545111,2026-03-26 04:01:17.678858,0 days 00:00:17.133747,30,True,True,True,True,True,795,0.45000000000000007,600,4,5,0.31,0.65,0.2,"{'start_date': '2021-03-23', 'end_date': '2024-09-16', 'trading_days': 872, 'total_trades': 979, 'win_rate': 0.7896, 'net_profit_brl': 2250.0, 'avg_profit_brl': 2.3, 'avg_win_brl': 23.15, 'avg_loss_brl': -75.95, 'profit_factor': 1.1438, 'max_drawdown_pct': 4.13, 'expected_payoff': 2.3, 'on_tester_value': 544.725}",COMPLETE
101,290.5,2026-03-26 04:01:17.678901,2026-03-26 04:01:33.791376,0 days 00:00:16.112475,22,True,True,False,False,True,785,0.25,655,1,7,0.36,1.1,0.1,"{'start_date': '2021-03-23', 'end_date': '2024-09-16', 'trading_days': 872, 'total_trades': 241, 'win_rate': 0.9461, 'net_profit_brl': 830.0, 'avg_profit_brl': 3.44, 'avg_win_brl': 11.73, 'avg_loss_brl': -141.92, 'profit_factor': 1.4499, 'max_drawdown_pct': 2.86, 'expected_payoff': 3.44, 'on_tester_value': 290.5}",COMPLETE
102,71.876316,2026-03-26 04:01:33.791430,2026-03-26 04:01:49.914771,0 days 00:00:16.123341,33,False,False,False,False,True,760,0.2,640,5,8,0.33,1.15,0.15000000000000002,"{'start_date': '2021-03-23', 'end_date': '2024-09-16', 'trading_days': 872, 'total_trades': 132, 'win_rate': 0.9091, 'net_profit_brl': 325.0, 'avg_profit_brl': 2.46, 'avg_win_brl': 17.0, 'avg_loss_brl': -142.92, 'profit_factor': 1.1895, 'max_drawdown_pct': 4.52, 'expected_payoff': 2.46, 'on_tester_value': 71.876316}",COMPLETE
103,31.396512,2026-03-26 04:01:49.914837,2026-03-26 04:02:06.127932,0 days 00:00:16.213095,40,True,True,False,False,True,720,0.35,670,3,8,0.28,1.0,0.1,"{'start_date': '2021-03-23', 'end_date': '2024-09-16', 'trading_days': 872, 'total_trades': 131, 'win_rate': 0.916, 'net_profit_brl': 130.0, 'avg_profit_brl': 0.99, 'avg_win_brl': 11.67, 'avg_loss_brl': -115.45, 'profit_factor': 1.1024, 'max_drawdown_pct': 4.14, 'expected_payoff': 0.99, 'on_tester_value': 31.396512}",COMPLETE
104,285.333333,2026-03-26 04:02:06.127997,2026-03-26 04:02:22.623877,0 days 00:00:16.495880,16,False,False,False,True,True,870,0.5,560,9,5,0.37,1.1,0.45000000000000007,"{'start_date': '2021-03-23', 'end_date': '2024-09-16', 'trading_days': 872, 'total_trades': 399, 'win_rate': 0.7419, 'net_profit_brl': 2600.0, 'avg_profit_brl': 6.52, 'avg_win_brl': 52.84, 'avg_loss_brl': -126.6, 'profit_factor': 1.1994, 'max_drawdown_pct': 9.11, 'expected_payoff': 6.52, 'on_tester_value': 285.333333}",COMPLETE
105,531.354897,2026-03-26 04:02:22.623938,2026-03-26 04:02:40.586321,0 days 00:00:17.962383,36,True,False,True,True,True,590,0.2,875,1,7,0.31,1.0,0.15000000000000002,"{'start_date': '2021-03-23', 'end_date': '2024-09-16', 'trading_days': 872, 'total_trades': 1347, 'win_rate': 0.8968, 'net_profit_brl': 4355.0, 'avg_profit_brl': 3.23, 'avg_win_brl': 16.84, 'avg_loss_brl': -115.0, 'profit_factor': 1.2724, 'max_drawdown_pct': 8.2, 'expected_payoff': 3.23, 'on_tester_value': 531.354897}",COMPLETE
106,58.133851,2026-03-26 04:02:40.586374,2026-03-26 04:02:57.294996,0 days 00:00:16.708622,30,False,True,False,False,True,830,0.4,580,5,8,0.29000000000000004,1.4500000000000002,0.25,"{'start_date': '2021-03-23', 'end_date': '2024-09-16', 'trading_days': 872, 'total_trades': 565, 'win_rate': 0.8602, 'net_profit_brl': 810.0, 'avg_profit_brl': 1.43, 'avg_win_brl': 28.78, 'avg_loss_brl': -166.77, 'profit_factor': 1.0615, 'max_drawdown_pct': 13.93, 'expected_payoff': 1.43, 'on_tester_value': 58.133851}",COMPLETE
107,1026.71,2026-03-26 04:02:57.295154,2026-03-26 04:03:13.661444,0 days 00:00:16.366290,38,True,False,False,True,False,795,0.25,620,7,8,0.21000000000000002,1.0,0.45000000000000007,"{'start_date': '2021-03-23', 'end_date': '2024-09-16', 'trading_days': 872, 'total_trades': 612, 'win_rate': 0.7402, 'net_profit_brl': 6185.0, 'avg_profit_brl': 10.11, 'avg_win_brl': 51.94, 'avg_loss_brl': -109.09, 'profit_factor': 1.3566, 'max_drawdown_pct': 6.02, 'expected_payoff': 10.11, 'on_tester_value': 1026.71}",COMPLETE
108,-64.010526,2026-03-26 04:03:13.661510,2026-03-26 04:03:30.314173,0 days 00:00:16.652663,27,True,True,False,True,True,770,0.30000000000000004,605,2,8,0.4,0.95,0.25,"{'start_date': '2021-03-23', 'end_date': '2024-09-16', 'trading_days': 872, 'total_trades': 609, 'win_rate': 0.7767, 'net_profit_brl': -1320.0, 'avg_profit_brl': -2.17, 'avg_win_brl': 27.98, 'avg_loss_brl': -107.02, 'profit_factor': 0.9093, 'max_drawdown_pct': 20.62, 'expected_payoff': -2.17, 'on_tester_value': -64.010526}",COMPLETE
109,839.833929,2026-03-26 04:03:30.314213,2026-03-26 04:03:46.646699,0 days 00:00:16.332486,39,True,False,False,True,False,720,0.30000000000000004,645,6,7,0.24000000000000002,1.35,0.35,"{'start_date': '2021-03-23', 'end_date': '2024-09-16', 'trading_days': 872, 'total_trades': 252, 'win_rate': 0.8532, 'net_profit_brl': 3515.0, 'avg_profit_brl': 13.95, 'avg_win_brl': 40.4, 'avg_loss_brl': -139.73, 'profit_factor': 1.6799, 'max_drawdown_pct': 4.19, 'expected_payoff': 13.95, 'on_tester_value': 839.833929}",COMPLETE
110,384.838428,2026-03-26 04:03:46.646736,2026-03-26 04:04:03.467745,0 days 00:00:16.821009,39,True,False,False,True,False,725,0.15,630,3,8,0.25,1.35,0.65,"{'start_date': '2021-03-23', 'end_date': '2024-09-16', 'trading_days': 872, 'total_trades': 342, 'win_rate': 0.7222, 'net_profit_brl': 4050.0, 'avg_profit_brl': 11.84, 'avg_win_brl': 73.56, 'avg_loss_brl': -148.63, 'profit_factor': 1.2868, 'max_drawdown_pct': 10.52, 'expected_payoff': 11.84, 'on_tester_value': 384.838428}",COMPLETE
111,914.529577,2026-03-26 04:04:03.467785,2026-03-26 04:04:20.339883,0 days 00:00:16.872098,38,True,False,False,True,False,840,0.30000000000000004,590,5,8,0.14,1.0,0.2,"{'start_date': '2021-03-23', 'end_date': '2024-09-16', 'trading_days': 872, 'total_trades': 1400, 'win_rate': 0.8664, 'net_profit_brl': 5990.0, 'avg_profit_brl': 4.28, 'avg_win_brl': 22.53, 'avg_loss_brl': -114.12, 'profit_factor': 1.2807, 'max_drawdown_pct': 6.55, 'expected_payoff': 4.28, 'on_tester_value': 914.529577}",COMPLETE
112,1607.345714,2026-03-26 04:04:20.339948,2026-03-26 04:04:36.833810,0 days 00:00:16.493862,40,True,False,False,True,False,820,0.30000000000000004,610,2,8,0.16,0.65,0.25,"{'start_date': '2021-03-23', 'end_date': '2024-09-16', 'trading_days': 872, 'total_trades': 949, 'win_rate': 0.7703, 'net_profit_brl': 5105.0, 'avg_profit_brl': 5.38, 'avg_win_brl': 28.56, 'avg_loss_brl': -72.34, 'profit_factor': 1.3237, 'max_drawdown_pct': 3.18, 'expected_payoff': 5.38, 'on_tester_value': 1607.345714}",COMPLETE
113,531.901153,2026-03-26 04:04:36.833880,2026-03-26 04:04:53.556249,0 days 00:00:16.722369,31,True,False,False,True,False,835,0.25,550,6,7,0.12000000000000001,1.05,0.4,"{'start_date': '2021-03-23', 'end_date': '2024-09-16', 'trading_days': 872, 'total_trades': 2291, 'win_rate': 0.7464, 'net_profit_brl': 7630.0, 'avg_profit_brl': 3.33, 'avg_win_brl': 44.5, 'avg_loss_brl': -117.85, 'profit_factor': 1.1114, 'max_drawdown_pct': 14.34, 'expected_payoff': 3.33, 'on_tester_value': 531.901153}",COMPLETE
114,786.029268,2026-03-26 04:04:53.556288,2026-03-26 04:05:09.563533,0 days 00:00:16.007245,34,True,False,False,True,False,820,0.30000000000000004,630,4,7,0.15000000000000002,0.6,0.1,"{'start_date': '2021-03-23', 'end_date': '2024-09-16', 'trading_days': 872, 'total_trades': 820, 'win_rate': 0.9061, 'net_profit_brl': 2880.0, 'avg_profit_brl': 3.51, 'avg_win_brl': 11.41, 'avg_loss_brl': -72.66, 'profit_factor': 1.5147, 'max_drawdown_pct': 3.66, 'expected_payoff': 3.51, 'on_tester_value': 786.029268}",COMPLETE
115,-43.815415,2026-03-26 04:05:09.563598,2026-03-26 04:05:25.327406,0 days 00:00:15.763808,37,True,False,False,True,False,655,0.25,630,11,7,0.23,1.2000000000000002,0.2,"{'start_date': '2021-03-23', 'end_date': '2024-09-16', 'trading_days': 872, 'total_trades': 124, 'win_rate': 0.8468, 'net_profit_brl': -545.0, 'avg_profit_brl': -4.4, 'avg_win_brl': 21.86, 'avg_loss_brl': -149.47, 'profit_factor': 0.8081, 'max_drawdown_pct': 12.44, 'expected_payoff': -4.4, 'on_tester_value': -43.815415}",COMPLETE
116,283.457386,2026-03-26 04:05:25.327467,2026-03-26 04:05:41.762138,0 days 00:00:16.434671,39,True,False,False,False,False,770,0.35,680,3,8,0.15000000000000002,0.7,0.35,"{'start_date': '2021-03-23', 'end_date': '2024-09-16', 'trading_days': 872, 'total_trades': 162, 'win_rate': 0.7222, 'net_profit_brl': 1185.0, 'avg_profit_brl': 7.31, 'avg_win_brl': 42.44, 'avg_loss_brl': -84.0, 'profit_factor': 1.3135, 'max_drawdown_pct': 4.18, 'expected_payoff': 7.31, 'on_tester_value': 283.457386}",COMPLETE
117,171.214655,2026-03-26 04:05:41.762192,2026-03-26 04:05:57.799299,0 days 00:00:16.037107,37,True,False,False,True,False,750,0.35,580,3,7,0.22,0.6,0.25,"{'start_date': '2021-03-23', 'end_date': '2024-09-16', 'trading_days': 872, 'total_trades': 812, 'win_rate': 0.718, 'net_profit_brl': 1385.0, 'avg_profit_brl': 1.71, 'avg_win_brl': 28.09, 'avg_loss_brl': -65.46, 'profit_factor': 1.0924, 'max_drawdown_pct': 8.09, 'expected_payoff': 1.71, 'on_tester_value': 171.214655}",COMPLETE
118,-21.197899,2026-03-26 04:05:57.799339,2026-03-26 04:06:13.790473,0 days 00:00:15.991134,37,True,False,False,True,False,880,0.2,710,4,7,0.12000000000000001,0.5,0.35,"{'start_date': '2021-03-23', 'end_date': '2024-09-16', 'trading_days': 872, 'total_trades': 469, 'win_rate': 0.5821, 'net_profit_brl': -335.0, 'avg_profit_brl': -0.71, 'avg_win_brl': 41.1, 'avg_loss_brl': -58.95, 'profit_factor': 0.971, 'max_drawdown_pct': 15.8, 'expected_payoff': -0.71, 'on_tester_value': -21.197899}",COMPLETE
119,9.854019,2026-03-26 04:06:13.790537,2026-03-26 04:06:30.204457,0 days 00:00:16.413920,40,True,False,False,True,False,845,0.4,605,6,8,0.12000000000000001,0.8500000000000001,0.2,"{'start_date': '2021-03-23', 'end_date': '2024-09-16', 'trading_days': 872, 'total_trades': 1261, 'win_rate': 0.8168, 'net_profit_brl': 140.0, 'avg_profit_brl': 0.11, 'avg_win_brl': 22.69, 'avg_loss_brl': -100.56, 'profit_factor': 1.006, 'max_drawdown_pct': 14.21, 'expected_payoff': 0.11, 'on_tester_value': 9.854019}",COMPLETE
120,489.271661,2026-03-26 04:06:30.204511,2026-03-26 04:06:46.257891,0 days 00:00:16.053380,34,True,False,False,True,False,810,0.2,580,10,8,0.25,0.95,0.5,"{'start_date': '2021-03-23', 'end_date': '2024-09-16', 'trading_days': 872, 'total_trades': 876, 'win_rate': 0.6986, 'net_profit_brl': 6480.0, 'avg_profit_brl': 7.4, 'avg_win_brl': 56.15, 'avg_loss_brl': -105.62, 'profit_factor': 1.2324, 'max_drawdown_pct': 13.24, 'expected_payoff': 7.4, 'on_tester_value': 489.271661}",COMPLETE
121,99.037209,2026-03-26 04:06:46.257958,2026-03-26 04:07:01.996792,0 days 00:00:15.738834,33,True,False,False,True,False,640,0.30000000000000004,595,1,6,0.23,1.3,0.30000000000000004,"{'start_date': '2021-03-23', 'end_date': '2024-09-16', 'trading_days': 872, 'total_trades': 322, 'win_rate': 0.8323, 'net_profit_brl': 995.0, 'avg_profit_brl': 3.09, 'avg_win_brl': 33.45, 'avg_loss_brl': -147.59, 'profit_factor': 1.1248, 'max_drawdown_pct': 10.05, 'expected_payoff': 3.09, 'on_tester_value': 99.037209}",COMPLETE
122,446.313636,2026-03-26 04:07:01.996864,2026-03-26 04:07:17.726154,0 days 00:00:15.729290,21,True,True,False,True,True,865,0.45000000000000007,645,2,6,0.31,0.5,0.15000000000000002,"{'start_date': '2021-03-23', 'end_date': '2024-09-16', 'trading_days': 872, 'total_trades': 561, 'win_rate': 0.8075, 'net_profit_brl': 1690.0, 'avg_profit_brl': 3.01, 'avg_win_brl': 17.95, 'avg_loss_brl': -59.63, 'profit_factor': 1.2624, 'max_drawdown_pct': 3.79, 'expected_payoff': 3.01, 'on_tester_value': 446.313636}",COMPLETE
123,632.371852,2026-03-26 04:07:17.726195,2026-03-26 04:07:33.404778,0 days 00:00:15.678583,35,True,False,False,True,False,850,0.45000000000000007,695,5,8,0.23,1.4500000000000002,0.45000000000000007,"{'start_date': '2021-03-23', 'end_date': '2024-09-16', 'trading_days': 872, 'total_trades': 214, 'win_rate': 0.8224, 'net_profit_brl': 3590.0, 'avg_profit_brl': 16.78, 'avg_win_brl': 55.51, 'avg_loss_brl': -162.63, 'profit_factor': 1.5809, 'max_drawdown_pct': 5.68, 'expected_payoff': 16.78, 'on_tester_value': 632.371852}",COMPLETE
124,7.906316,2026-03-26 04:07:33.404818,2026-03-26 04:07:49.146115,0 days 00:00:15.741297,37,False,False,False,True,True,715,0.25,900,5,7,0.21000000000000002,0.55,0.5,"{'start_date': '2021-03-23', 'end_date': '2024-09-16', 'trading_days': 872, 'total_trades': 264, 'win_rate': 0.5303, 'net_profit_brl': 105.0, 'avg_profit_brl': 0.4, 'avg_win_brl': 56.18, 'avg_loss_brl': -62.58, 'profit_factor': 1.0135, 'max_drawdown_pct': 13.28, 'expected_payoff': 0.4, 'on_tester_value': 7.906316}",COMPLETE
125,9.862675,2026-03-26 04:07:49.146153,2026-03-26 04:08:05.230385,0 days 00:00:16.084232,38,True,False,True,True,False,885,0.15,570,3,8,0.21000000000000002,0.95,0.7000000000000001,"{'start_date': '2021-03-23', 'end_date': '2024-09-16', 'trading_days': 872, 'total_trades': 1902, 'win_rate': 0.5773, 'net_profit_brl': 370.0, 'avg_profit_brl': 0.19, 'avg_win_brl': 78.83, 'avg_loss_brl': -107.2, 'profit_factor': 1.0043, 'max_drawdown_pct': 37.52, 'expected_payoff': 0.19, 'on_tester_value': 9.862675}",COMPLETE
126,-1000.0,2026-03-26 04:08:05.230427,2026-03-26 04:08:20.655503,0 days 00:00:15.425076,35,False,False,False,False,False,790,0.2,585,7,7,0.21000000000000002,1.2000000000000002,0.6,"{'start_date': '2021-03-23', 'end_date': '2024-09-16', 'trading_days': 872, 'total_trades': 0, 'win_rate': 0.0, 'net_profit_brl': 0.0, 'avg_profit_brl': 0.0, 'avg_win_brl': 0.0, 'avg_loss_brl': 0.0, 'profit_factor': 0.0, 'max_drawdown_pct': 0.0, 'expected_payoff': 0.0, 'on_tester_value': 0.0}",COMPLETE
127,808.997034,2026-03-26 04:08:20.655565,2026-03-26 04:08:37.102911,0 days 00:00:16.447346,32,False,True,False,True,False,795,0.30000000000000004,630,5,7,0.16,0.65,0.25,"{'start_date': '2021-03-23', 'end_date': '2024-09-16', 'trading_days': 872, 'total_trades': 689, 'win_rate': 0.7649, 'net_profit_brl': 3455.0, 'avg_profit_brl': 5.01, 'avg_win_brl': 28.29, 'avg_loss_brl': -70.71, 'profit_factor': 1.3016, 'max_drawdown_pct': 4.27, 'expected_payoff': 5.01, 'on_tester_value': 808.997034}",COMPLETE
128,282.348276,2026-03-26 04:08:37.102983,2026-03-26 04:08:53.050724,0 days 00:00:15.947741,30,False,True,False,True,False,835,0.30000000000000004,640,6,7,0.19,0.75,0.30000000000000004,"{'start_date': '2021-03-23', 'end_date': '2024-09-16', 'trading_days': 872, 'total_trades': 555, 'win_rate': 0.7495, 'net_profit_brl': 2220.0, 'avg_profit_brl': 4.0, 'avg_win_brl': 33.61, 'avg_loss_brl': -84.6, 'profit_factor': 1.1888, 'max_drawdown_pct': 7.86, 'expected_payoff': 4.0, 'on_tester_value': 282.348276}",COMPLETE
129,403.105419,2026-03-26 04:08:53.050780,2026-03-26 04:09:09.152382,0 days 00:00:16.101602,40,True,False,False,True,False,845,0.30000000000000004,550,4,7,0.23,1.4,0.1,"{'start_date': '2021-03-23', 'end_date': '2024-09-16', 'trading_days': 872, 'total_trades': 1298, 'win_rate': 0.953, 'net_profit_brl': 3840.0, 'avg_profit_brl': 2.96, 'avg_win_brl': 11.07, 'avg_loss_brl': -161.56, 'profit_factor': 1.3896, 'max_drawdown_pct': 9.53, 'expected_payoff': 2.96, 'on_tester_value': 403.105419}",COMPLETE
130,452.594787,2026-03-26 04:09:09.152429,2026-03-26 04:09:25.269712,0 days 00:00:16.117283,33,False,True,False,True,True,805,0.45000000000000007,580,1,7,0.24000000000000002,1.35,0.15000000000000002,"{'start_date': '2021-03-23', 'end_date': '2024-09-16', 'trading_days': 872, 'total_trades': 932, 'win_rate': 0.9206, 'net_profit_brl': 3570.0, 'avg_profit_brl': 3.83, 'avg_win_brl': 16.93, 'avg_loss_brl': -148.04, 'profit_factor': 1.3259, 'max_drawdown_pct': 7.89, 'expected_payoff': 3.83, 'on_tester_value': 452.594787}",COMPLETE
131,381.376471,2026-03-26 04:09:25.269780,2026-03-26 04:09:41.666311,0 days 00:00:16.396531,36,True,False,False,True,False,750,0.25,650,6,8,0.17,0.9,0.1,"{'start_date': '2021-03-23', 'end_date': '2024-09-16', 'trading_days': 872, 'total_trades': 402, 'win_rate': 0.9328, 'net_profit_brl': 1540.0, 'avg_profit_brl': 3.83, 'avg_win_brl': 11.4, 'avg_loss_brl': -101.3, 'profit_factor': 1.5631, 'max_drawdown_pct': 4.04, 'expected_payoff': 3.83, 'on_tester_value': 381.376471}",COMPLETE
132,50.306667,2026-03-26 04:09:41.666352,2026-03-26 04:09:57.716436,0 days 00:00:16.050084,39,False,False,False,True,True,795,0.25,560,2,8,0.19,0.8500000000000001,0.2,"{'start_date': '2021-03-23', 'end_date': '2024-09-16', 'trading_days': 872, 'total_trades': 1465, 'win_rate': 0.813, 'net_profit_brl': 665.0, 'avg_profit_brl': 0.45, 'avg_win_brl': 21.48, 'avg_loss_brl': -90.95, 'profit_factor': 1.0267, 'max_drawdown_pct': 13.22, 'expected_payoff': 0.45, 'on_tester_value': 50.306667}",COMPLETE
133,13.875,2026-03-26 04:09:57.716491,2026-03-26 04:10:13.303855,0 days 00:00:15.587364,23,True,True,False,True,True,895,0.45000000000000007,770,11,8,0.28,0.55,0.30000000000000004,"{'start_date': '2021-03-23', 'end_date': '2024-09-16', 'trading_days': 872, 'total_trades': 126, 'win_rate': 0.6429, 'net_profit_brl': 90.0, 'avg_profit_brl': 0.71, 'avg_win_brl': 37.96, 'avg_loss_brl': -66.33, 'profit_factor': 1.0302, 'max_drawdown_pct': 6.49, 'expected_payoff': 0.71, 'on_tester_value': 13.875}",COMPLETE
134,319.983708,2026-03-26 04:10:13.303894,2026-03-26 04:10:29.014902,0 days 00:00:15.711008,30,False,True,False,True,True,750,0.5,615,2,6,0.28,0.6,0.5,"{'start_date': '2021-03-23', 'end_date': '2024-09-16', 'trading_days': 872, 'total_trades': 423, 'win_rate': 0.591, 'net_profit_brl': 2545.0, 'avg_profit_brl': 6.02, 'avg_win_brl': 57.0, 'avg_loss_brl': -67.66, 'profit_factor': 1.2174, 'max_drawdown_pct': 7.95, 'expected_payoff': 6.02, 'on_tester_value': 319.983708}",COMPLETE
135,373.03913,2026-03-26 04:10:29.014938,2026-03-26 04:10:44.583656,0 days 00:00:15.568718,40,True,False,False,True,False,800,0.30000000000000004,705,1,8,0.15000000000000002,0.55,0.1,"{'start_date': '2021-03-23', 'end_date': '2024-09-16', 'trading_days': 872, 'total_trades': 268, 'win_rate': 0.9142, 'net_profit_brl': 1190.0, 'avg_profit_brl': 4.44, 'avg_win_brl': 11.33, 'avg_loss_brl': -68.91, 'profit_factor': 1.7508, 'max_drawdown_pct': 3.19, 'expected_payoff': 4.44, 'on_tester_value': 373.03913}",COMPLETE
136,1005.856667,2026-03-26 04:10:44.583726,2026-03-26 04:11:01.468954,0 days 00:00:16.885228,30,True,False,True,True,True,625,0.25,840,3,6,0.33999999999999997,0.5,0.30000000000000004,"{'start_date': '2021-03-23', 'end_date': '2024-09-16', 'trading_days': 872, 'total_trades': 750, 'win_rate': 0.6733, 'net_profit_brl': 3730.0, 'avg_profit_brl': 4.97, 'avg_win_brl': 34.9, 'avg_loss_brl': -56.71, 'profit_factor': 1.2684, 'max_drawdown_pct': 3.71, 'expected_payoff': 4.97, 'on_tester_value': 1005.856667}",COMPLETE
137,95.34375,2026-03-26 04:11:01.469006,2026-03-26 04:11:17.195256,0 days 00:00:15.726250,36,False,True,False,False,False,760,0.2,655,5,8,0.16,0.55,0.1,"{'start_date': '2021-03-23', 'end_date': '2024-09-16', 'trading_days': 872, 'total_trades': 176, 'win_rate': 0.875, 'net_profit_brl': 225.0, 'avg_profit_brl': 1.28, 'avg_win_brl': 11.46, 'avg_loss_brl': -70.0, 'profit_factor': 1.1461, 'max_drawdown_pct': 2.36, 'expected_payoff': 1.28, 'on_tester_value': 95.34375}",COMPLETE
138,65.445608,2026-03-26 04:11:17.195309,2026-03-26 04:11:33.486690,0 days 00:00:16.291381,28,True,False,True,True,True,675,0.25,775,3,6,0.36,0.5,0.25,"{'start_date': '2021-03-23', 'end_date': '2024-09-16', 'trading_days': 872, 'total_trades': 218, 'win_rate': 0.7064, 'net_profit_brl': 465.0, 'avg_profit_brl': 2.13, 'avg_win_brl': 28.57, 'avg_loss_brl': -61.48, 'profit_factor': 1.1182, 'max_drawdown_pct': 7.11, 'expected_payoff': 2.13, 'on_tester_value': 65.445608}",COMPLETE
139,89.47062,2026-03-26 04:11:33.486748,2026-03-26 04:11:50.306206,0 days 00:00:16.819458,38,True,True,True,False,True,810,0.15,570,4,8,0.33,0.5,0.25,"{'start_date': '2021-03-23', 'end_date': '2024-09-16', 'trading_days': 872, 'total_trades': 1565, 'win_rate': 0.6748, 'net_profit_brl': 1265.0, 'avg_profit_brl': 0.81, 'avg_win_brl': 28.14, 'avg_loss_brl': -55.9, 'profit_factor': 1.0445, 'max_drawdown_pct': 14.14, 'expected_payoff': 0.81, 'on_tester_value': 89.47062}",COMPLETE
140,205.046835,2026-03-26 04:11:50.306268,2026-03-26 04:12:05.713994,0 days 00:00:15.407726,40,True,False,False,True,False,690,0.4,730,6,4,0.23,1.5,0.25,"{'start_date': '2021-03-23', 'end_date': '2024-09-16', 'trading_days': 872, 'total_trades': 67, 'win_rate': 0.8806, 'net_profit_brl': 730.0, 'avg_profit_brl': 10.9, 'avg_win_brl': 30.68, 'avg_loss_brl': -135.0, 'profit_factor': 1.6759, 'max_drawdown_pct': 3.56, 'expected_payoff': 10.9, 'on_tester_value': 205.046835}",COMPLETE
141,154.968354,2026-03-26 04:12:05.714178,2026-03-26 04:12:21.179728,0 days 00:00:15.465550,30,False,True,False,True,True,860,0.4,725,6,6,0.33999999999999997,0.7,0.15000000000000002,"{'start_date': '2021-03-23', 'end_date': '2024-09-16', 'trading_days': 872, 'total_trades': 117, 'win_rate': 0.8718, 'net_profit_brl': 590.0, 'avg_profit_brl': 5.04, 'avg_win_brl': 18.28, 'avg_loss_brl': -85.0, 'profit_factor': 1.4627, 'max_drawdown_pct': 3.81, 'expected_payoff': 5.04, 'on_tester_value': 154.968354}",COMPLETE
142,245.131492,2026-03-26 04:12:21.179793,2026-03-26 04:12:36.887854,0 days 00:00:15.708061,38,True,True,False,True,False,740,0.35,565,1,8,0.1,0.8,0.15000000000000002,"{'start_date': '2021-03-23', 'end_date': '2024-09-16', 'trading_days': 872, 'total_trades': 2599, 'win_rate': 0.8646, 'net_profit_brl': 4170.0, 'avg_profit_brl': 1.6, 'avg_win_brl': 16.61, 'avg_loss_brl': -94.2, 'profit_factor': 1.1258, 'max_drawdown_pct': 17.01, 'expected_payoff': 1.6, 'on_tester_value': 245.131492}",COMPLETE
143,362.490957,2026-03-26 04:12:36.887898,2026-03-26 04:12:52.030704,0 days 00:00:15.142806,36,True,False,False,False,False,675,0.25,615,7,5,0.32,1.4500000000000002,0.30000000000000004,"{'start_date': '2021-03-23', 'end_date': '2024-09-16', 'trading_days': 872, 'total_trades': 103, 'win_rate': 0.9029, 'net_profit_brl': 1605.0, 'avg_profit_brl': 15.58, 'avg_win_brl': 35.05, 'avg_loss_brl': -165.5, 'profit_factor': 1.9698, 'max_drawdown_pct': 4.43, 'expected_payoff': 15.58, 'on_tester_value': 362.490957}",COMPLETE
144,-999.0,2026-03-26 04:12:52.030744,2026-03-26 04:13:07.576974,0 days 00:00:15.546230,24,True,True,False,True,False,830,0.35,815,5,7,0.29000000000000004,0.65,0.1,"{'start_date': '2021-03-23', 'end_date': '2024-09-16', 'trading_days': 872, 'total_trades': 1, 'win_rate': 1.0, 'net_profit_brl': 10.0, 'avg_profit_brl': 10.0, 'avg_win_brl': 10.0, 'avg_loss_brl': 0.0, 'profit_factor': inf, 'max_drawdown_pct': 0.0, 'expected_payoff': 10.0, 'on_tester_value': 0.0}",COMPLETE
145,67.273684,2026-03-26 04:13:07.577039,2026-03-26 04:13:23.887056,0 days 00:00:16.310017,21,False,False,False,True,False,705,0.35,580,5,7,0.16,0.6,0.30000000000000004,"{'start_date': '2021-03-23', 'end_date': '2024-09-16', 'trading_days': 872, 'total_trades': 474, 'win_rate': 0.6709, 'net_profit_brl': 660.0, 'avg_profit_brl': 1.39, 'avg_win_brl': 32.77, 'avg_loss_brl': -62.56, 'profit_factor': 1.0676, 'max_drawdown_pct': 9.81, 'expected_payoff': 1.39, 'on_tester_value': 67.273684}",COMPLETE
146,-90.219579,2026-03-26 04:13:23.887163,2026-03-26 04:13:40.952922,0 days 00:00:17.065759,31,False,True,False,False,True,725,0.2,575,1,8,0.38,0.95,0.5,"{'start_date': '2021-03-23', 'end_date': '2024-09-16', 'trading_days': 872, 'total_trades': 463, 'win_rate': 0.6242, 'net_profit_brl': -2785.0, 'avg_profit_brl': -6.02, 'avg_win_brl': 54.12, 'avg_loss_brl': -105.89, 'profit_factor': 0.8488, 'max_drawdown_pct': 30.87, 'expected_payoff': -6.02, 'on_tester_value': -90.219579}",COMPLETE
147,232.185039,2026-03-26 04:13:40.952982,2026-03-26 04:13:57.220095,0 days 00:00:16.267113,34,False,True,False,True,False,765,0.4,710,3,6,0.13,0.7,0.4,"{'start_date': '2021-03-23', 'end_date': '2024-09-16', 'trading_days': 872, 'total_trades': 209, 'win_rate': 0.6746, 'net_profit_brl': 1250.0, 'avg_profit_brl': 5.98, 'avg_win_brl': 46.81, 'avg_loss_brl': -78.68, 'profit_factor': 1.2336, 'max_drawdown_pct': 5.38, 'expected_payoff': 5.98, 'on_tester_value': 232.185039}",COMPLETE
148,-30.478893,2026-03-26 04:13:57.220163,2026-03-26 04:14:14.104969,0 days 00:00:16.884806,36,True,False,True,False,True,555,0.30000000000000004,790,7,6,0.32,0.5,0.35,"{'start_date': '2021-03-23', 'end_date': '2024-09-16', 'trading_days': 872, 'total_trades': 1309, 'win_rate': 0.5829, 'net_profit_brl': -760.0, 'avg_profit_brl': -0.58, 'avg_win_brl': 39.91, 'avg_loss_brl': -57.16, 'profit_factor': 0.9756, 'max_drawdown_pct': 24.94, 'expected_payoff': -0.58, 'on_tester_value': -30.478893}",COMPLETE
149,-994.0,2026-03-26 04:14:14.105033,2026-03-26 04:14:30.318432,0 days 00:00:16.213399,38,True,False,False,True,False,650,0.4,655,6,8,0.23,1.4500000000000002,0.4,"{'start_date': '2021-03-23', 'end_date': '2024-09-16', 'trading_days': 872, 'total_trades': 6, 'win_rate': 0.8333, 'net_profit_brl': 45.0, 'avg_profit_brl': 7.5, 'avg_win_brl': 42.0, 'avg_loss_brl': -165.0, 'profit_factor': 1.2727, 'max_drawdown_pct': 1.65, 'expected_payoff': 7.5, 'on_tester_value': 27.272727}",COMPLETE
150,244.921545,2026-03-26 04:14:30.318492,2026-03-26 04:14:47.333388,0 days 00:00:17.014896,27,False,False,True,True,True,590,0.2,875,2,6,0.30000000000000004,0.6,0.2,"{'start_date': '2021-03-23', 'end_date': '2024-09-16', 'trading_days': 872, 'total_trades': 1063, 'win_rate': 0.7667, 'net_profit_brl': 1415.0, 'avg_profit_brl': 1.33, 'avg_win_brl': 22.33, 'avg_loss_brl': -67.68, 'profit_factor': 1.0843, 'max_drawdown_pct': 5.78, 'expected_payoff': 1.33, 'on_tester_value': 244.921545}",COMPLETE
151,701.367544,2026-03-26 04:14:47.333440,2026-03-26 04:15:03.453304,0 days 00:00:16.119864,39,True,False,True,True,True,640,0.30000000000000004,880,6,5,0.33999999999999997,0.65,0.2,"{'start_date': '2021-03-23', 'end_date': '2024-09-16', 'trading_days': 872, 'total_trades': 655, 'win_rate': 0.8153, 'net_profit_brl': 3490.0, 'avg_profit_brl': 5.33, 'avg_win_brl': 23.16, 'avg_loss_brl': -73.39, 'profit_factor': 1.393, 'max_drawdown_pct': 4.98, 'expected_payoff': 5.33, 'on_tester_value': 701.367544}",COMPLETE
152,152.819184,2026-03-26 04:15:03.453347,2026-03-26 04:15:19.786188,0 days 00:00:16.332841,38,True,False,True,True,True,610,0.25,850,5,5,0.39,0.6,0.35,"{'start_date': '2021-03-23', 'end_date': '2024-09-16', 'trading_days': 872, 'total_trades': 747, 'win_rate': 0.6546, 'net_profit_brl': 1685.0, 'avg_profit_brl': 2.26, 'avg_win_brl': 39.34, 'avg_loss_brl': -68.02, 'profit_factor': 1.096, 'max_drawdown_pct': 11.03, 'expected_payoff': 2.26, 'on_tester_value': 152.819184}",COMPLETE
153,37.557921,2026-03-26 04:15:19.786231,2026-03-26 04:15:36.131569,0 days 00:00:16.345338,38,True,False,True,True,True,565,0.30000000000000004,815,3,7,0.24000000000000002,0.55,0.2,"{'start_date': '2021-03-23', 'end_date': '2024-09-16', 'trading_days': 872, 'total_trades': 2166, 'win_rate': 0.7345, 'net_profit_brl': 605.0, 'avg_profit_brl': 0.28, 'avg_win_brl': 22.52, 'avg_loss_brl': -61.25, 'profit_factor': 1.0172, 'max_drawdown_pct': 16.11, 'expected_payoff': 0.28, 'on_tester_value': 37.557921}",COMPLETE
154,106.935961,2026-03-26 04:15:36.131631,2026-03-26 04:15:51.938167,0 days 00:00:15.806536,32,True,True,False,True,True,855,0.4,670,1,6,0.18,0.7,0.30000000000000004,"{'start_date': '2021-03-23', 'end_date': '2024-09-16', 'trading_days': 872, 'total_trades': 795, 'win_rate': 0.7107, 'net_profit_brl': 1080.0, 'avg_profit_brl': 1.36, 'avg_win_brl': 35.2, 'avg_loss_brl': -81.78, 'profit_factor': 1.0574, 'max_drawdown_pct': 10.1, 'expected_payoff': 1.36, 'on_tester_value': 106.935961}",COMPLETE
155,974.194565,2026-03-26 04:15:51.938241,2026-03-26 04:16:08.670402,0 days 00:00:16.732161,24,True,False,False,True,False,825,0.25,585,4,6,0.16,0.5,0.1,"{'start_date': '2021-03-23', 'end_date': '2024-09-16', 'trading_days': 872, 'total_trades': 1314, 'win_rate': 0.8896, 'net_profit_brl': 4355.0, 'avg_profit_brl': 3.31, 'avg_win_brl': 11.27, 'avg_loss_brl': -60.79, 'profit_factor': 1.494, 'max_drawdown_pct': 4.47, 'expected_payoff': 3.31, 'on_tester_value': 974.194565}",COMPLETE
156,563.888235,2026-03-26 04:16:08.670443,2026-03-26 04:16:24.477274,0 days 00:00:15.806831,14,True,False,False,True,False,825,0.30000000000000004,665,5,7,0.16,0.8,0.1,"{'start_date': '2021-03-23', 'end_date': '2024-09-16', 'trading_days': 872, 'total_trades': 485, 'win_rate': 0.9258, 'net_profit_brl': 1865.0, 'avg_profit_brl': 3.85, 'avg_win_brl': 12.51, 'avg_loss_brl': -104.17, 'profit_factor': 1.4973, 'max_drawdown_pct': 3.31, 'expected_payoff': 3.85, 'on_tester_value': 563.888235}",COMPLETE
157,545.476923,2026-03-26 04:16:24.477324,2026-03-26 04:16:40.854490,0 days 00:00:16.377166,28,True,False,True,True,True,705,0.4,860,7,5,0.35,1.1,0.35,"{'start_date': '2021-03-23', 'end_date': '2024-09-16', 'trading_days': 872, 'total_trades': 217, 'win_rate': 0.8157, 'net_profit_brl': 2560.0, 'avg_profit_brl': 11.8, 'avg_win_brl': 43.14, 'avg_loss_brl': -126.88, 'profit_factor': 1.5044, 'max_drawdown_pct': 4.69, 'expected_payoff': 11.8, 'on_tester_value': 545.476923}",COMPLETE
158,36.283759,2026-03-26 04:16:40.854556,2026-03-26 04:16:57.153007,0 days 00:00:16.298451,27,True,True,True,True,False,745,0.2,580,2,6,0.16,0.55,0.25,"{'start_date': '2021-03-23', 'end_date': '2024-09-16', 'trading_days': 872, 'total_trades': 2370, 'win_rate': 0.6907, 'net_profit_brl': 455.0, 'avg_profit_brl': 0.19, 'avg_win_brl': 28.08, 'avg_loss_brl': -62.09, 'profit_factor': 1.01, 'max_drawdown_pct': 12.54, 'expected_payoff': 0.19, 'on_tester_value': 36.283759}",COMPLETE
159,513.393865,2026-03-26 04:16:57.153077,2026-03-26 04:17:13.041562,0 days 00:00:15.888485,38,True,False,True,True,False,790,0.30000000000000004,600,5,8,0.16,0.8500000000000001,0.15000000000000002,"{'start_date': '2021-03-23', 'end_date': '2024-09-16', 'trading_days': 872, 'total_trades': 1574, 'win_rate': 0.8717, 'net_profit_brl': 3680.0, 'avg_profit_brl': 2.34, 'avg_win_brl': 17.12, 'avg_loss_brl': -98.07, 'profit_factor': 1.1858, 'max_drawdown_pct': 7.17, 'expected_payoff': 2.34, 'on_tester_value': 513.393865}",COMPLETE
160,562.89899,2026-03-26 04:17:13.041631,2026-03-26 04:17:28.627813,0 days 00:00:15.586182,28,True,False,False,True,False,805,0.15,610,4,7,0.22,0.6,0.15000000000000002,"{'start_date': '2021-03-23', 'end_date': '2024-09-16', 'trading_days': 872, 'total_trades': 683, 'win_rate': 0.8448, 'net_profit_brl': 2660.0, 'avg_profit_brl': 3.89, 'avg_win_brl': 17.09, 'avg_loss_brl': -67.92, 'profit_factor': 1.3694, 'max_drawdown_pct': 4.73, 'expected_payoff': 3.89, 'on_tester_value': 562.89899}",COMPLETE
161,169.622535,2026-03-26 04:17:28.627898,2026-03-26 04:17:45.104577,0 days 00:00:16.476679,36,True,False,True,True,True,690,0.2,885,4,7,0.32,0.6,0.35,"{'start_date': '2021-03-23', 'end_date': '2024-09-16', 'trading_days': 872, 'total_trades': 373, 'win_rate': 0.6434, 'net_profit_brl': 1040.0, 'avg_profit_brl': 2.79, 'avg_win_brl': 42.19, 'avg_loss_brl': -68.31, 'profit_factor': 1.1145, 'max_drawdown_pct': 6.13, 'expected_payoff': 2.79, 'on_tester_value': 169.622535}",COMPLETE
162,1.933019,2026-03-26 04:17:45.104642,2026-03-26 04:18:01.507923,0 days 00:00:16.403281,25,True,False,True,False,True,675,0.25,885,1,7,0.37,0.7,0.2,"{'start_date': '2021-03-23', 'end_date': '2024-09-16', 'trading_days': 872, 'total_trades': 279, 'win_rate': 0.7849, 'net_profit_brl': 15.0, 'avg_profit_brl': 0.05, 'avg_win_brl': 23.93, 'avg_loss_brl': -87.08, 'profit_factor': 1.0029, 'max_drawdown_pct': 7.76, 'expected_payoff': 0.05, 'on_tester_value': 1.933019}",COMPLETE
163,222.681818,2026-03-26 04:18:01.507961,2026-03-26 04:18:17.322956,0 days 00:00:15.814995,34,False,False,False,True,False,700,0.25,625,5,7,0.28,1.4500000000000002,0.15000000000000002,"{'start_date': '2021-03-23', 'end_date': '2024-09-16', 'trading_days': 872, 'total_trades': 136, 'win_rate': 0.9412, 'net_profit_brl': 805.0, 'avg_profit_brl': 5.92, 'avg_win_brl': 15.94, 'avg_loss_brl': -154.38, 'profit_factor': 1.6518, 'max_drawdown_pct': 3.62, 'expected_payoff': 5.92, 'on_tester_value': 222.681818}",COMPLETE
164,151.977119,2026-03-26 04:18:17.323011,2026-03-26 04:18:33.682307,0 days 00:00:16.359296,38,True,False,False,True,False,825,0.2,545,2,8,0.15000000000000002,0.55,0.35,"{'start_date': '2021-03-23', 'end_date': '2024-09-16', 'trading_days': 872, 'total_trades': 2305, 'win_rate': 0.6204, 'net_profit_brl': 1925.0, 'avg_profit_brl': 0.84, 'avg_win_brl': 38.67, 'avg_loss_brl': -61.01, 'profit_factor': 1.0361, 'max_drawdown_pct': 12.67, 'expected_payoff': 0.84, 'on_tester_value': 151.977119}",COMPLETE
165,45.684656,2026-03-26 04:18:33.682373,2026-03-26 04:18:49.645926,0 days 00:00:15.963553,36,False,True,False,False,True,895,0.30000000000000004,635,2,8,0.37,0.95,0.25,"{'start_date': '2021-03-23', 'end_date': '2024-09-16', 'trading_days': 872, 'total_trades': 304, 'win_rate': 0.8026, 'net_profit_brl': 430.0, 'avg_profit_brl': 1.41, 'avg_win_brl': 28.24, 'avg_loss_brl': -107.67, 'profit_factor': 1.0666, 'max_drawdown_pct': 9.41, 'expected_payoff': 1.41, 'on_tester_value': 45.684656}",COMPLETE
166,-37.010129,2026-03-26 04:18:49.645965,2026-03-26 04:19:05.022254,0 days 00:00:15.376289,33,False,False,False,True,False,835,0.35,685,2,8,0.11,0.6,0.45000000000000007,"{'start_date': '2021-03-23', 'end_date': '2024-09-16', 'trading_days': 872, 'total_trades': 279, 'win_rate': 0.5663, 'net_profit_brl': -415.0, 'avg_profit_brl': -1.49, 'avg_win_brl': 50.06, 'avg_loss_brl': -68.8, 'profit_factor': 0.9502, 'max_drawdown_pct': 11.21, 'expected_payoff': -1.49, 'on_tester_value': -37.010129}",COMPLETE
167,76.53685,2026-03-26 04:19:05.022296,2026-03-26 04:19:21.042949,0 days 00:00:16.020653,28,True,False,False,True,False,850,0.35,555,5,6,0.21000000000000002,0.75,0.1,"{'start_date': '2021-03-23', 'end_date': '2024-09-16', 'trading_days': 872, 'total_trades': 1241, 'win_rate': 0.9009, 'net_profit_brl': 1275.0, 'avg_profit_brl': 1.03, 'avg_win_brl': 11.13, 'avg_loss_brl': -90.81, 'profit_factor': 1.1141, 'max_drawdown_pct': 16.66, 'expected_payoff': 1.03, 'on_tester_value': 76.53685}",COMPLETE
168,655.33245,2026-03-26 04:19:21.042989,2026-03-26 04:19:36.768499,0 days 00:00:15.725510,40,False,True,False,True,False,725,0.30000000000000004,570,11,6,0.18,0.8500000000000001,0.2,"{'start_date': '2021-03-23', 'end_date': '2024-09-16', 'trading_days': 872, 'total_trades': 1068, 'win_rate': 0.8361, 'net_profit_brl': 3680.0, 'avg_profit_brl': 3.45, 'avg_win_brl': 21.79, 'avg_loss_brl': -90.14, 'profit_factor': 1.2333, 'max_drawdown_pct': 5.62, 'expected_payoff': 3.45, 'on_tester_value': 655.33245}",COMPLETE
169,586.529801,2026-03-26 04:19:36.768565,2026-03-26 04:19:51.905340,0 days 00:00:15.136775,32,False,True,False,True,False,780,0.4,605,13,5,0.16,1.1,0.2,"{'start_date': '2021-03-23', 'end_date': '2024-09-16', 'trading_days': 872, 'total_trades': 792, 'win_rate': 0.8801, 'net_profit_brl': 4350.0, 'avg_profit_brl': 5.49, 'avg_win_brl': 22.59, 'avg_loss_brl': -119.95, 'profit_factor': 1.3817, 'max_drawdown_pct': 7.42, 'expected_payoff': 5.49, 'on_tester_value': 586.529801}",COMPLETE
170,647.51281,2026-03-26 04:19:51.905404,2026-03-26 04:20:07.774450,0 days 00:00:15.869046,39,False,True,False,True,False,705,0.30000000000000004,560,11,3,0.24000000000000002,0.95,0.25,"{'start_date': '2021-03-23', 'end_date': '2024-09-16', 'trading_days': 872, 'total_trades': 862, 'win_rate': 0.819, 'net_profit_brl': 3835.0, 'avg_profit_brl': 4.45, 'avg_win_brl': 27.36, 'avg_loss_brl': -99.23, 'profit_factor': 1.2477, 'max_drawdown_pct': 5.92, 'expected_payoff': 4.45, 'on_tester_value': 647.51281}",COMPLETE
171,28.839706,2026-03-26 04:20:07.774522,2026-03-26 04:20:23.880479,0 days 00:00:16.105957,37,False,True,False,True,False,580,0.4,545,13,3,0.23,0.95,0.25,"{'start_date': '2021-03-23', 'end_date': '2024-09-16', 'trading_days': 872, 'total_trades': 146, 'win_rate': 0.7877, 'net_profit_brl': 225.0, 'avg_profit_brl': 1.54, 'avg_win_brl': 29.22, 'avg_loss_brl': -101.13, 'profit_factor': 1.0718, 'max_drawdown_pct': 7.8, 'expected_payoff': 1.54, 'on_tester_value': 28.839706}",COMPLETE
172,392.670085,2026-03-26 04:20:23.880541,2026-03-26 04:20:40.218098,0 days 00:00:16.337557,35,False,True,False,True,False,735,0.2,555,6,3,0.23,1.0,0.30000000000000004,"{'start_date': '2021-03-23', 'end_date': '2024-09-16', 'trading_days': 872, 'total_trades': 1229, 'win_rate': 0.7917, 'net_profit_brl': 4480.0, 'avg_profit_brl': 3.65, 'avg_win_brl': 32.55, 'avg_loss_brl': -106.21, 'profit_factor': 1.1648, 'max_drawdown_pct': 11.41, 'expected_payoff': 3.65, 'on_tester_value': 392.670085}",COMPLETE
173,46.800746,2026-03-26 04:20:40.218139,2026-03-26 04:20:57.209102,0 days 00:00:16.990963,35,False,True,False,True,False,600,0.4,545,7,7,0.16,0.8,0.15000000000000002,"{'start_date': '2021-03-23', 'end_date': '2024-09-16', 'trading_days': 872, 'total_trades': 389, 'win_rate': 0.8586, 'net_profit_brl': 310.0, 'avg_profit_brl': 0.8, 'avg_win_brl': 16.63, 'avg_loss_brl': -95.36, 'profit_factor': 1.0591, 'max_drawdown_pct': 6.62, 'expected_payoff': 0.8, 'on_tester_value': 46.800746}",COMPLETE
174,168.826389,2026-03-26 04:20:57.209168,2026-03-26 04:21:12.858843,0 days 00:00:15.649675,39,False,True,False,True,False,765,0.25,630,12,7,0.28,0.8500000000000001,0.15000000000000002,"{'start_date': '2021-03-23', 'end_date': '2024-09-16', 'trading_days': 872, 'total_trades': 330, 'win_rate': 0.8848, 'net_profit_brl': 1150.0, 'avg_profit_brl': 3.48, 'avg_win_brl': 16.49, 'avg_loss_brl': -96.45, 'profit_factor': 1.3138, 'max_drawdown_pct': 6.81, 'expected_payoff': 3.48, 'on_tester_value': 168.826389}",COMPLETE
175,528.958468,2026-03-26 04:21:12.858905,2026-03-26 04:21:28.941851,0 days 00:00:16.082946,23,True,True,True,True,True,850,0.4,670,7,8,0.27,0.7,0.2,"{'start_date': '2021-03-23', 'end_date': '2024-09-16', 'trading_days': 872, 'total_trades': 631, 'win_rate': 0.8241, 'net_profit_brl': 3055.0, 'avg_profit_brl': 4.84, 'avg_win_brl': 24.07, 'avg_loss_brl': -85.23, 'profit_factor': 1.3229, 'max_drawdown_pct': 5.78, 'expected_payoff': 4.84, 'on_tester_value': 528.958468}",COMPLETE
176,731.51831,2026-03-26 04:21:28.941917,2026-03-26 04:21:45.644133,0 days 00:00:16.702216,34,False,True,True,True,True,635,0.30000000000000004,890,7,4,0.33999999999999997,0.8500000000000001,0.30000000000000004,"{'start_date': '2021-03-23', 'end_date': '2024-09-16', 'trading_days': 872, 'total_trades': 703, 'win_rate': 0.7781, 'net_profit_brl': 4045.0, 'avg_profit_brl': 5.75, 'avg_win_brl': 34.67, 'avg_loss_brl': -95.64, 'profit_factor': 1.2711, 'max_drawdown_pct': 5.53, 'expected_payoff': 5.75, 'on_tester_value': 731.51831}",COMPLETE
177,162.904938,2026-03-26 04:21:45.644228,2026-03-26 04:22:01.791266,0 days 00:00:16.147038,39,False,False,False,True,False,735,0.25,685,6,8,0.21000000000000002,0.75,0.6,"{'start_date': '2021-03-23', 'end_date': '2024-09-16', 'trading_days': 872, 'total_trades': 58, 'win_rate': 0.6207, 'net_profit_brl': 635.0, 'avg_profit_brl': 10.95, 'avg_win_brl': 67.64, 'avg_loss_brl': -81.82, 'profit_factor': 1.3528, 'max_drawdown_pct': 3.9, 'expected_payoff': 10.95, 'on_tester_value': 162.904938}",COMPLETE
178,63.510791,2026-03-26 04:22:01.791388,2026-03-26 04:22:17.279021,0 days 00:00:15.487633,34,False,True,True,True,True,670,0.4,850,7,3,0.38,0.95,0.25,"{'start_date': '2021-03-23', 'end_date': '2024-09-16', 'trading_days': 872, 'total_trades': 305, 'win_rate': 0.7967, 'net_profit_brl': 400.0, 'avg_profit_brl': 1.31, 'avg_win_brl': 29.84, 'avg_loss_brl': -110.48, 'profit_factor': 1.0584, 'max_drawdown_pct': 6.3, 'expected_payoff': 1.31, 'on_tester_value': 63.510791}",COMPLETE
179,491.247692,2026-03-26 04:22:17.279085,2026-03-26 04:22:34.148517,0 days 00:00:16.869432,32,False,True,True,True,True,655,0.2,825,4,6,0.30000000000000004,1.05,0.4,"{'start_date': '2021-03-23', 'end_date': '2024-09-16', 'trading_days': 872, 'total_trades': 535, 'win_rate': 0.757, 'net_profit_brl': 3060.0, 'avg_profit_brl': 5.72, 'avg_win_brl': 46.42, 'avg_loss_brl': -121.08, 'profit_factor': 1.1944, 'max_drawdown_pct': 6.23, 'expected_payoff': 5.72, 'on_tester_value': 491.247692}",COMPLETE
180,243.430556,2026-03-26 04:22:34.148587,2026-03-26 04:22:49.964882,0 days 00:00:15.816295,35,False,True,False,False,False,770,0.45000000000000007,615,12,6,0.17,0.65,0.4,"{'start_date': '2021-03-23', 'end_date': '2024-09-16', 'trading_days': 872, 'total_trades': 278, 'win_rate': 0.6439, 'net_profit_brl': 850.0, 'avg_profit_brl': 3.06, 'avg_win_brl': 45.98, 'avg_loss_brl': -74.55, 'profit_factor': 1.1152, 'max_drawdown_pct': 3.49, 'expected_payoff': 3.06, 'on_tester_value': 243.430556}",COMPLETE
181,773.240541,2026-03-26 04:22:49.964937,2026-03-26 04:23:06.472040,0 days 00:00:16.507103,32,False,True,True,True,True,600,0.2,890,6,4,0.32,0.8,0.2,"{'start_date': '2021-03-23', 'end_date': '2024-09-16', 'trading_days': 872, 'total_trades': 1166, 'win_rate': 0.8268, 'net_profit_brl': 3410.0, 'avg_profit_brl': 2.92, 'avg_win_brl': 22.47, 'avg_loss_brl': -90.35, 'profit_factor': 1.1868, 'max_drawdown_pct': 4.41, 'expected_payoff': 2.92, 'on_tester_value': 773.240541}",COMPLETE
182,-29.588235,2026-03-26 04:23:06.472102,2026-03-26 04:23:23.037077,0 days 00:00:16.564975,36,False,True,True,True,True,570,0.2,835,4,3,0.4,0.55,0.15000000000000002,"{'start_date': '2021-03-23', 'end_date': '2024-09-16', 'trading_days': 872, 'total_trades': 1247, 'win_rate': 0.7875, 'net_profit_brl': -425.0, 'avg_profit_brl': -0.34, 'avg_win_brl': 16.41, 'avg_loss_brl': -62.4, 'profit_factor': 0.9743, 'max_drawdown_pct': 14.36, 'expected_payoff': -0.34, 'on_tester_value': -29.588235}",COMPLETE
183,90.149051,2026-03-26 04:23:23.037145,2026-03-26 04:23:38.806822,0 days 00:00:15.769677,24,True,False,False,True,False,810,0.25,585,6,5,0.11,0.5,0.1,"{'start_date': '2021-03-23', 'end_date': '2024-09-16', 'trading_days': 872, 'total_trades': 1720, 'win_rate': 0.8599, 'net_profit_brl': 1345.0, 'avg_profit_brl': 0.78, 'avg_win_brl': 11.13, 'avg_loss_brl': -62.74, 'profit_factor': 1.089, 'max_drawdown_pct': 14.92, 'expected_payoff': 0.78, 'on_tester_value': 90.149051}",COMPLETE
184,957.612992,2026-03-26 04:23:38.806891,2026-03-26 04:23:56.278437,0 days 00:00:17.471546,33,False,True,True,True,True,615,0.2,850,9,3,0.33,0.8,0.25,"{'start_date': '2021-03-23', 'end_date': '2024-09-16', 'trading_days': 872, 'total_trades': 887, 'win_rate': 0.7948, 'net_profit_brl': 4155.0, 'avg_profit_brl': 4.68, 'avg_win_brl': 28.5, 'avg_loss_brl': -87.58, 'profit_factor': 1.2607, 'max_drawdown_pct': 4.34, 'expected_payoff': 4.68, 'on_tester_value': 957.612992}",COMPLETE
185,547.772327,2026-03-26 04:23:56.278484,2026-03-26 04:24:12.221595,0 days 00:00:15.943111,40,False,True,False,True,True,730,0.45000000000000007,600,11,6,0.14,0.8,0.2,"{'start_date': '2021-03-23', 'end_date': '2024-09-16', 'trading_days': 872, 'total_trades': 1132, 'win_rate': 0.826, 'net_profit_brl': 3245.0, 'avg_profit_brl': 2.87, 'avg_win_brl': 22.05, 'avg_loss_brl': -88.17, 'profit_factor': 1.1868, 'max_drawdown_pct': 5.92, 'expected_payoff': 2.87, 'on_tester_value': 547.772327}",COMPLETE
186,48.069702,2026-03-26 04:24:12.221657,2026-03-26 04:24:29.003587,0 days 00:00:16.781930,37,False,True,True,True,True,550,0.45000000000000007,885,3,3,0.30000000000000004,0.5,0.65,"{'start_date': '2021-03-23', 'end_date': '2024-09-16', 'trading_days': 872, 'total_trades': 1263, 'win_rate': 0.4394, 'net_profit_brl': 1140.0, 'avg_profit_brl': 0.9, 'avg_win_brl': 73.99, 'avg_loss_brl': -56.39, 'profit_factor': 1.0286, 'max_drawdown_pct': 23.72, 'expected_payoff': 0.9, 'on_tester_value': 48.069702}",COMPLETE
187,227.325562,2026-03-26 04:24:29.003634,2026-03-26 04:24:45.244454,0 days 00:00:16.240820,36,False,True,True,True,True,670,0.2,865,12,4,0.22,0.8,0.2,"{'start_date': '2021-03-23', 'end_date': '2024-09-16', 'trading_days': 872, 'total_trades': 727, 'win_rate': 0.8239, 'net_profit_brl': 1915.0, 'avg_profit_brl': 2.63, 'avg_win_brl': 23.25, 'avg_loss_brl': -93.83, 'profit_factor': 1.1595, 'max_drawdown_pct': 8.42, 'expected_payoff': 2.63, 'on_tester_value': 227.325562}",COMPLETE
188,173.487273,2026-03-26 04:24:45.244504,2026-03-26 04:25:01.908942,0 days 00:00:16.664438,40,False,True,False,True,True,565,0.2,895,3,5,0.32,1.0,0.15000000000000002,"{'start_date': '2021-03-23', 'end_date': '2024-09-16', 'trading_days': 872, 'total_trades': 1355, 'win_rate': 0.8804, 'net_profit_brl': 1620.0, 'avg_profit_brl': 1.2, 'avg_win_brl': 16.38, 'avg_loss_brl': -110.62, 'profit_factor': 1.0904, 'max_drawdown_pct': 9.34, 'expected_payoff': 1.2, 'on_tester_value': 173.487273}",COMPLETE
189,471.0375,2026-03-26 04:25:01.909010,2026-03-26 04:25:17.118544,0 days 00:00:15.209534,33,False,True,False,True,True,650,0.2,780,12,3,0.30000000000000004,0.8,0.1,"{'start_date': '2021-03-23', 'end_date': '2024-09-16', 'trading_days': 872, 'total_trades': 348, 'win_rate': 0.9282, 'net_profit_brl': 1325.0, 'avg_profit_brl': 3.81, 'avg_win_brl': 11.21, 'avg_loss_brl': -91.8, 'profit_factor': 1.5773, 'max_drawdown_pct': 2.81, 'expected_payoff': 3.81, 'on_tester_value': 471.0375}",COMPLETE
190,622.004717,2026-03-26 04:25:17.118594,2026-03-26 04:25:33.736209,0 days 00:00:16.617615,32,False,False,True,True,True,640,0.2,895,8,4,0.37,0.8500000000000001,0.30000000000000004,"{'start_date': '2021-03-23', 'end_date': '2024-09-16', 'trading_days': 872, 'total_trades': 464, 'win_rate': 0.7802, 'net_profit_brl': 2950.0, 'avg_profit_brl': 6.36, 'avg_win_brl': 34.88, 'avg_loss_brl': -94.85, 'profit_factor': 1.3049, 'max_drawdown_pct': 4.74, 'expected_payoff': 6.36, 'on_tester_value': 622.004717}",COMPLETE
191,693.28506,2026-03-26 04:25:33.736269,2026-03-26 04:25:50.835069,0 days 00:00:17.098800,37,True,True,True,True,True,600,0.25,835,5,4,0.30000000000000004,0.8,0.30000000000000004,"{'start_date': '2021-03-23', 'end_date': '2024-09-16', 'trading_days': 872, 'total_trades': 1448, 'win_rate': 0.7597, 'net_profit_brl': 5865.0, 'avg_profit_brl': 4.05, 'avg_win_brl': 34.0, 'avg_loss_brl': -90.63, 'profit_factor': 1.186, 'max_drawdown_pct': 8.46, 'expected_payoff': 4.05, 'on_tester_value': 693.28506}",COMPLETE
192,271.54717,2026-03-26 04:25:50.835136,2026-03-26 04:26:08.106749,0 days 00:00:17.271613,34,True,True,True,True,True,605,0.30000000000000004,855,7,3,0.39,0.95,0.7000000000000001,"{'start_date': '2021-03-23', 'end_date': '2024-09-16', 'trading_days': 872, 'total_trades': 957, 'win_rate': 0.5893, 'net_profit_brl': 3360.0, 'avg_profit_brl': 3.51, 'avg_win_brl': 80.4, 'avg_loss_brl': -106.83, 'profit_factor': 1.08, 'max_drawdown_pct': 12.37, 'expected_payoff': 3.51, 'on_tester_value': 271.54717}",COMPLETE
193,245.740957,2026-03-26 04:26:08.106807,2026-03-26 04:26:24.364754,0 days 00:00:16.257947,30,False,True,True,True,True,705,0.2,805,6,3,0.36,0.95,0.2,"{'start_date': '2021-03-23', 'end_date': '2024-09-16', 'trading_days': 872, 'total_trades': 142, 'win_rate': 0.8873, 'net_profit_brl': 1085.0, 'avg_profit_brl': 7.64, 'avg_win_brl': 22.82, 'avg_loss_brl': -111.88, 'profit_factor': 1.6061, 'max_drawdown_pct': 4.42, 'expected_payoff': 7.64, 'on_tester_value': 245.740957}",COMPLETE
194,194.548985,2026-03-26 04:26:24.364799,2026-03-26 04:26:40.644570,0 days 00:00:16.279771,40,True,False,True,True,True,670,0.30000000000000004,895,7,5,0.24000000000000002,0.75,0.2,"{'start_date': '2021-03-23', 'end_date': '2024-09-16', 'trading_days': 872, 'total_trades': 699, 'win_rate': 0.814, 'net_profit_brl': 1735.0, 'avg_profit_brl': 2.48, 'avg_win_brl': 23.46, 'avg_loss_brl': -89.35, 'profit_factor': 1.1494, 'max_drawdown_pct': 8.92, 'expected_payoff': 2.48, 'on_tester_value': 194.548985}",COMPLETE
195,910.786014,2026-03-26 04:26:40.644635,2026-03-26 04:26:57.956320,0 days 00:00:17.311685,39,True,True,True,True,True,580,0.30000000000000004,830,3,5,0.33999999999999997,0.9,0.2,"{'start_date': '2021-03-23', 'end_date': '2024-09-16', 'trading_days': 872, 'total_trades': 1503, 'win_rate': 0.8456, 'net_profit_brl': 5680.0, 'avg_profit_brl': 3.78, 'avg_win_brl': 22.61, 'avg_loss_brl': -99.38, 'profit_factor': 1.2464, 'max_drawdown_pct': 6.24, 'expected_payoff': 3.78, 'on_tester_value': 910.786014}",COMPLETE
196,292.874615,2026-03-26 04:26:57.956386,2026-03-26 04:27:14.942901,0 days 00:00:16.986515,36,True,True,True,True,False,585,0.30000000000000004,850,2,5,0.35,0.8,0.15000000000000002,"{'start_date': '2021-03-23', 'end_date': '2024-09-16', 'trading_days': 872, 'total_trades': 1087, 'win_rate': 0.862, 'net_profit_brl': 2495.0, 'avg_profit_brl': 2.3, 'avg_win_brl': 17.13, 'avg_loss_brl': -90.4, 'profit_factor': 1.184, 'max_drawdown_pct': 8.52, 'expected_payoff': 2.3, 'on_tester_value': 292.874615}",COMPLETE
197,590.285294,2026-03-26 04:27:14.942970,2026-03-26 04:27:34.445186,0 days 00:00:19.502216,37,True,True,True,True,True,625,0.15,820,4,4,0.26,0.8,0.4,"{'start_date': '2021-03-23', 'end_date': '2024-09-16', 'trading_days': 872, 'total_trades': 1213, 'win_rate': 0.6941, 'net_profit_brl': 4655.0, 'avg_profit_brl': 3.84, 'avg_win_brl': 45.55, 'avg_loss_brl': -90.84, 'profit_factor': 1.1381, 'max_drawdown_pct': 7.89, 'expected_payoff': 3.84, 'on_tester_value': 590.285294}",COMPLETE
198,924.37449,2026-03-26 04:27:34.445302,2026-03-26 04:27:52.654248,0 days 00:00:18.208946,35,True,True,False,True,True,590,0.35,800,3,4,0.33,0.55,0.6,"{'start_date': '2021-03-23', 'end_date': '2024-09-16', 'trading_days': 872, 'total_trades': 977, 'win_rate': 0.5159, 'net_profit_brl': 5585.0, 'avg_profit_brl': 5.72, 'avg_win_brl': 68.76, 'avg_loss_brl': -61.46, 'profit_factor': 1.1921, 'max_drawdown_pct': 6.04, 'expected_payoff': 5.72, 'on_tester_value': 924.37449}",COMPLETE
199,293.8175,2026-03-26 04:27:52.654378,2026-03-26 04:28:12.124768,0 days 00:00:19.470390,38,True,True,True,True,True,580,0.35,880,5,6,0.39,0.9,0.1,"{'start_date': '2021-03-23', 'end_date': '2024-09-16', 'trading_days': 872, 'total_trades': 1240, 'win_rate': 0.9258, 'net_profit_brl': 2785.0, 'avg_profit_brl': 2.25, 'avg_win_brl': 11.21, 'avg_loss_brl': -109.62, 'profit_factor': 1.2762, 'max_drawdown_pct': 9.48, 'expected_payoff': 2.25, 'on_tester_value': 293.8175}",COMPLETE
200,653.373494,2026-03-26 04:28:12.124841,2026-03-26 04:28:30.496064,0 days 00:00:18.371223,39,True,True,False,True,True,585,0.35,780,2,5,0.33999999999999997,0.7,0.75,"{'start_date': '2021-03-23', 'end_date': '2024-09-16', 'trading_days': 872, 'total_trades': 935, 'win_rate': 0.5176, 'net_profit_brl': 5610.0, 'avg_profit_brl': 6.0, 'avg_win_brl': 84.24, 'avg_loss_brl': -77.96, 'profit_factor': 1.1596, 'max_drawdown_pct': 8.59, 'expected_payoff': 6.0, 'on_tester_value': 653.373494}",COMPLETE
201,645.21,2026-03-26 04:28:30.496105,2026-03-26 04:28:48.234305,0 days 00:00:17.738200,32,False,True,True,True,False,585,0.2,890,6,5,0.28,0.9,0.4,"{'start_date': '2021-03-23', 'end_date': '2024-09-16', 'trading_days': 872, 'total_trades': 1186, 'win_rate': 0.7243, 'net_profit_brl': 6030.0, 'avg_profit_brl': 5.08, 'avg_win_brl': 44.91, 'avg_loss_brl': -99.53, 'profit_factor': 1.1853, 'max_drawdown_pct': 9.35, 'expected_payoff': 5.08, 'on_tester_value': 645.21}",COMPLETE
202,293.18966,2026-03-26 04:28:48.234346,2026-03-26 04:29:05.372218,0 days 00:00:17.137872,40,False,True,False,False,True,730,0.30000000000000004,585,3,7,0.13,1.35,0.35,"{'start_date': '2021-03-23', 'end_date': '2024-09-16', 'trading_days': 872, 'total_trades': 1194, 'win_rate': 0.8132, 'net_profit_brl': 3655.0, 'avg_profit_brl': 3.06, 'avg_win_brl': 38.2, 'avg_loss_brl': -149.96, 'profit_factor': 1.1093, 'max_drawdown_pct': 12.47, 'expected_payoff': 3.06, 'on_tester_value': 293.18966}",COMPLETE
203,866.234432,2026-03-26 04:29:05.372275,2026-03-26 04:29:23.982420,0 days 00:00:18.610145,26,False,True,True,True,True,575,0.25,835,7,4,0.27,0.8500000000000001,0.55,"{'start_date': '2021-03-23', 'end_date': '2024-09-16', 'trading_days': 872, 'total_trades': 1755, 'win_rate': 0.6382, 'net_profit_brl': 9325.0, 'avg_profit_brl': 5.31, 'avg_win_brl': 61.92, 'avg_loss_brl': -94.52, 'profit_factor': 1.1554, 'max_drawdown_pct': 10.76, 'expected_payoff': 5.31, 'on_tester_value': 866.234432}",COMPLETE
204,307.395109,2026-03-26 04:29:23.982500,2026-03-26 04:29:44.686819,0 days 00:00:20.704319,36,False,True,False,True,True,835,0.2,570,1,8,0.21000000000000002,1.25,0.15000000000000002,"{'start_date': '2021-03-23', 'end_date': '2024-09-16', 'trading_days': 872, 'total_trades': 1829, 'win_rate': 0.9087, 'net_profit_brl': 3395.0, 'avg_profit_brl': 1.86, 'avg_win_brl': 16.31, 'avg_loss_brl': -141.98, 'profit_factor': 1.1432, 'max_drawdown_pct': 11.04, 'expected_payoff': 1.86, 'on_tester_value': 307.395109}",COMPLETE
205,-6.366876,2026-03-26 04:29:44.686883,2026-03-26 04:30:05.251073,0 days 00:00:20.564190,31,False,True,True,True,True,560,0.30000000000000004,805,8,3,0.19,0.75,0.55,"{'start_date': '2021-03-23', 'end_date': '2024-09-16', 'trading_days': 872, 'total_trades': 2647, 'win_rate': 0.5746, 'net_profit_brl': -165.0, 'avg_profit_brl': -0.06, 'avg_win_brl': 61.34, 'avg_loss_brl': -83.0, 'profit_factor': 0.9982, 'max_drawdown_pct': 25.92, 'expected_payoff': -0.06, 'on_tester_value': -6.366876}",COMPLETE
206,213.736306,2026-03-26 04:30:05.251146,2026-03-26 04:30:24.908588,0 days 00:00:19.657442,33,False,True,False,True,True,630,0.30000000000000004,725,1,5,0.36,0.55,0.5,"{'start_date': '2021-03-23', 'end_date': '2024-09-16', 'trading_days': 872, 'total_trades': 295, 'win_rate': 0.5763, 'net_profit_brl': 1540.0, 'avg_profit_brl': 5.22, 'avg_win_brl': 54.26, 'avg_loss_brl': -61.48, 'profit_factor': 1.2004, 'max_drawdown_pct': 7.21, 'expected_payoff': 5.22, 'on_tester_value': 213.736306}",COMPLETE
207,139.171186,2026-03-26 04:30:24.908654,2026-03-26 04:30:45.500855,0 days 00:00:20.592201,39,False,True,False,True,True,875,0.30000000000000004,650,3,6,0.14,1.4,0.5,"{'start_date': '2021-03-23', 'end_date': '2024-09-16', 'trading_days': 872, 'total_trades': 1098, 'win_rate': 0.7505, 'net_profit_brl': 3140.0, 'avg_profit_brl': 2.86, 'avg_win_brl': 55.98, 'avg_loss_brl': -156.88, 'profit_factor': 1.073, 'max_drawdown_pct': 22.56, 'expected_payoff': 2.86, 'on_tester_value': 139.171186}",COMPLETE
208,667.982237,2026-03-26 04:30:45.500958,2026-03-26 04:31:04.843848,0 days 00:00:19.342890,28,False,True,True,True,True,610,0.30000000000000004,870,3,4,0.31,0.8500000000000001,0.30000000000000004,"{'start_date': '2021-03-23', 'end_date': '2024-09-16', 'trading_days': 872, 'total_trades': 1018, 'win_rate': 0.7623, 'net_profit_brl': 3830.0, 'avg_profit_brl': 3.76, 'avg_win_brl': 34.49, 'avg_loss_brl': -94.77, 'profit_factor': 1.167, 'max_drawdown_pct': 5.73, 'expected_payoff': 3.76, 'on_tester_value': 667.982237}",COMPLETE
209,482.55974,2026-03-26 04:31:04.843908,2026-03-26 04:31:22.956475,0 days 00:00:18.112567,36,True,True,False,True,True,635,0.30000000000000004,770,3,3,0.32,0.55,0.55,"{'start_date': '2021-03-23', 'end_date': '2024-09-16', 'trading_days': 872, 'total_trades': 527, 'win_rate': 0.5465, 'net_profit_brl': 3165.0, 'avg_profit_brl': 6.01, 'avg_win_brl': 62.22, 'avg_loss_brl': -61.74, 'profit_factor': 1.2145, 'max_drawdown_pct': 6.56, 'expected_payoff': 6.01, 'on_tester_value': 482.55974}",COMPLETE
210,365.503003,2026-03-26 04:31:22.956538,2026-03-26 04:31:41.276039,0 days 00:00:18.319501,39,True,True,True,True,True,550,0.25,880,5,5,0.26,1.15,0.15000000000000002,"{'start_date': '2021-03-23', 'end_date': '2024-09-16', 'trading_days': 872, 'total_trades': 3258, 'win_rate': 0.8987, 'net_profit_brl': 6105.0, 'avg_profit_brl': 1.87, 'avg_win_brl': 16.69, 'avg_loss_brl': -129.56, 'profit_factor': 1.1428, 'max_drawdown_pct': 16.7, 'expected_payoff': 1.87, 'on_tester_value': 365.503003}",COMPLETE
211,89.772075,2026-03-26 04:31:41.276122,2026-03-26 04:31:58.707666,0 days 00:00:17.431544,29,False,True,True,True,True,675,0.30000000000000004,835,1,3,0.22,0.8500000000000001,0.25,"{'start_date': '2021-03-23', 'end_date': '2024-09-16', 'trading_days': 872, 'total_trades': 606, 'win_rate': 0.7855, 'net_profit_brl': 1135.0, 'avg_profit_brl': 1.87, 'avg_win_brl': 29.54, 'avg_loss_brl': -99.42, 'profit_factor': 1.0878, 'max_drawdown_pct': 12.64, 'expected_payoff': 1.87, 'on_tester_value': 89.772075}",COMPLETE
212,327.639286,2026-03-26 04:31:58.707722,2026-03-26 04:32:15.983913,0 days 00:00:17.276191,30,False,True,False,True,False,765,0.25,605,1,7,0.16,0.65,0.45000000000000007,"{'start_date': '2021-03-23', 'end_date': '2024-09-16', 'trading_days': 872, 'total_trades': 863, 'win_rate': 0.6118, 'net_profit_brl': 2305.0, 'avg_profit_brl': 2.67, 'avg_win_brl': 50.04, 'avg_loss_brl': -71.99, 'profit_factor': 1.0956, 'max_drawdown_pct': 7.04, 'expected_payoff': 2.67, 'on_tester_value': 327.639286}",COMPLETE
213,1414.6875,2026-03-26 04:32:15.983981,2026-03-26 04:32:34.109148,0 days 00:00:18.125167,40,True,True,True,False,True,595,0.30000000000000004,865,4,3,0.29000000000000004,0.8,0.15000000000000002,"{'start_date': '2021-03-23', 'end_date': '2024-09-16', 'trading_days': 872, 'total_trades': 1288, 'win_rate': 0.8804, 'net_profit_brl': 5030.0, 'avg_profit_brl': 3.91, 'avg_win_brl': 17.09, 'avg_loss_brl': -93.15, 'profit_factor': 1.3506, 'max_drawdown_pct': 3.56, 'expected_payoff': 3.91, 'on_tester_value': 1414.6875}",COMPLETE
214,515.208738,2026-03-26 04:32:34.109223,2026-03-26 04:32:51.627872,0 days 00:00:17.518649,37,True,True,True,False,True,615,0.25,875,9,3,0.36,0.9,0.1,"{'start_date': '2021-03-23', 'end_date': '2024-09-16', 'trading_days': 872, 'total_trades': 812, 'win_rate': 0.9273, 'net_profit_brl': 2515.0, 'avg_profit_brl': 3.1, 'avg_win_brl': 11.49, 'avg_loss_brl': -104.07, 'profit_factor': 1.4096, 'max_drawdown_pct': 4.88, 'expected_payoff': 3.1, 'on_tester_value': 515.208738}",COMPLETE
215,72.631508,2026-03-26 04:32:51.627920,2026-03-26 04:33:09.087737,0 days 00:00:17.459817,21,False,True,True,False,True,555,0.25,790,10,5,0.28,0.8,0.8,"{'start_date': '2021-03-23', 'end_date': '2024-09-16', 'trading_days': 872, 'total_trades': 1529, 'win_rate': 0.5003, 'net_profit_brl': 1425.0, 'avg_profit_brl': 0.93, 'avg_win_brl': 91.07, 'avg_loss_brl': -89.32, 'profit_factor': 1.0209, 'max_drawdown_pct': 19.62, 'expected_payoff': 0.93, 'on_tester_value': 72.631508}",COMPLETE
216,257.160669,2026-03-26 04:33:09.087803,2026-03-26 04:33:26.647848,0 days 00:00:17.560045,29,True,True,True,False,True,620,0.35,885,1,3,0.23,0.75,0.15000000000000002,"{'start_date': '2021-03-23', 'end_date': '2024-09-16', 'trading_days': 872, 'total_trades': 1232, 'win_rate': 0.8547, 'net_profit_brl': 2860.0, 'avg_profit_brl': 2.32, 'avg_win_brl': 17.57, 'avg_loss_brl': -87.37, 'profit_factor': 1.1829, 'max_drawdown_pct': 11.12, 'expected_payoff': 2.32, 'on_tester_value': 257.160669}",COMPLETE
217,716.578158,2026-03-26 04:33:26.647925,2026-03-26 04:33:43.904091,0 days 00:00:17.256166,26,False,True,True,True,True,605,0.15,885,9,4,0.31,0.8500000000000001,0.30000000000000004,"{'start_date': '2021-03-23', 'end_date': '2024-09-16', 'trading_days': 872, 'total_trades': 1118, 'win_rate': 0.7639, 'net_profit_brl': 4595.0, 'avg_profit_brl': 4.11, 'avg_win_brl': 34.52, 'avg_loss_brl': -94.26, 'profit_factor': 1.1846, 'max_drawdown_pct': 6.41, 'expected_payoff': 4.11, 'on_tester_value': 716.578158}",COMPLETE
218,613.068116,2026-03-26 04:33:43.904134,2026-03-26 04:34:05.265237,0 days 00:00:21.361103,27,True,True,False,True,True,775,0.45000000000000007,605,1,8,0.27,1.0,0.6,"{'start_date': '2021-03-23', 'end_date': '2024-09-16', 'trading_days': 872, 'total_trades': 834, 'win_rate': 0.6607, 'net_profit_brl': 6230.0, 'avg_profit_brl': 7.47, 'avg_win_brl': 70.02, 'avg_loss_brl': -114.31, 'profit_factor': 1.1926, 'max_drawdown_pct': 10.16, 'expected_payoff': 7.47, 'on_tester_value': 613.068116}",COMPLETE
219,-994.0,2026-03-26 04:34:05.265302,2026-03-26 04:34:26.497754,0 days 00:00:21.232452,34,True,True,True,False,True,780,0.30000000000000004,800,2,3,0.32,1.05,0.4,"{'start_date': '2021-03-23', 'end_date': '2024-09-16', 'trading_days': 872, 'total_trades': 6, 'win_rate': 0.5, 'net_profit_brl': -275.0, 'avg_profit_brl': -45.83, 'avg_win_brl': 41.67, 'avg_loss_brl': -133.33, 'profit_factor': 0.3125, 'max_drawdown_pct': 3.35, 'expected_payoff': -45.83, 'on_tester_value': -82.089552}",COMPLETE
220,525.288961,2026-03-26 04:34:26.497810,2026-03-26 04:34:46.642865,0 days 00:00:20.145055,37,True,True,True,False,True,600,0.35,865,4,3,0.29000000000000004,0.5,0.25,"{'start_date': '2021-03-23', 'end_date': '2024-09-16', 'trading_days': 872, 'total_trades': 1166, 'win_rate': 0.6938, 'net_profit_brl': 3070.0, 'avg_profit_brl': 2.63, 'avg_win_brl': 28.86, 'avg_loss_brl': -56.79, 'profit_factor': 1.1514, 'max_drawdown_pct': 5.84, 'expected_payoff': 2.63, 'on_tester_value': 525.288961}",COMPLETE
221,570.348092,2026-03-26 04:34:46.642947,2026-03-26 04:35:05.466965,0 days 00:00:18.824018,30,True,True,True,True,True,685,0.35,785,7,3,0.24000000000000002,0.95,0.2,"{'start_date': '2021-03-23', 'end_date': '2024-09-16', 'trading_days': 872, 'total_trades': 460, 'win_rate': 0.8739, 'net_profit_brl': 3390.0, 'avg_profit_brl': 7.37, 'avg_win_brl': 23.96, 'avg_loss_brl': -107.59, 'profit_factor': 1.5433, 'max_drawdown_pct': 5.94, 'expected_payoff': 7.37, 'on_tester_value': 570.348092}",COMPLETE
222,-34.03888,2026-03-26 04:35:05.467094,2026-03-26 04:35:26.149032,0 days 00:00:20.681938,23,False,True,True,True,True,545,0.2,870,8,3,0.33999999999999997,0.8,0.2,"{'start_date': '2021-03-23', 'end_date': '2024-09-16', 'trading_days': 872, 'total_trades': 2384, 'win_rate': 0.7936, 'net_profit_brl': -1110.0, 'avg_profit_brl': -0.47, 'avg_win_brl': 21.95, 'avg_loss_brl': -86.66, 'profit_factor': 0.974, 'max_drawdown_pct': 32.61, 'expected_payoff': -0.47, 'on_tester_value': -34.03888}",COMPLETE
223,-10.269873,2026-03-26 04:35:26.149108,2026-03-26 04:35:49.713076,0 days 00:00:23.563968,26,False,True,True,True,True,550,0.25,840,5,5,0.23,1.1,0.65,"{'start_date': '2021-03-23', 'end_date': '2024-09-16', 'trading_days': 872, 'total_trades': 2724, 'win_rate': 0.6267, 'net_profit_brl': -435.0, 'avg_profit_brl': -0.16, 'avg_win_brl': 71.93, 'avg_loss_brl': -121.17, 'profit_factor': 0.9965, 'max_drawdown_pct': 42.36, 'expected_payoff': -0.16, 'on_tester_value': -10.269873}",COMPLETE
224,695.818182,2026-03-26 04:35:49.713142,2026-03-26 04:36:11.441345,0 days 00:00:21.728203,37,False,True,True,True,True,600,0.2,725,11,4,0.33999999999999997,0.95,0.35,"{'start_date': '2021-03-23', 'end_date': '2024-09-16', 'trading_days': 872, 'total_trades': 771, 'win_rate': 0.7691, 'net_profit_brl': 4450.0, 'avg_profit_brl': 5.77, 'avg_win_brl': 38.69, 'avg_loss_brl': -103.9, 'profit_factor': 1.2406, 'max_drawdown_pct': 6.4, 'expected_payoff': 5.77, 'on_tester_value': 695.818182}",COMPLETE
225,5.09,2026-03-26 04:36:11.441399,2026-03-26 04:36:30.730141,0 days 00:00:19.288742,27,False,True,True,True,True,735,0.2,795,12,3,0.35,0.5,0.25,"{'start_date': '2021-03-23', 'end_date': '2024-09-16', 'trading_days': 872, 'total_trades': 56, 'win_rate': 0.6607, 'net_profit_brl': 15.0, 'avg_profit_brl': 0.27, 'avg_win_brl': 29.73, 'avg_loss_brl': -57.11, 'profit_factor': 1.0138, 'max_drawdown_pct': 2.95, 'expected_payoff': 0.27, 'on_tester_value': 5.09}",COMPLETE
226,594.121739,2026-03-26 04:36:30.730202,2026-03-26 04:36:50.745686,0 days 00:00:20.015484,22,False,True,True,True,True,600,0.15,795,8,5,0.25,0.75,0.5,"{'start_date': '2021-03-23', 'end_date': '2024-09-16', 'trading_days': 872, 'total_trades': 1327, 'win_rate': 0.6307, 'net_profit_brl': 5890.0, 'avg_profit_brl': 4.44, 'avg_win_brl': 56.91, 'avg_loss_brl': -85.19, 'profit_factor': 1.1411, 'max_drawdown_pct': 9.91, 'expected_payoff': 4.44, 'on_tester_value': 594.121739}",COMPLETE
227,33.489041,2026-03-26 04:36:50.745756,2026-03-26 04:37:12.372671,0 days 00:00:21.626915,36,False,True,True,True,True,630,0.2,690,11,3,0.38,0.8,0.4,"{'start_date': '2021-03-23', 'end_date': '2024-09-16', 'trading_days': 872, 'total_trades': 248, 'win_rate': 0.6815, 'net_profit_brl': 435.0, 'avg_profit_brl': 1.75, 'avg_win_brl': 43.88, 'avg_loss_brl': -88.35, 'profit_factor': 1.0623, 'max_drawdown_pct': 12.99, 'expected_payoff': 1.75, 'on_tester_value': 33.489041}",COMPLETE
228,665.140234,2026-03-26 04:37:12.372778,2026-03-26 04:37:32.921776,0 days 00:00:20.548998,34,False,True,True,True,True,635,0.15,855,7,3,0.28,0.7,0.30000000000000004,"{'start_date': '2021-03-23', 'end_date': '2024-09-16', 'trading_days': 872, 'total_trades': 845, 'win_rate': 0.7349, 'net_profit_brl': 3665.0, 'avg_profit_brl': 4.34, 'avg_win_brl': 34.39, 'avg_loss_brl': -78.97, 'profit_factor': 1.2072, 'max_drawdown_pct': 5.51, 'expected_payoff': 4.34, 'on_tester_value': 665.140234}",COMPLETE
229,240.641579,2026-03-26 04:37:32.921834,2026-03-26 04:37:50.843394,0 days 00:00:17.921560,26,True,False,False,True,True,655,0.45000000000000007,870,4,3,0.31,0.75,0.7000000000000001,"{'start_date': '2021-03-23', 'end_date': '2024-09-16', 'trading_days': 872, 'total_trades': 391, 'win_rate': 0.5499, 'net_profit_brl': 2170.0, 'avg_profit_brl': 5.55, 'avg_win_brl': 82.98, 'avg_loss_brl': -89.03, 'profit_factor': 1.1385, 'max_drawdown_pct': 9.02, 'expected_payoff': 5.55, 'on_tester_value': 240.641579}",COMPLETE
230,512.156,2026-03-26 04:37:50.843455,2026-03-26 04:38:08.277274,0 days 00:00:17.433819,39,True,False,False,True,False,760,0.30000000000000004,650,5,8,0.24000000000000002,1.05,0.55,"{'start_date': '2021-03-23', 'end_date': '2024-09-16', 'trading_days': 872, 'total_trades': 283, 'win_rate': 0.7067, 'net_profit_brl': 3660.0, 'avg_profit_brl': 12.93, 'avg_win_brl': 63.98, 'avg_loss_brl': -110.06, 'profit_factor': 1.4007, 'max_drawdown_pct': 7.15, 'expected_payoff': 12.93, 'on_tester_value': 512.156}",COMPLETE
231,197.487353,2026-03-26 04:38:08.277319,2026-03-26 04:38:25.661218,0 days 00:00:17.383899,33,False,True,True,True,False,585,0.2,630,10,3,0.35,1.15,0.30000000000000004,"{'start_date': '2021-03-23', 'end_date': '2024-09-16', 'trading_days': 872, 'total_trades': 283, 'win_rate': 0.8198, 'net_profit_brl': 1545.0, 'avg_profit_brl': 5.46, 'avg_win_brl': 32.48, 'avg_loss_brl': -117.45, 'profit_factor': 1.2579, 'max_drawdown_pct': 7.82, 'expected_payoff': 5.46, 'on_tester_value': 197.487353}",COMPLETE
232,422.790789,2026-03-26 04:38:25.661257,2026-03-26 04:38:44.059321,0 days 00:00:18.398064,37,True,True,True,True,True,575,0.25,705,6,6,0.36,0.8,0.30000000000000004,"{'start_date': '2021-03-23', 'end_date': '2024-09-16', 'trading_days': 872, 'total_trades': 1219, 'win_rate': 0.7473, 'net_profit_brl': 3210.0, 'avg_profit_brl': 2.63, 'avg_win_brl': 33.35, 'avg_loss_brl': -88.23, 'profit_factor': 1.1181, 'max_drawdown_pct': 7.59, 'expected_payoff': 2.63, 'on_tester_value': 422.790789}",COMPLETE
233,457.373494,2026-03-26 04:38:44.059389,2026-03-26 04:39:02.490635,0 days 00:00:18.431246,33,False,True,True,True,True,595,0.25,900,6,5,0.33,0.9,0.25,"{'start_date': '2021-03-23', 'end_date': '2024-09-16', 'trading_days': 872, 'total_trades': 1193, 'win_rate': 0.7972, 'net_profit_brl': 2850.0, 'avg_profit_brl': 2.39, 'avg_win_brl': 28.29, 'avg_loss_brl': -99.4, 'profit_factor': 1.1185, 'max_drawdown_pct': 6.23, 'expected_payoff': 2.39, 'on_tester_value': 457.373494}",COMPLETE
234,1149.989109,2026-03-26 04:39:02.490705,2026-03-26 04:39:21.061219,0 days 00:00:18.570514,25,False,True,True,True,True,595,0.15,860,15,5,0.33999999999999997,0.8,0.25,"{'start_date': '2021-03-23', 'end_date': '2024-09-16', 'trading_days': 872, 'total_trades': 1096, 'win_rate': 0.7965, 'net_profit_brl': 4970.0, 'avg_profit_brl': 4.53, 'avg_win_brl': 28.38, 'avg_loss_brl': -88.83, 'profit_factor': 1.2509, 'max_drawdown_pct': 4.32, 'expected_payoff': 4.53, 'on_tester_value': 1149.989109}",COMPLETE
235,35.460614,2026-03-26 04:39:21.061264,2026-03-26 04:39:39.410520,0 days 00:00:18.349256,24,True,True,False,True,True,805,0.45000000000000007,580,1,8,0.19,0.55,0.4,"{'start_date': '2021-03-23', 'end_date': '2024-09-16', 'trading_days': 872, 'total_trades': 1608, 'win_rate': 0.5784, 'net_profit_brl': 565.0, 'avg_profit_brl': 0.35, 'avg_win_brl': 46.66, 'avg_loss_brl': -63.17, 'profit_factor': 1.0132, 'max_drawdown_pct': 15.93, 'expected_payoff': 0.35, 'on_tester_value': 35.460614}",COMPLETE
236,27.916667,2026-03-26 04:39:39.410589,2026-03-26 04:39:56.269951,0 days 00:00:16.859362,35,False,True,True,True,True,635,0.15,625,11,5,0.29000000000000004,1.05,0.30000000000000004,"{'start_date': '2021-03-23', 'end_date': '2024-09-16', 'trading_days': 872, 'total_trades': 49, 'win_rate': 0.8163, 'net_profit_brl': 100.0, 'avg_profit_brl': 2.04, 'avg_win_brl': 30.12, 'avg_loss_brl': -122.78, 'profit_factor': 1.0905, 'max_drawdown_pct': 3.58, 'expected_payoff': 2.04, 'on_tester_value': 27.916667}",COMPLETE
237,615.09959,2026-03-26 04:39:56.270015,2026-03-26 04:40:13.998282,0 days 00:00:17.728267,40,True,True,True,False,True,625,0.30000000000000004,825,1,4,0.24000000000000002,0.8500000000000001,0.1,"{'start_date': '2021-03-23', 'end_date': '2024-09-16', 'trading_days': 872, 'total_trades': 1059, 'win_rate': 0.9263, 'net_profit_brl': 3165.0, 'avg_profit_brl': 2.99, 'avg_win_brl': 11.46, 'avg_loss_brl': -103.59, 'profit_factor': 1.3917, 'max_drawdown_pct': 5.15, 'expected_payoff': 2.99, 'on_tester_value': 615.09959}",COMPLETE
238,-68.146399,2026-03-26 04:40:13.998348,2026-03-26 04:40:31.937827,0 days 00:00:17.939479,26,False,True,True,True,True,550,0.15,880,15,6,0.32,0.8,0.25,"{'start_date': '2021-03-23', 'end_date': '2024-09-16', 'trading_days': 872, 'total_trades': 2427, 'win_rate': 0.7491, 'net_profit_brl': -2285.0, 'avg_profit_brl': -0.94, 'avg_win_brl': 27.47, 'avg_loss_brl': -85.75, 'profit_factor': 0.9562, 'max_drawdown_pct': 33.53, 'expected_payoff': -0.94, 'on_tester_value': -68.146399}",COMPLETE
239,892.548673,2026-03-26 04:40:31.937869,2026-03-26 04:40:50.904909,0 days 00:00:18.967040,40,True,True,True,False,True,635,0.35,850,7,3,0.24000000000000002,1.05,0.2,"{'start_date': '2021-03-23', 'end_date': '2024-09-16', 'trading_days': 872, 'total_trades': 956, 'win_rate': 0.8703, 'net_profit_brl': 4220.0, 'avg_profit_brl': 4.41, 'avg_win_brl': 23.06, 'avg_loss_brl': -120.69, 'profit_factor': 1.282, 'max_drawdown_pct': 4.73, 'expected_payoff': 4.41, 'on_tester_value': 892.548673}",COMPLETE
240,517.4,2026-03-26 04:40:50.904990,2026-03-26 04:41:09.065644,0 days 00:00:18.160654,36,True,True,True,False,True,615,0.35,825,8,3,0.17,1.0,0.1,"{'start_date': '2021-03-23', 'end_date': '2024-09-16', 'trading_days': 872, 'total_trades': 1629, 'win_rate': 0.9294, 'net_profit_brl': 3185.0, 'avg_profit_brl': 1.96, 'avg_win_brl': 11.47, 'avg_loss_brl': -123.26, 'profit_factor': 1.2247, 'max_drawdown_pct': 6.16, 'expected_payoff': 1.96, 'on_tester_value': 517.4}",COMPLETE
241,228.755372,2026-03-26 04:41:09.065714,2026-03-26 04:41:26.597810,0 days 00:00:17.532096,36,False,True,True,False,True,610,0.2,770,11,5,0.33,1.05,0.15000000000000002,"{'start_date': '2021-03-23', 'end_date': '2024-09-16', 'trading_days': 872, 'total_trades': 589, 'win_rate': 0.8879, 'net_profit_brl': 1190.0, 'avg_profit_brl': 2.02, 'avg_win_brl': 17.03, 'avg_loss_brl': -116.89, 'profit_factor': 1.1542, 'max_drawdown_pct': 5.2, 'expected_payoff': 2.02, 'on_tester_value': 228.755372}",COMPLETE
242,211.7,2026-03-26 04:41:26.597872,2026-03-26 04:41:44.662217,0 days 00:00:18.064345,40,True,True,True,False,True,685,0.45000000000000007,840,9,3,0.28,1.4500000000000002,0.25,"{'start_date': '2021-03-23', 'end_date': '2024-09-16', 'trading_days': 872, 'total_trades': 363, 'win_rate': 0.8788, 'net_profit_brl': 1750.0, 'avg_profit_brl': 4.82, 'avg_win_brl': 29.72, 'avg_loss_brl': -175.68, 'profit_factor': 1.2264, 'max_drawdown_pct': 8.27, 'expected_payoff': 4.82, 'on_tester_value': 211.7}",COMPLETE
243,372.508042,2026-03-26 04:41:44.662276,2026-03-26 04:42:03.061376,0 days 00:00:18.399100,15,False,True,True,True,False,625,0.2,900,10,5,0.27,0.5,0.2,"{'start_date': '2021-03-23', 'end_date': '2024-09-16', 'trading_days': 872, 'total_trades': 803, 'win_rate': 0.746, 'net_profit_brl': 2465.0, 'avg_profit_brl': 3.07, 'avg_win_brl': 23.97, 'avg_loss_brl': -58.31, 'profit_factor': 1.2072, 'max_drawdown_pct': 6.62, 'expected_payoff': 3.07, 'on_tester_value': 372.508042}",COMPLETE
244,104.058071,2026-03-26 04:42:03.061438,2026-03-26 04:42:21.882087,0 days 00:00:18.820649,30,False,True,True,True,True,765,0.30000000000000004,600,8,6,0.19,0.55,0.15000000000000002,"{'start_date': '2021-03-23', 'end_date': '2024-09-16', 'trading_days': 872, 'total_trades': 1607, 'win_rate': 0.8046, 'net_profit_brl': 1275.0, 'avg_profit_brl': 0.79, 'avg_win_brl': 16.63, 'avg_loss_brl': -64.41, 'profit_factor': 1.063, 'max_drawdown_pct': 12.25, 'expected_payoff': 0.79, 'on_tester_value': 104.058071}",COMPLETE
245,-32.307291,2026-03-26 04:42:21.882147,2026-03-26 04:42:39.083067,0 days 00:00:17.200920,37,False,False,False,True,True,765,0.25,590,2,7,0.15000000000000002,1.4500000000000002,0.4,"{'start_date': '2021-03-23', 'end_date': '2024-09-16', 'trading_days': 872, 'total_trades': 1159, 'win_rate': 0.7817, 'net_profit_brl': -1390.0, 'avg_profit_brl': -1.2, 'avg_win_brl': 43.06, 'avg_loss_brl': -159.7, 'profit_factor': 0.9656, 'max_drawdown_pct': 43.02, 'expected_payoff': -1.2, 'on_tester_value': -32.307291}",COMPLETE
246,1067.48799,2026-03-26 04:42:39.083141,2026-03-26 04:42:58.092314,0 days 00:00:19.009173,40,True,True,True,False,True,605,0.30000000000000004,865,5,3,0.24000000000000002,1.2000000000000002,0.30000000000000004,"{'start_date': '2021-03-23', 'end_date': '2024-09-16', 'trading_days': 872, 'total_trades': 1411, 'win_rate': 0.8299, 'net_profit_brl': 8015.0, 'avg_profit_brl': 5.68, 'avg_win_brl': 34.75, 'avg_loss_brl': -136.17, 'profit_factor': 1.2453, 'max_drawdown_pct': 7.51, 'expected_payoff': 5.68, 'on_tester_value': 1067.48799}",COMPLETE
247,128.779646,2026-03-26 04:42:58.092359,2026-03-26 04:43:18.662196,0 days 00:00:20.569837,39,False,True,True,True,False,780,0.30000000000000004,695,5,7,0.16,0.65,0.2,"{'start_date': '2021-03-23', 'end_date': '2024-09-16', 'trading_days': 872, 'total_trades': 388, 'win_rate': 0.7784, 'net_profit_brl': 690.0, 'avg_profit_brl': 1.78, 'avg_win_brl': 23.79, 'avg_loss_brl': -75.52, 'profit_factor': 1.1062, 'max_drawdown_pct': 5.36, 'expected_payoff': 1.78, 'on_tester_value': 128.779646}",COMPLETE
248,432.564557,2026-03-26 04:43:18.662264,2026-03-26 04:43:40.552320,0 days 00:00:21.890056,26,True,True,False,True,True,890,0.45000000000000007,700,5,8,0.26,0.6,0.2,"{'start_date': '2021-03-23', 'end_date': '2024-09-16', 'trading_days': 872, 'total_trades': 394, 'win_rate': 0.797, 'net_profit_brl': 1585.0, 'avg_profit_brl': 4.02, 'avg_win_brl': 23.74, 'avg_loss_brl': -73.38, 'profit_factor': 1.27, 'max_drawdown_pct': 3.66, 'expected_payoff': 4.02, 'on_tester_value': 432.564557}",COMPLETE
249,530.126227,2026-03-26 04:43:40.552398,2026-03-26 04:43:58.519635,0 days 00:00:17.967237,27,False,True,True,True,True,575,0.15,875,10,4,0.28,1.05,0.4,"{'start_date': '2021-03-23', 'end_date': '2024-09-16', 'trading_days': 872, 'total_trades': 1803, 'win_rate': 0.7443, 'net_profit_brl': 7395.0, 'avg_profit_brl': 4.1, 'avg_win_brl': 44.91, 'avg_loss_brl': -114.71, 'profit_factor': 1.1398, 'max_drawdown_pct': 13.95, 'expected_payoff': 4.1, 'on_tester_value': 530.126227}",COMPLETE
250,51.746341,2026-03-26 04:43:58.519681,2026-03-26 04:44:15.415788,0 days 00:00:16.896107,35,True,True,True,False,True,690,0.30000000000000004,855,8,4,0.23,0.8500000000000001,0.55,"{'start_date': '2021-03-23', 'end_date': '2024-09-16', 'trading_days': 872, 'total_trades': 504, 'win_rate': 0.6032, 'net_profit_brl': 850.0, 'avg_profit_brl': 1.69, 'avg_win_brl': 67.52, 'avg_loss_brl': -98.38, 'profit_factor': 1.0432, 'max_drawdown_pct': 16.43, 'expected_payoff': 1.69, 'on_tester_value': 51.746341}",COMPLETE
251,300.140888,2026-03-26 04:44:15.415862,2026-03-26 04:44:33.159754,0 days 00:00:17.743892,37,True,True,True,False,False,630,0.45000000000000007,775,8,3,0.29000000000000004,0.95,0.35,"{'start_date': '2021-03-23', 'end_date': '2024-09-16', 'trading_days': 872, 'total_trades': 433, 'win_rate': 0.7575, 'net_profit_brl': 2445.0, 'avg_profit_brl': 5.65, 'avg_win_brl': 41.22, 'avg_loss_brl': -105.48, 'profit_factor': 1.2208, 'max_drawdown_pct': 8.15, 'expected_payoff': 5.65, 'on_tester_value': 300.140888}",COMPLETE
252,525.884211,2026-03-26 04:44:33.159817,2026-03-26 04:44:51.356508,0 days 00:00:18.196691,40,True,True,False,True,True,780,0.45000000000000007,670,1,8,0.29000000000000004,0.8500000000000001,0.2,"{'start_date': '2021-03-23', 'end_date': '2024-09-16', 'trading_days': 872, 'total_trades': 298, 'win_rate': 0.8691, 'net_profit_brl': 2340.0, 'avg_profit_brl': 7.85, 'avg_win_brl': 23.2, 'avg_loss_brl': -94.1, 'profit_factor': 1.6376, 'max_drawdown_pct': 4.45, 'expected_payoff': 7.85, 'on_tester_value': 525.884211}",COMPLETE
253,870.0,2026-03-26 04:44:51.356590,2026-03-26 04:45:10.501914,0 days 00:00:19.145324,40,True,False,False,True,False,855,0.25,630,7,8,0.14,1.1,0.15000000000000002,"{'start_date': '2021-03-23', 'end_date': '2024-09-16', 'trading_days': 872, 'total_trades': 934, 'win_rate': 0.9176, 'net_profit_brl': 4750.0, 'avg_profit_brl': 5.09, 'avg_win_brl': 17.08, 'avg_loss_brl': -128.38, 'profit_factor': 1.4805, 'max_drawdown_pct': 5.46, 'expected_payoff': 5.09, 'on_tester_value': 870.0}",COMPLETE
254,30.127046,2026-03-26 04:45:10.501957,2026-03-26 04:45:30.493043,0 days 00:00:19.991086,38,True,False,False,True,False,810,0.15,580,5,8,0.1,1.05,0.15000000000000002,"{'start_date': '2021-03-23', 'end_date': '2024-09-16', 'trading_days': 872, 'total_trades': 1906, 'win_rate': 0.8846, 'net_profit_brl': 715.0, 'avg_profit_brl': 0.38, 'avg_win_brl': 16.62, 'avg_loss_brl': -124.14, 'profit_factor': 1.0262, 'max_drawdown_pct': 23.73, 'expected_payoff': 0.38, 'on_tester_value': 30.127046}",COMPLETE
255,929.087702,2026-03-26 04:45:30.493110,2026-03-26 04:45:51.822583,0 days 00:00:21.329473,36,True,True,True,False,True,590,0.30000000000000004,885,5,4,0.24000000000000002,1.3,0.45000000000000007,"{'start_date': '2021-03-23', 'end_date': '2024-09-16', 'trading_days': 872, 'total_trades': 1699, 'win_rate': 0.771, 'net_profit_brl': 11210.0, 'avg_profit_brl': 6.6, 'avg_win_brl': 51.94, 'avg_loss_brl': -146.11, 'profit_factor': 1.1972, 'max_drawdown_pct': 12.07, 'expected_payoff': 6.6, 'on_tester_value': 929.087702}",COMPLETE
256,565.322222,2026-03-26 04:45:51.822663,2026-03-26 04:46:12.175315,0 days 00:00:20.352652,31,True,True,True,False,True,570,0.35,870,4,4,0.24000000000000002,1.4,0.35,"{'start_date': '2021-03-23', 'end_date': '2024-09-16', 'trading_days': 872, 'total_trades': 1937, 'win_rate': 0.8172, 'net_profit_brl': 7470.0, 'avg_profit_brl': 3.86, 'avg_win_brl': 40.49, 'avg_loss_brl': -159.96, 'profit_factor': 1.1319, 'max_drawdown_pct': 13.21, 'expected_payoff': 3.86, 'on_tester_value': 565.322222}",COMPLETE
257,48.372545,2026-03-26 04:46:12.175381,2026-03-26 04:46:28.410729,0 days 00:00:16.235348,39,True,False,False,True,False,845,0.25,690,7,8,0.12000000000000001,1.0,0.30000000000000004,"{'start_date': '2021-03-23', 'end_date': '2024-09-16', 'trading_days': 872, 'total_trades': 495, 'win_rate': 0.7859, 'net_profit_brl': 615.0, 'avg_profit_brl': 1.24, 'avg_win_brl': 35.06, 'avg_loss_brl': -122.88, 'profit_factor': 1.0472, 'max_drawdown_pct': 12.71, 'expected_payoff': 1.24, 'on_tester_value': 48.372545}",COMPLETE
258,286.6773,2026-03-26 04:46:28.410812,2026-03-26 04:46:46.321212,0 days 00:00:17.910400,23,True,True,True,True,True,580,0.25,845,12,5,0.30000000000000004,0.6,0.35,"{'start_date': '2021-03-23', 'end_date': '2024-09-16', 'trading_days': 872, 'total_trades': 1856, 'win_rate': 0.6498, 'net_profit_brl': 4085.0, 'avg_profit_brl': 2.2, 'avg_win_brl': 40.15, 'avg_loss_brl': -68.2, 'profit_factor': 1.0921, 'max_drawdown_pct': 14.25, 'expected_payoff': 2.2, 'on_tester_value': 286.6773}",COMPLETE
259,176.280899,2026-03-26 04:46:46.321335,2026-03-26 04:47:02.987451,0 days 00:00:16.666116,24,True,False,True,True,False,870,0.25,605,6,7,0.22,0.55,0.25,"{'start_date': '2021-03-23', 'end_date': '2024-09-16', 'trading_days': 872, 'total_trades': 1208, 'win_rate': 0.7053, 'net_profit_brl': 2175.0, 'avg_profit_brl': 1.8, 'avg_win_brl': 29.42, 'avg_loss_brl': -64.31, 'profit_factor': 1.095, 'max_drawdown_pct': 12.34, 'expected_payoff': 1.8, 'on_tester_value': 176.280899}",COMPLETE
260,952.346172,2026-03-26 04:47:02.987512,2026-03-26 04:47:22.982654,0 days 00:00:19.995142,38,True,True,True,False,True,610,0.15,870,3,3,0.23,1.4,0.55,"{'start_date': '2021-03-23', 'end_date': '2024-09-16', 'trading_days': 872, 'total_trades': 1400, 'win_rate': 0.7414, 'net_profit_brl': 10090.0, 'avg_profit_brl': 7.21, 'avg_win_brl': 63.99, 'avg_loss_brl': -155.62, 'profit_factor': 1.1791, 'max_drawdown_pct': 10.59, 'expected_payoff': 7.21, 'on_tester_value': 952.346172}",COMPLETE
261,232.68027,2026-03-26 04:47:22.982712,2026-03-26 04:47:39.263530,0 days 00:00:16.280818,38,True,True,True,False,True,600,0.25,895,1,5,0.19,1.2000000000000002,0.65,"{'start_date': '2021-03-23', 'end_date': '2024-09-16', 'trading_days': 872, 'total_trades': 1902, 'win_rate': 0.6619, 'net_profit_brl': 5945.0, 'avg_profit_brl': 3.13, 'avg_win_brl': 74.38, 'avg_loss_brl': -136.4, 'profit_factor': 1.0678, 'max_drawdown_pct': 25.55, 'expected_payoff': 3.13, 'on_tester_value': 232.68027}",COMPLETE
262,517.461702,2026-03-26 04:47:39.263577,2026-03-26 04:47:54.932444,0 days 00:00:15.668867,37,True,True,False,False,True,575,0.35,780,3,3,0.28,1.0,0.2,"{'start_date': '2021-03-23', 'end_date': '2024-09-16', 'trading_days': 872, 'total_trades': 1013, 'win_rate': 0.8628, 'net_profit_brl': 3660.0, 'avg_profit_brl': 3.61, 'avg_win_brl': 22.59, 'avg_loss_brl': -115.72, 'profit_factor': 1.2275, 'max_drawdown_pct': 7.07, 'expected_payoff': 3.61, 'on_tester_value': 517.461702}",COMPLETE
263,-58.653846,2026-03-26 04:47:54.932510,2026-03-26 04:48:10.277770,0 days 00:00:15.345260,37,True,True,True,False,True,755,0.2,895,7,4,0.31,1.4500000000000002,0.8,"{'start_date': '2021-03-23', 'end_date': '2024-09-16', 'trading_days': 872, 'total_trades': 143, 'win_rate': 0.5594, 'net_profit_brl': -1525.0, 'avg_profit_brl': -10.66, 'avg_win_brl': 94.19, 'avg_loss_brl': -148.52, 'profit_factor': 0.8317, 'max_drawdown_pct': 26.0, 'expected_payoff': -10.66, 'on_tester_value': -58.653846}",COMPLETE
264,163.785075,2026-03-26 04:48:10.277822,2026-03-26 04:48:25.321114,0 days 00:00:15.043292,39,True,True,True,False,True,660,0.25,820,9,4,0.29000000000000004,1.25,0.4,"{'start_date': '2021-03-23', 'end_date': '2024-09-16', 'trading_days': 872, 'total_trades': 515, 'win_rate': 0.7767, 'net_profit_brl': 1760.0, 'avg_profit_brl': 3.42, 'avg_win_brl': 46.81, 'avg_loss_brl': -147.52, 'profit_factor': 1.1037, 'max_drawdown_pct': 10.75, 'expected_payoff': 3.42, 'on_tester_value': 163.785075}",COMPLETE
265,102.285197,2026-03-26 04:48:25.321155,2026-03-26 04:48:40.762632,0 days 00:00:15.441477,20,False,False,True,True,True,570,0.25,850,7,4,0.31,0.7,0.7000000000000001,"{'start_date': '2021-03-23', 'end_date': '2024-09-16', 'trading_days': 872, 'total_trades': 1308, 'win_rate': 0.5069, 'net_profit_brl': 1785.0, 'avg_profit_brl': 1.36, 'avg_win_brl': 79.21, 'avg_loss_brl': -78.65, 'profit_factor': 1.0352, 'max_drawdown_pct': 17.45, 'expected_payoff': 1.36, 'on_tester_value': 102.285197}",COMPLETE
266,67.369584,2026-03-26 04:48:40.762673,2026-03-26 04:48:56.148345,0 days 00:00:15.385672,40,False,True,True,False,True,540,0.25,865,4,3,0.23,1.1,0.2,"{'start_date': '2021-03-23', 'end_date': '2024-09-16', 'trading_days': 872, 'total_trades': 2330, 'win_rate': 0.8519, 'net_profit_brl': 1710.0, 'avg_profit_brl': 0.73, 'avg_win_brl': 22.23, 'avg_loss_brl': -122.93, 'profit_factor': 1.0403, 'max_drawdown_pct': 25.38, 'expected_payoff': 0.73, 'on_tester_value': 67.369584}",COMPLETE
267,-69.119634,2026-03-26 04:48:56.148419,2026-03-26 04:49:11.229121,0 days 00:00:15.080702,32,False,True,True,False,True,705,0.15,895,1,3,0.24000000000000002,1.35,0.65,"{'start_date': '2021-03-23', 'end_date': '2024-09-16', 'trading_days': 872, 'total_trades': 352, 'win_rate': 0.642, 'net_profit_brl': -2290.0, 'avg_profit_brl': -6.51, 'avg_win_brl': 76.39, 'avg_loss_brl': -155.2, 'profit_factor': 0.8829, 'max_drawdown_pct': 33.13, 'expected_payoff': -6.51, 'on_tester_value': -69.119634}",COMPLETE
268,151.530952,2026-03-26 04:49:11.229161,2026-03-26 04:49:26.081964,0 days 00:00:14.852803,40,True,False,False,False,False,860,0.30000000000000004,565,5,7,0.1,1.15,0.15000000000000002,"{'start_date': '2021-03-23', 'end_date': '2024-09-16', 'trading_days': 872, 'total_trades': 1154, 'win_rate': 0.8977, 'net_profit_brl': 1395.0, 'avg_profit_brl': 1.21, 'avg_win_brl': 17.26, 'avg_loss_brl': -139.7, 'profit_factor': 1.0846, 'max_drawdown_pct': 9.21, 'expected_payoff': 1.21, 'on_tester_value': 151.530952}",COMPLETE
269,-983.0,2026-03-26 04:49:26.082005,2026-03-26 04:49:40.691154,0 days 00:00:14.609149,38,True,False,False,True,False,765,0.25,725,6,7,0.33,1.35,0.30000000000000004,"{'start_date': '2021-03-23', 'end_date': '2024-09-16', 'trading_days': 872, 'total_trades': 17, 'win_rate': 0.8824, 'net_profit_brl': 215.0, 'avg_profit_brl': 12.65, 'avg_win_brl': 33.67, 'avg_loss_brl': -145.0, 'profit_factor': 1.7414, 'max_drawdown_pct': 1.72, 'expected_payoff': 12.65, 'on_tester_value': 124.7}",COMPLETE
270,101.369118,2026-03-26 04:49:40.691193,2026-03-26 04:49:55.953545,0 days 00:00:15.262352,40,True,True,True,False,True,650,0.2,780,3,3,0.13,1.35,0.6,"{'start_date': '2021-03-23', 'end_date': '2024-09-16', 'trading_days': 872, 'total_trades': 1164, 'win_rate': 0.7027, 'net_profit_brl': 2760.0, 'avg_profit_brl': 2.37, 'avg_win_brl': 69.12, 'avg_loss_brl': -155.88, 'profit_factor': 1.0513, 'max_drawdown_pct': 27.23, 'expected_payoff': 2.37, 'on_tester_value': 101.369118}",COMPLETE
271,428.716222,2026-03-26 04:49:55.953609,2026-03-26 04:50:11.591604,0 days 00:00:15.637995,34,True,True,True,True,True,555,0.15,850,4,4,0.25,1.3,0.65,"{'start_date': '2021-03-23', 'end_date': '2024-09-16', 'trading_days': 872, 'total_trades': 3289, 'win_rate': 0.6744, 'net_profit_brl': 8105.0, 'avg_profit_brl': 2.46, 'avg_win_brl': 72.57, 'avg_loss_brl': -142.86, 'profit_factor': 1.053, 'max_drawdown_pct': 18.91, 'expected_payoff': 2.46, 'on_tester_value': 428.716222}",COMPLETE
272,210.525,2026-03-26 04:50:11.591701,2026-03-26 04:50:27.218006,0 days 00:00:15.626305,26,True,False,True,True,True,565,0.15,885,3,6,0.35,0.6,0.45000000000000007,"{'start_date': '2021-03-23', 'end_date': '2024-09-16', 'trading_days': 872, 'total_trades': 1746, 'win_rate': 0.5773, 'net_profit_brl': 2005.0, 'avg_profit_brl': 1.15, 'avg_win_brl': 50.6, 'avg_loss_brl': -66.39, 'profit_factor': 1.0409, 'max_drawdown_pct': 9.52, 'expected_payoff': 1.15, 'on_tester_value': 210.525}",COMPLETE
273,247.090604,2026-03-26 04:50:27.218078,2026-03-26 04:50:42.727776,0 days 00:00:15.509698,36,True,True,True,False,True,570,0.25,870,7,3,0.23,1.35,0.4,"{'start_date': '2021-03-23', 'end_date': '2024-09-16', 'trading_days': 872, 'total_trades': 2286, 'win_rate': 0.7773, 'net_profit_brl': 4690.0, 'avg_profit_brl': 2.05, 'avg_win_brl': 45.86, 'avg_loss_brl': -150.88, 'profit_factor': 1.0611, 'max_drawdown_pct': 18.98, 'expected_payoff': 2.05, 'on_tester_value': 247.090604}",COMPLETE
274,-960.0,2026-03-26 04:50:42.727837,2026-03-26 04:50:57.144846,0 days 00:00:14.417009,38,True,False,False,False,False,780,0.2,705,10,8,0.28,0.9,0.45000000000000007,"{'start_date': '2021-03-23', 'end_date': '2024-09-16', 'trading_days': 872, 'total_trades': 40, 'win_rate': 0.775, 'net_profit_brl': 640.0, 'avg_profit_brl': 16.0, 'avg_win_brl': 52.74, 'avg_loss_brl': -110.56, 'profit_factor': 1.6432, 'max_drawdown_pct': 3.09, 'expected_payoff': 16.0, 'on_tester_value': 206.933333}",COMPLETE
275,434.18287,2026-03-26 04:50:57.144904,2026-03-26 04:51:12.748518,0 days 00:00:15.603614,36,True,True,True,False,True,570,0.15,810,1,4,0.27,1.4,0.6,"{'start_date': '2021-03-23', 'end_date': '2024-09-16', 'trading_days': 872, 'total_trades': 1897, 'win_rate': 0.7169, 'net_profit_brl': 7950.0, 'avg_profit_brl': 4.19, 'avg_win_brl': 67.96, 'avg_loss_brl': -157.32, 'profit_factor': 1.0941, 'max_drawdown_pct': 18.31, 'expected_payoff': 4.19, 'on_tester_value': 434.18287}",COMPLETE
276,300.923437,2026-03-26 04:51:12.748562,2026-03-26 04:51:27.455589,0 days 00:00:14.707027,15,False,True,True,True,True,660,0.15,825,15,4,0.4,0.65,0.1,"{'start_date': '2021-03-23', 'end_date': '2024-09-16', 'trading_days': 872, 'total_trades': 321, 'win_rate': 0.9065, 'net_profit_brl': 945.0, 'avg_profit_brl': 2.94, 'avg_win_brl': 12.27, 'avg_loss_brl': -87.5, 'profit_factor': 1.36, 'max_drawdown_pct': 3.14, 'expected_payoff': 2.94, 'on_tester_value': 300.923437}",COMPLETE
277,304.026042,2026-03-26 04:51:27.455642,2026-03-26 04:51:42.521887,0 days 00:00:15.066245,39,False,True,True,False,True,695,0.4,870,9,3,0.25,1.1,0.2,"{'start_date': '2021-03-23', 'end_date': '2024-09-16', 'trading_days': 872, 'total_trades': 343, 'win_rate': 0.8717, 'net_profit_brl': 1345.0, 'avg_profit_brl': 3.92, 'avg_win_brl': 23.58, 'avg_loss_brl': -129.66, 'profit_factor': 1.2358, 'max_drawdown_pct': 4.42, 'expected_payoff': 3.92, 'on_tester_value': 304.026042}",COMPLETE
278,202.376856,2026-03-26 04:51:42.521928,2026-03-26 04:51:58.251758,0 days 00:00:15.729830,30,True,True,True,True,True,545,0.4,795,3,4,0.31,0.95,0.35,"{'start_date': '2021-03-23', 'end_date': '2024-09-16', 'trading_days': 872, 'total_trades': 1682, 'win_rate': 0.7396, 'net_profit_brl': 3205.0, 'avg_profit_brl': 1.91, 'avg_win_brl': 40.34, 'avg_loss_brl': -107.25, 'profit_factor': 1.0682, 'max_drawdown_pct': 15.84, 'expected_payoff': 1.91, 'on_tester_value': 202.376856}",COMPLETE
279,-95.329616,2026-03-26 04:51:58.251826,2026-03-26 04:52:13.928159,0 days 00:00:15.676333,32,True,False,False,True,True,880,0.25,540,5,8,0.1,0.9,0.25,"{'start_date': '2021-03-23', 'end_date': '2024-09-16', 'trading_days': 872, 'total_trades': 4133, 'win_rate': 0.7759, 'net_profit_brl': -5140.0, 'avg_profit_brl': -1.24, 'avg_win_brl': 27.59, 'avg_loss_brl': -101.09, 'profit_factor': 0.9451, 'max_drawdown_pct': 53.92, 'expected_payoff': -1.24, 'on_tester_value': -95.329616}",COMPLETE
280,103.405714,2026-03-26 04:52:13.928211,2026-03-26 04:52:28.920643,0 days 00:00:14.992432,36,True,True,True,False,True,665,0.2,860,3,3,0.26,1.3,0.65,"{'start_date': '2021-03-23', 'end_date': '2024-09-16', 'trading_days': 872, 'total_trades': 614, 'win_rate': 0.6678, 'net_profit_brl': 1690.0, 'avg_profit_brl': 2.75, 'avg_win_brl': 77.55, 'avg_loss_brl': -148.3, 'profit_factor': 1.0561, 'max_drawdown_pct': 16.34, 'expected_payoff': 2.75, 'on_tester_value': 103.405714}",COMPLETE
281,90.684647,2026-03-26 04:52:28.920696,2026-03-26 04:52:44.389953,0 days 00:00:15.469257,39,True,True,True,False,True,635,0.15,895,1,3,0.2,1.4,0.45000000000000007,"{'start_date': '2021-03-23', 'end_date': '2024-09-16', 'trading_days': 872, 'total_trades': 1275, 'win_rate': 0.7639, 'net_profit_brl': 2250.0, 'avg_profit_brl': 1.76, 'avg_win_brl': 51.95, 'avg_loss_brl': -160.61, 'profit_factor': 1.0465, 'max_drawdown_pct': 24.81, 'expected_payoff': 1.76, 'on_tester_value': 90.684647}",COMPLETE
282,370.87013,2026-03-26 04:52:44.389992,2026-03-26 04:52:59.003725,0 days 00:00:14.613733,39,True,True,False,True,True,790,0.30000000000000004,650,4,8,0.18,1.0,0.55,"{'start_date': '2021-03-23', 'end_date': '2024-09-16', 'trading_days': 872, 'total_trades': 908, 'win_rate': 0.6696, 'net_profit_brl': 4275.0, 'avg_profit_brl': 4.71, 'avg_win_brl': 62.65, 'avg_loss_brl': -112.72, 'profit_factor': 1.1264, 'max_drawdown_pct': 11.53, 'expected_payoff': 4.71, 'on_tester_value': 370.87013}",COMPLETE
283,1192.545732,2026-03-26 04:52:59.003781,2026-03-26 04:53:14.070184,0 days 00:00:15.066403,29,False,True,False,True,True,800,0.30000000000000004,605,5,8,0.24000000000000002,1.35,0.1,"{'start_date': '2021-03-23', 'end_date': '2024-09-16', 'trading_days': 872, 'total_trades': 961, 'win_rate': 0.9594, 'net_profit_brl': 4395.0, 'avg_profit_brl': 4.57, 'avg_win_brl': 11.1, 'avg_loss_brl': -149.62, 'profit_factor': 1.7532, 'max_drawdown_pct': 3.69, 'expected_payoff': 4.57, 'on_tester_value': 1192.545732}",COMPLETE
284,1455.206707,2026-03-26 04:53:14.070228,2026-03-26 04:53:29.053423,0 days 00:00:14.983195,28,False,True,False,True,True,780,0.30000000000000004,595,9,8,0.23,1.25,0.1,"{'start_date': '2021-03-23', 'end_date': '2024-09-16', 'trading_days': 872, 'total_trades': 1076, 'win_rate': 0.9563, 'net_profit_brl': 4685.0, 'avg_profit_brl': 4.35, 'avg_win_brl': 10.96, 'avg_loss_brl': -140.32, 'profit_factor': 1.7104, 'max_drawdown_pct': 3.22, 'expected_payoff': 4.35, 'on_tester_value': 1455.206707}",COMPLETE
285,98.23554,2026-03-26 04:53:29.053464,2026-03-26 04:53:43.857837,0 days 00:00:14.804373,30,False,True,False,True,True,780,0.2,600,10,8,0.16,1.25,0.15000000000000002,"{'start_date': '2021-03-23', 'end_date': '2024-09-16', 'trading_days': 872, 'total_trades': 1482, 'win_rate': 0.9001, 'net_profit_brl': 1315.0, 'avg_profit_brl': 0.89, 'avg_win_brl': 16.51, 'avg_loss_brl': -139.9, 'profit_factor': 1.0635, 'max_drawdown_pct': 13.39, 'expected_payoff': 0.89, 'on_tester_value': 98.23554}",COMPLETE
286,1.467812,2026-03-26 04:53:43.857882,2026-03-26 04:53:58.928392,0 days 00:00:15.070510,22,True,False,False,True,False,880,0.25,545,2,5,0.18,0.5,0.35,"{'start_date': '2021-03-23', 'end_date': '2024-09-16', 'trading_days': 872, 'total_trades': 1923, 'win_rate': 0.5861, 'net_profit_brl': 35.0, 'avg_profit_brl': 0.02, 'avg_win_brl': 39.59, 'avg_loss_brl': -56.01, 'profit_factor': 1.0008, 'max_drawdown_pct': 23.85, 'expected_payoff': 0.02, 'on_tester_value': 1.467812}",COMPLETE
287,761.226582,2026-03-26 04:53:58.928433,2026-03-26 04:54:13.651872,0 days 00:00:14.723439,34,True,True,False,True,False,875,0.4,630,2,7,0.29000000000000004,0.8500000000000001,0.15000000000000002,"{'start_date': '2021-03-23', 'end_date': '2024-09-16', 'trading_days': 872, 'total_trades': 600, 'win_rate': 0.8933, 'net_profit_brl': 2945.0, 'avg_profit_brl': 4.91, 'avg_win_brl': 17.24, 'avg_loss_brl': -98.36, 'profit_factor': 1.4678, 'max_drawdown_pct': 3.87, 'expected_payoff': 4.91, 'on_tester_value': 761.226582}",COMPLETE
288,400.669231,2026-03-26 04:54:13.651924,2026-03-26 04:54:28.357432,0 days 00:00:14.705508,35,True,False,False,True,False,885,0.30000000000000004,660,11,8,0.24000000000000002,1.1,0.15000000000000002,"{'start_date': '2021-03-23', 'end_date': '2024-09-16', 'trading_days': 872, 'total_trades': 388, 'win_rate': 0.9149, 'net_profit_brl': 1960.0, 'avg_profit_brl': 5.05, 'avg_win_brl': 17.61, 'avg_loss_brl': -130.0, 'profit_factor': 1.4569, 'max_drawdown_pct': 4.89, 'expected_payoff': 5.05, 'on_tester_value': 400.669231}",COMPLETE
289,753.338596,2026-03-26 04:54:28.357498,2026-03-26 04:54:43.294533,0 days 00:00:14.937035,29,True,False,False,False,False,885,0.25,640,3,7,0.16,0.65,0.15000000000000002,"{'start_date': '2021-03-23', 'end_date': '2024-09-16', 'trading_days': 872, 'total_trades': 357, 'win_rate': 0.8627, 'net_profit_brl': 1885.0, 'avg_profit_brl': 5.28, 'avg_win_brl': 18.51, 'avg_loss_brl': -77.86, 'profit_factor': 1.4941, 'max_drawdown_pct': 2.5, 'expected_payoff': 5.28, 'on_tester_value': 753.338596}",COMPLETE
290,355.76535,2026-03-26 04:54:43.294586,2026-03-26 04:54:58.987996,0 days 00:00:15.693410,40,True,True,False,True,True,880,0.30000000000000004,560,3,8,0.18,0.8,0.15000000000000002,"{'start_date': '2021-03-23', 'end_date': '2024-09-16', 'trading_days': 872, 'total_trades': 2986, 'win_rate': 0.865, 'net_profit_brl': 5490.0, 'avg_profit_brl': 1.84, 'avg_win_brl': 16.6, 'avg_loss_brl': -92.77, 'profit_factor': 1.1469, 'max_drawdown_pct': 15.43, 'expected_payoff': 1.84, 'on_tester_value': 355.76535}",COMPLETE
291,371.4125,2026-03-26 04:54:58.988066,2026-03-26 04:55:13.681498,0 days 00:00:14.693432,35,True,True,False,True,False,590,0.35,685,4,5,0.29000000000000004,0.5,0.55,"{'start_date': '2021-03-23', 'end_date': '2024-09-16', 'trading_days': 872, 'total_trades': 571, 'win_rate': 0.5201, 'net_profit_brl': 3455.0, 'avg_profit_brl': 6.05, 'avg_win_brl': 62.51, 'avg_loss_brl': -55.15, 'profit_factor': 1.2287, 'max_drawdown_pct': 9.3, 'expected_payoff': 6.05, 'on_tester_value': 371.4125}",COMPLETE
292,162.19711,2026-03-26 04:55:13.681537,2026-03-26 04:55:28.092988,0 days 00:00:14.411451,33,False,False,False,True,False,690,0.4,620,9,6,0.24000000000000002,1.35,0.5,"{'start_date': '2021-03-23', 'end_date': '2024-09-16', 'trading_days': 872, 'total_trades': 140, 'win_rate': 0.7857, 'net_profit_brl': 1385.0, 'avg_profit_brl': 9.89, 'avg_win_brl': 52.55, 'avg_loss_brl': -146.5, 'profit_factor': 1.3151, 'max_drawdown_pct': 8.54, 'expected_payoff': 9.89, 'on_tester_value': 162.19711}",COMPLETE
293,297.957558,2026-03-26 04:55:28.093041,2026-03-26 04:55:43.265012,0 days 00:00:15.171971,38,False,True,False,True,True,725,0.30000000000000004,585,2,7,0.18,1.5,0.4,"{'start_date': '2021-03-23', 'end_date': '2024-09-16', 'trading_days': 872, 'total_trades': 1348, 'win_rate': 0.8138, 'net_profit_brl': 6075.0, 'avg_profit_brl': 4.51, 'avg_win_brl': 43.25, 'avg_loss_brl': -164.82, 'profit_factor': 1.1468, 'max_drawdown_pct': 20.39, 'expected_payoff': 4.51, 'on_tester_value': 297.957558}",COMPLETE
294,394.479167,2026-03-26 04:55:43.265084,2026-03-26 04:55:57.704322,0 days 00:00:14.439238,33,False,True,False,True,False,860,0.45000000000000007,620,7,7,0.15000000000000002,0.5,0.1,"{'start_date': '2021-03-23', 'end_date': '2024-09-16', 'trading_days': 872, 'total_trades': 812, 'win_rate': 0.8732, 'net_profit_brl': 1750.0, 'avg_profit_brl': 2.16, 'avg_win_brl': 11.2, 'avg_loss_brl': -60.1, 'profit_factor': 1.2827, 'max_drawdown_pct': 4.44, 'expected_payoff': 2.16, 'on_tester_value': 394.479167}",COMPLETE
295,774.378302,2026-03-26 04:55:57.704374,2026-03-26 04:56:12.767193,0 days 00:00:15.062819,27,False,True,False,True,True,805,0.35,550,9,8,0.24000000000000002,1.2000000000000002,0.45000000000000007,"{'start_date': '2021-03-23', 'end_date': '2024-09-16', 'trading_days': 872, 'total_trades': 1489, 'win_rate': 0.7542, 'net_profit_brl': 7870.0, 'avg_profit_brl': 5.29, 'avg_win_brl': 49.75, 'avg_loss_brl': -131.13, 'profit_factor': 1.164, 'max_drawdown_pct': 10.16, 'expected_payoff': 5.29, 'on_tester_value': 774.378302}",COMPLETE
296,435.855263,2026-03-26 04:56:12.767252,2026-03-26 04:56:27.167342,0 days 00:00:14.400090,28,False,True,False,True,True,790,0.25,630,7,8,0.25,1.35,0.1,"{'start_date': '2021-03-23', 'end_date': '2024-09-16', 'trading_days': 872, 'total_trades': 658, 'win_rate': 0.9635, 'net_profit_brl': 3125.0, 'avg_profit_brl': 4.75, 'avg_win_brl': 11.06, 'avg_loss_brl': -161.88, 'profit_factor': 1.8044, 'max_drawdown_pct': 7.17, 'expected_payoff': 4.75, 'on_tester_value': 435.855263}",COMPLETE
297,-43.19305,2026-03-26 04:56:27.167402,2026-03-26 04:56:41.513087,0 days 00:00:14.345685,19,False,True,False,True,True,665,0.4,550,10,8,0.26,1.05,0.15000000000000002,"{'start_date': '2021-03-23', 'end_date': '2024-09-16', 'trading_days': 872, 'total_trades': 733, 'win_rate': 0.869, 'net_profit_brl': -550.0, 'avg_profit_brl': -0.75, 'avg_win_brl': 16.72, 'avg_loss_brl': -116.67, 'profit_factor': 0.9509, 'max_drawdown_pct': 12.73, 'expected_payoff': -0.75, 'on_tester_value': -43.19305}",COMPLETE
298,280.570213,2026-03-26 04:56:41.513157,2026-03-26 04:56:56.194506,0 days 00:00:14.681349,34,True,True,False,True,False,760,0.30000000000000004,660,7,7,0.14,0.6,0.5,"{'start_date': '2021-03-23', 'end_date': '2024-09-16', 'trading_days': 872, 'total_trades': 672, 'win_rate': 0.5714, 'net_profit_brl': 2160.0, 'avg_profit_brl': 3.21, 'avg_win_brl': 57.7, 'avg_loss_brl': -69.43, 'profit_factor': 1.108, 'max_drawdown_pct': 7.7, 'expected_payoff': 3.21, 'on_tester_value': 280.570213}",COMPLETE
299,384.56,2026-03-26 04:56:56.194543,2026-03-26 04:57:10.833819,0 days 00:00:14.639276,25,False,True,True,True,True,695,0.15,840,14,6,0.35,1.1,0.35,"{'start_date': '2021-03-23', 'end_date': '2024-09-16', 'trading_days': 872, 'total_trades': 244, 'win_rate': 0.7992, 'net_profit_brl': 2185.0, 'avg_profit_brl': 8.95, 'avg_win_brl': 42.36, 'avg_loss_brl': -123.98, 'profit_factor': 1.3597, 'max_drawdown_pct': 5.68, 'expected_payoff': 8.95, 'on_tester_value': 384.56}",COMPLETE
