session_date,entry_time,exit_time,direction,entry_price,exit_price,pnl_points,pnl_brl,exit_reason
2022-09-02,2022-09-02 12:15:00-03:00,2022-09-02 12:20:00-03:00,short,5220.0,5210.5,9.5,91.0,take_profit
2022-09-02,2022-09-02 12:25:00-03:00,2022-09-02 12:35:00-03:00,short,5206.5,5197.0,9.5,91.0,take_profit
2022-09-05,2022-09-05 09:50:00-03:00,2022-09-05 10:50:00-03:00,short,5198.0,5201.0,-3.0,-34.0,max_hold
2022-09-05,2022-09-05 11:10:00-03:00,2022-09-05 11:35:00-03:00,short,5188.0,5193.5,-5.5,-59.0,stop_loss
2022-09-05,2022-09-05 13:10:00-03:00,2022-09-05 13:25:00-03:00,short,5190.5,5186.5,4.0,36.0,take_profit
2022-09-05,2022-09-05 13:30:00-03:00,2022-09-05 14:05:00-03:00,short,5187.5,5191.0,-3.5,-39.0,stop_loss
2022-09-06,2022-09-06 11:05:00-03:00,2022-09-06 11:10:00-03:00,long,5273.0,5281.5,8.5,81.0,target_gap_open
2022-09-06,2022-09-08 06:00:00-03:00,2022-09-08 06:05:00-03:00,long,5242.0,5238.0,-4.0,-44.0,stop_loss
2022-09-09,2022-09-09 10:50:00-03:00,2022-09-09 11:00:00-03:00,short,5180.5,5186.5,-6.0,-64.0,stop_loss
2022-09-09,2022-09-09 12:40:00-03:00,2022-09-09 12:50:00-03:00,short,5180.5,5185.0,-4.5,-49.0,stop_loss
2022-09-12,2022-09-12 09:50:00-03:00,2022-09-12 09:55:00-03:00,short,5143.5,5135.5,8.0,76.0,take_profit
2022-09-14,2022-09-14 12:15:00-03:00,2022-09-14 12:20:00-03:00,long,5209.5,5204.0,-5.5,-59.0,stop_loss
2022-09-15,2022-09-15 13:15:00-03:00,2022-09-15 13:50:00-03:00,long,5265.0,5260.0,-5.0,-54.0,stop_loss
2022-09-15,2022-09-15 14:50:00-03:00,2022-09-16 06:00:00-03:00,long,5268.5,5273.0,4.5,41.0,take_profit
2022-09-20,2022-09-20 12:05:00-03:00,2022-09-20 12:20:00-03:00,short,5168.5,5160.5,8.0,76.0,take_profit
2022-09-23,2022-09-23 10:15:00-03:00,2022-09-23 10:30:00-03:00,long,5251.0,5258.0,7.0,66.0,take_profit
2022-09-23,2022-09-23 10:35:00-03:00,2022-09-23 10:40:00-03:00,long,5259.0,5253.5,-5.5,-59.0,stop_loss
2022-09-23,2022-09-23 14:55:00-03:00,2022-09-26 06:00:00-03:00,long,5269.0,5300.0,31.0,306.0,target_gap_open
2022-09-27,2022-09-27 10:15:00-03:00,2022-09-27 10:30:00-03:00,long,5376.5,5367.5,-9.0,-94.0,stop_loss
2022-09-27,2022-09-27 11:05:00-03:00,2022-09-27 11:45:00-03:00,long,5383.5,5374.5,-9.0,-94.0,stop_loss
2022-09-28,2022-09-28 09:10:00-03:00,2022-09-28 09:30:00-03:00,long,5369.5,5383.5,14.0,136.0,take_profit
2022-09-29,2022-09-29 12:20:00-03:00,2022-09-29 12:35:00-03:00,long,5411.5,5404.5,-7.0,-74.0,stop_loss
2022-10-03,2022-10-03 10:45:00-03:00,2022-10-03 11:10:00-03:00,short,5193.0,5202.5,-9.5,-99.0,stop_loss
2022-10-03,2022-10-03 14:40:00-03:00,2022-10-03 14:55:00-03:00,short,5197.5,5203.0,-5.5,-59.0,stop_loss
2022-10-06,2022-10-06 14:15:00-03:00,2022-10-06 14:20:00-03:00,long,5238.5,5245.0,6.5,61.0,take_profit
2022-10-06,2022-10-06 14:25:00-03:00,2022-10-06 14:50:00-03:00,long,5243.5,5250.0,6.5,61.0,take_profit
2022-10-07,2022-10-07 12:50:00-03:00,2022-10-07 12:55:00-03:00,long,5242.0,5235.5,-6.5,-69.0,stop_loss
2022-10-10,2022-10-10 11:50:00-03:00,2022-10-10 12:05:00-03:00,short,5217.0,5209.5,7.5,71.0,take_profit
2022-10-13,2022-10-13 12:45:00-03:00,2022-10-13 12:50:00-03:00,long,5270.0,5279.5,9.5,91.0,take_profit
2022-10-13,2022-10-13 12:55:00-03:00,2022-10-13 13:10:00-03:00,long,5279.0,5288.5,9.5,91.0,take_profit
2022-10-13,2022-10-13 13:15:00-03:00,2022-10-13 13:25:00-03:00,long,5291.5,5300.5,9.0,86.0,take_profit
2022-10-14,2022-10-14 12:20:00-03:00,2022-10-14 12:35:00-03:00,long,5347.0,5340.0,-7.0,-74.0,stop_loss
2022-10-17,2022-10-17 14:20:00-03:00,2022-10-17 14:55:00-03:00,short,5299.5,5293.0,6.5,61.0,take_profit
2022-10-18,2022-10-18 10:55:00-03:00,2022-10-18 11:00:00-03:00,short,5287.0,5294.5,-7.5,-79.0,stop_loss
2022-10-18,2022-10-18 14:40:00-03:00,2022-10-19 06:00:00-03:00,short,5251.5,5290.0,-38.5,-389.0,stop_gap_open
2022-10-19,2022-10-19 10:50:00-03:00,2022-10-19 11:00:00-03:00,long,5304.0,5297.0,-7.0,-74.0,stop_loss
2022-10-19,2022-10-19 14:45:00-03:00,2022-10-19 14:50:00-03:00,long,5294.0,5289.5,-4.5,-49.0,stop_loss
2022-10-20,2022-10-20 14:15:00-03:00,2022-10-20 14:30:00-03:00,short,5223.0,5227.5,-4.5,-49.0,stop_loss
2022-10-24,2022-10-24 10:40:00-03:00,2022-10-24 10:50:00-03:00,long,5303.0,5295.5,-7.5,-79.0,stop_loss
2022-10-26,2022-10-26 10:50:00-03:00,2022-10-26 10:55:00-03:00,long,5339.0,5352.0,13.0,126.0,target_gap_open
2022-10-28,2022-10-28 10:00:00-03:00,2022-10-28 10:15:00-03:00,long,5356.0,5346.5,-9.5,-99.0,stop_loss
2022-10-31,2022-10-31 11:10:00-03:00,2022-10-31 11:15:00-03:00,short,5256.0,5242.0,14.0,136.0,take_profit
2022-10-31,2022-10-31 11:20:00-03:00,2022-10-31 11:30:00-03:00,short,5249.5,5235.0,14.5,141.0,take_profit
2022-11-01,2022-11-01 12:00:00-03:00,2022-11-01 12:40:00-03:00,short,5133.0,5145.5,-12.5,-129.0,stop_loss
2022-11-04,2022-11-04 11:15:00-03:00,2022-11-04 11:45:00-03:00,short,5057.0,5065.0,-8.0,-84.0,stop_loss
2022-11-04,2022-11-04 12:45:00-03:00,2022-11-04 13:00:00-03:00,short,5050.0,5057.0,-7.0,-74.0,stop_loss
2022-11-07,2022-11-07 13:15:00-03:00,2022-11-07 13:20:00-03:00,long,5153.0,5161.0,8.0,76.0,take_profit
2022-11-07,2022-11-07 13:25:00-03:00,2022-11-07 13:30:00-03:00,long,5160.0,5172.0,12.0,116.0,target_gap_open
2022-11-08,2022-11-08 11:10:00-03:00,2022-11-08 11:20:00-03:00,long,5185.0,5175.0,-10.0,-104.0,stop_loss
2022-11-09,2022-11-09 12:20:00-03:00,2022-11-09 12:45:00-03:00,long,5187.5,5179.0,-8.5,-89.0,stop_loss
2022-11-09,2022-11-09 14:45:00-03:00,2022-11-09 15:25:00-03:00,long,5215.5,5207.0,-8.5,-89.0,stop_loss
2022-11-10,2022-11-10 12:50:00-03:00,2022-11-10 12:55:00-03:00,long,5380.5,5392.5,12.0,116.0,target_gap_open
2022-11-14,2022-11-14 13:20:00-03:00,2022-11-14 13:35:00-03:00,long,5345.5,5338.0,-7.5,-79.0,stop_loss
2022-11-14,2022-11-14 13:40:00-03:00,2022-11-14 13:50:00-03:00,short,5309.5,5297.0,12.5,121.0,take_profit
2022-11-16,2022-11-16 12:05:00-03:00,2022-11-16 12:30:00-03:00,long,5391.0,5406.0,15.0,146.0,take_profit
2022-11-16,2022-11-17 06:05:00-03:00,2022-11-17 06:10:00-03:00,long,5514.5,5507.5,-7.0,-74.0,ambiguous_stop_first
2022-11-18,2022-11-18 12:00:00-03:00,2022-11-18 12:05:00-03:00,short,5353.5,5365.0,-11.5,-119.0,stop_loss
2022-11-21,2022-11-21 12:15:00-03:00,2022-11-21 13:15:00-03:00,short,5319.5,5318.0,1.5,11.0,max_hold
2022-11-22,2022-11-22 12:15:00-03:00,2022-11-22 12:20:00-03:00,long,5374.0,5366.5,-7.5,-79.0,stop_loss
2022-11-22,2022-11-22 13:05:00-03:00,2022-11-22 13:20:00-03:00,long,5380.5,5390.0,9.5,91.0,take_profit
2022-11-23,2022-11-23 12:55:00-03:00,2022-11-23 13:00:00-03:00,long,5406.0,5399.0,-7.0,-74.0,stop_loss
2022-11-28,2022-11-28 11:35:00-03:00,2022-11-28 11:55:00-03:00,short,5357.5,5365.0,-7.5,-79.0,stop_loss
2022-11-29,2022-11-29 10:30:00-03:00,2022-11-29 10:55:00-03:00,short,5287.0,5295.5,-8.5,-89.0,stop_loss
2022-11-29,2022-11-29 15:10:00-03:00,2022-11-29 15:15:00-03:00,short,5276.0,5281.0,-5.0,-54.0,stop_loss
2022-11-30,2022-11-30 12:05:00-03:00,2022-11-30 12:10:00-03:00,short,5277.5,5259.5,18.0,176.0,target_gap_open
2022-12-01,2022-12-01 11:35:00-03:00,2022-12-01 11:45:00-03:00,short,5205.5,5214.5,-9.0,-94.0,stop_loss
2022-12-01,2022-12-01 15:20:00-03:00,2022-12-02 06:05:00-03:00,short,5219.0,5213.5,5.5,51.0,take_profit
2022-12-02,2022-12-02 13:00:00-03:00,2022-12-02 13:15:00-03:00,long,5252.5,5246.0,-6.5,-69.0,stop_loss
2022-12-06,2022-12-06 13:35:00-03:00,2022-12-06 14:30:00-03:00,long,5297.5,5291.0,-6.5,-69.0,stop_loss
2022-12-07,2022-12-07 11:20:00-03:00,2022-12-07 11:25:00-03:00,short,5233.0,5225.5,7.5,71.0,take_profit
2022-12-08,2022-12-08 09:05:00-03:00,2022-12-08 09:30:00-03:00,short,5221.5,5229.5,-8.0,-84.0,stop_loss
2022-12-14,2022-12-14 09:05:00-03:00,2022-12-14 09:20:00-03:00,long,5367.5,5357.0,-10.5,-109.0,stop_loss
2022-12-15,2022-12-15 13:30:00-03:00,2022-12-15 13:35:00-03:00,long,5339.5,5332.5,-7.0,-74.0,stop_loss
2022-12-16,2022-12-16 10:20:00-03:00,2022-12-16 10:25:00-03:00,short,5279.0,5286.0,-7.0,-74.0,stop_loss
2022-12-19,2022-12-19 11:45:00-03:00,2022-12-19 12:00:00-03:00,long,5333.5,5327.5,-6.0,-64.0,stop_loss
2022-12-19,2022-12-19 13:50:00-03:00,2022-12-19 14:00:00-03:00,long,5325.5,5320.0,-5.5,-59.0,stop_loss
2022-12-19,2022-12-19 14:35:00-03:00,2022-12-19 14:55:00-03:00,short,5305.0,5310.5,-5.5,-59.0,stop_loss
2022-12-20,2022-12-21 06:00:00-03:00,2022-12-21 06:05:00-03:00,short,5209.0,5199.0,10.0,96.0,target_gap_open
2022-12-21,2022-12-21 09:40:00-03:00,2022-12-21 09:55:00-03:00,short,5202.0,5212.0,-10.0,-104.0,stop_loss
2022-12-22,2022-12-23 06:00:00-03:00,2022-12-23 06:05:00-03:00,short,5178.0,5171.5,6.5,61.0,take_profit
2022-12-26,2022-12-26 10:55:00-03:00,2022-12-26 11:00:00-03:00,long,5204.0,5209.0,5.0,46.0,take_profit
2022-12-26,2022-12-26 11:05:00-03:00,2022-12-26 11:15:00-03:00,long,5209.5,5214.5,5.0,46.0,take_profit
2022-12-27,2022-12-27 09:55:00-03:00,2022-12-27 10:15:00-03:00,long,5288.5,5281.5,-7.0,-74.0,stop_loss
2022-12-27,2022-12-27 11:50:00-03:00,2022-12-27 11:55:00-03:00,long,5293.5,5299.5,6.0,56.0,take_profit
2022-12-27,2022-12-27 15:10:00-03:00,2022-12-27 15:15:00-03:00,long,5295.5,5291.5,-4.0,-44.0,stop_loss
2022-12-29,2022-12-29 11:10:00-03:00,2022-12-29 11:15:00-03:00,long,5294.5,5304.0,9.5,91.0,take_profit
2022-12-29,2022-12-29 15:10:00-03:00,2023-01-02 06:00:00-03:00,long,5319.5,5327.0,7.5,71.0,target_gap_open
2023-01-02,2023-01-02 11:35:00-03:00,2023-01-02 11:45:00-03:00,long,5378.0,5384.0,6.0,56.0,take_profit
2023-01-02,2023-01-02 11:50:00-03:00,2023-01-02 11:55:00-03:00,long,5383.5,5389.5,6.0,56.0,take_profit
2023-01-03,2023-01-03 13:35:00-03:00,2023-01-03 13:40:00-03:00,long,5486.0,5495.0,9.0,86.0,take_profit
2023-01-03,2023-01-03 13:45:00-03:00,2023-01-03 13:50:00-03:00,long,5492.5,5484.0,-8.5,-89.0,stop_gap_open
2023-01-03,2023-01-03 15:25:00-03:00,2023-01-04 06:00:00-03:00,long,5502.5,5475.0,-27.5,-279.0,stop_gap_open
2023-01-05,2023-01-05 11:55:00-03:00,2023-01-05 12:05:00-03:00,short,5405.5,5398.0,7.5,71.0,take_profit
2023-01-05,2023-01-05 12:10:00-03:00,2023-01-05 12:20:00-03:00,short,5396.0,5388.0,8.0,76.0,take_profit
2023-01-05,2023-01-05 12:25:00-03:00,2023-01-05 12:50:00-03:00,short,5385.5,5393.0,-7.5,-79.0,stop_loss
2023-01-05,2023-01-05 13:55:00-03:00,2023-01-05 14:15:00-03:00,short,5381.0,5386.5,-5.5,-59.0,stop_loss
2023-01-06,2023-01-06 12:20:00-03:00,2023-01-06 12:25:00-03:00,short,5270.5,5263.5,7.0,66.0,take_profit
2023-01-06,2023-01-06 12:30:00-03:00,2023-01-06 12:35:00-03:00,short,5261.0,5269.0,-8.0,-84.0,stop_gap_open
2023-01-10,2023-01-10 13:00:00-03:00,2023-01-10 13:30:00-03:00,short,5228.5,5222.0,6.5,61.0,take_profit
2023-01-11,2023-01-11 11:00:00-03:00,2023-01-11 11:05:00-03:00,short,5217.0,5222.5,-5.5,-59.0,stop_loss
2023-01-11,2023-01-11 14:40:00-03:00,2023-01-11 14:55:00-03:00,short,5191.5,5186.0,5.5,51.0,take_profit
2023-01-13,2023-01-13 11:25:00-03:00,2023-01-13 11:45:00-03:00,short,5099.0,5106.5,-7.5,-79.0,stop_loss
2023-01-13,2023-01-13 15:25:00-03:00,2023-01-16 06:00:00-03:00,short,5111.5,5139.0,-27.5,-279.0,stop_gap_open
2023-01-16,2023-01-16 12:05:00-03:00,2023-01-16 12:15:00-03:00,long,5149.5,5155.5,6.0,56.0,take_profit
2023-01-17,2023-01-17 10:55:00-03:00,2023-01-17 11:15:00-03:00,short,5113.5,5120.0,-6.5,-69.0,stop_loss
2023-01-17,2023-01-17 13:35:00-03:00,2023-01-17 13:45:00-03:00,short,5115.0,5120.0,-5.0,-54.0,stop_loss
2023-01-17,2023-01-18 06:00:00-03:00,2023-01-18 06:05:00-03:00,short,5106.0,5091.0,15.0,146.0,target_gap_open
2023-01-18,2023-01-18 13:15:00-03:00,2023-01-18 13:25:00-03:00,long,5181.0,5173.0,-8.0,-84.0,stop_loss
2023-01-18,2023-01-18 14:55:00-03:00,2023-01-18 15:00:00-03:00,long,5182.5,5192.5,10.0,96.0,target_gap_open
2023-01-18,2023-01-18 15:05:00-03:00,2023-01-18 15:10:00-03:00,long,5194.5,5201.0,6.5,61.0,take_profit
2023-01-19,2023-01-19 14:50:00-03:00,2023-01-19 14:55:00-03:00,long,5195.5,5190.0,-5.5,-59.0,stop_loss
2023-01-20,2023-01-20 14:20:00-03:00,2023-01-20 14:25:00-03:00,long,5226.0,5219.5,-6.5,-69.0,stop_loss
2023-01-23,2023-01-23 15:20:00-03:00,2023-01-23 15:25:00-03:00,long,5212.0,5217.0,5.0,46.0,take_profit
2023-01-23,2023-01-24 06:10:00-03:00,2023-01-24 06:15:00-03:00,long,5221.0,5216.5,-4.5,-49.0,stop_loss
2023-01-24,2023-01-24 10:50:00-03:00,2023-01-24 11:20:00-03:00,short,5153.0,5159.0,-6.0,-64.0,stop_loss
2023-01-24,2023-01-24 13:40:00-03:00,2023-01-24 13:55:00-03:00,short,5153.0,5148.5,4.5,41.0,take_profit
2023-01-24,2023-01-24 14:00:00-03:00,2023-01-24 14:05:00-03:00,short,5150.0,5145.5,4.5,41.0,target_gap_open
2023-01-24,2023-01-24 14:10:00-03:00,2023-01-24 14:30:00-03:00,short,5145.5,5149.0,-3.5,-39.0,stop_loss
2023-01-25,2023-01-25 12:05:00-03:00,2023-01-25 12:25:00-03:00,short,5084.5,5078.0,6.5,61.0,take_profit
2023-01-25,2023-01-25 15:20:00-03:00,2023-01-25 15:25:00-03:00,short,5079.0,5082.5,-3.5,-39.0,stop_gap_open
2023-01-27,2023-01-27 12:00:00-03:00,2023-01-27 12:05:00-03:00,long,5105.5,5115.5,10.0,96.0,target_gap_open
2023-01-30,2023-01-30 10:35:00-03:00,2023-01-30 11:00:00-03:00,long,5103.0,5110.5,7.5,71.0,take_profit
2023-01-30,2023-01-30 14:50:00-03:00,2023-01-30 14:55:00-03:00,long,5124.5,5120.0,-4.5,-49.0,stop_loss
2023-01-31,2023-01-31 12:50:00-03:00,2023-01-31 13:30:00-03:00,short,5104.5,5098.5,6.0,56.0,take_profit
2023-02-01,2023-02-01 11:05:00-03:00,2023-02-01 11:10:00-03:00,short,5094.5,5099.5,-5.0,-54.0,stop_loss
2023-02-03,2023-02-03 10:45:00-03:00,2023-02-03 11:20:00-03:00,long,5153.5,5145.5,-8.0,-84.0,stop_loss
2023-02-03,2023-02-03 13:55:00-03:00,2023-02-03 14:05:00-03:00,long,5167.5,5162.5,-5.0,-54.0,stop_loss
2023-02-07,2023-02-07 11:35:00-03:00,2023-02-07 11:40:00-03:00,long,5213.5,5207.0,-6.5,-69.0,stop_loss
2023-02-07,2023-02-07 15:05:00-03:00,2023-02-07 15:10:00-03:00,long,5228.0,5235.0,7.0,66.0,take_profit
2023-02-09,2023-02-09 12:50:00-03:00,2023-02-09 12:55:00-03:00,long,5269.5,5280.0,10.5,101.0,take_profit
2023-02-09,2023-02-09 15:05:00-03:00,2023-02-09 15:15:00-03:00,long,5299.5,5308.0,8.5,81.0,take_profit
2023-02-09,2023-02-09 15:20:00-03:00,2023-02-10 06:00:00-03:00,long,5305.5,5321.0,15.5,151.0,target_gap_open
2023-02-10,2023-02-10 14:35:00-03:00,2023-02-10 14:40:00-03:00,short,5225.5,5230.5,-5.0,-54.0,stop_loss
2023-02-13,2023-02-13 14:35:00-03:00,2023-02-13 15:00:00-03:00,short,5185.0,5180.0,5.0,46.0,take_profit
2023-02-13,2023-02-13 15:05:00-03:00,2023-02-13 15:20:00-03:00,short,5177.0,5172.0,5.0,46.0,take_profit
2023-02-17,2023-02-17 09:05:00-03:00,2023-02-17 09:10:00-03:00,short,5203.5,5195.0,8.5,81.0,take_profit
2023-02-17,2023-02-17 10:40:00-03:00,2023-02-17 11:00:00-03:00,short,5184.0,5176.0,8.0,76.0,take_profit
2023-02-22,2023-02-22 15:00:00-03:00,2023-02-22 15:25:00-03:00,short,5166.0,5159.5,6.5,61.0,take_profit
2023-02-22,2023-02-23 06:00:00-03:00,2023-02-23 06:05:00-03:00,short,5148.0,5141.5,6.5,61.0,take_profit
2023-02-23,2023-02-23 15:10:00-03:00,2023-02-23 15:15:00-03:00,short,5134.0,5138.0,-4.0,-44.0,stop_loss
2023-02-24,2023-02-24 11:50:00-03:00,2023-02-24 11:55:00-03:00,long,5201.0,5207.5,6.5,61.0,take_profit
2023-02-24,2023-02-24 15:15:00-03:00,2023-02-24 15:20:00-03:00,long,5212.0,5217.0,5.0,46.0,target_gap_open
2023-02-28,2023-02-28 10:15:00-03:00,2023-02-28 10:30:00-03:00,long,5260.0,5270.5,10.5,101.0,take_profit
2023-02-28,2023-02-28 14:50:00-03:00,2023-02-28 15:05:00-03:00,long,5270.0,5277.0,7.0,66.0,take_profit
2023-03-01,2023-03-01 14:40:00-03:00,2023-03-01 14:55:00-03:00,short,5219.0,5214.0,5.0,46.0,take_profit
2023-03-02,2023-03-02 14:55:00-03:00,2023-03-02 15:00:00-03:00,long,5247.5,5243.0,-4.5,-49.0,stop_loss
2023-03-06,2023-03-06 13:10:00-03:00,2023-03-06 14:10:00-03:00,short,5196.0,5195.0,1.0,6.0,max_hold
2023-03-06,2023-03-06 14:50:00-03:00,2023-03-06 15:05:00-03:00,short,5190.0,5186.0,4.0,36.0,take_profit
2023-03-07,2023-03-07 15:15:00-03:00,2023-03-07 15:20:00-03:00,long,5224.0,5219.5,-4.5,-49.0,stop_gap_open
2023-03-08,2023-03-08 14:10:00-03:00,2023-03-08 14:50:00-03:00,short,5162.5,5158.0,4.5,41.0,take_profit
2023-03-08,2023-03-08 14:55:00-03:00,2023-03-08 15:15:00-03:00,short,5157.0,5160.5,-3.5,-39.0,stop_loss
2023-03-10,2023-03-10 10:55:00-03:00,2023-03-10 11:10:00-03:00,long,5205.0,5214.5,9.5,91.0,take_profit
2023-03-10,2023-03-10 12:30:00-03:00,2023-03-10 12:45:00-03:00,long,5229.5,5237.0,7.5,71.0,take_profit
2023-03-10,2023-03-10 15:15:00-03:00,2023-03-10 15:20:00-03:00,long,5242.0,5238.0,-4.0,-44.0,stop_loss
2023-03-13,2023-03-13 11:25:00-03:00,2023-03-13 11:35:00-03:00,long,5272.0,5265.0,-7.0,-74.0,stop_loss
2023-03-13,2023-03-13 13:00:00-03:00,2023-03-13 13:20:00-03:00,long,5278.0,5285.0,7.0,66.0,take_profit
2023-03-14,2023-03-14 09:35:00-03:00,2023-03-14 09:45:00-03:00,long,5260.0,5268.5,8.5,81.0,take_profit
2023-03-14,2023-03-14 13:10:00-03:00,2023-03-14 13:15:00-03:00,long,5274.0,5280.5,6.5,61.0,take_profit
2023-03-14,2023-03-14 13:20:00-03:00,2023-03-14 13:35:00-03:00,long,5276.5,5271.0,-5.5,-59.0,stop_loss
2023-03-16,2023-03-16 12:40:00-03:00,2023-03-16 12:45:00-03:00,short,5270.5,5264.0,6.5,61.0,take_profit
2023-03-16,2023-03-16 14:30:00-03:00,2023-03-16 14:35:00-03:00,short,5248.5,5253.5,-5.0,-54.0,stop_gap_open
2023-03-16,2023-03-16 14:45:00-03:00,2023-03-16 14:50:00-03:00,short,5246.5,5251.0,-4.5,-49.0,stop_loss
2023-03-17,2023-03-17 10:30:00-03:00,2023-03-17 11:15:00-03:00,short,5286.5,5291.5,-5.0,-54.0,stop_loss
2023-03-17,2023-03-20 06:00:00-03:00,2023-03-20 06:05:00-03:00,long,5286.0,5282.0,-4.0,-44.0,stop_loss
2023-03-20,2023-03-20 13:35:00-03:00,2023-03-20 13:40:00-03:00,short,5251.5,5255.0,-3.5,-39.0,stop_loss
2023-03-20,2023-03-20 14:30:00-03:00,2023-03-20 14:55:00-03:00,short,5251.0,5254.5,-3.5,-39.0,stop_loss
2023-03-23,2023-03-23 12:45:00-03:00,2023-03-23 12:55:00-03:00,long,5295.0,5302.5,7.5,71.0,take_profit
2023-03-23,2023-03-23 14:45:00-03:00,2023-03-23 14:55:00-03:00,long,5301.0,5306.5,5.5,51.0,take_profit
2023-03-23,2023-03-24 06:00:00-03:00,2023-03-24 06:05:00-03:00,long,5330.0,5320.0,-10.0,-104.0,stop_gap_open
2023-03-24,2023-03-24 14:30:00-03:00,2023-03-27 06:00:00-03:00,short,5252.0,5256.0,-4.0,-44.0,stop_gap_open
2023-03-27,2023-03-27 12:25:00-03:00,2023-03-27 12:40:00-03:00,short,5221.5,5217.0,4.5,41.0,take_profit
2023-03-27,2023-03-27 12:45:00-03:00,2023-03-27 13:45:00-03:00,short,5218.5,5215.0,3.5,31.0,max_hold
2023-03-27,2023-03-27 14:30:00-03:00,2023-03-27 14:35:00-03:00,short,5206.5,5203.0,3.5,31.0,take_profit
2023-03-27,2023-03-27 14:40:00-03:00,2023-03-28 06:00:00-03:00,short,5202.0,5198.0,4.0,36.0,take_profit
2023-03-30,2023-03-30 10:20:00-03:00,2023-03-30 10:55:00-03:00,short,5103.5,5111.5,-8.0,-84.0,stop_loss
2023-03-31,2023-03-31 14:50:00-03:00,2023-04-03 06:00:00-03:00,short,5086.5,5078.5,8.0,76.0,target_gap_open
2023-04-03,2023-04-03 11:15:00-03:00,2023-04-03 11:25:00-03:00,short,5084.5,5089.0,-4.5,-49.0,stop_loss
2023-04-04,2023-04-04 12:35:00-03:00,2023-04-04 13:15:00-03:00,long,5108.5,5105.5,-3.0,-34.0,stop_loss
2023-04-05,2023-04-05 13:45:00-03:00,2023-04-05 14:00:00-03:00,short,5070.0,5066.0,4.0,36.0,take_profit
2023-04-05,2023-04-05 14:05:00-03:00,2023-04-05 14:40:00-03:00,short,5066.0,5062.0,4.0,36.0,take_profit
2023-04-06,2023-04-06 11:30:00-03:00,2023-04-06 11:35:00-03:00,short,5073.5,5079.5,-6.0,-64.0,stop_gap_open
2023-04-06,2023-04-06 12:40:00-03:00,2023-04-06 13:00:00-03:00,short,5073.0,5077.0,-4.0,-44.0,stop_loss
2023-04-06,2023-04-06 14:40:00-03:00,2023-04-06 14:45:00-03:00,short,5073.0,5075.5,-2.5,-29.0,stop_loss
2023-04-11,2023-04-11 11:05:00-03:00,2023-04-11 11:10:00-03:00,short,5021.0,5024.5,-3.5,-39.0,stop_loss
2023-04-11,2023-04-11 11:40:00-03:00,2023-04-11 12:00:00-03:00,short,5018.0,5021.5,-3.5,-39.0,stop_loss
2023-04-11,2023-04-11 14:25:00-03:00,2023-04-11 14:30:00-03:00,short,5016.5,5019.0,-2.5,-29.0,stop_loss
2023-04-12,2023-04-12 14:15:00-03:00,2023-04-12 14:45:00-03:00,short,4942.5,4937.0,5.5,51.0,take_profit
2023-04-13,2023-04-13 09:45:00-03:00,2023-04-13 09:50:00-03:00,short,4909.0,4915.5,-6.5,-69.0,stop_loss
2023-04-14,2023-04-14 12:40:00-03:00,2023-04-14 12:45:00-03:00,short,4933.0,4927.5,5.5,51.0,take_profit
2023-04-14,2023-04-14 12:50:00-03:00,2023-04-14 12:55:00-03:00,short,4927.0,4931.5,-4.5,-49.0,stop_loss
2023-04-14,2023-04-14 14:35:00-03:00,2023-04-14 14:55:00-03:00,short,4921.0,4917.5,3.5,31.0,take_profit
2023-04-18,2023-04-18 12:05:00-03:00,2023-04-18 12:10:00-03:00,long,4984.5,4991.0,6.5,61.0,target_gap_open
2023-04-18,2023-04-18 14:45:00-03:00,2023-04-18 14:50:00-03:00,long,4993.5,4989.5,-4.0,-44.0,stop_loss
2023-04-19,2023-04-19 11:20:00-03:00,2023-04-19 11:45:00-03:00,long,5065.0,5070.5,5.5,51.0,take_profit
2023-04-19,2023-04-19 14:00:00-03:00,2023-04-19 14:10:00-03:00,long,5093.5,5089.0,-4.5,-49.0,stop_loss
2023-04-20,2023-04-20 13:00:00-03:00,2023-04-20 13:25:00-03:00,long,5054.0,5058.0,4.0,36.0,take_profit
2023-04-24,2023-04-24 12:20:00-03:00,2023-04-24 12:25:00-03:00,short,5048.5,5043.5,5.0,46.0,take_profit
2023-04-24,2023-04-24 12:30:00-03:00,2023-04-24 12:35:00-03:00,short,5044.5,5048.5,-4.0,-44.0,stop_loss
2023-04-24,2023-04-25 06:00:00-03:00,2023-04-25 06:05:00-03:00,short,5050.5,5056.5,-6.0,-64.0,stop_gap_open
2023-04-26,2023-04-26 14:50:00-03:00,2023-04-26 14:55:00-03:00,short,5053.5,5045.0,8.5,81.0,target_gap_open
2023-04-27,2023-04-27 11:10:00-03:00,2023-04-27 11:15:00-03:00,short,5006.5,5001.0,5.5,51.0,target_gap_open
2023-04-27,2023-04-27 11:20:00-03:00,2023-04-27 11:25:00-03:00,short,4996.0,5000.5,-4.5,-49.0,stop_loss
2023-04-27,2023-04-27 14:35:00-03:00,2023-04-27 14:50:00-03:00,short,4977.5,4981.5,-4.0,-44.0,stop_loss
2023-04-28,2023-05-02 06:00:00-03:00,2023-05-02 06:05:00-03:00,short,5029.0,5032.0,-3.0,-34.0,ambiguous_stop_first
2023-05-02,2023-05-02 14:45:00-03:00,2023-05-02 14:50:00-03:00,long,5079.5,5077.0,-2.5,-29.0,stop_loss
2023-05-04,2023-05-04 14:10:00-03:00,2023-05-04 14:55:00-03:00,short,5014.0,5009.5,4.5,41.0,take_profit
2023-05-08,2023-05-08 12:05:00-03:00,2023-05-08 12:10:00-03:00,long,5026.5,5034.0,7.5,71.0,target_gap_open
2023-05-10,2023-05-10 14:45:00-03:00,2023-05-10 14:55:00-03:00,short,4967.0,4963.5,3.5,31.0,take_profit
2023-05-10,2023-05-11 06:00:00-03:00,2023-05-11 06:05:00-03:00,short,4977.0,4980.5,-3.5,-39.0,stop_gap_open
2023-05-11,2023-05-11 11:20:00-03:00,2023-05-11 11:25:00-03:00,short,4966.0,4970.5,-4.5,-49.0,stop_loss
2023-05-11,2023-05-11 12:00:00-03:00,2023-05-11 12:10:00-03:00,short,4964.5,4959.0,5.5,51.0,take_profit
2023-05-11,2023-05-11 14:25:00-03:00,2023-05-11 14:55:00-03:00,short,4950.0,4953.5,-3.5,-39.0,stop_loss
2023-05-18,2023-05-18 11:00:00-03:00,2023-05-18 11:20:00-03:00,long,4988.5,4985.0,-3.5,-39.0,stop_loss
2023-05-19,2023-05-19 11:50:00-03:00,2023-05-19 12:00:00-03:00,long,5001.0,5006.0,5.0,46.0,take_profit
2023-05-22,2023-05-22 11:35:00-03:00,2023-05-22 11:45:00-03:00,short,4971.0,4967.0,4.0,36.0,take_profit
2023-05-24,2023-05-24 09:25:00-03:00,2023-05-24 09:55:00-03:00,short,4955.0,4949.5,5.5,51.0,take_profit
2023-05-24,2023-05-24 10:00:00-03:00,2023-05-24 10:10:00-03:00,short,4950.0,4954.0,-4.0,-44.0,stop_loss
2023-05-24,2023-05-24 12:15:00-03:00,2023-05-24 12:20:00-03:00,short,4947.0,4951.0,-4.0,-44.0,stop_loss
2023-05-25,2023-05-25 14:50:00-03:00,2023-05-25 14:55:00-03:00,long,5046.5,5042.0,-4.5,-49.0,stop_loss
2023-05-29,2023-05-29 11:20:00-03:00,2023-05-29 11:35:00-03:00,long,5012.5,5016.0,3.5,31.0,take_profit
2023-05-29,2023-05-29 11:40:00-03:00,2023-05-29 11:45:00-03:00,long,5017.5,5014.5,-3.0,-34.0,stop_loss
2023-05-29,2023-05-29 14:25:00-03:00,2023-05-29 14:30:00-03:00,long,5022.5,5019.5,-3.0,-34.0,stop_loss
2023-05-30,2023-05-30 10:05:00-03:00,2023-05-30 10:10:00-03:00,long,5066.5,5061.0,-5.5,-59.0,stop_loss
2023-06-01,2023-06-01 09:05:00-03:00,2023-06-01 09:40:00-03:00,short,5059.5,5049.5,10.0,96.0,take_profit
2023-06-01,2023-06-01 12:30:00-03:00,2023-06-01 12:35:00-03:00,short,5033.5,5038.0,-4.5,-49.0,stop_loss
2023-06-02,2023-06-02 13:10:00-03:00,2023-06-02 13:35:00-03:00,short,4984.5,4981.0,3.5,31.0,take_profit
2023-06-05,2023-06-05 12:00:00-03:00,2023-06-05 12:05:00-03:00,short,4938.5,4942.0,-3.5,-39.0,stop_loss
2023-06-06,2023-06-06 14:45:00-03:00,2023-06-06 14:55:00-03:00,short,4931.0,4933.5,-2.5,-29.0,stop_loss
2023-06-07,2023-06-09 06:00:00-03:00,2023-06-09 06:05:00-03:00,long,4936.0,4940.0,4.0,36.0,take_profit
2023-06-09,2023-06-09 11:00:00-03:00,2023-06-09 11:10:00-03:00,short,4894.0,4898.5,-4.5,-49.0,stop_loss
2023-06-12,2023-06-12 12:55:00-03:00,2023-06-12 13:05:00-03:00,short,4885.0,4881.0,4.0,36.0,take_profit
2023-06-12,2023-06-12 13:10:00-03:00,2023-06-12 14:10:00-03:00,short,4884.0,4883.5,0.5,1.0,max_hold
2023-06-12,2023-06-12 14:40:00-03:00,2023-06-12 14:55:00-03:00,short,4882.0,4884.5,-2.5,-29.0,stop_loss
2023-06-14,2023-06-14 10:20:00-03:00,2023-06-14 10:30:00-03:00,short,4849.5,4853.0,-3.5,-39.0,stop_loss
2023-06-15,2023-06-15 11:30:00-03:00,2023-06-15 12:20:00-03:00,short,4813.5,4818.5,-5.0,-54.0,stop_loss
2023-06-16,2023-06-16 14:40:00-03:00,2023-06-16 14:45:00-03:00,short,4824.5,4827.5,-3.0,-34.0,stop_loss
2023-06-19,2023-06-19 11:05:00-03:00,2023-06-19 11:10:00-03:00,short,4775.0,4778.5,-3.5,-39.0,stop_loss
2023-06-20,2023-06-20 14:00:00-03:00,2023-06-20 14:10:00-03:00,long,4804.0,4800.5,-3.5,-39.0,stop_loss
2023-06-21,2023-06-21 12:25:00-03:00,2023-06-21 12:30:00-03:00,short,4768.5,4771.5,-3.0,-34.0,stop_gap_open
2023-06-21,2023-06-22 06:00:00-03:00,2023-06-22 06:05:00-03:00,short,4773.0,4769.0,4.0,36.0,target_gap_open
2023-06-23,2023-06-23 11:55:00-03:00,2023-06-23 12:20:00-03:00,short,4778.0,4782.0,-4.0,-44.0,stop_loss
2023-06-23,2023-06-23 14:40:00-03:00,2023-06-23 14:45:00-03:00,long,4788.0,4791.0,3.0,26.0,take_profit
2023-06-23,2023-06-23 14:50:00-03:00,2023-06-23 14:55:00-03:00,long,4791.5,4789.0,-2.5,-29.0,ambiguous_stop_first
2023-06-23,2023-06-26 06:00:00-03:00,2023-06-26 06:05:00-03:00,long,4785.0,4779.0,-6.0,-64.0,stop_gap_open
2023-06-26,2023-06-26 11:05:00-03:00,2023-06-26 11:10:00-03:00,short,4769.0,4772.0,-3.0,-34.0,stop_loss
2023-06-26,2023-06-26 12:35:00-03:00,2023-06-26 13:20:00-03:00,short,4766.0,4769.0,-3.0,-34.0,stop_loss
2023-06-27,2023-06-27 12:40:00-03:00,2023-06-27 12:45:00-03:00,long,4805.5,4802.0,-3.5,-39.0,stop_gap_open
2023-06-28,2023-06-28 13:35:00-03:00,2023-06-28 13:45:00-03:00,long,4847.0,4851.5,4.5,41.0,take_profit
2023-07-03,2023-07-03 14:50:00-03:00,2023-07-03 14:55:00-03:00,long,4831.0,4834.0,3.0,26.0,take_profit
2023-07-03,2023-07-04 06:00:00-03:00,2023-07-04 06:05:00-03:00,long,4823.0,4819.0,-4.0,-44.0,stop_gap_open
2023-07-04,2023-07-04 10:35:00-03:00,2023-07-04 11:35:00-03:00,long,4847.5,4852.0,4.5,41.0,take_profit
2023-07-04,2023-07-04 11:40:00-03:00,2023-07-04 11:55:00-03:00,long,4856.0,4860.0,4.0,36.0,take_profit
2023-07-04,2023-07-04 14:05:00-03:00,2023-07-04 14:10:00-03:00,long,4867.0,4871.0,4.0,36.0,take_profit
2023-07-05,2023-07-05 13:50:00-03:00,2023-07-05 14:05:00-03:00,long,4872.5,4869.0,-3.5,-39.0,stop_loss
2023-07-06,2023-07-06 14:15:00-03:00,2023-07-06 14:25:00-03:00,long,4960.0,4956.5,-3.5,-39.0,stop_loss
2023-07-07,2023-07-07 10:05:00-03:00,2023-07-07 10:10:00-03:00,short,4882.5,4876.5,6.0,56.0,take_profit
2023-07-07,2023-07-07 10:15:00-03:00,2023-07-07 10:45:00-03:00,short,4876.5,4882.0,-5.5,-59.0,stop_loss
2023-07-07,2023-07-07 11:35:00-03:00,2023-07-07 11:45:00-03:00,short,4870.5,4875.0,-4.5,-49.0,stop_loss
2023-07-10,2023-07-10 14:10:00-03:00,2023-07-10 14:20:00-03:00,long,4909.5,4913.5,4.0,36.0,take_profit
2023-07-10,2023-07-10 14:25:00-03:00,2023-07-10 14:40:00-03:00,long,4913.5,4917.5,4.0,36.0,take_profit
2023-07-11,2023-07-11 13:10:00-03:00,2023-07-11 14:10:00-03:00,short,4876.5,4878.0,-1.5,-19.0,max_hold
2023-07-11,2023-07-11 14:40:00-03:00,2023-07-11 14:55:00-03:00,short,4872.0,4875.0,-3.0,-34.0,stop_loss
2023-07-13,2023-07-13 13:00:00-03:00,2023-07-13 13:15:00-03:00,short,4803.0,4807.5,-4.5,-49.0,stop_loss
2023-07-14,2023-07-14 12:05:00-03:00,2023-07-14 12:10:00-03:00,short,4814.5,4809.0,5.5,51.0,take_profit
2023-07-17,2023-07-17 13:30:00-03:00,2023-07-17 13:35:00-03:00,long,4827.5,4824.5,-3.0,-34.0,stop_loss
2023-07-18,2023-07-18 12:40:00-03:00,2023-07-18 13:00:00-03:00,short,4821.0,4824.5,-3.5,-39.0,stop_loss
2023-07-19,2023-07-19 11:30:00-03:00,2023-07-19 12:25:00-03:00,short,4802.5,4798.5,4.0,36.0,take_profit
2023-07-24,2023-07-25 06:00:00-03:00,2023-07-25 06:05:00-03:00,short,4731.0,4733.5,-2.5,-29.0,ambiguous_stop_first
2023-07-25,2023-07-26 06:00:00-03:00,2023-07-26 06:05:00-03:00,long,4747.0,4739.0,-8.0,-84.0,stop_gap_open
2023-08-01,2023-08-01 10:55:00-03:00,2023-08-01 11:25:00-03:00,long,4817.0,4821.5,4.5,41.0,take_profit
2023-08-01,2023-08-01 14:50:00-03:00,2023-08-01 14:55:00-03:00,long,4821.5,4818.0,-3.5,-39.0,stop_gap_open
2023-08-03,2023-08-03 13:00:00-03:00,2023-08-03 13:05:00-03:00,long,4912.5,4908.5,-4.0,-44.0,stop_loss
2023-08-03,2023-08-03 13:15:00-03:00,2023-08-03 13:55:00-03:00,long,4916.0,4921.0,5.0,46.0,take_profit
2023-08-07,2023-08-07 14:25:00-03:00,2023-08-08 06:00:00-03:00,long,4922.5,4954.5,32.0,316.0,target_gap_open
2023-08-09,2023-08-09 11:15:00-03:00,2023-08-09 11:20:00-03:00,short,4916.0,4920.0,-4.0,-44.0,stop_loss
2023-08-11,2023-08-11 11:15:00-03:00,2023-08-11 11:25:00-03:00,long,4919.5,4915.0,-4.5,-49.0,stop_loss
2023-08-11,2023-08-11 13:00:00-03:00,2023-08-11 13:15:00-03:00,long,4920.0,4916.5,-3.5,-39.0,stop_loss
2023-08-11,2023-08-11 14:20:00-03:00,2023-08-11 14:55:00-03:00,long,4926.0,4923.0,-3.0,-34.0,stop_loss
2023-08-15,2023-08-15 10:20:00-03:00,2023-08-15 10:45:00-03:00,long,5002.5,5008.5,6.0,56.0,take_profit
2023-08-15,2023-08-15 12:55:00-03:00,2023-08-15 13:05:00-03:00,long,5006.5,5003.0,-3.5,-39.0,stop_loss
2023-08-16,2023-08-16 12:15:00-03:00,2023-08-16 12:20:00-03:00,long,4997.0,4984.5,-12.5,-129.0,stop_gap_open
2023-08-21,2023-08-21 14:20:00-03:00,2023-08-21 14:40:00-03:00,long,4994.5,4992.0,-2.5,-29.0,stop_loss
2023-08-22,2023-08-22 11:45:00-03:00,2023-08-22 11:50:00-03:00,short,4941.5,4944.5,-3.0,-34.0,stop_loss
2023-08-22,2023-08-22 12:00:00-03:00,2023-08-22 12:05:00-03:00,short,4941.5,4937.5,4.0,36.0,take_profit
2023-08-22,2023-08-22 12:10:00-03:00,2023-08-22 12:15:00-03:00,short,4938.0,4941.0,-3.0,-34.0,stop_loss
2023-08-24,2023-08-24 11:10:00-03:00,2023-08-24 11:35:00-03:00,short,4879.5,4883.5,-4.0,-44.0,stop_loss
2023-08-24,2023-08-24 12:00:00-03:00,2023-08-24 12:05:00-03:00,short,4876.0,4880.0,-4.0,-44.0,stop_loss
2023-08-25,2023-08-25 12:20:00-03:00,2023-08-25 13:20:00-03:00,short,4872.5,4873.0,-0.5,-9.0,max_hold
2023-08-28,2023-08-28 10:55:00-03:00,2023-08-28 11:15:00-03:00,long,4907.0,4911.5,4.5,41.0,take_profit
2023-08-29,2023-08-29 13:00:00-03:00,2023-08-29 13:05:00-03:00,short,4858.0,4861.5,-3.5,-39.0,stop_loss
2023-08-29,2023-08-29 13:15:00-03:00,2023-08-29 13:35:00-03:00,short,4857.0,4852.5,4.5,41.0,take_profit
2023-08-31,2023-08-31 11:35:00-03:00,2023-08-31 11:40:00-03:00,long,4966.5,4972.5,6.0,56.0,take_profit
2023-08-31,2023-08-31 11:45:00-03:00,2023-08-31 12:05:00-03:00,long,4972.0,4966.5,-5.5,-59.0,stop_loss
2023-08-31,2023-08-31 14:45:00-03:00,2023-08-31 14:55:00-03:00,long,4978.5,4974.5,-4.0,-44.0,stop_loss
2023-09-01,2023-09-01 14:35:00-03:00,2023-09-01 14:45:00-03:00,long,4965.0,4968.5,3.5,31.0,take_profit
2023-09-04,2023-09-04 14:20:00-03:00,2023-09-05 06:00:00-03:00,long,4958.0,4982.0,24.0,236.0,target_gap_open
2023-09-05,2023-09-05 11:30:00-03:00,2023-09-05 11:50:00-03:00,long,4991.0,4987.5,-3.5,-39.0,stop_loss
2023-09-05,2023-09-05 12:55:00-03:00,2023-09-05 13:00:00-03:00,long,4995.5,4999.5,4.0,36.0,take_profit
2023-09-05,2023-09-05 13:05:00-03:00,2023-09-05 13:30:00-03:00,long,5001.5,4998.0,-3.5,-39.0,stop_loss
2023-09-06,2023-09-06 10:50:00-03:00,2023-09-06 11:15:00-03:00,long,4998.0,4993.5,-4.5,-49.0,stop_loss
2023-09-06,2023-09-06 12:20:00-03:00,2023-09-06 12:55:00-03:00,long,5000.5,5005.5,5.0,46.0,take_profit
2023-09-08,2023-09-11 06:00:00-03:00,2023-09-11 06:05:00-03:00,long,4977.0,4982.0,5.0,46.0,target_gap_open
2023-09-11,2023-09-11 10:05:00-03:00,2023-09-11 10:10:00-03:00,short,4946.0,4949.5,-3.5,-39.0,stop_loss
2023-09-11,2023-09-11 10:20:00-03:00,2023-09-11 11:05:00-03:00,short,4944.5,4939.5,5.0,46.0,take_profit
2023-09-11,2023-09-11 14:00:00-03:00,2023-09-11 14:10:00-03:00,short,4945.5,4942.5,3.0,26.0,take_profit
2023-09-11,2023-09-11 14:15:00-03:00,2023-09-11 14:55:00-03:00,short,4943.5,4946.0,-2.5,-29.0,stop_loss
2023-09-13,2023-09-13 14:45:00-03:00,2023-09-13 14:50:00-03:00,short,4926.0,4928.0,-2.0,-24.0,stop_loss
2023-09-14,2023-09-14 14:00:00-03:00,2023-09-14 14:20:00-03:00,short,4884.0,4881.0,3.0,26.0,take_profit
2023-09-14,2023-09-14 14:25:00-03:00,2023-09-15 06:00:00-03:00,short,4881.0,4877.5,3.5,31.0,target_gap_open
2023-09-15,2023-09-15 11:55:00-03:00,2023-09-15 12:10:00-03:00,short,4874.5,4878.0,-3.5,-39.0,stop_loss
2023-09-15,2023-09-15 14:45:00-03:00,2023-09-15 14:50:00-03:00,short,4878.5,4876.0,2.5,21.0,take_profit
2023-09-15,2023-09-15 14:55:00-03:00,2023-09-18 06:00:00-03:00,short,4873.5,4884.0,-10.5,-109.0,stop_gap_open
2023-09-18,2023-09-18 11:55:00-03:00,2023-09-18 12:00:00-03:00,short,4854.0,4850.5,3.5,31.0,take_profit
2023-09-18,2023-09-18 12:05:00-03:00,2023-09-18 12:10:00-03:00,short,4853.5,4856.0,-2.5,-29.0,stop_loss
2023-09-19,2023-09-19 12:20:00-03:00,2023-09-19 12:35:00-03:00,long,4877.0,4880.0,3.0,26.0,take_profit
2023-09-20,2023-09-20 11:00:00-03:00,2023-09-20 11:05:00-03:00,short,4850.5,4854.5,-4.0,-44.0,stop_gap_open
2023-09-21,2023-09-21 12:15:00-03:00,2023-09-21 12:50:00-03:00,long,4935.5,4940.0,4.5,41.0,take_profit
2023-09-21,2023-09-21 14:05:00-03:00,2023-09-21 14:10:00-03:00,long,4943.0,4940.0,-3.0,-34.0,stop_gap_open
2023-09-21,2023-09-21 14:20:00-03:00,2023-09-21 14:25:00-03:00,long,4944.0,4941.0,-3.0,-34.0,stop_gap_open
2023-09-22,2023-09-22 10:30:00-03:00,2023-09-22 11:00:00-03:00,long,4927.0,4931.5,4.5,41.0,take_profit
2023-09-22,2023-09-22 12:55:00-03:00,2023-09-22 13:00:00-03:00,long,4935.5,4932.0,-3.5,-39.0,stop_loss
2023-09-22,2023-09-22 14:30:00-03:00,2023-09-22 14:55:00-03:00,long,4940.5,4938.0,-2.5,-29.0,stop_loss
2023-09-25,2023-09-25 12:50:00-03:00,2023-09-25 13:00:00-03:00,long,4973.0,4976.5,3.5,31.0,take_profit
2023-09-26,2023-09-26 09:20:00-03:00,2023-09-26 09:25:00-03:00,long,4975.0,4981.0,6.0,56.0,take_profit
2023-09-26,2023-09-26 11:40:00-03:00,2023-09-26 11:45:00-03:00,long,4988.5,4985.0,-3.5,-39.0,stop_gap_open
2023-09-28,2023-09-28 10:55:00-03:00,2023-09-28 11:10:00-03:00,long,5052.0,5046.0,-6.0,-64.0,stop_loss
2023-09-29,2023-09-29 14:50:00-03:00,2023-10-02 06:00:00-03:00,long,5054.5,5088.0,33.5,331.0,target_gap_open
2023-10-03,2023-10-03 12:05:00-03:00,2023-10-03 12:10:00-03:00,long,5158.5,5164.0,5.5,51.0,take_profit
2023-10-03,2023-10-03 14:40:00-03:00,2023-10-03 14:45:00-03:00,long,5183.0,5188.0,5.0,46.0,take_profit
2023-10-04,2023-10-04 14:10:00-03:00,2023-10-04 14:20:00-03:00,long,5176.5,5172.0,-4.5,-49.0,stop_loss
2023-10-05,2023-10-05 13:15:00-03:00,2023-10-05 13:35:00-03:00,long,5191.0,5187.0,-4.0,-44.0,stop_loss
2023-10-06,2023-10-06 14:35:00-03:00,2023-10-06 14:55:00-03:00,short,5170.0,5165.5,4.5,41.0,take_profit
2023-10-09,2023-10-09 11:15:00-03:00,2023-10-09 11:30:00-03:00,long,5188.0,5184.5,-3.5,-39.0,stop_loss
2023-10-09,2023-10-09 11:35:00-03:00,2023-10-09 11:40:00-03:00,short,5170.5,5165.5,5.0,46.0,take_profit
2023-10-10,2023-10-10 12:30:00-03:00,2023-10-10 12:45:00-03:00,short,5082.5,5077.5,5.0,46.0,take_profit
2023-10-11,2023-10-11 12:35:00-03:00,2023-10-11 12:55:00-03:00,short,5068.5,5073.0,-4.5,-49.0,stop_loss
2023-10-13,2023-10-13 11:20:00-03:00,2023-10-13 11:25:00-03:00,long,5096.5,5101.0,4.5,41.0,take_profit
2023-10-16,2023-10-16 12:00:00-03:00,2023-10-16 12:10:00-03:00,short,5060.0,5056.0,4.0,36.0,take_profit
2023-10-16,2023-10-16 14:00:00-03:00,2023-10-16 14:50:00-03:00,short,5047.5,5051.0,-3.5,-39.0,stop_loss
2023-10-17,2023-10-17 13:30:00-03:00,2023-10-17 13:55:00-03:00,short,5042.0,5046.0,-4.0,-44.0,stop_loss
2023-10-18,2023-10-18 13:10:00-03:00,2023-10-18 13:20:00-03:00,long,5068.5,5064.0,-4.5,-49.0,stop_loss
2023-10-19,2023-10-20 06:00:00-03:00,2023-10-20 06:05:00-03:00,long,5066.5,5075.0,8.5,81.0,target_gap_open
2023-10-20,2023-10-20 11:20:00-03:00,2023-10-20 11:35:00-03:00,short,5041.5,5046.5,-5.0,-54.0,stop_loss
2023-10-20,2023-10-20 11:45:00-03:00,2023-10-20 11:50:00-03:00,short,5035.0,5040.5,-5.5,-59.0,stop_loss
2023-10-23,2023-10-23 11:00:00-03:00,2023-10-23 11:20:00-03:00,short,5003.5,5008.0,-4.5,-49.0,stop_loss
2023-10-23,2023-10-23 14:50:00-03:00,2023-10-23 14:55:00-03:00,short,5016.0,5020.5,-4.5,-49.0,stop_gap_open
2023-10-24,2023-10-24 11:40:00-03:00,2023-10-24 11:50:00-03:00,short,5002.0,5006.5,-4.5,-49.0,stop_loss
2023-10-24,2023-10-24 13:50:00-03:00,2023-10-24 14:50:00-03:00,short,4997.0,4998.0,-1.0,-14.0,max_hold
2023-10-25,2023-10-25 13:15:00-03:00,2023-10-25 13:40:00-03:00,short,5003.5,5007.5,-4.0,-44.0,stop_loss
2023-10-25,2023-10-25 14:55:00-03:00,2023-10-26 06:00:00-03:00,short,4998.5,5005.5,-7.0,-74.0,stop_gap_open
2023-10-26,2023-10-26 10:45:00-03:00,2023-10-26 10:50:00-03:00,long,5014.5,5010.0,-4.5,-49.0,stop_loss
2023-10-26,2023-10-26 14:05:00-03:00,2023-10-27 06:00:00-03:00,short,4991.5,4987.5,4.0,36.0,take_profit
2023-10-27,2023-10-27 10:10:00-03:00,2023-10-27 10:20:00-03:00,short,4946.0,4950.0,-4.0,-44.0,stop_loss
2023-10-30,2023-10-31 06:00:00-03:00,2023-10-31 06:05:00-03:00,long,5045.0,5032.5,-12.5,-129.0,stop_gap_open
2023-11-01,2023-11-01 14:40:00-03:00,2023-11-01 14:50:00-03:00,short,4972.5,4977.5,-5.0,-54.0,stop_loss
2023-11-03,2023-11-03 10:15:00-03:00,2023-11-03 10:30:00-03:00,short,4898.0,4904.0,-6.0,-64.0,stop_loss
2023-11-06,2023-11-06 12:45:00-03:00,2023-11-06 12:50:00-03:00,short,4904.0,4908.0,-4.0,-44.0,stop_gap_open
2023-11-06,2023-11-06 13:45:00-03:00,2023-11-06 14:15:00-03:00,short,4900.0,4903.5,-3.5,-39.0,stop_loss
2023-11-06,2023-11-06 15:20:00-03:00,2023-11-07 06:00:00-03:00,short,4898.5,4919.0,-20.5,-209.0,stop_gap_open
2023-11-08,2023-11-08 14:10:00-03:00,2023-11-08 14:20:00-03:00,long,4921.5,4918.0,-3.5,-39.0,stop_loss
2023-11-08,2023-11-08 14:40:00-03:00,2023-11-09 06:00:00-03:00,long,4922.5,4919.0,-3.5,-39.0,ambiguous_stop_first
2023-11-10,2023-11-10 09:05:00-03:00,2023-11-10 09:10:00-03:00,long,4940.5,4935.5,-5.0,-54.0,stop_loss
2023-11-10,2023-11-10 15:05:00-03:00,2023-11-10 15:25:00-03:00,short,4916.5,4913.5,3.0,26.0,take_profit
2023-11-13,2023-11-13 12:45:00-03:00,2023-11-13 12:55:00-03:00,short,4916.0,4919.0,-3.0,-34.0,stop_loss
2023-11-14,2023-11-14 12:30:00-03:00,2023-11-14 12:35:00-03:00,short,4870.5,4874.0,-3.5,-39.0,stop_loss
2023-11-16,2023-11-17 06:00:00-03:00,2023-11-17 06:05:00-03:00,short,4862.0,4864.5,-2.5,-29.0,stop_loss
2023-11-17,2023-11-17 09:35:00-03:00,2023-11-17 09:50:00-03:00,long,4909.0,4903.5,-5.5,-59.0,stop_loss
2023-11-17,2023-11-17 12:55:00-03:00,2023-11-17 13:00:00-03:00,long,4903.0,4907.0,4.0,36.0,target_gap_open
2023-11-17,2023-11-17 14:50:00-03:00,2023-11-17 15:10:00-03:00,long,4916.5,4913.5,-3.0,-34.0,stop_loss
2023-11-20,2023-11-20 12:05:00-03:00,2023-11-20 12:10:00-03:00,short,4860.5,4856.0,4.5,41.0,take_profit
2023-11-21,2023-11-21 11:10:00-03:00,2023-11-21 11:15:00-03:00,long,4898.0,4902.5,4.5,41.0,take_profit
2023-11-21,2023-11-21 15:10:00-03:00,2023-11-21 15:15:00-03:00,long,4906.0,4903.5,-2.5,-29.0,stop_loss
2023-11-22,2023-11-22 14:45:00-03:00,2023-11-22 15:20:00-03:00,long,4910.0,4907.0,-3.0,-34.0,stop_loss
2023-11-24,2023-11-24 11:40:00-03:00,2023-11-24 11:45:00-03:00,short,4898.0,4901.0,-3.0,-34.0,stop_loss
2023-11-24,2023-11-24 14:50:00-03:00,2023-11-24 14:55:00-03:00,long,4904.0,4902.5,-1.5,-19.0,stop_loss
2023-11-24,2023-11-24 15:00:00-03:00,2023-11-24 15:05:00-03:00,long,4905.0,4903.5,-1.5,-19.0,stop_loss
2023-11-29,2023-11-29 14:20:00-03:00,2023-11-29 14:35:00-03:00,long,4895.0,4899.0,4.0,36.0,take_profit
2023-12-01,2023-12-01 11:50:00-03:00,2023-12-01 12:10:00-03:00,short,4885.0,4890.0,-5.0,-54.0,stop_loss
2023-12-04,2023-12-04 11:25:00-03:00,2023-12-04 11:30:00-03:00,long,4947.5,4951.5,4.0,36.0,take_profit
2023-12-04,2023-12-04 11:35:00-03:00,2023-12-04 11:40:00-03:00,long,4951.0,4955.0,4.0,36.0,target_gap_open
2023-12-05,2023-12-05 13:55:00-03:00,2023-12-05 14:55:00-03:00,short,4937.0,4940.0,-3.0,-34.0,stop_loss
2023-12-06,2023-12-06 12:55:00-03:00,2023-12-06 13:05:00-03:00,short,4907.0,4910.0,-3.0,-34.0,stop_loss
2023-12-07,2023-12-07 10:50:00-03:00,2023-12-07 11:00:00-03:00,short,4911.5,4916.0,-4.5,-49.0,stop_loss
2023-12-08,2023-12-08 14:00:00-03:00,2023-12-08 14:15:00-03:00,long,4936.5,4934.0,-2.5,-29.0,stop_loss
2023-12-08,2023-12-08 14:50:00-03:00,2023-12-08 15:10:00-03:00,long,4939.5,4942.0,2.5,21.0,take_profit
2023-12-11,2023-12-11 11:55:00-03:00,2023-12-11 12:00:00-03:00,long,4952.5,4949.5,-3.0,-34.0,stop_loss
2023-12-11,2023-12-11 14:45:00-03:00,2023-12-11 14:55:00-03:00,long,4947.0,4945.0,-2.0,-24.0,stop_loss
2023-12-15,2023-12-15 12:25:00-03:00,2023-12-15 12:35:00-03:00,long,4947.0,4943.5,-3.5,-39.0,stop_loss
2023-12-18,2023-12-18 15:15:00-03:00,2023-12-19 06:00:00-03:00,short,4896.0,4889.5,6.5,61.0,target_gap_open
2023-12-19,2023-12-19 09:40:00-03:00,2023-12-19 09:45:00-03:00,short,4860.0,4855.0,5.0,46.0,take_profit
2023-12-19,2023-12-19 12:35:00-03:00,2023-12-19 12:40:00-03:00,short,4852.5,4855.5,-3.0,-34.0,stop_loss
2023-12-20,2023-12-20 12:35:00-03:00,2023-12-20 13:10:00-03:00,long,4894.0,4898.5,4.5,41.0,take_profit
2023-12-21,2023-12-21 14:50:00-03:00,2023-12-21 15:15:00-03:00,short,4882.5,4879.0,3.5,31.0,take_profit
2023-12-21,2023-12-21 15:20:00-03:00,2023-12-21 15:25:00-03:00,short,4878.5,4881.5,-3.0,-34.0,stop_loss
2023-12-22,2023-12-22 09:05:00-03:00,2023-12-22 09:10:00-03:00,short,4857.5,4852.0,5.5,51.0,take_profit
2023-12-22,2023-12-22 15:10:00-03:00,2023-12-22 15:25:00-03:00,short,4856.0,4858.5,-2.5,-29.0,stop_loss
2023-12-26,2023-12-26 11:15:00-03:00,2023-12-26 11:45:00-03:00,short,4819.5,4822.5,-3.0,-34.0,stop_loss
2023-12-26,2023-12-26 15:15:00-03:00,2023-12-26 15:25:00-03:00,short,4812.0,4814.0,-2.0,-24.0,ambiguous_stop_first
2023-12-27,2023-12-28 06:00:00-03:00,2023-12-28 06:05:00-03:00,short,4838.0,4848.0,-10.0,-104.0,stop_gap_open
2024-01-02,2024-01-02 12:00:00-03:00,2024-01-02 12:05:00-03:00,long,4924.5,4928.5,4.0,36.0,take_profit
2024-01-02,2024-01-02 12:10:00-03:00,2024-01-02 12:15:00-03:00,long,4927.5,4924.0,-3.5,-39.0,stop_loss
2024-01-02,2024-01-02 15:15:00-03:00,2024-01-02 15:20:00-03:00,long,4942.0,4938.5,-3.5,-39.0,stop_loss
2024-01-02,2024-01-03 06:00:00-03:00,2024-01-03 06:05:00-03:00,long,4957.0,4953.5,-3.5,-39.0,stop_loss
2024-01-03,2024-01-03 11:15:00-03:00,2024-01-03 11:20:00-03:00,long,4946.0,4941.5,-4.5,-49.0,stop_loss
2024-01-03,2024-01-03 13:05:00-03:00,2024-01-03 13:10:00-03:00,long,4943.5,4939.0,-4.5,-49.0,stop_gap_open
2024-01-04,2024-01-04 14:00:00-03:00,2024-01-04 14:10:00-03:00,short,4925.0,4927.5,-2.5,-29.0,stop_loss
2024-01-04,2024-01-04 14:20:00-03:00,2024-01-04 14:25:00-03:00,short,4923.5,4926.0,-2.5,-29.0,stop_loss
2024-01-05,2024-01-05 12:35:00-03:00,2024-01-05 13:35:00-03:00,short,4887.0,4889.0,-2.0,-24.0,max_hold
2024-01-09,2024-01-09 13:50:00-03:00,2024-01-09 14:00:00-03:00,long,4921.5,4918.5,-3.0,-34.0,stop_loss
2024-01-10,2024-01-10 13:55:00-03:00,2024-01-10 14:15:00-03:00,short,4905.0,4907.5,-2.5,-29.0,stop_loss
2024-01-11,2024-01-11 13:30:00-03:00,2024-01-11 14:30:00-03:00,short,4889.5,4887.0,2.5,21.0,max_hold
2024-01-12,2024-01-12 14:45:00-03:00,2024-01-12 14:50:00-03:00,short,4864.0,4866.5,-2.5,-29.0,stop_loss
2024-01-15,2024-01-15 09:20:00-03:00,2024-01-15 09:55:00-03:00,long,4892.5,4889.0,-3.5,-39.0,stop_loss
2024-01-15,2024-01-16 06:00:00-03:00,2024-01-16 06:05:00-03:00,short,4908.0,4901.0,7.0,66.0,target_gap_open
2024-01-17,2024-01-18 06:00:00-03:00,2024-01-18 06:05:00-03:00,long,4936.0,4928.5,-7.5,-79.0,stop_gap_open
2024-01-19,2024-01-19 11:30:00-03:00,2024-01-19 11:35:00-03:00,short,4926.0,4929.5,-3.5,-39.0,stop_loss
2024-01-22,2024-01-22 12:30:00-03:00,2024-01-22 12:35:00-03:00,long,4997.5,4993.5,-4.0,-44.0,stop_loss
2024-01-23,2024-01-23 15:00:00-03:00,2024-01-23 15:20:00-03:00,short,4955.0,4958.0,-3.0,-34.0,stop_loss
2024-01-25,2024-01-25 14:50:00-03:00,2024-01-25 14:55:00-03:00,short,4923.5,4920.5,3.0,26.0,take_profit
2024-01-25,2024-01-25 15:00:00-03:00,2024-01-25 15:20:00-03:00,short,4921.0,4923.5,-2.5,-29.0,stop_loss
2024-01-26,2024-01-26 11:10:00-03:00,2024-01-26 11:40:00-03:00,short,4916.0,4919.0,-3.0,-34.0,stop_loss
2024-01-26,2024-01-26 13:50:00-03:00,2024-01-26 13:55:00-03:00,short,4913.0,4915.0,-2.0,-24.0,stop_loss
2024-01-29,2024-01-29 12:05:00-03:00,2024-01-29 12:10:00-03:00,long,4953.5,4958.5,5.0,46.0,take_profit
2024-01-30,2024-01-30 09:05:00-03:00,2024-01-30 09:10:00-03:00,long,4969.5,4975.5,6.0,56.0,target_gap_open
2024-01-30,2024-01-30 14:55:00-03:00,2024-01-30 15:10:00-03:00,long,4952.5,4950.0,-2.5,-29.0,stop_loss
2024-01-31,2024-01-31 11:55:00-03:00,2024-01-31 12:00:00-03:00,short,4942.0,4947.5,-5.5,-59.0,stop_gap_open
2024-01-31,2024-01-31 13:40:00-03:00,2024-01-31 13:55:00-03:00,short,4943.0,4950.5,-7.5,-79.0,stop_loss
2024-02-01,2024-02-01 09:35:00-03:00,2024-02-01 09:45:00-03:00,short,4934.0,4927.5,6.5,61.0,take_profit
2024-02-01,2024-02-01 11:55:00-03:00,2024-02-01 12:00:00-03:00,short,4926.0,4930.0,-4.0,-44.0,stop_loss
2024-02-01,2024-02-01 13:10:00-03:00,2024-02-01 13:30:00-03:00,short,4925.5,4929.0,-3.5,-39.0,stop_loss
2024-02-01,2024-02-01 14:50:00-03:00,2024-02-01 15:10:00-03:00,short,4924.5,4927.0,-2.5,-29.0,stop_loss
2024-02-02,2024-02-02 11:10:00-03:00,2024-02-02 12:10:00-03:00,long,4985.5,4985.5,0.0,-4.0,max_hold
2024-02-02,2024-02-02 14:55:00-03:00,2024-02-02 15:00:00-03:00,long,4982.0,4979.0,-3.0,-34.0,stop_loss
2024-02-02,2024-02-05 06:00:00-03:00,2024-02-05 06:05:00-03:00,long,4989.0,4986.0,-3.0,-34.0,stop_loss
2024-02-05,2024-02-05 09:05:00-03:00,2024-02-05 09:10:00-03:00,long,5020.0,5025.5,5.5,51.0,take_profit
2024-02-05,2024-02-05 15:20:00-03:00,2024-02-05 15:25:00-03:00,long,4997.0,4994.5,-2.5,-29.0,stop_loss
2024-02-05,2024-02-06 06:00:00-03:00,2024-02-06 06:05:00-03:00,long,4987.0,4984.5,-2.5,-29.0,stop_loss
2024-02-06,2024-02-06 14:40:00-03:00,2024-02-06 15:15:00-03:00,short,4968.5,4971.0,-2.5,-29.0,stop_loss
2024-02-07,2024-02-07 15:00:00-03:00,2024-02-07 15:05:00-03:00,long,4978.5,4976.5,-2.0,-24.0,stop_loss
2024-02-07,2024-02-07 15:15:00-03:00,2024-02-07 15:20:00-03:00,long,4979.5,4977.5,-2.0,-24.0,stop_loss
2024-02-09,2024-02-09 11:20:00-03:00,2024-02-09 11:25:00-03:00,short,4971.5,4968.0,3.5,31.0,take_profit
2024-02-09,2024-02-09 11:30:00-03:00,2024-02-09 11:40:00-03:00,short,4968.0,4964.5,3.5,31.0,take_profit
2024-02-14,2024-02-14 12:50:00-03:00,2024-02-14 13:05:00-03:00,short,4976.5,4979.5,-3.0,-34.0,stop_loss
2024-02-15,2024-02-15 14:35:00-03:00,2024-02-16 06:00:00-03:00,long,4980.5,4976.0,-4.5,-49.0,stop_gap_open
2024-02-19,2024-02-19 12:05:00-03:00,2024-02-19 12:10:00-03:00,short,4964.5,4966.0,-1.5,-19.0,stop_loss
2024-02-19,2024-02-19 14:35:00-03:00,2024-02-19 14:45:00-03:00,short,4965.5,4964.0,1.5,11.0,take_profit
2024-02-19,2024-02-19 14:50:00-03:00,2024-02-19 14:55:00-03:00,short,4964.5,4966.5,-2.0,-24.0,stop_gap_open
2024-02-20,2024-02-20 14:55:00-03:00,2024-02-20 15:05:00-03:00,short,4930.5,4932.5,-2.0,-24.0,stop_loss
2024-02-22,2024-02-22 11:55:00-03:00,2024-02-22 12:10:00-03:00,long,4950.5,4953.5,3.0,26.0,take_profit
2024-02-22,2024-02-22 13:45:00-03:00,2024-02-22 13:50:00-03:00,long,4956.5,4954.0,-2.5,-29.0,stop_loss
2024-02-23,2024-02-23 12:25:00-03:00,2024-02-23 13:25:00-03:00,long,4989.5,4990.5,1.0,6.0,max_hold
2024-02-23,2024-02-23 13:45:00-03:00,2024-02-23 14:45:00-03:00,long,4995.0,4995.5,0.5,1.0,max_hold
2024-02-23,2024-02-26 06:00:00-03:00,2024-02-26 06:10:00-03:00,long,4986.0,4989.0,3.0,26.0,take_profit
2024-02-26,2024-02-26 15:25:00-03:00,2024-02-27 06:00:00-03:00,long,4984.0,4979.0,-5.0,-54.0,stop_gap_open
2024-02-27,2024-02-27 11:45:00-03:00,2024-02-27 12:00:00-03:00,short,4938.5,4935.0,3.5,31.0,take_profit
2024-02-28,2024-02-28 15:15:00-03:00,2024-02-28 15:20:00-03:00,long,4973.5,4971.0,-2.5,-29.0,stop_loss
2024-02-29,2024-02-29 13:45:00-03:00,2024-02-29 13:55:00-03:00,long,4989.5,4987.0,-2.5,-29.0,stop_loss
2024-03-04,2024-03-04 10:15:00-03:00,2024-03-04 11:00:00-03:00,short,4954.0,4956.5,-2.5,-29.0,stop_loss
2024-03-04,2024-03-04 13:50:00-03:00,2024-03-04 13:55:00-03:00,short,4956.0,4958.0,-2.0,-24.0,stop_loss
2024-03-05,2024-03-05 13:05:00-03:00,2024-03-05 13:10:00-03:00,long,4968.5,4966.0,-2.5,-29.0,stop_loss
2024-03-05,2024-03-05 14:15:00-03:00,2024-03-05 15:15:00-03:00,long,4968.0,4967.5,-0.5,-9.0,max_hold
2024-03-07,2024-03-07 09:40:00-03:00,2024-03-07 09:50:00-03:00,short,4943.0,4945.5,-2.5,-29.0,stop_loss
2024-03-07,2024-03-07 10:55:00-03:00,2024-03-07 11:00:00-03:00,short,4941.5,4943.5,-2.0,-24.0,stop_loss
2024-03-08,2024-03-08 12:00:00-03:00,2024-03-08 12:20:00-03:00,long,4990.5,4987.5,-3.0,-34.0,stop_loss
2024-03-08,2024-03-08 14:10:00-03:00,2024-03-08 14:15:00-03:00,long,4992.5,4995.0,2.5,21.0,take_profit
2024-03-08,2024-03-08 14:20:00-03:00,2024-03-08 14:50:00-03:00,long,4994.5,4992.5,-2.0,-24.0,stop_loss
2024-03-11,2024-03-11 13:00:00-03:00,2024-03-11 13:05:00-03:00,long,4983.5,4981.5,-2.0,-24.0,stop_gap_open
2024-03-11,2024-03-11 13:40:00-03:00,2024-03-11 13:50:00-03:00,long,4987.0,4985.0,-2.0,-24.0,stop_loss
2024-03-12,2024-03-12 11:00:00-03:00,2024-03-12 11:20:00-03:00,long,4992.0,4989.0,-3.0,-34.0,stop_loss
2024-03-12,2024-03-12 15:25:00-03:00,2024-03-13 06:00:00-03:00,short,4974.5,4970.0,4.5,41.0,target_gap_open
2024-03-13,2024-03-14 06:00:00-03:00,2024-03-14 06:05:00-03:00,short,4969.0,4966.5,2.5,21.0,take_profit
2024-03-14,2024-03-14 15:20:00-03:00,2024-03-14 15:25:00-03:00,long,4999.0,5001.5,2.5,21.0,take_profit
2024-03-15,2024-03-15 09:50:00-03:00,2024-03-15 09:55:00-03:00,long,4996.0,5000.0,4.0,36.0,take_profit
2024-03-15,2024-03-15 10:00:00-03:00,2024-03-15 11:00:00-03:00,long,4999.5,4999.5,0.0,-4.0,max_hold
2024-03-15,2024-03-15 14:00:00-03:00,2024-03-15 14:30:00-03:00,long,5002.0,5000.0,-2.0,-24.0,stop_loss
2024-03-15,2024-03-18 06:00:00-03:00,2024-03-18 06:05:00-03:00,long,4993.0,4990.5,-2.5,-29.0,stop_gap_open
2024-03-18,2024-03-18 12:45:00-03:00,2024-03-18 12:50:00-03:00,long,5031.0,5028.5,-2.5,-29.0,stop_loss
2024-03-18,2024-03-18 15:15:00-03:00,2024-03-18 15:20:00-03:00,long,5031.0,5033.5,2.5,21.0,target_gap_open
2024-03-20,2024-03-20 10:30:00-03:00,2024-03-20 10:55:00-03:00,short,5004.5,5007.5,-3.0,-34.0,stop_loss
2024-03-20,2024-03-20 11:45:00-03:00,2024-03-20 11:55:00-03:00,short,4999.5,4996.0,3.5,31.0,take_profit
2024-03-21,2024-03-21 10:15:00-03:00,2024-03-21 10:35:00-03:00,short,4978.0,4981.0,-3.0,-34.0,stop_loss
2024-03-21,2024-03-21 11:30:00-03:00,2024-03-21 12:10:00-03:00,short,4974.0,4977.0,-3.0,-34.0,stop_loss
2024-03-21,2024-03-21 15:20:00-03:00,2024-03-21 15:25:00-03:00,short,4978.0,4976.0,2.0,16.0,target_gap_open
2024-03-21,2024-03-22 06:00:00-03:00,2024-03-22 06:05:00-03:00,short,4995.0,4999.5,-4.5,-49.0,stop_gap_open
2024-03-22,2024-03-22 12:50:00-03:00,2024-03-22 13:20:00-03:00,long,5003.0,5000.5,-2.5,-29.0,stop_loss
2024-03-22,2024-03-22 14:55:00-03:00,2024-03-22 15:00:00-03:00,long,5003.0,5001.0,-2.0,-24.0,stop_gap_open
2024-03-22,2024-03-22 15:20:00-03:00,2024-03-25 06:00:00-03:00,long,5005.0,4993.5,-11.5,-119.0,stop_gap_open
2024-03-25,2024-03-25 10:40:00-03:00,2024-03-25 11:20:00-03:00,short,4978.5,4975.0,3.5,31.0,take_profit
2024-03-26,2024-03-26 14:35:00-03:00,2024-03-26 14:55:00-03:00,short,4979.5,4981.5,-2.0,-24.0,stop_loss
2024-03-26,2024-03-26 15:15:00-03:00,2024-03-27 06:00:00-03:00,short,4977.0,4972.0,5.0,46.0,target_gap_open
2024-03-27,2024-03-27 13:05:00-03:00,2024-03-27 13:10:00-03:00,short,4976.0,4978.5,-2.5,-29.0,stop_gap_open
2024-03-28,2024-03-28 11:20:00-03:00,2024-03-28 11:25:00-03:00,long,5023.0,5020.0,-3.0,-34.0,stop_loss
2024-03-28,2024-03-28 12:00:00-03:00,2024-03-28 12:05:00-03:00,long,5025.0,5022.0,-3.0,-34.0,stop_loss
2024-03-28,2024-03-28 13:35:00-03:00,2024-03-28 13:40:00-03:00,long,5028.0,5031.0,3.0,26.0,take_profit
2024-03-28,2024-03-28 13:45:00-03:00,2024-03-28 14:40:00-03:00,long,5031.0,5034.0,3.0,26.0,take_profit
2024-03-28,2024-03-28 15:15:00-03:00,2024-03-28 15:25:00-03:00,long,5034.5,5037.5,3.0,26.0,take_profit
2024-03-28,2024-04-01 06:00:00-03:00,2024-04-01 06:05:00-03:00,long,5024.5,5031.5,7.0,66.0,target_gap_open
2024-04-01,2024-04-01 12:55:00-03:00,2024-04-01 13:00:00-03:00,long,5080.5,5083.5,3.0,26.0,take_profit
2024-04-02,2024-04-02 11:10:00-03:00,2024-04-02 11:25:00-03:00,long,5074.0,5070.5,-3.5,-39.0,stop_loss
2024-04-02,2024-04-02 11:40:00-03:00,2024-04-02 11:45:00-03:00,long,5076.5,5072.5,-4.0,-44.0,stop_gap_open
2024-04-02,2024-04-02 15:10:00-03:00,2024-04-02 15:15:00-03:00,long,5075.0,5078.5,3.5,31.0,target_gap_open
2024-04-02,2024-04-02 15:20:00-03:00,2024-04-02 15:25:00-03:00,long,5079.0,5081.5,2.5,21.0,take_profit
2024-04-03,2024-04-03 14:45:00-03:00,2024-04-03 14:55:00-03:00,short,5050.5,5052.5,-2.0,-24.0,stop_loss
2024-04-08,2024-04-08 11:35:00-03:00,2024-04-08 11:45:00-03:00,short,5037.5,5040.0,-2.5,-29.0,stop_loss
2024-04-08,2024-04-08 15:15:00-03:00,2024-04-08 15:20:00-03:00,short,5038.0,5040.0,-2.0,-24.0,stop_loss
2024-04-08,2024-04-09 06:00:00-03:00,2024-04-09 06:05:00-03:00,short,5035.5,5025.5,10.0,96.0,target_gap_open
2024-04-16,2024-04-16 14:05:00-03:00,2024-04-16 14:35:00-03:00,long,5277.5,5283.0,5.5,51.0,take_profit
2024-04-17,2024-04-17 10:05:00-03:00,2024-04-17 10:25:00-03:00,long,5253.0,5246.5,-6.5,-69.0,stop_loss
2024-04-17,2024-04-17 15:15:00-03:00,2024-04-18 06:00:00-03:00,short,5239.0,5243.0,-4.0,-44.0,stop_loss
2024-04-18,2024-04-18 09:05:00-03:00,2024-04-18 09:20:00-03:00,long,5258.5,5266.5,8.0,76.0,take_profit
2024-04-18,2024-04-18 10:50:00-03:00,2024-04-18 11:05:00-03:00,long,5274.0,5280.5,6.5,61.0,take_profit
2024-04-19,2024-04-19 11:00:00-03:00,2024-04-19 11:15:00-03:00,short,5206.5,5201.0,5.5,51.0,take_profit
2024-04-22,2024-04-22 10:35:00-03:00,2024-04-22 11:00:00-03:00,short,5187.0,5182.0,5.0,46.0,take_profit
2024-04-22,2024-04-22 14:00:00-03:00,2024-04-22 14:35:00-03:00,short,5173.5,5170.5,3.0,26.0,take_profit
2024-04-22,2024-04-22 14:40:00-03:00,2024-04-22 14:45:00-03:00,short,5168.0,5170.5,-2.5,-29.0,stop_loss
2024-04-23,2024-04-23 14:55:00-03:00,2024-04-23 15:05:00-03:00,short,5129.0,5131.5,-2.5,-29.0,stop_loss
2024-04-26,2024-04-26 12:15:00-03:00,2024-04-26 12:25:00-03:00,short,5113.0,5116.0,-3.0,-34.0,stop_loss
2024-04-26,2024-04-26 15:05:00-03:00,2024-04-26 15:10:00-03:00,short,5116.0,5118.0,-2.0,-24.0,stop_gap_open
2024-04-30,2024-04-30 10:45:00-03:00,2024-04-30 11:10:00-03:00,long,5197.5,5203.0,5.5,51.0,take_profit
2024-04-30,2024-04-30 14:00:00-03:00,2024-04-30 14:05:00-03:00,long,5207.0,5204.0,-3.0,-34.0,stop_loss
2024-04-30,2024-04-30 14:25:00-03:00,2024-04-30 15:10:00-03:00,long,5208.5,5212.0,3.5,31.0,take_profit
2024-05-02,2024-05-02 10:55:00-03:00,2024-05-02 11:10:00-03:00,short,5123.5,5120.0,3.5,31.0,take_profit
2024-05-02,2024-05-02 11:15:00-03:00,2024-05-02 11:35:00-03:00,short,5119.5,5116.0,3.5,31.0,take_profit
2024-05-08,2024-05-08 10:45:00-03:00,2024-05-08 10:50:00-03:00,long,5099.0,5096.5,-2.5,-29.0,stop_loss
2024-05-08,2024-05-08 12:00:00-03:00,2024-05-08 12:05:00-03:00,long,5104.0,5107.5,3.5,31.0,take_profit
2024-05-10,2024-05-10 11:25:00-03:00,2024-05-10 11:35:00-03:00,long,5169.5,5166.5,-3.0,-34.0,stop_loss
2024-05-10,2024-05-10 15:00:00-03:00,2024-05-10 15:05:00-03:00,long,5168.5,5165.5,-3.0,-34.0,stop_gap_open
2024-05-10,2024-05-13 06:00:00-03:00,2024-05-13 06:05:00-03:00,long,5155.0,5149.5,-5.5,-59.0,stop_gap_open
2024-05-13,2024-05-14 06:00:00-03:00,2024-05-14 06:05:00-03:00,long,5156.0,5145.0,-11.0,-114.0,stop_gap_open
2024-05-14,2024-05-14 10:30:00-03:00,2024-05-14 10:35:00-03:00,short,5139.5,5135.5,4.0,36.0,take_profit
2024-05-14,2024-05-14 14:50:00-03:00,2024-05-14 14:55:00-03:00,short,5136.0,5137.5,-1.5,-19.0,stop_loss
2024-05-14,2024-05-15 06:00:00-03:00,2024-05-15 06:05:00-03:00,short,5170.0,5164.5,5.5,51.0,target_gap_open
2024-05-17,2024-05-17 12:40:00-03:00,2024-05-17 13:40:00-03:00,short,5109.0,5107.5,1.5,11.0,max_hold
2024-05-17,2024-05-20 06:00:00-03:00,2024-05-20 06:05:00-03:00,short,5108.0,5120.0,-12.0,-124.0,stop_gap_open
2024-05-20,2024-05-20 13:55:00-03:00,2024-05-20 14:00:00-03:00,short,5110.0,5107.5,2.5,21.0,take_profit
2024-05-20,2024-05-20 14:05:00-03:00,2024-05-20 14:30:00-03:00,short,5109.0,5106.5,2.5,21.0,take_profit
2024-05-21,2024-05-21 14:35:00-03:00,2024-05-21 14:40:00-03:00,long,5123.0,5125.5,2.5,21.0,take_profit
2024-05-21,2024-05-21 14:45:00-03:00,2024-05-22 06:00:00-03:00,long,5126.5,5140.0,13.5,131.0,target_gap_open
2024-05-22,2024-05-22 11:35:00-03:00,2024-05-22 11:45:00-03:00,long,5154.0,5158.5,4.5,41.0,take_profit
2024-05-24,2024-05-24 11:00:00-03:00,2024-05-24 11:05:00-03:00,long,5152.5,5156.0,3.5,31.0,take_profit
2024-05-24,2024-05-24 11:10:00-03:00,2024-05-24 11:25:00-03:00,long,5156.0,5153.0,-3.0,-34.0,stop_loss
2024-05-24,2024-05-24 15:15:00-03:00,2024-05-24 15:20:00-03:00,long,5170.5,5173.5,3.0,26.0,take_profit
2024-05-24,2024-05-24 15:25:00-03:00,2024-05-27 06:00:00-03:00,long,5173.0,5160.0,-13.0,-134.0,stop_gap_open
2024-05-27,2024-05-27 15:20:00-03:00,2024-05-27 15:25:00-03:00,long,5173.5,5172.0,-1.5,-19.0,stop_loss
2024-05-28,2024-05-28 13:55:00-03:00,2024-05-28 14:00:00-03:00,short,5155.5,5153.0,2.5,21.0,take_profit
2024-05-29,2024-05-29 09:15:00-03:00,2024-05-29 09:20:00-03:00,long,5201.0,5206.5,5.5,51.0,target_gap_open
2024-05-29,2024-05-29 13:50:00-03:00,2024-05-29 14:10:00-03:00,long,5209.0,5206.5,-2.5,-29.0,stop_loss
2024-06-03,2024-06-03 14:45:00-03:00,2024-06-03 14:55:00-03:00,long,5256.5,5260.5,4.0,36.0,take_profit
2024-06-03,2024-06-03 15:00:00-03:00,2024-06-03 15:20:00-03:00,long,5260.0,5264.0,4.0,36.0,take_profit
2024-06-04,2024-06-05 06:00:00-03:00,2024-06-05 06:05:00-03:00,long,5284.5,5282.5,-2.0,-24.0,stop_loss
2024-06-05,2024-06-05 10:30:00-03:00,2024-06-05 11:30:00-03:00,long,5303.5,5304.0,0.5,1.0,max_hold
2024-06-05,2024-06-05 11:55:00-03:00,2024-06-05 12:35:00-03:00,long,5310.0,5314.5,4.5,41.0,take_profit
2024-06-07,2024-06-07 11:50:00-03:00,2024-06-07 12:00:00-03:00,long,5300.0,5305.0,5.0,46.0,take_profit
2024-06-10,2024-06-10 12:25:00-03:00,2024-06-10 12:35:00-03:00,long,5380.0,5375.5,-4.5,-49.0,stop_loss
2024-06-11,2024-06-11 11:20:00-03:00,2024-06-11 11:25:00-03:00,long,5377.0,5383.0,6.0,56.0,take_profit
2024-06-11,2024-06-11 14:15:00-03:00,2024-06-11 14:30:00-03:00,long,5376.0,5373.0,-3.0,-34.0,stop_loss
2024-06-13,2024-06-13 14:00:00-03:00,2024-06-13 14:45:00-03:00,short,5376.5,5372.5,4.0,36.0,take_profit
2024-06-14,2024-06-14 14:10:00-03:00,2024-06-14 14:30:00-03:00,long,5389.5,5386.5,-3.0,-34.0,stop_loss
2024-06-17,2024-06-17 12:15:00-03:00,2024-06-17 12:25:00-03:00,long,5423.5,5428.0,4.5,41.0,take_profit
2024-06-17,2024-06-18 06:00:00-03:00,2024-06-18 06:05:00-03:00,long,5440.5,5444.0,3.5,31.0,target_gap_open
2024-06-18,2024-06-18 11:15:00-03:00,2024-06-18 11:20:00-03:00,long,5418.0,5414.0,-4.0,-44.0,stop_loss
2024-06-18,2024-06-18 12:15:00-03:00,2024-06-18 12:35:00-03:00,long,5421.5,5426.5,5.0,46.0,take_profit
2024-06-18,2024-06-18 15:20:00-03:00,2024-06-19 06:00:00-03:00,long,5444.5,5438.5,-6.0,-64.0,stop_gap_open
2024-06-19,2024-06-19 10:20:00-03:00,2024-06-19 10:30:00-03:00,long,5473.5,5469.5,-4.0,-44.0,stop_loss
2024-06-20,2024-06-20 13:20:00-03:00,2024-06-20 13:50:00-03:00,long,5461.5,5467.5,6.0,56.0,take_profit
2024-06-20,2024-06-20 13:55:00-03:00,2024-06-20 14:05:00-03:00,long,5467.5,5462.5,-5.0,-54.0,stop_loss
2024-06-21,2024-06-21 14:35:00-03:00,2024-06-24 06:00:00-03:00,short,5434.5,5439.0,-4.5,-49.0,ambiguous_stop_first
2024-06-24,2024-06-24 10:55:00-03:00,2024-06-24 11:10:00-03:00,short,5396.5,5400.5,-4.0,-44.0,stop_loss
2024-06-25,2024-06-25 09:25:00-03:00,2024-06-25 09:40:00-03:00,long,5445.5,5439.5,-6.0,-64.0,stop_loss
2024-06-25,2024-06-25 13:40:00-03:00,2024-06-25 13:45:00-03:00,long,5455.5,5452.5,-3.0,-34.0,stop_loss
2024-06-25,2024-06-25 15:15:00-03:00,2024-06-25 15:25:00-03:00,long,5459.5,5463.0,3.5,31.0,take_profit
2024-06-26,2024-06-26 12:50:00-03:00,2024-06-26 12:55:00-03:00,long,5519.5,5523.5,4.0,36.0,take_profit
2024-06-26,2024-06-26 13:00:00-03:00,2024-06-26 13:15:00-03:00,long,5522.5,5519.0,-3.5,-39.0,stop_loss
2024-06-26,2024-06-26 15:20:00-03:00,2024-06-26 15:25:00-03:00,long,5524.0,5527.5,3.5,31.0,take_profit
2024-06-26,2024-06-27 06:00:00-03:00,2024-06-27 06:05:00-03:00,long,5523.0,5516.0,-7.0,-74.0,stop_gap_open
2024-06-28,2024-06-28 10:30:00-03:00,2024-06-28 11:30:00-03:00,long,5588.0,5586.5,-1.5,-19.0,max_hold
2024-06-28,2024-06-28 12:10:00-03:00,2024-06-28 12:45:00-03:00,long,5598.0,5605.0,7.0,66.0,take_profit
2024-06-28,2024-06-28 12:50:00-03:00,2024-06-28 12:55:00-03:00,long,5608.5,5602.5,-6.0,-64.0,stop_loss
2024-07-01,2024-07-01 12:05:00-03:00,2024-07-01 12:10:00-03:00,long,5632.0,5638.0,6.0,56.0,take_profit
2024-07-02,2024-07-02 14:35:00-03:00,2024-07-02 15:05:00-03:00,long,5695.0,5688.0,-7.0,-74.0,stop_loss
2024-07-03,2024-07-03 14:40:00-03:00,2024-07-03 15:00:00-03:00,short,5572.5,5577.0,-4.5,-49.0,stop_loss
2024-07-04,2024-07-04 11:15:00-03:00,2024-07-04 11:20:00-03:00,short,5505.5,5500.0,5.5,51.0,take_profit
2024-07-04,2024-07-05 06:00:00-03:00,2024-07-05 06:05:00-03:00,short,5485.0,5496.0,-11.0,-114.0,stop_gap_open
2024-07-05,2024-07-05 12:00:00-03:00,2024-07-05 12:05:00-03:00,short,5482.0,5487.0,-5.0,-54.0,stop_loss
2024-07-09,2024-07-09 14:05:00-03:00,2024-07-09 14:10:00-03:00,short,5425.0,5428.0,-3.0,-34.0,stop_loss
2024-07-11,2024-07-11 14:05:00-03:00,2024-07-11 14:50:00-03:00,long,5459.5,5456.0,-3.5,-39.0,stop_loss
2024-07-15,2024-07-15 11:05:00-03:00,2024-07-15 11:45:00-03:00,long,5467.0,5461.5,-5.5,-59.0,stop_loss
2024-07-15,2024-07-15 15:20:00-03:00,2024-07-16 06:00:00-03:00,long,5458.5,5446.5,-12.0,-124.0,stop_gap_open
2024-07-16,2024-07-16 11:35:00-03:00,2024-07-16 11:40:00-03:00,short,5453.5,5446.5,7.0,66.0,take_profit
2024-07-16,2024-07-17 06:00:00-03:00,2024-07-17 06:05:00-03:00,short,5450.0,5446.0,4.0,36.0,target_gap_open
2024-07-17,2024-07-17 12:55:00-03:00,2024-07-17 13:55:00-03:00,long,5492.5,5493.0,0.5,1.0,max_hold
2024-07-17,2024-07-17 15:20:00-03:00,2024-07-18 06:00:00-03:00,long,5497.0,5492.5,-4.5,-49.0,stop_gap_open
2024-07-18,2024-07-18 10:25:00-03:00,2024-07-18 10:35:00-03:00,long,5562.0,5568.0,6.0,56.0,take_profit
2024-07-18,2024-07-18 13:45:00-03:00,2024-07-18 14:00:00-03:00,long,5596.5,5592.5,-4.0,-44.0,stop_loss
2024-07-19,2024-07-19 10:20:00-03:00,2024-07-19 10:50:00-03:00,long,5581.5,5590.0,8.5,81.0,take_profit
2024-07-19,2024-07-19 12:05:00-03:00,2024-07-19 12:35:00-03:00,long,5592.5,5600.0,7.5,71.0,take_profit
2024-07-19,2024-07-19 12:40:00-03:00,2024-07-19 12:45:00-03:00,long,5601.0,5607.5,6.5,61.0,take_profit
2024-07-22,2024-07-22 10:00:00-03:00,2024-07-22 10:05:00-03:00,short,5555.0,5548.0,7.0,66.0,take_profit
2024-07-22,2024-07-22 10:10:00-03:00,2024-07-22 10:35:00-03:00,short,5549.0,5555.0,-6.0,-64.0,stop_loss
2024-07-22,2024-07-22 15:00:00-03:00,2024-07-22 15:05:00-03:00,long,5585.0,5581.5,-3.5,-39.0,stop_loss
2024-07-23,2024-07-23 11:50:00-03:00,2024-07-23 12:05:00-03:00,long,5600.0,5593.5,-6.5,-69.0,stop_loss
2024-07-25,2024-07-25 11:20:00-03:00,2024-07-25 11:40:00-03:00,long,5644.5,5638.5,-6.0,-64.0,stop_loss
2024-07-26,2024-07-26 11:20:00-03:00,2024-07-26 11:25:00-03:00,long,5669.5,5664.5,-5.0,-54.0,stop_loss
2024-07-26,2024-07-26 11:40:00-03:00,2024-07-26 11:45:00-03:00,long,5672.5,5667.5,-5.0,-54.0,stop_loss
2024-07-26,2024-07-26 15:25:00-03:00,2024-07-29 06:00:00-03:00,long,5668.0,5664.5,-3.5,-39.0,stop_loss
2024-07-29,2024-07-29 14:00:00-03:00,2024-07-29 14:05:00-03:00,short,5628.0,5624.5,3.5,31.0,take_profit
2024-07-29,2024-07-29 14:10:00-03:00,2024-07-29 14:30:00-03:00,short,5625.0,5621.0,4.0,36.0,take_profit
2024-07-30,2024-07-30 14:05:00-03:00,2024-07-30 14:30:00-03:00,short,5618.0,5621.5,-3.5,-39.0,stop_loss
2024-07-30,2024-07-30 15:00:00-03:00,2024-07-30 15:25:00-03:00,short,5614.5,5610.5,4.0,36.0,take_profit
2024-08-01,2024-08-01 13:00:00-03:00,2024-08-01 13:10:00-03:00,long,5761.0,5755.0,-6.0,-64.0,stop_loss
2024-08-01,2024-08-01 14:10:00-03:00,2024-08-01 14:15:00-03:00,long,5761.0,5767.0,6.0,56.0,take_profit
2024-08-01,2024-08-01 14:20:00-03:00,2024-08-01 15:10:00-03:00,long,5765.0,5771.0,6.0,56.0,take_profit
2024-08-05,2024-08-05 14:35:00-03:00,2024-08-05 14:45:00-03:00,short,5741.5,5734.5,7.0,66.0,take_profit
2024-08-05,2024-08-05 14:50:00-03:00,2024-08-05 14:55:00-03:00,short,5736.5,5742.0,-5.5,-59.0,stop_loss
2024-08-08,2024-08-08 12:25:00-03:00,2024-08-08 12:35:00-03:00,short,5592.0,5586.0,6.0,56.0,take_profit
2024-08-08,2024-08-08 14:25:00-03:00,2024-08-08 14:40:00-03:00,short,5580.0,5575.0,5.0,46.0,take_profit
2024-08-08,2024-08-08 14:45:00-03:00,2024-08-08 14:50:00-03:00,short,5572.0,5564.0,8.0,76.0,target_gap_open
2024-08-09,2024-08-09 11:05:00-03:00,2024-08-09 11:30:00-03:00,short,5508.5,5514.0,-5.5,-59.0,stop_loss
2024-08-09,2024-08-09 14:40:00-03:00,2024-08-09 14:55:00-03:00,short,5519.5,5523.5,-4.0,-44.0,stop_loss
2024-08-12,2024-08-12 13:00:00-03:00,2024-08-12 13:05:00-03:00,short,5510.5,5516.0,-5.5,-59.0,stop_loss
2024-08-12,2024-08-12 13:40:00-03:00,2024-08-12 14:05:00-03:00,short,5509.0,5514.0,-5.0,-54.0,stop_loss
2024-08-13,2024-08-13 10:55:00-03:00,2024-08-13 11:20:00-03:00,short,5485.5,5480.0,5.5,51.0,take_profit
2024-08-13,2024-08-13 13:55:00-03:00,2024-08-13 14:15:00-03:00,short,5459.5,5463.5,-4.0,-44.0,stop_loss
2024-08-14,2024-08-14 12:55:00-03:00,2024-08-14 13:00:00-03:00,short,5476.5,5481.5,-5.0,-54.0,stop_loss
2024-08-15,2024-08-15 14:20:00-03:00,2024-08-15 14:30:00-03:00,long,5497.5,5494.0,-3.5,-39.0,stop_loss
2024-08-16,2024-08-16 10:15:00-03:00,2024-08-16 10:20:00-03:00,short,5480.0,5474.5,5.5,51.0,take_profit
2024-08-16,2024-08-16 10:25:00-03:00,2024-08-16 10:55:00-03:00,short,5475.0,5479.5,-4.5,-49.0,stop_loss
2024-08-19,2024-08-20 06:00:00-03:00,2024-08-20 06:05:00-03:00,short,5446.0,5452.0,-6.0,-64.0,stop_gap_open
2024-08-20,2024-08-20 11:10:00-03:00,2024-08-20 11:15:00-03:00,long,5490.0,5496.0,6.0,56.0,take_profit
2024-08-20,2024-08-20 11:20:00-03:00,2024-08-20 11:25:00-03:00,long,5499.0,5494.0,-5.0,-54.0,stop_loss
2024-08-21,2024-08-21 14:45:00-03:00,2024-08-21 14:50:00-03:00,long,5497.5,5493.5,-4.0,-44.0,stop_loss
2024-08-22,2024-08-22 12:05:00-03:00,2024-08-22 12:10:00-03:00,long,5587.0,5578.5,-8.5,-89.0,stop_loss
2024-08-22,2024-08-23 06:00:00-03:00,2024-08-23 06:05:00-03:00,long,5589.0,5573.0,-16.0,-164.0,stop_gap_open
2024-08-23,2024-08-23 12:25:00-03:00,2024-08-23 13:20:00-03:00,short,5487.5,5479.5,8.0,76.0,take_profit
2024-08-26,2024-08-26 10:55:00-03:00,2024-08-26 11:00:00-03:00,short,5489.5,5496.0,-6.5,-69.0,stop_gap_open
2024-08-26,2024-08-26 11:05:00-03:00,2024-08-26 11:50:00-03:00,short,5484.5,5490.5,-6.0,-64.0,stop_loss
2024-08-27,2024-08-27 11:35:00-03:00,2024-08-27 11:40:00-03:00,long,5514.5,5508.5,-6.0,-64.0,stop_loss
2024-08-27,2024-08-27 14:10:00-03:00,2024-08-27 14:15:00-03:00,long,5509.0,5513.0,4.0,36.0,target_gap_open
2024-08-27,2024-08-27 14:20:00-03:00,2024-08-27 14:40:00-03:00,long,5516.5,5513.0,-3.5,-39.0,stop_loss
2024-08-29,2024-08-29 13:45:00-03:00,2024-08-29 13:55:00-03:00,long,5630.0,5624.5,-5.5,-59.0,stop_loss
2024-08-29,2024-08-29 14:15:00-03:00,2024-08-29 14:40:00-03:00,long,5633.0,5627.0,-6.0,-64.0,stop_loss
2024-09-02,2024-09-02 11:35:00-03:00,2024-09-02 11:45:00-03:00,short,5623.0,5630.0,-7.0,-74.0,stop_loss
2024-09-03,2024-09-03 12:05:00-03:00,2024-09-03 12:25:00-03:00,long,5659.0,5653.5,-5.5,-59.0,stop_loss
2024-09-04,2024-09-04 14:05:00-03:00,2024-09-04 14:20:00-03:00,long,5658.5,5655.0,-3.5,-39.0,stop_loss
2024-09-05,2024-09-05 13:35:00-03:00,2024-09-05 13:55:00-03:00,short,5590.5,5586.0,4.5,41.0,take_profit
2024-09-05,2024-09-05 14:00:00-03:00,2024-09-05 14:05:00-03:00,short,5587.5,5591.5,-4.0,-44.0,stop_gap_open
2024-09-06,2024-09-06 14:30:00-03:00,2024-09-06 14:35:00-03:00,long,5612.5,5608.5,-4.0,-44.0,stop_loss
2024-09-10,2024-09-10 14:30:00-03:00,2024-09-10 15:10:00-03:00,long,5671.5,5676.5,5.0,46.0,take_profit
2024-09-10,2024-09-10 15:15:00-03:00,2024-09-10 15:20:00-03:00,long,5678.0,5674.5,-3.5,-39.0,stop_loss
2024-09-11,2024-09-11 14:35:00-03:00,2024-09-11 14:55:00-03:00,long,5669.5,5674.5,5.0,46.0,take_profit
2024-09-11,2024-09-11 15:05:00-03:00,2024-09-11 15:20:00-03:00,long,5678.5,5674.5,-4.0,-44.0,stop_loss
2024-09-12,2024-09-12 12:30:00-03:00,2024-09-12 12:40:00-03:00,short,5639.0,5644.5,-5.5,-59.0,stop_loss
2024-09-16,2024-09-16 11:55:00-03:00,2024-09-16 12:10:00-03:00,short,5519.0,5523.5,-4.5,-49.0,stop_loss
2024-09-16,2024-09-16 13:45:00-03:00,2024-09-16 14:45:00-03:00,short,5518.0,5517.5,0.5,1.0,max_hold
2024-09-16,2024-09-17 06:00:00-03:00,2024-09-17 06:05:00-03:00,short,5519.0,5511.5,7.5,71.0,target_gap_open
2024-09-17,2024-09-17 15:05:00-03:00,2024-09-18 06:00:00-03:00,short,5489.0,5483.0,6.0,56.0,target_gap_open
2024-09-18,2024-09-18 11:25:00-03:00,2024-09-18 11:50:00-03:00,short,5482.5,5487.5,-5.0,-54.0,stop_loss
2024-09-19,2024-09-20 06:00:00-03:00,2024-09-20 06:05:00-03:00,short,5439.5,5442.5,-3.0,-34.0,ambiguous_stop_first
2024-09-23,2024-09-23 14:20:00-03:00,2024-09-23 14:25:00-03:00,long,5544.5,5540.5,-4.0,-44.0,stop_loss
2024-09-23,2024-09-23 15:25:00-03:00,2024-09-24 06:00:00-03:00,long,5545.5,5522.0,-23.5,-239.0,stop_gap_open
2024-09-24,2024-09-24 10:15:00-03:00,2024-09-24 10:30:00-03:00,short,5457.0,5463.0,-6.0,-64.0,stop_loss
2024-09-25,2024-09-25 11:25:00-03:00,2024-09-25 11:30:00-03:00,long,5489.5,5485.0,-4.5,-49.0,stop_loss
2024-09-25,2024-09-25 14:15:00-03:00,2024-09-25 14:30:00-03:00,long,5483.0,5479.5,-3.5,-39.0,stop_loss
2024-09-26,2024-09-26 14:55:00-03:00,2024-09-27 06:00:00-03:00,short,5439.0,5430.0,9.0,86.0,target_gap_open
2024-09-27,2024-09-30 06:00:00-03:00,2024-09-30 06:05:00-03:00,short,5449.5,5445.0,4.5,41.0,target_gap_open
2024-10-01,2024-10-01 14:00:00-03:00,2024-10-01 14:05:00-03:00,long,5482.5,5478.5,-4.0,-44.0,stop_loss
2024-10-01,2024-10-01 14:30:00-03:00,2024-10-01 14:40:00-03:00,long,5484.5,5481.0,-3.5,-39.0,stop_loss
2024-10-02,2024-10-02 14:25:00-03:00,2024-10-02 14:30:00-03:00,short,5459.5,5456.0,3.5,31.0,take_profit
2024-10-04,2024-10-04 13:35:00-03:00,2024-10-04 14:05:00-03:00,short,5473.5,5477.0,-3.5,-39.0,stop_loss
2024-10-04,2024-10-07 06:00:00-03:00,2024-10-07 06:05:00-03:00,short,5486.0,5472.0,14.0,136.0,target_gap_open
2024-10-07,2024-10-07 12:25:00-03:00,2024-10-07 12:35:00-03:00,long,5504.5,5500.0,-4.5,-49.0,stop_loss
2024-10-07,2024-10-07 15:05:00-03:00,2024-10-07 15:20:00-03:00,long,5508.5,5512.0,3.5,31.0,take_profit
2024-10-07,2024-10-08 06:00:00-03:00,2024-10-08 06:05:00-03:00,long,5521.0,5524.5,3.5,31.0,take_profit
2024-10-08,2024-10-08 13:10:00-03:00,2024-10-08 13:15:00-03:00,long,5547.5,5544.0,-3.5,-39.0,stop_loss
2024-10-08,2024-10-08 14:15:00-03:00,2024-10-08 14:20:00-03:00,long,5553.5,5550.5,-3.0,-34.0,stop_loss
2024-10-09,2024-10-09 12:15:00-03:00,2024-10-09 12:35:00-03:00,long,5609.0,5605.5,-3.5,-39.0,stop_loss
2024-10-10,2024-10-10 10:25:00-03:00,2024-10-10 10:30:00-03:00,long,5604.5,5599.0,-5.5,-59.0,stop_loss
2024-10-10,2024-10-10 11:05:00-03:00,2024-10-10 11:10:00-03:00,long,5605.5,5612.0,6.5,61.0,take_profit
2024-10-10,2024-10-10 14:10:00-03:00,2024-10-10 14:15:00-03:00,long,5603.0,5599.5,-3.5,-39.0,stop_loss
2024-10-14,2024-10-14 09:50:00-03:00,2024-10-14 09:55:00-03:00,short,5605.5,5598.5,7.0,66.0,take_profit
2024-10-14,2024-10-14 11:40:00-03:00,2024-10-14 11:45:00-03:00,short,5582.5,5576.5,6.0,56.0,take_profit
2024-10-16,2024-10-17 06:00:00-03:00,2024-10-17 06:05:00-03:00,long,5690.5,5695.0,4.5,41.0,target_gap_open
2024-10-17,2024-10-17 09:55:00-03:00,2024-10-17 10:00:00-03:00,long,5692.0,5686.0,-6.0,-64.0,stop_gap_open
2024-10-18,2024-10-18 11:40:00-03:00,2024-10-18 11:45:00-03:00,long,5691.0,5695.5,4.5,41.0,take_profit
2024-10-18,2024-10-18 11:50:00-03:00,2024-10-18 11:55:00-03:00,long,5695.5,5700.0,4.5,41.0,take_profit
2024-10-18,2024-10-18 12:00:00-03:00,2024-10-18 12:05:00-03:00,long,5699.5,5695.5,-4.0,-44.0,stop_gap_open
2024-10-18,2024-10-18 13:05:00-03:00,2024-10-18 13:10:00-03:00,long,5703.0,5699.5,-3.5,-39.0,stop_loss
2024-10-18,2024-10-18 13:35:00-03:00,2024-10-18 13:40:00-03:00,long,5705.0,5709.5,4.5,41.0,take_profit
2024-10-18,2024-10-21 06:00:00-03:00,2024-10-21 06:05:00-03:00,long,5711.0,5717.0,6.0,56.0,target_gap_open
2024-10-21,2024-10-21 10:10:00-03:00,2024-10-21 10:30:00-03:00,long,5717.0,5710.5,-6.5,-69.0,stop_loss
2024-10-24,2024-10-24 10:50:00-03:00,2024-10-24 11:05:00-03:00,long,5715.0,5711.0,-4.0,-44.0,stop_loss
2024-10-25,2024-10-25 11:40:00-03:00,2024-10-25 12:10:00-03:00,long,5713.0,5709.0,-4.0,-44.0,stop_loss
2024-10-25,2024-10-25 13:55:00-03:00,2024-10-25 14:00:00-03:00,long,5712.5,5708.5,-4.0,-44.0,stop_gap_open
2024-10-25,2024-10-25 15:15:00-03:00,2024-10-25 15:20:00-03:00,long,5715.0,5712.5,-2.5,-29.0,stop_loss
2024-10-28,2024-10-28 10:15:00-03:00,2024-10-28 10:45:00-03:00,long,5711.5,5707.5,-4.0,-44.0,stop_loss
2024-10-29,2024-10-29 13:20:00-03:00,2024-10-29 13:50:00-03:00,long,5765.5,5759.5,-6.0,-64.0,stop_loss
2024-10-29,2024-10-29 15:20:00-03:00,2024-10-29 15:25:00-03:00,long,5766.0,5762.0,-4.0,-44.0,stop_loss
2024-10-30,2024-10-31 06:00:00-03:00,2024-10-31 06:05:00-03:00,long,5783.0,5779.0,-4.0,-44.0,stop_gap_open
2024-10-31,2024-10-31 09:45:00-03:00,2024-10-31 10:15:00-03:00,long,5805.0,5811.5,6.5,61.0,take_profit
2024-10-31,2024-10-31 14:15:00-03:00,2024-10-31 14:20:00-03:00,long,5808.0,5803.5,-4.5,-49.0,stop_gap_open
2024-10-31,2024-10-31 14:25:00-03:00,2024-10-31 14:30:00-03:00,long,5806.0,5802.5,-3.5,-39.0,stop_loss
2024-11-01,2024-11-01 11:30:00-03:00,2024-11-01 11:35:00-03:00,long,5851.5,5858.5,7.0,66.0,target_gap_open
2024-11-01,2024-11-01 15:15:00-03:00,2024-11-01 15:20:00-03:00,long,5900.5,5896.0,-4.5,-49.0,stop_loss
2024-11-05,2024-11-05 10:55:00-03:00,2024-11-05 11:00:00-03:00,short,5796.0,5787.0,9.0,86.0,target_gap_open
2024-11-05,2024-11-05 13:45:00-03:00,2024-11-05 14:00:00-03:00,short,5757.5,5762.0,-4.5,-49.0,stop_loss
2024-11-08,2024-11-08 11:00:00-03:00,2024-11-08 11:05:00-03:00,long,5799.5,5793.0,-6.5,-69.0,stop_loss
2024-11-08,2024-11-08 15:25:00-03:00,2024-11-11 06:00:00-03:00,long,5756.5,5787.0,30.5,301.0,target_gap_open
2024-11-12,2024-11-12 11:15:00-03:00,2024-11-12 11:35:00-03:00,long,5796.0,5804.5,8.5,81.0,take_profit
2024-11-12,2024-11-12 14:45:00-03:00,2024-11-12 15:00:00-03:00,short,5767.5,5762.0,5.5,51.0,take_profit
2024-11-12,2024-11-12 15:05:00-03:00,2024-11-12 15:10:00-03:00,short,5760.5,5755.0,5.5,51.0,take_profit
2024-11-13,2024-11-13 12:50:00-03:00,2024-11-13 12:55:00-03:00,long,5827.0,5822.0,-5.0,-54.0,stop_loss
2024-11-13,2024-11-13 15:10:00-03:00,2024-11-13 15:25:00-03:00,long,5813.5,5819.5,6.0,56.0,take_profit
2024-11-26,2024-11-26 11:55:00-03:00,2024-11-26 12:05:00-03:00,long,5816.0,5822.0,6.0,56.0,take_profit
2024-11-26,2024-11-26 14:25:00-03:00,2024-11-26 14:30:00-03:00,long,5826.0,5816.0,-10.0,-104.0,stop_gap_open
2024-11-27,2024-11-27 09:05:00-03:00,2024-11-27 09:25:00-03:00,long,5832.5,5840.0,7.5,71.0,take_profit
2024-11-27,2024-11-27 12:45:00-03:00,2024-11-27 12:50:00-03:00,long,5908.5,5921.0,12.5,121.0,take_profit
2024-11-27,2024-11-27 14:40:00-03:00,2024-11-27 14:45:00-03:00,long,5932.0,5942.5,10.5,101.0,take_profit
2024-11-28,2024-11-28 10:10:00-03:00,2024-11-28 10:25:00-03:00,long,6002.5,5995.0,-7.5,-79.0,stop_loss
2024-11-28,2024-11-28 13:40:00-03:00,2024-11-28 13:45:00-03:00,long,5994.0,5989.0,-5.0,-54.0,stop_loss
2024-11-28,2024-11-28 14:10:00-03:00,2024-11-28 14:30:00-03:00,long,5995.0,6001.0,6.0,56.0,take_profit
2024-12-02,2024-12-02 10:05:00-03:00,2024-12-02 10:10:00-03:00,long,6110.0,6099.0,-11.0,-114.0,stop_gap_open
2024-12-02,2024-12-02 14:05:00-03:00,2024-12-02 14:15:00-03:00,long,6093.5,6087.0,-6.5,-69.0,stop_loss
2024-12-04,2024-12-04 09:25:00-03:00,2024-12-04 09:35:00-03:00,short,6067.0,6058.5,8.5,81.0,take_profit
2024-12-04,2024-12-04 11:25:00-03:00,2024-12-04 11:40:00-03:00,short,6043.5,6050.0,-6.5,-69.0,stop_loss
2024-12-04,2024-12-04 11:50:00-03:00,2024-12-04 12:05:00-03:00,short,6040.0,6046.0,-6.0,-64.0,stop_loss
2024-12-06,2024-12-06 11:00:00-03:00,2024-12-06 11:05:00-03:00,long,6089.5,6098.0,8.5,81.0,take_profit
2024-12-06,2024-12-06 15:00:00-03:00,2024-12-09 06:00:00-03:00,long,6104.5,6092.0,-12.5,-129.0,stop_gap_open
2024-12-09,2024-12-09 11:30:00-03:00,2024-12-09 11:50:00-03:00,long,6090.5,6084.0,-6.5,-69.0,stop_loss
2024-12-10,2024-12-10 13:55:00-03:00,2024-12-10 14:00:00-03:00,short,6063.5,6058.0,5.5,51.0,take_profit
2024-12-10,2024-12-10 14:05:00-03:00,2024-12-10 14:30:00-03:00,short,6057.0,6051.5,5.5,51.0,take_profit
2024-12-11,2024-12-11 13:35:00-03:00,2024-12-11 13:40:00-03:00,short,5976.0,5984.5,-8.5,-89.0,ambiguous_stop_first
2024-12-13,2024-12-13 09:15:00-03:00,2024-12-13 09:20:00-03:00,long,6047.0,6037.5,-9.5,-99.0,stop_loss
2024-12-13,2024-12-13 09:30:00-03:00,2024-12-13 09:40:00-03:00,long,6049.0,6039.5,-9.5,-99.0,stop_loss
2024-12-13,2024-12-13 15:00:00-03:00,2024-12-13 15:15:00-03:00,long,6066.0,6058.0,-8.0,-84.0,stop_loss
2024-12-16,2024-12-16 13:35:00-03:00,2024-12-16 14:00:00-03:00,long,6098.5,6106.0,7.5,71.0,take_profit
2024-12-16,2024-12-16 14:05:00-03:00,2024-12-16 14:25:00-03:00,long,6107.0,6114.0,7.0,66.0,take_profit
2024-12-18,2024-12-18 11:40:00-03:00,2024-12-18 12:40:00-03:00,long,6209.0,6219.0,10.0,96.0,take_profit
2024-12-18,2024-12-18 13:05:00-03:00,2024-12-18 13:10:00-03:00,long,6231.5,6252.0,20.5,201.0,target_gap_open
2024-12-23,2024-12-23 09:10:00-03:00,2024-12-23 10:10:00-03:00,long,6175.0,6178.5,3.5,31.0,max_hold
2024-12-23,2024-12-23 11:15:00-03:00,2024-12-23 11:40:00-03:00,long,6192.0,6199.5,7.5,71.0,take_profit
2024-12-23,2024-12-23 12:50:00-03:00,2024-12-23 12:55:00-03:00,long,6202.0,6195.5,-6.5,-69.0,stop_loss
2024-12-23,2024-12-23 14:30:00-03:00,2024-12-23 14:45:00-03:00,long,6203.0,6197.5,-5.5,-59.0,stop_loss
2024-12-26,2024-12-26 14:45:00-03:00,2024-12-26 14:50:00-03:00,long,6186.5,6182.0,-4.5,-49.0,stop_loss
2024-12-27,2024-12-30 06:00:00-03:00,2024-12-30 06:05:00-03:00,long,6240.0,6246.5,6.5,61.0,take_profit
2024-12-30,2024-12-30 12:50:00-03:00,2024-12-30 12:55:00-03:00,long,6225.0,6217.0,-8.0,-84.0,stop_loss
2025-01-02,2025-01-02 13:00:00-03:00,2025-01-02 13:05:00-03:00,short,6190.5,6196.5,-6.0,-64.0,stop_loss
2025-01-02,2025-01-02 14:25:00-03:00,2025-01-02 15:05:00-03:00,short,6182.5,6188.5,-6.0,-64.0,stop_loss
2025-01-03,2025-01-03 15:00:00-03:00,2025-01-03 15:20:00-03:00,long,6216.0,6212.5,-3.5,-39.0,stop_loss
2025-01-06,2025-01-06 13:00:00-03:00,2025-01-06 14:00:00-03:00,short,6140.0,6137.5,2.5,21.0,max_hold
2025-01-07,2025-01-07 14:50:00-03:00,2025-01-07 14:55:00-03:00,short,6127.5,6132.5,-5.0,-54.0,stop_loss
2025-01-08,2025-01-08 15:25:00-03:00,2025-01-09 06:00:00-03:00,short,6130.5,6134.5,-4.0,-44.0,stop_loss
2025-01-09,2025-01-09 12:15:00-03:00,2025-01-09 12:45:00-03:00,short,6083.5,6089.0,-5.5,-59.0,stop_loss
2025-01-09,2025-01-09 13:55:00-03:00,2025-01-09 14:05:00-03:00,short,6070.0,6064.0,6.0,56.0,take_profit
2025-01-10,2025-01-10 09:45:00-03:00,2025-01-10 10:45:00-03:00,long,6136.5,6134.0,-2.5,-29.0,max_hold
2025-01-10,2025-01-10 15:00:00-03:00,2025-01-10 15:15:00-03:00,long,6133.5,6129.5,-4.0,-44.0,stop_loss
2025-01-14,2025-01-14 12:50:00-03:00,2025-01-14 12:55:00-03:00,short,6066.0,6071.5,-5.5,-59.0,stop_loss
2025-01-15,2025-01-15 11:35:00-03:00,2025-01-15 12:20:00-03:00,short,6057.5,6049.5,8.0,76.0,take_profit
2025-01-15,2025-01-15 14:40:00-03:00,2025-01-15 14:45:00-03:00,short,6032.0,6026.5,5.5,51.0,take_profit
2025-01-15,2025-01-15 14:50:00-03:00,2025-01-15 15:10:00-03:00,short,6029.5,6024.0,5.5,51.0,take_profit
2025-01-17,2025-01-17 14:05:00-03:00,2025-01-17 14:20:00-03:00,long,6081.5,6086.5,5.0,46.0,take_profit
2025-01-17,2025-01-17 14:25:00-03:00,2025-01-17 14:30:00-03:00,long,6088.0,6083.5,-4.5,-49.0,stop_loss
2025-01-20,2025-01-20 14:35:00-03:00,2025-01-20 14:50:00-03:00,short,6047.0,6041.5,5.5,51.0,take_profit
2025-01-21,2025-01-21 09:15:00-03:00,2025-01-21 09:30:00-03:00,short,6048.5,6039.5,9.0,86.0,take_profit
2025-01-21,2025-01-21 12:35:00-03:00,2025-01-21 12:55:00-03:00,short,6034.0,6039.0,-5.0,-54.0,stop_loss
2025-01-22,2025-01-22 10:35:00-03:00,2025-01-22 10:40:00-03:00,short,5938.5,5929.0,9.5,91.0,take_profit
2025-01-24,2025-01-24 09:15:00-03:00,2025-01-24 09:20:00-03:00,short,5875.5,5884.5,-9.0,-94.0,stop_loss
2025-01-24,2025-01-27 06:00:00-03:00,2025-01-27 06:05:00-03:00,short,5950.5,5937.0,13.5,131.0,target_gap_open
2025-01-27,2025-01-27 14:15:00-03:00,2025-01-27 14:55:00-03:00,short,5905.5,5910.0,-4.5,-49.0,stop_loss
2025-01-28,2025-01-28 11:00:00-03:00,2025-01-28 11:30:00-03:00,short,5864.0,5870.0,-6.0,-64.0,stop_loss
2025-01-28,2025-01-28 14:45:00-03:00,2025-01-28 14:55:00-03:00,short,5868.0,5871.5,-3.5,-39.0,stop_loss
2025-01-28,2025-01-28 15:25:00-03:00,2025-01-29 06:00:00-03:00,short,5862.5,5866.5,-4.0,-44.0,ambiguous_stop_first
2025-01-29,2025-01-29 15:20:00-03:00,2025-01-29 15:25:00-03:00,short,5862.0,5856.0,6.0,56.0,take_profit
2025-01-29,2025-01-30 06:00:00-03:00,2025-01-30 06:05:00-03:00,short,5864.0,5914.0,-50.0,-504.0,stop_gap_open
2025-01-30,2025-01-30 11:00:00-03:00,2025-01-30 11:20:00-03:00,long,5898.5,5891.5,-7.0,-74.0,stop_loss
2025-01-30,2025-01-30 13:55:00-03:00,2025-01-30 14:00:00-03:00,short,5859.0,5853.0,6.0,56.0,take_profit
2025-01-30,2025-01-30 14:05:00-03:00,2025-01-30 14:10:00-03:00,short,5853.5,5858.5,-5.0,-54.0,stop_loss
2025-02-03,2025-02-03 14:10:00-03:00,2025-02-03 14:15:00-03:00,short,5836.5,5830.5,6.0,56.0,take_profit
2025-02-03,2025-02-03 14:20:00-03:00,2025-02-03 14:25:00-03:00,short,5834.0,5839.5,-5.5,-59.0,stop_loss
2025-02-04,2025-02-04 14:50:00-03:00,2025-02-04 15:00:00-03:00,short,5788.0,5783.0,5.0,46.0,take_profit
2025-02-05,2025-02-05 14:30:00-03:00,2025-02-05 14:45:00-03:00,long,5834.5,5830.5,-4.0,-44.0,stop_loss
2025-02-06,2025-02-06 11:40:00-03:00,2025-02-06 11:45:00-03:00,short,5780.5,5774.5,6.0,56.0,take_profit
2025-02-11,2025-02-11 11:20:00-03:00,2025-02-11 11:25:00-03:00,short,5776.5,5783.5,-7.0,-74.0,stop_gap_open
2025-02-11,2025-02-11 13:45:00-03:00,2025-02-11 13:55:00-03:00,short,5782.0,5785.5,-3.5,-39.0,stop_loss
2025-02-13,2025-02-14 06:00:00-03:00,2025-02-14 06:05:00-03:00,short,5778.5,5782.0,-3.5,-39.0,ambiguous_stop_first
2025-02-14,2025-02-14 09:10:00-03:00,2025-02-14 09:15:00-03:00,short,5724.5,5731.0,-6.5,-69.0,stop_loss
2025-02-14,2025-02-14 11:00:00-03:00,2025-02-14 11:15:00-03:00,short,5727.0,5721.5,5.5,51.0,take_profit
2025-02-14,2025-02-14 11:20:00-03:00,2025-02-14 11:25:00-03:00,short,5719.5,5726.5,-7.0,-74.0,stop_gap_open
2025-02-14,2025-02-14 13:15:00-03:00,2025-02-14 13:20:00-03:00,short,5720.0,5723.5,-3.5,-39.0,stop_loss
2025-02-14,2025-02-14 13:30:00-03:00,2025-02-14 13:35:00-03:00,short,5715.0,5710.0,5.0,46.0,take_profit
2025-02-18,2025-02-18 14:20:00-03:00,2025-02-18 14:25:00-03:00,short,5690.0,5693.0,-3.0,-34.0,stop_loss
2025-02-19,2025-02-19 12:40:00-03:00,2025-02-19 12:45:00-03:00,long,5726.5,5722.5,-4.0,-44.0,stop_loss
2025-02-19,2025-02-19 13:40:00-03:00,2025-02-19 13:55:00-03:00,long,5731.0,5735.5,4.5,41.0,take_profit
2025-02-19,2025-02-19 14:00:00-03:00,2025-02-19 14:05:00-03:00,long,5734.0,5730.0,-4.0,-44.0,stop_loss
2025-02-20,2025-02-20 11:25:00-03:00,2025-02-20 11:40:00-03:00,short,5702.5,5697.0,5.5,51.0,take_profit
2025-02-20,2025-02-20 11:45:00-03:00,2025-02-20 11:50:00-03:00,short,5697.0,5701.5,-4.5,-49.0,stop_loss
2025-02-21,2025-02-21 10:45:00-03:00,2025-02-21 10:50:00-03:00,short,5702.0,5707.0,-5.0,-54.0,stop_loss
2025-02-21,2025-02-21 12:05:00-03:00,2025-02-21 12:10:00-03:00,long,5716.5,5722.0,5.5,51.0,take_profit
2025-02-24,2025-02-24 10:30:00-03:00,2025-02-24 10:35:00-03:00,long,5745.0,5739.5,-5.5,-59.0,stop_gap_open
2025-02-25,2025-02-25 14:05:00-03:00,2025-02-25 14:25:00-03:00,long,5759.5,5755.0,-4.5,-49.0,stop_loss
2025-02-25,2025-02-25 15:15:00-03:00,2025-02-25 15:20:00-03:00,short,5749.0,5745.0,4.0,36.0,take_profit
2025-02-25,2025-02-25 15:25:00-03:00,2025-02-26 06:00:00-03:00,short,5746.5,5742.0,4.5,41.0,take_profit
2025-02-26,2025-02-26 11:40:00-03:00,2025-02-26 12:10:00-03:00,long,5788.0,5781.5,-6.5,-69.0,stop_loss
2025-02-26,2025-02-26 13:15:00-03:00,2025-02-26 13:20:00-03:00,long,5796.0,5801.5,5.5,51.0,take_profit
2025-02-27,2025-02-27 13:35:00-03:00,2025-02-27 13:40:00-03:00,long,5836.5,5831.5,-5.0,-54.0,stop_loss
2025-02-27,2025-02-27 15:15:00-03:00,2025-02-27 15:25:00-03:00,long,5838.0,5834.0,-4.0,-44.0,ambiguous_stop_first
2025-02-28,2025-02-28 14:00:00-03:00,2025-02-28 14:05:00-03:00,long,5948.5,5941.5,-7.0,-74.0,stop_loss
2025-03-05,2025-03-05 12:05:00-03:00,2025-03-05 12:25:00-03:00,short,5819.0,5809.0,10.0,96.0,take_profit
2025-03-05,2025-03-05 15:15:00-03:00,2025-03-05 15:20:00-03:00,short,5770.0,5776.0,-6.0,-64.0,stop_loss
2025-03-06,2025-03-06 12:30:00-03:00,2025-03-06 13:25:00-03:00,short,5787.0,5793.0,-6.0,-64.0,stop_loss
2025-03-07,2025-03-07 10:00:00-03:00,2025-03-07 10:05:00-03:00,short,5793.0,5799.5,-6.5,-69.0,stop_loss
2025-03-07,2025-03-07 13:00:00-03:00,2025-03-07 13:20:00-03:00,long,5822.5,5817.5,-5.0,-54.0,stop_loss
2025-03-11,2025-03-11 11:10:00-03:00,2025-03-11 11:25:00-03:00,long,5862.5,5857.5,-5.0,-54.0,stop_loss
2025-03-11,2025-03-11 15:15:00-03:00,2025-03-11 15:25:00-03:00,short,5830.5,5834.0,-3.5,-39.0,stop_loss
2025-03-12,2025-03-12 11:45:00-03:00,2025-03-12 11:50:00-03:00,short,5836.0,5829.5,6.5,61.0,target_gap_open
2025-03-12,2025-03-12 14:50:00-03:00,2025-03-12 15:00:00-03:00,short,5820.5,5824.5,-4.0,-44.0,stop_loss
2025-03-13,2025-03-13 11:05:00-03:00,2025-03-13 11:10:00-03:00,short,5820.0,5824.0,-4.0,-44.0,stop_loss
2025-03-13,2025-03-13 13:20:00-03:00,2025-03-13 13:45:00-03:00,short,5823.5,5819.5,4.0,36.0,take_profit
2025-03-17,2025-03-17 11:10:00-03:00,2025-03-17 11:15:00-03:00,short,5699.0,5704.5,-5.5,-59.0,stop_gap_open
2025-03-17,2025-03-17 12:40:00-03:00,2025-03-17 12:45:00-03:00,short,5694.5,5689.0,5.5,51.0,take_profit
2025-03-18,2025-03-18 09:05:00-03:00,2025-03-18 09:25:00-03:00,short,5700.0,5693.0,7.0,66.0,take_profit
2025-03-18,2025-03-18 15:10:00-03:00,2025-03-18 15:15:00-03:00,short,5685.0,5682.0,3.0,26.0,take_profit
2025-03-18,2025-03-18 15:20:00-03:00,2025-03-18 15:25:00-03:00,short,5684.0,5686.5,-2.5,-29.0,stop_gap_open
2025-03-20,2025-03-20 10:15:00-03:00,2025-03-20 10:20:00-03:00,long,5693.5,5688.0,-5.5,-59.0,stop_loss
2025-03-20,2025-03-20 14:50:00-03:00,2025-03-20 15:25:00-03:00,long,5692.0,5688.0,-4.0,-44.0,stop_loss
2025-03-21,2025-03-21 14:10:00-03:00,2025-03-21 14:15:00-03:00,long,5732.5,5736.5,4.0,36.0,take_profit
2025-03-21,2025-03-21 14:20:00-03:00,2025-03-21 14:35:00-03:00,long,5738.0,5742.5,4.5,41.0,take_profit
2025-03-24,2025-03-24 11:25:00-03:00,2025-03-24 11:30:00-03:00,long,5747.0,5752.0,5.0,46.0,take_profit
2025-03-24,2025-03-24 11:35:00-03:00,2025-03-24 11:40:00-03:00,long,5752.0,5757.0,5.0,46.0,take_profit
2025-03-24,2025-03-24 14:10:00-03:00,2025-03-24 14:15:00-03:00,long,5770.5,5766.0,-4.5,-49.0,stop_gap_open
2025-03-24,2025-03-24 14:20:00-03:00,2025-03-24 14:50:00-03:00,long,5769.5,5774.5,5.0,46.0,take_profit
2025-03-26,2025-03-26 09:10:00-03:00,2025-03-26 09:30:00-03:00,long,5740.5,5747.5,7.0,66.0,take_profit
2025-03-26,2025-03-26 11:35:00-03:00,2025-03-26 11:40:00-03:00,long,5748.5,5744.0,-4.5,-49.0,stop_loss
2025-03-27,2025-03-27 12:00:00-03:00,2025-03-27 12:10:00-03:00,long,5753.5,5748.0,-5.5,-59.0,stop_loss
2025-03-28,2025-03-28 14:20:00-03:00,2025-03-28 14:25:00-03:00,long,5766.5,5763.0,-3.5,-39.0,stop_loss
2025-03-31,2025-03-31 12:20:00-03:00,2025-03-31 12:25:00-03:00,short,5741.5,5736.0,5.5,51.0,take_profit
2025-03-31,2025-04-01 06:00:00-03:00,2025-04-01 06:05:00-03:00,short,5744.0,5739.5,4.5,41.0,target_gap_open
2025-04-01,2025-04-01 13:05:00-03:00,2025-04-01 13:20:00-03:00,short,5710.5,5714.5,-4.0,-44.0,stop_loss
2025-04-01,2025-04-01 15:00:00-03:00,2025-04-01 15:20:00-03:00,short,5711.5,5714.0,-2.5,-29.0,stop_loss
2025-04-04,2025-04-04 14:25:00-03:00,2025-04-04 14:45:00-03:00,long,5876.5,5870.0,-6.5,-69.0,stop_loss
2025-04-04,2025-04-07 06:00:00-03:00,2025-04-07 06:05:00-03:00,long,5905.0,5899.0,-6.0,-64.0,stop_loss
2025-04-07,2025-04-07 13:00:00-03:00,2025-04-07 13:20:00-03:00,long,5941.5,5932.5,-9.0,-94.0,stop_loss
2025-04-08,2025-04-08 13:25:00-03:00,2025-04-08 13:35:00-03:00,long,6013.5,6023.0,9.5,91.0,take_profit
2025-04-08,2025-04-08 13:40:00-03:00,2025-04-08 14:00:00-03:00,long,6023.5,6015.5,-8.0,-84.0,stop_loss
2025-04-09,2025-04-09 14:55:00-03:00,2025-04-10 06:00:00-03:00,short,5846.0,5879.5,-33.5,-339.0,stop_gap_open
2025-04-10,2025-04-10 11:35:00-03:00,2025-04-10 11:40:00-03:00,short,5936.5,5925.0,11.5,111.0,take_profit
2025-04-10,2025-04-10 11:45:00-03:00,2025-04-10 12:05:00-03:00,short,5916.0,5926.5,-10.5,-109.0,stop_loss
2025-04-11,2025-04-11 11:40:00-03:00,2025-04-11 12:30:00-03:00,short,5879.0,5890.0,-11.0,-114.0,stop_loss
2025-04-16,2025-04-16 11:05:00-03:00,2025-04-16 11:20:00-03:00,short,5868.0,5873.5,-5.5,-59.0,stop_loss
2025-04-29,2025-04-29 13:35:00-03:00,2025-04-29 14:35:00-03:00,short,5631.5,5629.5,2.0,16.0,max_hold
2025-04-29,2025-04-29 14:40:00-03:00,2025-04-29 14:45:00-03:00,short,5629.5,5625.5,4.0,36.0,target_gap_open
2025-04-29,2025-04-29 14:50:00-03:00,2025-04-29 15:00:00-03:00,short,5623.5,5620.0,3.5,31.0,take_profit
2025-04-30,2025-04-30 13:35:00-03:00,2025-04-30 13:40:00-03:00,long,5719.0,5714.0,-5.0,-54.0,stop_gap_open
2025-05-02,2025-05-02 15:05:00-03:00,2025-05-02 15:20:00-03:00,long,5696.0,5693.0,-3.0,-34.0,stop_loss
2025-05-05,2025-05-05 12:45:00-03:00,2025-05-05 13:45:00-03:00,long,5723.5,5722.5,-1.0,-14.0,max_hold
2025-05-05,2025-05-05 15:15:00-03:00,2025-05-05 15:20:00-03:00,long,5728.5,5731.5,3.0,26.0,target_gap_open
2025-05-05,2025-05-05 15:25:00-03:00,2025-05-06 06:00:00-03:00,long,5732.0,5729.0,-3.0,-34.0,ambiguous_stop_first
2025-05-06,2025-05-06 14:10:00-03:00,2025-05-06 14:15:00-03:00,long,5747.0,5744.0,-3.0,-34.0,stop_loss
2025-05-06,2025-05-06 14:30:00-03:00,2025-05-06 14:40:00-03:00,long,5752.5,5749.0,-3.5,-39.0,stop_loss
2025-05-07,2025-05-07 12:50:00-03:00,2025-05-07 13:10:00-03:00,long,5781.5,5788.5,7.0,66.0,take_profit
2025-05-07,2025-05-07 13:15:00-03:00,2025-05-07 13:20:00-03:00,long,5788.5,5795.5,7.0,66.0,take_profit
2025-05-08,2025-05-08 13:20:00-03:00,2025-05-08 13:25:00-03:00,short,5705.5,5701.5,4.0,36.0,take_profit
2025-05-08,2025-05-08 13:30:00-03:00,2025-05-08 13:35:00-03:00,short,5698.5,5702.0,-3.5,-39.0,stop_loss
2025-05-09,2025-05-09 12:25:00-03:00,2025-05-09 12:45:00-03:00,short,5673.0,5676.5,-3.5,-39.0,stop_loss
2025-05-09,2025-05-09 15:25:00-03:00,2025-05-12 06:00:00-03:00,short,5676.5,5700.0,-23.5,-239.0,stop_gap_open
2025-05-12,2025-05-12 11:00:00-03:00,2025-05-12 11:30:00-03:00,long,5719.5,5725.0,5.5,51.0,take_profit
2025-05-13,2025-05-13 12:20:00-03:00,2025-05-13 12:50:00-03:00,short,5624.5,5619.0,5.5,51.0,take_profit
2025-05-15,2025-05-15 11:25:00-03:00,2025-05-15 11:30:00-03:00,long,5668.0,5682.0,14.0,136.0,target_gap_open
2025-05-16,2025-05-16 14:50:00-03:00,2025-05-16 14:55:00-03:00,short,5681.5,5684.5,-3.0,-34.0,stop_loss
2025-05-19,2025-05-19 13:00:00-03:00,2025-05-19 13:20:00-03:00,short,5662.0,5665.5,-3.5,-39.0,stop_loss
2025-05-20,2025-05-20 10:15:00-03:00,2025-05-20 10:20:00-03:00,long,5688.5,5683.0,-5.5,-59.0,stop_loss
2025-05-20,2025-05-20 12:15:00-03:00,2025-05-20 12:30:00-03:00,long,5689.0,5693.5,4.5,41.0,take_profit
2025-05-21,2025-05-21 11:05:00-03:00,2025-05-21 11:10:00-03:00,short,5662.5,5666.0,-3.5,-39.0,stop_loss
2025-05-21,2025-05-21 11:15:00-03:00,2025-05-21 11:20:00-03:00,short,5661.5,5669.0,-7.5,-79.0,stop_gap_open
2025-05-21,2025-05-21 13:20:00-03:00,2025-05-21 13:40:00-03:00,short,5661.5,5656.5,5.0,46.0,take_profit
2025-05-26,2025-05-26 12:10:00-03:00,2025-05-26 12:40:00-03:00,long,5682.5,5678.5,-4.0,-44.0,stop_loss
2025-05-27,2025-05-27 14:25:00-03:00,2025-05-27 14:35:00-03:00,short,5645.0,5641.5,3.5,31.0,take_profit
2025-05-27,2025-05-27 14:40:00-03:00,2025-05-27 14:45:00-03:00,short,5640.5,5643.5,-3.0,-34.0,stop_gap_open
2025-05-30,2025-05-30 12:50:00-03:00,2025-05-30 12:55:00-03:00,long,5753.5,5749.0,-4.5,-49.0,stop_loss
2025-05-30,2025-05-30 13:40:00-03:00,2025-05-30 14:00:00-03:00,long,5759.5,5755.0,-4.5,-49.0,stop_loss
2025-05-30,2025-05-30 15:05:00-03:00,2025-05-30 15:20:00-03:00,long,5765.5,5762.0,-3.5,-39.0,stop_loss
2025-06-02,2025-06-02 14:00:00-03:00,2025-06-02 15:00:00-03:00,short,5709.5,5710.0,-0.5,-9.0,max_hold
2025-06-03,2025-06-03 10:55:00-03:00,2025-06-03 11:10:00-03:00,short,5676.5,5670.5,6.0,56.0,take_profit
2025-06-03,2025-06-03 14:20:00-03:00,2025-06-03 14:30:00-03:00,short,5666.5,5670.5,-4.0,-44.0,stop_loss
2025-06-05,2025-06-05 10:45:00-03:00,2025-06-05 10:55:00-03:00,short,5613.0,5618.5,-5.5,-59.0,stop_loss
2025-06-06,2025-06-06 14:20:00-03:00,2025-06-06 15:20:00-03:00,short,5588.5,5592.0,-3.5,-39.0,max_hold
2025-06-09,2025-06-09 12:05:00-03:00,2025-06-09 12:20:00-03:00,short,5595.0,5590.0,5.0,46.0,take_profit
2025-06-12,2025-06-12 14:10:00-03:00,2025-06-12 14:35:00-03:00,short,5556.0,5559.0,-3.0,-34.0,stop_loss
2025-06-13,2025-06-13 13:00:00-03:00,2025-06-13 13:20:00-03:00,short,5552.5,5557.5,-5.0,-54.0,stop_loss
2025-06-16,2025-06-16 11:30:00-03:00,2025-06-16 11:40:00-03:00,short,5518.0,5522.0,-4.0,-44.0,stop_loss
2025-06-16,2025-06-16 12:05:00-03:00,2025-06-16 12:15:00-03:00,short,5514.5,5510.0,4.5,41.0,take_profit
2025-06-16,2025-06-16 13:50:00-03:00,2025-06-16 14:15:00-03:00,short,5503.0,5506.5,-3.5,-39.0,stop_loss
2025-06-16,2025-06-17 06:00:00-03:00,2025-06-17 06:05:00-03:00,short,5508.0,5504.0,4.0,36.0,take_profit
2025-06-17,2025-06-17 15:25:00-03:00,2025-06-18 06:00:00-03:00,short,5508.0,5504.5,3.5,31.0,take_profit
2025-06-23,2025-06-23 14:10:00-03:00,2025-06-23 15:10:00-03:00,short,5504.5,5504.5,-0.0,-4.0,max_hold
2025-06-24,2025-06-24 11:45:00-03:00,2025-06-24 11:50:00-03:00,short,5502.5,5506.5,-4.0,-44.0,stop_loss
2025-06-25,2025-06-25 09:05:00-03:00,2025-06-25 09:20:00-03:00,long,5559.0,5567.0,8.0,76.0,take_profit
2025-06-25,2025-06-25 14:50:00-03:00,2025-06-25 15:05:00-03:00,long,5569.0,5565.0,-4.0,-44.0,stop_loss
2025-06-26,2025-06-26 10:50:00-03:00,2025-06-26 10:55:00-03:00,short,5504.5,5499.5,5.0,46.0,take_profit
2025-06-26,2025-06-26 14:40:00-03:00,2025-06-26 14:50:00-03:00,short,5496.0,5492.0,4.0,36.0,take_profit
2025-06-27,2025-06-27 14:25:00-03:00,2025-06-27 14:40:00-03:00,short,5483.5,5487.5,-4.0,-44.0,stop_loss
2025-06-27,2025-06-27 15:15:00-03:00,2025-06-30 06:00:00-03:00,short,5481.5,5525.5,-44.0,-444.0,stop_gap_open
2025-06-30,2025-06-30 12:05:00-03:00,2025-06-30 12:55:00-03:00,short,5472.5,5466.5,6.0,56.0,take_profit
2025-06-30,2025-06-30 15:15:00-03:00,2025-06-30 15:20:00-03:00,short,5470.0,5473.0,-3.0,-34.0,stop_loss
2025-07-02,2025-07-02 12:55:00-03:00,2025-07-02 13:20:00-03:00,short,5459.0,5462.5,-3.5,-39.0,stop_loss
2025-07-03,2025-07-03 12:45:00-03:00,2025-07-03 12:50:00-03:00,short,5452.0,5448.0,4.0,36.0,take_profit
2025-07-03,2025-07-03 12:55:00-03:00,2025-07-03 13:45:00-03:00,short,5448.0,5444.0,4.0,36.0,take_profit
2025-07-07,2025-07-07 14:35:00-03:00,2025-07-07 14:40:00-03:00,long,5515.5,5518.5,3.0,26.0,take_profit
2025-07-07,2025-07-07 14:45:00-03:00,2025-07-07 14:55:00-03:00,long,5519.0,5522.0,3.0,26.0,take_profit
2025-07-08,2025-07-08 10:35:00-03:00,2025-07-08 10:40:00-03:00,long,5498.0,5503.5,5.5,51.0,take_profit
2025-07-09,2025-07-09 11:35:00-03:00,2025-07-09 11:40:00-03:00,long,5503.0,5513.5,10.5,101.0,target_gap_open
2025-07-10,2025-07-10 09:15:00-03:00,2025-07-10 09:30:00-03:00,long,5589.5,5578.0,-11.5,-119.0,stop_loss
2025-07-11,2025-07-11 14:10:00-03:00,2025-07-11 14:15:00-03:00,long,5575.5,5579.5,4.0,36.0,take_profit
2025-07-11,2025-07-11 14:20:00-03:00,2025-07-11 14:30:00-03:00,long,5579.5,5583.5,4.0,36.0,take_profit
2025-07-11,2025-07-11 14:35:00-03:00,2025-07-11 14:50:00-03:00,long,5585.0,5582.0,-3.0,-34.0,stop_loss
2025-07-14,2025-07-14 12:05:00-03:00,2025-07-14 12:15:00-03:00,long,5599.0,5603.5,4.5,41.0,take_profit
2025-07-14,2025-07-14 12:20:00-03:00,2025-07-14 12:25:00-03:00,long,5604.5,5609.0,4.5,41.0,take_profit
2025-07-15,2025-07-15 13:55:00-03:00,2025-07-15 14:05:00-03:00,short,5576.0,5581.0,-5.0,-54.0,stop_loss
2025-07-15,2025-07-15 15:15:00-03:00,2025-07-15 15:20:00-03:00,short,5575.0,5578.5,-3.5,-39.0,stop_loss
2025-07-16,2025-07-16 11:10:00-03:00,2025-07-16 11:25:00-03:00,short,5573.0,5564.5,8.5,81.0,take_profit
2025-07-17,2025-07-17 12:00:00-03:00,2025-07-17 12:10:00-03:00,short,5574.0,5568.5,5.5,51.0,take_profit
2025-07-17,2025-07-17 14:20:00-03:00,2025-07-17 14:40:00-03:00,short,5561.0,5557.0,4.0,36.0,take_profit
2025-07-18,2025-07-18 12:35:00-03:00,2025-07-18 12:40:00-03:00,long,5599.0,5604.5,5.5,51.0,target_gap_open
2025-07-22,2025-07-22 14:15:00-03:00,2025-07-22 14:55:00-03:00,short,5574.5,5578.0,-3.5,-39.0,stop_loss
2025-07-23,2025-07-23 15:15:00-03:00,2025-07-24 06:00:00-03:00,short,5522.5,5534.5,-12.0,-124.0,stop_gap_open
2025-07-24,2025-07-24 10:00:00-03:00,2025-07-24 10:55:00-03:00,short,5530.5,5535.5,-5.0,-54.0,stop_loss
2025-07-24,2025-07-24 13:05:00-03:00,2025-07-24 13:40:00-03:00,short,5527.0,5522.5,4.5,41.0,take_profit
2025-07-25,2025-07-25 12:55:00-03:00,2025-07-25 13:10:00-03:00,long,5575.5,5572.0,-3.5,-39.0,stop_loss
2025-07-28,2025-07-28 11:10:00-03:00,2025-07-28 11:35:00-03:00,long,5600.5,5605.5,5.0,46.0,take_profit
2025-07-31,2025-07-31 10:50:00-03:00,2025-07-31 11:15:00-03:00,long,5633.5,5639.5,6.0,56.0,take_profit
2025-07-31,2025-07-31 11:20:00-03:00,2025-07-31 11:30:00-03:00,long,5641.0,5646.5,5.5,51.0,take_profit
2025-07-31,2025-07-31 11:35:00-03:00,2025-07-31 11:45:00-03:00,long,5645.0,5640.5,-4.5,-49.0,stop_loss
2025-07-31,2025-07-31 15:10:00-03:00,2025-08-01 06:00:00-03:00,long,5650.0,5662.0,12.0,116.0,target_gap_open
2025-08-01,2025-08-01 12:35:00-03:00,2025-08-01 12:50:00-03:00,short,5587.5,5592.5,-5.0,-54.0,stop_loss
2025-08-01,2025-08-01 14:35:00-03:00,2025-08-01 14:50:00-03:00,short,5579.0,5584.0,-5.0,-54.0,stop_loss
2025-08-04,2025-08-04 12:20:00-03:00,2025-08-04 12:25:00-03:00,short,5555.0,5550.5,4.5,41.0,take_profit
2025-08-04,2025-08-04 12:30:00-03:00,2025-08-04 13:30:00-03:00,short,5550.0,5545.5,4.5,41.0,take_profit
2025-08-04,2025-08-04 14:05:00-03:00,2025-08-04 14:10:00-03:00,short,5542.0,5538.5,3.5,31.0,take_profit
2025-08-04,2025-08-04 14:15:00-03:00,2025-08-04 14:20:00-03:00,short,5538.5,5541.5,-3.0,-34.0,stop_gap_open
2025-08-05,2025-08-05 09:55:00-03:00,2025-08-05 10:55:00-03:00,short,5541.0,5541.5,-0.5,-9.0,max_hold
2025-08-06,2025-08-06 15:10:00-03:00,2025-08-07 06:00:00-03:00,short,5495.0,5498.0,-3.0,-34.0,stop_gap_open
2025-08-07,2025-08-07 15:25:00-03:00,2025-08-08 06:00:00-03:00,short,5446.5,5457.0,-10.5,-109.0,stop_gap_open
2025-08-08,2025-08-08 09:10:00-03:00,2025-08-08 09:35:00-03:00,short,5448.0,5453.0,-5.0,-54.0,stop_loss
2025-08-12,2025-08-12 12:15:00-03:00,2025-08-12 12:20:00-03:00,short,5413.5,5417.5,-4.0,-44.0,stop_loss
2025-08-12,2025-08-12 14:00:00-03:00,2025-08-12 14:05:00-03:00,short,5412.0,5415.0,-3.0,-34.0,stop_loss
2025-08-13,2025-08-13 15:20:00-03:00,2025-08-13 15:25:00-03:00,short,5415.5,5418.0,-2.5,-29.0,stop_loss
2025-08-15,2025-08-15 13:35:00-03:00,2025-08-15 13:55:00-03:00,short,5418.0,5420.5,-2.5,-29.0,stop_loss
2025-08-18,2025-08-18 15:00:00-03:00,2025-08-18 15:10:00-03:00,long,5455.0,5458.0,3.0,26.0,take_profit
2025-08-18,2025-08-18 15:15:00-03:00,2025-08-18 15:20:00-03:00,long,5458.5,5455.5,-3.0,-34.0,stop_gap_open
2025-08-20,2025-08-20 14:20:00-03:00,2025-08-20 14:50:00-03:00,long,5496.0,5500.0,4.0,36.0,take_profit
2025-08-21,2025-08-21 15:00:00-03:00,2025-08-21 15:05:00-03:00,short,5489.5,5486.5,3.0,26.0,take_profit
2025-08-21,2025-08-21 15:10:00-03:00,2025-08-21 15:15:00-03:00,short,5487.0,5489.5,-2.5,-29.0,stop_loss
2025-08-21,2025-08-22 06:00:00-03:00,2025-08-22 06:05:00-03:00,short,5486.5,5480.0,6.5,61.0,target_gap_open
2025-08-22,2025-08-22 11:55:00-03:00,2025-08-22 12:55:00-03:00,short,5431.5,5435.0,-3.5,-39.0,stop_loss
2025-08-25,2025-08-25 15:05:00-03:00,2025-08-25 15:25:00-03:00,short,5419.0,5421.0,-2.0,-24.0,stop_loss
2025-08-28,2025-08-28 10:40:00-03:00,2025-08-28 11:05:00-03:00,short,5406.0,5402.0,4.0,36.0,take_profit
2025-09-03,2025-09-03 14:45:00-03:00,2025-09-03 15:25:00-03:00,short,5486.5,5483.5,3.0,26.0,take_profit
2025-09-04,2025-09-04 10:15:00-03:00,2025-09-04 10:20:00-03:00,long,5501.0,5505.0,4.0,36.0,take_profit
2025-09-04,2025-09-04 14:05:00-03:00,2025-09-04 14:10:00-03:00,short,5480.0,5482.5,-2.5,-29.0,stop_loss
2025-09-09,2025-09-09 14:15:00-03:00,2025-09-09 14:25:00-03:00,long,5466.0,5468.5,2.5,21.0,take_profit
2025-09-10,2025-09-10 15:15:00-03:00,2025-09-10 15:20:00-03:00,short,5430.5,5428.0,2.5,21.0,take_profit
2025-09-12,2025-09-12 11:15:00-03:00,2025-09-12 11:45:00-03:00,short,5372.5,5368.0,4.5,41.0,take_profit
2025-09-12,2025-09-12 15:05:00-03:00,2025-09-12 15:15:00-03:00,short,5372.5,5369.5,3.0,26.0,take_profit
2025-09-15,2025-09-15 15:15:00-03:00,2025-09-15 15:20:00-03:00,short,5336.5,5339.0,-2.5,-29.0,stop_gap_open
2025-09-18,2025-09-18 11:30:00-03:00,2025-09-18 11:45:00-03:00,short,5310.5,5314.0,-3.5,-39.0,stop_loss
2025-09-19,2025-09-19 14:35:00-03:00,2025-09-19 15:05:00-03:00,long,5337.5,5340.0,2.5,21.0,take_profit
2025-09-23,2025-09-23 13:45:00-03:00,2025-09-23 13:55:00-03:00,short,5289.0,5285.5,3.5,31.0,take_profit
2025-09-23,2025-09-23 14:00:00-03:00,2025-09-23 14:15:00-03:00,short,5286.0,5289.0,-3.0,-34.0,stop_loss
2025-09-24,2025-09-24 11:40:00-03:00,2025-09-24 11:45:00-03:00,long,5332.0,5329.0,-3.0,-34.0,stop_loss
2025-09-24,2025-09-24 14:45:00-03:00,2025-09-24 14:50:00-03:00,long,5337.0,5339.5,2.5,21.0,take_profit
2025-09-24,2025-09-24 14:55:00-03:00,2025-09-24 15:00:00-03:00,long,5338.5,5336.0,-2.5,-29.0,ambiguous_stop_first
2025-09-25,2025-09-25 11:20:00-03:00,2025-09-25 11:25:00-03:00,long,5356.5,5361.0,4.5,41.0,take_profit
2025-09-26,2025-09-26 14:00:00-03:00,2025-09-26 14:15:00-03:00,short,5340.0,5342.0,-2.0,-24.0,stop_loss
2025-09-29,2025-09-29 12:50:00-03:00,2025-09-29 13:05:00-03:00,short,5315.5,5318.0,-2.5,-29.0,stop_loss
2025-10-01,2025-10-01 14:00:00-03:00,2025-10-01 14:05:00-03:00,long,5368.0,5371.0,3.0,26.0,take_profit
2025-10-01,2025-10-01 14:10:00-03:00,2025-10-01 14:30:00-03:00,long,5371.0,5374.0,3.0,26.0,take_profit
2025-10-06,2025-10-06 09:40:00-03:00,2025-10-06 10:35:00-03:00,short,5351.5,5346.5,5.0,46.0,take_profit
2025-10-06,2025-10-06 12:35:00-03:00,2025-10-06 12:45:00-03:00,short,5346.5,5343.5,3.0,26.0,take_profit
2025-10-06,2025-10-07 06:00:00-03:00,2025-10-07 06:05:00-03:00,short,5354.5,5357.0,-2.5,-29.0,stop_loss
2025-10-07,2025-10-07 12:35:00-03:00,2025-10-07 12:45:00-03:00,long,5383.5,5380.5,-3.0,-34.0,stop_loss
2025-10-07,2025-10-07 14:10:00-03:00,2025-10-07 14:15:00-03:00,long,5385.5,5388.5,3.0,26.0,take_profit
2025-10-07,2025-10-07 14:20:00-03:00,2025-10-07 14:35:00-03:00,long,5387.0,5384.5,-2.5,-29.0,stop_loss
2025-10-08,2025-10-08 11:30:00-03:00,2025-10-08 11:35:00-03:00,long,5381.0,5385.0,4.0,36.0,target_gap_open
2025-10-08,2025-10-08 15:20:00-03:00,2025-10-08 15:25:00-03:00,short,5368.5,5365.0,3.5,31.0,take_profit
2025-10-09,2025-10-09 10:45:00-03:00,2025-10-09 10:50:00-03:00,long,5398.0,5394.0,-4.0,-44.0,stop_loss
2025-10-09,2025-10-09 11:00:00-03:00,2025-10-09 11:30:00-03:00,long,5399.5,5395.5,-4.0,-44.0,stop_loss
2025-10-09,2025-10-09 12:10:00-03:00,2025-10-09 12:15:00-03:00,long,5402.0,5398.5,-3.5,-39.0,stop_loss
2025-10-10,2025-10-10 14:10:00-03:00,2025-10-10 14:15:00-03:00,long,5537.0,5531.5,-5.5,-59.0,stop_loss
2025-10-10,2025-10-10 14:20:00-03:00,2025-10-10 14:25:00-03:00,long,5536.5,5531.0,-5.5,-59.0,stop_loss
2025-10-10,2025-10-10 14:55:00-03:00,2025-10-10 15:10:00-03:00,long,5543.0,5550.0,7.0,66.0,take_profit
2025-10-17,2025-10-17 12:10:00-03:00,2025-10-17 12:15:00-03:00,short,5426.5,5430.0,-3.5,-39.0,stop_loss
2025-10-17,2025-10-17 12:20:00-03:00,2025-10-17 13:00:00-03:00,short,5426.0,5421.5,4.5,41.0,take_profit
2025-10-23,2025-10-23 15:05:00-03:00,2025-10-23 15:10:00-03:00,short,5394.0,5391.5,2.5,21.0,target_gap_open
2025-10-23,2025-10-23 15:15:00-03:00,2025-10-23 15:20:00-03:00,short,5391.0,5393.0,-2.0,-24.0,stop_loss
2025-10-27,2025-10-27 11:35:00-03:00,2025-10-27 11:40:00-03:00,short,5377.5,5380.5,-3.0,-34.0,stop_loss
2025-10-28,2025-10-28 11:35:00-03:00,2025-10-28 12:15:00-03:00,short,5364.0,5360.5,3.5,31.0,take_profit
2025-10-29,2025-10-29 15:25:00-03:00,2025-10-30 06:00:00-03:00,short,5360.5,5365.5,-5.0,-54.0,stop_gap_open
2025-10-30,2025-10-30 15:05:00-03:00,2025-10-30 15:10:00-03:00,long,5385.0,5383.0,-2.0,-24.0,stop_loss
2025-10-30,2025-10-30 15:25:00-03:00,2025-10-31 06:00:00-03:00,long,5387.0,5425.0,38.0,376.0,target_gap_open
2025-11-04,2025-11-04 10:50:00-03:00,2025-11-04 11:15:00-03:00,long,5417.5,5422.0,4.5,41.0,take_profit
2025-11-04,2025-11-04 14:10:00-03:00,2025-11-04 14:15:00-03:00,long,5433.0,5430.5,-2.5,-29.0,stop_loss
2025-11-04,2025-11-04 15:10:00-03:00,2025-11-04 15:25:00-03:00,long,5439.0,5442.5,3.5,31.0,take_profit
2025-11-05,2025-11-05 14:55:00-03:00,2025-11-05 15:00:00-03:00,short,5389.0,5386.5,2.5,21.0,take_profit
2025-11-05,2025-11-05 15:05:00-03:00,2025-11-05 15:10:00-03:00,short,5388.5,5386.0,2.5,21.0,take_profit
2025-11-05,2025-11-05 15:15:00-03:00,2025-11-05 15:20:00-03:00,short,5384.0,5386.5,-2.5,-29.0,stop_loss
2025-11-06,2025-11-06 12:35:00-03:00,2025-11-06 12:40:00-03:00,short,5380.0,5375.5,4.5,41.0,target_gap_open
2025-11-07,2025-11-07 13:10:00-03:00,2025-11-07 13:25:00-03:00,short,5359.5,5362.0,-2.5,-29.0,stop_loss
2025-11-07,2025-11-07 15:00:00-03:00,2025-11-07 15:15:00-03:00,short,5357.5,5355.0,2.5,21.0,take_profit
2025-11-07,2025-11-07 15:20:00-03:00,2025-11-07 15:25:00-03:00,short,5355.0,5352.5,2.5,21.0,take_profit
2025-11-10,2025-11-10 14:10:00-03:00,2025-11-10 14:20:00-03:00,short,5327.0,5329.0,-2.0,-24.0,stop_loss
2025-11-10,2025-11-10 14:40:00-03:00,2025-11-10 14:45:00-03:00,short,5325.0,5322.5,2.5,21.0,take_profit
2025-11-12,2025-11-12 15:15:00-03:00,2025-11-12 15:20:00-03:00,long,5314.5,5312.5,-2.0,-24.0,stop_loss
2025-11-13,2025-11-13 14:15:00-03:00,2025-11-13 14:35:00-03:00,long,5322.5,5319.5,-3.0,-34.0,stop_loss
2025-11-14,2025-11-14 15:20:00-03:00,2025-11-14 15:25:00-03:00,long,5317.5,5315.5,-2.0,-24.0,stop_loss
2025-11-17,2025-11-17 12:10:00-03:00,2025-11-17 12:15:00-03:00,long,5327.5,5331.0,3.5,31.0,take_profit
2025-11-24,2025-11-24 12:35:00-03:00,2025-11-24 12:40:00-03:00,long,5405.0,5401.5,-3.5,-39.0,stop_gap_open
2025-11-26,2025-11-26 15:00:00-03:00,2025-11-26 15:05:00-03:00,short,5334.0,5331.5,2.5,21.0,take_profit
2025-11-28,2025-11-28 15:05:00-03:00,2025-11-28 15:15:00-03:00,long,5373.5,5371.5,-2.0,-24.0,stop_loss
2025-12-01,2025-12-01 14:10:00-03:00,2025-12-01 14:15:00-03:00,long,5398.0,5394.0,-4.0,-44.0,stop_gap_open
2025-12-02,2025-12-02 11:15:00-03:00,2025-12-02 11:20:00-03:00,short,5370.5,5364.0,6.5,61.0,target_gap_open
2025-12-02,2025-12-02 14:30:00-03:00,2025-12-02 14:40:00-03:00,short,5362.0,5364.0,-2.0,-24.0,stop_loss
2025-12-04,2025-12-04 13:35:00-03:00,2025-12-04 13:40:00-03:00,short,5336.0,5339.0,-3.0,-34.0,stop_loss
2025-12-08,2025-12-08 09:05:00-03:00,2025-12-08 09:10:00-03:00,long,5457.0,5467.0,10.0,96.0,take_profit
2025-12-08,2025-12-08 14:50:00-03:00,2025-12-09 06:00:00-03:00,long,5459.5,5449.0,-10.5,-109.0,stop_gap_open
2025-12-09,2025-12-09 11:50:00-03:00,2025-12-09 12:05:00-03:00,long,5475.0,5469.0,-6.0,-64.0,stop_loss
2025-12-10,2025-12-10 09:20:00-03:00,2025-12-10 09:25:00-03:00,long,5491.5,5498.5,7.0,66.0,target_gap_open
2025-12-10,2025-12-10 12:45:00-03:00,2025-12-10 12:50:00-03:00,long,5510.5,5506.0,-4.5,-49.0,stop_loss
2025-12-11,2025-12-11 09:10:00-03:00,2025-12-11 09:20:00-03:00,short,5439.0,5432.0,7.0,66.0,take_profit
2025-12-11,2025-12-11 12:50:00-03:00,2025-12-11 13:05:00-03:00,short,5422.5,5427.0,-4.5,-49.0,stop_loss
2025-12-16,2025-12-16 13:00:00-03:00,2025-12-16 13:25:00-03:00,long,5480.0,5485.0,5.0,46.0,take_profit
2025-12-16,2025-12-16 14:20:00-03:00,2025-12-16 14:35:00-03:00,long,5487.5,5483.5,-4.0,-44.0,stop_loss
2025-12-16,2025-12-16 15:10:00-03:00,2025-12-16 15:15:00-03:00,long,5497.0,5511.5,14.5,141.0,target_gap_open
2025-12-17,2025-12-17 13:35:00-03:00,2025-12-17 13:40:00-03:00,long,5542.0,5538.0,-4.0,-44.0,stop_loss
2025-12-18,2025-12-18 11:15:00-03:00,2025-12-18 11:40:00-03:00,long,5540.0,5533.0,-7.0,-74.0,stop_loss
2025-12-19,2025-12-19 14:40:00-03:00,2025-12-19 14:45:00-03:00,long,5547.5,5551.0,3.5,31.0,take_profit
2025-12-19,2025-12-19 14:50:00-03:00,2025-12-19 14:55:00-03:00,long,5551.0,5554.5,3.5,31.0,take_profit
2025-12-22,2025-12-22 14:35:00-03:00,2025-12-22 14:40:00-03:00,long,5601.0,5597.0,-4.0,-44.0,stop_gap_open
2025-12-23,2025-12-23 11:40:00-03:00,2025-12-23 11:45:00-03:00,short,5540.0,5544.5,-4.5,-49.0,stop_loss
2025-12-23,2025-12-23 13:40:00-03:00,2025-12-23 13:55:00-03:00,short,5539.0,5535.0,4.0,36.0,take_profit
2025-12-26,2025-12-26 14:40:00-03:00,2025-12-26 14:55:00-03:00,short,5545.0,5548.0,-3.0,-34.0,stop_loss
2025-12-26,2025-12-26 15:10:00-03:00,2025-12-26 15:15:00-03:00,short,5542.0,5544.5,-2.5,-29.0,stop_loss
2025-12-29,2025-12-29 12:30:00-03:00,2025-12-29 12:35:00-03:00,long,5583.5,5580.0,-3.5,-39.0,stop_loss
2025-12-30,2025-12-30 14:25:00-03:00,2025-12-30 14:30:00-03:00,short,5523.5,5520.0,3.5,31.0,take_profit
2025-12-30,2025-12-30 14:35:00-03:00,2025-12-30 14:45:00-03:00,short,5520.0,5523.0,-3.0,-34.0,stop_loss
2026-01-06,2026-01-06 14:40:00-03:00,2026-01-06 14:55:00-03:00,short,5408.0,5410.5,-2.5,-29.0,stop_loss
2026-01-07,2026-01-07 10:45:00-03:00,2026-01-07 11:05:00-03:00,short,5422.5,5427.0,-4.5,-49.0,stop_loss
2026-01-14,2026-01-14 13:35:00-03:00,2026-01-14 13:40:00-03:00,long,5423.0,5418.5,-4.5,-49.0,stop_loss
2026-01-15,2026-01-15 12:10:00-03:00,2026-01-15 12:15:00-03:00,short,5373.0,5380.0,-7.0,-74.0,stop_gap_open
2026-01-16,2026-01-16 12:35:00-03:00,2026-01-16 13:30:00-03:00,short,5387.0,5390.5,-3.5,-39.0,stop_loss
2026-01-16,2026-01-16 15:05:00-03:00,2026-01-16 15:10:00-03:00,short,5387.5,5389.5,-2.0,-24.0,stop_loss
2026-01-16,2026-01-16 15:20:00-03:00,2026-01-16 15:25:00-03:00,short,5386.5,5389.5,-3.0,-34.0,stop_gap_open
2026-01-19,2026-01-19 09:25:00-03:00,2026-01-19 09:30:00-03:00,short,5380.5,5384.0,-3.5,-39.0,stop_loss
2026-01-21,2026-01-21 13:30:00-03:00,2026-01-21 13:35:00-03:00,short,5329.0,5332.5,-3.5,-39.0,stop_loss
2026-01-21,2026-01-21 14:55:00-03:00,2026-01-21 15:00:00-03:00,short,5328.0,5331.0,-3.0,-34.0,stop_loss
2026-01-22,2026-01-22 11:55:00-03:00,2026-01-22 12:00:00-03:00,short,5299.0,5303.5,-4.5,-49.0,stop_gap_open
2026-01-23,2026-01-23 14:05:00-03:00,2026-01-23 14:10:00-03:00,short,5293.0,5289.0,4.0,36.0,take_profit
2026-01-23,2026-01-23 14:15:00-03:00,2026-01-23 14:20:00-03:00,short,5289.5,5293.0,-3.5,-39.0,stop_loss
2026-01-27,2026-01-27 09:10:00-03:00,2026-01-27 09:15:00-03:00,short,5248.0,5239.0,9.0,86.0,target_gap_open
2026-01-27,2026-01-27 14:40:00-03:00,2026-01-27 14:45:00-03:00,short,5202.0,5197.5,4.5,41.0,take_profit
2026-01-28,2026-01-28 14:05:00-03:00,2026-01-28 14:30:00-03:00,short,5206.0,5200.0,6.0,56.0,take_profit
2026-01-30,2026-01-30 10:00:00-03:00,2026-01-30 10:45:00-03:00,long,5269.5,5278.0,8.5,81.0,take_profit
2026-01-30,2026-01-30 14:30:00-03:00,2026-02-02 06:00:00-03:00,long,5294.0,5288.0,-6.0,-64.0,stop_loss
2026-02-02,2026-02-02 12:05:00-03:00,2026-02-02 12:45:00-03:00,long,5293.5,5289.0,-4.5,-49.0,stop_loss
2026-02-02,2026-02-03 06:00:00-03:00,2026-02-03 06:05:00-03:00,long,5275.5,5268.0,-7.5,-79.0,stop_gap_open
2026-02-05,2026-02-05 14:20:00-03:00,2026-02-05 14:25:00-03:00,long,5284.5,5288.5,4.0,36.0,take_profit
2026-02-05,2026-02-05 14:30:00-03:00,2026-02-05 14:45:00-03:00,long,5289.0,5293.0,4.0,36.0,take_profit
2026-02-06,2026-02-06 15:00:00-03:00,2026-02-06 15:05:00-03:00,short,5239.5,5242.5,-3.0,-34.0,stop_loss
2026-02-10,2026-02-10 13:35:00-03:00,2026-02-10 14:00:00-03:00,short,5217.5,5213.5,4.0,36.0,take_profit
2026-02-10,2026-02-10 15:15:00-03:00,2026-02-11 06:00:00-03:00,short,5212.0,5204.5,7.5,71.0,target_gap_open
2026-02-12,2026-02-12 15:00:00-03:00,2026-02-12 15:20:00-03:00,long,5229.0,5234.5,5.5,51.0,take_profit
2026-02-19,2026-02-19 14:35:00-03:00,2026-02-19 14:40:00-03:00,short,5232.0,5235.0,-3.0,-34.0,ambiguous_stop_first
2026-02-20,2026-02-20 14:15:00-03:00,2026-02-20 14:55:00-03:00,short,5182.5,5186.0,-3.5,-39.0,stop_loss
2026-02-25,2026-02-25 13:35:00-03:00,2026-02-25 14:30:00-03:00,short,5128.5,5125.5,3.0,26.0,take_profit
2026-02-27,2026-02-27 12:20:00-03:00,2026-02-27 12:40:00-03:00,long,5184.0,5180.0,-4.0,-44.0,stop_loss
2026-03-02,2026-03-02 14:10:00-03:00,2026-03-02 14:15:00-03:00,long,5223.0,5217.5,-5.5,-59.0,stop_loss
2026-03-03,2026-03-03 15:15:00-03:00,2026-03-04 06:00:00-03:00,long,5319.5,5290.0,-29.5,-299.0,stop_gap_open
2026-03-04,2026-03-04 09:30:00-03:00,2026-03-04 09:35:00-03:00,short,5234.5,5243.5,-9.0,-94.0,stop_loss
2026-03-04,2026-03-04 12:50:00-03:00,2026-03-04 12:55:00-03:00,short,5248.0,5253.0,-5.0,-54.0,stop_loss
2026-03-06,2026-03-06 11:55:00-03:00,2026-03-06 12:10:00-03:00,long,5310.0,5302.0,-8.0,-84.0,stop_loss
2026-03-06,2026-03-06 13:30:00-03:00,2026-03-06 13:35:00-03:00,short,5280.5,5287.0,-6.5,-69.0,stop_loss
2026-03-06,2026-03-06 14:00:00-03:00,2026-03-06 14:20:00-03:00,short,5273.5,5280.5,-7.0,-74.0,stop_loss
2026-03-09,2026-03-09 12:25:00-03:00,2026-03-09 13:00:00-03:00,short,5236.5,5231.0,5.5,51.0,take_profit
2026-03-10,2026-03-10 11:15:00-03:00,2026-03-10 11:35:00-03:00,short,5165.0,5170.0,-5.0,-54.0,stop_loss
2026-03-11,2026-03-11 09:40:00-03:00,2026-03-11 09:45:00-03:00,short,5173.5,5180.5,-7.0,-74.0,stop_loss
2026-03-11,2026-03-11 12:55:00-03:00,2026-03-11 13:05:00-03:00,short,5182.0,5187.5,-5.5,-59.0,stop_loss
2026-03-11,2026-03-12 06:00:00-03:00,2026-03-12 06:05:00-03:00,short,5188.5,5192.5,-4.0,-44.0,stop_gap_open
2026-03-12,2026-03-12 15:20:00-03:00,2026-03-12 15:25:00-03:00,long,5280.5,5286.5,6.0,56.0,take_profit
2026-03-13,2026-03-13 11:50:00-03:00,2026-03-13 11:55:00-03:00,long,5324.5,5315.5,-9.0,-94.0,stop_loss
2026-03-13,2026-03-13 13:25:00-03:00,2026-03-13 13:30:00-03:00,long,5334.0,5342.0,8.0,76.0,take_profit
2026-03-13,2026-03-13 13:35:00-03:00,2026-03-13 14:35:00-03:00,long,5342.5,5341.0,-1.5,-19.0,max_hold
2026-03-13,2026-03-13 15:15:00-03:00,2026-03-13 15:25:00-03:00,long,5354.0,5349.0,-5.0,-54.0,stop_loss
2026-03-16,2026-03-16 12:20:00-03:00,2026-03-16 12:25:00-03:00,short,5265.5,5259.0,6.5,61.0,take_profit
2026-03-17,2026-03-17 11:40:00-03:00,2026-03-17 11:45:00-03:00,short,5209.5,5203.5,6.0,56.0,take_profit
2026-03-17,2026-03-17 11:50:00-03:00,2026-03-17 12:00:00-03:00,short,5203.0,5197.0,6.0,56.0,take_profit
2026-03-19,2026-03-19 12:40:00-03:00,2026-03-19 12:50:00-03:00,long,5272.0,5264.5,-7.5,-79.0,stop_loss
2026-03-20,2026-03-20 11:25:00-03:00,2026-03-20 11:30:00-03:00,long,5311.0,5320.5,9.5,91.0,take_profit
2026-03-20,2026-03-20 11:35:00-03:00,2026-03-20 12:00:00-03:00,long,5320.5,5312.5,-8.0,-84.0,stop_loss
2026-03-23,2026-03-23 11:40:00-03:00,2026-03-23 11:45:00-03:00,short,5236.0,5243.5,-7.5,-79.0,stop_loss
2026-03-24,2026-03-24 11:05:00-03:00,2026-03-24 11:40:00-03:00,long,5276.0,5284.5,8.5,81.0,take_profit
2026-03-24,2026-03-24 14:25:00-03:00,2026-03-24 14:30:00-03:00,short,5231.5,5239.5,-8.0,-84.0,stop_gap_open
2026-03-25,2026-03-25 10:50:00-03:00,2026-03-25 11:00:00-03:00,short,5218.5,5225.0,-6.5,-69.0,stop_loss
2026-03-26,2026-03-26 10:35:00-03:00,2026-03-26 10:45:00-03:00,long,5246.5,5253.0,6.5,61.0,take_profit
2026-03-26,2026-03-26 13:45:00-03:00,2026-03-26 13:55:00-03:00,long,5255.5,5261.5,6.0,56.0,take_profit
