session_date,entry_time,exit_time,direction,entry_price,exit_price,pnl_points,pnl_brl,exit_reason
2022-09-05,2022-09-05 09:55:00-03:00,2022-09-05 10:50:00-03:00,short,5197.5,5204.5,-7.0,-74.0,stop_loss
2022-09-05,2022-09-05 11:10:00-03:00,2022-09-05 11:35:00-03:00,short,5188.0,5193.5,-5.5,-59.0,stop_loss
2022-09-05,2022-09-05 14:15:00-03:00,2022-09-05 14:20:00-03:00,short,5187.0,5190.0,-3.0,-34.0,stop_loss
2022-09-06,2022-09-08 06:00:00-03:00,2022-09-08 06:05:00-03:00,long,5242.0,5238.0,-4.0,-44.0,stop_loss
2022-09-08,2022-09-08 14:50:00-03:00,2022-09-09 06:00:00-03:00,long,5246.0,5212.0,-34.0,-344.0,stop_gap_open
2022-09-09,2022-09-09 12:05:00-03:00,2022-09-09 12:10:00-03:00,long,5192.0,5187.5,-4.5,-49.0,stop_loss
2022-09-09,2022-09-09 13:30:00-03:00,2022-09-09 13:40:00-03:00,short,5178.5,5174.0,4.5,41.0,take_profit
2022-09-13,2022-09-13 12:40:00-03:00,2022-09-13 13:40:00-03:00,long,5213.5,5217.0,3.5,31.0,max_hold
2022-09-15,2022-09-15 13:00:00-03:00,2022-09-15 13:05:00-03:00,long,5262.5,5258.0,-4.5,-49.0,stop_loss
2022-09-15,2022-09-15 13:15:00-03:00,2022-09-15 13:50:00-03:00,long,5265.0,5260.0,-5.0,-54.0,stop_loss
2022-09-21,2022-09-21 12:00:00-03:00,2022-09-21 12:05:00-03:00,short,5186.5,5196.0,-9.5,-99.0,stop_gap_open
2022-09-21,2022-09-21 12:10:00-03:00,2022-09-21 12:15:00-03:00,short,5182.0,5194.5,-12.5,-129.0,stop_gap_open
2022-09-21,2022-09-21 12:20:00-03:00,2022-09-21 12:25:00-03:00,short,5179.0,5166.0,13.0,126.0,take_profit
2022-09-22,2022-09-22 10:05:00-03:00,2022-09-22 10:10:00-03:00,short,5178.5,5186.0,-7.5,-79.0,stop_loss
2022-09-22,2022-09-22 10:45:00-03:00,2022-09-22 11:15:00-03:00,short,5172.0,5163.0,9.0,86.0,take_profit
2022-09-22,2022-09-22 11:35:00-03:00,2022-09-22 11:55:00-03:00,short,5148.5,5139.5,9.0,86.0,take_profit
2022-09-23,2022-09-23 10:30:00-03:00,2022-09-23 10:45:00-03:00,long,5255.5,5250.0,-5.5,-59.0,stop_loss
2022-09-26,2022-09-26 13:05:00-03:00,2022-09-26 13:15:00-03:00,short,5389.5,5398.5,-9.0,-94.0,stop_loss
2022-09-27,2022-09-27 11:05:00-03:00,2022-09-27 11:45:00-03:00,long,5383.5,5374.5,-9.0,-94.0,stop_loss
2022-09-28,2022-09-28 14:15:00-03:00,2022-09-28 14:50:00-03:00,long,5364.5,5372.0,7.5,71.0,take_profit
2022-09-28,2022-09-28 14:55:00-03:00,2022-09-29 06:00:00-03:00,long,5373.0,5392.0,19.0,186.0,target_gap_open
2022-09-29,2022-09-29 12:20:00-03:00,2022-09-29 12:35:00-03:00,long,5411.5,5404.5,-7.0,-74.0,stop_loss
2022-10-03,2022-10-03 13:10:00-03:00,2022-10-03 13:15:00-03:00,long,5211.0,5220.0,9.0,86.0,take_profit
2022-10-03,2022-10-03 13:20:00-03:00,2022-10-03 13:25:00-03:00,long,5217.5,5210.0,-7.5,-79.0,stop_loss
2022-10-05,2022-10-05 11:30:00-03:00,2022-10-05 11:40:00-03:00,short,5221.0,5230.0,-9.0,-94.0,stop_loss
2022-10-05,2022-10-05 12:40:00-03:00,2022-10-05 13:40:00-03:00,short,5204.0,5202.0,2.0,16.0,max_hold
2022-10-05,2022-10-05 14:45:00-03:00,2022-10-05 14:50:00-03:00,long,5233.5,5226.5,-7.0,-74.0,stop_loss
2022-10-06,2022-10-06 14:20:00-03:00,2022-10-06 14:50:00-03:00,long,5243.5,5250.5,7.0,66.0,take_profit
2022-10-07,2022-10-07 13:15:00-03:00,2022-10-07 13:25:00-03:00,long,5242.0,5250.0,8.0,76.0,take_profit
2022-10-07,2022-10-07 13:30:00-03:00,2022-10-07 13:40:00-03:00,long,5248.5,5242.0,-6.5,-69.0,stop_loss
2022-10-10,2022-10-10 11:55:00-03:00,2022-10-10 12:55:00-03:00,short,5214.0,5206.5,7.5,71.0,take_profit
2022-10-11,2022-10-11 10:45:00-03:00,2022-10-11 10:50:00-03:00,short,5219.0,5226.0,-7.0,-74.0,stop_loss
2022-10-13,2022-10-13 11:15:00-03:00,2022-10-13 12:15:00-03:00,short,5261.0,5252.5,8.5,81.0,max_hold
2022-10-13,2022-10-13 13:15:00-03:00,2022-10-13 13:25:00-03:00,long,5291.5,5300.5,9.0,86.0,take_profit
2022-10-13,2022-10-13 13:30:00-03:00,2022-10-13 13:45:00-03:00,long,5301.0,5294.0,-7.0,-74.0,stop_loss
2022-10-14,2022-10-14 12:20:00-03:00,2022-10-14 12:35:00-03:00,long,5347.0,5340.0,-7.0,-74.0,stop_loss
2022-10-17,2022-10-17 14:35:00-03:00,2022-10-17 14:55:00-03:00,short,5299.0,5293.0,6.0,56.0,take_profit
2022-10-18,2022-10-18 14:40:00-03:00,2022-10-19 06:00:00-03:00,short,5251.5,5290.0,-38.5,-389.0,stop_gap_open
2022-10-19,2022-10-19 12:10:00-03:00,2022-10-19 12:15:00-03:00,short,5289.5,5282.0,7.5,71.0,take_profit
2022-10-19,2022-10-19 12:20:00-03:00,2022-10-19 12:40:00-03:00,short,5286.0,5292.5,-6.5,-69.0,stop_loss
2022-10-19,2022-10-19 14:45:00-03:00,2022-10-19 14:50:00-03:00,long,5294.0,5289.5,-4.5,-49.0,stop_loss
2022-10-20,2022-10-20 11:20:00-03:00,2022-10-20 11:35:00-03:00,long,5230.5,5224.5,-6.0,-64.0,stop_loss
2022-10-20,2022-10-20 12:45:00-03:00,2022-10-20 12:50:00-03:00,long,5233.5,5227.5,-6.0,-64.0,stop_loss
2022-10-21,2022-10-21 12:25:00-03:00,2022-10-21 12:30:00-03:00,long,5195.0,5187.5,-7.5,-79.0,stop_loss
2022-10-21,2022-10-21 13:10:00-03:00,2022-10-21 13:15:00-03:00,short,5165.0,5156.5,8.5,81.0,take_profit
2022-10-21,2022-10-21 13:20:00-03:00,2022-10-21 13:30:00-03:00,short,5151.0,5158.0,-7.0,-74.0,stop_loss
2022-10-24,2022-10-24 12:15:00-03:00,2022-10-24 12:20:00-03:00,short,5273.5,5281.0,-7.5,-79.0,stop_loss
2022-10-24,2022-10-24 13:55:00-03:00,2022-10-24 14:45:00-03:00,long,5307.0,5314.5,7.5,71.0,take_profit
2022-10-26,2022-10-26 10:55:00-03:00,2022-10-26 11:50:00-03:00,long,5352.0,5344.0,-8.0,-84.0,stop_loss
2022-10-27,2022-10-27 12:45:00-03:00,2022-10-27 13:00:00-03:00,long,5311.5,5306.0,-5.5,-59.0,stop_loss
2022-10-28,2022-10-28 10:00:00-03:00,2022-10-28 10:15:00-03:00,long,5356.0,5346.5,-9.5,-99.0,stop_loss
2022-10-28,2022-10-28 13:00:00-03:00,2022-10-28 13:55:00-03:00,short,5313.0,5304.0,9.0,86.0,take_profit
2022-10-31,2022-10-31 11:20:00-03:00,2022-10-31 11:30:00-03:00,short,5249.5,5235.0,14.5,141.0,take_profit
2022-10-31,2022-11-01 06:00:00-03:00,2022-11-01 06:05:00-03:00,long,5179.5,5211.5,32.0,316.0,target_gap_open
2022-11-01,2022-11-01 14:15:00-03:00,2022-11-01 14:45:00-03:00,long,5160.5,5177.0,16.5,161.0,take_profit
2022-11-03,2022-11-03 12:05:00-03:00,2022-11-03 12:15:00-03:00,long,5153.0,5144.5,-8.5,-89.0,stop_loss
2022-11-04,2022-11-04 12:40:00-03:00,2022-11-04 12:55:00-03:00,short,5055.0,5047.0,8.0,76.0,take_profit
2022-11-04,2022-11-04 13:55:00-03:00,2022-11-04 14:00:00-03:00,long,5073.0,5081.0,8.0,76.0,take_profit
2022-11-07,2022-11-07 13:15:00-03:00,2022-11-07 13:20:00-03:00,long,5153.0,5161.0,8.0,76.0,take_profit
2022-11-07,2022-11-07 13:25:00-03:00,2022-11-07 13:30:00-03:00,long,5160.0,5172.0,12.0,116.0,target_gap_open
2022-11-07,2022-11-07 13:35:00-03:00,2022-11-07 13:45:00-03:00,long,5174.5,5183.5,9.0,86.0,take_profit
2022-11-08,2022-11-08 12:30:00-03:00,2022-11-08 12:35:00-03:00,long,5190.0,5181.0,-9.0,-94.0,stop_loss
2022-11-09,2022-11-09 09:10:00-03:00,2022-11-09 09:15:00-03:00,short,5164.5,5176.5,-12.0,-124.0,stop_loss
2022-11-09,2022-11-09 12:20:00-03:00,2022-11-09 12:45:00-03:00,long,5187.5,5179.0,-8.5,-89.0,stop_loss
2022-11-09,2022-11-09 14:45:00-03:00,2022-11-09 15:25:00-03:00,long,5215.5,5207.0,-8.5,-89.0,stop_loss
2022-11-10,2022-11-10 11:40:00-03:00,2022-11-10 12:00:00-03:00,long,5369.0,5358.0,-11.0,-114.0,stop_loss
2022-11-10,2022-11-10 12:45:00-03:00,2022-11-10 12:50:00-03:00,long,5374.5,5386.0,11.5,111.0,take_profit
2022-11-10,2022-11-10 12:55:00-03:00,2022-11-10 13:00:00-03:00,long,5392.5,5404.5,12.0,116.0,take_profit
2022-11-14,2022-11-14 11:05:00-03:00,2022-11-14 11:20:00-03:00,short,5331.0,5341.5,-10.5,-109.0,stop_loss
2022-11-14,2022-11-14 11:50:00-03:00,2022-11-14 11:55:00-03:00,short,5325.0,5334.0,-9.0,-94.0,stop_loss
2022-11-14,2022-11-14 13:25:00-03:00,2022-11-14 13:35:00-03:00,long,5347.0,5340.0,-7.0,-74.0,stop_loss
2022-11-14,2022-11-14 13:40:00-03:00,2022-11-14 13:50:00-03:00,short,5309.5,5297.0,12.5,121.0,take_profit
2022-11-16,2022-11-16 12:05:00-03:00,2022-11-16 12:30:00-03:00,long,5391.0,5406.0,15.0,146.0,take_profit
2022-11-16,2022-11-16 15:20:00-03:00,2022-11-16 15:25:00-03:00,long,5419.0,5427.0,8.0,76.0,take_profit
2022-11-16,2022-11-17 06:05:00-03:00,2022-11-17 06:10:00-03:00,long,5514.5,5507.5,-7.0,-74.0,ambiguous_stop_first
2022-11-17,2022-11-17 12:20:00-03:00,2022-11-17 12:30:00-03:00,short,5455.5,5465.0,-9.5,-99.0,stop_loss
2022-11-18,2022-11-18 15:05:00-03:00,2022-11-18 15:10:00-03:00,long,5397.5,5390.0,-7.5,-79.0,stop_loss
2022-11-21,2022-11-22 06:00:00-03:00,2022-11-22 06:05:00-03:00,long,5321.0,5301.5,-19.5,-199.0,stop_gap_open
2022-11-22,2022-11-22 12:15:00-03:00,2022-11-22 12:20:00-03:00,long,5374.0,5366.5,-7.5,-79.0,stop_loss
2022-11-22,2022-11-22 13:05:00-03:00,2022-11-22 13:20:00-03:00,long,5380.5,5390.0,9.5,91.0,take_profit
2022-11-23,2022-11-23 12:55:00-03:00,2022-11-23 13:00:00-03:00,long,5406.0,5399.0,-7.0,-74.0,stop_loss
2022-11-23,2022-11-23 13:25:00-03:00,2022-11-23 13:35:00-03:00,short,5375.0,5385.0,-10.0,-104.0,stop_loss
2022-11-23,2022-11-23 13:45:00-03:00,2022-11-23 14:00:00-03:00,short,5370.5,5381.0,-10.5,-109.0,stop_loss
2022-11-24,2022-11-24 10:55:00-03:00,2022-11-24 11:15:00-03:00,long,5331.0,5339.0,8.0,76.0,take_profit
2022-11-24,2022-11-24 15:25:00-03:00,2022-11-25 06:00:00-03:00,long,5323.5,5328.5,5.0,46.0,take_profit
2022-11-25,2022-11-25 10:45:00-03:00,2022-11-25 10:55:00-03:00,long,5386.5,5396.0,9.5,91.0,take_profit
2022-11-25,2022-11-25 14:40:00-03:00,2022-11-25 14:50:00-03:00,short,5398.0,5405.5,-7.5,-79.0,stop_loss
2022-11-28,2022-11-28 14:15:00-03:00,2022-11-28 14:50:00-03:00,long,5375.5,5370.5,-5.0,-54.0,stop_loss
2022-11-29,2022-11-29 15:10:00-03:00,2022-11-29 15:15:00-03:00,short,5276.0,5281.0,-5.0,-54.0,stop_loss
2022-11-29,2022-11-30 06:00:00-03:00,2022-11-30 06:05:00-03:00,short,5295.0,5288.5,6.5,61.0,take_profit
2022-11-30,2022-11-30 12:10:00-03:00,2022-11-30 12:30:00-03:00,short,5259.5,5249.0,10.5,101.0,take_profit
2022-12-01,2022-12-01 13:25:00-03:00,2022-12-01 13:40:00-03:00,long,5236.0,5228.5,-7.5,-79.0,stop_loss
2022-12-01,2022-12-01 15:20:00-03:00,2022-12-02 06:05:00-03:00,short,5219.0,5213.5,5.5,51.0,take_profit
2022-12-02,2022-12-02 13:10:00-03:00,2022-12-02 13:20:00-03:00,long,5249.5,5243.5,-6.0,-64.0,stop_loss
2022-12-05,2022-12-05 09:05:00-03:00,2022-12-05 09:25:00-03:00,long,5278.5,5289.5,11.0,106.0,take_profit
2022-12-06,2022-12-06 11:40:00-03:00,2022-12-06 12:05:00-03:00,long,5278.5,5285.5,7.0,66.0,take_profit
2022-12-06,2022-12-06 14:50:00-03:00,2022-12-06 14:55:00-03:00,short,5268.0,5261.0,7.0,66.0,take_profit
2022-12-07,2022-12-07 10:35:00-03:00,2022-12-07 10:55:00-03:00,long,5254.0,5247.0,-7.0,-74.0,stop_loss
2022-12-07,2022-12-07 11:20:00-03:00,2022-12-07 11:25:00-03:00,short,5233.0,5225.5,7.5,71.0,take_profit
2022-12-08,2022-12-08 10:10:00-03:00,2022-12-08 10:15:00-03:00,long,5247.0,5240.0,-7.0,-74.0,stop_loss
2022-12-08,2022-12-08 15:20:00-03:00,2022-12-08 15:25:00-03:00,long,5264.5,5258.5,-6.0,-64.0,stop_loss
2022-12-09,2022-12-09 11:20:00-03:00,2022-12-09 11:40:00-03:00,long,5269.5,5276.5,7.0,66.0,take_profit
2022-12-09,2022-12-12 06:00:00-03:00,2022-12-12 06:05:00-03:00,short,5262.5,5277.0,-14.5,-149.0,stop_gap_open
2022-12-12,2022-12-12 13:55:00-03:00,2022-12-12 14:20:00-03:00,short,5334.5,5328.5,6.0,56.0,take_profit
2022-12-12,2022-12-12 14:25:00-03:00,2022-12-12 14:30:00-03:00,short,5323.5,5328.5,-5.0,-54.0,stop_loss
2022-12-13,2022-12-13 12:55:00-03:00,2022-12-13 13:00:00-03:00,long,5317.0,5309.0,-8.0,-84.0,stop_loss
2022-12-13,2022-12-13 13:10:00-03:00,2022-12-13 13:30:00-03:00,long,5331.5,5343.5,12.0,116.0,take_profit
2022-12-14,2022-12-14 09:05:00-03:00,2022-12-14 09:20:00-03:00,long,5367.5,5357.0,-10.5,-109.0,stop_loss
2022-12-14,2022-12-14 09:50:00-03:00,2022-12-14 09:55:00-03:00,short,5345.0,5334.0,11.0,106.0,take_profit
2022-12-14,2022-12-14 10:00:00-03:00,2022-12-14 10:05:00-03:00,short,5340.5,5350.0,-9.5,-99.0,stop_loss
2022-12-14,2022-12-14 13:35:00-03:00,2022-12-14 13:40:00-03:00,long,5354.5,5342.0,-12.5,-129.0,stop_loss
2022-12-15,2022-12-15 11:20:00-03:00,2022-12-15 11:25:00-03:00,short,5316.5,5306.0,10.5,101.0,take_profit
2022-12-15,2022-12-15 14:35:00-03:00,2022-12-15 14:40:00-03:00,short,5324.0,5330.5,-6.5,-69.0,stop_loss
2022-12-16,2022-12-16 10:20:00-03:00,2022-12-16 10:25:00-03:00,short,5279.0,5286.0,-7.0,-74.0,stop_loss
2022-12-16,2022-12-16 15:00:00-03:00,2022-12-16 15:10:00-03:00,long,5322.5,5328.0,5.5,51.0,take_profit
2022-12-16,2022-12-16 15:15:00-03:00,2022-12-16 15:20:00-03:00,long,5329.5,5323.0,-6.5,-69.0,stop_gap_open
2022-12-19,2022-12-19 09:20:00-03:00,2022-12-19 10:00:00-03:00,short,5315.0,5324.0,-9.0,-94.0,stop_loss
2022-12-19,2022-12-19 11:45:00-03:00,2022-12-19 12:00:00-03:00,long,5333.5,5327.5,-6.0,-64.0,stop_loss
2022-12-19,2022-12-19 12:20:00-03:00,2022-12-19 12:45:00-03:00,short,5307.0,5314.0,-7.0,-74.0,stop_loss
2022-12-20,2022-12-21 06:00:00-03:00,2022-12-21 06:05:00-03:00,short,5209.0,5199.0,10.0,96.0,target_gap_open
2022-12-21,2022-12-21 10:50:00-03:00,2022-12-21 11:15:00-03:00,short,5199.0,5190.0,9.0,86.0,take_profit
2022-12-22,2022-12-22 15:00:00-03:00,2022-12-22 15:10:00-03:00,short,5179.0,5184.0,-5.0,-54.0,stop_loss
2022-12-22,2022-12-23 06:00:00-03:00,2022-12-23 06:05:00-03:00,short,5178.0,5171.5,6.5,61.0,take_profit
2022-12-26,2022-12-26 09:45:00-03:00,2022-12-26 10:10:00-03:00,long,5199.5,5194.5,-5.0,-54.0,stop_loss
2022-12-26,2022-12-26 10:50:00-03:00,2022-12-26 11:00:00-03:00,long,5203.0,5208.0,5.0,46.0,take_profit
2022-12-26,2022-12-26 14:20:00-03:00,2022-12-26 14:35:00-03:00,long,5212.5,5216.5,4.0,36.0,take_profit
2022-12-26,2022-12-26 14:40:00-03:00,2022-12-26 15:25:00-03:00,long,5217.5,5221.5,4.0,36.0,take_profit
2022-12-28,2022-12-28 15:20:00-03:00,2022-12-28 15:25:00-03:00,long,5269.0,5274.0,5.0,46.0,take_profit
2022-12-28,2022-12-29 06:00:00-03:00,2022-12-29 06:05:00-03:00,long,5280.0,5296.5,16.5,161.0,target_gap_open
2022-12-29,2022-12-29 09:25:00-03:00,2022-12-29 09:40:00-03:00,long,5266.0,5277.5,11.5,111.0,take_profit
2022-12-29,2023-01-02 06:00:00-03:00,2023-01-02 06:05:00-03:00,long,5327.0,5348.0,21.0,206.0,target_gap_open
2023-01-02,2023-01-02 11:50:00-03:00,2023-01-02 11:55:00-03:00,long,5383.5,5389.5,6.0,56.0,take_profit
2023-01-02,2023-01-02 12:00:00-03:00,2023-01-02 12:20:00-03:00,long,5393.0,5387.5,-5.5,-59.0,stop_loss
2023-01-02,2023-01-02 14:30:00-03:00,2023-01-02 14:40:00-03:00,long,5398.5,5394.5,-4.0,-44.0,stop_loss
2023-01-02,2023-01-03 06:00:00-03:00,2023-01-03 06:05:00-03:00,long,5423.0,5419.5,-3.5,-39.0,stop_gap_open
2023-01-03,2023-01-03 15:25:00-03:00,2023-01-04 06:00:00-03:00,long,5502.5,5475.0,-27.5,-279.0,stop_gap_open
2023-01-04,2023-01-04 14:30:00-03:00,2023-01-04 14:35:00-03:00,short,5474.0,5465.0,9.0,86.0,target_gap_open
2023-01-04,2023-01-04 14:40:00-03:00,2023-01-05 06:00:00-03:00,short,5465.0,5454.0,11.0,106.0,target_gap_open
2023-01-05,2023-01-05 12:00:00-03:00,2023-01-05 12:20:00-03:00,short,5399.5,5391.5,8.0,76.0,take_profit
2023-01-06,2023-01-06 12:20:00-03:00,2023-01-06 12:25:00-03:00,short,5270.5,5263.5,7.0,66.0,take_profit
2023-01-06,2023-01-06 12:30:00-03:00,2023-01-06 12:35:00-03:00,short,5261.0,5269.0,-8.0,-84.0,stop_gap_open
2023-01-06,2023-01-06 15:00:00-03:00,2023-01-06 15:15:00-03:00,short,5253.0,5248.0,5.0,46.0,take_profit
2023-01-10,2023-01-10 13:00:00-03:00,2023-01-10 13:30:00-03:00,short,5228.5,5222.0,6.5,61.0,take_profit
2023-01-11,2023-01-11 11:40:00-03:00,2023-01-11 11:45:00-03:00,short,5212.5,5204.0,8.5,81.0,target_gap_open
2023-01-12,2023-01-12 14:15:00-03:00,2023-01-12 14:25:00-03:00,long,5128.0,5120.5,-7.5,-79.0,stop_loss
2023-01-13,2023-01-13 11:25:00-03:00,2023-01-13 11:45:00-03:00,short,5099.0,5106.5,-7.5,-79.0,stop_loss
2023-01-13,2023-01-13 13:40:00-03:00,2023-01-13 13:55:00-03:00,long,5118.5,5124.5,6.0,56.0,take_profit
2023-01-13,2023-01-13 14:00:00-03:00,2023-01-13 14:05:00-03:00,long,5124.5,5119.5,-5.0,-54.0,stop_loss
2023-01-17,2023-01-17 13:35:00-03:00,2023-01-17 13:45:00-03:00,short,5115.0,5120.0,-5.0,-54.0,stop_loss
2023-01-18,2023-01-18 14:55:00-03:00,2023-01-18 15:00:00-03:00,long,5182.5,5192.5,10.0,96.0,target_gap_open
2023-01-18,2023-01-18 15:05:00-03:00,2023-01-18 15:10:00-03:00,long,5194.5,5201.0,6.5,61.0,take_profit
2023-01-18,2023-01-18 15:15:00-03:00,2023-01-19 06:00:00-03:00,long,5199.0,5260.0,61.0,606.0,target_gap_open
2023-01-19,2023-01-19 12:15:00-03:00,2023-01-19 12:25:00-03:00,short,5208.0,5216.5,-8.5,-89.0,stop_loss
2023-01-20,2023-01-20 11:55:00-03:00,2023-01-20 12:05:00-03:00,short,5198.0,5205.5,-7.5,-79.0,stop_loss
2023-01-20,2023-01-20 14:15:00-03:00,2023-01-20 14:30:00-03:00,long,5222.5,5216.0,-6.5,-69.0,stop_loss
2023-01-23,2023-01-23 13:05:00-03:00,2023-01-23 13:20:00-03:00,long,5208.5,5202.0,-6.5,-69.0,stop_loss
2023-01-23,2023-01-23 15:20:00-03:00,2023-01-23 15:25:00-03:00,long,5212.0,5217.0,5.0,46.0,take_profit
2023-01-23,2023-01-24 06:10:00-03:00,2023-01-24 06:15:00-03:00,long,5221.0,5216.5,-4.5,-49.0,stop_loss
2023-01-24,2023-01-24 13:40:00-03:00,2023-01-24 13:55:00-03:00,short,5153.0,5148.5,4.5,41.0,take_profit
2023-01-24,2023-01-24 14:00:00-03:00,2023-01-24 14:05:00-03:00,short,5150.0,5145.5,4.5,41.0,target_gap_open
2023-01-24,2023-01-24 14:10:00-03:00,2023-01-24 14:30:00-03:00,short,5145.5,5149.0,-3.5,-39.0,stop_loss
2023-01-25,2023-01-25 14:35:00-03:00,2023-01-25 14:50:00-03:00,long,5090.0,5086.0,-4.0,-44.0,stop_loss
2023-01-27,2023-01-27 12:05:00-03:00,2023-01-27 12:15:00-03:00,long,5115.5,5109.0,-6.5,-69.0,stop_loss
2023-01-30,2023-01-30 14:50:00-03:00,2023-01-30 14:55:00-03:00,long,5124.5,5120.0,-4.5,-49.0,stop_loss
2023-01-30,2023-01-30 15:00:00-03:00,2023-01-30 15:10:00-03:00,long,5124.0,5119.5,-4.5,-49.0,stop_loss
2023-01-31,2023-01-31 12:10:00-03:00,2023-01-31 12:25:00-03:00,short,5108.0,5112.5,-4.5,-49.0,stop_loss
2023-01-31,2023-01-31 12:50:00-03:00,2023-01-31 13:30:00-03:00,short,5104.5,5098.5,6.0,56.0,take_profit
2023-02-01,2023-02-01 11:15:00-03:00,2023-02-01 11:20:00-03:00,long,5109.0,5115.5,6.5,61.0,take_profit
2023-02-01,2023-02-01 11:25:00-03:00,2023-02-01 11:30:00-03:00,long,5110.0,5117.0,7.0,66.0,take_profit
2023-02-01,2023-02-01 11:35:00-03:00,2023-02-01 12:05:00-03:00,long,5125.0,5118.5,-6.5,-69.0,stop_loss
2023-02-02,2023-02-02 10:30:00-03:00,2023-02-02 10:45:00-03:00,long,5033.0,5043.5,10.5,101.0,take_profit
2023-02-02,2023-02-02 10:50:00-03:00,2023-02-02 11:00:00-03:00,long,5043.5,5035.0,-8.5,-89.0,stop_loss
2023-02-02,2023-02-02 13:00:00-03:00,2023-02-02 13:05:00-03:00,long,5062.5,5054.0,-8.5,-89.0,stop_gap_open
2023-02-03,2023-02-03 13:55:00-03:00,2023-02-03 14:05:00-03:00,long,5167.5,5162.5,-5.0,-54.0,stop_loss
2023-02-03,2023-02-03 15:20:00-03:00,2023-02-03 15:25:00-03:00,long,5171.0,5177.0,6.0,56.0,take_profit
2023-02-03,2023-02-06 06:00:00-03:00,2023-02-06 06:05:00-03:00,long,5181.5,5194.5,13.0,126.0,target_gap_open
2023-02-06,2023-02-06 11:35:00-03:00,2023-02-06 11:45:00-03:00,long,5231.5,5225.5,-6.0,-64.0,stop_loss
2023-02-07,2023-02-07 11:50:00-03:00,2023-02-07 11:55:00-03:00,short,5182.5,5173.0,9.5,91.0,take_profit
2023-02-07,2023-02-07 12:00:00-03:00,2023-02-07 12:05:00-03:00,short,5177.0,5187.0,-10.0,-104.0,stop_gap_open
2023-02-07,2023-02-07 15:05:00-03:00,2023-02-07 15:10:00-03:00,long,5228.0,5235.0,7.0,66.0,take_profit
2023-02-07,2023-02-07 15:15:00-03:00,2023-02-08 06:00:00-03:00,long,5231.5,5210.0,-21.5,-219.0,stop_gap_open
2023-02-08,2023-02-08 09:30:00-03:00,2023-02-08 09:35:00-03:00,long,5230.5,5239.0,8.5,81.0,take_profit
2023-02-08,2023-02-08 09:40:00-03:00,2023-02-08 09:45:00-03:00,long,5235.5,5244.5,9.0,86.0,take_profit
2023-02-08,2023-02-08 12:10:00-03:00,2023-02-08 12:20:00-03:00,short,5220.0,5211.5,8.5,81.0,take_profit
2023-02-09,2023-02-09 11:15:00-03:00,2023-02-09 11:30:00-03:00,short,5256.0,5246.5,9.5,91.0,take_profit
2023-02-09,2023-02-09 13:10:00-03:00,2023-02-09 13:15:00-03:00,long,5278.0,5288.0,10.0,96.0,take_profit
2023-02-09,2023-02-09 13:20:00-03:00,2023-02-09 14:10:00-03:00,long,5291.0,5282.5,-8.5,-89.0,stop_loss
2023-02-09,2023-02-09 15:20:00-03:00,2023-02-10 06:00:00-03:00,long,5305.5,5321.0,15.5,151.0,target_gap_open
2023-02-10,2023-02-10 12:15:00-03:00,2023-02-10 12:20:00-03:00,short,5248.0,5239.5,8.5,81.0,take_profit
2023-02-13,2023-02-13 15:00:00-03:00,2023-02-13 15:05:00-03:00,short,5182.5,5177.0,5.5,51.0,target_gap_open
2023-02-13,2023-02-13 15:10:00-03:00,2023-02-14 06:00:00-03:00,short,5174.5,5167.0,7.5,71.0,target_gap_open
2023-02-14,2023-02-14 14:40:00-03:00,2023-02-14 14:45:00-03:00,short,5188.0,5196.5,-8.5,-89.0,stop_loss
2023-02-14,2023-02-14 14:50:00-03:00,2023-02-14 14:55:00-03:00,short,5192.5,5201.5,-9.0,-94.0,stop_loss
2023-02-17,2023-02-17 15:20:00-03:00,2023-02-17 15:25:00-03:00,long,5172.5,5179.5,7.0,66.0,target_gap_open
2023-02-17,2023-02-22 10:00:00-03:00,2023-02-22 10:05:00-03:00,long,5192.0,5185.0,-7.0,-74.0,stop_gap_open
2023-02-22,2023-02-22 10:10:00-03:00,2023-02-22 10:15:00-03:00,long,5182.0,5192.0,10.0,96.0,target_gap_open
2023-02-22,2023-02-22 10:20:00-03:00,2023-02-22 10:25:00-03:00,long,5190.5,5200.0,9.5,91.0,target_gap_open
2023-02-23,2023-02-23 10:25:00-03:00,2023-02-23 11:00:00-03:00,long,5151.0,5143.0,-8.0,-84.0,stop_loss
2023-02-23,2023-02-23 15:10:00-03:00,2023-02-23 15:15:00-03:00,short,5134.0,5138.0,-4.0,-44.0,stop_loss
2023-02-24,2023-02-24 15:20:00-03:00,2023-02-24 15:25:00-03:00,long,5217.0,5213.0,-4.0,-44.0,stop_loss
2023-02-24,2023-02-27 06:00:00-03:00,2023-02-27 06:05:00-03:00,long,5192.0,5187.5,-4.5,-49.0,stop_loss
2023-02-27,2023-02-27 12:25:00-03:00,2023-02-27 12:30:00-03:00,short,5184.5,5174.0,10.5,101.0,target_gap_open
2023-02-28,2023-02-28 14:50:00-03:00,2023-02-28 15:05:00-03:00,long,5270.0,5277.0,7.0,66.0,take_profit
2023-03-01,2023-03-01 14:40:00-03:00,2023-03-01 14:55:00-03:00,short,5219.0,5214.0,5.0,46.0,take_profit
2023-03-01,2023-03-01 15:00:00-03:00,2023-03-01 15:25:00-03:00,short,5213.5,5208.5,5.0,46.0,take_profit
2023-03-02,2023-03-02 12:40:00-03:00,2023-03-02 12:50:00-03:00,short,5226.0,5232.0,-6.0,-64.0,stop_loss
2023-03-03,2023-03-03 11:50:00-03:00,2023-03-03 12:20:00-03:00,short,5233.5,5227.5,6.0,56.0,take_profit
2023-03-03,2023-03-03 14:40:00-03:00,2023-03-03 14:50:00-03:00,long,5234.5,5231.0,-3.5,-39.0,stop_loss
2023-03-03,2023-03-03 15:25:00-03:00,2023-03-06 06:00:00-03:00,short,5226.5,5238.0,-11.5,-119.0,stop_gap_open
2023-03-08,2023-03-08 13:00:00-03:00,2023-03-08 13:05:00-03:00,long,5172.5,5168.0,-4.5,-49.0,stop_loss
2023-03-08,2023-03-08 14:55:00-03:00,2023-03-08 15:15:00-03:00,short,5157.0,5160.5,-3.5,-39.0,stop_loss
2023-03-09,2023-03-09 12:35:00-03:00,2023-03-09 12:40:00-03:00,short,5160.0,5153.0,7.0,66.0,take_profit
2023-03-10,2023-03-10 11:15:00-03:00,2023-03-10 12:10:00-03:00,long,5213.5,5223.0,9.5,91.0,take_profit
2023-03-10,2023-03-10 15:15:00-03:00,2023-03-10 15:20:00-03:00,long,5242.0,5238.0,-4.0,-44.0,stop_loss
2023-03-13,2023-03-13 12:55:00-03:00,2023-03-13 13:10:00-03:00,long,5274.5,5281.5,7.0,66.0,take_profit
2023-03-13,2023-03-13 13:15:00-03:00,2023-03-13 13:25:00-03:00,long,5280.5,5287.0,6.5,61.0,take_profit
2023-03-14,2023-03-14 09:45:00-03:00,2023-03-14 09:50:00-03:00,long,5265.5,5274.0,8.5,81.0,take_profit
2023-03-14,2023-03-14 09:55:00-03:00,2023-03-14 10:20:00-03:00,long,5274.5,5267.5,-7.0,-74.0,stop_loss
2023-03-14,2023-03-14 13:00:00-03:00,2023-03-14 13:10:00-03:00,long,5271.5,5278.0,6.5,61.0,take_profit
2023-03-14,2023-03-14 13:15:00-03:00,2023-03-14 14:10:00-03:00,long,5274.5,5269.0,-5.5,-59.0,stop_loss
2023-03-17,2023-03-17 12:00:00-03:00,2023-03-17 12:05:00-03:00,short,5281.0,5286.0,-5.0,-54.0,stop_gap_open
2023-03-17,2023-03-20 06:00:00-03:00,2023-03-20 06:05:00-03:00,long,5286.0,5282.0,-4.0,-44.0,stop_loss
2023-03-20,2023-03-20 14:30:00-03:00,2023-03-20 14:55:00-03:00,short,5251.0,5254.5,-3.5,-39.0,stop_loss
2023-03-21,2023-03-21 13:00:00-03:00,2023-03-21 13:15:00-03:00,short,5246.0,5249.5,-3.5,-39.0,stop_loss
2023-03-22,2023-03-22 12:05:00-03:00,2023-03-22 12:10:00-03:00,short,5252.0,5258.5,-6.5,-69.0,stop_loss
2023-03-23,2023-03-23 12:00:00-03:00,2023-03-23 12:05:00-03:00,long,5288.0,5281.5,-6.5,-69.0,stop_gap_open
2023-03-23,2023-03-23 12:25:00-03:00,2023-03-23 12:30:00-03:00,long,5290.0,5283.5,-6.5,-69.0,stop_gap_open
2023-03-23,2023-03-23 12:45:00-03:00,2023-03-23 12:55:00-03:00,long,5295.0,5302.5,7.5,71.0,take_profit
2023-03-24,2023-03-24 14:30:00-03:00,2023-03-27 06:00:00-03:00,short,5252.0,5256.0,-4.0,-44.0,stop_gap_open
2023-03-27,2023-03-27 12:45:00-03:00,2023-03-27 13:45:00-03:00,short,5218.5,5215.0,3.5,31.0,max_hold
2023-03-28,2023-03-28 10:40:00-03:00,2023-03-28 10:50:00-03:00,short,5160.0,5154.0,6.0,56.0,take_profit
2023-03-29,2023-03-29 12:05:00-03:00,2023-03-29 12:10:00-03:00,long,5149.0,5160.5,11.5,111.0,target_gap_open
2023-03-31,2023-03-31 11:45:00-03:00,2023-03-31 11:50:00-03:00,long,5101.5,5096.5,-5.0,-54.0,stop_loss
2023-03-31,2023-03-31 14:50:00-03:00,2023-04-03 06:00:00-03:00,short,5086.5,5078.5,8.0,76.0,target_gap_open
2023-04-03,2023-04-03 12:20:00-03:00,2023-04-03 12:50:00-03:00,long,5095.0,5101.0,6.0,56.0,take_profit
2023-04-03,2023-04-03 12:55:00-03:00,2023-04-03 13:25:00-03:00,long,5098.5,5093.5,-5.0,-54.0,stop_loss
2023-04-03,2023-04-03 14:50:00-03:00,2023-04-03 14:55:00-03:00,short,5087.5,5083.5,4.0,36.0,take_profit
2023-04-04,2023-04-04 09:20:00-03:00,2023-04-04 09:30:00-03:00,long,5103.5,5111.0,7.5,71.0,take_profit
2023-04-04,2023-04-04 14:00:00-03:00,2023-04-04 14:05:00-03:00,short,5102.5,5099.5,3.0,26.0,take_profit
2023-04-04,2023-04-04 14:10:00-03:00,2023-04-04 14:35:00-03:00,short,5098.0,5094.5,3.5,31.0,take_profit
2023-04-05,2023-04-05 13:45:00-03:00,2023-04-05 14:00:00-03:00,short,5070.0,5066.0,4.0,36.0,take_profit
2023-04-05,2023-04-05 14:05:00-03:00,2023-04-05 14:40:00-03:00,short,5066.0,5062.0,4.0,36.0,take_profit
2023-04-06,2023-04-06 11:30:00-03:00,2023-04-06 11:35:00-03:00,short,5073.5,5079.5,-6.0,-64.0,stop_gap_open
2023-04-06,2023-04-06 12:40:00-03:00,2023-04-06 13:00:00-03:00,short,5073.0,5077.0,-4.0,-44.0,stop_loss
2023-04-11,2023-04-11 11:40:00-03:00,2023-04-11 12:00:00-03:00,short,5018.0,5021.5,-3.5,-39.0,stop_loss
2023-04-12,2023-04-12 14:55:00-03:00,2023-04-13 06:00:00-03:00,short,4936.5,4932.0,4.5,41.0,take_profit
2023-04-13,2023-04-13 12:35:00-03:00,2023-04-13 12:40:00-03:00,long,4931.5,4937.5,6.0,56.0,take_profit
2023-04-13,2023-04-13 12:45:00-03:00,2023-04-13 12:50:00-03:00,long,4936.5,4942.5,6.0,56.0,take_profit
2023-04-14,2023-04-14 12:45:00-03:00,2023-04-14 12:55:00-03:00,short,4928.0,4932.5,-4.5,-49.0,stop_loss
2023-04-17,2023-04-17 11:30:00-03:00,2023-04-17 11:40:00-03:00,short,4949.0,4945.0,4.0,36.0,take_profit
2023-04-17,2023-04-17 11:45:00-03:00,2023-04-17 11:55:00-03:00,short,4944.0,4940.0,4.0,36.0,take_profit
2023-04-18,2023-04-18 12:05:00-03:00,2023-04-18 12:10:00-03:00,long,4984.5,4991.0,6.5,61.0,target_gap_open
2023-04-18,2023-04-18 12:15:00-03:00,2023-04-18 12:20:00-03:00,long,4992.5,4988.0,-4.5,-49.0,stop_loss
2023-04-19,2023-04-19 11:35:00-03:00,2023-04-19 11:40:00-03:00,long,5067.5,5063.0,-4.5,-49.0,stop_loss
2023-04-19,2023-04-19 11:45:00-03:00,2023-04-19 12:00:00-03:00,long,5067.5,5073.0,5.5,51.0,take_profit
2023-04-19,2023-04-19 12:05:00-03:00,2023-04-19 12:15:00-03:00,long,5073.0,5078.0,5.0,46.0,take_profit
2023-04-19,2023-04-19 12:20:00-03:00,2023-04-19 12:35:00-03:00,long,5076.5,5082.0,5.5,51.0,take_profit
2023-04-20,2023-04-20 11:20:00-03:00,2023-04-20 11:45:00-03:00,short,5044.5,5048.5,-4.0,-44.0,stop_loss
2023-04-24,2023-04-24 11:55:00-03:00,2023-04-24 12:10:00-03:00,short,5050.0,5054.0,-4.0,-44.0,stop_loss
2023-04-24,2023-04-24 12:20:00-03:00,2023-04-24 12:25:00-03:00,short,5048.5,5043.5,5.0,46.0,take_profit
2023-04-24,2023-04-24 12:30:00-03:00,2023-04-24 12:35:00-03:00,short,5044.5,5048.5,-4.0,-44.0,stop_loss
2023-04-24,2023-04-24 14:50:00-03:00,2023-04-24 14:55:00-03:00,long,5048.0,5045.0,-3.0,-34.0,stop_loss
2023-04-24,2023-04-25 06:00:00-03:00,2023-04-25 06:05:00-03:00,short,5050.5,5056.5,-6.0,-64.0,stop_gap_open
2023-04-25,2023-04-25 11:15:00-03:00,2023-04-25 11:20:00-03:00,long,5081.0,5086.5,5.5,51.0,take_profit
2023-04-25,2023-04-25 14:00:00-03:00,2023-04-25 14:05:00-03:00,short,5067.0,5063.0,4.0,36.0,take_profit
2023-04-25,2023-04-25 14:10:00-03:00,2023-04-25 14:40:00-03:00,short,5063.5,5059.5,4.0,36.0,take_profit
2023-04-26,2023-04-26 12:05:00-03:00,2023-04-26 12:30:00-03:00,long,5056.0,5051.5,-4.5,-49.0,stop_loss
2023-04-26,2023-04-26 14:55:00-03:00,2023-04-27 06:00:00-03:00,short,5045.0,5040.0,5.0,46.0,target_gap_open
2023-04-27,2023-04-27 11:15:00-03:00,2023-04-27 11:20:00-03:00,short,5001.0,4995.5,5.5,51.0,take_profit
2023-04-27,2023-04-27 11:25:00-03:00,2023-04-27 11:40:00-03:00,short,4999.5,4993.5,6.0,56.0,take_profit
2023-04-28,2023-04-28 11:30:00-03:00,2023-04-28 11:50:00-03:00,short,5026.5,5020.5,6.0,56.0,take_profit
2023-04-28,2023-05-02 06:00:00-03:00,2023-05-02 06:05:00-03:00,short,5029.0,5032.0,-3.0,-34.0,ambiguous_stop_first
2023-05-02,2023-05-02 14:45:00-03:00,2023-05-02 14:50:00-03:00,long,5079.5,5077.0,-2.5,-29.0,stop_loss
2023-05-02,2023-05-03 06:00:00-03:00,2023-05-03 06:05:00-03:00,short,5046.0,5058.0,-12.0,-124.0,stop_gap_open
2023-05-03,2023-05-03 11:35:00-03:00,2023-05-03 11:45:00-03:00,short,5032.0,5027.0,5.0,46.0,take_profit
2023-05-04,2023-05-04 11:05:00-03:00,2023-05-04 11:20:00-03:00,short,5036.0,5030.5,5.5,51.0,take_profit
2023-05-04,2023-05-04 14:10:00-03:00,2023-05-04 14:55:00-03:00,short,5014.0,5009.5,4.5,41.0,take_profit
2023-05-05,2023-05-05 13:30:00-03:00,2023-05-05 14:30:00-03:00,long,4969.0,4966.0,-3.0,-34.0,stop_loss
2023-05-05,2023-05-08 06:00:00-03:00,2023-05-08 06:05:00-03:00,long,4978.0,4974.0,-4.0,-44.0,stop_gap_open
2023-05-08,2023-05-08 12:10:00-03:00,2023-05-08 12:20:00-03:00,long,5034.0,5028.0,-6.0,-64.0,stop_loss
2023-05-09,2023-05-09 12:25:00-03:00,2023-05-09 12:35:00-03:00,long,5013.0,5009.0,-4.0,-44.0,stop_loss
2023-05-09,2023-05-09 12:40:00-03:00,2023-05-09 12:50:00-03:00,long,5015.0,5020.0,5.0,46.0,take_profit
2023-05-09,2023-05-09 12:55:00-03:00,2023-05-09 13:00:00-03:00,long,5021.0,5016.5,-4.5,-49.0,stop_loss
2023-05-10,2023-05-10 10:20:00-03:00,2023-05-10 11:20:00-03:00,short,4970.0,4974.0,-4.0,-44.0,max_hold
2023-05-11,2023-05-11 09:15:00-03:00,2023-05-11 09:40:00-03:00,short,4987.0,4981.0,6.0,56.0,take_profit
2023-05-12,2023-05-12 09:30:00-03:00,2023-05-12 09:40:00-03:00,long,4954.0,4948.0,-6.0,-64.0,stop_loss
2023-05-15,2023-05-15 11:15:00-03:00,2023-05-15 11:40:00-03:00,long,4932.0,4928.5,-3.5,-39.0,stop_loss
2023-05-17,2023-05-17 13:20:00-03:00,2023-05-17 13:55:00-03:00,long,4951.0,4947.5,-3.5,-39.0,stop_loss
2023-05-18,2023-05-18 11:05:00-03:00,2023-05-18 11:10:00-03:00,long,4992.0,4988.5,-3.5,-39.0,stop_gap_open
2023-05-19,2023-05-19 11:50:00-03:00,2023-05-19 12:00:00-03:00,long,5001.0,5006.0,5.0,46.0,take_profit
2023-05-19,2023-05-19 12:05:00-03:00,2023-05-19 12:15:00-03:00,long,5006.0,5011.0,5.0,46.0,take_profit
2023-05-22,2023-05-22 11:15:00-03:00,2023-05-22 11:20:00-03:00,long,4977.0,4974.0,-3.0,-34.0,stop_loss
2023-05-22,2023-05-22 11:50:00-03:00,2023-05-22 11:55:00-03:00,short,4968.5,4964.5,4.0,36.0,take_profit
2023-05-22,2023-05-22 12:00:00-03:00,2023-05-22 12:50:00-03:00,short,4966.5,4970.0,-3.5,-39.0,stop_loss
2023-05-23,2023-05-23 11:55:00-03:00,2023-05-23 12:00:00-03:00,long,4973.0,4969.5,-3.5,-39.0,stop_loss
2023-05-23,2023-05-23 12:25:00-03:00,2023-05-23 12:30:00-03:00,long,4977.0,4981.5,4.5,41.0,target_gap_open
2023-05-23,2023-05-23 12:35:00-03:00,2023-05-23 12:40:00-03:00,long,4980.0,4984.5,4.5,41.0,take_profit
2023-05-24,2023-05-24 12:15:00-03:00,2023-05-24 12:20:00-03:00,short,4947.0,4951.0,-4.0,-44.0,stop_loss
2023-05-24,2023-05-25 06:00:00-03:00,2023-05-25 06:05:00-03:00,long,4958.5,4967.5,9.0,86.0,target_gap_open
2023-05-26,2023-05-26 09:35:00-03:00,2023-05-26 10:35:00-03:00,short,5006.0,5006.5,-0.5,-9.0,max_hold
2023-05-26,2023-05-26 11:00:00-03:00,2023-05-26 11:05:00-03:00,short,4997.0,4991.0,6.0,56.0,take_profit
2023-05-26,2023-05-26 14:35:00-03:00,2023-05-26 14:45:00-03:00,long,5000.5,5005.0,4.5,41.0,take_profit
2023-05-26,2023-05-26 14:50:00-03:00,2023-05-26 14:55:00-03:00,long,5004.5,5001.0,-3.5,-39.0,stop_loss
2023-05-29,2023-05-29 11:40:00-03:00,2023-05-29 11:45:00-03:00,long,5017.5,5014.5,-3.0,-34.0,stop_loss
2023-05-29,2023-05-29 14:10:00-03:00,2023-05-29 14:40:00-03:00,long,5020.5,5017.5,-3.0,-34.0,stop_loss
2023-05-30,2023-05-30 10:05:00-03:00,2023-05-30 10:10:00-03:00,long,5066.5,5061.0,-5.5,-59.0,stop_loss
2023-05-30,2023-05-30 11:45:00-03:00,2023-05-30 12:45:00-03:00,short,5052.5,5046.5,6.0,56.0,take_profit
2023-05-31,2023-05-31 14:15:00-03:00,2023-05-31 14:20:00-03:00,short,5094.5,5089.5,5.0,46.0,take_profit
2023-05-31,2023-05-31 14:25:00-03:00,2023-05-31 14:30:00-03:00,short,5088.0,5093.0,-5.0,-54.0,stop_loss
2023-05-31,2023-05-31 14:55:00-03:00,2023-06-01 06:00:00-03:00,short,5084.5,5067.0,17.5,171.0,target_gap_open
2023-06-01,2023-06-01 09:20:00-03:00,2023-06-01 09:40:00-03:00,short,5058.0,5048.0,10.0,96.0,take_profit
2023-06-01,2023-06-01 12:30:00-03:00,2023-06-01 12:35:00-03:00,short,5033.5,5038.0,-4.5,-49.0,stop_loss
2023-06-01,2023-06-02 06:00:00-03:00,2023-06-02 06:05:00-03:00,long,5030.0,5024.0,-6.0,-64.0,stop_gap_open
2023-06-02,2023-06-02 10:20:00-03:00,2023-06-02 10:50:00-03:00,long,4991.5,4987.0,-4.5,-49.0,stop_loss
2023-06-02,2023-06-02 13:15:00-03:00,2023-06-02 13:45:00-03:00,short,4983.5,4979.5,4.0,36.0,take_profit
2023-06-02,2023-06-02 13:50:00-03:00,2023-06-02 14:00:00-03:00,short,4980.5,4977.0,3.5,31.0,take_profit
2023-06-05,2023-06-05 12:00:00-03:00,2023-06-05 12:05:00-03:00,short,4938.5,4942.0,-3.5,-39.0,stop_loss
2023-06-05,2023-06-05 12:40:00-03:00,2023-06-05 12:55:00-03:00,long,4948.0,4944.5,-3.5,-39.0,stop_loss
2023-06-05,2023-06-06 06:00:00-03:00,2023-06-06 06:05:00-03:00,long,4956.5,4942.5,-14.0,-144.0,stop_gap_open
2023-06-06,2023-06-06 13:05:00-03:00,2023-06-06 13:20:00-03:00,long,4938.0,4934.5,-3.5,-39.0,stop_loss
2023-06-06,2023-06-06 14:45:00-03:00,2023-06-06 14:55:00-03:00,short,4931.0,4933.5,-2.5,-29.0,stop_loss
2023-06-07,2023-06-07 13:25:00-03:00,2023-06-07 13:30:00-03:00,long,4949.0,4945.5,-3.5,-39.0,stop_loss
2023-06-09,2023-06-09 14:50:00-03:00,2023-06-09 14:55:00-03:00,long,4903.0,4900.0,-3.0,-34.0,stop_gap_open
2023-06-12,2023-06-12 13:10:00-03:00,2023-06-12 14:10:00-03:00,short,4884.0,4883.5,0.5,1.0,max_hold
2023-06-13,2023-06-13 11:35:00-03:00,2023-06-13 11:40:00-03:00,long,4878.5,4883.0,4.5,41.0,take_profit
2023-06-14,2023-06-14 10:20:00-03:00,2023-06-14 10:30:00-03:00,short,4849.5,4853.0,-3.5,-39.0,stop_loss
2023-06-15,2023-06-15 11:30:00-03:00,2023-06-15 12:20:00-03:00,short,4813.5,4818.5,-5.0,-54.0,stop_loss
2023-06-15,2023-06-15 14:20:00-03:00,2023-06-15 14:30:00-03:00,long,4820.5,4817.5,-3.0,-34.0,stop_loss
2023-06-15,2023-06-15 14:35:00-03:00,2023-06-15 14:40:00-03:00,long,4822.0,4825.5,3.5,31.0,take_profit
2023-06-15,2023-06-15 14:45:00-03:00,2023-06-16 06:00:00-03:00,long,4826.5,4823.5,-3.0,-34.0,stop_gap_open
2023-06-16,2023-06-16 12:00:00-03:00,2023-06-16 12:20:00-03:00,short,4834.0,4829.0,5.0,46.0,take_profit
2023-06-16,2023-06-16 14:55:00-03:00,2023-06-19 06:00:00-03:00,long,4832.5,4836.0,3.5,31.0,take_profit
2023-06-19,2023-06-19 13:00:00-03:00,2023-06-19 14:00:00-03:00,long,4786.5,4783.5,-3.0,-34.0,stop_loss
2023-06-21,2023-06-21 12:25:00-03:00,2023-06-21 12:30:00-03:00,short,4768.5,4771.5,-3.0,-34.0,stop_gap_open
2023-06-21,2023-06-22 06:00:00-03:00,2023-06-22 06:05:00-03:00,short,4773.0,4769.0,4.0,36.0,target_gap_open
2023-06-23,2023-06-23 14:50:00-03:00,2023-06-23 14:55:00-03:00,long,4791.5,4789.0,-2.5,-29.0,ambiguous_stop_first
2023-06-23,2023-06-26 06:00:00-03:00,2023-06-26 06:05:00-03:00,long,4785.0,4779.0,-6.0,-64.0,stop_gap_open
2023-06-26,2023-06-26 11:05:00-03:00,2023-06-26 11:10:00-03:00,short,4769.0,4772.0,-3.0,-34.0,stop_loss
2023-06-26,2023-06-26 12:35:00-03:00,2023-06-26 13:20:00-03:00,short,4766.0,4769.0,-3.0,-34.0,stop_loss
2023-06-26,2023-06-26 14:55:00-03:00,2023-06-27 06:00:00-03:00,long,4774.0,4771.0,-3.0,-34.0,stop_gap_open
2023-06-27,2023-06-27 13:00:00-03:00,2023-06-27 13:05:00-03:00,short,4795.0,4798.5,-3.5,-39.0,stop_loss
2023-06-27,2023-06-27 14:25:00-03:00,2023-06-27 14:30:00-03:00,long,4808.0,4805.0,-3.0,-34.0,stop_loss
2023-06-28,2023-06-28 12:15:00-03:00,2023-06-28 12:30:00-03:00,short,4840.5,4844.5,-4.0,-44.0,stop_loss
2023-06-28,2023-06-28 13:45:00-03:00,2023-06-28 13:50:00-03:00,long,4850.5,4854.5,4.0,36.0,take_profit
2023-06-28,2023-06-28 13:55:00-03:00,2023-06-28 14:00:00-03:00,long,4853.0,4849.5,-3.5,-39.0,stop_loss
2023-06-29,2023-06-29 09:55:00-03:00,2023-06-29 10:00:00-03:00,short,4857.0,4850.5,6.5,61.0,take_profit
2023-06-29,2023-06-29 13:40:00-03:00,2023-06-29 13:45:00-03:00,short,4856.5,4851.0,5.5,51.0,take_profit
2023-06-29,2023-06-29 13:50:00-03:00,2023-06-29 13:55:00-03:00,short,4853.0,4857.5,-4.5,-49.0,stop_gap_open
2023-06-29,2023-06-29 14:00:00-03:00,2023-06-29 14:05:00-03:00,short,4850.0,4844.0,6.0,56.0,take_profit
2023-06-30,2023-06-30 14:50:00-03:00,2023-06-30 14:55:00-03:00,long,4821.0,4818.0,-3.0,-34.0,stop_loss
2023-07-03,2023-07-03 10:25:00-03:00,2023-07-03 11:25:00-03:00,long,4820.0,4819.5,-0.5,-9.0,max_hold
2023-07-03,2023-07-03 13:05:00-03:00,2023-07-03 13:15:00-03:00,long,4826.0,4829.5,3.5,31.0,take_profit
2023-07-03,2023-07-03 13:20:00-03:00,2023-07-03 13:25:00-03:00,long,4829.0,4826.0,-3.0,-34.0,stop_loss
2023-07-04,2023-07-04 11:40:00-03:00,2023-07-04 11:55:00-03:00,long,4856.0,4860.0,4.0,36.0,take_profit
2023-07-04,2023-07-04 14:10:00-03:00,2023-07-04 14:45:00-03:00,long,4868.5,4872.5,4.0,36.0,take_profit
2023-07-04,2023-07-04 14:50:00-03:00,2023-07-04 14:55:00-03:00,long,4871.5,4868.0,-3.5,-39.0,stop_loss
2023-07-05,2023-07-05 11:40:00-03:00,2023-07-05 11:55:00-03:00,short,4872.0,4867.0,5.0,46.0,take_profit
2023-07-05,2023-07-05 12:00:00-03:00,2023-07-05 12:05:00-03:00,short,4860.0,4865.0,-5.0,-54.0,stop_loss
2023-07-06,2023-07-06 12:25:00-03:00,2023-07-06 12:35:00-03:00,short,4936.5,4942.0,-5.5,-59.0,stop_loss
2023-07-06,2023-07-06 14:15:00-03:00,2023-07-06 14:25:00-03:00,long,4960.0,4956.5,-3.5,-39.0,stop_loss
2023-07-07,2023-07-07 11:30:00-03:00,2023-07-07 11:45:00-03:00,short,4872.5,4877.0,-4.5,-49.0,stop_loss
2023-07-07,2023-07-07 13:45:00-03:00,2023-07-07 14:10:00-03:00,long,4884.5,4889.0,4.5,41.0,take_profit
2023-07-10,2023-07-10 12:25:00-03:00,2023-07-10 12:30:00-03:00,long,4897.5,4903.0,5.5,51.0,take_profit
2023-07-10,2023-07-10 12:35:00-03:00,2023-07-10 12:50:00-03:00,long,4903.0,4898.5,-4.5,-49.0,stop_loss
2023-07-12,2023-07-12 12:40:00-03:00,2023-07-12 12:45:00-03:00,long,4835.0,4839.5,4.5,41.0,take_profit
2023-07-12,2023-07-12 14:30:00-03:00,2023-07-12 14:50:00-03:00,long,4841.0,4838.0,-3.0,-34.0,stop_loss
2023-07-13,2023-07-13 13:00:00-03:00,2023-07-13 13:15:00-03:00,short,4803.0,4807.5,-4.5,-49.0,stop_loss
2023-07-18,2023-07-18 11:05:00-03:00,2023-07-18 11:45:00-03:00,long,4826.5,4822.0,-4.5,-49.0,stop_loss
2023-07-19,2023-07-19 11:30:00-03:00,2023-07-19 12:25:00-03:00,short,4802.5,4798.5,4.0,36.0,take_profit
2023-07-19,2023-07-20 06:00:00-03:00,2023-07-20 06:05:00-03:00,long,4801.0,4806.5,5.5,51.0,target_gap_open
2023-07-20,2023-07-20 12:25:00-03:00,2023-07-20 12:30:00-03:00,short,4804.0,4808.0,-4.0,-44.0,stop_loss
2023-07-21,2023-07-21 13:10:00-03:00,2023-07-21 13:15:00-03:00,long,4783.0,4786.0,3.0,26.0,take_profit
2023-07-21,2023-07-21 13:20:00-03:00,2023-07-21 13:25:00-03:00,long,4784.5,4782.0,-2.5,-29.0,stop_loss
2023-07-24,2023-07-24 12:45:00-03:00,2023-07-24 13:00:00-03:00,long,4740.5,4737.5,-3.0,-34.0,stop_loss
2023-07-24,2023-07-25 06:00:00-03:00,2023-07-25 06:05:00-03:00,short,4731.0,4733.5,-2.5,-29.0,ambiguous_stop_first
2023-07-25,2023-07-25 13:00:00-03:00,2023-07-25 13:05:00-03:00,long,4758.0,4754.5,-3.5,-39.0,stop_loss
2023-07-26,2023-07-26 11:30:00-03:00,2023-07-26 11:40:00-03:00,long,4744.0,4741.0,-3.0,-34.0,stop_loss
2023-07-26,2023-07-26 11:50:00-03:00,2023-07-26 11:55:00-03:00,long,4747.0,4743.5,-3.5,-39.0,ambiguous_stop_first
2023-07-27,2023-07-27 12:15:00-03:00,2023-07-27 12:25:00-03:00,long,4731.0,4726.5,-4.5,-49.0,ambiguous_stop_first
2023-07-27,2023-07-27 12:30:00-03:00,2023-07-27 12:35:00-03:00,long,4737.0,4742.5,5.5,51.0,take_profit
2023-07-31,2023-07-31 11:45:00-03:00,2023-07-31 11:50:00-03:00,short,4763.5,4760.0,3.5,31.0,take_profit
2023-08-01,2023-08-01 13:35:00-03:00,2023-08-01 13:40:00-03:00,short,4817.0,4820.0,-3.0,-34.0,stop_loss
2023-08-01,2023-08-01 13:55:00-03:00,2023-08-01 14:10:00-03:00,short,4816.0,4819.0,-3.0,-34.0,stop_loss
2023-08-02,2023-08-02 14:35:00-03:00,2023-08-03 06:00:00-03:00,long,4835.5,4871.0,35.5,351.0,target_gap_open
2023-08-03,2023-08-03 10:50:00-03:00,2023-08-03 11:00:00-03:00,short,4898.0,4903.0,-5.0,-54.0,stop_loss
2023-08-03,2023-08-03 13:00:00-03:00,2023-08-03 13:05:00-03:00,long,4912.5,4908.5,-4.0,-44.0,stop_loss
2023-08-03,2023-08-03 13:10:00-03:00,2023-08-03 13:15:00-03:00,long,4912.0,4917.0,5.0,46.0,take_profit
2023-08-04,2023-08-04 12:00:00-03:00,2023-08-04 12:05:00-03:00,long,4880.5,4886.0,5.5,51.0,target_gap_open
2023-08-04,2023-08-04 12:10:00-03:00,2023-08-04 12:20:00-03:00,long,4885.5,4890.0,4.5,41.0,take_profit
2023-08-04,2023-08-04 12:25:00-03:00,2023-08-04 12:35:00-03:00,long,4891.0,4887.0,-4.0,-44.0,stop_loss
2023-08-07,2023-08-07 12:35:00-03:00,2023-08-07 13:35:00-03:00,short,4919.0,4918.0,1.0,6.0,max_hold
2023-08-07,2023-08-07 14:35:00-03:00,2023-08-07 14:50:00-03:00,long,4924.0,4921.5,-2.5,-29.0,stop_loss
2023-08-08,2023-08-08 09:20:00-03:00,2023-08-08 09:35:00-03:00,short,4934.5,4928.0,6.5,61.0,take_profit
2023-08-08,2023-08-08 11:50:00-03:00,2023-08-08 11:55:00-03:00,short,4915.5,4911.0,4.5,41.0,take_profit
2023-08-08,2023-08-09 06:00:00-03:00,2023-08-09 06:05:00-03:00,long,4914.5,4912.0,-2.5,-29.0,stop_loss
2023-08-09,2023-08-09 11:15:00-03:00,2023-08-09 11:20:00-03:00,short,4916.0,4920.0,-4.0,-44.0,stop_loss
2023-08-10,2023-08-10 10:35:00-03:00,2023-08-10 10:40:00-03:00,long,4873.0,4869.0,-4.0,-44.0,stop_loss
2023-08-10,2023-08-10 11:25:00-03:00,2023-08-10 11:30:00-03:00,long,4876.5,4881.0,4.5,41.0,take_profit
2023-08-11,2023-08-11 13:40:00-03:00,2023-08-11 13:55:00-03:00,long,4921.5,4925.0,3.5,31.0,take_profit
2023-08-11,2023-08-11 14:15:00-03:00,2023-08-14 06:00:00-03:00,long,4925.5,4932.0,6.5,61.0,target_gap_open
2023-08-14,2023-08-14 12:35:00-03:00,2023-08-14 12:55:00-03:00,long,4976.0,4980.5,4.5,41.0,take_profit
2023-08-15,2023-08-15 10:45:00-03:00,2023-08-15 11:15:00-03:00,long,5007.5,5003.0,-4.5,-49.0,stop_loss
2023-08-17,2023-08-17 11:00:00-03:00,2023-08-17 11:10:00-03:00,short,4987.5,4992.5,-5.0,-54.0,stop_loss
2023-08-17,2023-08-17 14:50:00-03:00,2023-08-18 06:00:00-03:00,short,4991.0,4994.0,-3.0,-34.0,stop_loss
2023-08-18,2023-08-18 11:25:00-03:00,2023-08-18 11:30:00-03:00,long,4982.5,4979.0,-3.5,-39.0,stop_loss
2023-08-18,2023-08-18 11:40:00-03:00,2023-08-18 11:45:00-03:00,long,4983.5,4979.5,-4.0,-44.0,stop_loss
2023-08-21,2023-08-21 12:45:00-03:00,2023-08-21 13:45:00-03:00,short,4990.0,4988.5,1.5,11.0,max_hold
2023-08-22,2023-08-22 12:05:00-03:00,2023-08-22 12:55:00-03:00,short,4941.0,4944.0,-3.0,-34.0,stop_loss
2023-08-22,2023-08-22 14:00:00-03:00,2023-08-22 14:20:00-03:00,long,4948.5,4946.0,-2.5,-29.0,stop_loss
2023-08-23,2023-08-23 13:25:00-03:00,2023-08-23 13:35:00-03:00,short,4863.0,4859.5,3.5,31.0,take_profit
2023-08-24,2023-08-24 12:00:00-03:00,2023-08-24 12:05:00-03:00,short,4876.0,4880.0,-4.0,-44.0,stop_loss
2023-08-24,2023-08-24 13:45:00-03:00,2023-08-24 14:00:00-03:00,long,4885.5,4889.5,4.0,36.0,take_profit
2023-08-24,2023-08-24 14:05:00-03:00,2023-08-24 14:45:00-03:00,long,4888.5,4892.0,3.5,31.0,take_profit
2023-08-25,2023-08-25 12:25:00-03:00,2023-08-25 13:25:00-03:00,short,4872.0,4876.0,-4.0,-44.0,stop_loss
2023-08-28,2023-08-28 10:55:00-03:00,2023-08-28 11:15:00-03:00,long,4907.0,4911.5,4.5,41.0,take_profit
2023-08-29,2023-08-29 13:00:00-03:00,2023-08-29 13:05:00-03:00,short,4858.0,4861.5,-3.5,-39.0,stop_loss
2023-08-29,2023-08-29 13:25:00-03:00,2023-08-29 13:55:00-03:00,short,4854.5,4858.0,-3.5,-39.0,stop_loss
2023-08-30,2023-08-30 12:15:00-03:00,2023-08-30 12:55:00-03:00,long,4870.5,4866.5,-4.0,-44.0,stop_loss
2023-08-30,2023-08-30 14:35:00-03:00,2023-08-30 14:40:00-03:00,long,4880.0,4887.0,7.0,66.0,target_gap_open
2023-08-31,2023-08-31 11:45:00-03:00,2023-08-31 12:05:00-03:00,long,4972.0,4966.5,-5.5,-59.0,stop_loss
2023-09-01,2023-09-01 13:20:00-03:00,2023-09-01 13:25:00-03:00,long,4959.5,4956.5,-3.0,-34.0,stop_loss
2023-09-01,2023-09-01 13:35:00-03:00,2023-09-01 14:30:00-03:00,long,4959.5,4963.5,4.0,36.0,take_profit
2023-09-01,2023-09-01 14:35:00-03:00,2023-09-01 14:45:00-03:00,long,4965.0,4968.5,3.5,31.0,take_profit
2023-09-01,2023-09-01 14:50:00-03:00,2023-09-01 14:55:00-03:00,long,4968.5,4965.5,-3.0,-34.0,ambiguous_stop_first
2023-09-04,2023-09-04 11:35:00-03:00,2023-09-04 11:40:00-03:00,long,4937.0,4940.5,3.5,31.0,take_profit
2023-09-04,2023-09-04 11:45:00-03:00,2023-09-04 12:00:00-03:00,long,4940.0,4943.5,3.5,31.0,take_profit
2023-09-05,2023-09-05 09:55:00-03:00,2023-09-05 10:00:00-03:00,short,4985.0,4979.5,5.5,51.0,take_profit
2023-09-06,2023-09-06 12:25:00-03:00,2023-09-06 12:35:00-03:00,long,5002.0,4998.0,-4.0,-44.0,stop_loss
2023-09-06,2023-09-06 13:00:00-03:00,2023-09-06 13:55:00-03:00,long,5006.0,5002.5,-3.5,-39.0,stop_loss
2023-09-08,2023-09-08 09:50:00-03:00,2023-09-08 10:30:00-03:00,short,4995.0,4999.5,-4.5,-49.0,stop_loss
2023-09-08,2023-09-08 12:00:00-03:00,2023-09-08 12:10:00-03:00,short,4992.0,4996.0,-4.0,-44.0,stop_loss
2023-09-08,2023-09-11 06:00:00-03:00,2023-09-11 06:05:00-03:00,long,4977.0,4982.0,5.0,46.0,target_gap_open
2023-09-11,2023-09-11 10:05:00-03:00,2023-09-11 10:10:00-03:00,short,4946.0,4949.5,-3.5,-39.0,stop_loss
2023-09-11,2023-09-11 10:20:00-03:00,2023-09-11 11:05:00-03:00,short,4944.5,4939.5,5.0,46.0,take_profit
2023-09-11,2023-09-11 14:15:00-03:00,2023-09-11 14:55:00-03:00,short,4943.5,4946.0,-2.5,-29.0,stop_loss
2023-09-12,2023-09-12 13:30:00-03:00,2023-09-12 13:40:00-03:00,long,4967.0,4964.0,-3.0,-34.0,stop_loss
2023-09-13,2023-09-13 11:30:00-03:00,2023-09-13 11:45:00-03:00,long,4927.0,4923.5,-3.5,-39.0,stop_loss
2023-09-14,2023-09-14 11:40:00-03:00,2023-09-14 11:45:00-03:00,long,4887.0,4891.0,4.0,36.0,take_profit
2023-09-14,2023-09-14 14:25:00-03:00,2023-09-15 06:00:00-03:00,short,4881.0,4877.5,3.5,31.0,target_gap_open
2023-09-15,2023-09-15 11:55:00-03:00,2023-09-15 12:10:00-03:00,short,4874.5,4878.0,-3.5,-39.0,stop_loss
2023-09-15,2023-09-15 14:55:00-03:00,2023-09-18 06:00:00-03:00,short,4873.5,4884.0,-10.5,-109.0,stop_gap_open
2023-09-18,2023-09-18 11:55:00-03:00,2023-09-18 12:00:00-03:00,short,4854.0,4850.5,3.5,31.0,take_profit
2023-09-18,2023-09-18 12:05:00-03:00,2023-09-18 12:10:00-03:00,short,4853.5,4856.0,-2.5,-29.0,stop_loss
2023-09-18,2023-09-18 13:00:00-03:00,2023-09-18 13:20:00-03:00,long,4859.5,4862.5,3.0,26.0,take_profit
2023-09-18,2023-09-18 13:25:00-03:00,2023-09-18 13:40:00-03:00,long,4862.0,4865.0,3.0,26.0,take_profit
2023-09-19,2023-09-19 10:35:00-03:00,2023-09-19 11:30:00-03:00,long,4872.5,4869.5,-3.0,-34.0,stop_loss
2023-09-19,2023-09-19 12:45:00-03:00,2023-09-19 13:30:00-03:00,long,4881.0,4878.5,-2.5,-29.0,stop_loss
2023-09-19,2023-09-19 14:50:00-03:00,2023-09-20 06:00:00-03:00,short,4876.0,4865.0,11.0,106.0,target_gap_open
2023-09-20,2023-09-20 11:25:00-03:00,2023-09-20 11:35:00-03:00,long,4858.5,4862.0,3.5,31.0,take_profit
2023-09-21,2023-09-21 12:15:00-03:00,2023-09-21 12:50:00-03:00,long,4935.5,4940.0,4.5,41.0,take_profit
2023-09-22,2023-09-22 10:45:00-03:00,2023-09-22 11:20:00-03:00,long,4928.5,4933.0,4.5,41.0,take_profit
2023-09-22,2023-09-22 13:50:00-03:00,2023-09-22 14:25:00-03:00,long,4936.0,4939.5,3.5,31.0,take_profit
2023-09-22,2023-09-22 14:30:00-03:00,2023-09-22 14:55:00-03:00,long,4940.5,4938.0,-2.5,-29.0,stop_loss
2023-09-25,2023-09-25 10:05:00-03:00,2023-09-25 10:25:00-03:00,long,4969.5,4974.5,5.0,46.0,take_profit
2023-09-26,2023-09-26 11:55:00-03:00,2023-09-26 12:10:00-03:00,short,4977.0,4980.5,-3.5,-39.0,stop_loss
2023-09-28,2023-09-28 09:35:00-03:00,2023-09-28 10:10:00-03:00,short,5036.0,5044.0,-8.0,-84.0,stop_loss
2023-09-28,2023-09-28 13:25:00-03:00,2023-09-28 14:05:00-03:00,short,5040.5,5035.0,5.5,51.0,take_profit
2023-09-28,2023-09-28 14:10:00-03:00,2023-09-28 14:30:00-03:00,short,5034.5,5039.0,-4.5,-49.0,stop_loss
2023-09-29,2023-09-29 12:20:00-03:00,2023-09-29 12:25:00-03:00,long,5045.5,5052.5,7.0,66.0,take_profit
2023-09-29,2023-09-29 12:30:00-03:00,2023-09-29 12:55:00-03:00,long,5053.0,5047.0,-6.0,-64.0,stop_loss
2023-09-29,2023-09-29 14:50:00-03:00,2023-10-02 06:00:00-03:00,long,5054.5,5088.0,33.5,331.0,target_gap_open
2023-10-02,2023-10-02 09:55:00-03:00,2023-10-02 10:55:00-03:00,long,5094.5,5092.5,-2.0,-24.0,max_hold
2023-10-02,2023-10-02 14:20:00-03:00,2023-10-02 14:25:00-03:00,short,5083.0,5079.5,3.5,31.0,take_profit
2023-10-02,2023-10-02 14:30:00-03:00,2023-10-02 14:35:00-03:00,short,5077.5,5081.5,-4.0,-44.0,stop_gap_open
2023-10-03,2023-10-03 12:05:00-03:00,2023-10-03 12:10:00-03:00,long,5158.5,5164.0,5.5,51.0,take_profit
2023-10-03,2023-10-03 12:15:00-03:00,2023-10-03 12:25:00-03:00,long,5161.5,5167.5,6.0,56.0,take_profit
2023-10-03,2023-10-03 14:40:00-03:00,2023-10-03 14:45:00-03:00,long,5183.0,5188.0,5.0,46.0,take_profit
2023-10-03,2023-10-03 14:50:00-03:00,2023-10-04 06:00:00-03:00,long,5188.0,5162.0,-26.0,-264.0,stop_gap_open
2023-10-04,2023-10-04 12:25:00-03:00,2023-10-04 12:30:00-03:00,long,5175.5,5170.0,-5.5,-59.0,stop_loss
2023-10-04,2023-10-04 14:05:00-03:00,2023-10-04 14:20:00-03:00,long,5175.5,5171.0,-4.5,-49.0,stop_loss
2023-10-05,2023-10-05 11:30:00-03:00,2023-10-05 11:55:00-03:00,short,5186.0,5191.5,-5.5,-59.0,stop_loss
2023-10-05,2023-10-05 14:40:00-03:00,2023-10-05 14:45:00-03:00,short,5182.0,5185.0,-3.0,-34.0,stop_loss
2023-10-06,2023-10-06 13:20:00-03:00,2023-10-06 13:30:00-03:00,long,5180.0,5175.0,-5.0,-54.0,stop_loss
2023-10-06,2023-10-06 14:55:00-03:00,2023-10-09 06:00:00-03:00,short,5167.0,5192.0,-25.0,-254.0,stop_gap_open
2023-10-09,2023-10-09 11:35:00-03:00,2023-10-09 11:40:00-03:00,short,5170.5,5165.5,5.0,46.0,take_profit
2023-10-10,2023-10-10 12:30:00-03:00,2023-10-10 12:45:00-03:00,short,5082.5,5077.5,5.0,46.0,take_profit
2023-10-10,2023-10-10 12:50:00-03:00,2023-10-10 12:55:00-03:00,short,5078.5,5082.5,-4.0,-44.0,stop_loss
2023-10-11,2023-10-11 10:55:00-03:00,2023-10-11 11:00:00-03:00,long,5080.5,5075.5,-5.0,-54.0,stop_loss
2023-10-11,2023-10-11 12:40:00-03:00,2023-10-11 12:45:00-03:00,short,5066.0,5070.5,-4.5,-49.0,stop_loss
2023-10-13,2023-10-13 11:20:00-03:00,2023-10-13 11:25:00-03:00,long,5096.5,5101.0,4.5,41.0,take_profit
2023-10-13,2023-10-13 11:30:00-03:00,2023-10-13 11:40:00-03:00,long,5102.0,5098.0,-4.0,-44.0,stop_loss
2023-10-13,2023-10-13 14:55:00-03:00,2023-10-16 06:00:00-03:00,short,5090.0,5066.0,24.0,236.0,target_gap_open
2023-10-16,2023-10-16 12:00:00-03:00,2023-10-16 12:10:00-03:00,short,5060.0,5056.0,4.0,36.0,take_profit
2023-10-16,2023-10-16 12:15:00-03:00,2023-10-16 12:25:00-03:00,short,5057.5,5053.5,4.0,36.0,take_profit
2023-10-17,2023-10-17 11:40:00-03:00,2023-10-17 11:45:00-03:00,long,5041.0,5046.0,5.0,46.0,take_profit
2023-10-17,2023-10-17 11:50:00-03:00,2023-10-17 11:55:00-03:00,long,5043.5,5048.5,5.0,46.0,target_gap_open
2023-10-18,2023-10-18 11:05:00-03:00,2023-10-18 11:10:00-03:00,short,5056.0,5049.0,7.0,66.0,take_profit
2023-10-19,2023-10-19 09:10:00-03:00,2023-10-19 09:25:00-03:00,short,5061.0,5054.5,6.5,61.0,take_profit
2023-10-20,2023-10-20 11:20:00-03:00,2023-10-20 11:35:00-03:00,short,5041.5,5046.5,-5.0,-54.0,stop_loss
2023-10-20,2023-10-20 11:45:00-03:00,2023-10-20 11:50:00-03:00,short,5035.0,5040.5,-5.5,-59.0,stop_loss
2023-10-20,2023-10-20 14:20:00-03:00,2023-10-20 14:40:00-03:00,long,5045.5,5050.0,4.5,41.0,take_profit
2023-10-23,2023-10-23 11:00:00-03:00,2023-10-23 11:20:00-03:00,short,5003.5,5008.0,-4.5,-49.0,stop_loss
2023-10-23,2023-10-23 14:50:00-03:00,2023-10-23 14:55:00-03:00,short,5016.0,5020.5,-4.5,-49.0,stop_gap_open
2023-10-24,2023-10-24 13:50:00-03:00,2023-10-24 14:50:00-03:00,short,4997.0,4998.0,-1.0,-14.0,max_hold
2023-10-26,2023-10-26 11:45:00-03:00,2023-10-26 12:30:00-03:00,short,5000.0,4994.5,5.5,51.0,take_profit
2023-10-26,2023-10-26 14:05:00-03:00,2023-10-27 06:00:00-03:00,short,4991.5,4987.5,4.0,36.0,take_profit
2023-10-27,2023-10-27 10:55:00-03:00,2023-10-27 11:00:00-03:00,long,4959.0,4972.5,13.5,131.0,target_gap_open
2023-10-30,2023-10-30 13:15:00-03:00,2023-10-30 13:45:00-03:00,short,5040.5,5046.5,-6.0,-64.0,stop_loss
2023-10-31,2023-10-31 11:10:00-03:00,2023-10-31 12:10:00-03:00,short,5059.0,5059.0,-0.0,-4.0,max_hold
2023-10-31,2023-10-31 13:20:00-03:00,2023-10-31 13:50:00-03:00,short,5053.0,5057.5,-4.5,-49.0,stop_loss
2023-11-03,2023-11-03 10:15:00-03:00,2023-11-03 10:30:00-03:00,short,4898.0,4904.0,-6.0,-64.0,stop_loss
2023-11-03,2023-11-03 11:20:00-03:00,2023-11-03 11:40:00-03:00,long,4913.0,4918.5,5.5,51.0,take_profit
2023-11-03,2023-11-03 11:45:00-03:00,2023-11-03 11:50:00-03:00,long,4918.0,4912.5,-5.5,-59.0,stop_gap_open
2023-11-03,2023-11-03 14:55:00-03:00,2023-11-06 06:00:00-03:00,long,4917.5,4909.0,-8.5,-89.0,stop_gap_open
2023-11-06,2023-11-06 13:45:00-03:00,2023-11-06 14:15:00-03:00,short,4900.0,4903.5,-3.5,-39.0,stop_loss
2023-11-06,2023-11-06 15:20:00-03:00,2023-11-07 06:00:00-03:00,short,4898.5,4919.0,-20.5,-209.0,stop_gap_open
2023-11-07,2023-11-07 11:30:00-03:00,2023-11-07 12:00:00-03:00,long,4887.0,4883.5,-3.5,-39.0,stop_loss
2023-11-10,2023-11-10 10:15:00-03:00,2023-11-10 10:50:00-03:00,short,4923.5,4917.0,6.5,61.0,take_profit
2023-11-10,2023-11-10 13:00:00-03:00,2023-11-10 13:05:00-03:00,long,4927.0,4923.5,-3.5,-39.0,stop_loss
2023-11-10,2023-11-10 15:05:00-03:00,2023-11-10 15:25:00-03:00,short,4916.5,4913.5,3.0,26.0,take_profit
2023-11-10,2023-11-13 06:00:00-03:00,2023-11-13 06:05:00-03:00,short,4920.0,4923.5,-3.5,-39.0,stop_gap_open
2023-11-13,2023-11-13 14:55:00-03:00,2023-11-13 15:00:00-03:00,long,4921.0,4919.0,-2.0,-24.0,stop_loss
2023-11-14,2023-11-14 15:10:00-03:00,2023-11-14 15:15:00-03:00,long,4875.5,4873.0,-2.5,-29.0,stop_loss
2023-11-16,2023-11-17 06:00:00-03:00,2023-11-17 06:05:00-03:00,short,4862.0,4864.5,-2.5,-29.0,stop_loss
2023-11-17,2023-11-17 11:15:00-03:00,2023-11-17 12:15:00-03:00,short,4896.5,4896.0,0.5,1.0,max_hold
2023-11-20,2023-11-20 12:05:00-03:00,2023-11-20 12:10:00-03:00,short,4860.5,4856.0,4.5,41.0,take_profit
2023-11-20,2023-11-20 12:15:00-03:00,2023-11-20 12:55:00-03:00,short,4855.5,4859.5,-4.0,-44.0,stop_loss
2023-11-22,2023-11-22 11:40:00-03:00,2023-11-22 11:45:00-03:00,long,4908.0,4918.0,10.0,96.0,target_gap_open
2023-11-22,2023-11-22 14:50:00-03:00,2023-11-22 15:15:00-03:00,long,4910.5,4907.5,-3.0,-34.0,stop_loss
2023-11-23,2023-11-23 11:00:00-03:00,2023-11-23 11:10:00-03:00,long,4900.5,4897.5,-3.0,-34.0,stop_loss
2023-11-23,2023-11-23 11:15:00-03:00,2023-11-23 12:10:00-03:00,long,4899.5,4903.0,3.5,31.0,take_profit
2023-11-23,2023-11-23 12:20:00-03:00,2023-11-23 12:25:00-03:00,long,4905.5,4908.5,3.0,26.0,take_profit
2023-11-24,2023-11-24 12:25:00-03:00,2023-11-24 12:35:00-03:00,short,4893.5,4896.5,-3.0,-34.0,stop_loss
2023-11-28,2023-11-28 12:20:00-03:00,2023-11-28 13:20:00-03:00,long,4875.0,4872.5,-2.5,-29.0,max_hold
2023-11-29,2023-11-29 14:20:00-03:00,2023-11-29 14:35:00-03:00,long,4895.0,4899.0,4.0,36.0,take_profit
2023-11-30,2023-11-30 11:55:00-03:00,2023-11-30 12:40:00-03:00,short,4937.5,4941.5,-4.0,-44.0,stop_loss
2023-11-30,2023-11-30 13:15:00-03:00,2023-11-30 13:20:00-03:00,short,4932.0,4935.5,-3.5,-39.0,stop_loss
2023-11-30,2023-11-30 14:00:00-03:00,2023-11-30 14:05:00-03:00,short,4929.5,4932.5,-3.0,-34.0,stop_loss
2023-11-30,2023-11-30 15:20:00-03:00,2023-12-01 06:00:00-03:00,long,4945.5,4925.5,-20.0,-204.0,stop_gap_open
2023-12-04,2023-12-04 14:40:00-03:00,2023-12-04 15:00:00-03:00,short,4957.0,4959.5,-2.5,-29.0,stop_loss
2023-12-04,2023-12-05 06:00:00-03:00,2023-12-05 06:05:00-03:00,short,4964.0,4957.5,6.5,61.0,target_gap_open
2023-12-05,2023-12-05 09:05:00-03:00,2023-12-05 09:10:00-03:00,short,4950.0,4957.0,-7.0,-74.0,stop_loss
2023-12-05,2023-12-05 14:10:00-03:00,2023-12-05 14:20:00-03:00,short,4934.0,4937.0,-3.0,-34.0,stop_loss
2023-12-06,2023-12-06 12:55:00-03:00,2023-12-06 13:05:00-03:00,short,4907.0,4910.0,-3.0,-34.0,stop_loss
2023-12-07,2023-12-07 13:15:00-03:00,2023-12-07 13:35:00-03:00,long,4921.5,4918.5,-3.0,-34.0,stop_loss
2023-12-08,2023-12-08 14:00:00-03:00,2023-12-08 14:15:00-03:00,long,4936.5,4934.0,-2.5,-29.0,stop_loss
2023-12-08,2023-12-08 14:45:00-03:00,2023-12-08 14:50:00-03:00,long,4938.5,4941.0,2.5,21.0,take_profit
2023-12-08,2023-12-08 14:55:00-03:00,2023-12-08 15:10:00-03:00,long,4940.0,4942.5,2.5,21.0,take_profit
2023-12-08,2023-12-08 15:15:00-03:00,2023-12-08 15:25:00-03:00,long,4940.5,4938.0,-2.5,-29.0,stop_loss
2023-12-11,2023-12-11 12:30:00-03:00,2023-12-11 12:45:00-03:00,short,4944.0,4940.0,4.0,36.0,take_profit
2023-12-11,2023-12-11 12:50:00-03:00,2023-12-11 13:05:00-03:00,short,4940.5,4937.0,3.5,31.0,take_profit
2023-12-11,2023-12-11 13:10:00-03:00,2023-12-11 13:15:00-03:00,short,4937.5,4942.0,-4.5,-49.0,stop_gap_open
2023-12-12,2023-12-12 15:25:00-03:00,2023-12-13 06:00:00-03:00,short,4966.5,4969.0,-2.5,-29.0,ambiguous_stop_first
2023-12-13,2023-12-13 13:05:00-03:00,2023-12-13 13:10:00-03:00,short,4949.5,4942.5,7.0,66.0,take_profit
2023-12-14,2023-12-14 12:50:00-03:00,2023-12-14 12:55:00-03:00,long,4909.0,4914.5,5.5,51.0,target_gap_open
2023-12-14,2023-12-14 13:50:00-03:00,2023-12-14 13:55:00-03:00,long,4916.0,4920.5,4.5,41.0,take_profit
2023-12-15,2023-12-15 14:05:00-03:00,2023-12-15 14:10:00-03:00,short,4938.5,4941.5,-3.0,-34.0,stop_loss
2023-12-18,2023-12-18 11:25:00-03:00,2023-12-18 12:10:00-03:00,short,4929.5,4924.5,5.0,46.0,take_profit
2023-12-18,2023-12-18 15:15:00-03:00,2023-12-19 06:00:00-03:00,short,4896.0,4889.5,6.5,61.0,target_gap_open
2023-12-19,2023-12-19 09:40:00-03:00,2023-12-19 09:45:00-03:00,short,4860.0,4855.0,5.0,46.0,take_profit
2023-12-19,2023-12-19 09:50:00-03:00,2023-12-19 10:25:00-03:00,short,4856.0,4860.0,-4.0,-44.0,stop_loss
2023-12-19,2023-12-19 12:35:00-03:00,2023-12-19 12:40:00-03:00,short,4852.5,4855.5,-3.0,-34.0,stop_loss
2023-12-19,2023-12-19 14:10:00-03:00,2023-12-19 14:25:00-03:00,long,4866.5,4864.0,-2.5,-29.0,stop_loss
2023-12-21,2023-12-21 14:30:00-03:00,2023-12-21 14:55:00-03:00,short,4883.5,4880.0,3.5,31.0,take_profit
2023-12-21,2023-12-21 15:00:00-03:00,2023-12-21 15:25:00-03:00,short,4881.0,4884.0,-3.0,-34.0,stop_loss
2023-12-22,2023-12-22 09:05:00-03:00,2023-12-22 09:10:00-03:00,short,4857.5,4852.0,5.5,51.0,take_profit
2023-12-22,2023-12-22 09:15:00-03:00,2023-12-22 09:25:00-03:00,short,4854.0,4858.5,-4.5,-49.0,stop_loss
2023-12-22,2023-12-22 11:45:00-03:00,2023-12-22 11:50:00-03:00,short,4851.0,4846.5,4.5,41.0,take_profit
2023-12-26,2023-12-26 12:10:00-03:00,2023-12-26 12:15:00-03:00,short,4816.5,4819.5,-3.0,-34.0,stop_loss
2023-12-26,2023-12-26 15:10:00-03:00,2023-12-26 15:15:00-03:00,short,4815.5,4812.0,3.5,31.0,target_gap_open
2023-12-26,2023-12-26 15:20:00-03:00,2023-12-26 15:25:00-03:00,short,4812.5,4810.0,2.5,21.0,take_profit
2023-12-26,2023-12-27 06:00:00-03:00,2023-12-27 06:05:00-03:00,short,4808.0,4803.5,4.5,41.0,target_gap_open
2023-12-27,2023-12-27 09:55:00-03:00,2023-12-27 10:00:00-03:00,short,4821.0,4817.5,3.5,31.0,target_gap_open
2023-12-27,2023-12-28 06:00:00-03:00,2023-12-28 06:05:00-03:00,short,4838.0,4848.0,-10.0,-104.0,stop_gap_open
2024-01-02,2024-01-02 12:10:00-03:00,2024-01-02 12:15:00-03:00,long,4927.5,4924.0,-3.5,-39.0,stop_loss
2024-01-02,2024-01-02 15:15:00-03:00,2024-01-02 15:20:00-03:00,long,4942.0,4938.5,-3.5,-39.0,stop_loss
2024-01-02,2024-01-03 06:00:00-03:00,2024-01-03 06:05:00-03:00,long,4957.0,4953.5,-3.5,-39.0,stop_loss
2024-01-03,2024-01-03 13:30:00-03:00,2024-01-03 13:40:00-03:00,short,4928.0,4933.5,-5.5,-59.0,stop_loss
2024-01-04,2024-01-04 14:00:00-03:00,2024-01-04 14:10:00-03:00,short,4925.0,4927.5,-2.5,-29.0,stop_loss
2024-01-04,2024-01-04 14:20:00-03:00,2024-01-04 14:25:00-03:00,short,4923.5,4926.0,-2.5,-29.0,stop_loss
2024-01-04,2024-01-04 14:45:00-03:00,2024-01-04 14:50:00-03:00,short,4922.0,4918.5,3.5,31.0,take_profit
2024-01-05,2024-01-05 11:35:00-03:00,2024-01-05 11:40:00-03:00,long,4896.0,4891.5,-4.5,-49.0,stop_loss
2024-01-08,2024-01-08 12:25:00-03:00,2024-01-08 12:40:00-03:00,short,4883.0,4886.5,-3.5,-39.0,stop_loss
2024-01-09,2024-01-09 12:05:00-03:00,2024-01-09 12:10:00-03:00,short,4907.5,4914.0,-6.5,-69.0,stop_gap_open
2024-01-09,2024-01-09 13:45:00-03:00,2024-01-09 14:00:00-03:00,long,4920.5,4917.5,-3.0,-34.0,stop_loss
2024-01-10,2024-01-10 14:10:00-03:00,2024-01-10 14:15:00-03:00,short,4903.0,4906.5,-3.5,-39.0,stop_gap_open
2024-01-11,2024-01-11 13:30:00-03:00,2024-01-11 14:30:00-03:00,short,4889.5,4887.0,2.5,21.0,max_hold
2024-01-12,2024-01-12 14:45:00-03:00,2024-01-12 14:50:00-03:00,short,4864.0,4866.5,-2.5,-29.0,stop_loss
2024-01-12,2024-01-12 15:20:00-03:00,2024-01-12 15:25:00-03:00,short,4864.0,4866.0,-2.0,-24.0,stop_loss
2024-01-15,2024-01-15 09:20:00-03:00,2024-01-15 09:55:00-03:00,long,4892.5,4889.0,-3.5,-39.0,stop_loss
2024-01-15,2024-01-16 06:00:00-03:00,2024-01-16 06:05:00-03:00,short,4908.0,4901.0,7.0,66.0,target_gap_open
2024-01-17,2024-01-17 13:25:00-03:00,2024-01-17 13:55:00-03:00,short,4936.0,4939.5,-3.5,-39.0,stop_loss
2024-01-17,2024-01-17 15:25:00-03:00,2024-01-18 06:00:00-03:00,long,4945.5,4936.0,-9.5,-99.0,stop_gap_open
2024-01-19,2024-01-19 11:30:00-03:00,2024-01-19 11:35:00-03:00,short,4926.0,4929.5,-3.5,-39.0,stop_loss
2024-01-19,2024-01-19 15:15:00-03:00,2024-01-19 15:20:00-03:00,long,4945.5,4941.0,-4.5,-49.0,stop_gap_open
2024-01-22,2024-01-22 14:40:00-03:00,2024-01-22 14:45:00-03:00,short,4987.0,4989.5,-2.5,-29.0,stop_loss
2024-01-24,2024-01-24 09:05:00-03:00,2024-01-24 09:15:00-03:00,long,4931.0,4926.0,-5.0,-54.0,stop_loss
2024-01-24,2024-01-24 12:40:00-03:00,2024-01-24 12:55:00-03:00,long,4935.0,4931.5,-3.5,-39.0,stop_loss
2024-01-25,2024-01-25 14:50:00-03:00,2024-01-25 14:55:00-03:00,short,4923.5,4920.5,3.0,26.0,take_profit
2024-01-25,2024-01-25 15:00:00-03:00,2024-01-25 15:20:00-03:00,short,4921.0,4923.5,-2.5,-29.0,stop_loss
2024-01-26,2024-01-26 11:15:00-03:00,2024-01-26 11:30:00-03:00,short,4915.5,4918.5,-3.0,-34.0,stop_loss
2024-01-26,2024-01-26 11:35:00-03:00,2024-01-26 11:40:00-03:00,short,4914.5,4918.0,-3.5,-39.0,stop_gap_open
2024-01-26,2024-01-26 12:00:00-03:00,2024-01-26 12:35:00-03:00,short,4914.5,4917.5,-3.0,-34.0,stop_loss
2024-01-26,2024-01-26 15:25:00-03:00,2024-01-29 06:00:00-03:00,long,4919.0,4921.5,2.5,21.0,take_profit
2024-01-29,2024-01-29 14:05:00-03:00,2024-01-29 14:25:00-03:00,short,4947.5,4943.5,4.0,36.0,take_profit
2024-01-29,2024-01-29 14:30:00-03:00,2024-01-29 14:50:00-03:00,short,4945.5,4948.5,-3.0,-34.0,stop_loss
2024-01-30,2024-01-30 12:20:00-03:00,2024-01-30 12:25:00-03:00,short,4954.5,4959.0,-4.5,-49.0,stop_gap_open
2024-01-30,2024-01-30 12:45:00-03:00,2024-01-30 12:50:00-03:00,short,4953.0,4947.5,5.5,51.0,target_gap_open
2024-01-30,2024-01-30 15:25:00-03:00,2024-01-31 06:00:00-03:00,long,4954.0,4961.0,7.0,66.0,target_gap_open
2024-02-01,2024-02-01 13:10:00-03:00,2024-02-01 13:30:00-03:00,short,4925.5,4929.0,-3.5,-39.0,stop_loss
2024-02-02,2024-02-02 12:55:00-03:00,2024-02-02 13:00:00-03:00,short,4977.5,4981.0,-3.5,-39.0,stop_loss
2024-02-02,2024-02-02 15:20:00-03:00,2024-02-02 15:25:00-03:00,long,4982.0,4978.5,-3.5,-39.0,stop_gap_open
2024-02-02,2024-02-05 06:00:00-03:00,2024-02-05 06:05:00-03:00,long,4989.0,4986.0,-3.0,-34.0,stop_loss
2024-02-06,2024-02-06 12:20:00-03:00,2024-02-06 12:25:00-03:00,long,4971.5,4977.5,6.0,56.0,target_gap_open
2024-02-06,2024-02-06 12:30:00-03:00,2024-02-06 12:40:00-03:00,long,4975.5,4972.0,-3.5,-39.0,stop_loss
2024-02-07,2024-02-07 11:35:00-03:00,2024-02-07 12:00:00-03:00,long,4975.5,4972.5,-3.0,-34.0,stop_loss
2024-02-09,2024-02-09 11:25:00-03:00,2024-02-09 11:30:00-03:00,short,4971.0,4967.5,3.5,31.0,take_profit
2024-02-09,2024-02-09 11:35:00-03:00,2024-02-09 11:40:00-03:00,short,4968.0,4964.5,3.5,31.0,take_profit
2024-02-09,2024-02-09 14:05:00-03:00,2024-02-09 14:15:00-03:00,long,4972.0,4969.5,-2.5,-29.0,stop_loss
2024-02-14,2024-02-14 10:05:00-03:00,2024-02-14 10:10:00-03:00,long,4978.5,4975.0,-3.5,-39.0,stop_gap_open
2024-02-14,2024-02-14 14:40:00-03:00,2024-02-14 15:00:00-03:00,long,4982.5,4980.5,-2.0,-24.0,stop_loss
2024-02-15,2024-02-15 09:30:00-03:00,2024-02-15 09:40:00-03:00,long,4979.0,4984.0,5.0,46.0,take_profit
2024-02-15,2024-02-15 12:55:00-03:00,2024-02-15 13:05:00-03:00,short,4976.5,4974.0,2.5,21.0,take_profit
2024-02-15,2024-02-15 13:10:00-03:00,2024-02-15 13:15:00-03:00,short,4974.0,4976.5,-2.5,-29.0,stop_loss
2024-02-16,2024-02-16 12:05:00-03:00,2024-02-16 12:10:00-03:00,long,4980.0,4983.0,3.0,26.0,take_profit
2024-02-16,2024-02-16 12:15:00-03:00,2024-02-16 12:25:00-03:00,long,4981.0,4978.0,-3.0,-34.0,stop_loss
2024-02-19,2024-02-19 09:25:00-03:00,2024-02-19 09:30:00-03:00,long,4969.0,4966.5,-2.5,-29.0,stop_loss
2024-02-19,2024-02-19 12:05:00-03:00,2024-02-19 12:10:00-03:00,short,4964.5,4966.0,-1.5,-19.0,stop_loss
2024-02-19,2024-02-19 14:50:00-03:00,2024-02-19 14:55:00-03:00,short,4964.5,4966.5,-2.0,-24.0,stop_gap_open
2024-02-20,2024-02-20 14:55:00-03:00,2024-02-20 15:05:00-03:00,short,4930.5,4932.5,-2.0,-24.0,stop_loss
2024-02-20,2024-02-20 15:15:00-03:00,2024-02-20 15:25:00-03:00,short,4930.5,4932.5,-2.0,-24.0,stop_loss
2024-02-20,2024-02-21 06:00:00-03:00,2024-02-21 06:05:00-03:00,short,4934.5,4936.5,-2.0,-24.0,stop_loss
2024-02-21,2024-02-21 09:55:00-03:00,2024-02-21 10:05:00-03:00,long,4938.0,4935.0,-3.0,-34.0,stop_loss
2024-02-21,2024-02-21 15:00:00-03:00,2024-02-21 15:05:00-03:00,short,4938.5,4941.0,-2.5,-29.0,stop_gap_open
2024-02-22,2024-02-22 11:55:00-03:00,2024-02-22 12:10:00-03:00,long,4950.5,4953.5,3.0,26.0,take_profit
2024-02-22,2024-02-22 12:15:00-03:00,2024-02-22 12:25:00-03:00,long,4951.5,4949.0,-2.5,-29.0,stop_loss
2024-02-23,2024-02-23 13:45:00-03:00,2024-02-23 14:45:00-03:00,long,4995.0,4995.5,0.5,1.0,max_hold
2024-02-26,2024-02-26 12:55:00-03:00,2024-02-26 13:55:00-03:00,short,4980.5,4982.0,-1.5,-19.0,max_hold
2024-02-26,2024-02-27 06:00:00-03:00,2024-02-27 06:05:00-03:00,long,4979.0,4969.5,-9.5,-99.0,stop_gap_open
2024-02-27,2024-02-27 11:45:00-03:00,2024-02-27 12:00:00-03:00,short,4938.5,4935.0,3.5,31.0,take_profit
2024-02-27,2024-02-27 12:05:00-03:00,2024-02-27 12:50:00-03:00,short,4934.0,4930.0,4.0,36.0,take_profit
2024-02-28,2024-02-28 11:00:00-03:00,2024-02-28 11:15:00-03:00,short,4951.0,4954.0,-3.0,-34.0,stop_loss
2024-02-28,2024-02-29 06:00:00-03:00,2024-02-29 06:05:00-03:00,short,4973.0,4985.0,-12.0,-124.0,stop_gap_open
2024-02-29,2024-02-29 12:35:00-03:00,2024-02-29 12:55:00-03:00,short,4982.5,4985.5,-3.0,-34.0,stop_loss
2024-02-29,2024-02-29 13:55:00-03:00,2024-02-29 14:00:00-03:00,long,4990.0,4986.5,-3.5,-39.0,stop_gap_open
2024-03-01,2024-03-01 12:05:00-03:00,2024-03-01 12:40:00-03:00,long,4964.0,4961.0,-3.0,-34.0,stop_loss
2024-03-01,2024-03-01 12:50:00-03:00,2024-03-01 12:55:00-03:00,long,4967.0,4964.0,-3.0,-34.0,stop_loss
2024-03-01,2024-03-01 14:10:00-03:00,2024-03-01 14:15:00-03:00,long,4968.5,4971.0,2.5,21.0,take_profit
2024-03-01,2024-03-01 14:20:00-03:00,2024-03-01 14:30:00-03:00,long,4970.5,4968.5,-2.0,-24.0,stop_loss
2024-03-04,2024-03-04 10:15:00-03:00,2024-03-04 11:00:00-03:00,short,4954.0,4956.5,-2.5,-29.0,stop_loss
2024-03-05,2024-03-05 14:15:00-03:00,2024-03-05 15:15:00-03:00,long,4968.0,4967.5,-0.5,-9.0,max_hold
2024-03-06,2024-03-06 12:55:00-03:00,2024-03-06 13:05:00-03:00,long,4952.5,4955.0,2.5,21.0,take_profit
2024-03-07,2024-03-07 10:55:00-03:00,2024-03-07 11:00:00-03:00,short,4941.5,4943.5,-2.0,-24.0,stop_loss
2024-03-07,2024-03-07 11:30:00-03:00,2024-03-07 12:15:00-03:00,long,4947.5,4945.0,-2.5,-29.0,stop_loss
2024-03-08,2024-03-08 14:15:00-03:00,2024-03-08 14:55:00-03:00,long,4993.0,4991.0,-2.0,-24.0,stop_loss
2024-03-11,2024-03-11 13:00:00-03:00,2024-03-11 13:05:00-03:00,long,4983.5,4981.5,-2.0,-24.0,stop_gap_open
2024-03-11,2024-03-11 13:40:00-03:00,2024-03-11 13:50:00-03:00,long,4987.0,4985.0,-2.0,-24.0,stop_loss
2024-03-12,2024-03-12 12:00:00-03:00,2024-03-12 12:05:00-03:00,short,4984.0,4981.0,3.0,26.0,take_profit
2024-03-12,2024-03-12 12:10:00-03:00,2024-03-12 12:15:00-03:00,short,4982.0,4979.0,3.0,26.0,take_profit
2024-03-12,2024-03-12 15:25:00-03:00,2024-03-13 06:00:00-03:00,short,4974.5,4970.0,4.5,41.0,target_gap_open
2024-03-13,2024-03-13 10:50:00-03:00,2024-03-13 11:05:00-03:00,short,4979.5,4976.0,3.5,31.0,take_profit
2024-03-13,2024-03-13 11:10:00-03:00,2024-03-13 11:20:00-03:00,short,4976.5,4973.0,3.5,31.0,take_profit
2024-03-13,2024-03-13 14:00:00-03:00,2024-03-13 14:05:00-03:00,long,4980.0,4978.0,-2.0,-24.0,stop_loss
2024-03-13,2024-03-14 06:00:00-03:00,2024-03-14 06:05:00-03:00,short,4969.0,4966.5,2.5,21.0,take_profit
2024-03-14,2024-03-14 15:20:00-03:00,2024-03-14 15:25:00-03:00,long,4999.0,5001.5,2.5,21.0,take_profit
2024-03-15,2024-03-15 13:15:00-03:00,2024-03-15 13:25:00-03:00,short,4996.5,4998.5,-2.0,-24.0,stop_loss
2024-03-15,2024-03-15 14:05:00-03:00,2024-03-15 14:15:00-03:00,long,5003.0,5001.0,-2.0,-24.0,stop_loss
2024-03-18,2024-03-18 14:35:00-03:00,2024-03-18 14:40:00-03:00,short,5025.5,5028.0,-2.5,-29.0,stop_gap_open
2024-03-18,2024-03-18 15:15:00-03:00,2024-03-18 15:20:00-03:00,long,5031.0,5033.5,2.5,21.0,target_gap_open
2024-03-18,2024-03-18 15:25:00-03:00,2024-03-19 06:00:00-03:00,long,5033.5,5047.0,13.5,131.0,target_gap_open
2024-03-19,2024-03-19 13:35:00-03:00,2024-03-19 13:40:00-03:00,long,5025.5,5029.0,3.5,31.0,take_profit
2024-03-19,2024-03-19 13:45:00-03:00,2024-03-19 13:50:00-03:00,long,5028.5,5033.0,4.5,41.0,target_gap_open
2024-03-20,2024-03-20 11:45:00-03:00,2024-03-20 11:55:00-03:00,short,4999.5,4996.0,3.5,31.0,take_profit
2024-03-20,2024-03-20 12:00:00-03:00,2024-03-20 12:05:00-03:00,short,4998.5,4989.5,9.0,86.0,target_gap_open
2024-03-21,2024-03-21 10:20:00-03:00,2024-03-21 10:30:00-03:00,short,4977.0,4980.0,-3.0,-34.0,stop_loss
2024-03-21,2024-03-21 11:30:00-03:00,2024-03-21 12:10:00-03:00,short,4974.0,4977.0,-3.0,-34.0,stop_loss
2024-03-21,2024-03-21 13:20:00-03:00,2024-03-21 14:20:00-03:00,long,4981.0,4981.5,0.5,1.0,max_hold
2024-03-22,2024-03-22 11:20:00-03:00,2024-03-22 11:35:00-03:00,long,4995.5,4999.0,3.5,31.0,take_profit
2024-03-25,2024-03-25 10:45:00-03:00,2024-03-25 11:25:00-03:00,short,4978.0,4974.5,3.5,31.0,take_profit
2024-03-26,2024-03-26 14:35:00-03:00,2024-03-26 14:55:00-03:00,short,4979.5,4981.5,-2.0,-24.0,stop_loss
2024-03-26,2024-03-26 15:15:00-03:00,2024-03-27 06:00:00-03:00,short,4977.0,4972.0,5.0,46.0,target_gap_open
2024-03-27,2024-03-27 12:30:00-03:00,2024-03-27 12:45:00-03:00,long,4980.0,4977.5,-2.5,-29.0,stop_loss
2024-03-27,2024-03-27 13:05:00-03:00,2024-03-27 13:10:00-03:00,short,4976.0,4978.5,-2.5,-29.0,stop_gap_open
2024-03-27,2024-03-27 13:30:00-03:00,2024-03-27 13:35:00-03:00,long,4981.0,4979.0,-2.0,-24.0,stop_loss
2024-03-27,2024-03-27 13:45:00-03:00,2024-03-27 14:00:00-03:00,long,4981.5,4979.5,-2.0,-24.0,stop_loss
2024-03-27,2024-03-27 14:30:00-03:00,2024-03-27 14:35:00-03:00,long,4985.5,4983.0,-2.5,-29.0,stop_gap_open
2024-03-28,2024-03-28 13:35:00-03:00,2024-03-28 13:40:00-03:00,long,5028.0,5031.0,3.0,26.0,take_profit
2024-03-28,2024-03-28 13:45:00-03:00,2024-03-28 14:40:00-03:00,long,5031.0,5034.0,3.0,26.0,take_profit
2024-04-01,2024-04-01 13:00:00-03:00,2024-04-01 13:10:00-03:00,long,5082.5,5079.5,-3.0,-34.0,stop_loss
2024-04-02,2024-04-02 11:10:00-03:00,2024-04-02 11:25:00-03:00,long,5074.0,5070.5,-3.5,-39.0,stop_loss
2024-04-02,2024-04-02 11:40:00-03:00,2024-04-02 11:45:00-03:00,long,5076.5,5072.5,-4.0,-44.0,stop_gap_open
2024-04-02,2024-04-02 15:10:00-03:00,2024-04-02 15:15:00-03:00,long,5075.0,5078.5,3.5,31.0,target_gap_open
2024-04-02,2024-04-02 15:20:00-03:00,2024-04-02 15:25:00-03:00,long,5079.0,5081.5,2.5,21.0,take_profit
2024-04-02,2024-04-03 06:00:00-03:00,2024-04-03 06:05:00-03:00,long,5084.5,5082.5,-2.0,-24.0,ambiguous_stop_first
2024-04-03,2024-04-03 14:50:00-03:00,2024-04-03 14:55:00-03:00,short,5049.5,5051.5,-2.0,-24.0,stop_loss
2024-04-05,2024-04-05 09:20:00-03:00,2024-04-05 10:20:00-03:00,long,5073.5,5080.5,7.0,66.0,take_profit
2024-04-05,2024-04-05 13:45:00-03:00,2024-04-05 14:00:00-03:00,short,5075.5,5078.5,-3.0,-34.0,stop_loss
2024-04-08,2024-04-08 15:15:00-03:00,2024-04-08 15:20:00-03:00,short,5038.0,5040.0,-2.0,-24.0,stop_loss
2024-04-08,2024-04-09 06:00:00-03:00,2024-04-09 06:05:00-03:00,short,5035.5,5025.5,10.0,96.0,target_gap_open
2024-04-09,2024-04-09 14:50:00-03:00,2024-04-09 15:00:00-03:00,long,5020.0,5018.0,-2.0,-24.0,stop_loss
2024-04-10,2024-04-10 14:35:00-03:00,2024-04-10 15:15:00-03:00,short,5083.5,5080.0,3.5,31.0,take_profit
2024-04-10,2024-04-10 15:20:00-03:00,2024-04-10 15:25:00-03:00,short,5080.5,5077.5,3.0,26.0,take_profit
2024-04-12,2024-04-12 13:50:00-03:00,2024-04-12 14:50:00-03:00,short,5128.5,5127.5,1.0,6.0,max_hold
2024-04-15,2024-04-15 10:20:00-03:00,2024-04-15 11:20:00-03:00,long,5194.0,5200.0,6.0,56.0,take_profit
2024-04-15,2024-04-15 11:25:00-03:00,2024-04-15 11:30:00-03:00,long,5205.0,5212.0,7.0,66.0,target_gap_open
2024-04-16,2024-04-16 10:50:00-03:00,2024-04-16 11:05:00-03:00,short,5265.0,5271.0,-6.0,-64.0,stop_loss
2024-04-16,2024-04-16 12:10:00-03:00,2024-04-16 12:15:00-03:00,short,5253.0,5261.5,-8.5,-89.0,stop_gap_open
2024-04-17,2024-04-17 10:10:00-03:00,2024-04-17 10:20:00-03:00,long,5254.5,5248.5,-6.0,-64.0,stop_loss
2024-04-18,2024-04-18 09:10:00-03:00,2024-04-18 09:20:00-03:00,long,5260.0,5268.0,8.0,76.0,take_profit
2024-04-18,2024-04-18 09:25:00-03:00,2024-04-18 09:55:00-03:00,long,5266.5,5259.5,-7.0,-74.0,stop_loss
2024-04-18,2024-04-18 15:15:00-03:00,2024-04-18 15:25:00-03:00,short,5249.0,5252.0,-3.0,-34.0,stop_loss
2024-04-19,2024-04-19 11:00:00-03:00,2024-04-19 11:15:00-03:00,short,5206.5,5201.0,5.5,51.0,take_profit
2024-04-19,2024-04-19 11:20:00-03:00,2024-04-19 11:35:00-03:00,short,5201.0,5205.0,-4.0,-44.0,stop_loss
2024-04-19,2024-04-19 14:15:00-03:00,2024-04-19 14:25:00-03:00,long,5209.5,5206.0,-3.5,-39.0,stop_loss
2024-04-22,2024-04-22 10:45:00-03:00,2024-04-22 11:00:00-03:00,short,5185.0,5180.0,5.0,46.0,take_profit
2024-04-22,2024-04-22 14:00:00-03:00,2024-04-22 14:35:00-03:00,short,5173.5,5170.5,3.0,26.0,take_profit
2024-04-22,2024-04-22 14:40:00-03:00,2024-04-22 14:45:00-03:00,short,5168.0,5170.5,-2.5,-29.0,stop_loss
2024-04-24,2024-04-24 11:00:00-03:00,2024-04-24 11:05:00-03:00,short,5155.5,5151.0,4.5,41.0,take_profit
2024-04-24,2024-04-24 11:20:00-03:00,2024-04-24 11:35:00-03:00,short,5152.0,5146.5,5.5,51.0,take_profit
2024-04-24,2024-04-25 06:00:00-03:00,2024-04-25 06:05:00-03:00,long,5155.5,5143.0,-12.5,-129.0,stop_gap_open
2024-04-25,2024-04-25 11:40:00-03:00,2024-04-25 12:00:00-03:00,short,5159.0,5163.5,-4.5,-49.0,stop_loss
2024-04-26,2024-04-26 12:20:00-03:00,2024-04-26 12:25:00-03:00,short,5110.5,5113.5,-3.0,-34.0,stop_loss
2024-04-26,2024-04-26 15:25:00-03:00,2024-04-29 06:00:00-03:00,long,5122.5,5110.0,-12.5,-129.0,stop_gap_open
2024-04-29,2024-04-29 13:05:00-03:00,2024-04-29 13:10:00-03:00,long,5118.5,5115.0,-3.5,-39.0,stop_loss
2024-04-29,2024-04-29 14:20:00-03:00,2024-04-29 14:35:00-03:00,long,5119.0,5122.5,3.5,31.0,take_profit
2024-04-30,2024-04-30 14:00:00-03:00,2024-04-30 14:05:00-03:00,long,5207.0,5204.0,-3.0,-34.0,stop_loss
2024-04-30,2024-04-30 14:25:00-03:00,2024-04-30 15:10:00-03:00,long,5208.5,5212.0,3.5,31.0,take_profit
2024-04-30,2024-04-30 15:15:00-03:00,2024-04-30 15:20:00-03:00,long,5214.5,5218.0,3.5,31.0,take_profit
2024-05-02,2024-05-02 11:15:00-03:00,2024-05-02 11:35:00-03:00,short,5119.5,5116.0,3.5,31.0,take_profit
2024-05-02,2024-05-02 13:35:00-03:00,2024-05-02 13:55:00-03:00,long,5128.5,5126.0,-2.5,-29.0,stop_loss
2024-05-02,2024-05-02 15:25:00-03:00,2024-05-03 06:00:00-03:00,long,5130.5,5116.0,-14.5,-149.0,stop_gap_open
2024-05-03,2024-05-03 12:15:00-03:00,2024-05-03 12:35:00-03:00,short,5077.0,5080.5,-3.5,-39.0,stop_loss
2024-05-03,2024-05-03 15:10:00-03:00,2024-05-03 15:20:00-03:00,long,5086.5,5089.0,2.5,21.0,take_profit
2024-05-03,2024-05-03 15:25:00-03:00,2024-05-06 06:00:00-03:00,long,5088.0,5075.0,-13.0,-134.0,stop_gap_open
2024-05-06,2024-05-06 11:55:00-03:00,2024-05-06 12:00:00-03:00,short,5075.0,5072.0,3.0,26.0,take_profit
2024-05-06,2024-05-06 12:05:00-03:00,2024-05-06 12:10:00-03:00,short,5072.5,5075.0,-2.5,-29.0,stop_loss
2024-05-07,2024-05-07 11:50:00-03:00,2024-05-07 11:55:00-03:00,long,5079.5,5082.5,3.0,26.0,take_profit
2024-05-07,2024-05-07 12:00:00-03:00,2024-05-07 12:35:00-03:00,long,5084.0,5087.0,3.0,26.0,take_profit
2024-05-07,2024-05-07 15:15:00-03:00,2024-05-07 15:25:00-03:00,long,5086.5,5084.5,-2.0,-24.0,ambiguous_stop_first
2024-05-08,2024-05-08 10:45:00-03:00,2024-05-08 10:50:00-03:00,long,5099.0,5096.5,-2.5,-29.0,stop_loss
2024-05-08,2024-05-08 11:05:00-03:00,2024-05-08 11:25:00-03:00,long,5100.5,5098.0,-2.5,-29.0,stop_loss
2024-05-08,2024-05-08 14:10:00-03:00,2024-05-08 14:50:00-03:00,short,5097.0,5099.5,-2.5,-29.0,stop_loss
2024-05-09,2024-05-09 12:30:00-03:00,2024-05-09 12:45:00-03:00,short,5161.5,5157.0,4.5,41.0,take_profit
2024-05-09,2024-05-10 06:00:00-03:00,2024-05-10 06:05:00-03:00,short,5148.5,5137.5,11.0,106.0,target_gap_open
2024-05-10,2024-05-10 12:25:00-03:00,2024-05-10 12:40:00-03:00,short,5161.0,5164.0,-3.0,-34.0,stop_loss
2024-05-10,2024-05-13 06:00:00-03:00,2024-05-13 06:05:00-03:00,long,5155.0,5149.5,-5.5,-59.0,stop_gap_open
2024-05-13,2024-05-13 12:00:00-03:00,2024-05-13 12:15:00-03:00,short,5162.0,5158.5,3.5,31.0,take_profit
2024-05-13,2024-05-13 12:20:00-03:00,2024-05-13 12:40:00-03:00,short,5158.0,5160.5,-2.5,-29.0,stop_loss
2024-05-13,2024-05-14 06:00:00-03:00,2024-05-14 06:05:00-03:00,long,5156.0,5145.0,-11.0,-114.0,stop_gap_open
2024-05-14,2024-05-14 10:45:00-03:00,2024-05-14 10:50:00-03:00,short,5133.5,5136.5,-3.0,-34.0,stop_loss
2024-05-14,2024-05-14 14:50:00-03:00,2024-05-14 14:55:00-03:00,short,5136.0,5137.5,-1.5,-19.0,stop_loss
2024-05-14,2024-05-14 15:15:00-03:00,2024-05-14 15:20:00-03:00,short,5136.0,5137.5,-1.5,-19.0,stop_loss
2024-05-14,2024-05-15 06:00:00-03:00,2024-05-15 06:05:00-03:00,short,5170.0,5164.5,5.5,51.0,target_gap_open
2024-05-15,2024-05-15 12:30:00-03:00,2024-05-15 12:55:00-03:00,long,5148.0,5144.5,-3.5,-39.0,stop_loss
2024-05-16,2024-05-16 11:25:00-03:00,2024-05-16 11:40:00-03:00,long,5138.5,5142.0,3.5,31.0,take_profit
2024-05-16,2024-05-16 11:45:00-03:00,2024-05-16 12:20:00-03:00,long,5140.0,5137.0,-3.0,-34.0,stop_loss
2024-05-16,2024-05-16 15:15:00-03:00,2024-05-16 15:20:00-03:00,long,5138.5,5136.5,-2.0,-24.0,ambiguous_stop_first
2024-05-16,2024-05-17 06:00:00-03:00,2024-05-17 06:05:00-03:00,long,5142.0,5132.0,-10.0,-104.0,stop_gap_open
2024-05-17,2024-05-17 10:50:00-03:00,2024-05-17 11:50:00-03:00,short,5113.0,5114.0,-1.0,-14.0,max_hold
2024-05-17,2024-05-20 06:00:00-03:00,2024-05-20 06:05:00-03:00,short,5108.0,5120.0,-12.0,-124.0,stop_gap_open
2024-05-20,2024-05-20 14:15:00-03:00,2024-05-20 14:20:00-03:00,short,5108.0,5110.0,-2.0,-24.0,stop_loss
2024-05-21,2024-05-21 14:05:00-03:00,2024-05-21 14:25:00-03:00,long,5120.5,5123.0,2.5,21.0,take_profit
2024-05-21,2024-05-21 14:30:00-03:00,2024-05-21 14:35:00-03:00,long,5122.5,5125.0,2.5,21.0,take_profit
2024-05-21,2024-05-21 14:40:00-03:00,2024-05-21 14:45:00-03:00,long,5125.0,5127.5,2.5,21.0,take_profit
2024-05-21,2024-05-21 14:50:00-03:00,2024-05-22 06:00:00-03:00,long,5126.5,5140.0,13.5,131.0,target_gap_open
2024-05-22,2024-05-22 11:35:00-03:00,2024-05-22 11:45:00-03:00,long,5154.0,5158.5,4.5,41.0,take_profit
2024-05-22,2024-05-22 11:50:00-03:00,2024-05-22 11:55:00-03:00,long,5157.0,5153.0,-4.0,-44.0,stop_loss
2024-05-22,2024-05-22 14:50:00-03:00,2024-05-22 15:05:00-03:00,short,5153.0,5155.5,-2.5,-29.0,stop_loss
2024-05-23,2024-05-23 11:40:00-03:00,2024-05-23 12:20:00-03:00,long,5159.5,5156.0,-3.5,-39.0,stop_loss
2024-05-23,2024-05-23 14:10:00-03:00,2024-05-23 14:15:00-03:00,short,5154.0,5151.5,2.5,21.0,take_profit
2024-05-23,2024-05-23 14:20:00-03:00,2024-05-23 14:30:00-03:00,short,5151.0,5148.0,3.0,26.0,take_profit
2024-05-23,2024-05-23 14:35:00-03:00,2024-05-23 14:40:00-03:00,short,5146.5,5149.0,-2.5,-29.0,stop_loss
2024-05-24,2024-05-24 11:10:00-03:00,2024-05-24 11:25:00-03:00,long,5156.0,5153.0,-3.0,-34.0,stop_loss
2024-05-24,2024-05-24 12:05:00-03:00,2024-05-24 12:10:00-03:00,long,5157.5,5161.0,3.5,31.0,take_profit
2024-05-24,2024-05-24 15:25:00-03:00,2024-05-27 06:00:00-03:00,long,5173.0,5160.0,-13.0,-134.0,stop_gap_open
2024-05-28,2024-05-28 11:45:00-03:00,2024-05-28 11:50:00-03:00,long,5162.0,5165.5,3.5,31.0,take_profit
2024-05-28,2024-05-28 14:00:00-03:00,2024-05-28 14:05:00-03:00,short,5153.5,5156.5,-3.0,-34.0,stop_gap_open
2024-05-28,2024-05-28 15:10:00-03:00,2024-05-28 15:20:00-03:00,long,5167.5,5165.0,-2.5,-29.0,stop_loss
2024-05-29,2024-05-29 12:35:00-03:00,2024-05-29 12:40:00-03:00,short,5201.0,5204.0,-3.0,-34.0,stop_loss
2024-05-29,2024-05-29 13:55:00-03:00,2024-05-29 14:05:00-03:00,long,5210.0,5207.5,-2.5,-29.0,stop_loss
2024-05-31,2024-05-31 11:45:00-03:00,2024-05-31 12:00:00-03:00,long,5260.5,5256.5,-4.0,-44.0,stop_loss
2024-06-03,2024-06-03 11:35:00-03:00,2024-06-03 12:30:00-03:00,short,5235.0,5229.5,5.5,51.0,take_profit
2024-06-04,2024-06-04 09:10:00-03:00,2024-06-04 09:20:00-03:00,long,5289.5,5282.5,-7.0,-74.0,stop_loss
2024-06-04,2024-06-04 09:45:00-03:00,2024-06-04 09:55:00-03:00,long,5294.5,5302.0,7.5,71.0,take_profit
2024-06-06,2024-06-06 13:30:00-03:00,2024-06-06 13:40:00-03:00,long,5266.0,5263.0,-3.0,-34.0,stop_loss
2024-06-07,2024-06-07 10:35:00-03:00,2024-06-07 11:35:00-03:00,long,5292.5,5293.0,0.5,1.0,max_hold
2024-06-10,2024-06-10 12:25:00-03:00,2024-06-10 12:35:00-03:00,long,5380.0,5375.5,-4.5,-49.0,stop_loss
2024-06-10,2024-06-10 12:40:00-03:00,2024-06-10 13:05:00-03:00,short,5363.0,5368.5,-5.5,-59.0,stop_loss
2024-06-11,2024-06-11 15:00:00-03:00,2024-06-11 15:05:00-03:00,long,5377.5,5375.0,-2.5,-29.0,stop_loss
2024-06-12,2024-06-12 12:30:00-03:00,2024-06-12 12:35:00-03:00,short,5369.5,5378.5,-9.0,-94.0,stop_loss
2024-06-13,2024-06-13 09:20:00-03:00,2024-06-13 09:25:00-03:00,short,5397.0,5388.5,8.5,81.0,take_profit
2024-06-13,2024-06-13 14:50:00-03:00,2024-06-13 15:15:00-03:00,short,5373.5,5370.0,3.5,31.0,take_profit
2024-06-13,2024-06-13 15:20:00-03:00,2024-06-13 15:25:00-03:00,short,5369.5,5372.5,-3.0,-34.0,stop_loss
2024-06-17,2024-06-17 10:30:00-03:00,2024-06-17 10:35:00-03:00,short,5410.5,5414.5,-4.0,-44.0,stop_loss
2024-06-17,2024-06-17 12:20:00-03:00,2024-06-17 12:25:00-03:00,long,5425.5,5430.0,4.5,41.0,take_profit
2024-06-17,2024-06-17 12:30:00-03:00,2024-06-17 12:50:00-03:00,long,5431.0,5427.0,-4.0,-44.0,stop_loss
2024-06-17,2024-06-17 15:00:00-03:00,2024-06-17 15:05:00-03:00,short,5424.0,5426.5,-2.5,-29.0,stop_loss
2024-06-17,2024-06-18 06:00:00-03:00,2024-06-18 06:05:00-03:00,long,5440.5,5444.0,3.5,31.0,target_gap_open
2024-06-18,2024-06-18 11:15:00-03:00,2024-06-18 11:20:00-03:00,long,5418.0,5414.0,-4.0,-44.0,stop_loss
2024-06-18,2024-06-18 12:15:00-03:00,2024-06-18 12:35:00-03:00,long,5421.5,5426.5,5.0,46.0,take_profit
2024-06-19,2024-06-19 10:25:00-03:00,2024-06-19 10:30:00-03:00,long,5475.0,5471.0,-4.0,-44.0,stop_loss
2024-06-19,2024-06-19 11:05:00-03:00,2024-06-19 11:10:00-03:00,long,5477.0,5481.5,4.5,41.0,take_profit
2024-06-19,2024-06-19 11:15:00-03:00,2024-06-19 11:20:00-03:00,long,5483.0,5479.0,-4.0,-44.0,stop_loss
2024-06-20,2024-06-20 13:50:00-03:00,2024-06-20 13:55:00-03:00,long,5463.0,5468.5,5.5,51.0,take_profit
2024-06-20,2024-06-20 14:00:00-03:00,2024-06-20 14:10:00-03:00,long,5465.5,5461.0,-4.5,-49.0,stop_loss
2024-06-21,2024-06-21 12:50:00-03:00,2024-06-21 12:55:00-03:00,long,5462.5,5451.5,-11.0,-114.0,stop_gap_open
2024-06-24,2024-06-24 11:40:00-03:00,2024-06-24 11:45:00-03:00,short,5387.0,5391.0,-4.0,-44.0,stop_loss
2024-06-25,2024-06-25 13:40:00-03:00,2024-06-25 13:45:00-03:00,long,5455.5,5452.5,-3.0,-34.0,stop_loss
2024-06-25,2024-06-25 13:55:00-03:00,2024-06-25 14:00:00-03:00,long,5456.0,5453.0,-3.0,-34.0,stop_loss
2024-06-25,2024-06-25 15:15:00-03:00,2024-06-25 15:25:00-03:00,long,5459.5,5463.0,3.5,31.0,take_profit
2024-06-26,2024-06-26 12:50:00-03:00,2024-06-26 12:55:00-03:00,long,5519.5,5523.5,4.0,36.0,take_profit
2024-06-26,2024-06-26 13:00:00-03:00,2024-06-26 13:15:00-03:00,long,5522.5,5519.0,-3.5,-39.0,stop_loss
2024-06-26,2024-06-26 15:25:00-03:00,2024-06-27 06:00:00-03:00,long,5526.0,5523.0,-3.0,-34.0,stop_gap_open
2024-06-27,2024-06-27 11:25:00-03:00,2024-06-27 11:35:00-03:00,short,5521.5,5516.0,5.5,51.0,take_profit
2024-06-28,2024-06-28 12:50:00-03:00,2024-06-28 12:55:00-03:00,long,5608.5,5602.5,-6.0,-64.0,stop_loss
2024-07-01,2024-07-01 10:35:00-03:00,2024-07-01 10:55:00-03:00,long,5615.0,5621.5,6.5,61.0,take_profit
2024-07-02,2024-07-02 12:50:00-03:00,2024-07-02 12:55:00-03:00,short,5694.5,5688.0,6.5,61.0,take_profit
2024-07-02,2024-07-02 13:00:00-03:00,2024-07-02 13:05:00-03:00,short,5689.0,5682.5,6.5,61.0,take_profit
2024-07-02,2024-07-02 13:10:00-03:00,2024-07-02 13:25:00-03:00,short,5674.5,5667.0,7.5,71.0,take_profit
2024-07-03,2024-07-03 10:30:00-03:00,2024-07-03 10:45:00-03:00,short,5578.0,5569.5,8.5,81.0,take_profit
2024-07-03,2024-07-03 10:50:00-03:00,2024-07-03 11:05:00-03:00,short,5565.0,5572.0,-7.0,-74.0,stop_loss
2024-07-03,2024-07-03 14:40:00-03:00,2024-07-03 15:00:00-03:00,short,5572.5,5577.0,-4.5,-49.0,stop_loss
2024-07-04,2024-07-04 11:25:00-03:00,2024-07-04 11:40:00-03:00,short,5501.0,5505.5,-4.5,-49.0,stop_loss
2024-07-04,2024-07-05 06:00:00-03:00,2024-07-05 06:05:00-03:00,short,5485.0,5496.0,-11.0,-114.0,stop_gap_open
2024-07-05,2024-07-05 12:00:00-03:00,2024-07-05 12:05:00-03:00,short,5482.0,5487.0,-5.0,-54.0,stop_loss
2024-07-08,2024-07-08 12:45:00-03:00,2024-07-08 13:45:00-03:00,long,5491.5,5488.0,-3.5,-39.0,stop_loss
2024-07-09,2024-07-09 14:00:00-03:00,2024-07-09 14:05:00-03:00,short,5428.0,5425.0,3.0,26.0,target_gap_open
2024-07-09,2024-07-09 14:10:00-03:00,2024-07-09 14:15:00-03:00,short,5426.5,5429.5,-3.0,-34.0,stop_gap_open
2024-07-09,2024-07-09 14:50:00-03:00,2024-07-09 14:55:00-03:00,long,5436.5,5434.0,-2.5,-29.0,stop_loss
2024-07-10,2024-07-10 10:35:00-03:00,2024-07-10 10:45:00-03:00,long,5419.5,5424.0,4.5,41.0,take_profit
2024-07-10,2024-07-10 14:30:00-03:00,2024-07-10 14:35:00-03:00,long,5431.5,5428.5,-3.0,-34.0,stop_loss
2024-07-11,2024-07-11 15:25:00-03:00,2024-07-12 06:00:00-03:00,short,5449.5,5437.0,12.5,121.0,target_gap_open
2024-07-15,2024-07-15 15:20:00-03:00,2024-07-16 06:00:00-03:00,long,5458.5,5446.5,-12.0,-124.0,stop_gap_open
2024-07-16,2024-07-16 09:40:00-03:00,2024-07-16 09:50:00-03:00,long,5444.5,5451.0,6.5,61.0,take_profit
2024-07-16,2024-07-17 06:00:00-03:00,2024-07-17 06:05:00-03:00,short,5450.0,5446.0,4.0,36.0,target_gap_open
2024-07-17,2024-07-17 09:55:00-03:00,2024-07-17 10:10:00-03:00,long,5486.0,5492.0,6.0,56.0,take_profit
2024-07-17,2024-07-17 13:00:00-03:00,2024-07-17 13:10:00-03:00,long,5496.0,5492.0,-4.0,-44.0,stop_loss
2024-07-17,2024-07-17 15:20:00-03:00,2024-07-18 06:00:00-03:00,long,5497.0,5492.5,-4.5,-49.0,stop_gap_open
2024-07-18,2024-07-18 10:25:00-03:00,2024-07-18 10:35:00-03:00,long,5562.0,5568.0,6.0,56.0,take_profit
2024-07-18,2024-07-18 14:50:00-03:00,2024-07-18 14:55:00-03:00,short,5556.0,5562.0,-6.0,-64.0,ambiguous_stop_first
2024-07-19,2024-07-19 12:40:00-03:00,2024-07-19 12:45:00-03:00,long,5601.0,5607.5,6.5,61.0,take_profit
2024-07-19,2024-07-19 12:50:00-03:00,2024-07-19 13:00:00-03:00,long,5606.5,5601.0,-5.5,-59.0,stop_loss
2024-07-19,2024-07-22 06:00:00-03:00,2024-07-22 06:05:00-03:00,long,5600.0,5605.0,5.0,46.0,take_profit
2024-07-22,2024-07-22 10:05:00-03:00,2024-07-22 10:20:00-03:00,short,5550.5,5543.0,7.5,71.0,take_profit
2024-07-22,2024-07-22 10:25:00-03:00,2024-07-22 10:30:00-03:00,short,5545.5,5551.5,-6.0,-64.0,stop_loss
2024-07-22,2024-07-22 12:20:00-03:00,2024-07-22 12:30:00-03:00,long,5566.0,5571.0,5.0,46.0,take_profit
2024-07-22,2024-07-22 15:00:00-03:00,2024-07-22 15:05:00-03:00,long,5585.0,5581.5,-3.5,-39.0,stop_loss
2024-07-23,2024-07-23 11:35:00-03:00,2024-07-23 12:35:00-03:00,long,5597.5,5599.5,2.0,16.0,max_hold
2024-07-23,2024-07-23 14:00:00-03:00,2024-07-23 14:10:00-03:00,short,5592.5,5596.0,-3.5,-39.0,stop_loss
2024-07-24,2024-07-24 12:05:00-03:00,2024-07-24 12:20:00-03:00,long,5650.0,5657.5,7.5,71.0,take_profit
2024-07-25,2024-07-26 06:00:00-03:00,2024-07-26 06:05:00-03:00,short,5620.5,5629.5,-9.0,-94.0,stop_gap_open
2024-07-26,2024-07-26 11:20:00-03:00,2024-07-26 11:25:00-03:00,long,5669.5,5664.5,-5.0,-54.0,stop_loss
2024-07-26,2024-07-26 11:40:00-03:00,2024-07-26 11:45:00-03:00,long,5672.5,5667.5,-5.0,-54.0,stop_loss
2024-07-26,2024-07-26 14:05:00-03:00,2024-07-26 14:10:00-03:00,short,5660.5,5656.5,4.0,36.0,take_profit
2024-07-26,2024-07-26 14:15:00-03:00,2024-07-26 14:45:00-03:00,short,5656.5,5660.0,-3.5,-39.0,stop_loss
2024-07-29,2024-07-29 14:25:00-03:00,2024-07-29 14:45:00-03:00,short,5623.5,5619.5,4.0,36.0,take_profit
2024-07-29,2024-07-29 14:50:00-03:00,2024-07-29 14:55:00-03:00,short,5620.0,5616.5,3.5,31.0,take_profit
2024-07-30,2024-07-30 11:25:00-03:00,2024-07-30 11:35:00-03:00,short,5635.0,5629.0,6.0,56.0,take_profit
2024-07-30,2024-07-30 14:10:00-03:00,2024-07-30 14:30:00-03:00,short,5618.0,5621.5,-3.5,-39.0,stop_loss
2024-07-31,2024-07-31 12:40:00-03:00,2024-07-31 12:55:00-03:00,short,5660.0,5650.0,10.0,96.0,take_profit
2024-08-01,2024-08-01 14:30:00-03:00,2024-08-01 14:35:00-03:00,long,5768.0,5763.0,-5.0,-54.0,stop_loss
2024-08-06,2024-08-06 09:45:00-03:00,2024-08-06 10:00:00-03:00,short,5665.5,5655.0,10.5,101.0,take_profit
2024-08-06,2024-08-06 13:55:00-03:00,2024-08-06 14:05:00-03:00,long,5676.0,5671.0,-5.0,-54.0,stop_loss
2024-08-07,2024-08-07 12:05:00-03:00,2024-08-07 12:10:00-03:00,long,5633.5,5640.0,6.5,61.0,take_profit
2024-08-07,2024-08-07 14:50:00-03:00,2024-08-07 14:55:00-03:00,long,5649.0,5644.0,-5.0,-54.0,stop_gap_open
2024-08-07,2024-08-07 15:00:00-03:00,2024-08-08 06:00:00-03:00,long,5649.0,5644.5,-4.5,-49.0,stop_loss
2024-08-08,2024-08-08 12:25:00-03:00,2024-08-08 12:35:00-03:00,short,5592.0,5586.0,6.0,56.0,take_profit
2024-08-08,2024-08-08 12:40:00-03:00,2024-08-08 12:45:00-03:00,short,5581.0,5586.0,-5.0,-54.0,stop_loss
2024-08-08,2024-08-08 14:45:00-03:00,2024-08-08 14:50:00-03:00,short,5572.0,5564.0,8.0,76.0,target_gap_open
2024-08-08,2024-08-08 14:55:00-03:00,2024-08-08 15:10:00-03:00,short,5564.0,5558.0,6.0,56.0,take_profit
2024-08-09,2024-08-09 11:05:00-03:00,2024-08-09 11:30:00-03:00,short,5508.5,5514.0,-5.5,-59.0,stop_loss
2024-08-09,2024-08-09 14:50:00-03:00,2024-08-09 14:55:00-03:00,short,5517.0,5521.0,-4.0,-44.0,stop_loss
2024-08-12,2024-08-12 13:35:00-03:00,2024-08-12 14:10:00-03:00,short,5509.5,5514.5,-5.0,-54.0,stop_loss
2024-08-13,2024-08-13 10:55:00-03:00,2024-08-13 11:20:00-03:00,short,5485.5,5480.0,5.5,51.0,take_profit
2024-08-13,2024-08-13 14:00:00-03:00,2024-08-13 14:15:00-03:00,short,5459.5,5463.5,-4.0,-44.0,stop_loss
2024-08-14,2024-08-14 12:55:00-03:00,2024-08-14 13:00:00-03:00,short,5476.5,5481.5,-5.0,-54.0,stop_loss
2024-08-16,2024-08-16 10:45:00-03:00,2024-08-16 10:50:00-03:00,short,5474.0,5478.5,-4.5,-49.0,stop_loss
2024-08-16,2024-08-16 14:00:00-03:00,2024-08-16 14:05:00-03:00,short,5475.5,5479.0,-3.5,-39.0,stop_loss
2024-08-20,2024-08-20 11:15:00-03:00,2024-08-20 12:10:00-03:00,long,5494.5,5489.5,-5.0,-54.0,stop_loss
2024-08-20,2024-08-20 13:15:00-03:00,2024-08-20 13:50:00-03:00,short,5477.0,5482.0,-5.0,-54.0,stop_loss
2024-08-21,2024-08-21 14:45:00-03:00,2024-08-21 14:50:00-03:00,long,5497.5,5493.5,-4.0,-44.0,stop_loss
2024-08-22,2024-08-22 12:00:00-03:00,2024-08-22 12:20:00-03:00,long,5584.0,5593.5,9.5,91.0,take_profit
2024-08-22,2024-08-22 12:25:00-03:00,2024-08-22 12:35:00-03:00,long,5592.5,5603.0,10.5,101.0,take_profit
2024-08-22,2024-08-23 06:00:00-03:00,2024-08-23 06:05:00-03:00,long,5589.0,5573.0,-16.0,-164.0,stop_gap_open
2024-08-26,2024-08-26 10:55:00-03:00,2024-08-26 11:00:00-03:00,short,5489.5,5496.0,-6.5,-69.0,stop_gap_open
2024-08-26,2024-08-26 11:05:00-03:00,2024-08-26 11:50:00-03:00,short,5484.5,5490.5,-6.0,-64.0,stop_loss
2024-08-26,2024-08-26 14:00:00-03:00,2024-08-26 14:05:00-03:00,long,5495.5,5500.0,4.5,41.0,take_profit
2024-08-26,2024-08-26 14:10:00-03:00,2024-08-26 14:15:00-03:00,long,5503.0,5499.0,-4.0,-44.0,stop_loss
2024-08-26,2024-08-26 14:20:00-03:00,2024-08-26 14:50:00-03:00,long,5503.0,5498.5,-4.5,-49.0,stop_loss
2024-08-27,2024-08-27 09:35:00-03:00,2024-08-27 09:40:00-03:00,long,5507.5,5515.5,8.0,76.0,target_gap_open
2024-08-27,2024-08-27 14:15:00-03:00,2024-08-27 14:20:00-03:00,long,5513.0,5517.0,4.0,36.0,take_profit
2024-08-27,2024-08-27 14:25:00-03:00,2024-08-27 14:40:00-03:00,long,5517.0,5513.5,-3.5,-39.0,stop_loss
2024-08-28,2024-08-28 12:25:00-03:00,2024-08-28 12:30:00-03:00,short,5534.0,5540.0,-6.0,-64.0,stop_gap_open
2024-08-29,2024-08-29 11:10:00-03:00,2024-08-29 11:40:00-03:00,short,5628.5,5620.5,8.0,76.0,take_profit
2024-08-29,2024-08-29 14:15:00-03:00,2024-08-29 14:40:00-03:00,long,5633.0,5627.0,-6.0,-64.0,stop_loss
2024-08-30,2024-08-30 13:55:00-03:00,2024-08-30 14:00:00-03:00,short,5656.5,5648.0,8.5,81.0,take_profit
2024-08-30,2024-08-30 14:05:00-03:00,2024-08-30 14:15:00-03:00,short,5651.0,5642.0,9.0,86.0,take_profit
2024-09-02,2024-09-02 09:40:00-03:00,2024-09-02 10:00:00-03:00,short,5635.5,5624.5,11.0,106.0,take_profit
2024-09-02,2024-09-02 11:35:00-03:00,2024-09-02 11:45:00-03:00,short,5623.0,5630.0,-7.0,-74.0,stop_loss
2024-09-03,2024-09-03 12:35:00-03:00,2024-09-03 12:40:00-03:00,short,5650.5,5655.5,-5.0,-54.0,stop_loss
2024-09-03,2024-09-03 13:20:00-03:00,2024-09-03 14:00:00-03:00,long,5661.0,5656.5,-4.5,-49.0,stop_loss
2024-09-04,2024-09-04 14:05:00-03:00,2024-09-04 14:20:00-03:00,long,5658.5,5655.0,-3.5,-39.0,stop_loss
2024-09-05,2024-09-05 13:55:00-03:00,2024-09-05 14:00:00-03:00,short,5588.0,5591.5,-3.5,-39.0,stop_loss
2024-09-05,2024-09-05 15:10:00-03:00,2024-09-05 15:25:00-03:00,short,5586.5,5582.5,4.0,36.0,take_profit
2024-09-10,2024-09-10 15:15:00-03:00,2024-09-10 15:20:00-03:00,long,5678.0,5674.5,-3.5,-39.0,stop_loss
2024-09-11,2024-09-11 14:25:00-03:00,2024-09-11 14:50:00-03:00,long,5669.0,5674.0,5.0,46.0,take_profit
2024-09-11,2024-09-11 14:55:00-03:00,2024-09-11 15:00:00-03:00,long,5673.0,5678.0,5.0,46.0,take_profit
2024-09-12,2024-09-12 12:30:00-03:00,2024-09-12 12:40:00-03:00,short,5639.0,5644.5,-5.5,-59.0,stop_loss
2024-09-13,2024-09-13 12:05:00-03:00,2024-09-13 12:15:00-03:00,long,5573.0,5568.0,-5.0,-54.0,stop_loss
2024-09-13,2024-09-13 12:25:00-03:00,2024-09-13 13:20:00-03:00,long,5577.0,5571.5,-5.5,-59.0,stop_loss
2024-09-16,2024-09-17 06:00:00-03:00,2024-09-17 06:05:00-03:00,short,5519.0,5511.5,7.5,71.0,target_gap_open
2024-09-18,2024-09-18 09:50:00-03:00,2024-09-18 10:00:00-03:00,long,5490.5,5484.5,-6.0,-64.0,stop_loss
2024-09-18,2024-09-18 12:05:00-03:00,2024-09-18 12:10:00-03:00,short,5454.0,5444.0,10.0,96.0,take_profit
2024-09-19,2024-09-19 10:00:00-03:00,2024-09-19 10:05:00-03:00,short,5411.5,5419.0,-7.5,-79.0,stop_loss
2024-09-19,2024-09-19 11:50:00-03:00,2024-09-19 12:05:00-03:00,long,5431.0,5437.5,6.5,61.0,take_profit
2024-09-19,2024-09-19 12:10:00-03:00,2024-09-19 12:20:00-03:00,long,5435.0,5429.5,-5.5,-59.0,stop_loss
2024-09-19,2024-09-20 06:00:00-03:00,2024-09-20 06:05:00-03:00,short,5439.5,5442.5,-3.0,-34.0,ambiguous_stop_first
2024-09-23,2024-09-23 11:25:00-03:00,2024-09-23 11:50:00-03:00,short,5533.0,5538.5,-5.5,-59.0,stop_loss
2024-09-23,2024-09-23 14:20:00-03:00,2024-09-23 14:25:00-03:00,long,5544.5,5540.5,-4.0,-44.0,stop_loss
2024-09-23,2024-09-23 15:25:00-03:00,2024-09-24 06:00:00-03:00,long,5545.5,5522.0,-23.5,-239.0,stop_gap_open
2024-09-24,2024-09-24 14:05:00-03:00,2024-09-24 14:25:00-03:00,long,5468.0,5464.5,-3.5,-39.0,stop_loss
2024-09-25,2024-09-25 14:55:00-03:00,2024-09-25 15:00:00-03:00,short,5474.5,5477.5,-3.0,-34.0,stop_loss
2024-09-26,2024-09-26 09:25:00-03:00,2024-09-26 09:35:00-03:00,short,5425.5,5432.5,-7.0,-74.0,stop_loss
2024-09-26,2024-09-26 11:20:00-03:00,2024-09-26 11:25:00-03:00,long,5453.0,5447.5,-5.5,-59.0,stop_loss
2024-09-27,2024-09-27 10:40:00-03:00,2024-09-27 10:45:00-03:00,long,5446.0,5441.5,-4.5,-49.0,stop_loss
2024-09-27,2024-09-30 06:00:00-03:00,2024-09-30 06:05:00-03:00,short,5449.5,5445.0,4.5,41.0,target_gap_open
2024-09-30,2024-09-30 12:15:00-03:00,2024-09-30 12:20:00-03:00,long,5482.5,5477.0,-5.5,-59.0,stop_loss
2024-10-01,2024-10-01 14:35:00-03:00,2024-10-01 14:40:00-03:00,long,5483.5,5480.0,-3.5,-39.0,stop_loss
2024-10-01,2024-10-01 14:45:00-03:00,2024-10-01 14:50:00-03:00,short,5470.0,5464.0,6.0,56.0,take_profit
2024-10-01,2024-10-01 14:55:00-03:00,2024-10-01 15:00:00-03:00,short,5459.5,5453.0,6.5,61.0,take_profit
2024-10-01,2024-10-01 15:05:00-03:00,2024-10-01 15:25:00-03:00,short,5454.0,5446.5,7.5,71.0,take_profit
2024-10-02,2024-10-02 14:30:00-03:00,2024-10-02 14:35:00-03:00,short,5457.5,5460.0,-2.5,-29.0,stop_loss
2024-10-02,2024-10-02 14:45:00-03:00,2024-10-02 14:50:00-03:00,short,5458.5,5461.5,-3.0,-34.0,stop_loss
2024-10-03,2024-10-03 12:20:00-03:00,2024-10-03 12:25:00-03:00,short,5495.0,5490.5,4.5,41.0,take_profit
2024-10-04,2024-10-04 13:35:00-03:00,2024-10-04 14:05:00-03:00,short,5473.5,5477.0,-3.5,-39.0,stop_loss
2024-10-04,2024-10-07 06:00:00-03:00,2024-10-07 06:05:00-03:00,short,5486.0,5472.0,14.0,136.0,target_gap_open
2024-10-07,2024-10-07 13:00:00-03:00,2024-10-07 13:20:00-03:00,long,5506.5,5502.0,-4.5,-49.0,stop_loss
2024-10-07,2024-10-07 15:20:00-03:00,2024-10-07 15:25:00-03:00,long,5509.5,5513.0,3.5,31.0,take_profit
2024-10-07,2024-10-08 06:00:00-03:00,2024-10-08 06:05:00-03:00,long,5521.0,5524.5,3.5,31.0,take_profit
2024-10-08,2024-10-08 14:15:00-03:00,2024-10-08 14:20:00-03:00,long,5553.5,5550.5,-3.0,-34.0,stop_loss
2024-10-08,2024-10-08 15:20:00-03:00,2024-10-08 15:25:00-03:00,long,5554.5,5552.0,-2.5,-29.0,stop_loss
2024-10-09,2024-10-09 13:15:00-03:00,2024-10-09 13:55:00-03:00,short,5597.0,5601.0,-4.0,-44.0,stop_loss
2024-10-10,2024-10-10 11:05:00-03:00,2024-10-10 11:10:00-03:00,long,5605.5,5612.0,6.5,61.0,take_profit
2024-10-10,2024-10-10 14:10:00-03:00,2024-10-10 14:15:00-03:00,long,5603.0,5599.5,-3.5,-39.0,stop_loss
2024-10-11,2024-10-11 11:30:00-03:00,2024-10-11 12:10:00-03:00,short,5637.5,5642.0,-4.5,-49.0,stop_loss
2024-10-11,2024-10-11 13:55:00-03:00,2024-10-11 14:10:00-03:00,short,5627.0,5622.5,4.5,41.0,take_profit
2024-10-14,2024-10-14 14:10:00-03:00,2024-10-14 14:15:00-03:00,long,5601.5,5596.5,-5.0,-54.0,stop_gap_open
2024-10-14,2024-10-14 14:35:00-03:00,2024-10-14 15:25:00-03:00,long,5605.5,5601.0,-4.5,-49.0,stop_loss
2024-10-15,2024-10-15 10:25:00-03:00,2024-10-15 10:30:00-03:00,long,5664.5,5670.5,6.0,56.0,take_profit
2024-10-15,2024-10-15 14:05:00-03:00,2024-10-15 14:30:00-03:00,short,5661.5,5656.5,5.0,46.0,take_profit
2024-10-15,2024-10-15 14:35:00-03:00,2024-10-15 14:40:00-03:00,short,5657.0,5661.5,-4.5,-49.0,stop_loss
2024-10-16,2024-10-16 11:30:00-03:00,2024-10-16 11:45:00-03:00,short,5654.5,5660.5,-6.0,-64.0,stop_loss
2024-10-16,2024-10-17 06:00:00-03:00,2024-10-17 06:05:00-03:00,long,5690.5,5695.0,4.5,41.0,target_gap_open
2024-10-17,2024-10-17 09:55:00-03:00,2024-10-17 10:00:00-03:00,long,5692.0,5686.0,-6.0,-64.0,stop_gap_open
2024-10-17,2024-10-17 12:05:00-03:00,2024-10-17 12:10:00-03:00,short,5679.0,5674.5,4.5,41.0,take_profit
2024-10-17,2024-10-17 12:15:00-03:00,2024-10-17 12:55:00-03:00,short,5676.0,5679.5,-3.5,-39.0,stop_loss
2024-10-18,2024-10-18 11:45:00-03:00,2024-10-18 11:50:00-03:00,long,5692.5,5697.0,4.5,41.0,take_profit
2024-10-18,2024-10-18 11:55:00-03:00,2024-10-18 12:00:00-03:00,long,5694.0,5699.5,5.5,51.0,target_gap_open
2024-10-18,2024-10-18 13:05:00-03:00,2024-10-18 13:10:00-03:00,long,5703.0,5699.5,-3.5,-39.0,stop_loss
2024-10-18,2024-10-18 13:35:00-03:00,2024-10-18 13:40:00-03:00,long,5705.0,5709.5,4.5,41.0,take_profit
2024-10-21,2024-10-21 13:40:00-03:00,2024-10-21 13:50:00-03:00,short,5703.0,5699.5,3.5,31.0,take_profit
2024-10-21,2024-10-21 13:55:00-03:00,2024-10-21 14:00:00-03:00,short,5697.5,5693.5,4.0,36.0,take_profit
2024-10-22,2024-10-22 14:05:00-03:00,2024-10-22 14:35:00-03:00,short,5699.0,5695.0,4.0,36.0,take_profit
2024-10-23,2024-10-23 12:40:00-03:00,2024-10-23 12:50:00-03:00,short,5698.5,5692.5,6.0,56.0,take_profit
2024-10-24,2024-10-24 11:00:00-03:00,2024-10-24 11:05:00-03:00,long,5716.0,5712.0,-4.0,-44.0,stop_loss
2024-10-24,2024-10-24 11:20:00-03:00,2024-10-24 11:25:00-03:00,short,5696.5,5691.0,5.5,51.0,take_profit
2024-10-25,2024-10-25 11:35:00-03:00,2024-10-25 11:40:00-03:00,long,5711.0,5716.0,5.0,46.0,take_profit
2024-10-25,2024-10-25 11:45:00-03:00,2024-10-25 11:55:00-03:00,long,5715.5,5711.0,-4.5,-49.0,stop_loss
2024-10-25,2024-10-25 15:15:00-03:00,2024-10-25 15:20:00-03:00,long,5715.0,5712.5,-2.5,-29.0,stop_loss
2024-10-28,2024-10-28 11:25:00-03:00,2024-10-28 11:40:00-03:00,short,5701.0,5696.5,4.5,41.0,take_profit
2024-10-29,2024-10-29 13:20:00-03:00,2024-10-29 13:50:00-03:00,long,5765.5,5759.5,-6.0,-64.0,stop_loss
2024-10-30,2024-10-30 11:35:00-03:00,2024-10-30 11:40:00-03:00,short,5769.5,5774.0,-4.5,-49.0,stop_loss
2024-10-30,2024-10-30 11:50:00-03:00,2024-10-30 12:20:00-03:00,short,5767.0,5771.5,-4.5,-49.0,stop_loss
2024-10-30,2024-10-30 15:25:00-03:00,2024-10-31 06:00:00-03:00,long,5767.5,5783.0,15.5,151.0,target_gap_open
2024-10-31,2024-10-31 09:50:00-03:00,2024-10-31 10:15:00-03:00,long,5805.0,5811.5,6.5,61.0,take_profit
2024-10-31,2024-10-31 14:15:00-03:00,2024-10-31 14:20:00-03:00,long,5808.0,5803.5,-4.5,-49.0,stop_gap_open
2024-10-31,2024-10-31 14:25:00-03:00,2024-10-31 14:30:00-03:00,long,5806.0,5802.5,-3.5,-39.0,stop_loss
2024-10-31,2024-10-31 15:15:00-03:00,2024-11-01 06:00:00-03:00,long,5810.0,5805.5,-4.5,-49.0,stop_gap_open
2024-11-01,2024-11-01 11:30:00-03:00,2024-11-01 11:35:00-03:00,long,5851.5,5858.5,7.0,66.0,target_gap_open
2024-11-01,2024-11-01 15:15:00-03:00,2024-11-01 15:20:00-03:00,long,5900.5,5896.0,-4.5,-49.0,stop_loss
2024-11-04,2024-11-04 12:20:00-03:00,2024-11-04 12:25:00-03:00,long,5797.5,5792.0,-5.5,-59.0,stop_loss
2024-11-04,2024-11-04 14:05:00-03:00,2024-11-04 14:10:00-03:00,long,5802.5,5807.5,5.0,46.0,take_profit
2024-11-05,2024-11-05 11:00:00-03:00,2024-11-05 11:10:00-03:00,short,5787.0,5779.5,7.5,71.0,take_profit
2024-11-06,2024-11-06 12:15:00-03:00,2024-11-06 12:25:00-03:00,short,5685.5,5694.0,-8.5,-89.0,stop_loss
2024-11-06,2024-11-06 15:20:00-03:00,2024-11-06 15:25:00-03:00,long,5719.0,5727.5,8.5,81.0,take_profit
2024-11-06,2024-11-07 06:00:00-03:00,2024-11-07 06:05:00-03:00,long,5707.0,5693.0,-14.0,-144.0,stop_gap_open
2024-11-07,2024-11-07 09:45:00-03:00,2024-11-07 10:00:00-03:00,long,5688.5,5700.0,11.5,111.0,take_profit
2024-11-07,2024-11-07 10:05:00-03:00,2024-11-07 10:15:00-03:00,long,5698.0,5709.5,11.5,111.0,take_profit
2024-11-07,2024-11-07 13:00:00-03:00,2024-11-07 13:05:00-03:00,short,5691.5,5679.5,12.0,116.0,take_profit
2024-11-07,2024-11-07 13:10:00-03:00,2024-11-07 13:40:00-03:00,short,5690.0,5701.5,-11.5,-119.0,stop_loss
2024-11-08,2024-11-08 09:20:00-03:00,2024-11-08 09:50:00-03:00,long,5787.0,5796.5,9.5,91.0,take_profit
2024-11-08,2024-11-08 11:55:00-03:00,2024-11-08 12:05:00-03:00,short,5781.5,5773.5,8.0,76.0,take_profit
2024-11-08,2024-11-08 12:10:00-03:00,2024-11-08 12:20:00-03:00,short,5774.5,5781.5,-7.0,-74.0,stop_loss
2024-11-11,2024-11-11 10:55:00-03:00,2024-11-11 11:15:00-03:00,short,5782.0,5775.5,6.5,61.0,take_profit
2024-11-11,2024-11-11 11:20:00-03:00,2024-11-11 11:25:00-03:00,short,5775.5,5780.5,-5.0,-54.0,stop_loss
2024-11-11,2024-11-11 13:40:00-03:00,2024-11-11 13:45:00-03:00,long,5784.5,5780.5,-4.0,-44.0,stop_loss
2024-11-11,2024-11-11 14:05:00-03:00,2024-11-11 14:10:00-03:00,short,5775.0,5770.0,5.0,46.0,take_profit
2024-11-11,2024-11-11 14:15:00-03:00,2024-11-11 14:30:00-03:00,short,5770.5,5765.0,5.5,51.0,take_profit
2024-11-11,2024-11-11 14:35:00-03:00,2024-11-11 14:40:00-03:00,short,5762.5,5767.0,-4.5,-49.0,stop_loss
2024-11-12,2024-11-12 14:45:00-03:00,2024-11-12 15:00:00-03:00,short,5767.5,5762.0,5.5,51.0,take_profit
2024-11-12,2024-11-12 15:05:00-03:00,2024-11-12 15:10:00-03:00,short,5760.5,5755.0,5.5,51.0,take_profit
2024-11-12,2024-11-12 15:15:00-03:00,2024-11-12 15:25:00-03:00,short,5759.0,5753.5,5.5,51.0,take_profit
2024-11-13,2024-11-13 12:50:00-03:00,2024-11-13 12:55:00-03:00,long,5827.0,5822.0,-5.0,-54.0,stop_loss
2024-11-13,2024-11-13 13:25:00-03:00,2024-11-13 13:45:00-03:00,short,5809.5,5815.0,-5.5,-59.0,stop_loss
2024-11-13,2024-11-13 13:55:00-03:00,2024-11-13 14:00:00-03:00,short,5806.0,5799.0,7.0,66.0,take_profit
2024-11-14,2024-11-14 11:40:00-03:00,2024-11-14 11:45:00-03:00,long,5795.0,5801.5,6.5,61.0,take_profit
2024-11-14,2024-11-14 13:55:00-03:00,2024-11-14 14:00:00-03:00,long,5799.0,5794.5,-4.5,-49.0,ambiguous_stop_first
2024-11-14,2024-11-14 14:05:00-03:00,2024-11-14 14:10:00-03:00,long,5803.5,5815.0,11.5,111.0,target_gap_open
2024-11-18,2024-11-18 11:10:00-03:00,2024-11-18 11:30:00-03:00,long,5765.0,5759.0,-6.0,-64.0,stop_loss
2024-11-18,2024-11-18 14:35:00-03:00,2024-11-18 14:40:00-03:00,long,5757.5,5764.5,7.0,66.0,target_gap_open
2024-11-18,2024-11-18 14:45:00-03:00,2024-11-18 14:50:00-03:00,long,5762.0,5758.0,-4.0,-44.0,stop_loss
2024-11-19,2024-11-19 11:00:00-03:00,2024-11-19 11:25:00-03:00,short,5766.0,5772.5,-6.5,-69.0,stop_loss
2024-11-21,2024-11-21 09:05:00-03:00,2024-11-21 09:15:00-03:00,short,5815.5,5822.5,-7.0,-74.0,stop_loss
2024-11-21,2024-11-21 09:30:00-03:00,2024-11-21 09:55:00-03:00,short,5813.0,5820.0,-7.0,-74.0,stop_loss
2024-11-22,2024-11-22 11:55:00-03:00,2024-11-22 12:05:00-03:00,long,5826.5,5821.5,-5.0,-54.0,stop_loss
2024-11-22,2024-11-22 14:50:00-03:00,2024-11-22 15:00:00-03:00,short,5811.0,5807.0,4.0,36.0,take_profit
2024-11-22,2024-11-22 15:05:00-03:00,2024-11-22 15:10:00-03:00,short,5808.5,5804.0,4.5,41.0,take_profit
2024-11-22,2024-11-22 15:15:00-03:00,2024-11-22 15:20:00-03:00,short,5804.5,5808.5,-4.0,-44.0,stop_loss
2024-11-25,2024-11-25 13:00:00-03:00,2024-11-25 13:20:00-03:00,short,5809.0,5814.0,-5.0,-54.0,stop_loss
2024-11-25,2024-11-25 13:50:00-03:00,2024-11-25 14:10:00-03:00,short,5807.0,5811.5,-4.5,-49.0,stop_loss
2024-11-25,2024-11-25 15:20:00-03:00,2024-11-26 06:00:00-03:00,short,5804.0,5815.5,-11.5,-119.0,stop_gap_open
2024-11-28,2024-11-28 10:10:00-03:00,2024-11-28 10:25:00-03:00,long,6002.5,5995.0,-7.5,-79.0,stop_loss
2024-11-28,2024-11-28 11:25:00-03:00,2024-11-28 11:50:00-03:00,short,5981.0,5988.0,-7.0,-74.0,stop_loss
2024-11-28,2024-11-28 13:40:00-03:00,2024-11-28 13:45:00-03:00,long,5994.0,5989.0,-5.0,-54.0,stop_loss
2024-11-28,2024-11-28 14:10:00-03:00,2024-11-28 14:30:00-03:00,long,5995.0,6001.0,6.0,56.0,take_profit
2024-11-29,2024-11-29 13:50:00-03:00,2024-11-29 13:55:00-03:00,short,6019.5,6027.0,-7.5,-79.0,stop_loss
2024-11-29,2024-11-29 14:05:00-03:00,2024-11-29 14:15:00-03:00,short,6009.0,5997.0,12.0,116.0,take_profit
2024-11-29,2024-11-29 14:20:00-03:00,2024-11-29 15:15:00-03:00,short,5994.5,6005.0,-10.5,-109.0,stop_loss
2024-12-02,2024-12-02 11:45:00-03:00,2024-12-02 11:50:00-03:00,short,6079.0,6069.5,9.5,91.0,target_gap_open
2024-12-03,2024-12-03 12:55:00-03:00,2024-12-03 13:00:00-03:00,short,6067.5,6058.5,9.0,86.0,target_gap_open
2024-12-04,2024-12-04 09:30:00-03:00,2024-12-04 09:40:00-03:00,short,6063.5,6054.5,9.0,86.0,take_profit
2024-12-04,2024-12-04 09:45:00-03:00,2024-12-04 10:30:00-03:00,short,6052.5,6043.5,9.0,86.0,take_profit
2024-12-04,2024-12-04 12:00:00-03:00,2024-12-04 12:05:00-03:00,short,6038.5,6044.5,-6.0,-64.0,stop_gap_open
2024-12-05,2024-12-05 11:10:00-03:00,2024-12-05 11:20:00-03:00,long,5996.5,6003.0,6.5,61.0,take_profit
2024-12-05,2024-12-05 11:25:00-03:00,2024-12-05 11:30:00-03:00,long,6002.5,6009.0,6.5,61.0,take_profit
2024-12-05,2024-12-05 13:50:00-03:00,2024-12-05 14:05:00-03:00,long,6024.0,6030.0,6.0,56.0,take_profit
2024-12-05,2024-12-05 14:10:00-03:00,2024-12-05 14:20:00-03:00,long,6028.5,6023.5,-5.0,-54.0,stop_loss
2024-12-06,2024-12-06 14:00:00-03:00,2024-12-06 14:40:00-03:00,short,6090.0,6095.5,-5.5,-59.0,stop_loss
2024-12-09,2024-12-09 11:55:00-03:00,2024-12-09 12:10:00-03:00,long,6091.0,6084.5,-6.5,-69.0,stop_loss
2024-12-09,2024-12-09 13:00:00-03:00,2024-12-09 13:10:00-03:00,long,6100.5,6094.5,-6.0,-64.0,stop_loss
2024-12-09,2024-12-10 06:00:00-03:00,2024-12-10 06:05:00-03:00,short,6067.0,6034.5,32.5,321.0,target_gap_open
2024-12-10,2024-12-10 14:00:00-03:00,2024-12-10 14:20:00-03:00,short,6058.5,6053.0,5.5,51.0,take_profit
2024-12-11,2024-12-11 13:35:00-03:00,2024-12-11 13:40:00-03:00,short,5976.0,5984.5,-8.5,-89.0,ambiguous_stop_first
2024-12-12,2024-12-12 13:50:00-03:00,2024-12-12 13:55:00-03:00,short,6002.5,6017.0,-14.5,-149.0,stop_gap_open
2024-12-12,2024-12-12 14:05:00-03:00,2024-12-12 14:25:00-03:00,short,6012.0,6024.0,-12.0,-124.0,stop_loss
2024-12-13,2024-12-13 09:55:00-03:00,2024-12-13 10:00:00-03:00,long,6054.0,6065.0,11.0,106.0,take_profit
2024-12-13,2024-12-13 10:05:00-03:00,2024-12-13 10:20:00-03:00,long,6068.0,6079.0,11.0,106.0,take_profit
2024-12-13,2024-12-13 15:00:00-03:00,2024-12-13 15:15:00-03:00,long,6066.0,6058.0,-8.0,-84.0,stop_loss
2024-12-16,2024-12-16 10:40:00-03:00,2024-12-16 11:00:00-03:00,short,6062.0,6071.5,-9.5,-99.0,stop_loss
2024-12-16,2024-12-16 13:50:00-03:00,2024-12-16 14:00:00-03:00,long,6101.5,6108.5,7.0,66.0,take_profit
2024-12-16,2024-12-16 14:05:00-03:00,2024-12-16 14:25:00-03:00,long,6107.0,6114.0,7.0,66.0,take_profit
2024-12-17,2024-12-17 14:45:00-03:00,2024-12-18 06:00:00-03:00,long,6114.5,6105.0,-9.5,-99.0,ambiguous_stop_first
2024-12-18,2024-12-18 09:50:00-03:00,2024-12-18 10:10:00-03:00,long,6187.5,6200.0,12.5,121.0,take_profit
2024-12-18,2024-12-18 12:20:00-03:00,2024-12-18 12:30:00-03:00,long,6214.5,6207.0,-7.5,-79.0,stop_loss
2024-12-18,2024-12-18 12:45:00-03:00,2024-12-18 12:50:00-03:00,long,6219.0,6228.0,9.0,86.0,take_profit
2024-12-19,2024-12-19 12:15:00-03:00,2024-12-19 12:40:00-03:00,short,6126.0,6112.0,14.0,136.0,take_profit
2024-12-19,2024-12-19 12:45:00-03:00,2024-12-19 13:05:00-03:00,short,6117.5,6128.0,-10.5,-109.0,stop_loss
2024-12-19,2024-12-19 14:30:00-03:00,2024-12-19 14:35:00-03:00,long,6139.5,6150.5,11.0,106.0,take_profit
2024-12-19,2024-12-19 14:40:00-03:00,2024-12-19 15:00:00-03:00,long,6144.5,6156.0,11.5,111.0,take_profit
2024-12-19,2024-12-19 15:05:00-03:00,2024-12-20 06:00:00-03:00,long,6159.5,6106.0,-53.5,-539.0,stop_gap_open
2024-12-20,2024-12-20 12:15:00-03:00,2024-12-20 12:20:00-03:00,long,6105.5,6096.0,-9.5,-99.0,stop_loss
2024-12-20,2024-12-20 12:25:00-03:00,2024-12-20 12:40:00-03:00,short,6070.0,6055.5,14.5,141.0,take_profit
2024-12-23,2024-12-23 09:10:00-03:00,2024-12-23 10:10:00-03:00,long,6175.0,6178.5,3.5,31.0,max_hold
2024-12-23,2024-12-23 11:40:00-03:00,2024-12-23 11:50:00-03:00,long,6197.0,6191.0,-6.0,-64.0,stop_loss
2024-12-23,2024-12-23 13:50:00-03:00,2024-12-23 14:05:00-03:00,short,6187.5,6193.5,-6.0,-64.0,stop_loss
2024-12-27,2024-12-27 11:55:00-03:00,2024-12-27 12:00:00-03:00,short,6191.5,6198.0,-6.5,-69.0,stop_gap_open
2024-12-27,2024-12-27 13:20:00-03:00,2024-12-27 14:20:00-03:00,short,6192.5,6191.5,1.0,6.0,max_hold
2024-12-30,2025-01-02 06:00:00-03:00,2025-01-02 06:05:00-03:00,short,6219.5,6210.5,9.0,86.0,target_gap_open
2025-01-02,2025-01-02 09:55:00-03:00,2025-01-02 10:10:00-03:00,short,6221.0,6212.5,8.5,81.0,take_profit
2025-01-02,2025-01-02 14:25:00-03:00,2025-01-02 15:05:00-03:00,short,6182.5,6188.5,-6.0,-64.0,stop_loss
2025-01-03,2025-01-03 11:40:00-03:00,2025-01-03 12:05:00-03:00,long,6213.5,6221.5,8.0,76.0,take_profit
2025-01-03,2025-01-03 15:00:00-03:00,2025-01-03 15:20:00-03:00,long,6216.0,6212.5,-3.5,-39.0,stop_loss
2025-01-06,2025-01-06 11:35:00-03:00,2025-01-06 11:50:00-03:00,long,6148.5,6156.0,7.5,71.0,take_profit
2025-01-08,2025-01-08 11:50:00-03:00,2025-01-08 12:10:00-03:00,short,6145.5,6151.5,-6.0,-64.0,stop_loss
2025-01-09,2025-01-09 11:50:00-03:00,2025-01-09 11:55:00-03:00,long,6105.0,6100.0,-5.0,-54.0,stop_loss
2025-01-09,2025-01-09 12:15:00-03:00,2025-01-09 12:45:00-03:00,short,6083.5,6089.0,-5.5,-59.0,stop_loss
2025-01-10,2025-01-10 10:10:00-03:00,2025-01-10 10:35:00-03:00,long,6143.5,6136.0,-7.5,-79.0,stop_loss
2025-01-10,2025-01-10 12:05:00-03:00,2025-01-10 12:20:00-03:00,short,6123.5,6129.5,-6.0,-64.0,stop_loss
2025-01-10,2025-01-10 13:00:00-03:00,2025-01-10 13:05:00-03:00,short,6118.5,6123.5,-5.0,-54.0,stop_loss
2025-01-10,2025-01-10 15:05:00-03:00,2025-01-10 15:15:00-03:00,long,6134.5,6130.5,-4.0,-44.0,stop_loss
2025-01-14,2025-01-14 12:50:00-03:00,2025-01-14 12:55:00-03:00,short,6066.0,6071.5,-5.5,-59.0,stop_loss
2025-01-14,2025-01-14 13:40:00-03:00,2025-01-14 13:45:00-03:00,short,6060.5,6065.5,-5.0,-54.0,stop_loss
2025-01-14,2025-01-14 15:20:00-03:00,2025-01-15 06:00:00-03:00,long,6079.5,6065.0,-14.5,-149.0,stop_gap_open
2025-01-15,2025-01-15 12:25:00-03:00,2025-01-15 12:35:00-03:00,short,6048.5,6041.0,7.5,71.0,take_profit
2025-01-15,2025-01-15 15:05:00-03:00,2025-01-15 15:10:00-03:00,short,6027.0,6021.5,5.5,51.0,take_profit
2025-01-17,2025-01-17 11:35:00-03:00,2025-01-17 12:05:00-03:00,long,6064.5,6073.0,8.5,81.0,take_profit
2025-01-17,2025-01-17 14:15:00-03:00,2025-01-17 14:20:00-03:00,long,6084.0,6089.0,5.0,46.0,take_profit
2025-01-17,2025-01-17 14:25:00-03:00,2025-01-17 14:30:00-03:00,long,6088.0,6083.5,-4.5,-49.0,stop_loss
2025-01-17,2025-01-17 15:00:00-03:00,2025-01-17 15:05:00-03:00,long,6092.0,6087.0,-5.0,-54.0,stop_loss
2025-01-20,2025-01-20 11:15:00-03:00,2025-01-20 11:20:00-03:00,long,6067.5,6061.5,-6.0,-64.0,stop_gap_open
2025-01-20,2025-01-20 11:25:00-03:00,2025-01-20 11:35:00-03:00,long,6068.0,6061.5,-6.5,-69.0,stop_loss
2025-01-20,2025-01-20 14:35:00-03:00,2025-01-20 14:50:00-03:00,short,6047.0,6041.5,5.5,51.0,take_profit
2025-01-20,2025-01-20 14:55:00-03:00,2025-01-20 15:20:00-03:00,short,6045.0,6039.5,5.5,51.0,take_profit
2025-01-21,2025-01-21 09:15:00-03:00,2025-01-21 09:30:00-03:00,short,6048.5,6039.5,9.0,86.0,take_profit
2025-01-21,2025-01-21 12:35:00-03:00,2025-01-21 12:55:00-03:00,short,6034.0,6039.0,-5.0,-54.0,stop_loss
2025-01-24,2025-01-24 09:15:00-03:00,2025-01-24 09:20:00-03:00,short,5875.5,5884.5,-9.0,-94.0,stop_loss
2025-01-24,2025-01-24 11:50:00-03:00,2025-01-24 12:20:00-03:00,long,5899.5,5907.0,7.5,71.0,take_profit
2025-01-27,2025-01-27 11:25:00-03:00,2025-01-27 11:30:00-03:00,short,5916.0,5922.0,-6.0,-64.0,stop_loss
2025-01-27,2025-01-27 14:15:00-03:00,2025-01-27 14:55:00-03:00,short,5905.5,5910.0,-4.5,-49.0,stop_loss
2025-01-28,2025-01-28 15:20:00-03:00,2025-01-28 15:25:00-03:00,short,5864.5,5860.0,4.5,41.0,take_profit
2025-01-29,2025-01-29 13:45:00-03:00,2025-01-29 13:55:00-03:00,short,5866.0,5872.5,-6.5,-69.0,stop_loss
2025-01-30,2025-01-30 14:40:00-03:00,2025-01-30 14:45:00-03:00,long,5887.0,5879.5,-7.5,-79.0,stop_loss
2025-01-31,2025-01-31 10:10:00-03:00,2025-01-31 10:15:00-03:00,long,5884.5,5875.0,-9.5,-99.0,stop_loss
2025-01-31,2025-01-31 12:20:00-03:00,2025-01-31 12:40:00-03:00,long,5883.5,5874.5,-9.0,-94.0,stop_loss
2025-02-03,2025-02-03 13:05:00-03:00,2025-02-03 14:05:00-03:00,short,5845.0,5837.0,8.0,76.0,take_profit
2025-02-03,2025-02-03 14:10:00-03:00,2025-02-03 14:15:00-03:00,short,5836.5,5830.5,6.0,56.0,take_profit
2025-02-04,2025-02-04 11:50:00-03:00,2025-02-04 11:55:00-03:00,long,5803.0,5796.5,-6.5,-69.0,stop_loss
2025-02-04,2025-02-04 14:15:00-03:00,2025-02-04 14:20:00-03:00,short,5792.5,5797.5,-5.0,-54.0,stop_gap_open
2025-02-04,2025-02-04 14:50:00-03:00,2025-02-04 15:00:00-03:00,short,5788.0,5783.0,5.0,46.0,take_profit
2025-02-04,2025-02-04 15:05:00-03:00,2025-02-04 15:10:00-03:00,short,5787.0,5782.0,5.0,46.0,take_profit
2025-02-06,2025-02-06 11:40:00-03:00,2025-02-06 11:45:00-03:00,short,5780.5,5774.5,6.0,56.0,take_profit
2025-02-07,2025-02-07 12:55:00-03:00,2025-02-07 13:05:00-03:00,long,5823.0,5815.5,-7.5,-79.0,stop_loss
2025-02-10,2025-02-10 13:25:00-03:00,2025-02-10 13:30:00-03:00,long,5808.5,5812.5,4.0,36.0,take_profit
2025-02-10,2025-02-10 13:35:00-03:00,2025-02-10 13:40:00-03:00,long,5811.0,5807.5,-3.5,-39.0,stop_loss
2025-02-11,2025-02-11 11:55:00-03:00,2025-02-11 12:05:00-03:00,long,5787.0,5782.5,-4.5,-49.0,stop_loss
2025-02-11,2025-02-11 12:55:00-03:00,2025-02-11 13:30:00-03:00,long,5788.0,5784.0,-4.0,-44.0,stop_loss
2025-02-12,2025-02-12 15:05:00-03:00,2025-02-12 15:10:00-03:00,long,5782.0,5778.5,-3.5,-39.0,stop_loss
2025-02-12,2025-02-12 15:25:00-03:00,2025-02-13 06:00:00-03:00,long,5784.0,5775.0,-9.0,-94.0,stop_gap_open
2025-02-13,2025-02-13 12:00:00-03:00,2025-02-13 12:05:00-03:00,long,5787.0,5782.0,-5.0,-54.0,stop_gap_open
2025-02-13,2025-02-13 12:10:00-03:00,2025-02-13 12:15:00-03:00,long,5792.5,5799.0,6.5,61.0,take_profit
2025-02-14,2025-02-14 09:10:00-03:00,2025-02-14 09:15:00-03:00,short,5724.5,5731.0,-6.5,-69.0,stop_loss
2025-02-14,2025-02-14 11:20:00-03:00,2025-02-14 11:25:00-03:00,short,5719.5,5726.5,-7.0,-74.0,stop_gap_open
2025-02-14,2025-02-14 13:20:00-03:00,2025-02-14 13:30:00-03:00,short,5719.0,5714.0,5.0,46.0,take_profit
2025-02-14,2025-02-14 13:35:00-03:00,2025-02-14 14:10:00-03:00,short,5711.5,5706.0,5.5,51.0,take_profit
2025-02-17,2025-02-17 14:05:00-03:00,2025-02-17 14:10:00-03:00,long,5725.5,5728.5,3.0,26.0,take_profit
2025-02-17,2025-02-17 14:15:00-03:00,2025-02-17 14:25:00-03:00,long,5728.0,5725.5,-2.5,-29.0,stop_loss
2025-02-18,2025-02-18 14:20:00-03:00,2025-02-18 14:25:00-03:00,short,5690.0,5693.0,-3.0,-34.0,stop_loss
2025-02-19,2025-02-19 13:35:00-03:00,2025-02-19 13:50:00-03:00,long,5730.0,5734.5,4.5,41.0,take_profit
2025-02-19,2025-02-19 13:55:00-03:00,2025-02-19 14:05:00-03:00,long,5733.0,5729.5,-3.5,-39.0,stop_loss
2025-02-20,2025-02-20 11:30:00-03:00,2025-02-20 12:00:00-03:00,short,5700.0,5704.5,-4.5,-49.0,stop_loss
2025-02-20,2025-02-20 13:10:00-03:00,2025-02-20 13:40:00-03:00,long,5715.0,5711.0,-4.0,-44.0,stop_loss
2025-02-21,2025-02-21 12:05:00-03:00,2025-02-21 12:10:00-03:00,long,5716.5,5722.0,5.5,51.0,take_profit
2025-02-24,2025-02-24 10:30:00-03:00,2025-02-24 10:35:00-03:00,long,5745.0,5739.5,-5.5,-59.0,stop_gap_open
2025-02-24,2025-02-24 11:10:00-03:00,2025-02-24 11:25:00-03:00,long,5745.0,5740.0,-5.0,-54.0,stop_loss
2025-02-25,2025-02-25 10:00:00-03:00,2025-02-25 10:20:00-03:00,short,5761.5,5768.0,-6.5,-69.0,stop_loss
2025-02-25,2025-02-25 12:10:00-03:00,2025-02-25 12:30:00-03:00,short,5759.0,5752.5,6.5,61.0,take_profit
2025-02-25,2025-02-25 12:35:00-03:00,2025-02-25 12:40:00-03:00,short,5754.0,5748.0,6.0,56.0,take_profit
2025-02-25,2025-02-25 12:45:00-03:00,2025-02-25 12:55:00-03:00,short,5749.0,5754.0,-5.0,-54.0,stop_loss
2025-02-25,2025-02-25 15:15:00-03:00,2025-02-25 15:20:00-03:00,short,5749.0,5745.0,4.0,36.0,take_profit
2025-02-25,2025-02-25 15:25:00-03:00,2025-02-26 06:00:00-03:00,short,5746.5,5742.0,4.5,41.0,take_profit
2025-02-26,2025-02-26 13:00:00-03:00,2025-02-26 13:15:00-03:00,long,5792.5,5798.5,6.0,56.0,take_profit
2025-02-27,2025-02-27 13:35:00-03:00,2025-02-27 13:40:00-03:00,long,5836.5,5831.5,-5.0,-54.0,stop_loss
2025-02-28,2025-02-28 15:00:00-03:00,2025-02-28 15:05:00-03:00,short,5917.5,5926.5,-9.0,-94.0,stop_gap_open
2025-02-28,2025-02-28 15:20:00-03:00,2025-03-05 10:00:00-03:00,short,5911.0,5871.5,39.5,391.0,target_gap_open
2025-03-05,2025-03-05 12:35:00-03:00,2025-03-05 12:45:00-03:00,short,5812.0,5802.5,9.5,91.0,take_profit
2025-03-05,2025-03-05 15:15:00-03:00,2025-03-05 15:20:00-03:00,short,5770.0,5776.0,-6.0,-64.0,stop_loss
2025-03-06,2025-03-06 12:45:00-03:00,2025-03-06 12:55:00-03:00,short,5783.5,5789.0,-5.5,-59.0,stop_loss
2025-03-07,2025-03-07 13:05:00-03:00,2025-03-07 13:10:00-03:00,long,5826.0,5821.0,-5.0,-54.0,stop_loss
2025-03-11,2025-03-11 09:55:00-03:00,2025-03-11 10:00:00-03:00,short,5845.5,5852.0,-6.5,-69.0,stop_loss
2025-03-11,2025-03-11 11:40:00-03:00,2025-03-11 11:45:00-03:00,long,5865.0,5858.0,-7.0,-74.0,stop_gap_open
2025-03-11,2025-03-11 15:15:00-03:00,2025-03-11 15:25:00-03:00,short,5830.5,5834.0,-3.5,-39.0,stop_loss
2025-03-12,2025-03-12 11:45:00-03:00,2025-03-12 11:50:00-03:00,short,5836.0,5829.5,6.5,61.0,target_gap_open
2025-03-12,2025-03-12 12:00:00-03:00,2025-03-12 12:10:00-03:00,short,5831.5,5825.5,6.0,56.0,take_profit
2025-03-12,2025-03-12 12:15:00-03:00,2025-03-12 12:20:00-03:00,short,5823.5,5817.5,6.0,56.0,target_gap_open
2025-03-13,2025-03-13 13:25:00-03:00,2025-03-13 13:45:00-03:00,short,5821.0,5817.0,4.0,36.0,take_profit
2025-03-17,2025-03-17 12:00:00-03:00,2025-03-17 12:05:00-03:00,long,5712.0,5704.5,-7.5,-79.0,stop_gap_open
2025-03-17,2025-03-17 12:40:00-03:00,2025-03-17 12:45:00-03:00,short,5694.5,5689.0,5.5,51.0,take_profit
2025-03-17,2025-03-17 12:50:00-03:00,2025-03-17 13:35:00-03:00,short,5688.0,5692.5,-4.5,-49.0,stop_loss
2025-03-18,2025-03-18 09:15:00-03:00,2025-03-18 09:20:00-03:00,short,5694.5,5700.5,-6.0,-64.0,stop_loss
2025-03-18,2025-03-18 09:25:00-03:00,2025-03-18 09:50:00-03:00,short,5695.5,5688.0,7.5,71.0,take_profit
2025-03-18,2025-03-18 13:25:00-03:00,2025-03-18 14:25:00-03:00,long,5688.5,5688.0,-0.5,-9.0,max_hold
2025-03-20,2025-03-20 10:15:00-03:00,2025-03-20 10:20:00-03:00,long,5693.5,5688.0,-5.5,-59.0,stop_loss
2025-03-21,2025-03-21 10:05:00-03:00,2025-03-21 10:10:00-03:00,short,5728.5,5733.5,-5.0,-54.0,stop_loss
2025-03-21,2025-03-21 10:40:00-03:00,2025-03-21 10:45:00-03:00,short,5727.5,5722.5,5.0,46.0,take_profit
2025-03-21,2025-03-21 10:50:00-03:00,2025-03-21 11:00:00-03:00,short,5721.5,5716.5,5.0,46.0,take_profit
2025-03-21,2025-03-21 14:10:00-03:00,2025-03-21 14:15:00-03:00,long,5732.5,5736.5,4.0,36.0,take_profit
2025-03-21,2025-03-21 14:20:00-03:00,2025-03-21 14:35:00-03:00,long,5738.0,5742.5,4.5,41.0,take_profit
2025-03-24,2025-03-24 11:30:00-03:00,2025-03-24 11:35:00-03:00,long,5749.5,5754.5,5.0,46.0,take_profit
2025-03-24,2025-03-24 11:40:00-03:00,2025-03-24 12:00:00-03:00,long,5756.5,5761.5,5.0,46.0,take_profit
2025-03-24,2025-03-24 14:10:00-03:00,2025-03-24 14:15:00-03:00,long,5770.5,5766.0,-4.5,-49.0,stop_gap_open
2025-03-24,2025-03-24 14:45:00-03:00,2025-03-24 15:15:00-03:00,long,5773.0,5769.0,-4.0,-44.0,stop_loss
2025-03-25,2025-03-25 11:00:00-03:00,2025-03-25 11:20:00-03:00,long,5705.5,5711.5,6.0,56.0,take_profit
2025-03-25,2025-03-25 13:50:00-03:00,2025-03-25 13:55:00-03:00,long,5710.0,5715.0,5.0,46.0,take_profit
2025-03-25,2025-03-25 14:00:00-03:00,2025-03-25 14:15:00-03:00,long,5714.0,5710.0,-4.0,-44.0,stop_loss
2025-03-26,2025-03-26 09:10:00-03:00,2025-03-26 09:30:00-03:00,long,5740.5,5747.5,7.0,66.0,take_profit
2025-03-26,2025-03-26 12:15:00-03:00,2025-03-26 12:20:00-03:00,short,5736.0,5740.5,-4.5,-49.0,stop_loss
2025-03-26,2025-03-26 13:50:00-03:00,2025-03-26 13:55:00-03:00,short,5732.5,5736.5,-4.0,-44.0,stop_loss
2025-03-27,2025-03-27 12:00:00-03:00,2025-03-27 12:10:00-03:00,long,5753.5,5748.0,-5.5,-59.0,stop_loss
2025-03-27,2025-03-27 15:20:00-03:00,2025-03-28 06:00:00-03:00,short,5744.0,5750.5,-6.5,-69.0,stop_gap_open
2025-03-28,2025-03-28 12:00:00-03:00,2025-03-28 12:05:00-03:00,short,5759.5,5753.5,6.0,56.0,take_profit
2025-03-28,2025-03-28 12:10:00-03:00,2025-03-28 12:15:00-03:00,short,5752.5,5758.0,-5.5,-59.0,stop_loss
2025-03-28,2025-03-28 14:20:00-03:00,2025-03-28 14:25:00-03:00,long,5766.5,5763.0,-3.5,-39.0,stop_loss
2025-04-02,2025-04-02 14:15:00-03:00,2025-04-02 14:20:00-03:00,short,5703.0,5695.0,8.0,76.0,take_profit
2025-04-03,2025-04-03 12:00:00-03:00,2025-04-03 12:05:00-03:00,long,5644.0,5639.0,-5.0,-54.0,stop_loss
2025-04-04,2025-04-04 14:25:00-03:00,2025-04-04 14:45:00-03:00,long,5876.5,5870.0,-6.5,-69.0,stop_loss
2025-04-04,2025-04-07 06:00:00-03:00,2025-04-07 06:05:00-03:00,long,5905.0,5899.0,-6.0,-64.0,stop_loss
2025-04-08,2025-04-08 13:40:00-03:00,2025-04-08 14:00:00-03:00,long,6023.5,6015.5,-8.0,-84.0,stop_loss
2025-04-09,2025-04-09 10:30:00-03:00,2025-04-09 10:35:00-03:00,short,6055.5,6042.5,13.0,126.0,target_gap_open
2025-04-10,2025-04-10 09:35:00-03:00,2025-04-10 10:05:00-03:00,long,5967.0,5956.0,-11.0,-114.0,stop_loss
2025-04-10,2025-04-10 11:35:00-03:00,2025-04-10 11:40:00-03:00,short,5936.5,5925.0,11.5,111.0,take_profit
2025-04-10,2025-04-10 11:45:00-03:00,2025-04-10 12:05:00-03:00,short,5916.0,5926.5,-10.5,-109.0,stop_loss
2025-04-11,2025-04-11 11:40:00-03:00,2025-04-11 12:30:00-03:00,short,5879.0,5890.0,-11.0,-114.0,stop_loss
2025-04-11,2025-04-11 15:20:00-03:00,2025-04-14 06:00:00-03:00,short,5878.5,5859.5,19.0,186.0,target_gap_open
2025-04-14,2025-04-14 09:30:00-03:00,2025-04-14 09:40:00-03:00,long,5874.5,5883.5,9.0,86.0,take_profit
2025-04-14,2025-04-14 15:20:00-03:00,2025-04-14 15:25:00-03:00,long,5871.5,5875.0,3.5,31.0,take_profit
2025-04-14,2025-04-15 06:00:00-03:00,2025-04-15 06:05:00-03:00,long,5870.0,5867.0,-3.0,-34.0,stop_gap_open
2025-04-15,2025-04-15 14:05:00-03:00,2025-04-15 15:05:00-03:00,short,5899.0,5897.0,2.0,16.0,max_hold
2025-04-15,2025-04-15 15:25:00-03:00,2025-04-16 06:00:00-03:00,short,5893.5,5880.0,13.5,131.0,target_gap_open
2025-04-16,2025-04-16 11:50:00-03:00,2025-04-16 11:55:00-03:00,long,5881.5,5888.5,7.0,66.0,take_profit
2025-04-17,2025-04-22 06:00:00-03:00,2025-04-22 06:05:00-03:00,long,5804.0,5800.0,-4.0,-44.0,ambiguous_stop_first
2025-04-23,2025-04-23 11:15:00-03:00,2025-04-23 11:25:00-03:00,long,5720.0,5727.5,7.5,71.0,take_profit
2025-04-23,2025-04-23 13:40:00-03:00,2025-04-23 13:45:00-03:00,long,5732.0,5727.0,-5.0,-54.0,stop_loss
2025-04-24,2025-04-24 14:00:00-03:00,2025-04-24 14:05:00-03:00,long,5699.0,5694.0,-5.0,-54.0,stop_gap_open
2025-04-28,2025-04-28 11:35:00-03:00,2025-04-28 12:15:00-03:00,short,5669.0,5662.0,7.0,66.0,take_profit
2025-04-29,2025-04-29 14:40:00-03:00,2025-04-29 14:45:00-03:00,short,5629.5,5625.5,4.0,36.0,target_gap_open
2025-04-29,2025-04-29 14:50:00-03:00,2025-04-29 15:00:00-03:00,short,5623.5,5620.0,3.5,31.0,take_profit
2025-05-02,2025-05-02 09:30:00-03:00,2025-05-02 09:50:00-03:00,long,5686.5,5693.5,7.0,66.0,take_profit
2025-05-02,2025-05-02 15:05:00-03:00,2025-05-02 15:20:00-03:00,long,5696.0,5693.0,-3.0,-34.0,stop_loss
2025-05-05,2025-05-05 15:15:00-03:00,2025-05-05 15:20:00-03:00,long,5728.5,5731.5,3.0,26.0,target_gap_open
2025-05-05,2025-05-05 15:25:00-03:00,2025-05-06 06:00:00-03:00,long,5732.0,5729.0,-3.0,-34.0,ambiguous_stop_first
2025-05-06,2025-05-06 14:00:00-03:00,2025-05-06 14:25:00-03:00,long,5744.5,5748.5,4.0,36.0,take_profit
2025-05-06,2025-05-06 14:30:00-03:00,2025-05-06 14:40:00-03:00,long,5752.5,5749.0,-3.5,-39.0,stop_loss
2025-05-07,2025-05-07 13:05:00-03:00,2025-05-07 13:10:00-03:00,long,5783.5,5790.0,6.5,61.0,take_profit
2025-05-07,2025-05-07 13:15:00-03:00,2025-05-07 13:20:00-03:00,long,5788.5,5795.5,7.0,66.0,take_profit
2025-05-08,2025-05-08 13:25:00-03:00,2025-05-08 13:30:00-03:00,short,5702.5,5698.5,4.0,36.0,target_gap_open
2025-05-08,2025-05-08 13:35:00-03:00,2025-05-08 13:50:00-03:00,short,5701.0,5696.5,4.5,41.0,take_profit
2025-05-08,2025-05-08 13:55:00-03:00,2025-05-08 14:10:00-03:00,short,5695.0,5698.5,-3.5,-39.0,stop_loss
2025-05-09,2025-05-09 11:40:00-03:00,2025-05-09 12:10:00-03:00,long,5683.0,5679.0,-4.0,-44.0,stop_loss
2025-05-09,2025-05-09 15:25:00-03:00,2025-05-12 06:00:00-03:00,short,5676.5,5700.0,-23.5,-239.0,stop_gap_open
2025-05-12,2025-05-12 11:05:00-03:00,2025-05-12 11:30:00-03:00,long,5719.0,5724.5,5.5,51.0,take_profit
2025-05-12,2025-05-12 11:35:00-03:00,2025-05-12 12:10:00-03:00,long,5726.0,5731.0,5.0,46.0,take_profit
2025-05-12,2025-05-12 15:25:00-03:00,2025-05-13 06:00:00-03:00,short,5696.5,5686.5,10.0,96.0,target_gap_open
2025-05-13,2025-05-13 12:20:00-03:00,2025-05-13 12:50:00-03:00,short,5624.5,5619.0,5.5,51.0,take_profit
2025-05-14,2025-05-14 11:25:00-03:00,2025-05-14 11:30:00-03:00,long,5643.5,5639.0,-4.5,-49.0,stop_loss
2025-05-14,2025-05-14 11:35:00-03:00,2025-05-14 11:40:00-03:00,long,5642.5,5637.5,-5.0,-54.0,stop_loss
2025-05-14,2025-05-14 12:10:00-03:00,2025-05-14 12:15:00-03:00,long,5648.5,5654.5,6.0,56.0,take_profit
2025-05-15,2025-05-15 11:30:00-03:00,2025-05-15 11:35:00-03:00,long,5682.0,5676.0,-6.0,-64.0,stop_loss
2025-05-16,2025-05-16 12:25:00-03:00,2025-05-16 12:45:00-03:00,short,5688.0,5683.5,4.5,41.0,take_profit
2025-05-16,2025-05-16 12:50:00-03:00,2025-05-16 12:55:00-03:00,short,5681.5,5689.5,-8.0,-84.0,stop_gap_open
2025-05-19,2025-05-19 13:35:00-03:00,2025-05-19 14:00:00-03:00,long,5671.0,5667.5,-3.5,-39.0,stop_loss
2025-05-20,2025-05-20 10:15:00-03:00,2025-05-20 10:20:00-03:00,long,5688.5,5683.0,-5.5,-59.0,stop_loss
2025-05-20,2025-05-20 12:20:00-03:00,2025-05-20 12:30:00-03:00,long,5689.5,5694.0,4.5,41.0,take_profit
2025-05-20,2025-05-20 12:35:00-03:00,2025-05-20 12:45:00-03:00,long,5693.0,5697.5,4.5,41.0,take_profit
2025-05-23,2025-05-23 11:30:00-03:00,2025-05-23 12:00:00-03:00,short,5674.5,5680.0,-5.5,-59.0,stop_loss
2025-05-23,2025-05-23 12:55:00-03:00,2025-05-23 13:05:00-03:00,short,5662.0,5656.5,5.5,51.0,take_profit
2025-05-23,2025-05-23 15:25:00-03:00,2025-05-26 06:00:00-03:00,long,5662.5,5650.0,-12.5,-129.0,stop_gap_open
2025-05-26,2025-05-26 12:10:00-03:00,2025-05-26 12:40:00-03:00,long,5682.5,5678.5,-4.0,-44.0,stop_loss
2025-05-26,2025-05-26 14:40:00-03:00,2025-05-26 14:55:00-03:00,short,5674.0,5676.5,-2.5,-29.0,stop_loss
2025-05-26,2025-05-27 06:00:00-03:00,2025-05-27 06:05:00-03:00,short,5665.0,5667.5,-2.5,-29.0,stop_loss
2025-05-27,2025-05-27 14:35:00-03:00,2025-05-27 14:40:00-03:00,short,5644.0,5640.5,3.5,31.0,target_gap_open
2025-05-29,2025-05-29 11:10:00-03:00,2025-05-29 11:15:00-03:00,long,5660.0,5653.5,-6.5,-69.0,stop_gap_open
2025-05-29,2025-05-29 11:30:00-03:00,2025-05-29 11:35:00-03:00,long,5660.0,5656.0,-4.0,-44.0,stop_loss
2025-05-29,2025-05-29 11:55:00-03:00,2025-05-29 12:05:00-03:00,long,5662.0,5658.0,-4.0,-44.0,stop_loss
2025-05-29,2025-05-29 13:25:00-03:00,2025-05-29 13:45:00-03:00,long,5663.5,5667.5,4.0,36.0,take_profit
2025-05-29,2025-05-29 13:50:00-03:00,2025-05-29 14:05:00-03:00,long,5670.5,5675.0,4.5,41.0,take_profit
2025-05-30,2025-05-30 13:05:00-03:00,2025-05-30 13:40:00-03:00,long,5754.5,5760.5,6.0,56.0,take_profit
2025-05-30,2025-05-30 13:45:00-03:00,2025-05-30 13:50:00-03:00,long,5760.5,5756.0,-4.5,-49.0,stop_loss
2025-05-30,2025-05-30 15:05:00-03:00,2025-05-30 15:20:00-03:00,long,5765.5,5762.0,-3.5,-39.0,stop_loss
2025-06-02,2025-06-02 12:20:00-03:00,2025-06-02 12:25:00-03:00,short,5728.5,5723.0,5.5,51.0,take_profit
2025-06-02,2025-06-02 12:30:00-03:00,2025-06-02 12:55:00-03:00,short,5722.0,5716.5,5.5,51.0,take_profit
2025-06-03,2025-06-03 11:15:00-03:00,2025-06-03 11:40:00-03:00,short,5672.5,5667.0,5.5,51.0,take_profit
2025-06-03,2025-06-03 11:45:00-03:00,2025-06-03 12:10:00-03:00,short,5668.5,5663.0,5.5,51.0,take_profit
2025-06-04,2025-06-04 14:20:00-03:00,2025-06-04 14:30:00-03:00,short,5667.0,5670.0,-3.0,-34.0,stop_loss
2025-06-05,2025-06-05 10:45:00-03:00,2025-06-05 10:55:00-03:00,short,5613.0,5618.5,-5.5,-59.0,stop_loss
2025-06-09,2025-06-09 12:05:00-03:00,2025-06-09 12:20:00-03:00,short,5595.0,5590.0,5.0,46.0,take_profit
2025-06-09,2025-06-09 12:25:00-03:00,2025-06-09 12:35:00-03:00,short,5589.5,5584.5,5.0,46.0,take_profit
2025-06-10,2025-06-10 12:35:00-03:00,2025-06-10 12:40:00-03:00,long,5595.5,5591.5,-4.0,-44.0,stop_loss
2025-06-10,2025-06-10 13:00:00-03:00,2025-06-10 13:10:00-03:00,long,5597.5,5593.5,-4.0,-44.0,stop_loss
2025-06-11,2025-06-11 12:05:00-03:00,2025-06-11 12:10:00-03:00,long,5556.0,5560.5,4.5,41.0,take_profit
2025-06-11,2025-06-11 12:15:00-03:00,2025-06-11 12:20:00-03:00,long,5560.5,5566.5,6.0,56.0,target_gap_open
2025-06-11,2025-06-11 14:50:00-03:00,2025-06-11 15:05:00-03:00,short,5555.5,5558.5,-3.0,-34.0,stop_loss
2025-06-12,2025-06-12 14:10:00-03:00,2025-06-12 14:35:00-03:00,short,5556.0,5559.0,-3.0,-34.0,stop_loss
2025-06-13,2025-06-13 12:35:00-03:00,2025-06-13 12:40:00-03:00,short,5556.0,5563.0,-7.0,-74.0,stop_gap_open
2025-06-13,2025-06-13 13:00:00-03:00,2025-06-13 13:20:00-03:00,short,5552.5,5557.5,-5.0,-54.0,stop_loss
2025-06-13,2025-06-13 15:25:00-03:00,2025-06-16 06:00:00-03:00,long,5568.0,5543.0,-25.0,-254.0,stop_gap_open
2025-06-16,2025-06-16 11:30:00-03:00,2025-06-16 11:40:00-03:00,short,5518.0,5522.0,-4.0,-44.0,stop_loss
2025-06-16,2025-06-17 06:00:00-03:00,2025-06-17 06:05:00-03:00,short,5508.0,5504.0,4.0,36.0,take_profit
2025-06-17,2025-06-17 15:25:00-03:00,2025-06-18 06:00:00-03:00,short,5508.0,5504.5,3.5,31.0,take_profit
2025-06-18,2025-06-18 09:35:00-03:00,2025-06-18 10:25:00-03:00,long,5506.0,5512.0,6.0,56.0,take_profit
2025-06-18,2025-06-18 14:35:00-03:00,2025-06-18 15:15:00-03:00,short,5505.5,5501.0,4.5,41.0,take_profit
2025-06-23,2025-06-23 14:10:00-03:00,2025-06-23 15:10:00-03:00,short,5504.5,5504.5,-0.0,-4.0,max_hold
2025-06-24,2025-06-24 12:35:00-03:00,2025-06-24 12:50:00-03:00,long,5518.5,5523.5,5.0,46.0,take_profit
2025-06-25,2025-06-25 13:15:00-03:00,2025-06-25 13:35:00-03:00,long,5562.5,5558.0,-4.5,-49.0,stop_loss
2025-06-26,2025-06-26 13:20:00-03:00,2025-06-26 13:30:00-03:00,long,5507.0,5503.5,-3.5,-39.0,stop_loss
2025-06-26,2025-06-26 14:45:00-03:00,2025-06-26 15:00:00-03:00,short,5493.5,5489.5,4.0,36.0,take_profit
2025-06-27,2025-06-27 11:45:00-03:00,2025-06-27 12:20:00-03:00,long,5488.0,5494.5,6.5,61.0,take_profit
2025-06-27,2025-06-27 14:25:00-03:00,2025-06-27 14:40:00-03:00,short,5483.5,5487.5,-4.0,-44.0,stop_loss
2025-06-27,2025-06-27 15:15:00-03:00,2025-06-30 06:00:00-03:00,short,5481.5,5525.5,-44.0,-444.0,stop_gap_open
2025-06-30,2025-06-30 12:20:00-03:00,2025-06-30 12:25:00-03:00,short,5468.0,5472.5,-4.5,-49.0,stop_loss
2025-07-01,2025-07-01 13:45:00-03:00,2025-07-01 13:50:00-03:00,short,5495.0,5498.5,-3.5,-39.0,stop_loss
2025-07-02,2025-07-02 12:15:00-03:00,2025-07-02 12:50:00-03:00,short,5462.0,5457.0,5.0,46.0,take_profit
2025-07-02,2025-07-02 12:55:00-03:00,2025-07-02 13:20:00-03:00,short,5459.0,5462.5,-3.5,-39.0,stop_loss
2025-07-02,2025-07-02 13:50:00-03:00,2025-07-02 14:05:00-03:00,short,5456.0,5459.0,-3.0,-34.0,stop_loss
2025-07-03,2025-07-03 12:55:00-03:00,2025-07-03 13:45:00-03:00,short,5448.0,5444.0,4.0,36.0,take_profit
2025-07-04,2025-07-04 11:10:00-03:00,2025-07-04 11:15:00-03:00,long,5449.0,5452.0,3.0,26.0,take_profit
2025-07-04,2025-07-04 11:20:00-03:00,2025-07-04 11:25:00-03:00,long,5450.5,5453.5,3.0,26.0,take_profit
2025-07-04,2025-07-04 11:30:00-03:00,2025-07-04 11:35:00-03:00,long,5452.5,5455.5,3.0,26.0,take_profit
2025-07-04,2025-07-04 14:40:00-03:00,2025-07-04 14:45:00-03:00,short,5452.5,5455.0,-2.5,-29.0,stop_gap_open
2025-07-04,2025-07-04 15:25:00-03:00,2025-07-07 06:00:00-03:00,short,5453.5,5474.0,-20.5,-209.0,stop_gap_open
2025-07-07,2025-07-07 14:45:00-03:00,2025-07-07 14:55:00-03:00,long,5519.0,5522.0,3.0,26.0,take_profit
2025-07-07,2025-07-07 15:00:00-03:00,2025-07-07 15:05:00-03:00,long,5521.5,5525.0,3.5,31.0,take_profit
2025-07-07,2025-07-07 15:10:00-03:00,2025-07-07 15:20:00-03:00,long,5524.5,5521.5,-3.0,-34.0,stop_loss
2025-07-08,2025-07-08 10:10:00-03:00,2025-07-08 10:15:00-03:00,long,5497.0,5492.5,-4.5,-49.0,stop_loss
2025-07-08,2025-07-08 10:35:00-03:00,2025-07-08 10:40:00-03:00,long,5498.0,5503.5,5.5,51.0,take_profit
2025-07-08,2025-07-08 15:20:00-03:00,2025-07-08 15:25:00-03:00,long,5481.5,5484.5,3.0,26.0,take_profit
2025-07-08,2025-07-09 06:00:00-03:00,2025-07-09 06:05:00-03:00,long,5488.0,5491.5,3.5,31.0,take_profit
2025-07-09,2025-07-09 10:25:00-03:00,2025-07-09 11:05:00-03:00,short,5483.5,5479.0,4.5,41.0,take_profit
2025-07-10,2025-07-10 11:45:00-03:00,2025-07-10 11:55:00-03:00,long,5592.0,5584.0,-8.0,-84.0,stop_loss
2025-07-11,2025-07-11 14:25:00-03:00,2025-07-11 14:35:00-03:00,long,5581.5,5585.5,4.0,36.0,take_profit
2025-07-11,2025-07-11 14:40:00-03:00,2025-07-11 14:45:00-03:00,long,5586.5,5583.0,-3.5,-39.0,stop_loss
2025-07-14,2025-07-14 12:15:00-03:00,2025-07-14 12:20:00-03:00,long,5602.5,5607.0,4.5,41.0,take_profit
2025-07-14,2025-07-14 12:25:00-03:00,2025-07-14 12:30:00-03:00,long,5606.0,5612.5,6.5,61.0,target_gap_open
2025-07-14,2025-07-14 12:35:00-03:00,2025-07-14 13:00:00-03:00,long,5610.0,5606.0,-4.0,-44.0,stop_loss
2025-07-14,2025-07-14 15:15:00-03:00,2025-07-14 15:20:00-03:00,long,5619.0,5615.5,-3.5,-39.0,stop_loss
2025-07-15,2025-07-15 10:10:00-03:00,2025-07-15 10:15:00-03:00,long,5597.5,5605.5,8.0,76.0,take_profit
2025-07-15,2025-07-15 15:15:00-03:00,2025-07-15 15:20:00-03:00,short,5575.0,5578.5,-3.5,-39.0,stop_loss
2025-07-15,2025-07-16 06:00:00-03:00,2025-07-16 06:05:00-03:00,short,5585.0,5589.0,-4.0,-44.0,ambiguous_stop_first
2025-07-16,2025-07-16 11:10:00-03:00,2025-07-16 11:25:00-03:00,short,5573.0,5564.5,8.5,81.0,take_profit
2025-07-17,2025-07-17 12:00:00-03:00,2025-07-17 12:10:00-03:00,short,5574.0,5568.5,5.5,51.0,take_profit
2025-07-17,2025-07-17 12:15:00-03:00,2025-07-17 12:25:00-03:00,short,5566.5,5561.0,5.5,51.0,take_profit
2025-07-17,2025-07-17 14:45:00-03:00,2025-07-17 14:50:00-03:00,short,5557.0,5560.5,-3.5,-39.0,stop_loss
2025-07-18,2025-07-18 12:35:00-03:00,2025-07-18 12:40:00-03:00,long,5599.0,5604.5,5.5,51.0,target_gap_open
2025-07-18,2025-07-18 12:45:00-03:00,2025-07-18 13:10:00-03:00,long,5609.5,5605.0,-4.5,-49.0,stop_loss
2025-07-18,2025-07-18 15:25:00-03:00,2025-07-21 06:00:00-03:00,short,5591.0,5610.0,-19.0,-194.0,stop_gap_open
2025-07-21,2025-07-21 11:15:00-03:00,2025-07-21 11:35:00-03:00,long,5578.0,5583.0,5.0,46.0,take_profit
2025-07-21,2025-07-21 11:40:00-03:00,2025-07-21 11:45:00-03:00,long,5582.0,5578.0,-4.0,-44.0,stop_loss
2025-07-22,2025-07-22 13:35:00-03:00,2025-07-22 13:40:00-03:00,long,5585.0,5581.0,-4.0,-44.0,stop_gap_open
2025-07-22,2025-07-22 14:15:00-03:00,2025-07-22 14:55:00-03:00,short,5574.5,5578.0,-3.5,-39.0,stop_loss
2025-07-23,2025-07-23 15:15:00-03:00,2025-07-24 06:00:00-03:00,short,5522.5,5534.5,-12.0,-124.0,stop_gap_open
2025-07-24,2025-07-24 12:00:00-03:00,2025-07-24 12:05:00-03:00,long,5539.5,5535.0,-4.5,-49.0,stop_loss
2025-07-24,2025-07-24 13:05:00-03:00,2025-07-24 13:40:00-03:00,short,5527.0,5522.5,4.5,41.0,take_profit
2025-07-25,2025-07-25 12:55:00-03:00,2025-07-25 13:10:00-03:00,long,5575.5,5572.0,-3.5,-39.0,stop_loss
2025-07-25,2025-07-25 14:10:00-03:00,2025-07-25 14:15:00-03:00,short,5568.0,5572.0,-4.0,-44.0,stop_gap_open
2025-07-28,2025-07-28 14:20:00-03:00,2025-07-28 14:25:00-03:00,short,5592.0,5595.0,-3.0,-34.0,stop_loss
2025-07-29,2025-07-29 15:10:00-03:00,2025-07-30 06:00:00-03:00,long,5582.0,5585.5,3.5,31.0,take_profit
2025-07-31,2025-07-31 11:25:00-03:00,2025-07-31 11:30:00-03:00,long,5642.0,5647.5,5.5,51.0,take_profit
2025-07-31,2025-07-31 11:35:00-03:00,2025-07-31 11:45:00-03:00,long,5645.0,5640.5,-4.5,-49.0,stop_loss
2025-07-31,2025-07-31 12:10:00-03:00,2025-07-31 12:15:00-03:00,long,5659.5,5654.5,-5.0,-54.0,stop_loss
2025-07-31,2025-07-31 15:10:00-03:00,2025-08-01 06:00:00-03:00,long,5650.0,5662.0,12.0,116.0,target_gap_open
2025-08-01,2025-08-01 14:35:00-03:00,2025-08-01 14:50:00-03:00,short,5579.0,5584.0,-5.0,-54.0,stop_loss
2025-08-04,2025-08-04 10:00:00-03:00,2025-08-04 10:15:00-03:00,long,5554.5,5560.5,6.0,56.0,take_profit
2025-08-04,2025-08-04 12:30:00-03:00,2025-08-04 13:30:00-03:00,short,5550.0,5545.5,4.5,41.0,take_profit
2025-08-05,2025-08-05 10:40:00-03:00,2025-08-05 10:45:00-03:00,short,5539.0,5544.5,-5.5,-59.0,stop_gap_open
2025-08-05,2025-08-05 15:00:00-03:00,2025-08-05 15:10:00-03:00,long,5544.5,5542.0,-2.5,-29.0,stop_loss
2025-08-06,2025-08-06 15:10:00-03:00,2025-08-07 06:00:00-03:00,short,5495.0,5498.0,-3.0,-34.0,stop_gap_open
2025-08-08,2025-08-08 11:55:00-03:00,2025-08-08 12:10:00-03:00,long,5456.0,5453.0,-3.0,-34.0,stop_loss
2025-08-08,2025-08-08 12:35:00-03:00,2025-08-08 12:45:00-03:00,long,5462.5,5468.5,6.0,56.0,take_profit
2025-08-11,2025-08-11 13:10:00-03:00,2025-08-11 13:15:00-03:00,short,5467.0,5470.5,-3.5,-39.0,stop_loss
2025-08-12,2025-08-12 12:15:00-03:00,2025-08-12 12:20:00-03:00,short,5413.5,5417.5,-4.0,-44.0,stop_loss
2025-08-12,2025-08-12 15:15:00-03:00,2025-08-12 15:20:00-03:00,long,5420.0,5423.5,3.5,31.0,take_profit
2025-08-12,2025-08-12 15:25:00-03:00,2025-08-13 06:00:00-03:00,long,5424.5,5413.0,-11.5,-119.0,stop_gap_open
2025-08-13,2025-08-13 09:45:00-03:00,2025-08-13 09:55:00-03:00,long,5425.0,5430.5,5.5,51.0,take_profit
2025-08-13,2025-08-13 13:00:00-03:00,2025-08-13 13:10:00-03:00,long,5429.0,5426.0,-3.0,-34.0,stop_loss
2025-08-13,2025-08-13 15:20:00-03:00,2025-08-13 15:25:00-03:00,short,5415.5,5418.0,-2.5,-29.0,stop_loss
2025-08-14,2025-08-14 15:25:00-03:00,2025-08-15 06:00:00-03:00,short,5434.0,5428.0,6.0,56.0,target_gap_open
2025-08-15,2025-08-15 09:15:00-03:00,2025-08-15 09:20:00-03:00,long,5419.0,5415.5,-3.5,-39.0,stop_loss
2025-08-15,2025-08-15 10:50:00-03:00,2025-08-15 11:00:00-03:00,long,5422.5,5426.0,3.5,31.0,take_profit
2025-08-15,2025-08-15 14:15:00-03:00,2025-08-15 14:20:00-03:00,short,5416.0,5418.5,-2.5,-29.0,stop_loss
2025-08-15,2025-08-15 14:55:00-03:00,2025-08-15 15:00:00-03:00,long,5423.5,5421.0,-2.5,-29.0,stop_loss
2025-08-15,2025-08-18 06:00:00-03:00,2025-08-18 06:05:00-03:00,short,5422.0,5432.0,-10.0,-104.0,stop_gap_open
2025-08-18,2025-08-18 15:15:00-03:00,2025-08-18 15:20:00-03:00,long,5458.5,5455.5,-3.0,-34.0,stop_gap_open
2025-08-20,2025-08-20 11:05:00-03:00,2025-08-20 11:10:00-03:00,short,5479.5,5497.5,-18.0,-184.0,stop_gap_open
2025-08-20,2025-08-20 11:15:00-03:00,2025-08-20 11:20:00-03:00,long,5493.5,5488.5,-5.0,-54.0,stop_loss
2025-08-20,2025-08-20 14:15:00-03:00,2025-08-20 14:20:00-03:00,long,5493.0,5496.5,3.5,31.0,take_profit
2025-08-20,2025-08-20 14:25:00-03:00,2025-08-20 14:35:00-03:00,long,5498.5,5495.0,-3.5,-39.0,stop_loss
2025-08-21,2025-08-21 11:05:00-03:00,2025-08-21 11:10:00-03:00,short,5487.0,5492.0,-5.0,-54.0,stop_loss
2025-08-21,2025-08-21 15:10:00-03:00,2025-08-21 15:15:00-03:00,short,5487.0,5489.5,-2.5,-29.0,stop_loss
2025-08-21,2025-08-22 06:00:00-03:00,2025-08-22 06:05:00-03:00,short,5486.5,5480.0,6.5,61.0,target_gap_open
2025-08-22,2025-08-22 12:15:00-03:00,2025-08-22 12:35:00-03:00,short,5430.5,5434.0,-3.5,-39.0,stop_loss
2025-08-22,2025-08-22 13:05:00-03:00,2025-08-22 13:10:00-03:00,long,5438.5,5435.5,-3.0,-34.0,stop_loss
2025-08-25,2025-08-25 11:30:00-03:00,2025-08-25 11:50:00-03:00,long,5419.5,5416.5,-3.0,-34.0,stop_loss
2025-08-25,2025-08-25 13:00:00-03:00,2025-08-25 13:05:00-03:00,long,5421.5,5424.5,3.0,26.0,take_profit
2025-08-28,2025-08-28 10:40:00-03:00,2025-08-28 11:05:00-03:00,short,5406.0,5402.0,4.0,36.0,take_profit
2025-08-28,2025-08-28 14:50:00-03:00,2025-08-28 14:55:00-03:00,long,5411.5,5414.5,3.0,26.0,take_profit
2025-08-28,2025-08-28 15:00:00-03:00,2025-08-28 15:20:00-03:00,long,5416.0,5413.0,-3.0,-34.0,stop_loss
2025-08-29,2025-08-29 12:45:00-03:00,2025-08-29 12:55:00-03:00,short,5464.5,5461.0,3.5,31.0,take_profit
2025-08-29,2025-08-29 13:00:00-03:00,2025-08-29 13:15:00-03:00,short,5463.5,5460.0,3.5,31.0,take_profit
2025-08-29,2025-08-29 13:20:00-03:00,2025-08-29 13:35:00-03:00,short,5460.0,5463.0,-3.0,-34.0,stop_loss
2025-09-01,2025-09-01 12:35:00-03:00,2025-09-01 12:55:00-03:00,short,5483.0,5485.0,-2.0,-24.0,stop_loss
2025-09-01,2025-09-01 13:55:00-03:00,2025-09-01 14:00:00-03:00,short,5480.5,5478.0,2.5,21.0,take_profit
2025-09-01,2025-09-01 14:05:00-03:00,2025-09-01 14:15:00-03:00,short,5479.0,5481.0,-2.0,-24.0,stop_loss
2025-09-03,2025-09-03 14:45:00-03:00,2025-09-03 15:25:00-03:00,short,5486.5,5483.5,3.0,26.0,take_profit
2025-09-05,2025-09-05 12:05:00-03:00,2025-09-05 12:10:00-03:00,long,5439.5,5436.0,-3.5,-39.0,stop_loss
2025-09-05,2025-09-05 12:45:00-03:00,2025-09-05 12:55:00-03:00,long,5440.5,5444.5,4.0,36.0,take_profit
2025-09-05,2025-09-05 13:00:00-03:00,2025-09-05 13:15:00-03:00,long,5442.5,5446.5,4.0,36.0,take_profit
2025-09-08,2025-09-08 12:20:00-03:00,2025-09-08 12:45:00-03:00,short,5454.0,5450.5,3.5,31.0,take_profit
2025-09-09,2025-09-09 10:20:00-03:00,2025-09-09 10:25:00-03:00,long,5459.5,5465.0,5.5,51.0,target_gap_open
2025-09-09,2025-09-09 14:15:00-03:00,2025-09-09 14:25:00-03:00,long,5466.0,5468.5,2.5,21.0,take_profit
2025-09-09,2025-09-09 14:30:00-03:00,2025-09-09 14:35:00-03:00,long,5469.0,5466.0,-3.0,-34.0,stop_gap_open
2025-09-10,2025-09-10 13:30:00-03:00,2025-09-10 14:05:00-03:00,long,5432.5,5435.0,2.5,21.0,take_profit
2025-09-10,2025-09-10 15:20:00-03:00,2025-09-10 15:25:00-03:00,short,5429.5,5427.0,2.5,21.0,take_profit
2025-09-10,2025-09-11 06:00:00-03:00,2025-09-11 06:05:00-03:00,short,5435.0,5437.0,-2.0,-24.0,stop_loss
2025-09-11,2025-09-11 12:15:00-03:00,2025-09-11 12:30:00-03:00,long,5411.5,5415.5,4.0,36.0,take_profit
2025-09-12,2025-09-12 11:50:00-03:00,2025-09-12 11:55:00-03:00,short,5367.5,5371.0,-3.5,-39.0,stop_loss
2025-09-12,2025-09-12 15:15:00-03:00,2025-09-12 15:20:00-03:00,short,5370.5,5367.5,3.0,26.0,target_gap_open
2025-09-12,2025-09-12 15:25:00-03:00,2025-09-15 06:00:00-03:00,short,5365.5,5369.5,-4.0,-44.0,stop_gap_open
2025-09-15,2025-09-15 14:00:00-03:00,2025-09-15 14:10:00-03:00,long,5341.0,5339.0,-2.0,-24.0,stop_loss
2025-09-15,2025-09-15 14:35:00-03:00,2025-09-15 14:50:00-03:00,long,5341.5,5339.5,-2.0,-24.0,stop_loss
2025-09-17,2025-09-17 09:25:00-03:00,2025-09-17 09:40:00-03:00,long,5321.5,5325.5,4.0,36.0,take_profit
2025-09-17,2025-09-17 11:55:00-03:00,2025-09-17 12:00:00-03:00,short,5318.0,5314.5,3.5,31.0,take_profit
2025-09-18,2025-09-18 13:10:00-03:00,2025-09-18 13:25:00-03:00,long,5320.5,5324.0,3.5,31.0,take_profit
2025-09-19,2025-09-19 13:05:00-03:00,2025-09-19 13:20:00-03:00,short,5330.5,5333.0,-2.5,-29.0,stop_loss
2025-09-19,2025-09-19 15:05:00-03:00,2025-09-19 15:15:00-03:00,long,5339.0,5341.5,2.5,21.0,take_profit
2025-09-22,2025-09-22 15:15:00-03:00,2025-09-22 15:25:00-03:00,short,5344.5,5346.5,-2.0,-24.0,stop_loss
2025-09-23,2025-09-23 14:00:00-03:00,2025-09-23 14:15:00-03:00,short,5286.0,5289.0,-3.0,-34.0,stop_loss
2025-09-23,2025-09-23 15:15:00-03:00,2025-09-24 06:00:00-03:00,short,5286.0,5302.0,-16.0,-164.0,stop_gap_open
2025-09-24,2025-09-24 11:40:00-03:00,2025-09-24 11:45:00-03:00,long,5332.0,5329.0,-3.0,-34.0,stop_loss
2025-09-24,2025-09-24 11:50:00-03:00,2025-09-24 12:00:00-03:00,long,5329.5,5333.0,3.5,31.0,take_profit
2025-09-24,2025-09-24 14:45:00-03:00,2025-09-24 14:50:00-03:00,long,5337.0,5339.5,2.5,21.0,take_profit
2025-09-24,2025-09-24 14:55:00-03:00,2025-09-24 15:00:00-03:00,long,5338.5,5336.0,-2.5,-29.0,ambiguous_stop_first
2025-09-24,2025-09-24 15:10:00-03:00,2025-09-24 15:25:00-03:00,short,5313.0,5308.0,5.0,46.0,take_profit
2025-09-25,2025-09-25 11:25:00-03:00,2025-09-25 11:30:00-03:00,long,5359.5,5364.0,4.5,41.0,take_profit
2025-09-25,2025-09-25 11:35:00-03:00,2025-09-25 11:40:00-03:00,long,5365.0,5361.0,-4.0,-44.0,stop_loss
2025-09-26,2025-09-26 14:00:00-03:00,2025-09-26 14:15:00-03:00,short,5340.0,5342.0,-2.0,-24.0,stop_loss
2025-09-26,2025-09-26 14:40:00-03:00,2025-09-26 14:45:00-03:00,long,5344.0,5348.0,4.0,36.0,target_gap_open
2025-09-26,2025-09-26 14:50:00-03:00,2025-09-26 14:55:00-03:00,long,5346.5,5344.5,-2.0,-24.0,stop_loss
2025-09-29,2025-09-29 14:05:00-03:00,2025-09-29 14:20:00-03:00,long,5324.0,5322.0,-2.0,-24.0,stop_loss
2025-09-30,2025-09-30 14:30:00-03:00,2025-09-30 14:35:00-03:00,short,5359.0,5361.5,-2.5,-29.0,stop_gap_open
2025-10-01,2025-10-01 12:20:00-03:00,2025-10-01 12:25:00-03:00,short,5368.5,5364.0,4.5,41.0,target_gap_open
2025-10-01,2025-10-01 12:30:00-03:00,2025-10-01 12:35:00-03:00,short,5364.5,5361.0,3.5,31.0,target_gap_open
2025-10-02,2025-10-02 13:05:00-03:00,2025-10-02 13:20:00-03:00,short,5376.5,5379.5,-3.0,-34.0,stop_loss
2025-10-03,2025-10-03 10:25:00-03:00,2025-10-03 10:35:00-03:00,short,5380.0,5374.5,5.5,51.0,take_profit
2025-10-03,2025-10-03 13:05:00-03:00,2025-10-03 13:55:00-03:00,short,5368.5,5371.5,-3.0,-34.0,stop_loss
2025-10-06,2025-10-06 12:40:00-03:00,2025-10-06 13:40:00-03:00,short,5345.5,5344.5,1.0,6.0,max_hold
2025-10-06,2025-10-06 15:00:00-03:00,2025-10-06 15:10:00-03:00,long,5348.0,5345.5,-2.5,-29.0,stop_loss
2025-10-07,2025-10-07 14:10:00-03:00,2025-10-07 14:15:00-03:00,long,5385.5,5388.5,3.0,26.0,take_profit
2025-10-07,2025-10-07 14:20:00-03:00,2025-10-07 14:35:00-03:00,long,5387.0,5384.5,-2.5,-29.0,stop_loss
2025-10-07,2025-10-07 15:10:00-03:00,2025-10-07 15:15:00-03:00,long,5389.0,5386.5,-2.5,-29.0,stop_loss
2025-10-08,2025-10-08 11:30:00-03:00,2025-10-08 11:35:00-03:00,long,5381.0,5385.0,4.0,36.0,target_gap_open
2025-10-09,2025-10-09 11:05:00-03:00,2025-10-09 11:30:00-03:00,long,5399.0,5395.0,-4.0,-44.0,stop_loss
2025-10-09,2025-10-09 12:10:00-03:00,2025-10-09 12:15:00-03:00,long,5402.0,5398.5,-3.5,-39.0,stop_loss
2025-10-09,2025-10-09 12:50:00-03:00,2025-10-09 13:30:00-03:00,long,5406.0,5403.0,-3.0,-34.0,stop_loss
2025-10-09,2025-10-09 15:00:00-03:00,2025-10-09 15:05:00-03:00,short,5397.5,5400.5,-3.0,-34.0,stop_gap_open
2025-10-10,2025-10-10 14:10:00-03:00,2025-10-10 14:15:00-03:00,long,5537.0,5531.5,-5.5,-59.0,stop_loss
2025-10-10,2025-10-10 14:20:00-03:00,2025-10-10 14:25:00-03:00,long,5536.5,5531.0,-5.5,-59.0,stop_loss
2025-10-10,2025-10-10 14:55:00-03:00,2025-10-10 15:10:00-03:00,long,5543.0,5550.0,7.0,66.0,take_profit
2025-10-10,2025-10-10 15:15:00-03:00,2025-10-10 15:25:00-03:00,long,5551.0,5558.5,7.5,71.0,take_profit
2025-10-13,2025-10-13 11:30:00-03:00,2025-10-13 11:50:00-03:00,short,5470.0,5474.0,-4.0,-44.0,stop_loss
2025-10-13,2025-10-13 13:30:00-03:00,2025-10-13 13:50:00-03:00,long,5484.0,5487.5,3.5,31.0,take_profit
2025-10-14,2025-10-14 14:10:00-03:00,2025-10-14 14:30:00-03:00,long,5498.0,5503.0,5.0,46.0,take_profit
2025-10-14,2025-10-14 14:35:00-03:00,2025-10-14 14:40:00-03:00,long,5502.5,5507.0,4.5,41.0,take_profit
2025-10-15,2025-10-15 11:05:00-03:00,2025-10-15 11:10:00-03:00,long,5475.5,5481.0,5.5,51.0,take_profit
2025-10-15,2025-10-15 13:55:00-03:00,2025-10-15 14:10:00-03:00,long,5485.0,5481.5,-3.5,-39.0,stop_loss
2025-10-16,2025-10-17 06:00:00-03:00,2025-10-17 06:05:00-03:00,long,5469.5,5465.5,-4.0,-44.0,stop_gap_open
2025-10-17,2025-10-17 12:20:00-03:00,2025-10-17 13:00:00-03:00,short,5426.0,5421.5,4.5,41.0,take_profit
2025-10-17,2025-10-17 14:40:00-03:00,2025-10-17 15:00:00-03:00,long,5428.5,5426.0,-2.5,-29.0,stop_loss
2025-10-20,2025-10-20 14:40:00-03:00,2025-10-20 14:55:00-03:00,long,5392.0,5390.0,-2.0,-24.0,stop_loss
2025-10-21,2025-10-21 14:00:00-03:00,2025-10-21 14:05:00-03:00,long,5404.0,5401.5,-2.5,-29.0,stop_loss
2025-10-22,2025-10-22 13:35:00-03:00,2025-10-22 13:40:00-03:00,short,5410.0,5413.5,-3.5,-39.0,stop_loss
2025-10-23,2025-10-23 09:15:00-03:00,2025-10-23 09:30:00-03:00,long,5402.5,5398.5,-4.0,-44.0,stop_loss
2025-10-23,2025-10-23 12:15:00-03:00,2025-10-23 12:30:00-03:00,short,5391.0,5394.5,-3.5,-39.0,stop_loss
2025-10-24,2025-10-24 12:00:00-03:00,2025-10-24 12:05:00-03:00,long,5400.5,5404.0,3.5,31.0,take_profit
2025-10-24,2025-10-24 12:10:00-03:00,2025-10-24 12:40:00-03:00,long,5402.0,5399.0,-3.0,-34.0,stop_loss
2025-10-24,2025-10-24 15:20:00-03:00,2025-10-27 06:00:00-03:00,short,5397.5,5372.5,25.0,246.0,target_gap_open
2025-10-27,2025-10-27 11:30:00-03:00,2025-10-27 11:50:00-03:00,short,5379.5,5376.0,3.5,31.0,take_profit
2025-10-28,2025-10-28 11:35:00-03:00,2025-10-28 12:15:00-03:00,short,5364.0,5360.5,3.5,31.0,take_profit
2025-10-29,2025-10-29 12:15:00-03:00,2025-10-29 12:20:00-03:00,long,5351.5,5348.0,-3.5,-39.0,stop_gap_open
2025-10-29,2025-10-29 12:40:00-03:00,2025-10-29 12:45:00-03:00,long,5367.0,5362.5,-4.5,-49.0,stop_loss
2025-10-29,2025-10-30 06:00:00-03:00,2025-10-30 06:05:00-03:00,short,5365.5,5374.5,-9.0,-94.0,stop_gap_open
2025-10-30,2025-10-30 11:50:00-03:00,2025-10-30 12:00:00-03:00,short,5381.5,5378.0,3.5,31.0,take_profit
2025-10-30,2025-10-30 12:10:00-03:00,2025-10-30 12:15:00-03:00,short,5380.0,5383.0,-3.0,-34.0,stop_loss
2025-10-30,2025-10-30 15:05:00-03:00,2025-10-30 15:10:00-03:00,long,5385.0,5383.0,-2.0,-24.0,stop_loss
2025-10-30,2025-10-30 15:25:00-03:00,2025-10-31 06:00:00-03:00,long,5387.0,5425.0,38.0,376.0,target_gap_open
2025-10-31,2025-10-31 14:15:00-03:00,2025-10-31 14:20:00-03:00,short,5412.5,5415.0,-2.5,-29.0,stop_gap_open
2025-10-31,2025-10-31 15:00:00-03:00,2025-10-31 15:20:00-03:00,short,5410.5,5413.0,-2.5,-29.0,stop_loss
2025-11-03,2025-11-03 15:25:00-03:00,2025-11-04 06:00:00-03:00,long,5396.0,5417.5,21.5,211.0,target_gap_open
2025-11-04,2025-11-04 15:10:00-03:00,2025-11-04 15:25:00-03:00,long,5439.0,5442.5,3.5,31.0,take_profit
2025-11-05,2025-11-05 15:00:00-03:00,2025-11-05 15:10:00-03:00,short,5387.5,5385.0,2.5,21.0,take_profit
2025-11-05,2025-11-05 15:15:00-03:00,2025-11-05 15:20:00-03:00,short,5384.0,5386.5,-2.5,-29.0,stop_loss
2025-11-06,2025-11-06 12:35:00-03:00,2025-11-06 12:40:00-03:00,short,5380.0,5375.5,4.5,41.0,target_gap_open
2025-11-06,2025-11-06 12:45:00-03:00,2025-11-06 12:50:00-03:00,short,5376.0,5379.5,-3.5,-39.0,stop_loss
2025-11-07,2025-11-07 13:10:00-03:00,2025-11-07 13:25:00-03:00,short,5359.5,5362.0,-2.5,-29.0,stop_loss
2025-11-07,2025-11-07 15:00:00-03:00,2025-11-07 15:15:00-03:00,short,5357.5,5355.0,2.5,21.0,take_profit
2025-11-07,2025-11-07 15:20:00-03:00,2025-11-07 15:25:00-03:00,short,5355.0,5352.5,2.5,21.0,take_profit
2025-11-07,2025-11-10 06:00:00-03:00,2025-11-10 06:05:00-03:00,short,5340.0,5337.0,3.0,26.0,take_profit
2025-11-10,2025-11-10 11:35:00-03:00,2025-11-10 11:45:00-03:00,short,5333.5,5330.5,3.0,26.0,take_profit
2025-11-10,2025-11-10 14:40:00-03:00,2025-11-10 14:45:00-03:00,short,5325.0,5322.5,2.5,21.0,take_profit
2025-11-10,2025-11-10 14:50:00-03:00,2025-11-10 15:00:00-03:00,short,5323.5,5321.0,2.5,21.0,take_profit
2025-11-10,2025-11-10 15:05:00-03:00,2025-11-10 15:10:00-03:00,short,5320.0,5317.5,2.5,21.0,take_profit
2025-11-12,2025-11-12 12:15:00-03:00,2025-11-12 12:20:00-03:00,short,5310.5,5313.0,-2.5,-29.0,stop_gap_open
2025-11-12,2025-11-12 14:55:00-03:00,2025-11-12 15:00:00-03:00,short,5309.0,5311.0,-2.0,-24.0,stop_loss
2025-11-13,2025-11-13 11:50:00-03:00,2025-11-13 12:15:00-03:00,long,5307.5,5311.0,3.5,31.0,take_profit
2025-11-13,2025-11-13 15:25:00-03:00,2025-11-14 06:00:00-03:00,short,5311.0,5325.0,-14.0,-144.0,stop_gap_open
2025-11-14,2025-11-14 12:05:00-03:00,2025-11-14 12:15:00-03:00,long,5305.5,5310.0,4.5,41.0,take_profit
2025-11-14,2025-11-14 12:20:00-03:00,2025-11-14 12:45:00-03:00,long,5310.5,5315.0,4.5,41.0,take_profit
2025-11-14,2025-11-14 15:20:00-03:00,2025-11-14 15:25:00-03:00,long,5317.5,5315.5,-2.0,-24.0,stop_loss
2025-11-17,2025-11-17 12:10:00-03:00,2025-11-17 12:15:00-03:00,long,5327.5,5331.0,3.5,31.0,take_profit
2025-11-17,2025-11-17 12:20:00-03:00,2025-11-17 12:25:00-03:00,long,5328.5,5332.0,3.5,31.0,take_profit
2025-11-18,2025-11-18 14:35:00-03:00,2025-11-18 14:50:00-03:00,long,5335.5,5338.0,2.5,21.0,take_profit
2025-11-18,2025-11-18 14:55:00-03:00,2025-11-18 15:00:00-03:00,long,5338.5,5334.5,-4.0,-44.0,stop_gap_open
2025-11-18,2025-11-19 06:00:00-03:00,2025-11-19 06:05:00-03:00,long,5336.5,5334.0,-2.5,-29.0,stop_loss
2025-11-19,2025-11-19 12:45:00-03:00,2025-11-19 13:10:00-03:00,short,5344.5,5348.0,-3.5,-39.0,stop_loss
2025-11-19,2025-11-19 15:25:00-03:00,2025-11-21 06:00:00-03:00,short,5340.0,5362.5,-22.5,-229.0,stop_gap_open
2025-11-24,2025-11-24 13:00:00-03:00,2025-11-24 13:15:00-03:00,short,5399.0,5402.0,-3.0,-34.0,stop_loss
2025-11-24,2025-11-24 14:25:00-03:00,2025-11-24 14:50:00-03:00,short,5398.5,5396.0,2.5,21.0,take_profit
2025-11-25,2025-11-25 14:55:00-03:00,2025-11-25 15:00:00-03:00,long,5389.0,5386.5,-2.5,-29.0,stop_loss
2025-11-26,2025-11-26 13:50:00-03:00,2025-11-26 14:00:00-03:00,short,5335.0,5337.5,-2.5,-29.0,stop_loss
2025-11-26,2025-11-26 15:05:00-03:00,2025-11-26 15:10:00-03:00,short,5332.0,5334.5,-2.5,-29.0,stop_loss
2025-11-27,2025-11-27 10:15:00-03:00,2025-11-27 10:25:00-03:00,short,5346.0,5342.5,3.5,31.0,take_profit
2025-11-28,2025-11-28 11:45:00-03:00,2025-11-28 11:50:00-03:00,short,5374.5,5377.5,-3.0,-34.0,stop_loss
2025-11-28,2025-11-28 12:20:00-03:00,2025-11-28 12:25:00-03:00,short,5373.0,5368.0,5.0,46.0,target_gap_open
2025-11-28,2025-11-28 12:30:00-03:00,2025-11-28 13:30:00-03:00,short,5367.0,5369.5,-2.5,-29.0,max_hold
2025-12-01,2025-12-01 15:25:00-03:00,2025-12-02 06:00:00-03:00,short,5387.0,5384.5,2.5,21.0,take_profit
2025-12-02,2025-12-02 11:20:00-03:00,2025-12-02 11:40:00-03:00,short,5364.0,5367.5,-3.5,-39.0,stop_loss
2025-12-02,2025-12-02 14:25:00-03:00,2025-12-02 15:00:00-03:00,short,5362.5,5360.0,2.5,21.0,take_profit
2025-12-03,2025-12-03 13:45:00-03:00,2025-12-03 14:25:00-03:00,long,5344.5,5342.0,-2.5,-29.0,stop_loss
2025-12-04,2025-12-04 10:30:00-03:00,2025-12-04 10:40:00-03:00,long,5329.5,5333.0,3.5,31.0,take_profit
2025-12-08,2025-12-08 09:05:00-03:00,2025-12-08 09:10:00-03:00,long,5457.0,5467.0,10.0,96.0,take_profit
2025-12-08,2025-12-08 09:15:00-03:00,2025-12-08 09:25:00-03:00,long,5468.5,5479.0,10.5,101.0,take_profit
2025-12-08,2025-12-08 11:40:00-03:00,2025-12-08 11:45:00-03:00,short,5457.5,5464.5,-7.0,-74.0,stop_loss
2025-12-08,2025-12-08 12:40:00-03:00,2025-12-08 13:00:00-03:00,short,5446.5,5452.5,-6.0,-64.0,stop_loss
2025-12-08,2025-12-08 14:50:00-03:00,2025-12-09 06:00:00-03:00,long,5459.5,5449.0,-10.5,-109.0,stop_gap_open
2025-12-09,2025-12-09 14:05:00-03:00,2025-12-09 14:10:00-03:00,short,5458.5,5463.0,-4.5,-49.0,stop_loss
2025-12-10,2025-12-10 12:45:00-03:00,2025-12-10 12:50:00-03:00,long,5510.5,5506.0,-4.5,-49.0,stop_loss
2025-12-10,2025-12-10 13:35:00-03:00,2025-12-10 13:40:00-03:00,short,5494.5,5500.5,-6.0,-64.0,stop_loss
2025-12-11,2025-12-11 11:55:00-03:00,2025-12-11 12:00:00-03:00,long,5436.5,5432.5,-4.0,-44.0,stop_loss
2025-12-15,2025-12-15 14:40:00-03:00,2025-12-15 14:45:00-03:00,short,5433.5,5436.5,-3.0,-34.0,stop_gap_open
2025-12-15,2025-12-16 06:00:00-03:00,2025-12-16 06:05:00-03:00,short,5438.5,5447.5,-9.0,-94.0,stop_gap_open
2025-12-16,2025-12-16 14:20:00-03:00,2025-12-16 14:35:00-03:00,long,5487.5,5483.5,-4.0,-44.0,stop_loss
2025-12-16,2025-12-16 15:10:00-03:00,2025-12-16 15:15:00-03:00,long,5497.0,5511.5,14.5,141.0,target_gap_open
2025-12-17,2025-12-17 13:35:00-03:00,2025-12-17 13:40:00-03:00,long,5542.0,5538.0,-4.0,-44.0,stop_loss
2025-12-17,2025-12-17 14:35:00-03:00,2025-12-17 14:50:00-03:00,short,5523.5,5527.5,-4.0,-44.0,stop_loss
2025-12-19,2025-12-19 11:15:00-03:00,2025-12-19 11:25:00-03:00,long,5525.5,5530.5,5.0,46.0,take_profit
2025-12-19,2025-12-19 11:30:00-03:00,2025-12-19 11:45:00-03:00,long,5528.5,5533.5,5.0,46.0,take_profit
2025-12-19,2025-12-19 14:40:00-03:00,2025-12-19 14:45:00-03:00,long,5547.5,5551.0,3.5,31.0,take_profit
2025-12-19,2025-12-19 14:50:00-03:00,2025-12-19 14:55:00-03:00,long,5551.0,5554.5,3.5,31.0,take_profit
2025-12-19,2025-12-19 15:00:00-03:00,2025-12-19 15:15:00-03:00,long,5552.5,5556.5,4.0,36.0,take_profit
2025-12-23,2025-12-23 13:40:00-03:00,2025-12-23 13:55:00-03:00,short,5539.0,5535.0,4.0,36.0,take_profit
2025-12-23,2025-12-23 14:00:00-03:00,2025-12-23 14:35:00-03:00,short,5536.0,5532.5,3.5,31.0,take_profit
2025-12-26,2025-12-26 14:40:00-03:00,2025-12-26 14:55:00-03:00,short,5545.0,5548.0,-3.0,-34.0,stop_loss
2025-12-26,2025-12-26 15:05:00-03:00,2025-12-26 15:10:00-03:00,short,5543.0,5540.0,3.0,26.0,take_profit
2025-12-26,2025-12-26 15:15:00-03:00,2025-12-26 15:20:00-03:00,short,5541.5,5544.5,-3.0,-34.0,stop_gap_open
2025-12-29,2025-12-29 09:45:00-03:00,2025-12-29 10:10:00-03:00,short,5565.5,5570.5,-5.0,-54.0,stop_loss
2025-12-29,2025-12-29 13:55:00-03:00,2025-12-29 14:00:00-03:00,short,5571.5,5567.0,4.5,41.0,take_profit
2025-12-29,2025-12-29 14:05:00-03:00,2025-12-29 14:10:00-03:00,short,5567.5,5563.0,4.5,41.0,take_profit
2025-12-30,2025-12-30 12:00:00-03:00,2025-12-30 12:15:00-03:00,short,5527.0,5531.0,-4.0,-44.0,stop_loss
2025-12-30,2025-12-30 14:25:00-03:00,2025-12-30 14:30:00-03:00,short,5523.5,5520.0,3.5,31.0,take_profit
2025-12-30,2025-12-30 14:35:00-03:00,2025-12-30 14:45:00-03:00,short,5520.0,5523.0,-3.0,-34.0,stop_loss
2026-01-02,2026-01-02 14:30:00-03:00,2026-01-02 14:45:00-03:00,long,5465.5,5462.5,-3.0,-34.0,stop_loss
2026-01-05,2026-01-05 14:20:00-03:00,2026-01-05 14:30:00-03:00,long,5444.0,5441.5,-2.5,-29.0,stop_loss
2026-01-05,2026-01-06 06:00:00-03:00,2026-01-06 06:05:00-03:00,long,5449.0,5446.5,-2.5,-29.0,stop_loss
2026-01-06,2026-01-06 12:20:00-03:00,2026-01-06 12:25:00-03:00,long,5410.5,5415.0,4.5,41.0,take_profit
2026-01-06,2026-01-06 12:30:00-03:00,2026-01-06 12:35:00-03:00,long,5414.5,5410.5,-4.0,-44.0,stop_loss
2026-01-07,2026-01-07 12:10:00-03:00,2026-01-07 12:25:00-03:00,short,5421.0,5424.5,-3.5,-39.0,stop_loss
2026-01-07,2026-01-07 12:35:00-03:00,2026-01-07 13:10:00-03:00,short,5418.0,5421.5,-3.5,-39.0,stop_loss
2026-01-09,2026-01-09 11:55:00-03:00,2026-01-09 12:55:00-03:00,long,5394.0,5394.5,0.5,1.0,max_hold
2026-01-09,2026-01-09 15:20:00-03:00,2026-01-12 06:00:00-03:00,long,5400.0,5388.0,-12.0,-124.0,stop_gap_open
2026-01-12,2026-01-12 14:25:00-03:00,2026-01-12 15:00:00-03:00,long,5400.0,5402.5,2.5,21.0,take_profit
2026-01-12,2026-01-12 15:05:00-03:00,2026-01-12 15:10:00-03:00,long,5402.0,5400.5,-1.5,-19.0,stop_gap_open
2026-01-13,2026-01-13 14:00:00-03:00,2026-01-13 14:10:00-03:00,short,5398.5,5401.0,-2.5,-29.0,stop_loss
2026-01-13,2026-01-13 14:45:00-03:00,2026-01-13 14:50:00-03:00,short,5396.0,5398.5,-2.5,-29.0,stop_loss
2026-01-15,2026-01-15 13:45:00-03:00,2026-01-15 14:45:00-03:00,long,5386.0,5390.0,4.0,36.0,take_profit
2026-01-19,2026-01-19 10:00:00-03:00,2026-01-19 10:05:00-03:00,short,5376.0,5372.0,4.0,36.0,take_profit
2026-01-19,2026-01-19 15:20:00-03:00,2026-01-19 15:25:00-03:00,long,5386.0,5388.5,2.5,21.0,take_profit
2026-01-19,2026-01-20 06:00:00-03:00,2026-01-20 06:05:00-03:00,long,5394.0,5389.0,-5.0,-54.0,stop_gap_open
2026-01-20,2026-01-20 11:50:00-03:00,2026-01-20 12:05:00-03:00,long,5386.5,5391.5,5.0,46.0,take_profit
2026-01-21,2026-01-21 13:30:00-03:00,2026-01-21 13:35:00-03:00,short,5329.0,5332.5,-3.5,-39.0,stop_loss
2026-01-22,2026-01-22 15:05:00-03:00,2026-01-22 15:10:00-03:00,long,5300.5,5298.0,-2.5,-29.0,stop_loss
2026-01-22,2026-01-22 15:20:00-03:00,2026-01-22 15:25:00-03:00,long,5303.5,5298.0,-5.5,-59.0,stop_gap_open
2026-01-23,2026-01-23 14:15:00-03:00,2026-01-23 14:20:00-03:00,short,5289.5,5293.0,-3.5,-39.0,stop_loss
2026-01-26,2026-01-26 13:05:00-03:00,2026-01-26 13:20:00-03:00,long,5288.5,5292.5,4.0,36.0,take_profit
2026-01-27,2026-01-27 13:00:00-03:00,2026-01-27 13:10:00-03:00,short,5210.0,5205.0,5.0,46.0,take_profit
2026-01-27,2026-01-27 13:15:00-03:00,2026-01-27 13:20:00-03:00,short,5207.0,5211.0,-4.0,-44.0,stop_gap_open
2026-01-27,2026-01-27 14:45:00-03:00,2026-01-27 14:50:00-03:00,short,5198.0,5193.0,5.0,46.0,take_profit
2026-01-28,2026-01-28 12:35:00-03:00,2026-01-28 12:45:00-03:00,long,5222.0,5217.5,-4.5,-49.0,stop_loss
2026-02-02,2026-02-02 11:15:00-03:00,2026-02-02 11:20:00-03:00,short,5282.0,5287.0,-5.0,-54.0,stop_loss
2026-02-03,2026-02-03 13:05:00-03:00,2026-02-03 13:10:00-03:00,long,5274.0,5269.5,-4.5,-49.0,stop_loss
2026-02-03,2026-02-03 13:55:00-03:00,2026-02-03 14:30:00-03:00,long,5279.5,5273.5,-6.0,-64.0,stop_loss
2026-02-04,2026-02-04 14:10:00-03:00,2026-02-04 14:30:00-03:00,short,5273.0,5268.0,5.0,46.0,take_profit
2026-02-04,2026-02-04 14:35:00-03:00,2026-02-04 14:50:00-03:00,short,5266.5,5270.5,-4.0,-44.0,stop_loss
2026-02-05,2026-02-05 14:20:00-03:00,2026-02-05 14:25:00-03:00,long,5284.5,5288.5,4.0,36.0,take_profit
2026-02-05,2026-02-05 14:30:00-03:00,2026-02-05 14:45:00-03:00,long,5289.0,5293.0,4.0,36.0,take_profit
2026-02-05,2026-02-05 14:50:00-03:00,2026-02-05 14:55:00-03:00,long,5293.0,5297.5,4.5,41.0,target_gap_open
2026-02-05,2026-02-05 15:00:00-03:00,2026-02-05 15:05:00-03:00,long,5297.5,5302.0,4.5,41.0,take_profit
2026-02-05,2026-02-05 15:10:00-03:00,2026-02-05 15:15:00-03:00,long,5302.5,5299.0,-3.5,-39.0,stop_loss
2026-02-09,2026-02-09 15:20:00-03:00,2026-02-10 06:00:00-03:00,long,5216.0,5213.0,-3.0,-34.0,ambiguous_stop_first
2026-02-10,2026-02-10 12:30:00-03:00,2026-02-10 12:55:00-03:00,long,5225.0,5221.5,-3.5,-39.0,stop_loss
2026-02-10,2026-02-10 13:40:00-03:00,2026-02-10 14:40:00-03:00,short,5216.0,5215.5,0.5,1.0,max_hold
2026-02-11,2026-02-11 13:40:00-03:00,2026-02-11 14:10:00-03:00,long,5205.0,5201.5,-3.5,-39.0,stop_loss
2026-02-12,2026-02-12 15:00:00-03:00,2026-02-12 15:20:00-03:00,long,5229.0,5234.5,5.5,51.0,take_profit
2026-02-13,2026-02-13 14:00:00-03:00,2026-02-13 14:05:00-03:00,long,5245.0,5241.0,-4.0,-44.0,stop_loss
2026-02-13,2026-02-13 15:05:00-03:00,2026-02-13 15:20:00-03:00,short,5235.5,5231.0,4.5,41.0,take_profit
2026-02-13,2026-02-13 15:25:00-03:00,2026-02-18 10:00:00-03:00,short,5231.5,5218.0,13.5,131.0,target_gap_open
2026-02-19,2026-02-19 11:55:00-03:00,2026-02-19 12:10:00-03:00,long,5242.5,5238.0,-4.5,-49.0,stop_loss
2026-02-19,2026-02-19 13:40:00-03:00,2026-02-19 13:50:00-03:00,long,5244.0,5240.5,-3.5,-39.0,stop_loss
2026-02-19,2026-02-19 14:35:00-03:00,2026-02-19 14:40:00-03:00,short,5232.0,5235.0,-3.0,-34.0,ambiguous_stop_first
2026-02-19,2026-02-19 14:45:00-03:00,2026-02-19 15:05:00-03:00,short,5228.0,5224.0,4.0,36.0,take_profit
2026-02-23,2026-02-23 13:45:00-03:00,2026-02-23 13:55:00-03:00,long,5178.5,5175.0,-3.5,-39.0,stop_loss
2026-02-23,2026-02-23 15:25:00-03:00,2026-02-24 06:00:00-03:00,long,5178.5,5176.0,-2.5,-29.0,ambiguous_stop_first
2026-02-24,2026-02-24 13:10:00-03:00,2026-02-24 14:00:00-03:00,long,5159.5,5162.5,3.0,26.0,take_profit
2026-02-24,2026-02-24 14:05:00-03:00,2026-02-24 14:10:00-03:00,long,5162.5,5165.5,3.0,26.0,take_profit
2026-02-25,2026-02-25 13:45:00-03:00,2026-02-25 14:25:00-03:00,short,5127.0,5129.5,-2.5,-29.0,stop_loss
2026-02-27,2026-02-27 14:15:00-03:00,2026-02-27 14:20:00-03:00,short,5172.5,5169.0,3.5,31.0,take_profit
2026-02-27,2026-02-27 14:25:00-03:00,2026-02-27 14:30:00-03:00,short,5168.5,5165.0,3.5,31.0,take_profit
2026-02-27,2026-02-27 14:35:00-03:00,2026-02-27 14:45:00-03:00,short,5163.0,5166.5,-3.5,-39.0,stop_loss
2026-03-02,2026-03-02 14:10:00-03:00,2026-03-02 14:15:00-03:00,long,5223.0,5217.5,-5.5,-59.0,stop_loss
2026-03-03,2026-03-03 12:40:00-03:00,2026-03-03 13:05:00-03:00,short,5299.5,5309.0,-9.5,-99.0,stop_loss
2026-03-03,2026-03-03 15:15:00-03:00,2026-03-04 06:00:00-03:00,long,5319.5,5290.0,-29.5,-299.0,stop_gap_open
2026-03-04,2026-03-04 09:30:00-03:00,2026-03-04 09:35:00-03:00,short,5234.5,5243.5,-9.0,-94.0,stop_loss
2026-03-04,2026-03-04 10:00:00-03:00,2026-03-04 10:10:00-03:00,short,5233.0,5241.5,-8.5,-89.0,stop_loss
2026-03-04,2026-03-04 14:55:00-03:00,2026-03-04 15:00:00-03:00,long,5264.5,5269.0,4.5,41.0,take_profit
2026-03-04,2026-03-04 15:05:00-03:00,2026-03-05 06:00:00-03:00,long,5266.0,5280.0,14.0,136.0,target_gap_open
2026-03-05,2026-03-05 14:35:00-03:00,2026-03-05 14:40:00-03:00,short,5297.0,5305.0,-8.0,-84.0,stop_loss
2026-03-05,2026-03-05 14:55:00-03:00,2026-03-05 15:05:00-03:00,short,5296.0,5304.0,-8.0,-84.0,stop_loss
2026-03-06,2026-03-06 12:35:00-03:00,2026-03-06 12:50:00-03:00,short,5290.5,5298.0,-7.5,-79.0,stop_loss
2026-03-06,2026-03-06 13:30:00-03:00,2026-03-06 13:35:00-03:00,short,5280.5,5287.0,-6.5,-69.0,stop_loss
2026-03-06,2026-03-06 13:40:00-03:00,2026-03-06 14:00:00-03:00,short,5279.0,5270.5,8.5,81.0,take_profit
2026-03-09,2026-03-09 11:25:00-03:00,2026-03-09 11:45:00-03:00,long,5252.5,5247.0,-5.5,-59.0,stop_loss
2026-03-10,2026-03-10 11:10:00-03:00,2026-03-10 11:15:00-03:00,short,5167.5,5161.5,6.0,56.0,take_profit
2026-03-10,2026-03-10 11:20:00-03:00,2026-03-10 11:30:00-03:00,short,5160.5,5166.0,-5.5,-59.0,stop_loss
2026-03-10,2026-03-10 12:15:00-03:00,2026-03-10 12:20:00-03:00,long,5185.5,5180.0,-5.5,-59.0,stop_loss
2026-03-11,2026-03-11 11:40:00-03:00,2026-03-11 11:50:00-03:00,long,5194.5,5189.5,-5.0,-54.0,stop_loss
2026-03-12,2026-03-12 15:20:00-03:00,2026-03-12 15:25:00-03:00,long,5280.5,5286.5,6.0,56.0,take_profit
2026-03-13,2026-03-13 12:10:00-03:00,2026-03-13 12:20:00-03:00,long,5321.5,5332.0,10.5,101.0,take_profit
2026-03-13,2026-03-13 12:25:00-03:00,2026-03-13 12:35:00-03:00,long,5329.0,5320.5,-8.5,-89.0,stop_loss
2026-03-16,2026-03-16 12:10:00-03:00,2026-03-16 12:15:00-03:00,short,5271.0,5264.5,6.5,61.0,take_profit
2026-03-16,2026-03-16 12:20:00-03:00,2026-03-16 12:25:00-03:00,short,5265.5,5259.0,6.5,61.0,take_profit
2026-03-19,2026-03-19 12:40:00-03:00,2026-03-19 12:50:00-03:00,long,5272.0,5264.5,-7.5,-79.0,stop_loss
2026-03-19,2026-03-19 13:05:00-03:00,2026-03-19 13:10:00-03:00,short,5232.5,5221.5,11.0,106.0,take_profit
2026-03-20,2026-03-20 11:30:00-03:00,2026-03-20 11:35:00-03:00,long,5314.0,5323.0,9.0,86.0,take_profit
2026-03-20,2026-03-20 11:40:00-03:00,2026-03-20 12:00:00-03:00,long,5317.0,5309.0,-8.0,-84.0,stop_loss
2026-03-20,2026-03-20 15:20:00-03:00,2026-03-20 15:25:00-03:00,short,5304.0,5286.0,18.0,176.0,target_gap_open
2026-03-23,2026-03-23 14:00:00-03:00,2026-03-23 14:10:00-03:00,long,5251.5,5246.0,-5.5,-59.0,stop_loss
2026-03-24,2026-03-24 14:25:00-03:00,2026-03-24 14:30:00-03:00,short,5231.5,5239.5,-8.0,-84.0,stop_gap_open
2026-03-25,2026-03-25 11:40:00-03:00,2026-03-25 12:40:00-03:00,short,5215.0,5220.5,-5.5,-59.0,stop_loss
2026-03-25,2026-03-25 13:10:00-03:00,2026-03-25 13:15:00-03:00,long,5229.5,5224.0,-5.5,-59.0,stop_loss
2026-03-25,2026-03-25 15:20:00-03:00,2026-03-26 06:00:00-03:00,long,5236.0,5256.5,20.5,201.0,target_gap_open
2026-03-26,2026-03-26 10:35:00-03:00,2026-03-26 10:45:00-03:00,long,5246.5,5253.0,6.5,61.0,take_profit
2026-03-26,2026-03-26 10:50:00-03:00,2026-03-26 11:10:00-03:00,long,5251.5,5246.0,-5.5,-59.0,stop_loss
2026-03-26,2026-03-26 12:55:00-03:00,2026-03-26 13:00:00-03:00,short,5239.5,5244.0,-4.5,-49.0,stop_loss
