session_date,signal_time,entry_time,exit_time,direction,entry_price,exit_price,stop_price,target_price,pnl_points,pnl_brl,fill_reason,exit_reason,direction_sign,signal_bar_time,trade_seq_day,signal_ret_5_raw,signal_ret_15_raw,signal_ret_30_raw,signal_open_impulse_raw,signal_realized_abs_15,signal_semivar_bias_15,signal_trend_efficiency_15,signal_signal_range,signal_range_vs_filter,signal_cum_volume_prev,signal_cum_volume_rel,signal_dir_ret_15,signal_dir_ret_30,signal_open_impulse,signal_dir_trend_efficiency_15,signal_semivar_align,strength_score
2021-03-30,2021-03-30 11:38:00,2021-03-30 11:38:00,2021-03-30 11:38:00,long,5792.5,5798.5,5779.0,5798.5,6.0,60.0,limit_touch,take_profit,1.0,2021-03-30 11:38:00,1,24.0,27.0,23.0,9.0,43.0,0.796976241900648,0.627906976744186,29.07,1.6167870657034744,458495.0,,27.0,23.0,9.0,0.627906976744186,0.796976241900648,0.5818266666666666
2021-03-30,2021-03-30 12:40:00,2021-03-30 13:27:00,2021-03-30 14:00:00,short,5752.5,5746.0,5766.5,5746.0,6.5,65.0,limit_touch,take_profit,-1.0,2021-03-30 12:40:00,2,-3.0,-15.0,-20.5,-45.5,31.0,-0.47417840375586856,-0.4838709677419355,29.07,2.3735810113519094,654615.0,,15.0,20.5,45.5,0.4838709677419355,0.47417840375586856,0.6889733333333333
2021-03-31,2021-03-31 11:59:00,2021-03-31 13:35:00,2021-03-31 13:45:00,short,5677.0,5691.0,5691.0,5670.5,-14.0,-140.0,limit_touch,stop_loss,-1.0,2021-03-31 11:59:00,1,-14.0,-30.0,-46.0,-121.5,36.0,-0.910958904109589,-0.8333333333333334,28.325,4.766107678729038,542318.0,,30.0,46.0,121.5,0.8333333333333334,0.910958904109589,0.9086533333333333
2021-04-01,2021-04-01 10:57:00,2021-04-01 11:11:00,2021-04-01 11:16:00,long,5691.5,5698.0,5677.5,5698.0,6.5,65.0,limit_touch,take_profit,1.0,2021-04-01 10:57:00,1,1.5,20.5,30.5,73.5,45.5,0.6832779623477298,0.45054945054945056,30.599999999999998,3.2679738562091507,387091.0,,20.5,30.5,73.5,0.45054945054945056,0.6832779623477298,0.7773466666666666
2021-04-05,2021-04-05 10:18:00,2021-04-05 10:19:00,2021-04-05 10:20:00,short,5660.5,5654.5,5673.0,5654.5,6.0,60.0,limit_touch,take_profit,-1.0,2021-04-05 10:18:00,1,-10.5,-28.5,-25.0,-23.5,44.5,-0.7689530685920578,-0.6404494382022472,30.599999999999998,1.388888888888889,257584.0,,28.5,25.0,23.5,0.6404494382022472,0.7689530685920578,0.6628933333333333
2021-04-05,2021-04-05 10:24:00,2021-04-05 10:33:00,2021-04-05 10:53:00,short,5657.0,5651.0,5669.5,5651.0,6.0,60.0,limit_touch,take_profit,-1.0,2021-04-05 10:24:00,2,-5.0,-33.5,-37.5,-30.0,53.5,-0.6866734486266531,-0.6261682242990654,30.599999999999998,1.5522875816993464,283053.0,,33.5,37.5,30.0,0.6261682242990654,0.6866734486266531,0.7112133333333333
2021-04-05,2021-04-05 11:16:00,2021-04-05 11:22:00,2021-04-05 11:50:00,short,5654.5,5666.5,5666.5,5649.0,-12.0,-120.0,limit_touch,stop_loss,-1.0,2021-04-05 11:16:00,3,-7.0,-8.0,-10.0,-29.0,20.0,-0.5789473684210527,-0.4,30.599999999999998,1.650326797385621,387274.0,,8.0,10.0,29.0,0.4,0.5789473684210527,0.45609333333333335
2021-04-06,2021-04-06 13:28:00,2021-04-06 14:01:00,2021-04-06 14:24:00,short,5622.5,5632.0,5632.0,5618.0,-9.5,-95.0,limit_touch,stop_loss,-1.0,2021-04-06 13:28:00,1,-6.5,-6.5,-17.5,-68.0,24.5,-0.5679442508710801,-0.2653061224489796,30.599999999999998,2.4346405228758172,641068.0,,6.5,17.5,68.0,0.2653061224489796,0.5679442508710801,0.51876
2021-04-07,2021-04-07 10:31:00,2021-04-07 10:31:00,2021-04-07 10:31:00,short,5585.0,5580.0,5596.0,5580.0,5.0,50.0,limit_touch,take_profit,-1.0,2021-04-07 10:31:00,1,-7.5,-3.5,-22.0,-13.0,32.5,-0.04559270516717325,-0.1076923076923077,30.599999999999998,1.2745098039215688,333281.0,,3.5,22.0,13.0,0.1076923076923077,0.04559270516717325,0.193
2021-04-07,2021-04-07 10:35:00,2021-04-07 10:39:00,2021-04-07 10:44:00,short,5584.0,5595.0,5595.0,5579.0,-11.0,-110.0,limit_touch,stop_loss,-1.0,2021-04-07 10:35:00,2,-7.5,-14.0,-26.5,-19.0,31.0,-0.4695121951219512,-0.45161290322580644,30.599999999999998,1.3071895424836601,353138.0,,14.0,26.5,19.0,0.45161290322580644,0.4695121951219512,0.48884
2021-04-07,2021-04-07 11:41:00,2021-04-07 11:56:00,2021-04-07 11:59:00,short,5571.0,5565.5,5582.5,5565.5,5.5,55.0,limit_touch,take_profit,-1.0,2021-04-07 11:41:00,3,-4.0,-11.5,-28.0,-37.0,28.5,-0.47989276139410186,-0.40350877192982454,30.599999999999998,1.8790849673202616,544905.0,,11.5,28.0,37.0,0.40350877192982454,0.47989276139410186,0.5582533333333334
2021-04-07,2021-04-07 12:43:00,2021-04-07 12:53:00,2021-04-07 12:56:00,long,5609.0,5615.0,5596.0,5615.0,6.0,60.0,limit_touch,take_profit,1.0,2021-04-07 12:43:00,4,22.5,32.0,43.0,23.0,37.0,0.9508670520231214,0.8648648648648649,30.599999999999998,2.2875816993464055,700969.0,,32.0,43.0,23.0,0.8648648648648649,0.9508670520231214,0.7388133333333333
2021-04-07,2021-04-07 13:23:00,2021-04-07 13:49:00,2021-04-07 14:40:00,long,5620.5,5607.5,5607.5,5626.5,-13.0,-130.0,limit_touch,stop_loss,1.0,2021-04-07 13:23:00,5,2.5,13.0,24.0,37.5,34.0,0.5467128027681661,0.38235294117647056,30.599999999999998,2.777777777777778,790912.0,,13.0,24.0,37.5,0.38235294117647056,0.5467128027681661,0.61132
2021-04-08,2021-04-08 10:09:00,2021-04-08 10:09:00,2021-04-08 10:09:00,short,5595.0,5589.0,5608.0,5589.0,6.0,60.0,limit_touch,take_profit,-1.0,2021-04-08 10:09:00,1,-11.5,-11.0,-23.5,-21.0,38.0,-0.523943661971831,-0.2894736842105263,30.599999999999998,1.1601307189542485,257010.0,,11.0,23.5,21.0,0.2894736842105263,0.523943661971831,0.3976133333333334
2021-04-08,2021-04-08 10:11:00,2021-04-08 10:21:00,2021-04-08 10:24:00,short,5591.5,5585.5,5604.5,5585.5,6.0,60.0,limit_touch,take_profit,-1.0,2021-04-08 10:11:00,2,-4.5,-14.5,-24.0,-28.5,41.5,-0.6056009334889149,-0.3493975903614458,30.599999999999998,1.3071895424836601,273072.0,,14.5,24.0,28.5,0.3493975903614458,0.6056009334889149,0.5078533333333334
2021-04-08,2021-04-08 10:25:00,2021-04-08 10:29:00,2021-04-08 10:32:00,short,5589.5,5583.5,5602.5,5583.5,6.0,60.0,limit_touch,take_profit,-1.0,2021-04-08 10:25:00,3,-5.5,-3.5,-18.0,-31.5,26.5,-0.09215017064846416,-0.1320754716981132,30.599999999999998,1.4052287581699348,310994.0,,3.5,18.0,31.5,0.1320754716981132,0.09215017064846416,0.30430666666666667
2021-04-08,2021-04-08 11:18:00,2021-04-08 11:24:00,2021-04-08 11:27:00,long,5613.5,5619.5,5600.0,5619.5,6.0,60.0,limit_touch,take_profit,1.0,2021-04-08 11:18:00,4,8.5,27.0,19.5,2.0,43.0,0.743073047858942,0.627906976744186,30.599999999999998,1.519607843137255,471660.0,,27.0,19.5,2.0,0.627906976744186,0.743073047858942,0.5521999999999999
2021-04-08,2021-04-08 12:54:00,2021-04-08 12:58:00,2021-04-08 13:10:00,short,5585.5,5579.5,5598.5,5579.5,6.0,60.0,limit_touch,take_profit,-1.0,2021-04-08 12:54:00,5,-4.0,-20.0,-28.5,-36.5,28.0,-0.9162790697674419,-0.7142857142857143,30.599999999999998,1.715686274509804,670591.0,,20.0,28.5,36.5,0.7142857142857143,0.9162790697674419,0.7256933333333333
2021-04-08,2021-04-08 14:32:00,2021-04-08 14:57:00,2021-04-08 14:58:00,short,5566.0,5560.5,5578.0,5560.5,5.5,55.0,limit_touch,take_profit,-1.0,2021-04-08 14:32:00,6,-5.5,-2.5,-1.0,-65.0,19.5,-0.2663316582914573,-0.1282051282051282,30.599999999999998,2.581699346405229,856829.0,,2.5,1.0,65.0,0.1282051282051282,0.2663316582914573,0.4268133333333333
2021-04-09,2021-04-09 10:06:00,2021-04-09 10:22:00,2021-04-09 10:33:00,long,5640.0,5628.0,5628.0,5645.5,-12.0,-120.0,limit_touch,stop_loss,1.0,2021-04-09 10:06:00,1,7.5,-4.5,8.0,37.5,21.5,-0.31555555555555553,-0.20930232558139536,27.12,1.9727138643067845,222535.0,,-4.5,8.0,37.5,-0.20930232558139536,-0.31555555555555553,0.30406666666666665
2021-04-09,2021-04-09 11:07:00,2021-04-09 11:24:00,2021-04-09 11:26:00,long,5643.0,5648.5,5631.0,5648.5,5.5,55.0,limit_touch,take_profit,1.0,2021-04-09 11:07:00,2,4.5,19.0,15.0,46.5,24.0,0.9219858156028369,0.7916666666666666,27.12,2.101769911504425,395392.0,,19.0,15.0,46.5,0.7916666666666666,0.9219858156028369,0.7841466666666667
2021-04-09,2021-04-09 12:44:00,2021-04-09 12:50:00,2021-04-09 13:01:00,long,5660.5,5666.0,5649.0,5666.0,5.5,55.0,limit_touch,take_profit,1.0,2021-04-09 12:44:00,3,16.5,21.5,29.5,74.0,34.5,0.7453505007153076,0.6231884057971014,27.12,2.9682890855457225,590809.0,,21.5,29.5,74.0,0.6231884057971014,0.7453505007153076,0.8324133333333332
2021-04-12,2021-04-12 12:13:00,2021-04-12 12:13:00,2021-04-12 12:13:00,long,5685.0,5690.0,5674.0,5690.0,5.0,50.0,limit_touch,take_profit,1.0,2021-04-12 12:13:00,1,16.5,16.5,28.5,1.5,29.5,0.8649006622516556,0.559322033898305,27.45,2.2950819672131146,499645.0,,16.5,28.5,1.5,0.559322033898305,0.8649006622516556,0.5232133333333333
2021-04-12,2021-04-12 13:29:00,2021-04-12 13:52:00,2021-04-12 14:10:00,long,5695.0,5700.0,5684.5,5700.0,5.0,50.0,limit_touch,take_profit,1.0,2021-04-12 13:29:00,2,1.0,4.0,0.5,22.5,16.0,0.11538461538461539,0.25,27.45,2.7868852459016393,633704.0,,4.0,0.5,22.5,0.25,0.11538461538461539,0.35563999999999996
2021-04-13,2021-04-13 12:58:00,2021-04-13 13:20:00,2021-04-13 13:42:00,short,5710.5,5704.5,5724.0,5704.5,6.0,60.0,limit_touch,take_profit,-1.0,2021-04-13 12:58:00,1,1.0,3.0,-4.5,-41.0,35.0,-0.09836065573770492,0.08571428571428572,28.307142857142857,2.4728740852889226,754087.0,,-3.0,4.5,41.0,-0.08571428571428572,0.09836065573770492,0.3422
2021-04-14,2021-04-14 10:13:00,2021-04-14 10:30:00,2021-04-14 10:35:00,long,5728.5,5715.5,5715.5,5734.5,-13.0,-130.0,limit_touch,stop_loss,1.0,2021-04-14 10:13:00,1,8.5,9.0,33.5,28.0,30.0,0.4533898305084746,0.3,28.29375,1.8555334658714382,314362.0,,9.0,33.5,28.0,0.3,0.4533898305084746,0.44332000000000005
2021-04-14,2021-04-14 11:19:00,2021-04-14 11:25:00,2021-04-14 11:28:00,short,5692.5,5686.5,5705.5,5686.5,6.0,60.0,limit_touch,take_profit,-1.0,2021-04-14 11:19:00,2,0.0,-1.0,-21.0,-23.0,26.0,0.0,-0.038461538461538464,28.29375,2.314998895515794,527535.0,,1.0,21.0,23.0,0.038461538461538464,-0.0,0.27156
2021-04-14,2021-04-14 13:19:00,2021-04-14 14:03:00,2021-04-14 14:38:00,short,5688.0,5682.5,5700.0,5682.5,5.5,55.0,limit_touch,take_profit,-1.0,2021-04-14 13:19:00,3,-0.5,-7.5,-8.0,-27.0,24.5,-0.23985239852398524,-0.30612244897959184,28.29375,2.5270598630439585,760817.0,,7.5,8.0,27.0,0.30612244897959184,0.23985239852398524,0.4485733333333334
2021-04-16,2021-04-16 10:23:00,2021-04-16 10:34:00,2021-04-16 10:36:00,long,5666.5,5671.5,5655.5,5671.5,5.0,50.0,limit_touch,take_profit,1.0,2021-04-16 10:23:00,1,11.5,15.5,6.5,58.5,26.5,0.7564575645756457,0.5849056603773585,27.345000000000002,2.3038946791003836,279678.0,,15.5,6.5,58.5,0.5849056603773585,0.7564575645756457,0.74324
2021-04-16,2021-04-16 12:19:00,2021-04-16 12:33:00,2021-04-16 12:51:00,short,5617.5,5612.0,5629.5,5612.0,5.5,55.0,limit_touch,take_profit,-1.0,2021-04-16 12:19:00,2,-17.0,-26.5,-26.5,-17.5,28.5,-0.9912472647702407,-0.9298245614035088,27.345000000000002,3.1449990857560794,612601.0,,26.5,26.5,17.5,0.9298245614035088,0.9912472647702407,0.7239333333333333
2021-04-16,2021-04-16 13:21:00,2021-04-16 14:25:00,2021-04-16 14:34:00,short,5606.0,5600.0,5618.5,5600.0,6.0,60.0,limit_touch,take_profit,-1.0,2021-04-16 13:21:00,3,-16.0,-24.5,-32.5,-37.5,30.5,-0.9622047244094488,-0.8032786885245902,27.345000000000002,3.711830316328396,745626.0,,24.5,32.5,37.5,0.8032786885245902,0.9622047244094488,0.8233733333333333
2021-04-19,2021-04-19 10:22:00,2021-04-19 10:43:00,2021-04-19 10:52:00,long,5610.0,5597.5,5597.5,5616.0,-12.5,-125.0,limit_touch,stop_loss,1.0,2021-04-19 10:22:00,1,8.5,25.5,45.5,47.0,44.5,0.644398766700925,0.5730337078651685,27.886363636363637,2.312958435207824,348213.0,,25.5,45.5,47.0,0.5730337078651685,0.644398766700925,0.7841733333333333
2021-04-19,2021-04-19 11:43:00,2021-04-19 11:56:00,2021-04-19 11:58:00,short,5565.5,5559.0,5579.5,5559.0,6.5,65.0,limit_touch,take_profit,-1.0,2021-04-19 11:43:00,2,-11.5,-30.0,-63.5,-29.0,43.0,-0.8163841807909604,-0.6976744186046512,27.886363636363637,2.904645476772616,627544.0,,30.0,63.5,29.0,0.6976744186046512,0.8163841807909604,0.7754
2021-04-20,2021-04-20 10:18:00,2021-04-20 10:29:00,2021-04-20 10:57:00,short,5541.5,5535.5,5554.0,5535.5,6.0,60.0,limit_touch,take_profit,-1.0,2021-04-20 10:18:00,1,-3.0,-13.0,-12.5,-38.5,33.0,-0.6923076923076923,-0.3939393939393939,27.924999999999997,2.4171888988361685,340834.0,,13.0,12.5,38.5,0.3939393939393939,0.6923076923076923,0.6083066666666667
2021-04-20,2021-04-20 11:38:00,2021-04-20 12:23:00,2021-04-20 12:25:00,short,5528.0,5522.0,5540.5,5522.0,6.0,60.0,limit_touch,take_profit,-1.0,2021-04-20 11:38:00,2,-2.5,-11.5,-14.5,-58.5,27.5,-0.5326460481099656,-0.41818181818181815,27.924999999999997,3.06177260519248,592910.0,,11.5,14.5,58.5,0.41818181818181815,0.5326460481099656,0.6599333333333334
2021-04-22,2021-04-22 11:34:00,2021-04-22 11:59:00,2021-04-22 12:30:00,short,5502.5,5515.0,5515.0,5496.5,-12.5,-125.0,limit_touch,stop_loss,-1.0,2021-04-22 11:34:00,1,-11.5,-8.0,-12.5,-69.5,34.0,-0.5477707006369427,-0.23529411764705882,27.75,2.936936936936937,575592.0,1.1645366941892432,8.0,12.5,69.5,0.23529411764705882,0.5477707006369427,0.5993477536231885
2021-04-23,2021-04-23 10:11:00,2021-04-23 10:12:00,2021-04-23 10:16:00,long,5456.5,5462.0,5444.5,5462.0,5.5,55.0,limit_touch,take_profit,1.0,2021-04-23 10:11:00,1,6.0,10.0,18.5,29.0,23.0,0.5408163265306123,0.43478260869565216,28.392857142857142,1.3735849056603773,277875.0,1.0434690012166763,10.0,18.5,29.0,0.43478260869565216,0.5408163265306123,0.51006
2021-04-23,2021-04-23 10:27:00,2021-04-23 10:31:00,2021-04-23 10:51:00,long,5462.5,5468.0,5450.5,5468.0,5.5,55.0,limit_touch,take_profit,1.0,2021-04-23 10:27:00,2,8.5,5.0,16.0,37.0,29.0,-0.20855614973262032,0.1724137931034483,28.392857142857142,1.6553459119496856,333376.0,1.0638930371185804,5.0,16.0,37.0,0.1724137931034483,-0.20855614973262032,0.40052463768115937
2021-04-23,2021-04-23 11:20:00,2021-04-23 11:28:00,2021-04-23 11:30:00,long,5474.0,5479.5,5462.0,5479.5,5.5,55.0,limit_touch,take_profit,1.0,2021-04-23 11:20:00,3,-1.0,1.5,23.5,51.5,26.5,0.07755102040816327,0.05660377358490566,28.392857142857142,2.20125786163522,518018.0,1.1203854453413442,1.5,23.5,51.5,0.05660377358490566,0.07755102040816327,0.4184092753623188
2021-04-23,2021-04-23 12:38:00,2021-04-23 12:54:00,2021-04-23 13:00:00,long,5501.5,5507.0,5489.5,5507.0,5.5,55.0,limit_touch,take_profit,1.0,2021-04-23 12:38:00,4,9.5,25.5,34.0,91.5,33.5,0.865546218487395,0.7611940298507462,28.392857142857142,3.486792452830189,717645.0,1.1210918399888594,25.5,34.0,91.5,0.7611940298507462,0.865546218487395,0.9223056521739131
2021-04-26,2021-04-26 10:13:00,2021-04-26 10:14:00,2021-04-26 10:14:00,long,5468.0,5473.0,5457.5,5473.0,5.0,50.0,limit_touch,take_profit,1.0,2021-04-26 10:13:00,1,1.5,10.0,6.5,12.5,27.0,0.467005076142132,0.37037037037037035,28.48,1.1060393258426966,250683.0,0.9157497589007468,10.0,6.5,12.5,0.37037037037037035,0.467005076142132,0.33662565217391305
2021-04-26,2021-04-26 10:41:00,2021-04-26 10:49:00,2021-04-26 10:53:00,long,5480.0,5485.0,5469.0,5485.0,5.0,50.0,limit_touch,take_profit,1.0,2021-04-26 10:41:00,2,2.0,22.5,21.5,32.0,42.5,0.73568281938326,0.5294117647058824,28.48,1.6678370786516854,351153.0,0.9859011960680167,22.5,21.5,32.0,0.5294117647058824,0.73568281938326,0.6780292028985507
2021-04-26,2021-04-26 11:21:00,2021-04-26 11:29:00,2021-04-26 11:54:00,short,5453.5,5448.0,5465.0,5448.0,5.5,55.0,limit_touch,take_profit,-1.0,2021-04-26 11:21:00,3,-15.0,-20.0,-35.5,-13.0,32.0,-0.6504854368932039,-0.625,28.48,1.8082865168539326,497935.0,1.0635216774225242,20.0,35.5,13.0,0.625,0.6504854368932039,0.617803115942029
2021-04-27,2021-04-27 10:03:00,2021-04-27 10:06:00,2021-04-27 10:19:00,long,5447.5,5452.0,5438.0,5452.0,4.5,45.0,limit_touch,take_profit,1.0,2021-04-27 10:03:00,1,9.5,19.0,11.0,14.5,29.0,0.9064748201438849,0.6551724137931034,27.76875,1.4404681521494485,280812.0,1.1687461704858964,19.0,11.0,14.5,0.6551724137931034,0.9064748201438849,0.628619347826087
2021-04-27,2021-04-27 10:28:00,2021-04-27 10:37:00,2021-04-27 10:48:00,long,5454.5,5444.5,5444.5,5459.0,-10.0,-100.0,limit_touch,stop_loss,1.0,2021-04-27 10:28:00,2,13.5,18.5,17.0,22.0,28.5,0.8163934426229508,0.6491228070175439,27.76875,1.7825793382849426,369560.0,1.1712908965435131,18.5,17.0,22.0,0.6491228070175439,0.8163934426229508,0.6875884782608696
2021-04-27,2021-04-27 14:15:00,2021-04-27 14:25:00,2021-04-27 14:33:00,short,5426.0,5436.0,5436.0,5421.5,-10.0,-100.0,limit_touch,stop_loss,-1.0,2021-04-27 14:15:00,3,-11.0,-18.5,-9.0,-23.0,29.5,-0.8513189448441247,-0.6271186440677966,27.76875,1.9806437092054918,843509.0,1.064682773961706,18.5,9.0,23.0,0.6271186440677966,0.8513189448441247,0.6787189130434783
2021-04-28,2021-04-28 10:13:00,2021-04-28 10:29:00,2021-04-28 10:32:00,short,5417.0,5412.0,5427.5,5412.0,5.0,50.0,limit_touch,take_profit,-1.0,2021-04-28 10:13:00,1,0.5,-18.0,-15.0,-43.5,36.0,-0.7374301675977654,-0.5,27.141176470588235,2.0264412657130473,307359.0,1.1190716607238649,18.0,15.0,43.5,0.5,0.7374301675977654,0.7428580434782609
2021-04-28,2021-04-28 11:27:00,2021-04-28 11:50:00,2021-04-28 12:11:00,short,5405.0,5415.0,5415.0,5400.5,-10.0,-100.0,limit_touch,stop_loss,-1.0,2021-04-28 11:27:00,2,-5.0,-14.0,-14.5,-63.5,27.0,-0.07051282051282051,-0.5185185185185185,27.141176470588235,2.6159514521022973,517815.0,1.0603610662381386,14.0,14.5,63.5,0.5185185185185185,0.07051282051282051,0.7499021739130434
2021-04-29,2021-04-29 10:38:00,2021-04-29 10:41:00,2021-04-29 11:04:00,long,5371.0,5376.0,5360.0,5376.0,5.0,50.0,limit_touch,take_profit,1.0,2021-04-29 10:38:00,1,1.0,5.5,2.0,22.0,22.5,0.49333333333333335,0.24444444444444444,27.525,1.289736603088102,351664.0,1.004204096635512,5.5,2.0,22.0,0.24444444444444444,0.49333333333333335,0.31827666666666665
2021-04-30,2021-04-30 10:10:00,2021-04-30 10:12:00,2021-04-30 10:18:00,long,5377.5,5382.5,5367.0,5382.5,5.0,50.0,limit_touch,take_profit,1.0,2021-04-30 10:10:00,1,5.0,32.0,17.0,14.5,36.0,0.9498432601880877,0.8888888888888888,26.936842105263157,1.447831184056272,207962.0,0.781573354117424,32.0,17.0,14.5,0.8888888888888888,0.9498432601880877,0.5918432608695652
2021-04-30,2021-04-30 10:22:00,2021-04-30 10:23:00,2021-04-30 10:28:00,long,5378.5,5383.5,5368.0,5383.5,5.0,50.0,limit_touch,take_profit,1.0,2021-04-30 10:22:00,2,2.0,5.5,27.5,13.5,25.5,0.16715542521994134,0.21568627450980393,26.936842105263157,1.503516998827667,236644.0,0.7836615623165505,5.5,27.5,13.5,0.21568627450980393,0.16715542521994134,0.20683297101449274
2021-05-03,2021-05-03 11:35:00,2021-05-03 12:02:00,2021-05-03 12:04:00,short,5422.5,5416.5,5435.0,5416.5,6.0,60.0,limit_touch,take_profit,-1.0,2021-05-03 11:35:00,1,-18.5,-10.0,-18.0,-14.0,43.0,-0.48773006134969327,-0.23255813953488372,27.285,2.2539857064321054,570853.0,1.1262636736304448,10.0,18.0,14.0,0.23255813953488372,0.48773006134969327,0.423178768115942
2021-05-03,2021-05-03 12:37:00,2021-05-03 13:00:00,2021-05-03 13:31:00,short,5407.0,5419.5,5419.5,5401.5,-12.5,-125.0,limit_touch,stop_loss,-1.0,2021-05-03 12:37:00,2,-16.0,-29.5,-29.0,-40.0,37.5,-0.8452611218568665,-0.7866666666666666,27.285,3.0053142752428075,713033.0,1.107342993324039,29.5,29.0,40.0,0.7866666666666666,0.8452611218568665,0.8712123913043478
2021-05-04,2021-05-04 10:17:00,2021-05-04 10:17:00,2021-05-04 10:17:00,short,5473.0,5468.0,5484.0,5468.0,5.0,50.0,limit_touch,take_profit,-1.0,2021-05-04 10:17:00,1,-8.5,-7.5,-15.0,-2.5,32.5,-0.28859060402684567,-0.23076923076923078,27.285,1.154480483782298,302635.0,1.0522757699700713,7.5,15.0,2.5,0.23076923076923078,0.28859060402684567,0.25871289855072466
2021-05-04,2021-05-04 10:19:00,2021-05-04 10:22:00,2021-05-04 10:27:00,short,5472.0,5467.0,5483.5,5467.0,5.0,50.0,limit_touch,take_profit,-1.0,2021-05-04 10:19:00,2,-11.5,-13.5,-15.0,-7.5,31.5,-0.5348837209302325,-0.42857142857142855,27.285,1.2094557449147882,316814.0,1.082706774258827,13.5,15.0,7.5,0.42857142857142855,0.5348837209302325,0.43458166666666664
2021-05-04,2021-05-04 10:32:00,2021-05-04 10:33:00,2021-05-04 10:34:00,short,5470.5,5465.5,5481.5,5465.5,5.0,50.0,limit_touch,take_profit,-1.0,2021-05-04 10:32:00,3,-5.5,-6.0,-13.5,-8.5,34.0,-0.23766816143497757,-0.17647058823529413,27.285,1.2644310060472788,363260.0,1.1025991723850253,6.0,13.5,8.5,0.17647058823529413,0.23766816143497757,0.25537775362318843
2021-05-04,2021-05-04 10:44:00,2021-05-04 10:51:00,2021-05-04 10:53:00,short,5457.5,5452.0,5469.5,5452.0,5.5,55.0,limit_touch,take_profit,-1.0,2021-05-04 10:44:00,4,-7.0,-17.5,-26.5,-22.5,36.5,-0.5779816513761468,-0.4794520547945205,27.285,1.9058090525929998,415429.0,1.1315119628181194,17.5,26.5,22.5,0.4794520547945205,0.5779816513761468,0.6314873188405797
2021-05-04,2021-05-04 11:02:00,2021-05-04 11:12:00,2021-05-04 11:22:00,short,5455.5,5467.0,5467.0,5450.0,-11.5,-115.0,limit_touch,stop_loss,-1.0,2021-05-04 11:02:00,5,-5.5,-7.0,-20.0,-28.5,27.0,-0.3291139240506329,-0.25925925925925924,27.285,2.0157595748579804,475826.0,1.1404523365609174,7.0,20.0,28.5,0.25925925925925924,0.3291139240506329,0.45450746376811596
2021-05-04,2021-05-04 14:19:00,2021-05-04 14:25:00,2021-05-04 14:26:00,short,5442.0,5437.0,5453.5,5437.0,5.0,50.0,limit_touch,take_profit,-1.0,2021-05-04 14:19:00,6,-11.5,-11.0,-7.5,-47.5,25.0,-0.7368421052631579,-0.44,27.285,2.6571376214037015,885030.0,1.1047429312891912,11.0,7.5,47.5,0.44,0.7368421052631579,0.6705084057971015
2021-05-05,2021-05-05 10:45:00,2021-05-05 11:04:00,2021-05-05 11:11:00,short,5408.5,5403.5,5419.5,5403.5,5.0,50.0,limit_touch,take_profit,-1.0,2021-05-05 10:45:00,1,-3.0,-8.5,-7.5,-54.0,20.5,-0.372972972972973,-0.4146341463414634,27.285,2.400586402785413,400552.0,1.078302373006219,8.5,7.5,54.0,0.4146341463414634,0.372972972972973,0.6158434057971014
2021-05-05,2021-05-05 11:56:00,2021-05-05 12:00:00,2021-05-05 12:08:00,short,5406.0,5401.0,5417.0,5401.0,5.0,50.0,limit_touch,take_profit,-1.0,2021-05-05 11:56:00,2,-9.0,-18.5,-12.0,-58.0,32.5,-0.6009501187648456,-0.5692307692307692,27.285,2.510536925050394,578927.0,1.032939805688573,18.5,12.0,58.0,0.5692307692307692,0.6009501187648456,0.797934347826087
2021-05-05,2021-05-05 13:06:00,2021-05-05 14:03:00,2021-05-05 14:09:00,short,5394.5,5389.5,5405.0,5389.5,5.0,50.0,limit_touch,take_profit,-1.0,2021-05-05 13:06:00,3,-3.0,-3.0,-12.0,-73.5,22.0,-0.26666666666666666,-0.13636363636363635,27.285,3.0786146234194613,720463.0,1.0320517820274915,3.0,12.0,73.5,0.13636363636363635,0.26666666666666666,0.4729400724637681
2021-05-06,2021-05-06 10:00:00,2021-05-06 10:02:00,2021-05-06 10:03:00,short,5343.0,5338.0,5353.5,5338.0,5.0,50.0,limit_touch,take_profit,-1.0,2021-05-06 10:00:00,1,-19.0,-31.0,-31.0,-23.5,48.0,-0.7345679012345679,-0.6458333333333334,27.285,2.1257100971229614,311848.0,1.3463683870588925,31.0,31.0,23.5,0.6458333333333334,0.7345679012345679,0.7777251449275361
2021-05-06,2021-05-06 10:05:00,2021-05-06 10:06:00,2021-05-06 10:10:00,short,5340.0,5335.0,5351.0,5335.0,5.0,50.0,limit_touch,take_profit,-1.0,2021-05-06 10:05:00,2,0.5,-22.5,-25.5,-23.0,59.5,-0.25789860396767084,-0.37815126050420167,27.285,2.272310793476269,354502.0,1.4226888359621603,22.5,25.5,23.0,0.37815126050420167,0.25789860396767084,0.6703239130434783
2021-05-06,2021-05-06 12:00:00,2021-05-06 13:32:00,2021-05-06 14:13:00,short,5298.5,5293.5,5309.5,5293.5,5.0,50.0,limit_touch,take_profit,-1.0,2021-05-06 12:00:00,3,-9.0,-9.0,-26.0,-87.0,19.0,-0.6701030927835051,-0.47368421052631576,27.285,4.306395455378413,731217.0,1.2755028498999583,9.0,26.0,87.0,0.47368421052631576,0.6701030927835051,0.7330486956521739
2021-05-07,2021-05-07 10:01:00,2021-05-07 10:07:00,2021-05-07 10:14:00,short,5260.0,5255.0,5271.0,5255.0,5.0,50.0,limit_touch,take_profit,-1.0,2021-05-07 10:01:00,1,-6.5,-13.5,-17.5,-39.5,44.5,-0.4616384915474642,-0.30337078651685395,27.285,2.235660619387942,315804.0,1.3231595673896888,13.5,17.5,39.5,0.30337078651685395,0.4616384915474642,0.6466996376811595
2021-05-07,2021-05-07 11:58:00,2021-05-07 13:36:00,2021-05-07 13:45:00,short,5237.0,5231.5,5248.5,5231.5,5.5,55.0,limit_touch,take_profit,-1.0,2021-05-07 11:58:00,2,-1.0,-0.5,-17.5,-76.0,25.5,-0.13580246913580246,-0.0196078431372549,27.285,3.353490929081913,690956.0,1.2086825283269325,0.5,17.5,76.0,0.0196078431372549,0.13580246913580246,0.4783113768115942
2021-05-10,2021-05-10 10:30:00,2021-05-10 10:38:00,2021-05-10 10:44:00,short,5233.0,5229.0,5241.5,5229.0,4.0,40.0,limit_touch,take_profit,-1.0,2021-05-10 10:30:00,1,-13.0,-7.5,-6.5,-22.5,34.5,-0.30561330561330563,-0.21739130434782608,27.45,1.4207650273224044,344446.0,1.0397216308832151,7.5,6.5,22.5,0.21739130434782608,0.30561330561330563,0.3652653623188406
2021-05-10,2021-05-10 11:22:00,2021-05-10 11:30:00,2021-05-10 11:53:00,short,5220.5,5230.0,5230.0,5216.0,-9.5,-95.0,limit_touch,stop_loss,-1.0,2021-05-10 11:22:00,2,-9.0,-20.5,-25.5,-40.5,39.5,-0.8129952456418383,-0.5189873417721519,27.45,2.021857923497268,543636.0,1.1166060074832143,20.5,25.5,40.5,0.5189873417721519,0.8129952456418383,0.7542622463768116
2021-05-11,2021-05-11 10:14:00,2021-05-11 10:36:00,2021-05-11 10:39:00,long,5275.0,5279.5,5265.0,5279.5,4.5,45.0,limit_touch,take_profit,1.0,2021-05-11 10:14:00,1,-1.0,14.0,16.5,38.0,31.0,0.574585635359116,0.45161290322580644,25.65,2.4951267056530217,341891.0,1.189122291093948,14.0,16.5,38.0,0.45161290322580644,0.574585635359116,0.6949926086956522
2021-05-11,2021-05-11 12:24:00,2021-05-11 13:11:00,2021-05-11 13:20:00,short,5232.0,5227.0,5243.0,5227.0,5.0,50.0,limit_touch,take_profit,-1.0,2021-05-11 12:24:00,2,-8.0,-27.0,-39.0,-32.5,36.0,-0.8,-0.75,25.65,3.0604288499025345,750220.0,1.1799384076427293,27.0,39.0,32.5,0.75,0.8,0.8439373913043478
2021-05-12,2021-05-12 10:08:00,2021-05-12 10:12:00,2021-05-12 10:22:00,short,5233.0,5244.0,5244.0,5228.0,-11.0,-110.0,limit_touch,stop_loss,-1.0,2021-05-12 10:08:00,1,-11.5,-19.0,-40.0,-21.5,41.0,-0.565,-0.4634146341463415,25.349999999999998,2.0907297830374754,339907.0,1.2660054104770893,19.0,40.0,21.5,0.4634146341463415,0.565,0.6617100724637681
2021-05-12,2021-05-12 12:34:00,2021-05-12 12:42:00,2021-05-12 13:14:00,long,5265.0,5270.5,5253.0,5270.5,5.5,55.0,limit_touch,take_profit,1.0,2021-05-12 12:34:00,2,12.5,29.5,35.5,31.5,32.5,0.9867549668874173,0.9076923076923077,25.349999999999998,2.386587771203156,784380.0,1.1915965583045849,29.5,35.5,31.5,0.9076923076923077,0.9867549668874173,0.8366565942028984
2021-05-13,2021-05-13 11:01:00,2021-05-13 11:29:00,2021-05-13 11:35:00,short,5278.5,5272.5,5291.5,5272.5,6.0,60.0,limit_touch,take_profit,-1.0,2021-05-13 11:01:00,1,-14.5,-30.0,-40.5,-48.5,53.0,-0.6929530201342282,-0.5660377358490566,26.25,2.6285714285714286,544455.0,1.2662998706383468,30.0,40.5,48.5,0.5660377358490566,0.6929530201342282,0.8687249275362319
2021-05-14,2021-05-14 10:21:00,2021-05-14 10:24:00,2021-05-14 10:30:00,short,5279.5,5273.5,5293.0,5273.5,6.0,60.0,limit_touch,take_profit,-1.0,2021-05-14 10:21:00,1,-10.5,-14.0,-14.0,-20.0,25.0,-0.675,-0.56,26.0,1.2884615384615385,313436.0,1.0037040380962376,14.0,14.0,20.0,0.56,0.675,0.5444305797101449
2021-05-14,2021-05-14 10:56:00,2021-05-14 11:04:00,2021-05-14 11:38:00,short,5273.5,5286.5,5286.5,5267.5,-13.0,-130.0,limit_touch,stop_loss,-1.0,2021-05-14 10:56:00,2,-5.0,-5.0,-13.0,-29.0,22.0,-0.10227272727272728,-0.22727272727272727,26.0,1.5961538461538463,415300.0,0.9920192177348417,5.0,13.0,29.0,0.22727272727272727,0.10227272727272728,0.35436666666666666
2021-05-14,2021-05-14 12:47:00,2021-05-14 13:00:00,2021-05-14 13:15:00,short,5270.0,5264.5,5282.0,5264.5,5.5,55.0,limit_touch,take_profit,-1.0,2021-05-14 12:47:00,3,-9.5,-1.0,-16.5,-34.0,23.0,-0.168,-0.043478260869565216,26.0,1.7692307692307692,647869.0,0.9395680553329274,1.0,16.5,34.0,0.043478260869565216,0.168,0.2869469565217391
2021-05-14,2021-05-14 13:24:00,2021-05-14 13:35:00,2021-05-14 14:04:00,short,5265.5,5277.0,5277.0,5260.0,-11.5,-115.0,limit_touch,stop_loss,-1.0,2021-05-14 13:24:00,4,-6.5,-12.5,-10.0,-39.0,18.5,-0.8095238095238095,-0.6756756756756757,26.0,2.0,698136.0,0.9347890011853679,12.5,10.0,39.0,0.6756756756756757,0.8095238095238095,0.6599268115942029
2021-05-17,2021-05-17 10:00:00,2021-05-17 10:01:00,2021-05-17 10:04:00,long,5318.0,5307.5,5307.5,5323.0,-10.5,-105.0,limit_touch,stop_loss,1.0,2021-05-17 10:00:00,1,5.5,23.5,22.5,30.0,51.5,0.4883248730964467,0.4563106796116505,24.96,1.4823717948717947,231319.0,0.9576538094105331,23.5,22.5,30.0,0.4563106796116505,0.4883248730964467,0.627514420289855
2021-05-17,2021-05-17 12:00:00,2021-05-17 12:32:00,2021-05-17 12:36:00,short,5275.0,5270.0,5286.0,5270.0,5.0,50.0,limit_touch,take_profit,-1.0,2021-05-17 12:00:00,2,-6.0,-21.0,-27.5,-36.0,31.0,-0.8521400778210116,-0.6774193548387096,24.96,2.784455128205128,580236.0,0.9802975047603402,21.0,27.5,36.0,0.6774193548387096,0.8521400778210116,0.774169420289855
2021-05-17,2021-05-17 14:08:00,2021-05-17 14:28:00,2021-05-17 14:46:00,short,5271.0,5266.5,5281.0,5266.5,4.5,45.0,limit_touch,take_profit,-1.0,2021-05-17 14:08:00,3,0.5,-14.5,-17.5,-38.5,27.5,-0.8637362637362638,-0.5272727272727272,24.96,2.984775641025641,741316.0,0.919301581696426,14.5,17.5,38.5,0.5272727272727272,0.8637362637362638,0.6757402898550724
2021-05-18,2021-05-18 10:56:00,2021-05-18 10:56:00,2021-05-18 10:56:00,long,5274.0,5278.5,5264.0,5278.5,4.5,45.0,limit_touch,take_profit,1.0,2021-05-18 10:56:00,1,5.5,9.0,11.5,4.0,20.0,0.6172839506172839,0.45,24.722727272727273,1.456150027578599,413741.0,0.9902437844593123,9.0,11.5,4.0,0.45,0.6172839506172839,0.35286420289855075
2021-05-18,2021-05-18 11:07:00,2021-05-18 11:13:00,2021-05-18 11:19:00,long,5277.5,5282.0,5267.5,5282.0,4.5,45.0,limit_touch,take_profit,1.0,2021-05-18 11:07:00,2,5.5,15.0,26.0,14.0,23.0,0.7076923076923077,0.6521739130434783,24.722727272727273,1.6381687810259238,459953.0,1.016513223204855,15.0,26.0,14.0,0.6521739130434783,0.7076923076923077,0.5653234057971015
2021-05-18,2021-05-18 12:55:00,2021-05-18 13:02:00,2021-05-18 13:11:00,short,5249.5,5259.5,5259.5,5245.0,-10.0,-100.0,limit_touch,stop_loss,-1.0,2021-05-18 12:55:00,3,0.0,-3.0,-12.0,-27.5,15.0,-0.4426229508196721,-0.2,24.722727272727273,2.042654899797757,715681.0,1.0220949921968885,3.0,12.0,27.5,0.2,0.4426229508196721,0.34609137681159424
2021-05-19,2021-05-19 10:42:00,2021-05-19 10:45:00,2021-05-19 10:46:00,short,5283.0,5279.0,5292.0,5279.0,4.0,40.0,limit_touch,take_profit,-1.0,2021-05-19 10:42:00,1,-6.0,-10.5,-17.5,-17.0,31.5,-0.4945054945054945,-0.3333333333333333,23.925,1.4002089864158829,320572.0,0.8482386353613576,10.5,17.5,17.0,0.3333333333333333,0.4945054945054945,0.3529126086956522
2021-05-19,2021-05-19 10:51:00,2021-05-19 10:58:00,2021-05-19 11:03:00,short,5282.5,5291.5,5291.5,5278.5,-9.0,-90.0,limit_touch,stop_loss,-1.0,2021-05-19 10:51:00,2,-4.0,0.5,-16.0,-14.5,29.5,-0.08390022675736962,0.01694915254237288,23.925,1.4211076280041797,342736.0,0.8490715936226814,-0.5,16.0,14.5,-0.01694915254237288,0.08390022675736962,0.12363717391304349
2021-05-19,2021-05-19 11:12:00,2021-05-19 11:14:00,2021-05-19 11:15:00,long,5302.0,5306.5,5292.5,5306.5,4.5,45.0,limit_touch,take_profit,1.0,2021-05-19 11:12:00,3,11.5,28.5,29.5,12.5,34.5,0.926873857404022,0.8260869565217391,23.925,1.567398119122257,417658.0,0.8947079035837616,28.5,29.5,12.5,0.8260869565217391,0.926873857404022,0.6026151449275361
2021-05-19,2021-05-19 12:34:00,2021-05-19 12:46:00,2021-05-19 12:49:00,short,5282.5,5278.0,5292.5,5278.0,4.5,45.0,limit_touch,take_profit,-1.0,2021-05-19 12:34:00,4,-3.5,-10.0,-20.0,-13.0,30.0,-0.59,-0.3333333333333333,23.925,1.6091954022988506,607658.0,0.9155993086487216,10.0,20.0,13.0,0.3333333333333333,0.59,0.35179746376811594
2021-05-19,2021-05-19 13:03:00,2021-05-19 13:34:00,2021-05-19 14:47:00,short,5276.5,5286.0,5286.0,5272.0,-9.5,-95.0,limit_touch,stop_loss,-1.0,2021-05-19 13:03:00,5,-4.0,-9.5,-12.0,-24.0,27.5,-0.5402298850574713,-0.34545454545454546,23.925,1.9435736677115987,659744.0,0.9238941831938474,9.5,12.0,24.0,0.34545454545454546,0.5402298850574713,0.4312671014492754
2021-05-20,2021-05-20 12:44:00,2021-05-20 12:51:00,2021-05-20 13:14:00,short,5288.5,5298.0,5298.0,5284.0,-9.5,-95.0,limit_touch,stop_loss,-1.0,2021-05-20 12:44:00,1,-13.0,-13.5,-16.0,-27.5,24.5,-0.885286783042394,-0.5510204081632653,23.619230769230768,1.3548282038755903,504746.0,0.7407950441262706,13.5,16.0,27.5,0.5510204081632653,0.885286783042394,0.5084605797101449
2021-05-21,2021-05-21 10:06:00,2021-05-21 10:11:00,2021-05-21 10:17:00,short,5285.0,5281.5,5292.5,5281.5,3.5,35.0,limit_touch,take_profit,-1.0,2021-05-21 10:06:00,1,-4.5,-15.0,-19.5,-13.0,24.0,-0.8206521739130435,-0.625,22.735714285714288,1.6713792020106817,203945.0,0.7792565133088062,15.0,19.5,13.0,0.625,0.8206521739130435,0.48570231884057974
2021-05-21,2021-05-21 11:15:00,2021-05-21 11:28:00,2021-05-21 11:37:00,long,5307.5,5311.5,5299.0,5311.5,4.0,40.0,limit_touch,take_profit,1.0,2021-05-21 11:15:00,2,15.5,25.5,31.0,25.0,36.5,0.8802177858439202,0.6986301369863014,22.735714285714288,1.869305686459315,403418.0,0.8556947510859576,25.5,31.0,25.0,0.6986301369863014,0.8802177858439202,0.6646215217391305
2021-05-21,2021-05-21 11:39:00,2021-05-21 11:44:00,2021-05-21 11:52:00,long,5312.0,5316.0,5303.0,5316.0,4.0,40.0,limit_touch,take_profit,1.0,2021-05-21 11:39:00,3,15.5,12.5,26.5,32.0,32.5,0.6738768718801996,0.38461538461538464,22.735714285714288,2.1332076657241594,465547.0,0.8702397872553641,12.5,26.5,32.0,0.38461538461538464,0.6738768718801996,0.5238115217391305
2021-05-24,2021-05-24 12:09:00,2021-05-24 13:24:00,2021-05-24 13:29:00,short,5330.0,5326.5,5338.0,5326.5,3.5,35.0,limit_touch,take_profit,-1.0,2021-05-24 12:09:00,1,-2.5,-5.0,-8.5,-48.5,17.0,-0.4375,-0.29411764705882354,23.220000000000002,2.7777777777777777,424243.0,0.699044006190654,5.0,8.5,48.5,0.29411764705882354,0.4375,0.4244995652173913
2021-05-25,2021-05-25 10:36:00,2021-05-25 10:44:00,2021-05-25 10:51:00,long,5316.5,5320.0,5309.5,5320.0,3.5,35.0,limit_touch,take_profit,1.0,2021-05-25 10:36:00,1,8.5,10.0,10.5,4.5,25.0,0.5877192982456141,0.4,22.978125,1.1315109479124168,295777.0,0.8415522968679292,10.0,10.5,4.5,0.4,0.5877192982456141,0.2928036956521739
2021-05-25,2021-05-25 10:57:00,2021-05-25 11:00:00,2021-05-25 11:01:00,long,5320.5,5324.0,5313.0,5324.0,3.5,35.0,limit_touch,take_profit,1.0,2021-05-25 10:57:00,2,5.0,3.5,15.0,8.5,15.5,0.3739130434782609,0.22580645161290322,22.978125,1.349109207126343,355785.0,0.8605876818392558,3.5,15.0,8.5,0.22580645161290322,0.3739130434782609,0.15603101449275364
2021-05-26,2021-05-26 10:32:00,2021-05-26 10:38:00,2021-05-26 10:39:00,long,5334.0,5337.5,5326.5,5337.5,3.5,35.0,limit_touch,take_profit,1.0,2021-05-26 10:32:00,1,6.5,18.0,22.0,16.0,28.0,0.8201058201058201,0.6428571428571429,22.56176470588235,1.8172337374527443,303763.0,0.9025592418853841,18.0,22.0,16.0,0.6428571428571429,0.8201058201058201,0.5768307246376811
2021-05-26,2021-05-26 12:22:00,2021-05-26 12:38:00,2021-05-26 12:53:00,short,5303.0,5311.0,5311.0,5299.0,-8.0,-80.0,limit_touch,stop_loss,-1.0,2021-05-26 12:22:00,2,-14.5,-17.5,-23.0,-36.0,19.5,-0.984313725490196,-0.8974358974358975,22.56176470588235,2.4155911875896234,554693.0,0.8863123427963044,17.5,23.0,36.0,0.8974358974358975,0.984313725490196,0.726175579710145
2021-05-27,2021-05-27 12:00:00,2021-05-27 13:04:00,2021-05-27 14:10:00,short,5273.5,5270.0,5281.0,5270.0,3.5,35.0,limit_touch,take_profit,-1.0,2021-05-27 12:00:00,1,-4.0,-5.0,-16.0,-42.5,20.0,-0.21978021978021978,-0.25,22.216666666666665,2.408102025506377,542988.0,0.9418246331187241,5.0,16.0,42.5,0.25,0.21978021978021978,0.4405979710144927
2021-05-28,2021-05-28 10:08:00,2021-05-28 10:10:00,2021-05-28 10:12:00,short,5240.5,5236.5,5249.0,5236.5,4.0,40.0,limit_touch,take_profit,-1.0,2021-05-28 10:08:00,1,-11.0,-13.0,-15.0,-23.0,33.0,-0.5238095238095238,-0.3939393939393939,22.263157894736842,1.2352245862884161,175883.0,0.6675418580305504,13.0,15.0,23.0,0.3939393939393939,0.5238095238095238,0.40587717391304345
2021-05-28,2021-05-28 10:19:00,2021-05-28 10:22:00,2021-05-28 10:32:00,short,5235.0,5231.0,5243.5,5231.0,4.0,40.0,limit_touch,take_profit,-1.0,2021-05-28 10:19:00,2,-5.5,-13.5,-19.0,-30.5,25.5,-0.5710455764075067,-0.5294117647058824,22.263157894736842,1.549645390070922,216672.0,0.7284938025585291,13.5,19.0,30.5,0.5294117647058824,0.5710455764075067,0.5246922463768117
2021-05-28,2021-05-28 10:34:00,2021-05-28 10:37:00,2021-05-28 10:50:00,short,5235.0,5231.0,5243.5,5231.0,4.0,40.0,limit_touch,take_profit,-1.0,2021-05-28 10:34:00,3,-7.0,0.0,-13.5,-30.5,20.0,-0.2,0.0,22.263157894736842,1.5721040189125295,250169.0,0.7332561449479871,-0.0,13.5,30.5,-0.0,0.2,0.20438746376811595
2021-05-28,2021-05-28 11:02:00,2021-05-28 11:02:00,2021-05-28 11:02:00,short,5233.5,5229.5,5242.0,5229.5,4.0,40.0,limit_touch,take_profit,-1.0,2021-05-28 11:02:00,4,-2.5,-2.5,1.0,-25.5,20.5,-0.21693121693121692,-0.12195121951219512,22.263157894736842,1.6394799054373521,299322.0,0.70503367325511,2.5,-1.0,25.5,0.12195121951219512,0.21693121693121692,0.2063471739130435
2021-05-28,2021-05-28 13:08:00,2021-05-28 13:30:00,2021-05-28 14:16:00,short,5228.0,5224.5,5235.5,5224.5,3.5,35.0,limit_touch,take_profit,-1.0,2021-05-28 13:08:00,5,-3.5,-5.0,-5.0,-39.5,12.0,-0.46,-0.4166666666666667,22.263157894736842,1.9763593380614657,447345.0,0.6367632369487157,5.0,5.0,39.5,0.4166666666666667,0.46,0.4043221739130435
2021-05-31,2021-05-31 10:05:00,2021-05-31 10:08:00,2021-05-31 10:18:00,short,5234.0,5231.0,5241.0,5231.0,3.0,30.0,limit_touch,take_profit,-1.0,2021-05-31 10:05:00,1,-5.0,-3.0,-7.5,-11.5,19.0,-0.2,-0.15789473684210525,21.915,1.0723248916267396,122396.0,0.4883397104178553,3.0,7.5,11.5,0.15789473684210525,0.2,0.10225217391304348
2021-05-31,2021-05-31 10:35:00,2021-05-31 10:47:00,2021-05-31 11:00:00,short,5222.5,5229.5,5229.5,5219.0,-7.0,-70.0,better_open,stop_loss,-1.0,2021-05-31 10:35:00,2,-11.5,-17.5,-18.0,-29.5,20.5,-0.9534883720930233,-0.8536585365853658,21.915,1.7796030116358659,192529.0,0.5613494999143293,17.5,18.0,29.5,0.8536585365853658,0.9534883720930233,0.621523768115942
2021-05-31,2021-05-31 12:25:00,2021-05-31 12:58:00,2021-05-31 13:13:00,long,5261.0,5264.5,5253.0,5264.5,3.5,35.0,limit_touch,take_profit,1.0,2021-05-31 12:25:00,3,5.5,11.0,21.0,33.5,28.0,0.6731707317073171,0.39285714285714285,21.915,2.943189596167009,395513.0,0.6339319018859746,11.0,21.0,33.5,0.39285714285714285,0.6731707317073171,0.5037873188405797
2021-06-01,2021-06-01 10:33:00,2021-06-01 10:55:00,2021-06-01 10:57:00,short,5175.5,5171.5,5184.0,5171.5,4.0,40.0,limit_touch,take_profit,-1.0,2021-06-01 10:33:00,1,-2.0,-6.5,-28.0,-51.0,14.5,-0.7171717171717171,-0.4482758620689655,21.79285714285714,2.844968862667978,367171.0,1.1027299313999204,6.5,28.0,51.0,0.4482758620689655,0.7171717171717171,0.6135126086956522
2021-06-02,2021-06-02 10:15:00,2021-06-02 10:19:00,2021-06-02 10:34:00,long,5181.5,5174.5,5174.5,5185.0,-7.0,-70.0,limit_touch,stop_loss,1.0,2021-06-02 10:15:00,1,8.5,13.0,8.0,14.0,21.0,0.8135593220338984,0.6190476190476191,21.79285714285714,1.1471648639790233,244233.0,0.8662368326383365,13.0,8.0,14.0,0.6190476190476191,0.8135593220338984,0.4615281159420289
2021-06-04,2021-06-04 10:53:00,2021-06-04 11:50:00,2021-06-04 12:01:00,short,5080.5,5076.0,5090.5,5076.0,4.5,45.0,limit_touch,take_profit,-1.0,2021-06-04 10:53:00,1,-3.5,-4.0,-10.0,-53.5,29.0,-0.17088607594936708,-0.13793103448275862,21.79285714285714,2.661422484431334,388483.0,0.9901586413154572,4.0,10.0,53.5,0.13793103448275862,0.17088607594936708,0.4466226811594203
2021-06-07,2021-06-07 10:14:00,2021-06-07 10:21:00,2021-06-07 10:41:00,long,5069.0,5060.5,5060.5,5073.0,-8.5,-85.0,limit_touch,stop_loss,1.0,2021-06-07 10:14:00,1,3.5,6.0,16.5,24.5,18.0,0.4576271186440678,0.3333333333333333,21.79285714285714,1.720747295968535,256967.0,0.9221296690524654,6.0,16.5,24.5,0.3333333333333333,0.4576271186440678,0.3618949275362319
2021-06-07,2021-06-07 11:01:00,2021-06-07 11:13:00,2021-06-07 11:29:00,long,5072.0,5063.5,5063.5,5076.0,-8.5,-85.0,limit_touch,stop_loss,1.0,2021-06-07 11:01:00,2,0.0,6.5,12.5,23.0,26.5,0.27125506072874495,0.24528301886792453,21.79285714285714,1.8813503769255984,402591.0,0.9709765506422603,6.5,12.5,23.0,0.24528301886792453,0.27125506072874495,0.36135731884057964
2021-06-07,2021-06-07 13:02:00,2021-06-07 13:10:00,2021-06-07 13:13:00,short,5043.0,5039.0,5051.5,5039.0,4.0,40.0,limit_touch,take_profit_gap_open,-1.0,2021-06-07 13:02:00,3,-2.0,-14.5,-26.5,-18.5,19.5,-0.940983606557377,-0.7435897435897436,21.79285714285714,2.386102917076369,671364.0,0.9845584532665788,14.5,26.5,18.5,0.7435897435897436,0.940983606557377,0.6263164492753623
2021-06-08,2021-06-08 10:11:00,2021-06-08 10:15:00,2021-06-08 10:21:00,long,5064.0,5068.0,5055.5,5068.0,4.0,40.0,limit_touch,take_profit,1.0,2021-06-08 10:11:00,1,9.0,15.0,21.0,15.5,29.0,0.8181818181818182,0.5172413793103449,21.79285714285714,1.5601442150114717,255527.0,0.9499415267892238,15.0,21.0,15.5,0.5172413793103449,0.8181818181818182,0.5089384782608696
2021-06-08,2021-06-08 10:52:00,2021-06-08 11:06:00,2021-06-08 11:32:00,long,5069.5,5061.5,5061.5,5073.5,-8.0,-80.0,limit_touch,stop_loss,1.0,2021-06-08 10:52:00,2,4.0,8.5,11.0,22.5,20.5,0.5846994535519126,0.4146341463414634,21.79285714285714,1.9042936742051788,358053.0,0.9200007846717826,8.5,11.0,22.5,0.4146341463414634,0.5846994535519126,0.427481231884058
2021-06-08,2021-06-08 12:29:00,2021-06-08 12:50:00,2021-06-08 13:03:00,short,5045.0,5053.5,5053.5,5041.0,-8.5,-85.0,limit_touch,stop_loss,-1.0,2021-06-08 12:29:00,3,-2.0,-8.0,-10.0,-18.0,22.0,-0.40186915887850466,-0.36363636363636365,21.79285714285714,2.156669944280564,601125.0,0.9612315424539704,8.0,10.0,18.0,0.36363636363636365,0.40186915887850466,0.4033284782608696
2021-06-09,2021-06-09 10:11:00,2021-06-09 10:18:00,2021-06-09 10:22:00,long,5053.5,5046.0,5046.0,5057.0,-7.5,-75.0,limit_touch,stop_loss,1.0,2021-06-09 10:11:00,1,9.0,18.5,22.0,21.5,34.5,0.8370118845500849,0.5362318840579711,21.24,1.4830508474576272,224457.0,0.8352252514177186,18.5,22.0,21.5,0.5362318840579711,0.8370118845500849,0.5465759420289855
2021-06-09,2021-06-09 11:14:00,2021-06-09 11:21:00,2021-06-09 11:24:00,long,5057.0,5061.0,5048.5,5061.0,4.0,40.0,limit_touch,take_profit,1.0,2021-06-09 11:14:00,2,8.5,4.5,4.0,22.5,27.5,-0.12684365781710916,0.16363636363636364,21.24,1.6949152542372883,421640.0,0.9337182593360253,4.5,4.0,22.5,0.16363636363636364,-0.12684365781710916,0.2781073913043478
2021-06-09,2021-06-09 14:05:00,2021-06-09 14:41:00,2021-06-09 14:42:00,long,5080.0,5084.0,5072.0,5084.0,4.0,40.0,limit_touch,take_profit,1.0,2021-06-09 14:05:00,3,3.5,2.0,6.5,56.5,19.0,0.17857142857142858,0.10526315789473684,21.24,3.1308851224105463,733220.0,0.957938724417049,2.0,6.5,56.5,0.10526315789473684,0.17857142857142858,0.42026260869565213
2021-06-10,2021-06-10 12:01:00,2021-06-10 12:37:00,2021-06-10 13:09:00,long,5079.5,5084.0,5069.5,5084.0,4.5,45.0,limit_touch,take_profit,1.0,2021-06-10 12:01:00,1,13.0,23.0,37.0,17.0,43.0,0.6,0.5348837209302325,21.025,2.330558858501784,602073.0,1.058671722805696,23.0,37.0,17.0,0.5348837209302325,0.6,0.6576469565217391
2021-06-10,2021-06-10 13:34:00,2021-06-10 13:50:00,2021-06-10 14:30:00,long,5087.0,5091.5,5077.5,5091.5,4.5,45.0,limit_touch,take_profit,1.0,2021-06-10 13:34:00,2,0.0,9.5,13.0,21.5,25.5,0.6574923547400612,0.37254901960784315,21.025,2.8299643281807376,733953.0,1.0120342396713156,9.5,13.0,21.5,0.37254901960784315,0.6574923547400612,0.49304688405797104
2021-06-11,2021-06-11 12:30:00,2021-06-11 14:05:00,2021-06-11 14:11:00,long,5126.5,5130.5,5118.0,5130.5,4.0,40.0,limit_touch,take_profit,1.0,2021-06-11 12:30:00,1,4.5,7.0,9.5,88.0,20.0,0.3287671232876712,0.35,20.57142857142857,4.350694444444445,564702.0,0.9018298586697356,7.0,9.5,88.0,0.35,0.3287671232876712,0.564294347826087
2021-06-14,2021-06-14 10:01:00,2021-06-14 10:01:00,2021-06-14 10:01:00,short,5104.5,5101.0,5111.5,5101.0,3.5,35.0,limit_touch,take_profit,-1.0,2021-06-14 10:01:00,1,-12.0,-11.5,-10.0,-11.5,30.5,-0.6464379947229552,-0.3770491803278688,21.35625,1.0301434006438397,153796.0,0.6615251097353899,11.5,10.0,11.5,0.3770491803278688,0.6464379947229552,0.3023152898550725
2021-06-14,2021-06-14 10:36:00,2021-06-14 10:41:00,2021-06-14 10:57:00,short,5094.5,5091.0,5102.0,5091.0,3.5,35.0,limit_touch,take_profit,-1.0,2021-06-14 10:36:00,2,-4.5,-0.5,-2.0,-24.5,22.5,0.2736318407960199,-0.022222222222222223,21.35625,1.6622768510389232,251834.0,0.7368799899678135,0.5,2.0,24.5,0.022222222222222223,-0.2736318407960199,0.18012840579710143
2021-06-14,2021-06-14 11:00:00,2021-06-14 11:07:00,2021-06-14 11:13:00,short,5094.0,5090.5,5101.5,5090.5,3.5,35.0,limit_touch,take_profit,-1.0,2021-06-14 11:00:00,3,-7.5,-7.5,-6.5,-29.0,18.5,-0.3989071038251366,-0.40540540540540543,21.35625,1.6856892010535558,303828.0,0.7430347566270987,7.5,6.5,29.0,0.40540540540540543,0.3989071038251366,0.3915318115942029
2021-06-14,2021-06-14 12:12:00,2021-06-14 14:51:00,2021-06-14 15:08:00,short,5078.5,5086.0,5086.0,5075.0,-7.5,-75.0,limit_touch,stop_loss,-1.0,2021-06-14 12:12:00,4,-1.5,-6.0,-20.0,-47.5,18.0,-0.6164383561643836,-0.3333333333333333,21.35625,2.6455955516534972,447763.0,0.7564429653766793,6.0,20.0,47.5,0.3333333333333333,0.6164383561643836,0.45792260869565216
2021-06-15,2021-06-15 10:00:00,2021-06-15 10:16:00,2021-06-15 10:22:00,long,5086.0,5079.5,5079.5,5089.0,-6.5,-65.0,limit_touch,stop_loss,1.0,2021-06-15 10:00:00,1,0.5,6.0,21.0,15.0,24.0,0.21212121212121213,0.25,20.866666666666667,1.365814696485623,230007.0,1.0164379608719734,6.0,21.0,15.0,0.25,0.21212121212121213,0.29556188405797096
2021-06-15,2021-06-15 10:32:00,2021-06-15 10:35:00,2021-06-15 10:45:00,long,5087.0,5090.0,5080.0,5090.0,3.0,30.0,limit_touch,take_profit,1.0,2021-06-15 10:32:00,2,8.5,7.0,3.5,18.5,27.0,0.4125,0.25925925925925924,20.866666666666667,1.4376996805111821,327575.0,1.0027387147840976,7.0,3.5,18.5,0.25925925925925924,0.4125,0.33290449275362316
2021-06-15,2021-06-15 10:47:00,2021-06-15 10:59:00,2021-06-15 11:01:00,long,5089.5,5092.5,5082.5,5092.5,3.0,30.0,limit_touch,take_profit,1.0,2021-06-15 10:47:00,3,5.5,-0.5,6.5,18.0,21.5,-0.10407239819004525,-0.023255813953488372,20.866666666666667,1.5814696485623003,369075.0,0.9904555551061938,-0.5,6.5,18.0,-0.023255813953488372,-0.10407239819004525,0.1974272463768116
2021-06-15,2021-06-15 11:15:00,2021-06-15 11:34:00,2021-06-15 11:35:00,long,5101.5,5105.0,5094.0,5105.0,3.5,35.0,limit_touch,take_profit,1.0,2021-06-15 11:15:00,4,6.5,21.0,22.5,38.0,28.0,0.7771084337349398,0.75,20.866666666666667,2.3482428115015974,457295.0,1.0133967128716797,21.0,22.5,38.0,0.75,0.7771084337349398,0.7882842028985507
2021-06-15,2021-06-15 14:53:00,2021-06-15 14:59:00,2021-06-15 15:06:00,short,5069.0,5065.5,5077.0,5065.5,3.5,35.0,limit_touch,take_profit,-1.0,2021-06-15 14:53:00,5,-18.0,-25.0,-29.0,-14.5,32.0,-0.9833080424886191,-0.78125,20.866666666666667,2.851437699680511,798391.0,0.9682086478605144,25.0,29.0,14.5,0.78125,0.9833080424886191,0.6897642028985507
2021-06-16,2021-06-16 10:38:00,2021-06-16 10:45:00,2021-06-16 10:46:00,short,5045.0,5041.5,5053.0,5041.5,3.5,35.0,limit_touch,take_profit,-1.0,2021-06-16 10:38:00,1,-6.5,-9.0,-11.0,-19.0,17.0,-0.8,-0.5294117647058824,20.76,1.2764932562620424,298915.0,0.863421141934468,9.0,11.0,19.0,0.5294117647058824,0.8,0.4106298550724638
2021-06-16,2021-06-16 11:07:00,2021-06-16 11:14:00,2021-06-16 11:17:00,short,5040.5,5037.0,5048.5,5037.0,3.5,35.0,limit_touch,take_profit,-1.0,2021-06-16 11:07:00,2,-4.5,-6.5,-7.0,-26.0,14.5,-0.6144578313253012,-0.4482758620689655,20.76,1.5895953757225432,374180.0,0.8707705870556731,6.5,7.0,26.0,0.4482758620689655,0.6144578313253012,0.3965345652173913
2021-06-16,2021-06-16 12:47:00,2021-06-16 13:25:00,2021-06-16 13:48:00,short,5017.0,5013.5,5025.0,5013.5,3.5,35.0,limit_touch,take_profit,-1.0,2021-06-16 12:47:00,3,-1.5,-3.5,-11.0,-59.0,22.5,-0.03783783783783784,-0.15555555555555556,20.76,3.082851637764932,611977.0,0.9375611668996878,3.5,11.0,59.0,0.15555555555555556,0.03783783783783784,0.4432502173913043
2021-06-17,2021-06-17 10:33:00,2021-06-17 10:44:00,2021-06-17 11:07:00,short,5041.0,5035.5,5053.0,5035.5,5.5,55.0,limit_touch,take_profit,-1.0,2021-06-17 10:33:00,1,-6.0,-19.5,-39.5,-39.0,25.5,-0.7944664031620553,-0.7647058823529411,21.286363636363635,2.6542814435191118,384984.0,1.1706677784048973,19.5,39.5,39.0,0.7647058823529411,0.7944664031620553,0.8327602898550724
2021-06-17,2021-06-17 11:34:00,2021-06-17 12:06:00,2021-06-17 12:13:00,short,5039.0,5050.5,5050.5,5033.5,-11.5,-115.0,limit_touch,stop_loss,-1.0,2021-06-17 11:34:00,2,-8.0,-6.5,-14.0,-47.5,32.5,-0.43455497382198954,-0.2,21.286363636363635,2.795216741405082,571945.0,1.1487736118606724,6.5,14.0,47.5,0.2,0.43455497382198954,0.538010652173913
2021-06-17,2021-06-17 12:35:00,2021-06-17 12:48:00,2021-06-17 13:22:00,short,5032.0,5026.5,5044.0,5026.5,5.5,55.0,limit_touch,take_profit,-1.0,2021-06-17 12:35:00,3,-10.0,-22.0,-14.0,-58.5,31.0,-0.7722222222222223,-0.7096774193548387,21.286363636363635,3.218022635062994,715811.0,1.1344228304720392,22.0,14.0,58.5,0.7096774193548387,0.7722222222222223,0.8874415942028986
2021-06-18,2021-06-18 10:06:00,2021-06-18 10:08:00,2021-06-18 10:16:00,short,5007.0,5002.5,5016.5,5002.5,4.5,45.0,limit_touch,take_profit,-1.0,2021-06-18 10:06:00,1,-3.5,-20.0,-18.5,-12.0,46.0,-0.4854368932038835,-0.43478260869565216,21.2625,1.646090534979424,272105.0,1.0931319818454777,20.0,18.5,12.0,0.43478260869565216,0.4854368932038835,0.5460909420289856
2021-06-18,2021-06-18 10:31:00,2021-06-18 10:36:00,2021-06-18 10:46:00,short,4999.5,5009.0,5009.0,4995.0,-9.5,-95.0,limit_touch,stop_loss,-1.0,2021-06-18 10:31:00,2,-1.0,-12.0,-13.0,-21.5,40.0,-0.4404432132963989,-0.3,21.2625,2.1164021164021163,369124.0,1.142414891343012,12.0,13.0,21.5,0.3,0.4404432132963989,0.5111063043478261
2021-06-18,2021-06-18 11:20:00,2021-06-18 11:38:00,2021-06-18 11:46:00,long,5044.5,5049.5,5033.5,5049.5,5.0,50.0,limit_touch,take_profit,1.0,2021-06-18 11:20:00,3,16.5,14.5,43.5,45.5,44.5,0.5538656527249683,0.3258426966292135,21.2625,3.5508524397413286,593094.0,1.2753985580173512,14.5,43.5,45.5,0.3258426966292135,0.5538656527249683,0.7124856521739131
2021-06-18,2021-06-18 14:01:00,2021-06-18 14:37:00,2021-06-18 14:51:00,long,5064.5,5070.0,5053.0,5070.0,5.5,55.0,limit_touch,take_profit,1.0,2021-06-18 14:01:00,4,14.5,18.5,14.0,76.0,31.5,0.785876993166287,0.5873015873015873,21.2625,4.797178130511464,947141.0,1.2561532009974077,18.5,14.0,76.0,0.5873015873015873,0.785876993166287,0.8824369565217391
2021-06-21,2021-06-21 10:20:00,2021-06-21 10:46:00,2021-06-21 11:01:00,short,5052.5,5047.5,5063.5,5047.5,5.0,50.0,limit_touch,take_profit,-1.0,2021-06-21 10:20:00,1,-6.0,-2.5,-17.0,-34.0,20.5,-0.3532934131736527,-0.12195121951219512,22.569230769230767,2.0824812542603954,236631.0,0.8102447262238366,2.5,17.0,34.0,0.12195121951219512,0.3532934131736527,0.2890667391304348
2021-06-21,2021-06-21 11:05:00,2021-06-21 11:13:00,2021-06-21 11:15:00,short,5051.0,5046.0,5062.0,5046.0,5.0,50.0,limit_touch,take_profit,-1.0,2021-06-21 11:05:00,2,-11.0,-12.0,-5.5,-36.5,35.0,-0.3440366972477064,-0.34285714285714286,22.569230769230767,2.171097477845944,353471.0,0.8312486720389098,12.0,5.5,36.5,0.34285714285714286,0.3440366972477064,0.5131976811594202
2021-06-21,2021-06-21 13:02:00,2021-06-21 13:27:00,2021-06-21 13:30:00,short,5043.5,5039.0,5052.5,5039.0,4.5,45.0,limit_touch,take_profit,-1.0,2021-06-21 13:02:00,3,-10.0,-12.5,-13.5,-45.0,20.5,-0.6809815950920245,-0.6097560975609756,22.569230769230767,2.614178595773688,534108.0,0.7867531278529072,12.5,13.5,45.0,0.6097560975609756,0.6809815950920245,0.6510272463768116
2021-06-22,2021-06-22 12:34:00,2021-06-22 12:43:00,2021-06-22 12:44:00,short,5017.5,5013.5,5026.5,5013.5,4.0,40.0,limit_touch,take_profit,-1.0,2021-06-22 12:34:00,1,-4.5,-9.0,-5.0,-8.0,17.0,-0.5102040816326531,-0.5294117647058824,22.44642857142857,1.9379474940334132,648964.0,1.0273700332518023,9.0,5.0,8.0,0.5294117647058824,0.5102040816326531,0.43358391304347826
2021-06-22,2021-06-22 13:26:00,2021-06-22 14:14:00,2021-06-22 14:22:00,short,5008.5,5004.5,5017.5,5004.5,4.0,40.0,limit_touch,take_profit,-1.0,2021-06-22 13:26:00,2,-3.5,-10.0,-5.0,-20.0,26.0,-0.5806451612903226,-0.38461538461538464,22.44642857142857,2.47255369928401,750878.0,1.0570420822954858,10.0,5.0,20.0,0.38461538461538464,0.5806451612903226,0.4995060144927536
2021-06-23,2021-06-23 10:15:00,2021-06-23 10:20:00,2021-06-23 10:21:00,long,4964.5,4968.5,4955.5,4968.5,4.0,40.0,limit_touch,take_profit,1.0,2021-06-23 10:15:00,1,12.0,20.5,11.5,3.5,32.5,0.837708830548926,0.6307692307692307,22.73,1.2978442586889574,278626.0,1.003353261485075,20.5,11.5,3.5,0.6307692307692307,0.837708830548926,0.5358408695652175
2021-06-23,2021-06-23 10:28:00,2021-06-23 10:30:00,2021-06-23 10:32:00,long,4966.0,4970.5,4956.5,4970.5,4.5,45.0,limit_touch,take_profit,1.0,2021-06-23 10:28:00,2,2.5,4.0,10.5,1.0,30.0,0.36363636363636365,0.13333333333333333,22.73,1.3638363396392432,314939.0,1.0018727515132004,4.0,10.5,1.0,0.13333333333333333,0.36363636363636365,0.1648435507246377
2021-06-23,2021-06-23 11:43:00,2021-06-23 11:57:00,2021-06-23 12:09:00,long,4973.5,4978.5,4963.0,4978.5,5.0,50.0,limit_touch,take_profit,1.0,2021-06-23 11:43:00,3,9.5,16.0,27.5,16.0,45.0,0.39705882352941174,0.35555555555555557,22.73,1.803783545974483,580453.0,1.1115247706740001,16.0,27.5,16.0,0.35555555555555557,0.39705882352941174,0.5204778985507246
2021-06-23,2021-06-23 13:21:00,2021-06-23 13:25:00,2021-06-23 13:39:00,short,4951.5,4962.0,4962.0,4946.5,-10.5,-105.0,limit_touch,stop_loss,-1.0,2021-06-23 13:21:00,4,-5.0,-13.5,-27.0,-24.5,25.5,-0.8005865102639296,-0.5294117647058824,22.73,1.891772987241531,800997.0,1.1378880959341278,13.5,27.0,24.5,0.5294117647058824,0.8005865102639296,0.6186568115942029
2021-06-25,2021-06-25 12:17:00,2021-06-25 12:38:00,2021-06-25 13:50:00,long,4935.0,4939.0,4926.5,4939.0,4.0,40.0,limit_touch,take_profit,1.0,2021-06-25 12:17:00,1,4.0,13.0,29.0,30.5,36.0,0.3695652173913043,0.3611111111111111,22.05,2.380952380952381,573410.0,0.9482643501240503,13.0,29.0,30.5,0.3611111111111111,0.3695652173913043,0.5517826811594203
2021-06-28,2021-06-28 10:07:00,2021-06-28 10:15:00,2021-06-28 10:23:00,short,4947.5,4943.0,4957.5,4943.0,4.5,45.0,limit_touch,take_profit,-1.0,2021-06-28 10:07:00,1,-2.5,-20.0,-19.5,-8.5,37.0,-0.6872586872586872,-0.5405405405405406,22.183333333333334,1.555221637866266,217497.0,0.8573612409033046,20.0,19.5,8.5,0.5405405405405406,0.6872586872586872,0.48847065217391306
2021-06-28,2021-06-28 10:38:00,2021-06-28 10:40:00,2021-06-28 11:07:00,short,4939.5,4949.5,4949.5,4935.0,-10.0,-100.0,limit_touch,stop_loss,-1.0,2021-06-28 10:38:00,2,-8.0,-12.0,-11.0,-20.0,20.0,-0.8,-0.6,22.183333333333334,2.0510894064613074,295414.0,0.8472166995303676,12.0,11.0,20.0,0.6,0.8,0.521065
2021-06-29,2021-06-29 11:01:00,2021-06-29 11:01:00,2021-06-29 11:01:00,long,4953.5,4957.5,4945.0,4957.5,4.0,40.0,limit_touch,take_profit,1.0,2021-06-29 11:01:00,1,9.5,9.5,9.0,11.0,24.5,0.68561872909699,0.3877551020408163,21.876315789473683,1.302778780223746,329158.0,0.7936692859782272,9.5,9.0,11.0,0.3877551020408163,0.68561872909699,0.3001449275362319
2021-06-29,2021-06-29 11:13:00,2021-06-29 11:15:00,2021-06-29 11:16:00,long,4956.0,4960.0,4947.5,4960.0,4.0,40.0,limit_touch,take_profit,1.0,2021-06-29 11:13:00,2,6.0,15.5,13.5,18.0,28.5,0.7917675544794189,0.543859649122807,21.876315789473683,1.4627691567424517,371613.0,0.8258395473153098,15.5,13.5,18.0,0.543859649122807,0.7917675544794189,0.49442057971014497
2021-06-29,2021-06-29 11:21:00,2021-06-29 11:28:00,2021-06-29 11:35:00,long,4961.5,4953.0,4953.0,4965.5,-8.5,-85.0,limit_touch,stop_loss,1.0,2021-06-29 11:21:00,3,9.0,9.0,22.0,24.5,23.0,0.6986301369863014,0.391304347826087,21.876315789473683,1.8056056778539638,400029.0,0.8477428874848066,9.0,22.0,24.5,0.391304347826087,0.6986301369863014,0.413016231884058
2021-06-30,2021-06-30 10:17:00,2021-06-30 10:39:00,2021-06-30 10:46:00,long,5012.0,5016.5,5002.5,5016.5,4.5,45.0,limit_touch,take_profit,1.0,2021-06-30 10:17:00,1,11.0,24.5,18.0,45.0,40.5,0.7737104825291181,0.6049382716049383,21.525,2.764227642276423,264303.0,0.9272860560810487,24.5,18.0,45.0,0.6049382716049383,0.7737104825291181,0.7853150724637681
2021-06-30,2021-06-30 12:40:00,2021-06-30 13:00:00,2021-06-30 13:15:00,long,5022.0,5011.5,5011.5,5027.0,-10.5,-105.0,limit_touch,stop_loss,1.0,2021-06-30 12:40:00,2,1.0,-1.5,2.0,56.5,19.5,0.05806451612903226,-0.07692307692307693,21.525,3.3681765389082465,582671.0,0.9058117470317721,-1.5,2.0,56.5,-0.07692307692307693,0.05806451612903226,0.3758623188405797
2021-07-01,2021-07-01 10:03:00,2021-07-01 10:08:00,2021-07-01 10:25:00,short,4969.5,4978.5,4978.5,4965.5,-9.0,-90.0,limit_touch,stop_loss,-1.0,2021-07-01 10:03:00,1,-10.0,-11.0,-18.0,-11.5,28.0,-0.35714285714285715,-0.39285714285714285,21.53571428571429,1.4162520729684906,213280.0,0.892326693320436,11.0,18.0,11.5,0.39285714285714285,0.35714285714285715,0.3568665942028985
2021-07-01,2021-07-01 10:45:00,2021-07-01 10:47:00,2021-07-01 10:50:00,long,4995.5,5000.0,4986.0,5000.0,4.5,45.0,limit_touch,take_profit,1.0,2021-07-01 10:45:00,2,7.0,23.5,28.0,21.5,31.5,0.8555304740406321,0.746031746031746,21.53571428571429,2.0663349917081257,358433.0,0.9730011607616943,23.5,28.0,21.5,0.746031746031746,0.8555304740406321,0.6922197826086957
2021-07-01,2021-07-01 11:00:00,2021-07-01 11:01:00,2021-07-01 11:03:00,long,5007.5,5012.0,4997.5,5012.0,4.5,45.0,limit_touch,take_profit,1.0,2021-07-01 11:00:00,3,13.0,9.0,32.5,30.5,47.0,0.038391224862888484,0.19148936170212766,21.53571428571429,2.8092868988391375,413136.0,1.0086578483596802,9.0,32.5,30.5,0.19148936170212766,0.038391224862888484,0.48347586956521743
2021-07-01,2021-07-01 12:36:00,2021-07-01 13:42:00,2021-07-01 13:51:00,long,5038.0,5043.0,5027.5,5043.0,5.0,50.0,limit_touch,take_profit,1.0,2021-07-01 12:36:00,4,2.5,-1.5,24.0,79.0,16.5,-0.24369747899159663,-0.09090909090909091,21.53571428571429,4.7131011608623545,679336.0,1.06602174173669,-1.5,24.0,79.0,-0.09090909090909091,-0.24369747899159663,0.44952652173913044
2021-07-02,2021-07-02 10:07:00,2021-07-02 10:39:00,2021-07-02 10:41:00,short,5020.5,5032.0,5032.0,5015.0,-11.5,-115.0,limit_touch,stop_loss,-1.0,2021-07-02 10:07:00,1,5.5,-7.0,-12.0,-41.5,38.0,-0.34944237918215615,-0.18421052631578946,21.53571428571429,3.552238805970149,273847.0,1.081812835572392,7.0,12.0,41.5,0.18421052631578946,0.34944237918215615,0.5257252898550725
2021-07-02,2021-07-02 11:10:00,2021-07-02 11:18:00,2021-07-02 11:27:00,long,5067.0,5053.5,5053.5,5073.5,-13.5,-135.0,limit_touch,stop_loss,1.0,2021-07-02 11:10:00,2,39.0,54.0,68.5,37.0,87.0,0.8794326241134752,0.6206896551724138,21.53571428571429,4.039800995024875,485745.0,1.0966845055491792,54.0,68.5,37.0,0.6206896551724138,0.8794326241134752,0.8535461594202898
2021-07-05,2021-07-05 10:02:00,2021-07-05 10:04:00,2021-07-05 10:12:00,long,5080.5,5071.5,5071.5,5085.0,-9.0,-90.0,limit_touch,stop_loss,1.0,2021-07-05 10:02:00,1,14.0,14.0,18.5,13.5,30.0,0.5098039215686274,0.4666666666666667,21.53571428571429,1.1144278606965172,157055.0,0.6686621583965732,14.0,18.5,13.5,0.4666666666666667,0.5098039215686274,0.3880935507246377
2021-07-05,2021-07-05 10:19:00,2021-07-05 10:22:00,2021-07-05 11:02:00,long,5083.0,5087.5,5073.5,5087.5,4.5,45.0,limit_touch,take_profit,1.0,2021-07-05 10:19:00,2,8.5,1.0,12.0,14.0,26.0,0.15894039735099338,0.038461538461538464,21.53571428571429,1.253731343283582,204688.0,0.7046794733976509,1.0,12.0,14.0,0.038461538461538464,0.15894039735099338,0.09970413043478261
2021-07-05,2021-07-05 11:12:00,2021-07-05 11:16:00,2021-07-05 11:28:00,long,5090.0,5094.5,5080.5,5094.5,4.5,45.0,limit_touch,take_profit,1.0,2021-07-05 11:12:00,3,9.0,10.0,17.5,25.5,20.0,0.794392523364486,0.5,21.53571428571429,1.69485903814262,312971.0,0.6973605798566891,10.0,17.5,25.5,0.5,0.794392523364486,0.44684014492753626
2021-07-05,2021-07-05 11:40:00,2021-07-05 12:02:00,2021-07-05 12:13:00,long,5090.5,5095.0,5081.5,5095.0,4.5,45.0,limit_touch,take_profit,1.0,2021-07-05 11:40:00,4,5.0,7.5,3.5,27.5,14.5,0.5421686746987951,0.5172413793103449,21.53571428571429,1.7412935323383083,362404.0,0.6987122840033574,7.5,3.5,27.5,0.5172413793103449,0.5421686746987951,0.4245513768115942
2021-07-05,2021-07-05 12:24:00,2021-07-05 12:33:00,2021-07-05 13:17:00,long,5096.5,5087.5,5087.5,5100.5,-9.0,-90.0,limit_touch,stop_loss,1.0,2021-07-05 12:24:00,5,5.5,6.5,1.0,28.5,15.5,0.5483870967741935,0.41935483870967744,21.53571428571429,2.08955223880597,419492.0,0.6787333391652839,6.5,1.0,28.5,0.41935483870967744,0.5483870967741935,0.39050876811594204
2021-07-06,2021-07-06 12:14:00,2021-07-06 14:18:00,2021-07-06 14:32:00,long,5188.5,5193.5,5178.0,5193.5,5.0,50.0,limit_touch,take_profit,1.0,2021-07-06 12:14:00,1,12.5,5.0,27.0,126.0,25.0,0.40106951871657753,0.2,21.53571428571429,6.082918739635157,709030.0,1.1892851784351295,5.0,27.0,126.0,0.2,0.40106951871657753,0.5732089855072464
2021-07-07,2021-07-07 10:08:00,2021-07-07 10:16:00,2021-07-07 10:31:00,long,5217.0,5221.5,5206.5,5221.5,4.5,45.0,limit_touch,take_profit,1.0,2021-07-07 10:08:00,1,4.0,14.0,25.5,26.5,36.0,0.4634146341463415,0.3888888888888889,21.53571428571429,2.0663349917081257,286937.0,1.1230446122727584,14.0,25.5,26.5,0.3888888888888889,0.4634146341463415,0.5879132608695652
2021-07-07,2021-07-07 12:18:00,2021-07-07 12:44:00,2021-07-07 12:46:00,long,5267.0,5272.5,5255.0,5272.5,5.5,55.0,limit_touch,take_profit,1.0,2021-07-07 12:18:00,2,17.0,22.0,20.0,97.5,46.0,0.7213114754098361,0.4782608695652174,21.53571428571429,5.1774461028192365,782669.0,1.2892304009285944,22.0,20.0,97.5,0.4782608695652174,0.7213114754098361,0.8761100000000002
2021-07-08,2021-07-08 10:24:00,2021-07-08 10:30:00,2021-07-08 10:30:00,short,5282.0,5275.5,5296.0,5275.5,6.5,65.0,limit_touch,take_profit,-1.0,2021-07-08 10:24:00,1,-4.0,-10.5,-14.5,-13.0,29.5,-0.5512465373961218,-0.3559322033898305,30.0,1.2,338869.0,1.1104895039201397,10.5,14.5,13.0,0.3559322033898305,0.5512465373961218,0.4021548550724638
2021-07-08,2021-07-08 10:32:00,2021-07-08 10:36:00,2021-07-08 10:44:00,short,5280.5,5294.0,5294.0,5274.0,-13.5,-135.0,limit_touch,stop_loss,-1.0,2021-07-08 10:32:00,2,-4.0,-11.0,-22.5,-15.5,26.0,-0.6851851851851852,-0.4230769230769231,30.0,1.2666666666666666,368122.0,1.1199045638327227,11.0,22.5,15.5,0.4230769230769231,0.6851851851851852,0.45478108695652175
2021-07-08,2021-07-08 11:22:00,2021-07-08 11:25:00,2021-07-08 11:34:00,long,5307.0,5314.0,5292.5,5314.0,7.0,70.0,limit_touch,take_profit,1.0,2021-07-08 11:22:00,3,23.0,35.0,24.5,26.5,48.0,0.8801571709233792,0.7291666666666666,30.0,1.6,577527.0,1.2071188044780516,35.0,24.5,26.5,0.7291666666666666,0.8801571709233792,0.7682504347826087
2021-07-08,2021-07-08 11:39:00,2021-07-08 11:40:00,2021-07-08 11:40:00,long,5313.0,5298.0,5298.0,5320.0,-15.0,-150.0,limit_touch,stop_loss,1.0,2021-07-08 11:39:00,4,11.0,10.0,40.5,34.0,46.0,0.47390396659707723,0.21739130434782608,30.0,1.8666666666666667,659523.0,1.2678036175644365,10.0,40.5,34.0,0.21739130434782608,0.47390396659707723,0.5287058695652174
2021-07-08,2021-07-08 12:07:00,2021-07-08 12:07:00,2021-07-08 12:09:00,short,5282.0,5297.5,5297.5,5275.0,-15.5,-155.0,limit_touch,stop_loss,-1.0,2021-07-08 12:07:00,5,-25.0,-31.5,-32.0,-21.0,55.5,-0.7323636363636363,-0.5675675675675675,30.0,2.0,751698.0,1.2770434171849638,31.5,32.0,21.0,0.5675675675675675,0.7323636363636363,0.7315035507246377
2021-07-08,2021-07-08 13:24:00,2021-07-08 14:02:00,2021-07-08 14:24:00,short,5256.0,5271.0,5271.0,5249.0,-15.0,-150.0,limit_touch,stop_loss,-1.0,2021-07-08 13:24:00,6,-7.5,-5.5,-16.0,-55.0,34.5,-0.010183299389002037,-0.15942028985507245,30.0,3.1666666666666665,939977.0,1.3157620060505069,5.5,16.0,55.0,0.15942028985507245,0.010183299389002037,0.5510341304347826
2021-07-12,2021-07-12 10:10:00,2021-07-12 10:16:00,2021-07-12 10:19:00,short,5258.0,5252.5,5270.0,5252.5,5.5,55.0,limit_touch,take_profit,-1.0,2021-07-12 10:10:00,1,0.5,-20.0,-21.0,-14.0,34.0,-0.8440677966101695,-0.5882352941176471,29.75,1.73109243697479,298189.0,1.1344651391150198,20.0,21.0,14.0,0.5882352941176471,0.8440677966101695,0.6246964492753624
2021-07-12,2021-07-12 10:25:00,2021-07-12 10:38:00,2021-07-12 10:39:00,short,5256.5,5251.0,5268.5,5251.0,5.5,55.0,limit_touch,take_profit,-1.0,2021-07-12 10:25:00,2,-4.5,-4.5,-24.5,-18.5,31.5,-0.05912596401028278,-0.14285714285714285,29.75,1.7983193277310925,340875.0,1.1095299905644516,4.5,24.5,18.5,0.14285714285714285,0.05912596401028278,0.30817695652173915
2021-07-13,2021-07-13 11:17:00,2021-07-13 11:33:00,2021-07-13 11:51:00,short,5183.5,5178.0,5195.5,5178.0,5.5,55.0,limit_touch,take_profit,-1.0,2021-07-13 11:17:00,1,-4.0,-23.0,-39.5,-17.5,31.0,-0.8725490196078431,-0.7419354838709677,30.707142857142856,2.1819027680856014,546070.0,1.176877198190169,23.0,39.5,17.5,0.7419354838709677,0.8725490196078431,0.7212288405797102
2021-07-13,2021-07-13 13:49:00,2021-07-13 14:03:00,2021-07-13 14:09:00,short,5177.5,5172.5,5188.0,5172.5,5.0,50.0,limit_touch,take_profit,-1.0,2021-07-13 13:49:00,2,-4.5,-6.0,-8.5,-27.5,21.0,-0.4215686274509804,-0.2857142857142857,30.707142857142856,2.4424284717376135,820522.0,1.097876928419407,6.0,8.5,27.5,0.2857142857142857,0.4215686274509804,0.45107224637681165
2021-07-14,2021-07-14 11:19:00,2021-07-14 11:44:00,2021-07-14 11:49:00,short,5099.5,5094.0,5111.0,5094.0,5.5,55.0,limit_touch,take_profit,-1.0,2021-07-14 11:19:00,1,-4.5,-11.0,-34.5,-80.5,29.0,-0.46835443037974683,-0.3793103448275862,29.68125,3.06590861233944,525157.0,1.1175076489149798,11.0,34.5,80.5,0.3793103448275862,0.46835443037974683,0.6890134782608696
2021-07-15,2021-07-15 10:23:00,2021-07-15 10:35:00,2021-07-15 10:36:00,long,5096.0,5085.5,5085.5,5101.0,-10.5,-105.0,limit_touch,stop_loss,1.0,2021-07-15 10:23:00,1,11.0,17.0,26.5,11.5,31.0,0.5309734513274337,0.5483870967741935,29.416666666666664,1.529745042492918,340286.0,1.1258089500034905,17.0,26.5,11.5,0.5483870967741935,0.5309734513274337,0.5627757246376812
2021-07-15,2021-07-15 10:55:00,2021-07-15 10:58:00,2021-07-15 11:01:00,long,5104.5,5109.5,5093.0,5109.5,5.0,50.0,limit_touch,take_profit,1.0,2021-07-15 10:55:00,2,13.0,22.0,14.5,22.0,46.0,0.643979057591623,0.4782608695652174,29.416666666666664,1.9206798866855526,467236.0,1.1726797218463414,22.0,14.5,22.0,0.4782608695652174,0.643979057591623,0.6643412318840579
2021-07-15,2021-07-15 12:25:00,2021-07-15 13:38:00,2021-07-15 13:42:00,long,5115.5,5121.0,5103.5,5121.0,5.5,55.0,limit_touch,take_profit,1.0,2021-07-15 12:25:00,3,9.0,20.5,17.0,34.5,31.5,0.8942917547568711,0.6507936507936508,29.416666666666664,2.413597733711048,720008.0,1.1469200772580144,20.5,17.0,34.5,0.6507936507936508,0.8942917547568711,0.7905897101449275
2021-07-16,2021-07-16 10:47:00,2021-07-16 10:56:00,2021-07-16 11:05:00,long,5123.0,5112.0,5112.0,5128.0,-11.0,-110.0,limit_touch,stop_loss,1.0,2021-07-16 10:47:00,1,8.0,20.5,25.5,16.5,46.5,0.6338983050847458,0.44086021505376344,29.04,1.6701101928374655,407496.0,1.0832851056273158,20.5,25.5,16.5,0.44086021505376344,0.6338983050847458,0.579334420289855
2021-07-16,2021-07-16 12:00:00,2021-07-16 12:05:00,2021-07-16 12:07:00,short,5096.5,5091.0,5108.0,5091.0,5.5,55.0,better_open,take_profit,-1.0,2021-07-16 12:00:00,2,-4.5,-17.5,-29.0,-29.5,27.5,-0.8873239436619719,-0.6363636363636364,29.04,1.7734159779614325,652623.0,1.1374889413484415,17.5,29.0,29.5,0.6363636363636364,0.8873239436619719,0.7117471014492753
2021-07-16,2021-07-16 13:55:00,2021-07-16 14:21:00,2021-07-16 14:25:00,short,5095.5,5090.0,5107.0,5090.0,5.5,55.0,limit_touch,take_profit,-1.0,2021-07-16 13:55:00,3,-6.5,-12.0,-13.0,-26.5,27.0,-0.5170068027210885,-0.4444444444444444,29.04,1.825068870523416,831328.0,1.101202725083594,12.0,13.0,26.5,0.4444444444444444,0.5170068027210885,0.5677213768115942
2021-07-19,2021-07-19 10:01:00,2021-07-19 10:02:00,2021-07-19 10:23:00,long,5196.5,5202.0,5185.0,5202.0,5.5,55.0,limit_touch,take_profit,1.0,2021-07-19 10:01:00,1,10.0,-1.5,-2.5,36.0,32.5,0.002652519893899204,-0.046153846153846156,27.845454545454544,1.7956252040483187,265549.0,1.1502657937618295,-1.5,-2.5,36.0,-0.046153846153846156,0.002652519893899204,0.3368936956521739
2021-07-19,2021-07-19 11:13:00,2021-07-19 11:34:00,2021-07-19 11:35:00,long,5203.5,5209.5,5190.5,5209.5,6.0,60.0,limit_touch,take_profit,1.0,2021-07-19 11:13:00,2,15.5,27.0,29.5,50.5,57.0,0.6452119309262166,0.47368421052631576,27.845454545454544,2.1188377407770163,577141.0,1.2690391828416807,27.0,29.5,50.5,0.47368421052631576,0.6452119309262166,0.8132704347826086
2021-07-20,2021-07-20 10:31:00,2021-07-20 10:47:00,2021-07-20 10:55:00,long,5285.5,5275.0,5275.0,5290.5,-10.5,-105.0,limit_touch,stop_loss,1.0,2021-07-20 10:31:00,1,6.5,12.0,20.0,49.0,36.0,0.4230769230769231,0.3333333333333333,28.175,2.25377107364685,353773.0,1.0916096953735266,12.0,20.0,49.0,0.3333333333333333,0.4230769230769231,0.6318448550724638
2021-07-20,2021-07-20 11:22:00,2021-07-20 11:28:00,2021-07-20 11:39:00,short,5253.0,5265.0,5265.0,5247.5,-12.0,-120.0,limit_touch,stop_loss,-1.0,2021-07-20 11:22:00,2,-16.0,-13.0,-42.0,-7.0,30.0,-0.6386138613861386,-0.43333333333333335,28.175,2.2892635314995564,558472.0,1.160653394374778,13.0,42.0,7.0,0.43333333333333335,0.6386138613861386,0.4979283333333333
2021-07-20,2021-07-20 12:47:00,2021-07-20 13:05:00,2021-07-20 13:37:00,short,5232.0,5226.0,5244.5,5226.0,6.0,60.0,limit_touch,take_profit,-1.0,2021-07-20 12:47:00,3,-10.0,-21.5,-35.5,-29.5,31.5,-0.8790496760259179,-0.6825396825396826,28.175,3.3007985803016857,778438.0,1.1675882874292847,21.5,35.5,29.5,0.6825396825396826,0.8790496760259179,0.8066399275362318
2021-07-21,2021-07-21 11:35:00,2021-07-21 11:40:00,2021-07-21 11:57:00,long,5271.0,5260.0,5260.0,5276.0,-11.0,-110.0,limit_touch,stop_loss,1.0,2021-07-21 11:35:00,1,13.5,16.0,25.5,42.5,32.0,0.5957446808510638,0.5,28.15384615384615,1.7759562841530057,553849.0,1.077997060911015,16.0,25.5,42.5,0.5,0.5957446808510638,0.6976536956521739
2021-07-22,2021-07-22 10:39:00,2021-07-22 10:43:00,2021-07-22 10:56:00,long,5206.5,5211.5,5195.5,5211.5,5.0,50.0,limit_touch,take_profit,1.0,2021-07-22 10:39:00,1,11.0,18.5,23.5,26.5,30.5,0.8912,0.6065573770491803,28.22142857142857,1.5768159959503922,392494.0,1.1144502538713896,18.5,23.5,26.5,0.6065573770491803,0.8912,0.6815834057971014
2021-07-22,2021-07-22 11:09:00,2021-07-22 11:17:00,2021-07-22 11:41:00,long,5214.0,5219.5,5202.5,5219.5,5.5,55.0,limit_touch,take_profit,1.0,2021-07-22 11:09:00,2,14.0,16.5,10.0,36.5,34.5,0.7034795763993948,0.4782608695652174,28.22142857142857,1.9311566691976714,504403.0,1.1363721018253037,16.5,10.0,36.5,0.4782608695652174,0.7034795763993948,0.6933676811594203
2021-07-22,2021-07-22 12:41:00,2021-07-22 12:54:00,2021-07-22 13:17:00,long,5216.0,5205.0,5205.0,5221.0,-11.0,-110.0,limit_touch,stop_loss,1.0,2021-07-22 12:41:00,3,7.5,16.5,15.0,41.5,35.5,0.5441478439425051,0.4647887323943662,28.22142857142857,2.0197418375094913,700522.0,1.0624547560912538,16.5,15.0,41.5,0.4647887323943662,0.5441478439425051,0.6962503623188405
2021-07-23,2021-07-23 10:03:00,2021-07-23 10:08:00,2021-07-23 10:09:00,short,5173.5,5169.5,5182.5,5169.5,4.0,40.0,limit_touch,take_profit,-1.0,2021-07-23 10:03:00,1,-4.0,-11.0,-11.0,-38.0,18.0,-0.7361111111111112,-0.6111111111111112,27.479999999999997,1.4374090247452695,180878.0,0.7575083696219368,11.0,11.0,38.0,0.6111111111111112,0.7361111111111112,0.5437107971014492
2021-07-23,2021-07-23 12:06:00,2021-07-23 12:10:00,2021-07-23 12:23:00,short,5172.5,5181.5,5181.5,5168.0,-9.0,-90.0,better_open,stop_loss,-1.0,2021-07-23 12:06:00,2,-3.5,-12.0,-10.5,-37.5,28.0,-0.3475177304964539,-0.42857142857142855,27.479999999999997,1.4737991266375547,495843.0,0.8377297330448146,12.0,10.5,37.5,0.42857142857142855,0.3475177304964539,0.5132860144927536
2021-07-23,2021-07-23 14:50:00,2021-07-23 14:52:00,2021-07-23 14:52:00,long,5196.5,5188.0,5188.0,5200.5,-8.5,-85.0,limit_touch,stop_loss,1.0,2021-07-23 14:50:00,3,4.5,13.0,10.0,-0.5,25.0,0.5596330275229358,0.52,27.479999999999997,1.6375545851528386,706849.0,0.8536114905918137,13.0,10.0,-0.5,0.52,0.5596330275229358,0.39418572463768115
2021-07-26,2021-07-26 11:35:00,2021-07-26 12:27:00,2021-07-26 12:35:00,short,5183.5,5178.5,5194.0,5178.5,5.0,50.0,limit_touch,take_profit,-1.0,2021-07-26 11:35:00,1,-10.0,-10.0,-14.5,-23.0,24.0,-0.5886524822695035,-0.4166666666666667,27.159375,2.4485099528247614,490795.0,0.9587552307926875,10.0,14.5,23.0,0.4166666666666667,0.5886524822695035,0.4965605072463768
2021-07-26,2021-07-26 13:40:00,2021-07-26 14:10:00,2021-07-26 14:34:00,short,5174.5,5170.0,5184.5,5170.0,4.5,45.0,limit_touch,take_profit,-1.0,2021-07-26 13:40:00,2,-9.0,-10.5,-13.5,-36.0,18.5,-0.9077809798270894,-0.5675675675675675,27.159375,2.908756184558739,695747.0,0.9415619837471423,10.5,13.5,36.0,0.5675675675675675,0.9077809798270894,0.6303252173913044
2021-07-27,2021-07-27 11:03:00,2021-07-27 11:19:00,2021-07-27 11:28:00,short,5173.0,5168.5,5183.0,5168.5,4.5,45.0,limit_touch,take_profit,-1.0,2021-07-27 11:03:00,1,-7.0,-13.0,-19.5,-33.0,24.0,-0.25735294117647056,-0.5416666666666666,26.955882352941178,1.762138570649209,466944.0,1.10355419760708,13.0,19.5,33.0,0.5416666666666666,0.25735294117647056,0.643835652173913
2021-07-27,2021-07-27 12:15:00,2021-07-27 12:35:00,2021-07-27 13:55:00,short,5166.0,5175.5,5175.5,5161.5,-9.5,-95.0,limit_touch,stop_loss,-1.0,2021-07-27 12:15:00,2,-10.0,-12.0,-15.0,-41.5,25.0,-0.6614173228346457,-0.48,26.955882352941178,2.096017457719585,633783.0,1.04103167725247,12.0,15.0,41.5,0.48,0.6614173228346457,0.6476508695652173
2021-07-28,2021-07-28 10:26:00,2021-07-28 10:28:00,2021-07-28 10:31:00,short,5158.5,5155.0,5166.5,5155.0,3.5,35.0,limit_touch,take_profit,-1.0,2021-07-28 10:26:00,1,-4.5,-12.5,-15.0,-19.0,18.5,-0.8303030303030303,-0.6756756756756757,26.4,1.0606060606060606,247597.0,0.8031496216241465,12.5,15.0,19.0,0.6756756756756757,0.8303030303030303,0.47842449275362325
2021-07-28,2021-07-28 10:39:00,2021-07-28 10:42:00,2021-07-28 10:47:00,short,5156.0,5152.0,5164.0,5152.0,4.0,40.0,limit_touch,take_profit,-1.0,2021-07-28 10:39:00,2,-1.5,-5.0,-15.5,-23.0,31.0,-0.031914893617021274,-0.16129032258064516,26.4,1.1931818181818183,299082.0,0.8524117422152895,5.0,15.5,23.0,0.16129032258064516,0.031914893617021274,0.24231753623188407
2021-07-28,2021-07-28 10:49:00,2021-07-28 10:51:00,2021-07-28 10:56:00,short,5147.0,5143.0,5155.5,5143.0,4.0,40.0,limit_touch,take_profit,-1.0,2021-07-28 10:49:00,3,-10.0,-7.5,-15.5,-29.0,30.5,-0.4117647058823529,-0.2459016393442623,26.4,1.6477272727272727,332662.0,0.871051573871752,7.5,15.5,29.0,0.2459016393442623,0.4117647058823529,0.3657909420289855
2021-07-28,2021-07-28 11:02:00,2021-07-28 11:11:00,2021-07-28 11:23:00,short,5142.5,5138.5,5151.0,5138.5,4.0,40.0,limit_touch,take_profit,-1.0,2021-07-28 11:02:00,4,-12.5,-17.5,-21.0,-38.5,39.5,-0.3700384122919334,-0.4430379746835443,26.4,1.875,385271.0,0.9142708295553904,17.5,21.0,38.5,0.4430379746835443,0.3700384122919334,0.6298904347826086
2021-07-28,2021-07-28 14:38:00,2021-07-28 14:59:00,2021-07-28 14:59:00,long,5167.5,5171.5,5159.0,5171.5,4.0,40.0,limit_touch,take_profit,1.0,2021-07-28 14:38:00,5,2.5,3.5,9.5,3.5,13.5,0.0891089108910891,0.25925925925925924,26.4,1.893939393939394,745735.0,0.9198292596449723,3.5,9.5,3.5,0.25925925925925924,0.0891089108910891,0.19574485507246375
2021-07-29,2021-07-29 13:25:00,2021-07-29 13:42:00,2021-07-29 14:02:00,short,5054.0,5063.5,5063.5,5049.5,-9.5,-95.0,limit_touch,stop_loss,-1.0,2021-07-29 13:25:00,1,-5.0,-5.0,-7.0,-44.5,17.0,-0.43859649122807015,-0.29411764705882354,26.4,1.912878787878788,598048.0,0.8328915431990903,5.0,7.0,44.5,0.29411764705882354,0.43859649122807015,0.39904681159420285
2021-08-02,2021-08-02 11:31:00,2021-08-02 12:09:00,2021-08-02 12:21:00,short,5161.0,5155.5,5172.5,5155.5,5.5,55.0,limit_touch,take_profit,-1.0,2021-08-02 11:31:00,1,0.5,-9.5,-16.5,-63.0,28.5,-0.34097421203438394,-0.3333333333333333,26.764285714285712,2.6714705097411264,451598.0,0.9099497990669749,9.5,16.5,63.0,0.3333333333333333,0.34097421203438394,0.571411231884058
2021-08-02,2021-08-02 12:29:00,2021-08-02 13:04:00,2021-08-02 13:10:00,short,5155.5,5150.0,5167.5,5150.0,5.5,55.0,limit_touch,take_profit,-1.0,2021-08-02 12:29:00,2,-12.0,-22.5,-12.0,-70.5,32.5,-0.8393234672304439,-0.6923076923076923,26.764285714285712,2.93301307712837,570002.0,0.9042113097401987,22.5,12.0,70.5,0.6923076923076923,0.8393234672304439,0.8230547101449274
2021-08-02,2021-08-02 13:43:00,2021-08-02 14:59:00,2021-08-02 15:03:00,short,5154.0,5166.0,5166.0,5148.5,-12.0,-120.0,limit_touch,stop_loss,-1.0,2021-08-02 13:43:00,3,-7.5,-16.5,-19.0,-73.5,20.5,-0.9183673469387755,-0.8048780487804879,26.764285714285712,3.0077395249532963,690688.0,0.9400164198375628,16.5,19.0,73.5,0.8048780487804879,0.9183673469387755,0.813378188405797
2021-08-03,2021-08-03 11:05:00,2021-08-03 11:50:00,2021-08-03 11:55:00,long,5266.5,5273.5,5252.0,5273.5,7.0,70.0,limit_touch,take_profit,1.0,2021-08-03 11:05:00,1,1.0,4.0,25.5,98.0,33.0,0.1801470588235294,0.12121212121212122,26.764285714285712,4.147317854283427,555849.0,1.3167975596302963,4.0,25.5,98.0,0.12121212121212122,0.1801470588235294,0.5477023188405797
2021-08-04,2021-08-04 10:35:00,2021-08-04 10:41:00,2021-08-04 10:50:00,short,5197.5,5191.5,5211.0,5191.5,6.0,60.0,limit_touch,take_profit,-1.0,2021-08-04 10:35:00,1,-17.5,-32.0,-32.0,-19.0,44.0,-0.8571428571428571,-0.7272727272727273,26.764285714285712,2.0362957032292504,411896.0,1.2493328384618285,32.0,32.0,19.0,0.7272727272727273,0.8571428571428571,0.7513847826086957
2021-08-04,2021-08-04 11:31:00,2021-08-04 11:43:00,2021-08-04 11:44:00,long,5238.0,5244.5,5223.5,5244.5,6.5,65.0,limit_touch,take_profit,1.0,2021-08-04 11:31:00,2,8.0,37.0,50.0,48.0,55.0,0.7997097242380261,0.6727272727272727,26.764285714285712,2.6901521216973583,661164.0,1.3404260754234134,37.0,50.0,48.0,0.6727272727272727,0.7997097242380261,0.9074005797101449
2021-08-04,2021-08-04 12:31:00,2021-08-04 13:13:00,2021-08-04 13:24:00,long,5245.0,5251.5,5230.5,5251.5,6.5,65.0,limit_touch,take_profit,1.0,2021-08-04 12:31:00,3,2.0,21.5,20.5,56.5,34.5,0.9069182389937107,0.6231884057971014,26.764285714285712,3.0264211369095277,827771.0,1.3121452373850007,21.5,20.5,56.5,0.6231884057971014,0.9069182389937107,0.8870013768115943
2021-08-05,2021-08-05 10:39:00,2021-08-05 10:47:00,2021-08-05 10:58:00,short,5142.5,5136.5,5155.0,5136.5,6.0,60.0,limit_touch,take_profit,-1.0,2021-08-05 10:39:00,1,-9.5,-14.0,-26.5,-9.5,28.0,-0.6326530612244898,-0.5,26.764285714285712,2.0736589271417136,412964.0,1.2007182258408657,14.0,26.5,9.5,0.5,0.6326530612244898,0.5462352173913043
2021-08-06,2021-08-06 10:29:00,2021-08-06 10:32:00,2021-08-06 10:45:00,short,5239.5,5255.5,5255.5,5232.0,-16.0,-160.0,limit_touch,stop_loss,-1.0,2021-08-06 10:29:00,1,-7.0,-22.5,-51.0,-25.5,34.5,-0.7888,-0.6521739130434783,26.764285714285712,2.634107285828663,424088.0,1.372261668356291,22.5,51.0,25.5,0.6521739130434783,0.7888,0.788350652173913
2021-08-09,2021-08-09 11:57:00,2021-08-09 12:22:00,2021-08-09 12:24:00,long,5296.5,5303.0,5282.5,5303.0,6.5,65.0,limit_touch,take_profit,1.0,2021-08-09 11:57:00,1,7.0,28.5,18.0,66.0,39.5,0.917228103946102,0.7215189873417721,30.929999999999996,2.3924991917232465,699661.0,1.2523836278422709,28.5,18.0,66.0,0.7215189873417721,0.917228103946102,0.9068308695652175
2021-08-10,2021-08-10 10:16:00,2021-08-10 10:18:00,2021-08-10 10:18:00,short,5245.0,5239.0,5257.5,5239.0,6.0,60.0,limit_touch,take_profit,-1.0,2021-08-10 10:16:00,1,-18.0,-17.0,-32.0,-15.5,62.0,-0.4393939393939394,-0.27419354838709675,30.0,1.4833333333333334,425052.0,1.559713290048736,17.0,32.0,15.5,0.27419354838709675,0.4393939393939394,0.5215977536231884
2021-08-10,2021-08-10 11:58:00,2021-08-10 12:01:00,2021-08-10 12:02:00,short,5241.5,5235.0,5255.5,5235.0,6.5,65.0,limit_touch,take_profit,-1.0,2021-08-10 11:58:00,2,0.0,-9.5,-2.5,-15.0,25.5,-0.7461706783369803,-0.37254901960784315,30.0,1.65,807785.0,1.438084616597261,9.5,2.5,15.0,0.37254901960784315,0.7461706783369803,0.4582530434782609
2021-08-10,2021-08-10 12:57:00,2021-08-10 13:16:00,2021-08-10 13:20:00,short,5224.0,5218.0,5237.5,5218.0,6.0,60.0,limit_touch,take_profit,-1.0,2021-08-10 12:57:00,3,-10.5,-21.0,-15.5,-42.5,37.0,-0.7557251908396947,-0.5675675675675675,30.0,2.4166666666666665,950474.0,1.4104943751071872,21.0,15.5,42.5,0.5675675675675675,0.7557251908396947,0.8275132608695652
2021-08-10,2021-08-10 14:08:00,2021-08-10 14:25:00,2021-08-10 14:27:00,short,5220.0,5214.0,5233.0,5214.0,6.0,60.0,limit_touch,take_profit,-1.0,2021-08-10 14:08:00,4,-13.0,-13.5,-15.5,-47.0,22.5,-0.8847117794486216,-0.6,30.0,2.6,1068873.0,1.3943087225851476,13.5,15.5,47.0,0.6,0.8847117794486216,0.7894104347826086
2021-08-11,2021-08-11 11:36:00,2021-08-11 11:50:00,2021-08-11 12:03:00,long,5231.5,5237.5,5218.5,5237.5,6.0,60.0,limit_touch,take_profit,1.0,2021-08-11 11:36:00,1,8.0,17.5,28.0,33.5,30.5,0.639344262295082,0.5737704918032787,29.057142857142857,2.44346116027532,678066.0,1.3218341060826522,17.5,28.0,33.5,0.5737704918032787,0.639344262295082,0.7688847826086956
2021-08-12,2021-08-12 10:15:00,2021-08-12 10:17:00,2021-08-12 10:18:00,long,5254.0,5258.5,5244.5,5258.5,4.5,45.0,limit_touch,take_profit,1.0,2021-08-12 10:15:00,1,3.0,15.5,7.5,26.0,26.5,0.6209912536443148,0.5849056603773585,28.0875,1.335113484646195,296862.0,1.0884958867262038,15.5,7.5,26.0,0.5849056603773585,0.6209912536443148,0.6251644927536232
2021-08-12,2021-08-12 11:40:00,2021-08-12 11:48:00,2021-08-12 12:02:00,long,5257.0,5262.0,5246.5,5262.0,5.0,50.0,limit_touch,take_profit,1.0,2021-08-12 11:40:00,2,-1.5,6.0,19.0,27.5,28.0,0.6153846153846154,0.21428571428571427,28.0875,1.4597240765465065,561232.0,1.0678412504370203,6.0,19.0,27.5,0.21428571428571427,0.6153846153846154,0.3752423188405797
2021-08-12,2021-08-12 12:04:00,2021-08-12 12:13:00,2021-08-12 12:15:00,long,5259.5,5264.5,5249.0,5264.5,5.0,50.0,limit_touch,take_profit,1.0,2021-08-12 12:04:00,3,6.5,6.0,2.0,30.5,25.0,0.3464566929133858,0.24,28.0875,1.584334668446818,618777.0,1.055257763992015,6.0,2.0,30.5,0.24,0.3464566929133858,0.3994184057971015
2021-08-12,2021-08-12 14:17:00,2021-08-12 14:25:00,2021-08-12 15:14:00,short,5234.5,5244.5,5244.5,5230.0,-10.0,-100.0,limit_touch,stop_loss,-1.0,2021-08-12 14:17:00,4,-7.5,-15.5,-13.0,-8.5,28.5,-0.71712158808933,-0.543859649122807,28.0875,1.7089452603471296,836730.0,1.0643827561419723,15.5,13.0,8.5,0.543859649122807,0.71712158808933,0.524022536231884
2021-08-13,2021-08-13 10:43:00,2021-08-13 10:51:00,2021-08-13 10:54:00,long,5278.0,5283.0,5267.0,5283.0,5.0,50.0,limit_touch,take_profit,1.0,2021-08-13 10:43:00,1,6.5,28.0,23.5,32.5,40.0,0.8768328445747801,0.7,26.716666666666665,1.8153462258265753,386685.0,1.0721351964927315,28.0,23.5,32.5,0.7,0.8768328445747801,0.770060579710145
2021-08-13,2021-08-13 11:28:00,2021-08-13 11:35:00,2021-08-13 11:47:00,long,5281.0,5269.5,5269.5,5286.0,-11.5,-115.0,limit_touch,stop_loss,1.0,2021-08-13 11:28:00,2,9.0,10.0,9.0,35.0,29.0,0.25,0.3448275862068966,26.716666666666665,1.9650655021834063,530188.0,1.0730351681642567,10.0,9.0,35.0,0.3448275862068966,0.25,0.5414784782608695
2021-08-13,2021-08-13 12:27:00,2021-08-13 12:46:00,2021-08-13 12:48:00,short,5251.5,5246.0,5263.0,5246.0,5.5,55.0,limit_touch,take_profit,-1.0,2021-08-13 12:27:00,3,-4.0,-3.5,-20.0,-12.0,24.5,-0.5157894736842106,-0.14285714285714285,26.716666666666665,2.133499688084841,696091.0,1.0985032377674537,3.5,20.0,12.0,0.14285714285714285,0.5157894736842106,0.2741968115942029
2021-08-13,2021-08-13 14:13:00,2021-08-13 14:55:00,2021-08-13 15:15:00,short,5248.0,5243.0,5258.5,5243.0,5.0,50.0,limit_touch,take_profit,-1.0,2021-08-13 14:13:00,4,-4.0,-11.5,-12.5,-19.5,26.5,-0.7329700272479565,-0.4339622641509434,26.716666666666665,2.301933873986276,843210.0,1.0788912604510754,11.5,12.5,19.5,0.4339622641509434,0.7329700272479565,0.5357664492753623
2021-08-16,2021-08-16 10:15:00,2021-08-16 10:32:00,2021-08-16 10:32:00,short,5271.0,5266.5,5280.5,5266.5,4.5,45.0,limit_touch,take_profit,-1.0,2021-08-16 10:15:00,1,-3.5,-8.5,-13.5,-23.0,28.5,-0.05362776025236593,-0.2982456140350877,25.889999999999997,1.9698725376593282,257639.0,0.941721066137849,8.5,13.5,23.0,0.2982456140350877,0.05362776025236593,0.4024897826086956
2021-08-16,2021-08-16 11:51:00,2021-08-16 12:06:00,2021-08-16 12:35:00,short,5257.5,5252.5,5268.0,5252.5,5.0,50.0,limit_touch,take_profit,-1.0,2021-08-16 11:51:00,2,-1.5,-8.0,-10.5,-41.5,21.0,-0.8076923076923077,-0.38095238095238093,25.889999999999997,2.6651216685979144,545238.0,0.9861537826650095,8.0,10.5,41.5,0.38095238095238093,0.8076923076923077,0.5530973913043478
2021-08-17,2021-08-17 10:17:00,2021-08-17 10:25:00,2021-08-17 10:30:00,long,5298.5,5289.0,5289.0,5303.0,-9.5,-95.0,limit_touch,stop_loss,1.0,2021-08-17 10:17:00,1,12.5,18.5,29.0,13.5,25.5,0.8691588785046729,0.7254901960784313,25.418181818181818,1.7507153075822603,307737.0,1.096023424609754,18.5,29.0,13.5,0.7254901960784313,0.8691588785046729,0.6336749275362319
2021-08-17,2021-08-17 10:40:00,2021-08-17 10:42:00,2021-08-17 10:44:00,short,5271.5,5266.5,5282.5,5266.5,5.0,50.0,limit_touch,take_profit,-1.0,2021-08-17 10:40:00,2,-17.0,-38.5,-31.0,-30.0,47.5,-0.916751269035533,-0.8105263157894737,25.418181818181818,2.0064377682403434,422568.0,1.1975900147551466,38.5,31.0,30.0,0.8105263157894737,0.916751269035533,0.8189948550724637
2021-08-17,2021-08-17 11:07:00,2021-08-17 11:35:00,2021-08-17 11:36:00,short,5269.0,5264.0,5280.0,5264.0,5.0,50.0,limit_touch,take_profit,-1.0,2021-08-17 11:07:00,3,-6.5,-20.5,-14.0,-34.5,36.5,-0.6515426497277677,-0.5616438356164384,25.418181818181818,2.124463519313305,534470.0,1.2209560717837586,20.5,14.0,34.5,0.5616438356164384,0.6515426497277677,0.7664423913043479
2021-08-17,2021-08-17 12:26:00,2021-08-17 12:38:00,2021-08-17 13:18:00,short,5262.0,5273.0,5273.0,5257.0,-11.0,-110.0,limit_touch,stop_loss,-1.0,2021-08-17 12:26:00,4,-8.5,-13.5,-20.0,-41.0,29.5,-0.6676557863501483,-0.4576271186440678,25.418181818181818,2.498211731044349,731848.0,1.150943579208153,13.5,20.0,41.0,0.4576271186440678,0.6676557863501483,0.6983085507246377
2021-08-17,2021-08-17 14:50:00,2021-08-17 15:00:00,2021-08-17 15:07:00,long,5297.0,5302.0,5285.5,5302.0,5.0,50.0,limit_touch,take_profit,1.0,2021-08-17 14:50:00,5,10.0,24.0,21.5,18.5,36.0,0.7906976744186046,0.6666666666666666,25.418181818181818,2.675250357653791,1018956.0,1.2215213788658805,24.0,21.5,18.5,0.6666666666666666,0.7906976744186046,0.7458854347826087
2021-08-18,2021-08-18 10:11:00,2021-08-18 10:13:00,2021-08-18 10:26:00,short,5286.5,5297.5,5297.5,5281.5,-11.0,-110.0,limit_touch,stop_loss,-1.0,2021-08-18 10:11:00,1,-7.0,-18.0,-19.0,-14.5,25.0,-0.8235294117647058,-0.72,24.999999999999996,1.06,240524.0,0.9142604314118421,18.0,19.0,14.5,0.72,0.8235294117647058,0.548715579710145
2021-08-18,2021-08-18 11:00:00,2021-08-18 11:03:00,2021-08-18 11:09:00,short,5280.5,5291.5,5291.5,5275.5,-11.0,-110.0,limit_touch,stop_loss,-1.0,2021-08-18 11:00:00,2,-5.5,-14.5,-23.0,-20.5,27.5,-0.5946843853820598,-0.5272727272727272,24.999999999999996,1.4000000000000001,390376.0,0.938295393340954,14.5,23.0,20.5,0.5272727272727272,0.5946843853820598,0.5240829710144927
2021-08-18,2021-08-18 11:32:00,2021-08-18 11:47:00,2021-08-18 11:49:00,long,5318.0,5323.5,5305.5,5323.5,5.5,55.0,limit_touch,take_profit,1.0,2021-08-18 11:32:00,3,4.0,20.5,51.5,33.0,46.5,0.5867158671586716,0.44086021505376344,24.999999999999996,2.4800000000000004,550451.0,1.0788074833375063,20.5,51.5,33.0,0.44086021505376344,0.5867158671586716,0.7077382608695652
2021-08-18,2021-08-18 12:40:00,2021-08-18 14:22:00,2021-08-18 14:30:00,long,5341.0,5347.0,5328.0,5347.0,6.0,60.0,limit_touch,take_profit,1.0,2021-08-18 12:40:00,4,11.0,21.5,41.5,67.5,30.5,0.7260981912144703,0.7049180327868853,24.999999999999996,3.7000000000000006,781432.0,1.1783174936491227,21.5,41.5,67.5,0.7049180327868853,0.7260981912144703,0.9043846376811595
2021-08-19,2021-08-19 10:34:00,2021-08-19 10:36:00,2021-08-19 10:42:00,short,5421.0,5435.5,5435.5,5414.5,-14.5,-145.0,limit_touch,stop_loss,-1.0,2021-08-19 10:34:00,1,-20.0,-24.5,-26.0,-13.5,53.5,-0.6765375854214123,-0.45794392523364486,26.215384615384615,2.2124413145539905,407622.0,1.2175118091923054,24.5,26.0,13.5,0.45794392523364486,0.6765375854214123,0.6382686956521739
2021-08-19,2021-08-19 10:58:00,2021-08-19 11:00:00,2021-08-19 11:14:00,short,5419.0,5412.0,5434.5,5412.0,7.0,70.0,limit_touch,take_profit,-1.0,2021-08-19 10:58:00,2,-7.0,-23.0,-21.0,-14.0,52.0,-0.6306306306306306,-0.4423076923076923,26.215384615384615,2.307805164319249,522788.0,1.2713553632887713,23.0,21.0,14.0,0.4423076923076923,0.6306306306306306,0.640023188405797
2021-08-19,2021-08-19 11:18:00,2021-08-19 11:21:00,2021-08-19 11:34:00,short,5411.0,5426.5,5426.5,5404.0,-15.5,-155.0,limit_touch,stop_loss,-1.0,2021-08-19 11:18:00,3,-16.5,-12.0,-26.5,-25.5,34.0,-0.6065573770491803,-0.35294117647058826,26.215384615384615,2.727406103286385,604180.0,1.2700404456037389,12.0,26.5,25.5,0.35294117647058826,0.6065573770491803,0.5919683333333333
2021-08-19,2021-08-19 13:44:00,2021-08-19 14:05:00,2021-08-19 14:23:00,short,5408.5,5401.0,5424.5,5401.0,7.5,75.0,limit_touch,take_profit,-1.0,2021-08-19 13:44:00,4,-12.5,-17.5,-24.5,-30.0,33.5,-0.8003120124804992,-0.5223880597014925,26.215384615384615,2.841842723004695,990980.0,1.3060613319976944,17.5,24.5,30.0,0.5223880597014925,0.8003120124804992,0.7515461594202898
2021-08-19,2021-08-19 14:27:00,2021-08-19 14:45:00,2021-08-19 14:58:00,short,5407.0,5423.0,5423.0,5399.5,-16.0,-160.0,limit_touch,stop_loss,-1.0,2021-08-19 14:27:00,5,-15.0,-16.5,-7.0,-34.5,29.5,-0.76,-0.559322033898305,26.215384615384615,2.937206572769953,1067520.0,1.3115686501281199,16.5,7.0,34.5,0.559322033898305,0.76,0.7749701449275362
2021-08-20,2021-08-20 10:03:00,2021-08-20 10:07:00,2021-08-20 10:11:00,long,5471.0,5477.5,5457.0,5477.5,6.5,65.0,limit_touch,take_profit,1.0,2021-08-20 10:03:00,1,4.0,14.5,26.0,29.5,36.5,0.4215885947046843,0.3972602739726027,25.99285714285714,1.8658972245122287,231138.0,0.9719034605666262,14.5,26.0,29.5,0.3972602739726027,0.4215885947046843,0.563281884057971
2021-08-20,2021-08-20 13:36:00,2021-08-20 14:16:00,2021-08-20 15:04:00,short,5415.5,5409.5,5428.5,5409.5,6.0,60.0,limit_touch,take_profit,-1.0,2021-08-20 13:36:00,2,-2.5,-6.0,-3.5,-53.5,22.0,-0.4153846153846154,-0.2727272727272727,25.99285714285714,3.462489694971146,784909.0,1.040131397740215,6.0,3.5,53.5,0.2727272727272727,0.4153846153846154,0.5453750724637682
2021-08-23,2021-08-23 10:42:00,2021-08-23 10:45:00,2021-08-23 10:45:00,long,5384.0,5389.5,5371.5,5389.5,5.5,55.0,limit_touch,take_profit,1.0,2021-08-23 10:42:00,1,11.5,16.5,20.0,19.5,38.5,0.48663101604278075,0.42857142857142855,26.46,1.6439909297052153,384473.0,1.0512488592442526,16.5,20.0,19.5,0.42857142857142855,0.48663101604278075,0.5528119565217391
2021-08-23,2021-08-23 12:33:00,2021-08-23 12:40:00,2021-08-23 12:42:00,long,5394.5,5400.0,5382.5,5400.0,5.5,55.0,limit_touch,take_profit,1.0,2021-08-23 12:33:00,2,-1.5,0.0,19.0,31.0,23.0,-0.0425531914893617,0.0,26.46,2.1541950113378685,687522.0,1.0349778709994681,0.0,19.0,31.0,0.0,-0.0425531914893617,0.3205583333333333
2021-08-25,2021-08-25 10:10:00,2021-08-25 10:19:00,2021-08-25 10:25:00,short,5241.5,5251.0,5251.0,5237.0,-9.5,-95.0,limit_touch,stop_loss,-1.0,2021-08-25 10:10:00,1,-7.5,-8.0,0.0,-34.5,29.0,-0.3905325443786982,-0.27586206896551724,26.470588235294116,1.6433333333333335,267004.0,1.0150395948215256,8.0,-0.0,34.5,0.27586206896551724,0.3905325443786982,0.45370971014492756
2021-08-25,2021-08-25 10:36:00,2021-08-25 10:38:00,2021-08-25 10:39:00,long,5264.0,5268.5,5254.0,5268.5,4.5,45.0,limit_touch,take_profit,1.0,2021-08-25 10:36:00,2,9.0,28.5,27.0,-1.5,36.5,0.9201451905626135,0.7808219178082192,26.470588235294116,1.6811111111111112,386035.0,1.1118772042011131,28.5,27.0,-1.5,0.7808219178082192,0.9201451905626135,0.6209609420289856
2021-08-26,2021-08-26 10:05:00,2021-08-26 10:10:00,2021-08-26 10:18:00,long,5240.0,5244.0,5231.5,5244.0,4.0,40.0,limit_touch,take_profit,1.0,2021-08-26 10:05:00,1,9.0,3.0,17.0,15.0,38.0,0.27531645569620256,0.07894736842105263,26.075,1.0354745925215725,184633.0,0.7453596935555539,3.0,17.0,15.0,0.07894736842105263,0.27531645569620256,0.12668913043478264
2021-08-26,2021-08-26 10:24:00,2021-08-26 10:29:00,2021-08-26 10:33:00,long,5240.0,5244.0,5231.5,5244.0,4.0,40.0,limit_touch,take_profit,1.0,2021-08-26 10:24:00,2,0.0,2.0,5.0,15.0,23.0,0.11214953271028037,0.08695652173913043,26.075,1.0546500479386385,236535.0,0.7666518724929494,2.0,5.0,15.0,0.08695652173913043,0.11214953271028037,0.11861514492753623
2021-08-26,2021-08-26 10:53:00,2021-08-26 10:55:00,2021-08-26 11:08:00,long,5244.5,5248.5,5236.0,5248.5,4.0,40.0,limit_touch,take_profit,1.0,2021-08-26 10:53:00,3,5.0,5.5,7.5,22.0,22.5,0.2717948717948718,0.24444444444444444,26.075,1.2655800575263663,310359.0,0.7624573154411165,5.5,7.5,22.0,0.24444444444444444,0.2717948717948718,0.24908297101449275
2021-08-26,2021-08-26 11:26:00,2021-08-26 11:31:00,2021-08-26 11:37:00,long,5249.5,5240.5,5240.5,5253.5,-9.0,-90.0,limit_touch,stop_loss,1.0,2021-08-26 11:26:00,4,10.0,4.5,10.0,25.5,33.5,0.18435754189944134,0.13432835820895522,26.075,1.5340364333652925,411905.0,0.8072229144789811,4.5,10.0,25.5,0.13432835820895522,0.18435754189944134,0.2448976086956522
2021-08-26,2021-08-26 12:06:00,2021-08-26 12:10:00,2021-08-26 12:35:00,long,5251.0,5255.0,5242.0,5255.0,4.0,40.0,limit_touch,take_profit,1.0,2021-08-26 12:06:00,5,4.0,11.0,18.0,32.5,28.0,0.2733333333333333,0.39285714285714285,26.075,1.6107382550335572,524096.0,0.8482864084521329,11.0,18.0,32.5,0.39285714285714285,0.2733333333333333,0.47275413043478265
2021-08-27,2021-08-27 10:54:00,2021-08-27 10:59:00,2021-08-27 11:00:00,short,5235.5,5245.0,5245.0,5231.0,-9.5,-95.0,limit_touch,stop_loss,-1.0,2021-08-27 10:54:00,1,-1.5,-12.0,-9.5,-26.0,26.0,-0.4935064935064935,-0.46153846153846156,25.507894736842104,1.4701330857319717,344129.0,0.8423837622855129,12.0,9.5,26.0,0.46153846153846156,0.4935064935064935,0.47579188405797096
2021-08-27,2021-08-27 11:01:00,2021-08-27 11:04:00,2021-08-27 11:04:00,short,5227.0,5222.5,5237.0,5222.5,4.5,45.0,limit_touch,take_profit,-1.0,2021-08-27 11:01:00,2,-10.5,-17.0,-24.5,-38.5,41.0,-0.8562259306803595,-0.4146341463414634,25.507894736842104,1.90137212421335,381337.0,0.8852347855699915,17.0,24.5,38.5,0.4146341463414634,0.8562259306803595,0.6062213043478261
2021-08-27,2021-08-27 11:16:00,2021-08-27 11:21:00,2021-08-27 11:27:00,short,5224.0,5234.0,5234.0,5219.5,-10.0,-100.0,limit_touch,stop_loss,-1.0,2021-08-27 11:16:00,3,-9.0,-7.5,-24.5,-46.0,54.5,-0.06588003933136677,-0.13761467889908258,25.507894736842104,2.0777880945011864,461739.0,0.9604724867566566,7.5,24.5,46.0,0.13761467889908258,0.06588003933136677,0.45916391304347826
2021-08-27,2021-08-27 12:49:00,2021-08-27 14:14:00,2021-08-27 15:16:00,short,5210.5,5206.0,5220.5,5206.0,4.5,45.0,limit_touch,take_profit,-1.0,2021-08-27 12:49:00,4,-5.5,-10.5,-10.0,-61.5,23.5,-0.46613545816733065,-0.44680851063829785,25.507894736842104,2.7638502011761066,672209.0,0.9574950714543565,10.5,10.0,61.5,0.44680851063829785,0.46613545816733065,0.646286231884058
2021-08-30,2021-08-30 11:06:00,2021-08-30 11:10:00,2021-08-30 11:11:00,short,5202.5,5198.5,5211.0,5198.5,4.0,40.0,limit_touch,take_profit,-1.0,2021-08-30 11:06:00,1,-14.0,-18.5,-24.5,-4.5,26.5,-0.8566775244299675,-0.6981132075471698,25.349999999999998,1.3214990138067062,375605.0,0.8378729909124559,18.5,24.5,4.5,0.6981132075471698,0.8566775244299675,0.4884090579710145
2021-08-30,2021-08-30 11:59:00,2021-08-30 12:26:00,2021-08-30 12:37:00,short,5194.5,5190.5,5203.5,5190.5,4.0,40.0,limit_touch,take_profit,-1.0,2021-08-30 11:59:00,2,-5.0,-10.5,-13.0,-12.0,26.5,-0.3424657534246575,-0.39622641509433965,25.349999999999998,1.735700197238659,498713.0,0.836019971421502,10.5,13.0,12.0,0.39622641509433965,0.3424657534246575,0.3567641304347826
2021-08-30,2021-08-30 14:27:00,2021-08-30 14:47:00,2021-08-30 14:57:00,short,5192.5,5200.5,5200.5,5188.5,-8.0,-80.0,limit_touch,stop_loss,-1.0,2021-08-30 14:27:00,3,-5.5,1.0,-2.0,-10.5,17.0,-0.3829787234042553,0.058823529411764705,25.349999999999998,1.8343195266272192,690702.0,0.8277681390644849,-1.0,2.0,10.5,-0.058823529411764705,0.3829787234042553,0.1125363768115942
2021-08-31,2021-08-31 10:40:00,2021-08-31 10:55:00,2021-08-31 10:56:00,short,5179.0,5175.0,5188.0,5175.0,4.0,40.0,limit_touch,take_profit,-1.0,2021-08-31 10:40:00,1,-12.0,-12.5,-20.5,-38.0,25.5,-0.7275747508305648,-0.49019607843137253,24.807142857142857,2.2171033688453785,316984.0,0.8776903119695867,12.5,20.5,38.0,0.49019607843137253,0.7275747508305648,0.5977695652173913
2021-08-31,2021-08-31 11:04:00,2021-08-31 11:07:00,2021-08-31 11:07:00,short,5174.0,5170.0,5183.0,5170.0,4.0,40.0,limit_touch,take_profit,-1.0,2021-08-31 11:04:00,2,-7.0,-6.5,-17.0,-44.0,39.5,-0.2939521800281294,-0.16455696202531644,24.807142857142857,2.47912467607256,390000.0,0.8854518222257943,6.5,17.0,44.0,0.16455696202531644,0.2939521800281294,0.43363920289855074
2021-08-31,2021-08-31 11:59:00,2021-08-31 12:35:00,2021-08-31 12:36:00,short,5158.5,5154.0,5168.5,5154.0,4.5,45.0,limit_touch,take_profit,-1.0,2021-08-31 11:59:00,3,-5.0,-5.0,-20.0,-65.0,28.0,-0.176056338028169,-0.17857142857142858,24.807142857142857,3.3054995680967463,534353.0,0.8960355574962424,5.0,20.0,65.0,0.17857142857142858,0.176056338028169,0.46584333333333333
2021-09-01,2021-09-01 10:21:00,2021-09-01 10:21:00,2021-09-01 10:21:00,long,5181.5,5186.0,5172.0,5186.0,4.5,45.0,limit_touch,take_profit,1.0,2021-09-01 10:21:00,1,5.5,10.0,11.0,5.0,24.0,0.48872180451127817,0.4166666666666667,24.797727272727272,1.0081569058748052,269055.0,0.9066333291492952,10.0,11.0,5.0,0.4166666666666667,0.48872180451127817,0.31376021739130433
2021-09-01,2021-09-01 10:23:00,2021-09-01 10:27:00,2021-09-01 10:35:00,long,5185.0,5175.0,5175.0,5189.5,-10.0,-100.0,limit_touch,stop_loss,1.0,2021-09-01 10:23:00,2,11.5,21.0,17.5,14.0,28.0,0.8978494623655914,0.75,24.797727272727272,1.2097882870497663,284087.0,0.9401039875613356,21.0,17.5,14.0,0.75,0.8978494623655914,0.5811945652173913
2021-09-01,2021-09-01 12:48:00,2021-09-01 13:02:00,2021-09-01 13:13:00,long,5197.5,5187.5,5187.5,5202.0,-10.0,-100.0,limit_touch,stop_loss,1.0,2021-09-01 12:48:00,3,9.0,12.0,30.5,30.0,26.0,0.7571428571428571,0.46153846153846156,24.797727272727272,1.8751718449271377,634029.0,0.9074699033266721,12.0,30.5,30.0,0.46153846153846156,0.7571428571428571,0.5380032608695653
2021-09-02,2021-09-02 10:10:00,2021-09-02 10:12:00,2021-09-02 10:17:00,long,5210.5,5215.0,5201.0,5215.0,4.5,45.0,limit_touch,take_profit,1.0,2021-09-02 10:10:00,1,-0.5,5.5,12.0,18.0,30.5,0.2388451443569554,0.18032786885245902,24.797727272727272,1.129135734579782,252094.0,0.9622616626427276,5.5,12.0,18.0,0.18032786885245902,0.2388451443569554,0.26064884057971016
2021-09-02,2021-09-02 10:19:00,2021-09-02 10:22:00,2021-09-02 10:48:00,long,5212.5,5203.0,5203.0,5217.0,-9.5,-95.0,limit_touch,stop_loss,1.0,2021-09-02 10:19:00,2,9.5,8.0,11.5,24.5,35.0,0.12184873949579832,0.22857142857142856,24.797727272727272,1.2299514251672625,283816.0,0.97665457999539,8.0,11.5,24.5,0.22857142857142856,0.12184873949579832,0.36075688405797096
2021-09-02,2021-09-02 11:36:00,2021-09-02 11:47:00,2021-09-02 11:51:00,short,5184.5,5180.0,5194.5,5180.0,4.5,45.0,limit_touch,take_profit,-1.0,2021-09-02 11:36:00,3,-4.0,-18.0,-26.0,-19.0,21.0,-0.9727272727272728,-0.8571428571428571,24.797727272727272,1.91549812116213,517933.0,0.9637617472494425,18.0,26.0,19.0,0.8571428571428571,0.9727272727272728,0.6458892028985507
2021-09-02,2021-09-02 11:59:00,2021-09-02 12:21:00,2021-09-02 12:30:00,short,5176.0,5171.0,5186.5,5171.0,5.0,50.0,limit_touch,take_profit,-1.0,2021-09-02 11:59:00,4,-4.5,-11.0,-14.5,-28.0,31.0,-0.45549738219895286,-0.3548387096774194,24.797727272727272,2.359087159747044,585224.0,0.981854637617466,11.0,14.5,28.0,0.3548387096774194,0.45549738219895286,0.5204939855072463
2021-09-03,2021-09-03 10:44:00,2021-09-03 10:50:00,2021-09-03 10:55:00,long,5192.5,5197.5,5181.5,5197.5,5.0,50.0,limit_touch,take_profit,1.0,2021-09-03 10:44:00,1,6.0,14.5,29.5,12.5,24.5,0.8637770897832817,0.5918367346938775,24.797727272727272,2.27843460727706,400919.0,1.0714468969866928,14.5,29.5,12.5,0.5918367346938775,0.8637770897832817,0.5842175362318841
2021-09-03,2021-09-03 11:29:00,2021-09-03 11:38:00,2021-09-03 11:42:00,long,5195.0,5200.0,5183.5,5200.0,5.0,50.0,limit_touch,take_profit,1.0,2021-09-03 11:29:00,2,4.0,-0.5,8.0,14.5,29.5,0.06017191977077364,-0.01694915254237288,24.797727272727272,2.4195765740995325,528437.0,1.0215609533798207,-0.5,8.0,14.5,-0.01694915254237288,0.06017191977077364,0.23139500000000002
2021-09-06,2021-09-06 12:33:00,2021-09-06 12:53:00,2021-09-06 12:58:00,short,5187.5,5183.5,5195.5,5183.5,4.0,40.0,limit_touch,take_profit,-1.0,2021-09-06 12:33:00,1,-0.5,-2.5,-9.5,-33.5,22.5,-0.1497584541062802,-0.1111111111111111,24.797727272727272,2.318760883512052,388766.0,0.5760890858616738,2.5,9.5,33.5,0.1111111111111111,0.1497584541062802,0.2720395652173913
2021-09-08,2021-09-08 10:16:00,2021-09-08 10:25:00,2021-09-08 10:33:00,long,5239.5,5243.0,5231.5,5243.0,3.5,35.0,limit_touch,take_profit,1.0,2021-09-08 10:16:00,1,6.5,28.5,21.0,36.5,32.5,0.9749478079331941,0.8769230769230769,24.797727272727272,1.5525616350472,279598.0,0.9973134883809412,28.5,21.0,36.5,0.8769230769230769,0.9749478079331941,0.7670089130434784
2021-09-08,2021-09-08 12:16:00,2021-09-08 13:03:00,2021-09-08 13:25:00,long,5298.0,5302.5,5288.0,5302.5,4.5,45.0,limit_touch,take_profit,1.0,2021-09-08 12:16:00,2,12.0,30.5,31.0,112.0,53.5,0.7347436940602116,0.5700934579439252,24.797727272727272,4.698011181376593,659746.0,1.0342925787796837,30.5,31.0,112.0,0.5700934579439252,0.7347436940602116,0.8876486231884059
2021-09-09,2021-09-09 10:11:00,2021-09-09 10:17:00,2021-09-09 10:25:00,short,5314.0,5308.0,5327.5,5308.0,6.0,60.0,limit_touch,take_profit,-1.0,2021-09-09 10:11:00,1,-14.0,-11.5,-34.0,-13.5,47.5,-0.1831831831831832,-0.24210526315789474,23.01,2.17296827466319,357040.0,1.3448323918887193,11.5,34.0,13.5,0.24210526315789474,0.1831831831831832,0.46676362318840586
2021-09-09,2021-09-09 10:47:00,2021-09-09 10:55:00,2021-09-09 11:01:00,short,5301.5,5295.0,5315.0,5295.0,6.5,65.0,limit_touch,take_profit,-1.0,2021-09-09 10:47:00,2,-3.0,-27.5,-24.0,-33.0,58.5,-0.6097190584662111,-0.4700854700854701,23.01,2.8900478053020424,502935.0,1.3069834855283762,27.5,24.0,33.0,0.4700854700854701,0.6097190584662111,0.7900307246376812
2021-09-09,2021-09-09 11:27:00,2021-09-09 11:49:00,2021-09-09 11:57:00,short,5296.5,5290.0,5311.0,5290.0,6.5,65.0,limit_touch,take_profit,-1.0,2021-09-09 11:27:00,3,-11.5,-18.5,-28.5,-42.0,25.5,-0.9135446685878963,-0.7254901960784313,23.01,3.194263363754889,633450.0,1.2359012886645542,18.5,28.5,42.0,0.7254901960784313,0.9135446685878963,0.8543471014492754
2021-09-10,2021-09-10 10:32:00,2021-09-10 10:40:00,2021-09-10 10:54:00,long,5226.0,5233.5,5209.5,5233.5,7.5,75.0,limit_touch,take_profit,1.0,2021-09-10 10:32:00,1,0.5,12.5,1.5,60.0,28.5,0.5441595441595442,0.43859649122807015,26.225,2.631077216396568,341667.0,1.0264204368220813,12.5,1.5,60.0,0.43859649122807015,0.5441595441595442,0.690136304347826
2021-09-10,2021-09-10 11:33:00,2021-09-10 12:26:00,2021-09-10 14:05:00,long,5235.0,5242.5,5218.5,5242.5,7.5,75.0,limit_touch,take_profit,1.0,2021-09-10 11:33:00,2,18.0,17.5,27.5,75.5,34.5,0.8887722980062959,0.5072463768115942,26.225,3.1077216396568157,518948.0,0.9752720276170589,17.5,27.5,75.5,0.5072463768115942,0.8887722980062959,0.7786647101449274
2021-09-13,2021-09-13 12:36:00,2021-09-13 12:50:00,2021-09-13 14:12:00,short,5226.5,5238.5,5238.5,5221.0,-12.0,-120.0,limit_touch,stop_loss,-1.0,2021-09-13 12:36:00,1,-6.5,-3.5,-5.5,-33.5,27.5,-0.11239193083573487,-0.12727272727272726,27.32142857142857,1.500653594771242,678179.0,0.9911066540945284,3.5,5.5,33.5,0.12727272727272726,0.11239193083573487,0.32377695652173916
2021-09-14,2021-09-14 11:00:00,2021-09-14 11:06:00,2021-09-14 11:18:00,long,5253.0,5243.0,5243.0,5257.5,-10.0,-100.0,limit_touch,stop_loss,1.0,2021-09-14 11:00:00,1,6.5,9.0,26.5,6.5,27.0,0.6056338028169014,0.3333333333333333,25.443749999999998,2.122328666175387,427758.0,0.9987020035186807,9.0,26.5,6.5,0.3333333333333333,0.6056338028169014,0.35840775362318844
2021-09-15,2021-09-15 10:11:00,2021-09-15 10:16:00,2021-09-15 10:33:00,long,5271.5,5276.0,5262.5,5276.0,4.5,45.0,limit_touch,take_profit,1.0,2021-09-15 10:11:00,1,9.5,15.0,5.0,23.0,34.0,0.48518518518518516,0.4411764705882353,24.8,1.4919354838709677,261257.0,0.9781056831253369,15.0,5.0,23.0,0.4411764705882353,0.48518518518518516,0.5315423913043478
2021-09-15,2021-09-15 10:39:00,2021-09-15 10:45:00,2021-09-15 11:12:00,long,5274.5,5279.0,5265.0,5279.0,4.5,45.0,limit_touch,take_profit,1.0,2021-09-15 10:39:00,2,5.5,15.5,10.5,27.0,23.5,0.8260869565217391,0.6595744680851063,24.8,1.6532258064516128,348954.0,0.9686284919982313,15.5,10.5,27.0,0.6595744680851063,0.8260869565217391,0.6304369565217391
2021-09-16,2021-09-16 10:14:00,2021-09-16 10:22:00,2021-09-16 10:26:00,long,5272.0,5276.5,5262.5,5276.5,4.5,45.0,limit_touch,take_profit,1.0,2021-09-16 10:14:00,1,9.5,11.5,23.5,30.0,23.5,0.6396396396396397,0.48936170212765956,24.045,1.5803701393221044,223151.0,0.804518986148383,11.5,23.5,30.0,0.48936170212765956,0.6396396396396397,0.4982972463768116
2021-09-16,2021-09-16 10:48:00,2021-09-16 11:09:00,2021-09-16 11:11:00,long,5278.5,5283.0,5269.0,5283.0,4.5,45.0,limit_touch,take_profit,1.0,2021-09-16 10:48:00,2,3.5,3.5,3.0,32.0,24.5,0.05699481865284974,0.14285714285714285,24.045,1.9338739862757328,316175.0,0.8073958403824325,3.5,3.0,32.0,0.14285714285714285,0.05699481865284974,0.29071246376811594
2021-09-17,2021-09-17 11:01:00,2021-09-17 11:50:00,2021-09-17 11:57:00,long,5334.0,5338.0,5325.0,5338.0,4.0,40.0,limit_touch,take_profit,1.0,2021-09-17 11:01:00,1,10.5,13.5,26.0,84.5,35.5,0.6760828625235404,0.38028169014084506,23.18181818181818,4.162745098039216,405062.0,0.936824231031288,13.5,26.0,84.5,0.38028169014084506,0.6760828625235404,0.6828723188405796
2021-09-20,2021-09-20 10:15:00,2021-09-20 10:19:00,2021-09-20 10:24:00,short,5330.0,5325.5,5340.0,5325.5,4.5,45.0,limit_touch,take_profit,-1.0,2021-09-20 10:15:00,1,-7.5,-15.5,-18.5,-4.0,45.5,-0.48619447779111646,-0.34065934065934067,23.662499999999998,1.5002641310089806,249107.0,0.8930082928659868,15.5,18.5,4.0,0.34065934065934067,0.48619447779111646,0.3671896376811594
2021-09-20,2021-09-20 10:28:00,2021-09-20 10:30:00,2021-09-20 10:31:00,short,5326.0,5321.0,5336.5,5321.0,5.0,50.0,limit_touch,take_profit,-1.0,2021-09-20 10:28:00,2,-12.0,-15.0,-26.5,-13.0,37.0,-0.5846153846153846,-0.40540540540540543,23.662499999999998,1.711568938193344,308295.0,0.969315413685564,15.0,26.5,13.0,0.40540540540540543,0.5846153846153846,0.46681333333333336
2021-09-20,2021-09-20 13:59:00,2021-09-20 14:18:00,2021-09-20 14:29:00,long,5357.5,5347.0,5347.0,5362.5,-10.5,-105.0,limit_touch,stop_loss,1.0,2021-09-20 13:59:00,3,3.5,7.5,30.0,37.0,29.5,0.3381995133819951,0.2542372881355932,23.662499999999998,2.324352879027998,754336.0,0.9504177665589026,7.5,30.0,37.0,0.2542372881355932,0.3381995133819951,0.46454152173913044
2021-09-21,2021-09-21 11:11:00,2021-09-21 11:11:00,2021-09-21 11:11:00,long,5330.5,5336.5,5318.0,5336.5,6.0,60.0,limit_touch,take_profit,1.0,2021-09-21 11:11:00,1,7.5,11.0,7.5,9.5,38.0,0.40878378378378377,0.2894736842105263,23.49230769230769,1.5962671905697448,408741.0,0.8766585565474914,11.0,7.5,9.5,0.2894736842105263,0.40878378378378377,0.3156552898550724
2021-09-21,2021-09-21 11:22:00,2021-09-21 11:29:00,2021-09-21 12:03:00,long,5335.0,5322.5,5322.5,5341.0,-12.5,-125.0,limit_touch,stop_loss,1.0,2021-09-21 11:22:00,2,4.0,21.5,23.5,24.5,40.5,0.689900426742532,0.5308641975308642,23.49230769230769,1.8516699410609039,457637.0,0.9151399930003583,21.5,23.5,24.5,0.5308641975308642,0.689900426742532,0.622135
2021-09-21,2021-09-21 13:11:00,2021-09-21 13:40:00,2021-09-21 13:51:00,short,5301.5,5296.0,5314.0,5296.0,5.5,55.0,limit_touch,take_profit,-1.0,2021-09-21 13:11:00,3,-3.0,-10.0,-17.0,-29.5,17.0,-0.75,-0.5882352941176471,23.49230769230769,2.5327439423706615,698429.0,0.9513114438328105,10.0,17.0,29.5,0.5882352941176471,0.75,0.5956409420289855
2021-09-22,2021-09-22 10:06:00,2021-09-22 10:16:00,2021-09-22 10:19:00,long,5284.0,5288.5,5274.0,5288.5,4.5,45.0,limit_touch,take_profit,1.0,2021-09-22 10:06:00,1,5.0,13.0,15.0,29.0,27.0,0.7630331753554502,0.48148148148148145,23.41071428571429,1.4950419527078564,170324.0,0.6887740659523154,13.0,15.0,29.0,0.48148148148148145,0.7630331753554502,0.4878146376811594
2021-09-22,2021-09-22 10:54:00,2021-09-22 11:00:00,2021-09-22 11:38:00,long,5289.0,5293.5,5279.5,5293.5,4.5,45.0,limit_touch,take_profit,1.0,2021-09-22 10:54:00,2,6.0,3.5,4.5,35.5,18.5,0.248,0.1891891891891892,23.41071428571429,1.7940503432494277,279095.0,0.6828614486977995,3.5,4.5,35.5,0.1891891891891892,0.248,0.2879327536231884
2021-09-23,2021-09-23 10:03:00,2021-09-23 10:22:00,2021-09-23 10:25:00,long,5299.5,5304.5,5288.5,5304.5,5.0,50.0,limit_touch,take_profit,1.0,2021-09-23 10:03:00,1,9.0,21.5,26.5,38.5,31.5,0.7494199535962877,0.6825396825396826,23.24,2.086919104991394,197104.0,0.834884797272398,21.5,26.5,38.5,0.6825396825396826,0.7494199535962877,0.7151077536231885
2021-09-23,2021-09-23 11:32:00,2021-09-23 11:44:00,2021-09-23 11:59:00,long,5303.0,5292.0,5292.0,5308.0,-11.0,-110.0,limit_touch,stop_loss,1.0,2021-09-23 11:32:00,2,8.5,20.5,22.0,45.5,37.5,0.6243291592128801,0.5466666666666666,23.24,2.280550774526678,450187.0,0.8539552957996307,20.5,22.0,45.5,0.5466666666666666,0.6243291592128801,0.7154954347826088
2021-09-24,2021-09-24 10:10:00,2021-09-24 10:17:00,2021-09-24 10:40:00,long,5348.5,5340.5,5340.5,5352.0,-8.0,-80.0,limit_touch,stop_loss,1.0,2021-09-24 10:10:00,1,2.5,7.5,12.5,35.0,14.5,0.620253164556962,0.5172413793103449,22.828125,1.6646132785763177,178348.0,0.6834969375468029,7.5,12.5,35.0,0.5172413793103449,0.620253164556962,0.45284094202898545
2021-09-24,2021-09-24 11:19:00,2021-09-24 11:30:00,2021-09-24 11:49:00,long,5350.0,5354.0,5341.5,5354.0,4.0,40.0,limit_touch,take_profit,1.0,2021-09-24 11:19:00,2,10.0,16.5,8.5,37.5,28.5,0.8062678062678063,0.5789473684210527,22.828125,1.7522245037645447,356012.0,0.7255254235273239,16.5,8.5,37.5,0.5789473684210527,0.8062678062678063,0.6135334057971014
2021-09-27,2021-09-27 10:09:00,2021-09-27 10:27:00,2021-09-27 10:35:00,long,5345.5,5349.5,5337.5,5349.5,4.0,40.0,limit_touch,take_profit,1.0,2021-09-27 10:09:00,1,1.0,6.5,11.5,27.5,20.5,0.24102564102564103,0.3170731707317073,22.191176470588236,2.0278330019880717,234751.0,0.9154233059216619,6.5,11.5,27.5,0.3170731707317073,0.24102564102564103,0.3934195652173913
2021-09-27,2021-09-27 12:32:00,2021-09-27 13:18:00,2021-09-27 13:35:00,long,5356.0,5360.0,5347.5,5360.0,4.0,40.0,limit_touch,take_profit,1.0,2021-09-27 12:32:00,2,3.0,4.5,14.5,40.5,17.5,0.26126126126126126,0.2571428571428571,22.191176470588236,2.6587143803843607,585474.0,0.8730568651437804,4.5,14.5,40.5,0.2571428571428571,0.26126126126126126,0.41139855072463766
2021-09-28,2021-09-28 10:13:00,2021-09-28 10:13:00,2021-09-28 10:13:00,short,5399.0,5395.0,5407.5,5395.0,4.0,40.0,limit_touch,take_profit,-1.0,2021-09-28 10:13:00,1,-3.0,-8.0,-14.0,-10.5,19.0,-0.43548387096774194,-0.42105263157894735,22.416666666666668,1.0483271375464684,254820.0,0.9421296905370291,8.0,14.0,10.5,0.42105263157894735,0.43548387096774194,0.321005579710145
2021-09-28,2021-09-28 10:22:00,2021-09-28 10:24:00,2021-09-28 10:44:00,short,5397.5,5406.0,5406.0,5393.5,-8.5,-85.0,limit_touch,stop_loss,-1.0,2021-09-28 10:22:00,2,-1.0,-8.5,-14.0,-13.5,18.5,-0.627906976744186,-0.4594594594594595,22.416666666666668,1.1375464684014869,285617.0,0.9572440786895384,8.5,14.0,13.5,0.4594594594594595,0.627906976744186,0.3706047101449275
2021-09-28,2021-09-28 10:53:00,2021-09-28 10:58:00,2021-09-28 11:08:00,long,5419.0,5423.0,5410.0,5423.0,4.0,40.0,limit_touch,take_profit,1.0,2021-09-28 10:53:00,3,14.5,25.5,32.0,17.5,33.5,0.9483500717360115,0.7611940298507462,22.416666666666668,1.6728624535315983,382039.0,0.945475630873508,25.5,32.0,17.5,0.7611940298507462,0.9483500717360115,0.6447853623188406
2021-09-28,2021-09-28 11:12:00,2021-09-28 11:24:00,2021-09-28 11:32:00,long,5422.5,5427.0,5413.0,5427.0,4.5,45.0,limit_touch,take_profit,1.0,2021-09-28 11:12:00,4,11.5,5.5,26.0,18.5,28.5,0.3687707641196013,0.19298245614035087,22.416666666666668,1.8736059479553901,451767.0,0.9667693176192241,5.5,26.0,18.5,0.19298245614035087,0.3687707641196013,0.3041238405797101
2021-09-28,2021-09-28 12:21:00,2021-09-28 12:33:00,2021-09-28 12:37:00,long,5431.5,5436.0,5422.5,5436.0,4.5,45.0,limit_touch,take_profit,1.0,2021-09-28 12:21:00,5,2.0,4.0,9.0,32.5,28.0,0.2835820895522388,0.14285714285714285,22.416666666666668,2.4089219330855016,609385.0,0.9417099296669805,4.0,9.0,32.5,0.14285714285714285,0.2835820895522388,0.35955492753623186
2021-09-29,2021-09-29 10:46:00,2021-09-29 10:49:00,2021-09-29 10:53:00,long,5437.0,5428.5,5428.5,5441.0,-8.5,-85.0,limit_touch,stop_loss,1.0,2021-09-29 10:46:00,1,7.0,13.0,22.5,34.5,29.0,0.45454545454545453,0.4482758620689655,22.231578947368423,1.6193181818181817,316217.0,0.8317031419522405,13.0,22.5,34.5,0.4482758620689655,0.45454545454545453,0.5277073913043479
2021-09-29,2021-09-29 12:07:00,2021-09-29 12:07:00,2021-09-29 12:07:00,short,5417.5,5413.0,5427.0,5413.0,4.5,45.0,limit_touch,take_profit,-1.0,2021-09-29 12:07:00,2,-4.0,-6.0,-4.5,7.5,19.0,-0.3582089552238806,-0.3157894736842105,22.231578947368423,1.709280303030303,511666.0,0.8310798272163837,6.0,4.5,-7.5,0.3157894736842105,0.3582089552238806,0.20474282608695651
2021-09-29,2021-09-29 12:21:00,2021-09-29 12:27:00,2021-09-29 13:11:00,short,5404.0,5414.0,5414.0,5399.5,-10.0,-100.0,limit_touch,stop_loss,-1.0,2021-09-29 12:21:00,3,-3.0,-18.0,-22.5,-8.5,29.0,-0.8282442748091603,-0.6206896551724138,22.231578947368423,2.5189393939393936,552796.0,0.8554955255361897,18.0,22.5,8.5,0.6206896551724138,0.8282442748091603,0.5467266666666667
2021-09-30,2021-09-30 10:23:00,2021-09-30 10:32:00,2021-09-30 10:38:00,long,5446.5,5452.0,5435.0,5452.0,5.5,55.0,limit_touch,take_profit,1.0,2021-09-30 10:23:00,1,12.0,24.0,58.5,30.0,55.0,0.502092050209205,0.43636363636363634,21.974999999999998,3.276450511945393,311869.0,1.0343658746721889,24.0,58.5,30.0,0.43636363636363634,0.502092050209205,0.7190634782608697
2021-09-30,2021-09-30 11:58:00,2021-09-30 12:09:00,2021-09-30 12:17:00,long,5461.5,5449.5,5449.5,5467.0,-12.0,-120.0,limit_touch,stop_loss,1.0,2021-09-30 11:58:00,2,4.5,8.5,5.0,43.0,25.5,0.48059701492537316,0.3333333333333333,21.974999999999998,4.186575654152446,570898.0,0.9620909989490943,8.5,5.0,43.0,0.3333333333333333,0.48059701492537316,0.563420652173913
2021-10-01,2021-10-01 10:35:00,2021-10-01 10:39:00,2021-10-01 10:41:00,short,5418.0,5413.0,5429.5,5413.0,5.0,50.0,limit_touch,take_profit,-1.0,2021-10-01 10:35:00,1,-7.0,-13.5,-30.5,-32.5,27.5,-0.7342192691029901,-0.4909090909090909,22.46428571428571,2.2702702702702706,272959.0,0.7973779365978612,13.5,30.5,32.5,0.4909090909090909,0.7342192691029901,0.5705052898550724
2021-10-01,2021-10-01 11:13:00,2021-10-01 11:23:00,2021-10-01 11:26:00,short,5415.0,5409.5,5426.5,5409.5,5.5,55.0,limit_touch,take_profit,-1.0,2021-10-01 11:13:00,2,-0.5,-10.0,-6.0,-36.0,45.0,-0.5723404255319149,-0.2222222222222222,22.46428571428571,2.4260731319554854,392805.0,0.8340243636902942,10.0,6.0,36.0,0.2222222222222222,0.5723404255319149,0.4595580434782608
2021-10-01,2021-10-01 11:36:00,2021-10-01 11:42:00,2021-10-01 12:03:00,short,5411.5,5406.0,5423.0,5406.0,5.5,55.0,limit_touch,take_profit,-1.0,2021-10-01 11:36:00,3,-8.5,-7.5,-24.5,-45.0,32.5,-0.17048346055979643,-0.23076923076923078,22.46428571428571,2.648648648648649,454940.0,0.8469062267079768,7.5,24.5,45.0,0.23076923076923078,0.17048346055979643,0.4643152898550724
2021-10-01,2021-10-01 12:47:00,2021-10-01 13:36:00,2021-10-01 13:49:00,short,5402.0,5397.0,5413.0,5397.0,5.0,50.0,limit_touch,take_profit,-1.0,2021-10-01 12:47:00,4,0.5,-4.0,-13.5,-50.0,16.0,-0.5272727272727272,-0.25,22.46428571428571,3.2050874403815586,604747.0,0.8711184589896833,4.0,13.5,50.0,0.25,0.5272727272727272,0.44032579710144926
2021-10-04,2021-10-04 10:19:00,2021-10-04 10:22:00,2021-10-04 10:28:00,long,5424.5,5429.0,5415.0,5429.0,4.5,45.0,limit_touch,take_profit,1.0,2021-10-04 10:19:00,1,0.0,13.5,26.5,19.5,31.5,0.6761487964989059,0.42857142857142855,22.46428571428571,1.7138314785373612,223364.0,0.7760819369781747,13.5,26.5,19.5,0.42857142857142855,0.6761487964989059,0.4436116666666667
2021-10-04,2021-10-04 10:51:00,2021-10-04 11:10:00,2021-10-04 11:13:00,long,5433.0,5437.5,5423.5,5437.5,4.5,45.0,limit_touch,take_profit,1.0,2021-10-04 10:51:00,2,0.5,7.0,14.0,33.5,27.0,0.5675675675675675,0.25925925925925924,22.46428571428571,2.2257551669316378,319072.0,0.8066371340051574,7.0,14.0,33.5,0.25925925925925924,0.5675675675675675,0.3960945652173913
2021-10-05,2021-10-05 10:08:00,2021-10-05 10:10:00,2021-10-05 10:14:00,long,5475.0,5479.5,5465.5,5479.5,4.5,45.0,limit_touch,take_profit,1.0,2021-10-05 10:08:00,1,11.5,8.0,28.5,32.5,32.0,0.30434782608695654,0.25,22.46428571428571,1.6915739268680448,252279.0,1.0126141091940144,8.0,28.5,32.5,0.25,0.30434782608695654,0.44067963768115936
2021-10-05,2021-10-05 10:42:00,2021-10-05 10:53:00,2021-10-05 10:58:00,long,5482.0,5486.5,5472.0,5486.5,4.5,45.0,limit_touch,take_profit,1.0,2021-10-05 10:42:00,2,7.5,27.5,16.0,42.5,41.5,0.7121879588839941,0.6626506024096386,22.46428571428571,2.114467408585056,373042.0,1.023895525009881,27.5,16.0,42.5,0.6626506024096386,0.7121879588839941,0.8049774637681159
2021-10-05,2021-10-05 11:20:00,2021-10-05 12:15:00,2021-10-05 12:19:00,long,5484.0,5474.0,5474.0,5488.5,-10.0,-100.0,limit_touch,stop_loss,1.0,2021-10-05 11:20:00,3,4.5,7.5,6.0,42.5,20.5,0.23308270676691728,0.36585365853658536,22.46428571428571,2.2257551669316378,459552.0,0.9452738433344583,7.5,6.0,42.5,0.36585365853658536,0.23308270676691728,0.5120638405797101
2021-10-05,2021-10-05 14:03:00,2021-10-05 14:11:00,2021-10-05 14:21:00,long,5486.5,5491.0,5477.0,5491.0,4.5,45.0,limit_touch,take_profit,1.0,2021-10-05 14:03:00,4,5.0,8.0,7.0,45.5,12.0,0.8666666666666667,0.6666666666666666,22.46428571428571,2.359300476947536,697084.0,0.8883597415758142,8.0,7.0,45.5,0.6666666666666666,0.8666666666666667,0.6131683333333333
2021-10-06,2021-10-06 11:02:00,2021-10-06 11:08:00,2021-10-06 11:10:00,long,5535.0,5539.5,5525.0,5539.5,4.5,45.0,limit_touch,take_profit,1.0,2021-10-06 11:02:00,1,1.5,9.5,6.0,3.5,21.5,0.6616915422885572,0.4418604651162791,22.46428571428571,1.53577106518283,431674.0,1.0054649000495581,9.5,6.0,3.5,0.4418604651162791,0.6616915422885572,0.3644678985507246
2021-10-06,2021-10-06 11:11:00,2021-10-06 11:12:00,2021-10-06 11:22:00,long,5538.0,5527.5,5527.5,5543.0,-10.5,-105.0,limit_touch,stop_loss,1.0,2021-10-06 11:11:00,2,0.0,2.5,15.0,4.5,27.5,0.31343283582089554,0.09090909090909091,22.46428571428571,1.7138314785373612,466923.0,1.0183482676936837,2.5,15.0,4.5,0.09090909090909091,0.31343283582089554,0.17503615942028986
2021-10-06,2021-10-06 13:38:00,2021-10-06 14:00:00,2021-10-06 14:07:00,long,5546.0,5551.0,5535.5,5551.0,5.0,50.0,limit_touch,take_profit,1.0,2021-10-06 13:38:00,3,2.0,5.5,14.5,19.5,23.5,0.43147208121827413,0.23404255319148937,22.46428571428571,2.181240063593005,741097.0,0.9868876970254491,5.5,14.5,19.5,0.23404255319148937,0.43147208121827413,0.34289318840579713
2021-10-07,2021-10-07 10:47:00,2021-10-07 11:04:00,2021-10-07 11:10:00,long,5532.5,5537.0,5523.0,5537.0,4.5,45.0,limit_touch,take_profit,1.0,2021-10-07 10:47:00,1,6.0,2.5,16.5,48.0,35.5,0.04691358024691358,0.07042253521126761,22.46428571428571,2.6709062003179653,347307.0,0.9144687071543425,2.5,16.5,48.0,0.07042253521126761,0.04691358024691358,0.3811452898550725
2021-10-08,2021-10-08 10:47:00,2021-10-08 10:57:00,2021-10-08 10:58:00,long,5523.5,5528.0,5513.5,5528.0,4.5,45.0,limit_touch,take_profit,1.0,2021-10-08 10:47:00,1,18.0,15.5,18.0,10.5,52.5,0.3681267474370923,0.29523809523809524,21.15,1.843971631205674,380165.0,1.0035006532461541,15.5,18.0,10.5,0.29523809523809524,0.3681267474370923,0.43722905797101447
2021-10-08,2021-10-08 11:23:00,2021-10-08 11:32:00,2021-10-08 11:35:00,long,5533.5,5538.0,5523.5,5538.0,4.5,45.0,limit_touch,take_profit_gap_open,1.0,2021-10-08 11:23:00,2,6.0,14.5,11.5,23.5,28.5,0.4954954954954955,0.5087719298245614,21.15,2.4822695035460995,477151.0,0.9707639563005565,14.5,11.5,23.5,0.5087719298245614,0.4954954954954955,0.6031127536231884
2021-10-08,2021-10-08 11:43:00,2021-10-08 11:52:00,2021-10-08 12:19:00,long,5535.0,5525.0,5525.0,5539.5,-10.0,-100.0,limit_touch,stop_loss,1.0,2021-10-08 11:43:00,3,8.0,6.5,9.5,27.0,19.5,0.08176100628930817,0.3333333333333333,21.15,2.576832151300237,523603.0,0.9617757261210527,6.5,9.5,27.0,0.3333333333333333,0.08176100628930817,0.43960275362318846
2021-10-08,2021-10-08 14:02:00,2021-10-08 14:35:00,2021-10-08 14:36:00,long,5535.5,5539.5,5526.5,5539.5,4.0,40.0,limit_touch,take_profit,1.0,2021-10-08 14:02:00,4,2.5,2.5,10.0,28.0,7.5,0.5172413793103449,0.3333333333333333,21.15,2.624113475177305,709976.0,0.9131365368975043,2.5,10.0,28.0,0.3333333333333333,0.5172413793103449,0.36601463768115944
2021-10-11,2021-10-11 10:30:00,2021-10-11 10:30:00,2021-10-11 10:30:00,long,5528.0,5532.0,5519.5,5532.0,4.0,40.0,limit_touch,take_profit,1.0,2021-10-11 10:30:00,1,6.0,4.0,-2.0,10.5,25.0,0.40441176470588236,0.16,20.4,1.25,226345.0,0.7185742993190246,4.0,-2.0,10.5,0.16,0.40441176470588236,0.1262572463768116
2021-10-11,2021-10-11 10:44:00,2021-10-11 10:50:00,2021-10-11 11:10:00,long,5534.0,5525.0,5525.0,5538.0,-9.0,-90.0,limit_touch,stop_loss,1.0,2021-10-11 10:44:00,2,6.5,11.5,16.0,22.0,23.5,0.42412451361867703,0.48936170212765956,20.4,1.6176470588235294,273911.0,0.7450941438106331,11.5,16.0,22.0,0.48936170212765956,0.42412451361867703,0.44487123188405797
2021-10-11,2021-10-11 11:48:00,2021-10-11 12:07:00,2021-10-11 12:12:00,long,5535.5,5539.5,5527.0,5539.5,4.0,40.0,limit_touch,take_profit,1.0,2021-10-11 11:48:00,3,5.0,9.5,16.5,25.5,24.5,0.5330396475770925,0.3877551020408163,20.4,1.7401960784313726,393165.0,0.7095566557523616,9.5,16.5,25.5,0.3877551020408163,0.5330396475770925,0.39523173913043474
2021-10-11,2021-10-11 12:19:00,2021-10-11 12:33:00,2021-10-11 12:59:00,long,5537.0,5529.0,5529.0,5541.0,-8.0,-80.0,limit_touch,stop_loss,1.0,2021-10-11 12:19:00,4,3.0,5.5,-0.5,26.0,12.5,0.47368421052631576,0.44,20.4,1.8382352941176472,435365.0,0.6936976811867231,5.5,-0.5,26.0,0.44,0.47368421052631576,0.35778949275362315
2021-10-13,2021-10-13 10:28:00,2021-10-13 10:33:00,2021-10-13 10:37:00,long,5554.0,5546.0,5546.0,5557.5,-8.0,-80.0,limit_touch,stop_loss,1.0,2021-10-13 10:28:00,1,2.5,3.5,11.5,28.0,21.5,0.07389162561576355,0.16279069767441862,19.735714285714288,1.8747737965979006,279471.0,0.9097685096065681,3.5,11.5,28.0,0.16279069767441862,0.07389162561576355,0.29780818840579715
2021-10-13,2021-10-13 11:12:00,2021-10-13 11:25:00,2021-10-13 11:32:00,long,5563.0,5567.0,5554.0,5567.0,4.0,40.0,limit_touch,take_profit,1.0,2021-10-13 11:12:00,2,12.5,22.0,28.0,39.0,33.0,0.7725321888412017,0.6666666666666666,19.735714285714288,2.482808541440463,461388.0,1.0121924019975268,22.0,28.0,39.0,0.6666666666666666,0.7725321888412017,0.7922499275362319
2021-10-13,2021-10-13 12:44:00,2021-10-13 12:53:00,2021-10-13 12:59:00,long,5566.5,5571.0,5557.0,5571.0,4.5,45.0,limit_touch,take_profit,1.0,2021-10-13 12:44:00,3,1.0,5.5,13.5,45.0,16.5,0.6283185840707964,0.3333333333333333,19.735714285714288,2.736156351791531,639219.0,0.9564157022870553,5.5,13.5,45.0,0.3333333333333333,0.6283185840707964,0.4967852898550725
2021-10-13,2021-10-13 14:32:00,2021-10-13 15:00:00,2021-10-13 15:00:00,long,5573.5,5565.5,5565.5,5577.5,-8.0,-80.0,limit_touch,stop_loss,1.0,2021-10-13 14:32:00,4,7.0,6.0,9.0,54.0,17.0,0.6973684210526315,0.35294117647058826,19.735714285714288,3.1921824104234524,765538.0,0.9399160890790773,6.0,9.0,54.0,0.35294117647058826,0.6973684210526315,0.5321218115942029
2021-10-14,2021-10-14 10:19:00,2021-10-14 10:24:00,2021-10-14 10:32:00,long,5509.0,5514.0,5498.0,5514.0,5.0,50.0,limit_touch,take_profit,1.0,2021-10-14 10:19:00,1,7.5,16.0,18.5,30.5,22.0,0.8787878787878788,0.7272727272727273,20.0625,1.8940809968847352,286135.0,1.0217819575949865,16.0,18.5,30.5,0.7272727272727273,0.8787878787878788,0.6977698550724638
2021-10-14,2021-10-14 10:42:00,2021-10-14 10:55:00,2021-10-14 11:06:00,long,5510.0,5515.0,5499.0,5515.0,5.0,50.0,limit_touch,take_profit,1.0,2021-10-14 10:42:00,2,5.5,11.0,9.5,32.0,26.0,0.487012987012987,0.4230769230769231,20.0625,1.9688473520249221,349440.0,0.9745664665727661,11.0,9.5,32.0,0.4230769230769231,0.487012987012987,0.5431607246376812
2021-10-14,2021-10-14 11:28:00,2021-10-14 11:47:00,2021-10-14 11:48:00,long,5514.0,5519.0,5503.5,5519.0,5.0,50.0,limit_touch,take_profit,1.0,2021-10-14 11:28:00,3,4.5,8.5,13.0,35.5,23.5,0.37435897435897436,0.3617021276595745,20.0625,2.218068535825545,447545.0,0.8974545234328886,8.5,13.0,35.5,0.3617021276595745,0.37435897435897436,0.480461231884058
2021-10-14,2021-10-14 12:17:00,2021-10-14 12:38:00,2021-10-14 13:53:00,long,5527.5,5517.0,5517.0,5532.5,-10.5,-105.0,limit_touch,stop_loss,1.0,2021-10-14 12:17:00,4,6.5,21.0,23.0,52.0,25.0,0.9586206896551724,0.84,20.0625,3.115264797507788,554869.0,0.9001302495863696,21.0,23.0,52.0,0.84,0.9586206896551724,0.8170334057971015
2021-10-15,2021-10-15 10:15:00,2021-10-15 10:21:00,2021-10-15 10:23:00,long,5511.0,5515.0,5502.0,5515.0,4.0,40.0,limit_touch,take_profit,1.0,2021-10-15 10:15:00,1,5.0,17.0,27.5,17.0,25.0,0.7714285714285715,0.68,19.983333333333334,1.7764804003336112,269025.0,1.009611054401345,17.0,27.5,17.0,0.68,0.7714285714285715,0.6149219565217392
2021-10-18,2021-10-18 10:39:00,2021-10-18 11:03:00,2021-10-18 11:07:00,long,5535.0,5539.0,5526.5,5539.0,4.0,40.0,limit_touch,take_profit,1.0,2021-10-18 10:39:00,1,6.5,11.5,17.0,68.5,27.5,0.3284671532846715,0.41818181818181815,20.175,3.866171003717472,350175.0,1.0100421568391327,11.5,17.0,68.5,0.41818181818181815,0.3284671532846715,0.689805
2021-10-19,2021-10-19 11:01:00,2021-10-19 11:03:00,2021-10-19 11:05:00,short,5556.0,5551.5,5565.5,5551.5,4.5,45.0,limit_touch,take_profit,-1.0,2021-10-19 11:01:00,1,-9.5,-22.0,-12.0,-3.0,28.0,-0.847953216374269,-0.7857142857142857,20.46818181818182,1.8565400843881856,409184.0,0.9829532301437646,22.0,12.0,3.0,0.7857142857142857,0.847953216374269,0.5864703623188406
2021-10-19,2021-10-19 12:19:00,2021-10-19 12:22:00,2021-10-19 12:49:00,long,5576.5,5566.5,5566.5,5581.0,-10.0,-100.0,limit_touch,stop_loss,1.0,2021-10-19 12:19:00,2,7.0,18.0,24.5,27.5,28.0,0.8064516129032258,0.6428571428571429,20.46818181818182,1.9542527204086164,600078.0,0.9749201359880135,18.0,24.5,27.5,0.6428571428571429,0.8064516129032258,0.6762555797101449
2021-10-20,2021-10-20 10:18:00,2021-10-20 10:24:00,2021-10-20 10:28:00,short,5572.0,5583.0,5583.0,5567.0,-11.0,-110.0,limit_touch,stop_loss,-1.0,2021-10-20 10:18:00,1,-0.5,-13.0,-12.5,-23.5,33.0,-0.5321100917431193,-0.3939393939393939,20.675,2.079806529625151,243762.0,0.8808963849430688,13.0,12.5,23.5,0.3939393939393939,0.5321100917431193,0.4925672463768116
2021-10-20,2021-10-20 11:21:00,2021-10-20 11:25:00,2021-10-20 11:26:00,short,5570.5,5565.0,5582.5,5565.0,5.5,55.0,limit_touch,take_profit,-1.0,2021-10-20 11:21:00,2,-7.5,-13.0,-14.0,-29.5,35.0,-0.4326923076923077,-0.37142857142857144,20.675,2.176541717049577,435031.0,0.9094167998147291,13.0,14.0,29.5,0.37142857142857144,0.4326923076923077,0.527508768115942
2021-10-20,2021-10-20 11:34:00,2021-10-20 11:45:00,2021-10-20 11:46:00,short,5564.5,5559.0,5576.0,5559.0,5.5,55.0,limit_touch,take_profit,-1.0,2021-10-20 11:34:00,3,-9.0,-12.0,-22.5,-38.5,30.0,-0.5129533678756477,-0.4,20.675,2.563482466747279,475255.0,0.9275597598850678,12.0,22.5,38.5,0.4,0.5129533678756477,0.5877478260869565
2021-10-20,2021-10-20 12:19:00,2021-10-20 12:48:00,2021-10-20 13:48:00,short,5559.0,5553.5,5571.0,5553.5,5.5,55.0,limit_touch,take_profit,-1.0,2021-10-20 12:19:00,4,-6.5,-10.0,-12.0,-43.5,33.0,-0.5614035087719298,-0.30303030303030304,20.675,2.9020556227327687,589068.0,0.9552061903188354,10.0,12.0,43.5,0.30303030303030304,0.5614035087719298,0.5605689130434782
2021-10-21,2021-10-21 10:44:00,2021-10-21 11:00:00,2021-10-21 11:05:00,short,5643.0,5636.5,5656.5,5636.5,6.5,65.0,limit_touch,take_profit,-1.0,2021-10-21 10:44:00,1,-8.0,-12.0,-28.5,-40.5,45.0,-0.30174081237911027,-0.26666666666666666,20.976923076923075,2.5742574257425743,384951.0,1.0595311661312754,12.0,28.5,40.5,0.26666666666666666,0.30174081237911027,0.5947463768115943
2021-10-21,2021-10-21 14:50:00,2021-10-21 14:52:00,2021-10-21 14:53:00,long,5680.5,5686.5,5667.5,5686.5,6.0,60.0,limit_touch,take_profit,1.0,2021-10-21 14:50:00,2,6.0,13.0,27.0,18.5,46.0,0.5319693094629157,0.2826086956521739,20.976923076923075,3.241657499083242,879114.0,1.0652808474739073,13.0,27.0,18.5,0.2826086956521739,0.5319693094629157,0.5216819565217391
2021-10-22,2021-10-22 10:07:00,2021-10-22 10:15:00,2021-10-22 10:30:00,long,5714.0,5720.0,5701.0,5720.0,6.0,60.0,limit_touch,take_profit,1.0,2021-10-22 10:07:00,1,8.5,12.5,10.5,32.5,22.5,0.7320574162679426,0.5555555555555556,20.96785714285714,2.169988076988588,251968.0,1.0530286044324342,12.5,10.5,32.5,0.5555555555555556,0.7320574162679426,0.6510420289855072
2021-10-22,2021-10-22 11:39:00,2021-10-22 11:41:00,2021-10-22 11:43:00,long,5723.0,5729.5,5709.0,5729.5,6.5,65.0,limit_touch,take_profit,1.0,2021-10-22 11:39:00,2,3.5,21.5,29.5,34.0,33.5,0.8361266294227188,0.6417910447761194,20.96785714285714,2.7184466019417477,564980.0,1.0781878284315345,21.5,29.5,34.0,0.6417910447761194,0.8361266294227188,0.7878418840579711
2021-10-22,2021-10-22 11:46:00,2021-10-22 11:50:00,2021-10-22 11:57:00,long,5724.5,5730.5,5711.0,5730.5,6.0,60.0,limit_touch,take_profit,1.0,2021-10-22 11:46:00,3,8.5,29.5,33.0,45.5,58.5,0.65807962529274,0.5042735042735043,20.96785714285714,2.8138306932379495,598235.0,1.1084005559588794,29.5,33.0,45.5,0.5042735042735043,0.65807962529274,0.8235621014492753
2021-10-22,2021-10-22 12:32:00,2021-10-22 12:41:00,2021-10-22 12:55:00,long,5741.5,5728.0,5728.0,5748.0,-13.5,-135.0,limit_touch,stop_loss,1.0,2021-10-22 12:32:00,4,2.0,12.5,22.5,68.0,30.5,0.522077922077922,0.4098360655737705,20.96785714285714,3.9107477431442685,744766.0,1.1604000997478596,12.5,22.5,68.0,0.4098360655737705,0.522077922077922,0.7333119565217392
2021-10-25,2021-10-25 10:14:00,2021-10-25 10:28:00,2021-10-25 10:35:00,short,5624.5,5618.0,5638.5,5618.0,6.5,65.0,limit_touch,take_profit,-1.0,2021-10-25 10:14:00,1,-5.0,-8.0,-6.0,-45.5,29.0,-0.45604395604395603,-0.27586206896551724,22.229999999999997,2.5641025641025643,240376.0,0.9094259073034494,8.0,6.0,45.5,0.27586206896551724,0.45604395604395603,0.5015102898550725
2021-10-25,2021-10-25 11:07:00,2021-10-25 11:26:00,2021-10-25 11:56:00,short,5607.0,5600.5,5621.0,5600.5,6.5,65.0,limit_touch,take_profit,-1.0,2021-10-25 11:07:00,2,-3.5,-24.0,-26.0,-65.0,33.0,-0.8932806324110671,-0.7272727272727273,22.229999999999997,3.5987404408457047,396128.0,0.9050424505199609,24.0,26.0,65.0,0.7272727272727273,0.8932806324110671,0.8413526086956522
2021-10-25,2021-10-25 12:10:00,2021-10-25 12:28:00,2021-10-25 13:33:00,short,5606.0,5600.0,5619.5,5600.0,6.0,60.0,limit_touch,take_profit,-1.0,2021-10-25 12:10:00,3,-9.5,-17.0,-18.5,-72.0,31.0,-0.686046511627907,-0.5483870967741935,22.229999999999997,3.6662168241115616,539889.0,0.901205936262126,17.0,18.5,72.0,0.5483870967741935,0.686046511627907,0.7666113043478261
2021-10-26,2021-10-26 10:16:00,2021-10-26 10:21:00,2021-10-26 10:21:00,long,5575.5,5580.5,5565.0,5580.5,5.0,50.0,limit_touch,take_profit,1.0,2021-10-26 10:16:00,1,0.5,3.5,5.0,19.0,29.5,0.06361323155216285,0.11864406779661017,23.165625,1.316605962498314,276106.0,1.0146831245191141,3.5,5.0,19.0,0.11864406779661017,0.06361323155216285,0.24632152173913044
2021-10-26,2021-10-26 10:37:00,2021-10-26 10:41:00,2021-10-26 10:42:00,long,5579.5,5584.5,5569.0,5584.5,5.0,50.0,limit_touch,take_profit,1.0,2021-10-26 10:37:00,2,6.5,5.0,12.5,28.0,25.0,0.2054794520547945,0.2,23.165625,1.5540267098340754,330264.0,0.9676199691693163,5.0,12.5,28.0,0.2,0.2054794520547945,0.3339463043478261
2021-10-26,2021-10-26 10:53:00,2021-10-26 11:00:00,2021-10-26 11:07:00,long,5586.0,5575.5,5575.5,5591.0,-10.5,-105.0,limit_touch,stop_loss,1.0,2021-10-26 10:53:00,3,0.0,7.0,15.5,36.0,26.0,0.5614035087719298,0.2692307692307692,23.165625,1.920949682989343,378745.0,0.9626890273861426,7.0,15.5,36.0,0.2692307692307692,0.5614035087719298,0.439051884057971
2021-10-26,2021-10-26 13:26:00,2021-10-26 14:00:00,2021-10-26 14:15:00,long,5597.0,5586.5,5586.5,5602.0,-10.5,-105.0,limit_touch,stop_loss,1.0,2021-10-26 13:26:00,4,2.5,11.0,18.5,49.0,19.0,0.8478260869565217,0.5789473684210527,23.165625,2.5468771077836236,691905.0,0.9590343914399695,11.0,18.5,49.0,0.5789473684210527,0.8478260869565217,0.6759235507246377
2021-10-27,2021-10-27 11:14:00,2021-10-27 11:17:00,2021-10-27 11:31:00,short,5550.5,5546.0,5560.5,5546.0,4.5,45.0,limit_touch,take_profit,-1.0,2021-10-27 11:14:00,1,-13.0,-19.0,-19.5,-29.0,39.0,-0.6766467065868264,-0.48717948717948717,22.84411764705882,1.510235612205485,429786.0,0.9317944902007893,19.0,19.5,29.0,0.48717948717948717,0.6766467065868264,0.6041706521739131
2021-10-27,2021-10-27 11:33:00,2021-10-27 11:40:00,2021-10-27 11:44:00,short,5549.0,5559.0,5559.0,5544.5,-10.0,-100.0,limit_touch,stop_loss,-1.0,2021-10-27 11:33:00,2,-10.5,-6.5,-16.5,-29.5,25.5,-0.4826254826254826,-0.2549019607843137,22.84411764705882,1.619672975408781,488957.0,0.9544793680283368,6.5,16.5,29.5,0.2549019607843137,0.4826254826254826,0.3789407246376812
2021-10-27,2021-10-27 12:19:00,2021-10-27 13:06:00,2021-10-27 14:20:00,long,5582.0,5587.0,5571.0,5587.0,5.0,50.0,limit_touch,take_profit,1.0,2021-10-27 12:19:00,3,2.0,9.5,28.0,19.5,34.5,0.5250544662309368,0.2753623188405797,22.84411764705882,2.47328440839449,644020.0,1.0391194542856095,9.5,28.0,19.5,0.2753623188405797,0.5250544662309368,0.448515652173913
2021-10-28,2021-10-28 12:16:00,2021-10-28 12:45:00,2021-10-28 13:29:00,long,5616.0,5621.0,5605.0,5621.0,5.0,50.0,limit_touch,take_profit,1.0,2021-10-28 12:16:00,1,6.5,16.0,22.5,79.5,38.0,0.3129251700680272,0.42105263157894735,22.516666666666666,3.7971872686898593,630879.0,1.0256129165092571,16.0,22.5,79.5,0.42105263157894735,0.3129251700680272,0.7555984057971015
2021-10-29,2021-10-29 10:03:00,2021-10-29 10:07:00,2021-10-29 10:13:00,short,5664.5,5659.0,5676.5,5659.0,5.5,55.0,limit_touch,take_profit,-1.0,2021-10-29 10:03:00,1,-6.5,-15.0,-18.0,-10.5,47.0,-0.41089108910891087,-0.3191489361702128,23.123684210526317,1.297371116421987,189004.0,0.8345306460543431,15.0,18.0,10.5,0.3191489361702128,0.41089108910891087,0.35795956521739125
2021-10-29,2021-10-29 10:31:00,2021-10-29 10:32:00,2021-10-29 10:38:00,short,5658.0,5669.5,5669.5,5652.5,-11.5,-115.0,limit_touch,stop_loss,-1.0,2021-10-29 10:31:00,2,-9.0,-2.0,-20.5,-19.5,39.0,-0.048109965635738834,-0.05128205128205128,23.123684210526317,1.686582451348583,265821.0,0.8381819195613882,2.0,20.5,19.5,0.05128205128205128,0.048109965635738834,0.1839054347826087
2021-10-29,2021-10-29 11:04:00,2021-10-29 11:08:00,2021-10-29 11:28:00,long,5683.5,5671.0,5671.0,5689.5,-12.5,-125.0,limit_touch,stop_loss,1.0,2021-10-29 11:04:00,3,18.0,25.0,31.5,23.5,53.0,0.5672514619883041,0.4716981132075472,23.123684210526317,2.0541709343348127,377790.0,0.8816672649493096,25.0,31.5,23.5,0.4716981132075472,0.5672514619883041,0.6110518115942029
2021-11-01,2021-11-01 12:06:00,2021-11-01 13:38:00,2021-11-01 13:44:00,long,5702.5,5707.5,5691.5,5707.5,5.0,50.0,limit_touch,take_profit,1.0,2021-11-01 12:06:00,1,6.0,9.5,21.0,59.0,14.5,0.8646616541353384,0.6551724137931034,22.965,2.895710864358807,381779.0,0.6504349220647624,9.5,21.0,59.0,0.6551724137931034,0.8646616541353384,0.6316128260869565
2021-11-03,2021-11-03 10:06:00,2021-11-03 10:09:00,2021-11-03 10:13:00,long,5711.5,5703.0,5703.0,5715.5,-8.5,-85.0,limit_touch,stop_loss,1.0,2021-11-03 10:06:00,1,5.0,27.0,14.0,14.0,46.0,0.7138888888888889,0.5869565217391305,22.965,1.5022860875244939,217287.0,0.9323488852586593,27.0,14.0,14.0,0.5869565217391305,0.7138888888888889,0.5795055072463768
2021-11-03,2021-11-03 11:13:00,2021-11-03 11:22:00,2021-11-03 11:24:00,long,5717.5,5708.0,5708.0,5722.0,-9.5,-95.0,limit_touch,stop_loss,1.0,2021-11-03 11:13:00,2,5.5,3.0,0.0,20.0,23.0,0.21052631578947367,0.13043478260869565,22.965,1.850642281733072,398901.0,0.88691242708532,3.0,0.0,20.0,0.13043478260869565,0.21052631578947367,0.230843768115942
2021-11-03,2021-11-03 11:51:00,2021-11-03 11:59:00,2021-11-03 12:02:00,short,5690.0,5700.5,5700.5,5685.0,-10.5,-105.0,limit_touch,stop_loss,-1.0,2021-11-03 11:51:00,3,-12.0,-32.5,-46.0,-25.0,37.5,-0.9130434782608695,-0.8666666666666667,22.965,2.2207707380796866,516045.0,0.947548230773242,32.5,46.0,25.0,0.8666666666666667,0.9130434782608695,0.7412165942028985
2021-11-03,2021-11-03 13:25:00,2021-11-03 14:57:00,2021-11-03 15:00:00,short,5655.5,5650.5,5666.5,5650.5,5.0,50.0,limit_touch,take_profit,-1.0,2021-11-03 13:25:00,4,-3.0,-16.5,-24.5,-70.5,40.5,-0.7064220183486238,-0.4074074074074074,22.965,4.202046592640976,737095.0,1.0402741434751146,16.5,24.5,70.5,0.4074074074074074,0.7064220183486238,0.7575914492753623
2021-11-04,2021-11-04 11:35:00,2021-11-04 11:41:00,2021-11-04 12:03:00,short,5604.0,5616.5,5616.5,5598.5,-12.5,-125.0,limit_touch,stop_loss,-1.0,2021-11-04 11:35:00,1,-9.5,-27.5,-30.0,-3.5,30.5,-0.9748110831234257,-0.9016393442622951,22.965,2.4602656215980843,438382.0,0.8700525307845322,27.5,30.0,3.5,0.9016393442622951,0.9748110831234257,0.6019151449275362
2021-11-04,2021-11-04 13:39:00,2021-11-04 14:30:00,2021-11-04 14:33:00,long,5634.5,5640.0,5622.5,5640.0,5.5,55.0,limit_touch,take_profit,1.0,2021-11-04 13:39:00,2,7.5,31.0,37.0,47.5,35.0,0.9763593380614657,0.8857142857142857,22.965,2.5691269322882646,667769.0,0.9252177034313759,31.0,37.0,47.5,0.8857142857142857,0.9763593380614657,0.8346926086956522
2021-11-05,2021-11-05 11:05:00,2021-11-05 11:19:00,2021-11-05 11:25:00,short,5569.0,5580.5,5580.5,5563.5,-11.5,-115.0,limit_touch,stop_loss,-1.0,2021-11-05 11:05:00,1,-2.5,-5.0,-21.5,-67.5,22.0,-0.5096153846153846,-0.22727272727272727,22.965,3.7230568256041803,413184.0,0.9863751850668983,5.0,21.5,67.5,0.22727272727272727,0.5096153846153846,0.5140071014492754
2021-11-08,2021-11-08 12:39:00,2021-11-08 12:46:00,2021-11-08 12:56:00,short,5577.0,5572.0,5587.5,5572.0,5.0,50.0,limit_touch,take_profit,-1.0,2021-11-08 12:39:00,1,-4.5,-9.0,-11.5,-17.5,17.0,-0.6363636363636364,-0.5294117647058824,22.965,2.5691269322882646,514910.0,0.812182127266473,9.0,11.5,17.5,0.5294117647058824,0.6363636363636364,0.4544861594202898
2021-11-09,2021-11-09 10:12:00,2021-11-09 10:25:00,2021-11-09 10:27:00,short,5541.5,5537.5,5550.0,5537.5,4.0,40.0,limit_touch,take_profit,-1.0,2021-11-09 10:12:00,1,-8.5,-5.0,-1.5,-35.0,21.0,-0.08888888888888889,-0.23809523809523808,27.179999999999996,1.4716703458425315,197450.0,0.8039348358800996,5.0,1.5,35.0,0.23809523809523808,0.08888888888888889,0.31887934782608696
2021-11-09,2021-11-09 11:07:00,2021-11-09 11:27:00,2021-11-09 11:30:00,short,5518.5,5514.5,5527.5,5514.5,4.0,40.0,limit_touch,take_profit,-1.0,2021-11-09 11:07:00,2,-5.0,-18.0,-35.0,-67.5,31.0,-0.746268656716418,-0.5806451612903226,27.179999999999996,2.612214863870493,354478.0,0.8487157140668097,18.0,35.0,67.5,0.5806451612903226,0.746268656716418,0.7479023188405798
2021-11-09,2021-11-09 11:48:00,2021-11-09 12:10:00,2021-11-09 12:12:00,short,5512.5,5522.0,5522.0,5508.0,-9.5,-95.0,limit_touch,stop_loss,-1.0,2021-11-09 11:48:00,3,-1.5,-16.0,-12.0,-74.0,26.0,-0.7486338797814208,-0.6153846153846154,27.179999999999996,2.9065489330389997,459684.0,0.8799949435699793,16.0,12.0,74.0,0.6153846153846154,0.7486338797814208,0.7582129710144928
2021-11-10,2021-11-10 10:15:00,2021-11-10 10:30:00,2021-11-10 10:30:00,short,5478.5,5489.5,5489.5,5473.5,-11.0,-110.0,limit_touch,stop_loss,-1.0,2021-11-10 10:15:00,1,-8.0,-13.5,-43.0,-57.0,44.5,-0.4781582054309327,-0.30337078651685395,27.425,2.4977210574293527,269603.0,1.0640509302152568,13.5,43.0,57.0,0.30337078651685395,0.4781582054309327,0.6554061594202899
2021-11-10,2021-11-10 11:05:00,2021-11-10 11:33:00,2021-11-10 11:34:00,short,5473.0,5467.5,5484.5,5467.5,5.5,55.0,limit_touch,take_profit,-1.0,2021-11-10 11:05:00,2,-4.0,-17.0,-17.5,-66.5,40.0,-0.6761229314420804,-0.425,27.425,2.771194165907019,456774.0,1.115436141308993,17.0,17.5,66.5,0.425,0.6761229314420804,0.7650813043478261
2021-11-11,2021-11-11 10:32:00,2021-11-11 10:47:00,2021-11-11 10:49:00,short,5463.0,5458.5,5473.5,5458.5,4.5,45.0,limit_touch,take_profit,-1.0,2021-11-11 10:32:00,1,-4.5,-8.0,-6.0,-47.0,18.0,-0.7906976744186046,-0.4444444444444444,26.764285714285712,2.0736589271417136,226221.0,0.745224229793695,8.0,6.0,47.0,0.4444444444444444,0.7906976744186046,0.5046342753623189
2021-11-12,2021-11-12 11:41:00,2021-11-12 11:45:00,2021-11-12 11:48:00,long,5437.5,5442.0,5428.0,5442.0,4.5,45.0,limit_touch,take_profit,1.0,2021-11-12 11:41:00,1,4.0,6.5,15.0,21.0,28.5,0.3791348600508906,0.22807017543859648,27.1125,1.3278008298755186,450446.0,0.896978006569069,6.5,15.0,21.0,0.22807017543859648,0.3791348600508906,0.28928637681159425
2021-11-12,2021-11-12 12:49:00,2021-11-12 12:57:00,2021-11-12 12:59:00,long,5438.5,5442.5,5429.5,5442.5,4.0,40.0,limit_touch,take_profit,1.0,2021-11-12 12:49:00,2,9.5,10.0,17.0,26.5,23.0,0.8022598870056498,0.43478260869565216,27.1125,1.3831258644536653,560343.0,0.8775531213258643,10.0,17.0,26.5,0.43478260869565216,0.8022598870056498,0.4430731884057971
2021-11-12,2021-11-12 13:51:00,2021-11-12 14:06:00,2021-11-12 14:09:00,long,5447.5,5451.5,5439.0,5451.5,4.0,40.0,limit_touch,take_profit,1.0,2021-11-12 13:51:00,3,6.5,3.5,7.5,34.5,25.5,0.24528301886792453,0.13725490196078433,27.1125,1.8257261410788381,642675.0,0.8966025366221695,3.5,7.5,34.5,0.13725490196078433,0.24528301886792453,0.3151515217391304
2021-11-16,2021-11-16 10:00:00,2021-11-16 10:02:00,2021-11-16 10:06:00,short,5453.5,5449.5,5462.5,5449.5,4.0,40.0,limit_touch,take_profit,-1.0,2021-11-16 10:00:00,1,-13.0,-21.0,-7.0,-14.0,43.0,-0.5751633986928104,-0.4883720930232558,26.583333333333332,1.2413793103448276,201662.0,1.0038227450259432,21.0,7.0,14.0,0.4883720930232558,0.5751633986928104,0.5429921014492753
2021-11-16,2021-11-16 10:07:00,2021-11-16 10:08:00,2021-11-16 10:18:00,short,5453.0,5448.5,5462.5,5448.5,4.5,45.0,limit_touch,take_profit,-1.0,2021-11-16 10:07:00,2,1.0,-11.5,-11.0,-11.5,39.5,-0.2680221811460259,-0.2911392405063291,26.583333333333332,1.2601880877742948,227180.0,1.0079084745634876,11.5,11.0,11.5,0.2911392405063291,0.2680221811460259,0.36442978260869563
2021-11-16,2021-11-16 11:26:00,2021-11-16 11:38:00,2021-11-16 11:39:00,long,5488.5,5493.5,5478.0,5493.5,5.0,50.0,limit_touch,take_profit,1.0,2021-11-16 11:26:00,3,1.0,9.5,39.5,37.0,27.5,0.5963302752293578,0.34545454545454546,26.583333333333332,2.200626959247649,463487.0,1.002292253696259,9.5,39.5,37.0,0.34545454545454546,0.5963302752293578,0.5326599275362318
2021-11-17,2021-11-17 10:00:00,2021-11-17 10:02:00,2021-11-17 10:06:00,short,5486.0,5494.0,5494.0,5482.5,-8.0,-80.0,limit_touch,stop_loss,-1.0,2021-11-17 10:00:00,1,-11.0,-13.0,-11.5,-17.5,25.0,-0.6402877697841727,-0.52,26.31,1.064234131508932,150513.0,0.7492506274120903,13.0,11.5,17.5,0.52,0.6402877697841727,0.427553115942029
2021-11-17,2021-11-17 11:12:00,2021-11-17 11:26:00,2021-11-17 11:30:00,long,5519.0,5523.0,5510.0,5523.0,4.0,40.0,limit_touch,take_profit,1.0,2021-11-17 11:12:00,2,8.5,14.5,27.5,29.5,21.5,0.807909604519774,0.6744186046511628,26.31,2.033447358418852,340459.0,0.7988720117444807,14.5,27.5,29.5,0.6744186046511628,0.807909604519774,0.6082431884057972
2021-11-18,2021-11-18 10:31:00,2021-11-18 10:32:00,2021-11-18 10:34:00,long,5561.5,5565.5,5552.5,5565.5,4.0,40.0,limit_touch,take_profit,1.0,2021-11-18 10:31:00,1,2.5,17.0,18.5,30.0,22.0,0.8522727272727273,0.7727272727272727,25.84090909090909,1.2770448548812665,242717.0,0.8245959482571426,17.0,18.5,30.0,0.7727272727272727,0.8522727272727273,0.6171878260869565
2021-11-18,2021-11-18 10:35:00,2021-11-18 10:38:00,2021-11-18 11:03:00,long,5563.0,5567.0,5554.0,5567.0,4.0,40.0,limit_touch,take_profit,1.0,2021-11-18 10:35:00,2,0.0,9.5,18.5,29.0,20.5,0.18435754189944134,0.4634146341463415,25.84090909090909,1.3737906772207564,258917.0,0.8396501590090508,9.5,18.5,29.0,0.4634146341463415,0.18435754189944134,0.44935608695652174
2021-11-18,2021-11-18 11:07:00,2021-11-18 11:12:00,2021-11-18 11:19:00,long,5564.5,5568.5,5555.5,5568.5,4.0,40.0,limit_touch,take_profit,1.0,2021-11-18 11:07:00,3,10.0,10.0,2.0,33.5,27.0,0.4720496894409938,0.37037037037037035,25.84090909090909,1.4318381706244503,331926.0,0.8146250265568881,10.0,2.0,33.5,0.37037037037037035,0.4720496894409938,0.4362819565217391
2021-11-18,2021-11-18 11:24:00,2021-11-18 11:34:00,2021-11-18 11:40:00,long,5566.0,5557.0,5557.0,5570.0,-9.0,-90.0,limit_touch,stop_loss,1.0,2021-11-18 11:24:00,4,5.0,0.0,15.0,34.0,16.0,0.13333333333333333,0.0,25.84090909090909,1.5285839929639402,368641.0,0.8150479229589007,0.0,15.0,34.0,0.0,0.13333333333333333,0.230205
2021-11-18,2021-11-18 12:19:00,2021-11-18 12:24:00,2021-11-18 12:31:00,long,5568.0,5559.0,5559.0,5572.0,-9.0,-90.0,limit_touch,stop_loss,1.0,2021-11-18 12:19:00,5,2.5,7.0,16.0,36.5,27.0,0.35570469798657717,0.25925925925925924,25.84090909090909,1.6253298153034301,479524.0,0.8301823378126503,7.0,16.0,36.5,0.25925925925925924,0.35570469798657717,0.3806582608695652
2021-11-19,2021-11-19 10:32:00,2021-11-19 10:38:00,2021-11-19 10:45:00,short,5562.0,5558.0,5570.5,5558.0,4.0,40.0,limit_touch,take_profit,-1.0,2021-11-19 10:32:00,1,-14.5,-14.5,-13.0,-33.0,35.5,-0.5163398692810458,-0.4084507042253521,25.025000000000002,1.4985014985014984,257410.0,0.8675346694256239,14.5,13.0,33.0,0.4084507042253521,0.5163398692810458,0.5254572463768116
2021-11-19,2021-11-19 11:36:00,2021-11-19 11:47:00,2021-11-19 11:49:00,short,5546.0,5541.5,5555.5,5541.5,4.5,45.0,limit_touch,take_profit,-1.0,2021-11-19 11:36:00,2,-17.5,-15.5,-32.0,-56.0,35.5,-0.4261954261954262,-0.43661971830985913,25.025000000000002,2.3576423576423573,440931.0,0.9197025801833429,15.5,32.0,56.0,0.43661971830985913,0.4261954261954262,0.6724366666666666
2021-11-22,2021-11-22 10:05:00,2021-11-22 10:05:00,2021-11-22 10:05:00,short,5603.0,5598.5,5612.0,5598.5,4.5,45.0,limit_touch,take_profit,-1.0,2021-11-22 10:05:00,1,-3.0,-2.5,-5.0,-9.0,26.5,-0.23303834808259588,-0.09433962264150944,25.257692307692306,1.0689812699862953,169940.0,0.7924897058490923,2.5,5.0,9.0,0.09433962264150944,0.23303834808259588,0.09565731884057971
2021-11-22,2021-11-22 10:07:00,2021-11-22 10:11:00,2021-11-22 10:12:00,short,5602.5,5598.0,5612.0,5598.0,4.5,45.0,limit_touch,take_profit,-1.0,2021-11-22 10:07:00,2,-2.5,-5.0,-11.0,-13.0,27.0,-0.32620320855614976,-0.18518518518518517,25.257692307692306,1.0887772194304859,178463.0,0.8063491131144744,5.0,11.0,13.0,0.18518518518518517,0.32620320855614976,0.17680847826086957
2021-11-22,2021-11-22 11:00:00,2021-11-22 11:00:00,2021-11-22 11:04:00,short,5585.0,5580.5,5595.0,5580.5,4.5,45.0,limit_touch,take_profit,-1.0,2021-11-22 11:00:00,3,0.5,-8.5,-24.0,-35.0,34.5,-0.3082039911308204,-0.2463768115942029,25.257692307692306,2.0191868433074465,331027.0,0.8700669344934214,8.5,24.0,35.0,0.2463768115942029,0.3082039911308204,0.42709
2021-11-23,2021-11-23 10:25:00,2021-11-23 10:31:00,2021-11-23 10:32:00,long,5634.0,5638.5,5624.0,5638.5,4.5,45.0,limit_touch,take_profit,1.0,2021-11-23 10:25:00,1,6.0,7.5,5.5,22.5,33.5,0.28159645232815966,0.22388059701492538,24.54642857142857,1.6499345264076823,235852.0,0.8622491967398226,7.5,5.5,22.5,0.22388059701492538,0.28159645232815966,0.32123862318840585
2021-11-23,2021-11-23 11:03:00,2021-11-23 11:19:00,2021-11-23 11:21:00,long,5642.5,5647.0,5633.0,5647.0,4.5,45.0,limit_touch,take_profit,1.0,2021-11-23 11:03:00,2,6.5,4.5,15.0,38.5,22.5,0.5471698113207547,0.2,24.54642857142857,2.1184344536592463,350594.0,0.8986513206952953,4.5,15.0,38.5,0.2,0.5471698113207547,0.3766509420289855
2021-11-23,2021-11-23 13:04:00,2021-11-23 13:49:00,2021-11-23 13:55:00,long,5653.0,5657.0,5644.0,5657.0,4.0,40.0,limit_touch,take_profit,1.0,2021-11-23 13:04:00,3,4.5,10.0,13.0,53.0,24.0,0.5639097744360902,0.4166666666666667,24.54642857142857,2.6887821911828897,581545.0,0.9103653789241598,10.0,13.0,53.0,0.4166666666666667,0.5639097744360902,0.5989060869565217
2021-11-24,2021-11-24 10:55:00,2021-11-24 11:21:00,2021-11-24 11:45:00,long,5611.0,5616.0,5600.5,5616.0,5.0,50.0,limit_touch,take_profit,1.0,2021-11-24 10:55:00,1,9.0,2.5,14.0,42.5,32.5,-0.21541950113378686,0.07692307692307693,24.849999999999998,2.7364185110663986,346429.0,0.954032727412926,2.5,14.0,42.5,0.07692307692307693,-0.21541950113378686,0.38469615942028984
2021-11-25,2021-11-25 10:41:00,2021-11-25 10:43:00,2021-11-25 11:10:00,long,5595.0,5599.0,5586.0,5599.0,4.0,40.0,limit_touch,take_profit,1.0,2021-11-25 10:41:00,1,1.0,9.0,14.5,9.0,21.0,0.6458333333333334,0.42857142857142855,24.571875,1.1395141803382933,229553.0,0.709741736329315,9.0,14.5,9.0,0.42857142857142855,0.6458333333333334,0.2799814492753623
2021-11-25,2021-11-25 11:11:00,2021-11-25 11:23:00,2021-11-25 11:42:00,long,5596.0,5587.0,5587.0,5600.0,-9.0,-90.0,limit_touch,stop_loss,1.0,2021-11-25 11:11:00,2,6.5,9.5,0.0,9.0,22.5,0.5621301775147929,0.4222222222222222,24.571875,1.2005595828564162,281312.0,0.6819396642873193,9.5,0.0,9.0,0.4222222222222222,0.5621301775147929,0.28344971014492754
2021-11-25,2021-11-25 12:28:00,2021-11-25 13:08:00,2021-11-25 13:14:00,short,5565.5,5561.5,5574.5,5561.5,4.0,40.0,better_open,take_profit,-1.0,2021-11-25 12:28:00,3,-5.0,-8.5,-14.5,-35.5,20.5,-0.40425531914893614,-0.4146341463414634,24.571875,2.0755436856161773,415836.0,0.7127094795408844,8.5,14.5,35.5,0.4146341463414634,0.40425531914893614,0.4543563043478261
2021-11-26,2021-11-26 10:08:00,2021-11-26 10:19:00,2021-11-26 10:22:00,short,5615.0,5610.5,5625.0,5610.5,4.5,45.0,limit_touch,take_profit,-1.0,2021-11-26 10:08:00,1,0.0,-12.5,-26.0,-65.5,24.5,-0.68,-0.5102040816326531,24.026470588235295,3.0591259640102826,216359.0,0.9755625032549335,12.5,26.0,65.5,0.5102040816326531,0.68,0.716426231884058
2021-11-26,2021-11-26 11:04:00,2021-11-26 11:45:00,2021-11-26 11:50:00,short,5605.0,5600.5,5615.0,5600.5,4.5,45.0,limit_touch,take_profit,-1.0,2021-11-26 11:04:00,2,-9.5,-20.5,-25.0,-83.5,26.5,-0.8776758409785933,-0.7735849056603774,24.026470588235295,3.6001958624066592,360127.0,0.9247652095908844,20.5,25.0,83.5,0.7735849056603774,0.8776758409785933,0.8478628985507246
2021-11-26,2021-11-26 12:06:00,2021-11-26 12:18:00,2021-11-26 12:20:00,short,5603.5,5598.5,5614.0,5598.5,5.0,50.0,limit_touch,take_profit,-1.0,2021-11-26 12:06:00,3,2.0,-10.5,-7.0,-79.0,33.5,-0.48491879350348027,-0.31343283582089554,24.026470588235295,3.683437385236871,505517.0,0.9405124339748676,10.5,7.0,79.0,0.31343283582089554,0.48491879350348027,0.6175457971014493
2021-11-29,2021-11-29 10:10:00,2021-11-29 10:13:00,2021-11-29 10:20:00,long,5603.5,5608.0,5594.0,5608.0,4.5,45.0,limit_touch,take_profit,1.0,2021-11-29 10:10:00,1,8.5,11.5,8.0,9.0,37.5,0.2387312186978297,0.30666666666666664,24.266666666666666,1.1126373626373627,189884.0,0.8335392847814683,11.5,8.0,9.0,0.30666666666666664,0.2387312186978297,0.2947831884057971
2021-11-29,2021-11-29 10:42:00,2021-11-29 10:44:00,2021-11-29 10:46:00,long,5605.0,5609.5,5595.5,5609.5,4.5,45.0,limit_touch,take_profit,1.0,2021-11-29 10:42:00,2,2.5,4.5,0.0,7.0,27.5,0.23843416370106763,0.16363636363636364,24.266666666666666,1.2156593406593408,253150.0,0.7790641474617788,4.5,0.0,7.0,0.16363636363636364,0.23843416370106763,0.1252741304347826
2021-11-29,2021-11-29 11:27:00,2021-11-29 11:33:00,2021-11-29 11:46:00,short,5589.0,5598.5,5598.5,5584.5,-9.5,-95.0,limit_touch,stop_loss,-1.0,2021-11-29 11:27:00,3,-7.5,-21.5,-26.0,-17.0,28.5,-0.8390804597701149,-0.7543859649122807,24.266666666666666,1.2980769230769231,353341.0,0.7873141486863985,21.5,26.0,17.0,0.7543859649122807,0.8390804597701149,0.5642584782608694
2021-11-29,2021-11-29 11:53:00,2021-11-29 11:54:00,2021-11-29 11:58:00,long,5615.0,5620.0,5604.5,5620.0,5.0,50.0,limit_touch,take_profit,1.0,2021-11-29 11:53:00,4,20.0,28.0,30.0,18.5,45.0,0.8793893129770992,0.6222222222222222,24.266666666666666,1.875,433386.0,0.853944276792497,28.0,30.0,18.5,0.6222222222222222,0.8793893129770992,0.6155739130434783
2021-11-29,2021-11-29 12:17:00,2021-11-29 12:29:00,2021-11-29 12:32:00,long,5626.5,5631.5,5616.0,5631.5,5.0,50.0,limit_touch,take_profit,1.0,2021-11-29 12:17:00,5,10.5,19.5,40.5,38.0,41.5,0.6613138686131387,0.46987951807228917,24.266666666666666,2.493131868131868,512389.0,0.9162467137243644,19.5,40.5,38.0,0.46987951807228917,0.6613138686131387,0.6836420289855072
2021-11-30,2021-11-30 12:27:00,2021-11-30 12:31:00,2021-11-30 12:36:00,short,5624.5,5635.5,5635.5,5619.5,-11.0,-110.0,limit_touch,stop_loss,-1.0,2021-11-30 12:27:00,1,-7.5,-8.0,-13.0,-16.5,21.0,-0.36666666666666664,-0.38095238095238093,23.94473684210526,1.5661061655126938,448358.0,0.7765933216071307,8.0,13.0,16.5,0.38095238095238093,0.36666666666666664,0.31769318840579713
2021-11-30,2021-11-30 13:05:00,2021-11-30 13:27:00,2021-11-30 13:37:00,long,5684.0,5690.0,5671.0,5690.0,6.0,60.0,limit_touch,take_profit,1.0,2021-11-30 13:05:00,2,13.5,49.5,76.0,68.5,65.5,0.8893280632411067,0.7557251908396947,23.94473684210526,3.8421804593911424,613761.0,0.9708112026836879,49.5,76.0,68.5,0.7557251908396947,0.8893280632411067,0.8970342753623188
2021-12-01,2021-12-01 10:09:00,2021-12-01 10:18:00,2021-12-01 10:22:00,long,5643.5,5648.5,5633.0,5648.5,5.0,50.0,limit_touch,take_profit,1.0,2021-12-01 10:09:00,1,1.0,3.0,8.5,29.5,15.0,-0.2835820895522388,0.2,24.127499999999998,1.720029012537561,153457.0,0.6877295361618914,3.0,8.5,29.5,0.2,-0.2835820895522388,0.2553864492753623
2021-12-01,2021-12-01 11:48:00,2021-12-01 12:01:00,2021-12-01 12:17:00,long,5651.5,5656.0,5641.5,5656.0,4.5,45.0,limit_touch,take_profit,1.0,2021-12-01 11:48:00,2,6.0,1.0,1.5,41.5,26.0,-0.18181818181818182,0.038461538461538464,24.127499999999998,2.155217075950679,373548.0,0.7583602534675298,1.0,1.5,41.5,0.038461538461538464,-0.18181818181818182,0.2920856521739131
2021-12-02,2021-12-02 10:58:00,2021-12-02 11:16:00,2021-12-02 11:34:00,short,5670.0,5680.5,5680.5,5665.0,-10.5,-105.0,limit_touch,stop_loss,-1.0,2021-12-02 10:58:00,1,-5.5,-14.5,-11.0,-43.5,24.5,-0.7813504823151125,-0.5918367346938775,24.127499999999998,2.4660656926743343,321734.0,0.8812059751703476,14.5,11.0,43.5,0.5918367346938775,0.7813504823151125,0.6842221014492754
2021-12-02,2021-12-02 13:24:00,2021-12-02 13:36:00,2021-12-02 13:45:00,short,5664.5,5659.5,5675.0,5659.5,5.0,50.0,limit_touch,take_profit,-1.0,2021-12-02 13:24:00,2,-14.5,-16.0,-24.5,-51.0,26.0,-0.8686868686868687,-0.6153846153846154,24.127499999999998,2.75619106828308,600455.0,0.9224588004095071,16.0,24.5,51.0,0.6153846153846154,0.8686868686868687,0.7461646376811595
2021-12-03,2021-12-03 10:31:00,2021-12-03 10:35:00,2021-12-03 10:35:00,short,5658.5,5653.5,5669.0,5653.5,5.0,50.0,limit_touch,take_profit,-1.0,2021-12-03 10:31:00,1,-19.5,-22.5,-29.0,-36.5,46.5,-0.8946752486834406,-0.4838709677419355,24.127499999999998,2.6940213449383488,203871.0,0.7214155911274138,22.5,29.0,36.5,0.4838709677419355,0.8946752486834406,0.6614884782608695
2021-12-03,2021-12-03 10:56:00,2021-12-03 11:13:00,2021-12-03 11:14:00,short,5651.5,5646.5,5662.5,5646.5,5.0,50.0,limit_touch,take_profit,-1.0,2021-12-03 10:56:00,2,-13.5,-20.5,-30.0,-47.0,45.5,-0.28859060402684567,-0.45054945054945056,24.127499999999998,3.067039685006735,309803.0,0.8662964048161849,20.5,30.0,47.0,0.45054945054945056,0.28859060402684567,0.7115311594202898
2021-12-03,2021-12-03 12:15:00,2021-12-03 12:24:00,2021-12-03 12:41:00,long,5694.0,5699.5,5682.0,5699.5,5.5,55.0,limit_touch,take_profit,1.0,2021-12-03 12:15:00,3,18.0,28.0,48.0,25.0,42.0,0.9103641456582633,0.6666666666666666,24.127499999999998,3.3571650606154804,526257.0,0.9624262804991346,28.0,48.0,25.0,0.6666666666666666,0.9103641456582633,0.750223695652174
2021-12-03,2021-12-03 13:55:00,2021-12-03 14:19:00,2021-12-03 14:40:00,long,5694.5,5682.0,5682.0,5700.5,-12.5,-125.0,limit_touch,stop_loss,1.0,2021-12-03 13:55:00,4,5.0,11.5,21.5,26.0,23.5,0.6846473029045643,0.48936170212765956,24.127499999999998,3.3986115428453014,702697.0,1.0258659871976672,11.5,21.5,26.0,0.48936170212765956,0.6846473029045643,0.6119214492753622
2021-12-06,2021-12-06 11:37:00,2021-12-06 11:52:00,2021-12-06 11:53:00,long,5717.5,5722.5,5706.5,5722.5,5.0,50.0,limit_touch,take_profit,1.0,2021-12-06 11:37:00,1,-0.5,6.5,12.0,51.0,31.5,0.3161953727506427,0.20634920634920634,24.127499999999998,2.77691430939799,372874.0,0.8019463412670524,6.5,12.0,51.0,0.20634920634920634,0.3161953727506427,0.4482599275362319
2021-12-07,2021-12-07 10:14:00,2021-12-07 10:24:00,2021-12-07 10:27:00,short,5666.5,5662.0,5676.0,5662.0,4.5,45.0,limit_touch,take_profit,-1.0,2021-12-07 10:14:00,1,-0.5,-7.5,-32.5,-35.0,28.5,-0.5115681233933161,-0.2631578947368421,24.127499999999998,2.051600870376127,228210.0,0.9736655350872577,7.5,32.5,35.0,0.2631578947368421,0.5115681233933161,0.4546776811594202
2021-12-07,2021-12-07 14:03:00,2021-12-07 14:35:00,2021-12-07 14:59:00,short,5665.0,5660.5,5674.5,5660.5,4.5,45.0,limit_touch,take_profit,-1.0,2021-12-07 14:03:00,2,-7.0,-4.5,-20.0,-39.5,24.5,-0.25333333333333335,-0.1836734693877551,24.127499999999998,2.1344938348357685,668129.0,0.9552071242405658,4.5,20.0,39.5,0.1836734693877551,0.25333333333333335,0.39859710144927535
2021-12-08,2021-12-08 10:17:00,2021-12-08 10:26:00,2021-12-08 10:42:00,short,5638.0,5633.5,5648.5,5633.5,4.5,45.0,limit_touch,take_profit,-1.0,2021-12-08 10:17:00,1,-6.0,-15.5,-27.5,-1.0,20.5,-0.7435897435897436,-0.7560975609756098,24.27,1.4627111660486196,240727.0,0.9970162585435269,15.5,27.5,1.0,0.7560975609756098,0.7435897435897436,0.5118873913043478
2021-12-08,2021-12-08 11:02:00,2021-12-08 11:12:00,2021-12-08 11:21:00,short,5619.0,5614.0,5629.5,5614.0,5.0,50.0,limit_touch,take_profit,-1.0,2021-12-08 11:02:00,2,-4.0,-23.5,-33.5,-28.0,36.5,-0.8461538461538461,-0.6438356164383562,24.27,2.5133910177173466,386754.0,1.0403513620930012,23.5,33.5,28.0,0.6438356164383562,0.8461538461538461,0.7549529710144927
2021-12-09,2021-12-09 10:17:00,2021-12-09 10:20:00,2021-12-09 10:22:00,long,5567.0,5571.0,5558.5,5571.0,4.0,40.0,limit_touch,take_profit,1.0,2021-12-09 10:17:00,1,8.0,10.5,14.5,5.5,33.5,0.37881508078994613,0.31343283582089554,25.749999999999996,1.1262135922330099,226557.0,0.9415279543708632,10.5,14.5,5.5,0.31343283582089554,0.37881508078994613,0.3008303623188406
2021-12-09,2021-12-09 10:29:00,2021-12-09 10:41:00,2021-12-09 10:43:00,long,5569.5,5573.5,5560.5,5573.5,4.0,40.0,limit_touch,take_profit,1.0,2021-12-09 10:29:00,2,4.0,8.0,26.5,13.0,26.0,0.2702702702702703,0.3076923076923077,25.749999999999996,1.2621359223300972,257790.0,0.9479985930243156,8.0,26.5,13.0,0.3076923076923077,0.2702702702702703,0.3046344927536232
2021-12-09,2021-12-09 10:45:00,2021-12-09 10:45:00,2021-12-09 10:45:00,long,5573.0,5577.0,5564.5,5577.0,4.0,40.0,limit_touch,take_profit,1.0,2021-12-09 10:45:00,3,-0.5,-0.5,1.5,8.5,19.5,0.3220338983050847,-0.02564102564102564,25.749999999999996,1.4368932038834954,288948.0,0.8995014806570303,-0.5,1.5,8.5,-0.02564102564102564,0.3220338983050847,0.10036065217391303
2021-12-09,2021-12-09 10:57:00,2021-12-09 11:07:00,2021-12-09 11:23:00,long,5581.0,5585.0,5572.0,5585.0,4.0,40.0,limit_touch,take_profit,1.0,2021-12-09 10:57:00,4,5.0,16.5,15.0,24.5,29.5,0.8195211786372008,0.559322033898305,25.749999999999996,1.864077669902913,325151.0,0.9130252201322822,16.5,15.0,24.5,0.559322033898305,0.8195211786372008,0.5963064492753622
2021-12-10,2021-12-10 10:22:00,2021-12-10 10:26:00,2021-12-10 10:29:00,long,5610.5,5614.0,5603.0,5614.0,3.5,35.0,limit_touch,take_profit,1.0,2021-12-10 10:22:00,1,11.5,11.0,9.5,29.0,24.0,0.656,0.4583333333333333,25.52142857142857,1.371396585502379,171194.0,0.6780460315126865,11.0,9.5,29.0,0.4583333333333333,0.656,0.4432539130434782
2021-12-10,2021-12-10 10:57:00,2021-12-10 11:01:00,2021-12-10 11:04:00,long,5612.0,5616.0,5603.5,5616.0,4.0,40.0,limit_touch,take_profit,1.0,2021-12-10 10:57:00,2,13.0,23.0,7.5,34.0,33.0,0.8675078864353313,0.696969696969697,25.52142857142857,1.4497621046739437,318374.0,0.8988033843953127,23.0,7.5,34.0,0.696969696969697,0.8675078864353313,0.6866791304347826
2021-12-10,2021-12-10 11:34:00,2021-12-10 11:36:00,2021-12-10 11:36:00,long,5641.0,5631.5,5631.5,5645.5,-9.5,-95.0,limit_touch,stop_loss,1.0,2021-12-10 11:34:00,3,11.0,25.0,44.0,72.5,34.0,0.8786764705882353,0.7352941176470589,25.52142857142857,2.9778897285194517,449507.0,1.0027028685964041,25.0,44.0,72.5,0.7352941176470589,0.8786764705882353,0.8746629710144929
2021-12-13,2021-12-13 10:15:00,2021-12-13 10:21:00,2021-12-13 10:24:00,short,5632.5,5640.5,5640.5,5628.5,-8.0,-80.0,limit_touch,stop_loss,-1.0,2021-12-13 10:15:00,1,-7.0,-9.0,-27.0,-2.5,23.0,-0.5757575757575758,-0.391304347826087,25.18125,1.2707867957309507,196728.0,0.8512253679536548,9.0,27.0,2.5,0.391304347826087,0.5757575757575758,0.27201963768115944
2021-12-13,2021-12-13 10:55:00,2021-12-13 10:57:00,2021-12-13 10:58:00,long,5650.5,5655.0,5641.5,5655.0,4.5,45.0,limit_touch,take_profit,1.0,2021-12-13 10:55:00,2,0.5,12.0,12.5,23.5,28.0,0.3281853281853282,0.42857142857142855,25.18125,1.3700670141474312,325408.0,0.9390994726906207,12.0,12.5,23.5,0.42857142857142855,0.3281853281853282,0.47313057971014494
2021-12-13,2021-12-13 11:26:00,2021-12-13 11:41:00,2021-12-13 11:42:00,long,5657.0,5661.5,5647.5,5661.5,4.5,45.0,limit_touch,take_profit,1.0,2021-12-13 11:26:00,3,3.0,4.5,6.5,35.0,22.5,0.23699421965317918,0.2,25.18125,1.7274758004467612,399648.0,0.9327337263523161,4.5,6.5,35.0,0.2,0.23699421965317918,0.351593115942029
2021-12-13,2021-12-13 11:46:00,2021-12-13 11:56:00,2021-12-13 12:04:00,long,5658.0,5662.0,5649.0,5662.0,4.0,40.0,limit_touch,take_profit,1.0,2021-12-13 11:46:00,4,1.5,2.5,3.0,36.5,24.5,-0.2563176895306859,0.10204081632653061,25.18125,1.7671878878133533,440254.0,0.9268403148119702,2.5,3.0,36.5,0.10204081632653061,-0.2563176895306859,0.31139050724637685
2021-12-13,2021-12-13 12:59:00,2021-12-13 13:10:00,2021-12-13 13:10:00,long,5682.5,5672.5,5672.5,5687.0,-10.0,-100.0,limit_touch,stop_loss,1.0,2021-12-13 12:59:00,5,13.5,18.0,26.5,70.0,30.0,0.7341040462427746,0.6,25.18125,3.0578307272276,594520.0,0.9783229360877943,18.0,26.5,70.0,0.6,0.7341040462427746,0.8109602898550725
2021-12-14,2021-12-14 10:30:00,2021-12-14 10:40:00,2021-12-14 10:46:00,short,5655.0,5664.5,5664.5,5650.5,-9.5,-95.0,limit_touch,stop_loss,-1.0,2021-12-14 10:30:00,1,-11.0,-15.0,-37.0,-45.0,39.0,-0.6551724137931034,-0.38461538461538464,25.066666666666666,2.353723404255319,265636.0,0.985290279378733,15.0,37.0,45.0,0.38461538461538464,0.6551724137931034,0.6505328260869566
2021-12-15,2021-12-15 10:25:00,2021-12-15 10:30:00,2021-12-15 10:30:00,long,5727.0,5731.5,5717.5,5731.5,4.5,45.0,limit_touch,take_profit,1.0,2021-12-15 10:25:00,1,6.5,12.0,33.0,40.0,27.0,0.8589743589743589,0.4444444444444444,24.96,2.5440705128205128,292509.0,1.1388294906104288,12.0,33.0,40.0,0.4444444444444444,0.8589743589743589,0.6702895652173914
2021-12-15,2021-12-15 10:47:00,2021-12-15 10:48:00,2021-12-15 10:48:00,long,5730.0,5720.5,5720.5,5734.5,-9.5,-95.0,limit_touch,stop_loss,1.0,2021-12-15 10:47:00,2,10.0,9.0,9.0,42.0,39.0,0.19333333333333333,0.23076923076923078,24.96,2.684294871794872,357510.0,1.1063350065086266,9.0,9.0,42.0,0.23076923076923078,0.19333333333333333,0.5565678260869565
2021-12-15,2021-12-15 13:00:00,2021-12-15 13:16:00,2021-12-15 13:16:00,long,5731.5,5736.0,5721.5,5736.0,4.5,45.0,limit_touch,take_profit,1.0,2021-12-15 13:00:00,3,4.0,13.0,17.0,45.0,18.0,0.8266666666666667,0.7222222222222222,24.96,2.7644230769230766,658248.0,1.0810585323737982,13.0,17.0,45.0,0.7222222222222222,0.8266666666666667,0.7670822463768115
2021-12-16,2021-12-16 12:10:00,2021-12-16 12:15:00,2021-12-16 12:16:00,long,5725.5,5731.0,5713.5,5731.0,5.5,55.0,limit_touch,take_profit,1.0,2021-12-16 12:10:00,1,1.0,11.5,17.5,50.5,21.5,0.7541899441340782,0.5348837209302325,24.763636363636362,2.2815712187958885,557869.0,1.058053488122742,11.5,17.5,50.5,0.5348837209302325,0.7541899441340782,0.6940721014492753
2021-12-16,2021-12-16 12:22:00,2021-12-16 12:44:00,2021-12-16 12:52:00,long,5728.5,5716.5,5716.5,5734.0,-12.0,-120.0,limit_touch,stop_loss,1.0,2021-12-16 12:22:00,2,10.0,1.0,7.0,50.0,31.0,0.030303030303030304,0.03225806451612903,24.763636363636362,2.4430983847283407,588324.0,1.0678718664118898,1.0,7.0,50.0,0.03225806451612903,0.030303030303030304,0.41025717391304345
2021-12-16,2021-12-16 13:27:00,2021-12-16 14:25:00,2021-12-16 14:34:00,short,5694.0,5687.5,5707.5,5687.5,6.5,65.0,limit_touch,take_profit,-1.0,2021-12-16 13:27:00,3,-5.5,-18.0,-8.5,-1.5,29.0,-0.9163879598662207,-0.6206896551724138,24.763636363636362,2.6651982378854626,735730.0,1.1395399060969842,18.0,8.5,1.5,0.6206896551724138,0.9163879598662207,0.6107177536231884
2021-12-17,2021-12-17 10:00:00,2021-12-17 10:01:00,2021-12-17 10:09:00,long,5724.0,5714.0,5714.0,5728.5,-10.0,-100.0,limit_touch,stop_loss,1.0,2021-12-17 10:00:00,1,1.5,1.5,9.0,24.5,29.5,0.2523364485981308,0.05084745762711865,24.35,1.273100616016427,161892.0,0.8852471924775971,1.5,9.0,24.5,0.05084745762711865,0.2523364485981308,0.20155615942028982
2021-12-17,2021-12-17 11:52:00,2021-12-17 11:55:00,2021-12-17 12:00:00,short,5708.0,5703.0,5718.5,5703.0,5.0,50.0,limit_touch,take_profit,-1.0,2021-12-17 11:52:00,2,-3.5,-13.5,-10.5,3.0,36.5,-0.5543672014260249,-0.3698630136986301,24.35,1.2936344969199178,390599.0,0.8018733418721635,13.5,10.5,-3.0,0.3698630136986301,0.5543672014260249,0.31020507246376816
2021-12-17,2021-12-17 12:07:00,2021-12-17 12:07:00,2021-12-17 12:07:00,short,5706.5,5701.5,5717.0,5701.5,5.0,50.0,limit_touch,take_profit,-1.0,2021-12-17 12:07:00,3,1.0,0.0,-13.5,3.0,26.0,0.06086956521739131,0.0,24.35,1.3757700205338808,417005.0,0.8012032121907467,-0.0,13.5,-3.0,-0.0,-0.06086956521739131,0.05289384057971014
2021-12-17,2021-12-17 12:42:00,2021-12-17 12:56:00,2021-12-17 12:58:00,short,5692.0,5687.0,5702.5,5687.0,5.0,50.0,limit_touch,take_profit,-1.0,2021-12-17 12:42:00,4,-9.0,-16.5,-25.0,-19.0,26.5,-0.7281553398058253,-0.6226415094339622,24.35,2.1765913757700206,489866.0,0.8413736795157148,16.5,25.0,19.0,0.6226415094339622,0.7281553398058253,0.5778955072463768
2021-12-17,2021-12-17 14:20:00,2021-12-17 14:38:00,2021-12-17 15:25:00,short,5690.5,5686.0,5700.5,5686.0,4.5,45.0,limit_touch,take_profit,-1.0,2021-12-17 14:20:00,5,-8.5,-12.5,-15.5,-21.5,17.5,-0.8181818181818182,-0.7142857142857143,24.35,2.2587268993839835,608101.0,0.8557899645410441,12.5,15.5,21.5,0.7142857142857143,0.8181818181818182,0.569691231884058
2021-12-20,2021-12-20 10:00:00,2021-12-20 10:01:00,2021-12-20 10:01:00,short,5715.5,5711.5,5724.0,5711.5,4.0,40.0,limit_touch,take_profit,-1.0,2021-12-20 10:00:00,1,-8.5,-13.0,-16.5,-12.0,28.0,-0.5620915032679739,-0.4642857142857143,23.74615384615385,1.0528020732102363,148480.0,0.8140327818881361,13.0,16.5,12.0,0.4642857142857143,0.5620915032679739,0.385133768115942
2021-12-20,2021-12-20 10:06:00,2021-12-20 10:10:00,2021-12-20 10:12:00,short,5712.5,5708.5,5721.5,5708.5,4.0,40.0,limit_touch,take_profit,-1.0,2021-12-20 10:06:00,2,-6.5,-18.5,-13.5,-16.0,40.5,-0.38510301109350237,-0.4567901234567901,23.74615384615385,1.2212504049238742,171808.0,0.8424079192463595,18.5,13.5,16.0,0.4567901234567901,0.38510301109350237,0.4774200724637681
2021-12-20,2021-12-20 10:25:00,2021-12-20 10:29:00,2021-12-20 10:34:00,short,5710.0,5706.0,5719.0,5706.0,4.0,40.0,limit_touch,take_profit,-1.0,2021-12-20 10:25:00,3,-11.5,-8.0,-18.0,-21.5,23.0,-0.4636363636363636,-0.34782608695652173,23.74615384615385,1.3475866537091026,214954.0,0.8374202559859792,8.0,18.0,21.5,0.34782608695652173,0.4636363636363636,0.3358932608695652
2021-12-21,2021-12-21 11:03:00,2021-12-21 11:07:00,2021-12-21 11:09:00,long,5753.0,5757.0,5744.5,5757.0,4.0,40.0,limit_touch,take_profit,1.0,2021-12-21 11:03:00,1,11.5,13.0,14.0,24.0,22.0,0.8205128205128205,0.5909090909090909,23.28214285714286,1.761006289308176,269194.0,0.7319898144555711,13.0,14.0,24.0,0.5909090909090909,0.8205128205128205,0.5154777536231885
2021-12-21,2021-12-21 11:30:00,2021-12-21 11:38:00,2021-12-21 11:39:00,long,5754.5,5758.0,5746.5,5758.0,3.5,35.0,limit_touch,take_profit,1.0,2021-12-21 11:30:00,2,1.5,0.5,9.5,24.5,18.5,-0.059602649006622516,0.02702702702702703,23.28214285714286,1.846909035128087,326557.0,0.7540262359946467,0.5,9.5,24.5,0.02702702702702703,-0.059602649006622516,0.19412833333333332
2021-12-23,2021-12-23 11:54:00,2021-12-23 13:13:00,2021-12-23 13:13:00,long,5703.5,5695.0,5695.0,5707.5,-8.5,-85.0,limit_touch,stop_loss,1.0,2021-12-23 11:54:00,1,7.0,23.5,25.0,56.0,31.5,0.8099762470308789,0.746031746031746,23.053124999999998,3.9257150603226245,377325.0,0.7752216698417558,23.5,25.0,56.0,0.746031746031746,0.8099762470308789,0.8053952898550724
2021-12-27,2021-12-27 11:28:00,2021-12-27 11:33:00,2021-12-27 11:40:00,short,5665.5,5660.5,5676.0,5660.5,5.0,50.0,limit_touch,take_profit,-1.0,2021-12-27 11:28:00,1,-2.5,-6.0,-14.5,-17.5,20.0,-0.4358974358974359,-0.3,23.294117647058822,2.5972222222222223,318357.0,0.7515768661377821,6.0,14.5,17.5,0.3,0.4358974358974359,0.3105740579710145
2021-12-27,2021-12-27 12:32:00,2021-12-27 12:34:00,2021-12-27 12:36:00,short,5664.0,5659.0,5674.5,5659.0,5.0,50.0,limit_touch,take_profit,-1.0,2021-12-27 12:32:00,2,-4.5,-10.0,-13.5,-17.0,17.0,-0.8194444444444444,-0.5882352941176471,23.294117647058822,2.6830808080808084,421925.0,0.7537870911976825,10.0,13.5,17.0,0.5882352941176471,0.8194444444444444,0.47826014492753627
2021-12-28,2021-12-28 10:06:00,2021-12-28 10:08:00,2021-12-28 10:13:00,long,5653.5,5646.0,5646.0,5657.0,-7.5,-75.0,limit_touch,stop_loss,1.0,2021-12-28 10:06:00,1,5.5,11.0,16.0,42.0,25.0,0.40625,0.44,23.40833333333333,1.9010323958704167,143727.0,0.7173881196656777,11.0,16.0,42.0,0.44,0.40625,0.5206823913043478
2021-12-29,2021-12-29 10:11:00,2021-12-29 10:17:00,2021-12-29 10:23:00,long,5643.5,5647.0,5636.0,5647.0,3.5,35.0,limit_touch,take_profit,1.0,2021-12-29 10:11:00,1,3.5,6.0,8.0,8.5,13.0,0.46153846153846156,0.46153846153846156,22.87894736842105,1.0927076144467451,138313.0,0.6471576866965683,6.0,8.0,8.5,0.46153846153846156,0.46153846153846156,0.23328978260869568
2021-12-29,2021-12-29 10:45:00,2021-12-29 10:51:00,2021-12-29 11:03:00,long,5651.0,5654.5,5644.0,5654.5,3.5,35.0,limit_touch,take_profit,1.0,2021-12-29 10:45:00,2,6.5,10.0,11.0,19.0,17.0,0.7321428571428571,0.5882352941176471,22.87894736842105,1.551644812514378,187716.0,0.6097333669771502,10.0,11.0,19.0,0.5882352941176471,0.7321428571428571,0.42016601449275365
2021-12-30,2021-12-30 11:03:00,2021-12-30 11:15:00,2021-12-30 11:17:00,short,5625.5,5620.0,5637.0,5620.0,5.5,55.0,limit_touch,take_profit,-1.0,2021-12-30 11:03:00,1,-21.0,-20.5,-65.5,-142.5,57.5,-0.3561058923996584,-0.3565217391304348,23.0475,6.768630003254149,304545.0,0.8581223769379804,20.5,65.5,142.5,0.3565217391304348,0.3561058923996584,0.7237552173913044
2022-01-03,2022-01-03 10:09:00,2022-01-03 10:21:00,2022-01-03 10:24:00,long,5629.0,5634.0,5618.5,5634.0,5.0,50.0,limit_touch,take_profit,1.0,2022-01-03 10:09:00,1,8.0,29.0,34.5,27.5,36.0,0.9306930693069307,0.8055555555555556,24.17857142857143,1.881831610044313,186674.0,0.9083973985169373,29.0,34.5,27.5,0.8055555555555556,0.9306930693069307,0.7111811594202898
2022-01-04,2022-01-04 10:40:00,2022-01-04 10:47:00,2022-01-04 10:49:00,long,5734.0,5738.0,5725.0,5738.0,4.0,40.0,limit_touch,take_profit,1.0,2022-01-04 10:40:00,1,6.5,12.5,13.5,38.5,21.5,0.8075313807531381,0.5813953488372093,24.17857142857143,1.7370753323485966,295048.0,1.01664382940161,12.5,13.5,38.5,0.5813953488372093,0.8075313807531381,0.6491915942028985
2022-01-04,2022-01-04 11:25:00,2022-01-04 11:27:00,2022-01-04 11:27:00,long,5735.5,5726.0,5726.0,5740.0,-9.5,-95.0,limit_touch,stop_loss,1.0,2022-01-04 11:25:00,2,3.0,4.5,19.5,37.0,21.5,0.4170403587443946,0.20930232558139536,24.17857142857143,1.8197932053175774,411433.0,1.0140724333227118,4.5,19.5,37.0,0.20930232558139536,0.4170403587443946,0.3947405797101449
2022-01-04,2022-01-04 12:00:00,2022-01-04 12:00:00,2022-01-04 12:00:00,short,5694.5,5689.5,5705.5,5689.5,5.0,50.0,limit_touch,take_profit,-1.0,2022-01-04 12:00:00,3,-12.0,-20.5,-43.0,-15.0,38.5,-0.6682926829268293,-0.5324675324675324,24.17857142857143,2.8744460856720826,541164.0,1.1156109511824177,20.5,43.0,15.0,0.5324675324675324,0.6682926829268293,0.6639094927536232
2022-01-04,2022-01-04 12:29:00,2022-01-04 12:47:00,2022-01-04 12:56:00,short,5691.0,5702.5,5702.5,5686.0,-11.5,-115.0,limit_touch,stop_loss,-1.0,2022-01-04 12:29:00,4,-5.5,-8.5,-21.0,-29.0,20.5,-0.50920245398773,-0.4146341463414634,24.17857142857143,3.060561299852289,612297.0,1.1325682607858325,8.5,21.0,29.0,0.4146341463414634,0.50920245398773,0.5685836956521739
2022-01-05,2022-01-05 11:52:00,2022-01-05 11:58:00,2022-01-05 11:59:00,short,5688.0,5683.0,5698.5,5683.0,5.0,50.0,limit_touch,take_profit,-1.0,2022-01-05 11:52:00,1,-3.5,-15.0,-22.5,-37.5,28.0,-0.5684931506849316,-0.5357142857142857,24.17857142857143,2.088626292466765,439080.0,0.9379177405897423,15.0,22.5,37.5,0.5357142857142857,0.5684931506849316,0.6544265942028985
2022-01-06,2022-01-06 12:11:00,2022-01-06 12:16:00,2022-01-06 12:33:00,long,5747.5,5736.0,5736.0,5752.5,-11.5,-115.0,limit_touch,stop_loss,1.0,2022-01-06 12:11:00,1,2.5,12.0,29.0,26.5,23.0,0.5648854961832062,0.5217391304347826,24.17857142857143,1.6129985228951254,473036.0,0.9327229622367637,12.0,29.0,26.5,0.5217391304347826,0.5648854961832062,0.5342315942028986
2022-01-07,2022-01-07 10:36:00,2022-01-07 10:45:00,2022-01-07 10:52:00,long,5729.0,5733.5,5719.5,5733.5,4.5,45.0,limit_touch,take_profit,1.0,2022-01-07 10:36:00,1,17.5,10.0,10.5,22.5,38.0,0.60932944606414,0.2631578947368421,24.17857142857143,1.8404726735598227,226616.0,0.8231471325494172,10.0,10.5,22.5,0.2631578947368421,0.60932944606414,0.37368992753623187
2022-01-07,2022-01-07 12:13:00,2022-01-07 12:49:00,2022-01-07 12:54:00,short,5689.5,5684.5,5700.0,5684.5,5.0,50.0,limit_touch,take_profit,-1.0,2022-01-07 12:13:00,2,-5.0,-5.0,-18.5,-36.5,27.0,-0.024390243902439025,-0.18518518518518517,24.17857142857143,2.791728212703102,491258.0,0.9634786258321819,5.0,18.5,36.5,0.18518518518518517,0.024390243902439025,0.42457797101449274
2022-01-10,2022-01-10 10:36:00,2022-01-10 10:37:00,2022-01-10 10:39:00,long,5681.5,5685.0,5673.5,5685.0,3.5,35.0,limit_touch,take_profit,1.0,2022-01-10 10:36:00,1,8.0,12.5,4.0,14.5,22.5,0.7014925373134329,0.5555555555555556,26.189999999999998,1.221840397098129,243779.0,0.8912924414961256,12.5,4.0,14.5,0.5555555555555556,0.7014925373134329,0.4512917391304348
2022-01-10,2022-01-10 11:54:00,2022-01-10 12:58:00,2022-01-10 12:59:00,long,5704.5,5708.0,5696.5,5708.0,3.5,35.0,limit_touch,take_profit,1.0,2022-01-10 11:54:00,2,-0.5,2.5,13.0,43.5,18.5,0.3669064748201439,0.13513513513513514,26.189999999999998,2.3864070255822836,415393.0,0.8887059276586035,2.5,13.0,43.5,0.13513513513513514,0.3669064748201439,0.3595744202898551
2022-01-11,2022-01-11 10:13:00,2022-01-11 10:25:00,2022-01-11 10:39:00,short,5669.5,5677.5,5677.5,5666.0,-8.0,-80.0,limit_touch,stop_loss,-1.0,2022-01-11 10:13:00,1,-8.5,-25.5,-35.5,-16.0,38.5,-0.7914529914529914,-0.6623376623376623,24.95,1.683366733466934,209490.0,0.9865580736443852,25.5,35.5,16.0,0.6623376623376623,0.7914529914529914,0.6365968115942029
2022-01-11,2022-01-11 13:19:00,2022-01-11 14:04:00,2022-01-11 14:07:00,short,5628.5,5624.0,5639.0,5624.0,4.5,45.0,limit_touch,take_profit,-1.0,2022-01-11 13:19:00,2,-10.5,-12.5,-20.5,-58.0,22.5,-0.8202247191011236,-0.5555555555555556,24.95,3.8877755511022047,663540.0,1.0856309386547511,12.5,20.5,58.0,0.5555555555555556,0.8202247191011236,0.7669999275362319
2022-01-12,2022-01-12 10:05:00,2022-01-12 10:08:00,2022-01-12 10:17:00,short,5603.0,5599.0,5612.0,5599.0,4.0,40.0,limit_touch,take_profit,-1.0,2022-01-12 10:05:00,1,-12.0,-22.5,-24.0,-5.5,40.5,-0.5955056179775281,-0.5555555555555556,26.20714285714286,1.1065685472880893,182555.0,0.9644920269786207,22.5,24.0,5.5,0.5555555555555556,0.5955056179775281,0.5117368115942028
2022-01-12,2022-01-12 10:34:00,2022-01-12 10:34:00,2022-01-12 10:34:00,short,5599.5,5595.0,5609.5,5595.0,4.5,45.0,limit_touch,take_profit,-1.0,2022-01-12 10:34:00,2,-12.5,-4.5,-2.5,-6.0,32.5,-0.12472647702407003,-0.13846153846153847,26.20714285714286,1.27827745979831,285611.0,1.0696706676027175,4.5,2.5,6.0,0.13846153846153847,0.12472647702407003,0.20332992753623189
2022-01-12,2022-01-12 10:51:00,2022-01-12 10:59:00,2022-01-12 11:06:00,short,5584.5,5595.0,5595.0,5579.5,-10.5,-105.0,limit_touch,stop_loss,-1.0,2022-01-12 10:51:00,3,-11.0,-23.0,-32.0,-32.5,38.0,-0.741514360313316,-0.6052631578947368,26.20714285714286,2.0414281820659577,370688.0,1.187344997401231,23.0,32.0,32.5,0.6052631578947368,0.741514360313316,0.772216231884058
2022-01-13,2022-01-13 11:12:00,2022-01-13 11:29:00,2022-01-13 11:37:00,short,5542.0,5537.5,5552.0,5537.5,4.5,45.0,limit_touch,take_profit,-1.0,2022-01-13 11:12:00,1,-3.5,-16.0,-27.0,-38.0,30.0,-0.8095238095238095,-0.5333333333333333,26.006249999999998,1.8072578707041578,411529.0,1.112146809608974,16.0,27.0,38.0,0.5333333333333333,0.8095238095238095,0.7010424637681161
2022-01-13,2022-01-13 11:56:00,2022-01-13 12:01:00,2022-01-13 12:03:00,short,5535.0,5530.0,5545.5,5530.0,5.0,50.0,limit_touch,take_profit,-1.0,2022-01-13 11:56:00,2,-5.5,-12.5,-11.5,-47.5,30.5,-0.4195583596214511,-0.4098360655737705,26.006249999999998,2.1533285267964435,532428.0,1.1289730514974274,12.5,11.5,47.5,0.4098360655737705,0.4195583596214511,0.6634781884057971
2022-01-14,2022-01-14 11:01:00,2022-01-14 11:03:00,2022-01-14 11:04:00,long,5563.0,5567.0,5554.5,5567.0,4.0,40.0,limit_touch,take_profit,1.0,2022-01-14 11:01:00,1,6.0,17.0,18.5,17.5,32.0,0.6911764705882353,0.53125,24.98333333333333,1.0406937958639093,308342.0,0.9092059974849612,17.0,18.5,17.5,0.53125,0.6911764705882353,0.5122539130434782
2022-01-14,2022-01-14 11:31:00,2022-01-14 11:35:00,2022-01-14 11:44:00,long,5564.5,5556.0,5556.0,5568.5,-8.5,-85.0,limit_touch,stop_loss,1.0,2022-01-14 11:31:00,2,3.5,10.0,-1.0,16.5,16.0,0.7692307692307693,0.625,24.98333333333333,1.1207471647765177,369069.0,0.9027897960773656,10.0,-1.0,16.5,0.625,0.7692307692307693,0.4460589130434783
2022-01-17,2022-01-17 10:31:00,2022-01-17 10:43:00,2022-01-17 10:52:00,short,5524.0,5520.5,5531.5,5520.5,3.5,35.0,limit_touch,take_profit,-1.0,2022-01-17 10:31:00,1,-10.5,-10.5,-13.0,-41.0,27.5,-0.543859649122807,-0.38181818181818183,23.82,1.9521410579345089,215908.0,0.8477313849888917,10.5,13.0,41.0,0.38181818181818183,0.543859649122807,0.5150947101449276
2022-01-18,2022-01-18 10:07:00,2022-01-18 10:07:00,2022-01-18 10:07:00,short,5544.5,5541.0,5552.0,5541.0,3.5,35.0,limit_touch,take_profit,-1.0,2022-01-18 10:07:00,1,-5.5,-10.0,-15.5,-7.5,33.0,-0.3465909090909091,-0.30303030303030304,22.922727272727272,1.3305572080111046,159963.0,0.839346910519528,10.0,15.5,7.5,0.30303030303030304,0.3465909090909091,0.2733781884057971
2022-01-18,2022-01-18 10:08:00,2022-01-18 10:15:00,2022-01-18 10:20:00,short,5543.0,5550.5,5550.5,5539.5,-7.5,-75.0,limit_touch,stop_loss,-1.0,2022-01-18 10:08:00,2,-7.5,-14.5,-20.5,-13.5,37.5,-0.5277207392197125,-0.38666666666666666,22.922727272727272,1.439619274241523,169899.0,0.8778630720169724,14.5,20.5,13.5,0.38666666666666666,0.5277207392197125,0.41059775362318834
2022-01-18,2022-01-18 10:40:00,2022-01-18 10:46:00,2022-01-18 10:57:00,short,5535.5,5532.0,5543.5,5532.0,3.5,35.0,limit_touch,take_profit,-1.0,2022-01-18 10:40:00,3,-8.0,-23.0,-10.5,-25.0,28.0,-0.9505494505494505,-0.8214285714285714,22.922727272727272,1.8758675391631965,269888.0,0.9648907513844331,23.0,10.5,25.0,0.8214285714285714,0.9505494505494505,0.7056583333333333
2022-01-18,2022-01-18 11:01:00,2022-01-18 11:15:00,2022-01-18 11:19:00,short,5532.5,5529.0,5540.5,5529.0,3.5,35.0,limit_touch,take_profit,-1.0,2022-01-18 11:01:00,4,-9.0,-6.5,-14.5,-25.0,19.5,-0.5272727272727272,-0.3333333333333333,22.922727272727272,2.0285544318857824,326624.0,0.9752608205513102,6.5,14.5,25.0,0.3333333333333333,0.5272727272727272,0.4113031884057971
2022-01-19,2022-01-19 10:18:00,2022-01-19 10:44:00,2022-01-19 10:50:00,short,5540.0,5536.5,5548.0,5536.5,3.5,35.0,limit_touch,take_profit,-1.0,2022-01-19 10:18:00,1,1.5,0.0,-3.5,-24.5,21.0,0.0125,0.0,22.962500000000002,1.567773543821448,203609.0,0.9246792149838642,-0.0,3.5,24.5,-0.0,-0.0125,0.21714137681159418
2022-01-20,2022-01-20 10:06:00,2022-01-20 10:10:00,2022-01-20 10:13:00,short,5451.0,5447.5,5459.0,5447.5,3.5,35.0,limit_touch,take_profit,-1.0,2022-01-20 10:06:00,1,-13.0,-19.0,-12.0,-15.5,28.0,-0.6558441558441559,-0.6785714285714286,23.86153846153846,1.2991618310767248,190123.0,1.0240290966464725,19.0,12.0,15.5,0.6785714285714286,0.6558441558441559,0.6019656521739131
2022-01-20,2022-01-20 10:32:00,2022-01-20 11:36:00,2022-01-20 11:44:00,short,5428.5,5437.0,5437.0,5424.5,-8.5,-85.0,limit_touch,stop_loss,-1.0,2022-01-20 10:32:00,2,-15.0,-30.0,-38.5,-43.5,34.0,-0.9767441860465116,-0.8823529411764706,23.86153846153846,2.5564152159896842,282628.0,1.1165281547782946,30.0,38.5,43.5,0.8823529411764706,0.9767441860465116,0.8766340579710145
2022-01-20,2022-01-20 14:30:00,2022-01-20 14:57:00,2022-01-20 15:14:00,short,5411.0,5420.0,5420.0,5407.0,-9.0,-90.0,limit_touch,stop_loss,-1.0,2022-01-20 14:30:00,3,-7.5,-18.5,-15.5,-55.0,23.5,-0.8972332015810277,-0.7872340425531915,23.86153846153846,3.5203094777562867,679024.0,0.9864135177746813,18.5,15.5,55.0,0.7872340425531915,0.8972332015810277,0.8411552898550725
2022-01-21,2022-01-21 10:11:00,2022-01-21 10:21:00,2022-01-21 10:29:00,long,5473.0,5462.5,5462.5,5478.0,-10.5,-105.0,limit_touch,stop_loss,1.0,2022-01-21 10:11:00,1,-2.0,6.0,9.0,29.0,33.0,0.3876651982378855,0.18181818181818182,23.95714285714286,2.024448419797257,227387.0,1.1462788923913279,6.0,9.0,29.0,0.18181818181818182,0.3876651982378855,0.4248518115942028
2022-01-21,2022-01-21 11:47:00,2022-01-21 11:56:00,2022-01-21 12:24:00,short,5436.5,5431.5,5447.5,5431.5,5.0,50.0,limit_touch,take_profit,-1.0,2022-01-21 11:47:00,2,-7.0,-7.5,-26.5,-25.5,23.5,-0.3004484304932735,-0.3191489361702128,23.95714285714286,2.692307692307692,482619.0,1.0949822248228098,7.5,26.5,25.5,0.3191489361702128,0.3004484304932735,0.4850570289855073
2022-01-21,2022-01-21 13:20:00,2022-01-21 13:31:00,2022-01-21 13:47:00,short,5431.0,5442.0,5442.0,5426.0,-11.0,-110.0,limit_touch,stop_loss,-1.0,2022-01-21 13:20:00,3,-9.5,-10.5,-6.5,-29.0,22.5,-0.6129032258064516,-0.4666666666666667,23.95714285714286,3.0053667262969586,660134.0,1.0969257612040337,10.5,6.5,29.0,0.4666666666666667,0.6129032258064516,0.6140276811594203
2022-01-24,2022-01-24 11:07:00,2022-01-24 11:11:00,2022-01-24 11:39:00,long,5495.0,5485.5,5485.5,5499.5,-9.5,-95.0,limit_touch,stop_loss,1.0,2022-01-24 11:07:00,1,5.5,12.0,8.5,12.0,19.0,0.8333333333333334,0.631578947368421,23.799999999999997,1.0294117647058825,302249.0,0.8712365315802789,12.0,8.5,12.0,0.631578947368421,0.8333333333333334,0.43763398550724636
2022-01-24,2022-01-24 11:55:00,2022-01-24 11:56:00,2022-01-24 11:58:00,long,5501.0,5505.5,5491.5,5505.5,4.5,45.0,limit_touch,take_profit,1.0,2022-01-24 11:55:00,2,4.0,22.0,15.0,20.5,25.0,0.9664429530201343,0.88,23.799999999999997,1.3655462184873952,431329.0,0.9386816721831696,22.0,15.0,20.5,0.88,0.9664429530201343,0.6388593478260869
2022-01-24,2022-01-24 12:12:00,2022-01-24 12:15:00,2022-01-24 12:19:00,long,5512.5,5517.0,5502.5,5517.0,4.5,45.0,limit_touch,take_profit,1.0,2022-01-24 12:12:00,3,8.5,20.5,33.0,36.5,28.5,0.7830508474576271,0.7192982456140351,23.799999999999997,2.016806722689076,479137.0,0.9659322327184025,20.5,33.0,36.5,0.7192982456140351,0.7830508474576271,0.7447059420289854
2022-01-24,2022-01-24 14:18:00,2022-01-24 14:45:00,2022-01-24 14:48:00,long,5519.5,5524.0,5509.5,5524.0,4.5,45.0,limit_touch,take_profit,1.0,2022-01-24 14:18:00,4,6.5,10.5,9.0,45.5,21.5,0.5403726708074534,0.4883720930232558,23.799999999999997,2.3949579831932777,717641.0,1.0725538110724293,10.5,9.0,45.5,0.4883720930232558,0.5403726708074534,0.661608768115942
2022-01-25,2022-01-25 11:03:00,2022-01-25 11:07:00,2022-01-25 11:16:00,short,5508.0,5504.0,5517.0,5504.0,4.0,40.0,limit_touch,take_profit,-1.0,2022-01-25 11:03:00,1,-5.5,-17.0,-15.5,-3.5,28.0,-0.6890243902439024,-0.6071428571428571,23.381249999999998,1.1761561079925156,262143.0,0.7847634181213792,17.0,15.5,3.5,0.6071428571428571,0.6890243902439024,0.43694420289855074
2022-01-25,2022-01-25 11:29:00,2022-01-25 11:34:00,2022-01-25 11:36:00,short,5501.5,5497.5,5510.5,5497.5,4.0,40.0,limit_touch,take_profit,-1.0,2022-01-25 11:29:00,2,-3.5,-10.0,-9.5,-9.5,23.0,-0.5350877192982456,-0.43478260869565216,23.381249999999998,1.5396952686447476,322000.0,0.8206757967840214,10.0,9.5,9.5,0.43478260869565216,0.5350877192982456,0.3352023188405797
2022-01-25,2022-01-25 12:54:00,2022-01-25 13:13:00,2022-01-25 13:43:00,short,5495.0,5491.0,5504.0,5491.0,4.0,40.0,limit_touch,take_profit,-1.0,2022-01-25 12:54:00,3,-4.5,-16.5,-23.0,-19.5,19.5,-0.954337899543379,-0.8461538461538461,23.381249999999998,1.9032344292969796,495964.0,0.884523837938596,16.5,23.0,19.5,0.8461538461538461,0.954337899543379,0.6076034057971014
2022-01-26,2022-01-26 10:16:00,2022-01-26 10:19:00,2022-01-26 10:32:00,short,5425.0,5434.5,5434.5,5420.5,-9.5,-95.0,limit_touch,stop_loss,-1.0,2022-01-26 10:16:00,1,-4.0,-12.0,-13.0,-12.0,21.0,-0.7422680412371134,-0.5714285714285714,23.655882352941177,1.225910729827179,204986.0,0.9774383865792835,12.0,13.0,12.0,0.5714285714285714,0.7422680412371134,0.46415115942028984
2022-01-26,2022-01-26 11:16:00,2022-01-26 11:25:00,2022-01-26 11:33:00,long,5445.5,5450.0,5435.5,5450.0,4.5,45.0,limit_touch,take_profit,1.0,2022-01-26 11:16:00,2,15.5,24.0,26.0,21.0,43.0,0.7809734513274337,0.5581395348837209,23.655882352941177,1.5640930001243316,354439.0,0.9774096328783834,24.0,26.0,21.0,0.5581395348837209,0.7809734513274337,0.6270296376811594
2022-01-26,2022-01-26 11:44:00,2022-01-26 11:53:00,2022-01-26 12:08:00,long,5452.0,5441.5,5441.5,5457.0,-10.5,-105.0,limit_touch,stop_loss,1.0,2022-01-26 11:44:00,3,1.0,18.0,12.0,27.5,29.0,0.7621951219512195,0.6206896551724138,23.655882352941177,1.9445480542086286,436991.0,1.0197062485478998,18.0,12.0,27.5,0.6206896551724138,0.7621951219512195,0.6849904347826087
2022-01-27,2022-01-27 11:12:00,2022-01-27 11:23:00,2022-01-27 11:50:00,short,5376.5,5370.5,5389.0,5370.5,6.0,60.0,limit_touch,take_profit,-1.0,2022-01-27 11:12:00,1,-11.5,-8.0,-30.5,-75.5,38.0,-0.4795539033457249,-0.21052631578947367,23.6,3.4745762711864403,401363.0,1.1401932001688004,8.0,30.5,75.5,0.21052631578947367,0.4795539033457249,0.6025059420289856
2022-01-28,2022-01-28 10:16:00,2022-01-28 10:21:00,2022-01-28 10:30:00,short,5402.5,5398.0,5412.5,5398.0,4.5,45.0,limit_touch,take_profit,-1.0,2022-01-28 10:16:00,1,-9.5,-7.5,-8.0,-33.0,22.5,-0.3463414634146341,-0.3333333333333333,23.668421052631576,1.8378919279519683,214653.0,1.0321224489305274,7.5,8.0,33.0,0.3333333333333333,0.3463414634146341,0.4745682608695652
2022-01-28,2022-01-28 10:46:00,2022-01-28 10:48:00,2022-01-28 10:56:00,short,5391.0,5386.0,5401.5,5386.0,5.0,50.0,limit_touch,take_profit,-1.0,2022-01-28 10:46:00,2,-1.5,-17.0,-15.5,-48.5,31.0,-0.6679841897233202,-0.5483870967741935,23.668421052631576,2.4927729597509454,330395.0,1.1621045478463221,17.0,15.5,48.5,0.5483870967741935,0.6679841897233202,0.7904365217391305
2022-01-31,2022-01-31 11:43:00,2022-01-31 11:54:00,2022-01-31 12:04:00,short,5401.5,5396.5,5412.0,5396.5,5.0,50.0,limit_touch,take_profit,-1.0,2022-01-31 11:43:00,1,-3.5,-5.0,-4.5,-6.0,40.0,-0.18050541516245489,-0.125,23.49,1.9582801191996595,330323.0,0.7738484456697472,5.0,4.5,6.0,0.125,0.18050541516245489,0.16234615942028985
2022-02-01,2022-02-01 10:35:00,2022-02-01 10:41:00,2022-02-01 10:45:00,long,5342.5,5333.0,5333.0,5347.0,-9.5,-95.0,limit_touch,stop_loss,1.0,2022-02-01 10:35:00,1,16.0,26.0,32.5,18.0,37.0,0.8255813953488372,0.7027027027027027,23.992857142857144,1.917237272997916,276600.0,1.0806652537795447,26.0,32.5,18.0,0.7027027027027027,0.8255813953488372,0.6951858695652173
2022-02-02,2022-02-02 10:34:00,2022-02-02 10:39:00,2022-02-02 10:44:00,long,5316.5,5320.0,5309.0,5320.0,3.5,35.0,limit_touch,take_profit,1.0,2022-02-02 10:34:00,1,4.0,10.5,20.0,19.5,21.5,0.6867469879518072,0.4883720930232558,23.992857142857144,1.437927954748437,230711.0,0.9104795062097701,10.5,20.0,19.5,0.4883720930232558,0.6867469879518072,0.4435742753623188
2022-02-02,2022-02-02 10:58:00,2022-02-02 11:06:00,2022-02-02 11:10:00,long,5320.0,5323.5,5312.0,5323.5,3.5,35.0,limit_touch,take_profit,1.0,2022-02-02 10:58:00,2,9.0,14.5,14.0,29.0,24.5,0.7709251101321586,0.5918367346938775,23.992857142857144,1.64632331050908,290399.0,0.9185054498493981,14.5,14.0,29.0,0.5918367346938775,0.7709251101321586,0.5967726811594204
2022-02-02,2022-02-02 12:06:00,2022-02-02 12:31:00,2022-02-02 12:38:00,long,5335.0,5338.5,5327.0,5338.5,3.5,35.0,limit_touch,take_profit,1.0,2022-02-02 12:06:00,3,3.5,11.0,15.0,45.0,16.0,0.8421052631578947,0.6875,23.992857142857144,2.479904733551652,421477.0,0.8829658321410259,11.0,15.0,45.0,0.6875,0.8421052631578947,0.6630860869565217
2022-02-03,2022-02-03 10:01:00,2022-02-03 10:07:00,2022-02-03 10:08:00,long,5334.5,5338.0,5326.5,5338.0,3.5,35.0,limit_touch,take_profit,1.0,2022-02-03 10:01:00,1,9.0,5.5,9.5,33.0,25.5,0.3583617747440273,0.21568627450980393,23.992857142857144,1.5421256326287585,159520.0,0.9873667969854942,5.5,9.5,33.0,0.21568627450980393,0.3583617747440273,0.3738859420289855
2022-02-03,2022-02-03 10:49:00,2022-02-03 11:04:00,2022-02-03 11:05:00,long,5342.5,5346.5,5334.5,5346.5,4.0,40.0,limit_touch,take_profit,1.0,2022-02-03 10:49:00,2,7.0,13.5,13.5,45.0,29.5,0.5014836795252225,0.4576271186440678,23.992857142857144,2.000595415302173,264142.0,0.9086465766883041,13.5,13.5,45.0,0.4576271186440678,0.5014836795252225,0.6169175362318841
2022-02-03,2022-02-03 11:15:00,2022-02-03 11:27:00,2022-02-03 11:37:00,long,5343.5,5335.5,5335.5,5347.5,-8.0,-80.0,limit_touch,stop_loss,1.0,2022-02-03 11:15:00,3,10.0,6.5,6.5,45.5,38.5,0.2392638036809816,0.16883116883116883,23.992857142857144,2.063114022030366,336889.0,0.9447642604398246,6.5,6.5,45.5,0.16883116883116883,0.2392638036809816,0.4414489855072464
2022-02-03,2022-02-03 12:45:00,2022-02-03 12:53:00,2022-02-03 13:09:00,short,5317.5,5313.0,5327.0,5313.0,4.5,45.0,limit_touch,take_profit,-1.0,2022-02-03 12:45:00,4,-8.0,-13.0,-14.5,-1.0,27.0,-0.6556291390728477,-0.48148148148148145,23.992857142857144,2.1464721643346234,567931.0,1.0494859804377055,13.0,14.5,1.0,0.48148148148148145,0.6556291390728477,0.47243405797101445
2022-02-04,2022-02-04 10:18:00,2022-02-04 10:26:00,2022-02-04 10:26:00,long,5335.0,5339.0,5326.5,5339.0,4.0,40.0,limit_touch,take_profit,1.0,2022-02-04 10:18:00,1,4.5,13.5,14.5,11.5,25.5,0.7040572792362768,0.5294117647058824,23.992857142857144,1.3128907412920512,186319.0,0.8840136993125829,13.5,14.5,11.5,0.5294117647058824,0.7040572792362768,0.4378936956521739
2022-02-04,2022-02-04 10:46:00,2022-02-04 11:06:00,2022-02-04 11:15:00,long,5357.0,5347.5,5347.5,5361.5,-9.5,-95.0,limit_touch,stop_loss,1.0,2022-02-04 10:46:00,2,10.5,24.5,32.0,41.0,51.5,0.555352241537054,0.47572815533980584,23.992857142857144,2.5215838047037806,297166.0,1.0524866158878612,24.5,32.0,41.0,0.47572815533980584,0.555352241537054,0.766154420289855
2022-02-04,2022-02-04 13:00:00,2022-02-04 13:40:00,2022-02-04 15:14:00,long,5363.5,5354.0,5354.0,5368.0,-9.5,-95.0,limit_touch,stop_loss,1.0,2022-02-04 13:00:00,3,-1.5,0.0,3.0,45.0,20.0,-0.1111111111111111,0.0,23.992857142857144,2.8966954450729383,579690.0,1.0212298924096281,0.0,3.0,45.0,0.0,-0.1111111111111111,0.39531347826086954
2022-02-07,2022-02-07 10:08:00,2022-02-07 10:24:00,2022-02-07 10:30:00,short,5323.5,5331.5,5331.5,5319.5,-8.0,-80.0,limit_touch,stop_loss,-1.0,2022-02-07 10:08:00,1,-3.5,-9.5,-7.5,-28.5,24.5,-0.49222797927461137,-0.3877551020408163,23.992857142857144,1.5838047037808871,189690.0,1.033013519739386,9.5,7.5,28.5,0.3877551020408163,0.49222797927461137,0.48665586956521745
2022-02-07,2022-02-07 13:28:00,2022-02-07 13:39:00,2022-02-07 14:19:00,short,5318.5,5314.5,5327.0,5314.5,4.0,40.0,limit_touch,take_profit,-1.0,2022-02-07 13:28:00,2,-4.0,-6.5,-7.5,-36.5,14.5,-0.7064220183486238,-0.4482758620689655,23.992857142857144,1.8755582018457875,564521.0,0.927646205447833,6.5,7.5,36.5,0.4482758620689655,0.7064220183486238,0.47966934782608694
2022-02-08,2022-02-08 10:06:00,2022-02-08 10:06:00,2022-02-08 10:06:00,long,5301.0,5304.5,5293.0,5304.5,3.5,35.0,limit_touch,take_profit,1.0,2022-02-08 10:06:00,1,14.0,20.0,16.0,6.5,30.0,0.8921568627450981,0.6666666666666666,18.389999999999997,1.712887438825449,178764.0,1.0102366396424804,20.0,16.0,6.5,0.6666666666666666,0.8921568627450981,0.5717798550724639
2022-02-08,2022-02-08 10:08:00,2022-02-08 10:11:00,2022-02-08 10:13:00,long,5304.0,5308.0,5296.0,5308.0,4.0,40.0,limit_touch,take_profit,1.0,2022-02-08 10:08:00,2,18.0,28.0,20.5,14.0,35.0,0.956081081081081,0.8,18.389999999999997,1.9032082653616098,197897.0,1.0833641951738375,28.0,20.5,14.0,0.8,0.956081081081081,0.6876292753623188
2022-02-08,2022-02-08 10:39:00,2022-02-08 10:46:00,2022-02-08 11:00:00,long,5306.5,5298.5,5298.5,5310.5,-8.0,-80.0,limit_touch,stop_loss,1.0,2022-02-08 10:39:00,3,4.0,8.0,6.5,19.5,41.0,0.1413427561837456,0.1951219512195122,18.389999999999997,2.093529091897771,283806.0,1.074564477080639,8.0,6.5,19.5,0.1951219512195122,0.1413427561837456,0.39721637681159416
2022-02-09,2022-02-09 10:01:00,2022-02-09 10:09:00,2022-02-09 10:12:00,long,5289.5,5293.0,5282.5,5293.0,3.5,35.0,limit_touch,take_profit,1.0,2022-02-09 10:01:00,1,5.5,14.5,14.5,21.5,27.5,0.7391304347826086,0.5272727272727272,17.25,2.2028985507246377,169544.0,1.0598048860682452,14.5,14.5,21.5,0.5272727272727272,0.7391304347826086,0.6118160869565218
2022-02-09,2022-02-09 10:53:00,2022-02-09 11:14:00,2022-02-09 11:15:00,long,5301.5,5305.0,5293.5,5305.0,3.5,35.0,limit_touch,take_profit,1.0,2022-02-09 10:53:00,2,5.0,24.0,29.0,39.0,38.0,0.8835443037974684,0.631578947368421,17.25,3.130434782608696,325291.0,1.086261198447847,24.0,29.0,39.0,0.631578947368421,0.8835443037974684,0.8305481159420289
2022-02-10,2022-02-10 10:06:00,2022-02-10 10:06:00,2022-02-10 10:06:00,short,5249.0,5245.0,5257.5,5245.0,4.0,40.0,limit_touch,take_profit,-1.0,2022-02-10 10:06:00,1,-3.0,-13.0,-13.0,-9.0,30.0,-0.39204545454545453,-0.43333333333333335,18.107142857142854,1.4635108481262329,202498.0,1.146668569305899,13.0,13.0,9.0,0.43333333333333335,0.39204545454545453,0.46170666666666665
2022-02-10,2022-02-10 10:25:00,2022-02-10 10:29:00,2022-02-10 10:30:00,short,5243.5,5252.5,5252.5,5239.5,-9.0,-90.0,limit_touch,stop_loss,-1.0,2022-02-10 10:25:00,2,-6.0,-6.0,-22.0,-19.0,29.0,-0.39204545454545453,-0.20689655172413793,18.107142857142854,1.8777120315581857,257568.0,1.1426246856670845,6.0,22.0,19.0,0.20689655172413793,0.39204545454545453,0.36476115942028986
2022-02-10,2022-02-10 10:34:00,2022-02-10 10:37:00,2022-02-10 10:42:00,long,5261.5,5266.0,5252.0,5266.0,4.5,45.0,limit_touch,take_profit,1.0,2022-02-10 10:34:00,3,23.5,19.5,15.5,5.5,51.5,0.6853185595567867,0.3786407766990291,18.107142857142854,1.9605522682445762,308586.0,1.2357174587648352,19.5,15.5,5.5,0.3786407766990291,0.6853185595567867,0.5300522463768116
2022-02-10,2022-02-10 12:35:00,2022-02-10 12:52:00,2022-02-10 13:30:00,short,5213.0,5207.5,5224.5,5207.5,5.5,55.0,limit_touch,take_profit,-1.0,2022-02-10 12:35:00,4,-10.5,-5.5,-5.0,-51.5,28.5,-0.6145124716553289,-0.19298245614035087,18.107142857142854,4.224852071005918,704707.0,1.3464286511515462,5.5,5.0,51.5,0.19298245614035087,0.6145124716553289,0.5654866666666667
2022-02-10,2022-02-10 14:52:00,2022-02-10 14:57:00,2022-02-10 15:01:00,long,5254.0,5241.5,5241.5,5259.5,-12.5,-125.0,limit_touch,stop_loss,1.0,2022-02-10 14:52:00,5,11.5,30.5,27.5,9.5,64.5,0.7703275529865126,0.4728682170542636,18.107142857142854,4.418145956607495,965718.0,1.3801185976672947,30.5,27.5,9.5,0.4728682170542636,0.7703275529865126,0.6860915942028986
2022-02-11,2022-02-11 10:08:00,2022-02-11 10:22:00,2022-02-11 10:37:00,short,5218.0,5229.5,5229.5,5212.5,-11.5,-115.0,limit_touch,stop_loss,-1.0,2022-02-11 10:08:00,1,-11.5,-10.0,-12.0,-42.5,32.0,-0.5141242937853108,-0.3125,18.99375,3.15893385982231,208099.0,1.1412772989019244,10.0,12.0,42.5,0.3125,0.5141242937853108,0.6169653623188406
2022-02-11,2022-02-11 14:44:00,2022-02-11 14:53:00,2022-02-11 15:00:00,short,5216.5,5211.5,5227.0,5211.5,5.0,50.0,limit_touch,take_profit,-1.0,2022-02-11 14:44:00,2,-5.0,-4.5,-9.5,-46.0,22.5,0.015228426395939087,-0.2,18.99375,3.2642316551497204,783489.0,1.1302064426422276,4.5,9.5,46.0,0.2,-0.015228426395939087,0.5038560869565217
2022-02-14,2022-02-14 10:40:00,2022-02-14 11:31:00,2022-02-14 11:49:00,short,5231.5,5225.5,5244.5,5225.5,6.0,60.0,limit_touch,take_profit,-1.0,2022-02-14 10:40:00,1,-3.0,-8.0,-10.5,-56.5,34.0,-0.22162162162162163,-0.23529411764705882,19.71666666666667,3.626373626373626,320715.0,1.197714403226968,8.0,10.5,56.5,0.23529411764705882,0.22162162162162163,0.6051297101449276
2022-02-15,2022-02-15 10:37:00,2022-02-15 10:42:00,2022-02-15 10:50:00,short,5214.0,5209.5,5223.5,5209.5,4.5,45.0,limit_touch,take_profit,-1.0,2022-02-15 10:37:00,1,-3.0,-5.0,-11.5,1.0,30.0,-0.2422680412371134,-0.16666666666666666,19.889999999999997,1.3323278029160384,288089.0,1.1061407039613584,5.0,11.5,-1.0,0.16666666666666666,0.2422680412371134,0.21472478260869562
2022-02-15,2022-02-15 11:32:00,2022-02-15 11:46:00,2022-02-15 11:50:00,short,5195.0,5204.5,5204.5,5190.5,-9.5,-95.0,limit_touch,stop_loss,-1.0,2022-02-15 11:32:00,2,-5.5,-5.5,-15.5,-25.0,23.5,-0.5643564356435643,-0.23404255319148937,19.889999999999997,2.6143790849673207,459008.0,1.1677682747143523,5.5,15.5,25.0,0.23404255319148937,0.5643564356435643,0.43544297101449275
2022-02-16,2022-02-16 10:59:00,2022-02-16 11:00:00,2022-02-16 11:05:00,long,5185.5,5189.5,5177.0,5189.5,4.0,40.0,limit_touch,take_profit,1.0,2022-02-16 10:59:00,1,4.5,8.5,11.5,12.5,25.5,0.6947040498442367,0.3333333333333333,19.704545454545457,1.3702422145328719,363791.0,1.1457662475095842,8.5,11.5,12.5,0.3333333333333333,0.6947040498442367,0.3760236231884058
2022-02-17,2022-02-17 11:57:00,2022-02-17 12:06:00,2022-02-17 12:19:00,long,5179.5,5183.5,5170.5,5183.5,4.0,40.0,limit_touch,take_profit,1.0,2022-02-17 11:57:00,1,7.5,12.0,21.5,25.5,39.0,0.5085910652920962,0.3076923076923077,19.45,2.853470437017995,477558.0,1.0438801189725795,12.0,21.5,25.5,0.3076923076923077,0.5085910652920962,0.5431030434782609
2022-02-18,2022-02-18 10:22:00,2022-02-18 10:26:00,2022-02-18 10:35:00,short,5151.0,5147.5,5159.0,5147.5,3.5,35.0,limit_touch,take_profit,-1.0,2022-02-18 10:22:00,1,-6.0,-5.0,-3.0,-29.0,30.0,-0.15384615384615385,-0.16666666666666666,19.234615384615385,1.871625674865027,227021.0,1.0305936956803659,5.0,3.0,29.0,0.16666666666666666,0.15384615384615385,0.369760652173913
2022-02-18,2022-02-18 10:40:00,2022-02-18 11:00:00,2022-02-18 11:00:00,short,5147.5,5144.0,5155.5,5144.0,3.5,35.0,limit_touch,take_profit,-1.0,2022-02-18 10:40:00,2,-10.5,-7.5,-17.5,-37.5,27.5,-0.43859649122807015,-0.2727272727272727,19.234615384615385,2.131573685262947,285255.0,1.059925325343067,7.5,17.5,37.5,0.2727272727272727,0.43859649122807015,0.49821913043478266
2022-02-18,2022-02-18 12:15:00,2022-02-18 12:41:00,2022-02-18 12:45:00,short,5138.5,5135.0,5146.5,5135.0,3.5,35.0,limit_touch,take_profit,-1.0,2022-02-18 12:15:00,3,-2.5,-6.0,-18.0,-46.0,25.0,-0.2733812949640288,-0.24,19.234615384615385,2.7554489102179565,505598.0,1.0185778715029519,6.0,18.0,46.0,0.24,0.2733812949640288,0.5023992028985507
2022-02-18,2022-02-18 14:05:00,2022-02-18 14:15:00,2022-02-18 14:17:00,short,5129.5,5125.5,5138.0,5125.5,4.0,40.0,limit_touch,take_profit,-1.0,2022-02-18 14:05:00,4,-6.0,-6.5,-8.5,-50.5,24.5,-0.5083056478405316,-0.2653061224489796,19.234615384615385,3.3793241351729653,684141.0,1.0461120024563275,6.5,8.5,50.5,0.2653061224489796,0.5083056478405316,0.5474070289855072
2022-02-21,2022-02-21 12:56:00,2022-02-21 13:56:00,2022-02-21 14:01:00,short,5102.0,5098.0,5110.0,5098.0,4.0,40.0,limit_touch,take_profit,-1.0,2022-02-21 12:56:00,1,-5.0,-3.5,-5.5,-51.5,17.5,-0.18248175182481752,-0.2,19.25357142857143,4.23298089408273,548425.0,0.9760514054036801,3.5,5.5,51.5,0.2,0.18248175182481752,0.47104565217391303
2022-02-22,2022-02-22 11:09:00,2022-02-22 11:15:00,2022-02-22 11:41:00,short,5071.5,5068.0,5079.0,5068.0,3.5,35.0,limit_touch,take_profit,-1.0,2022-02-22 11:09:00,1,-5.0,-4.5,-10.5,-40.5,21.5,-0.193717277486911,-0.20930232558139536,19.599999999999998,2.372448979591837,416649.0,1.2075272324635338,4.5,10.5,40.5,0.20930232558139536,0.193717277486911,0.4761201449275362
2022-02-22,2022-02-22 13:00:00,2022-02-22 13:31:00,2022-02-22 13:48:00,short,5067.5,5064.0,5075.0,5064.0,3.5,35.0,limit_touch,take_profit,-1.0,2022-02-22 13:00:00,2,-2.0,-6.0,-3.0,-45.0,15.0,-0.6153846153846154,-0.4,19.599999999999998,2.653061224489796,633459.0,1.1077061409595856,6.0,3.0,45.0,0.4,0.6153846153846154,0.5680139130434783
2022-02-23,2022-02-23 11:15:00,2022-02-23 11:26:00,2022-02-23 11:29:00,short,5015.0,5011.5,5023.0,5011.5,3.5,35.0,limit_touch,take_profit,-1.0,2022-02-23 11:15:00,1,-4.5,-1.0,-7.5,-47.0,19.0,-0.027777777777777776,-0.05263157894736842,19.434375,2.778581765557164,403423.0,1.1249617969807901,1.0,7.5,47.0,0.05263157894736842,0.027777777777777776,0.4299163043478261
2022-02-24,2022-02-24 10:17:00,2022-02-24 10:25:00,2022-02-24 10:28:00,long,5086.0,5090.5,5076.0,5090.5,4.5,45.0,limit_touch,take_profit,1.0,2022-02-24 10:17:00,1,1.5,5.0,17.5,38.5,21.0,0.2871287128712871,0.23809523809523808,19.31470588235294,3.3911984163240447,329765.0,1.5683969508611126,5.0,17.5,38.5,0.23809523809523808,0.2871287128712871,0.531015652173913
2022-02-24,2022-02-24 12:45:00,2022-02-24 13:15:00,2022-02-24 13:37:00,long,5123.5,5128.5,5112.0,5128.5,5.0,50.0,limit_touch,take_profit,1.0,2022-02-24 12:45:00,2,7.5,8.5,18.5,87.5,25.5,0.29777777777777775,0.3333333333333333,19.31470588235294,5.954012486675804,818825.0,1.495401661577694,8.5,18.5,87.5,0.3333333333333333,0.29777777777777775,0.6855528260869566
2022-02-25,2022-02-25 10:21:00,2022-02-25 10:23:00,2022-02-25 10:25:00,long,5164.5,5171.5,5150.0,5171.5,7.0,70.0,limit_touch,take_profit,1.0,2022-02-25 10:21:00,1,0.5,2.5,18.5,2.0,40.5,-0.14491017964071856,0.06172839506172839,20.39166666666667,2.6481405803024107,352647.0,1.5850535794468512,2.5,18.5,2.0,0.06172839506172839,-0.14491017964071856,0.2661935507246377
2022-02-25,2022-02-25 11:29:00,2022-02-25 11:43:00,2022-02-25 11:54:00,long,5178.5,5185.5,5164.0,5185.5,7.0,70.0,limit_touch,take_profit,1.0,2022-02-25 11:29:00,2,8.5,15.0,28.0,28.5,26.0,0.8770053475935828,0.5769230769230769,20.39166666666667,3.5553739272578664,542092.0,1.3785452204344393,15.0,28.0,28.5,0.5769230769230769,0.8770053475935828,0.7482218840579711
2022-03-02,2022-03-02 13:25:00,2022-03-02 13:26:00,2022-03-02 13:27:00,short,5225.0,5219.0,5238.0,5219.0,6.0,60.0,limit_touch,take_profit,-1.0,2022-03-02 13:25:00,1,-5.0,-27.5,,-51.5,65.5,-0.5263484190948543,-0.4198473282442748,20.92105263157895,2.7484276729559745,127373.0,0.2059022742960416,27.5,,51.5,0.4198473282442748,0.5263484190948543,0.6823245652173913
2022-03-03,2022-03-03 11:13:00,2022-03-03 11:48:00,2022-03-03 12:08:00,short,5088.0,5082.5,5100.5,5082.5,5.5,55.0,limit_touch,take_profit,-1.0,2022-03-03 11:13:00,1,-8.0,-7.5,-2.0,-83.5,23.5,-0.3924050632911392,-0.3191489361702128,20.92105263157895,4.445283018867924,510535.0,1.4063200271126157,7.5,2.0,83.5,0.3191489361702128,0.3924050632911392,0.6587589855072464
2022-03-04,2022-03-04 10:30:00,2022-03-04 10:30:00,2022-03-04 10:32:00,long,5102.0,5091.0,5091.0,5107.0,-11.0,-110.0,limit_touch,stop_loss,1.0,2022-03-04 10:30:00,1,-1.0,4.0,10.0,13.5,24.0,0.375,0.16666666666666666,20.92105263157895,2.389937106918239,361183.0,1.4596751813902862,4.0,10.0,13.5,0.16666666666666666,0.375,0.34135855072463767
2022-03-04,2022-03-04 10:52:00,2022-03-04 11:18:00,2022-03-04 11:19:00,long,5116.5,5122.0,5104.5,5122.0,5.5,55.0,limit_touch,take_profit,1.0,2022-03-04 10:52:00,2,19.0,23.5,27.0,40.5,46.5,0.7363966142684402,0.5053763440860215,20.92105263157895,3.322012578616352,492637.0,1.5815243291988108,23.5,27.0,40.5,0.5053763440860215,0.7363966142684402,0.8396320289855073
2022-03-04,2022-03-04 11:33:00,2022-03-04 12:00:00,2022-03-04 12:13:00,long,5120.5,5126.0,5108.5,5126.0,5.5,55.0,limit_touch,take_profit,1.0,2022-03-04 11:33:00,3,7.0,19.0,15.0,46.5,26.0,0.8642857142857143,0.7307692307692307,20.92105263157895,3.561006289308176,617132.0,1.5038694423409533,19.0,15.0,46.5,0.7307692307692307,0.8642857142857143,0.8909471014492754
2022-03-07,2022-03-07 10:39:00,2022-03-07 11:00:00,2022-03-07 11:06:00,short,5084.0,5079.5,5094.5,5079.5,4.5,45.0,limit_touch,take_profit,-1.0,2022-03-07 10:39:00,1,-3.0,-11.5,-26.0,-45.0,24.5,-0.606425702811245,-0.46938775510204084,20.92105263157895,3.322012578616352,403397.0,1.4412437804812912,11.5,26.0,45.0,0.46938775510204084,0.606425702811245,0.7330827536231884
2022-03-08,2022-03-08 10:41:00,2022-03-08 10:41:00,2022-03-08 10:41:00,long,5125.0,5130.0,5114.5,5130.0,5.0,50.0,limit_touch,take_profit,1.0,2022-03-08 10:41:00,1,8.5,12.0,14.0,5.0,34.0,0.691699604743083,0.35294117647058826,20.92105263157895,1.7685534591194967,414970.0,1.4383120551741733,12.0,14.0,5.0,0.35294117647058826,0.691699604743083,0.44540123188405795
2022-03-08,2022-03-08 10:42:00,2022-03-08 10:52:00,2022-03-08 10:57:00,long,5126.0,5131.0,5115.5,5131.0,5.0,50.0,limit_touch,take_profit,1.0,2022-03-08 10:42:00,2,8.0,17.5,22.5,12.0,39.5,0.7748917748917749,0.4430379746835443,20.92105263157895,1.8402515723270438,423962.0,1.4564589667741854,17.5,22.5,12.0,0.4430379746835443,0.7748917748917749,0.5812473188405796
2022-03-08,2022-03-08 14:19:00,2022-03-08 14:22:00,2022-03-08 14:27:00,short,5096.0,5106.5,5106.5,5091.0,-10.5,-105.0,limit_touch,stop_loss,-1.0,2022-03-08 14:19:00,3,-23.0,-28.0,-36.5,-37.0,40.0,-0.883248730964467,-0.7,20.92105263157895,2.5094339622641506,960312.0,1.3983705441966503,28.0,36.5,37.0,0.7,0.883248730964467,0.8625898550724638
2022-03-09,2022-03-09 11:01:00,2022-03-09 11:04:00,2022-03-09 11:08:00,short,5048.0,5043.5,5057.5,5043.5,4.5,45.0,limit_touch,take_profit,-1.0,2022-03-09 11:01:00,1,-4.0,-12.5,-10.0,-15.0,26.5,-0.5880398671096345,-0.4716981132075472,27.27,1.0267693436010268,353741.0,1.0292882512522357,12.5,10.0,15.0,0.4716981132075472,0.5880398671096345,0.46484028985507253
2022-03-09,2022-03-09 11:13:00,2022-03-09 11:14:00,2022-03-09 11:29:00,short,5041.0,5036.5,5051.0,5036.5,4.5,45.0,limit_touch,take_profit,-1.0,2022-03-09 11:13:00,2,-16.5,-9.5,-23.5,-27.0,37.5,-0.6254876462938882,-0.25333333333333335,27.27,1.375137513751375,413623.0,1.1044520525083987,9.5,23.5,27.0,0.25333333333333335,0.6254876462938882,0.4432535507246376
2022-03-09,2022-03-09 11:49:00,2022-03-09 11:54:00,2022-03-09 12:05:00,short,5037.0,5032.5,5047.0,5032.5,4.5,45.0,limit_touch,take_profit,-1.0,2022-03-09 11:49:00,3,-4.0,-10.0,-16.5,-30.0,25.0,-0.4217687074829932,-0.4,27.27,1.5768243491015768,532938.0,1.1523181027422993,10.0,16.5,30.0,0.4,0.4217687074829932,0.5363100724637682
2022-03-09,2022-03-09 12:18:00,2022-03-09 12:25:00,2022-03-09 12:38:00,short,5032.5,5027.5,5043.0,5027.5,5.0,50.0,limit_touch,take_profit,-1.0,2022-03-09 12:18:00,4,-1.5,-16.5,-9.0,-38.0,34.5,-0.7451327433628319,-0.4782608695652174,27.27,1.7785111844517785,615027.0,1.1677675372471428,16.5,9.0,38.0,0.4782608695652174,0.7451327433628319,0.6958414492753622
2022-03-09,2022-03-09 13:39:00,2022-03-09 14:03:00,2022-03-09 14:19:00,short,5031.0,5041.0,5041.0,5026.5,-10.0,-100.0,limit_touch,stop_loss,-1.0,2022-03-09 13:39:00,5,-2.5,-7.0,-8.0,-41.0,21.0,-0.5,-0.3333333333333333,27.27,1.8701870187018703,740630.0,1.1526294103907528,7.0,8.0,41.0,0.3333333333333333,0.5,0.5257249275362319
2022-03-10,2022-03-10 10:04:00,2022-03-10 10:06:00,2022-03-10 10:10:00,long,5072.0,5064.5,5064.5,5075.5,-7.5,-75.0,limit_touch,stop_loss,1.0,2022-03-10 10:04:00,1,8.0,7.5,13.0,18.0,23.5,0.4538152610441767,0.3191489361702128,25.275,1.0880316518298714,182320.0,0.9854882104378401,7.5,13.0,18.0,0.3191489361702128,0.4538152610441767,0.3377076811594203
2022-03-10,2022-03-10 10:15:00,2022-03-10 10:19:00,2022-03-10 10:20:00,long,5077.0,5080.5,5069.0,5080.5,3.5,35.0,limit_touch,take_profit,1.0,2022-03-10 10:15:00,2,11.5,6.5,8.0,21.0,34.5,0.3259423503325942,0.18840579710144928,25.275,1.3452027695351139,234928.0,1.0753983836462493,6.5,8.0,21.0,0.18840579710144928,0.3259423503325942,0.338471231884058
2022-03-10,2022-03-10 10:26:00,2022-03-10 10:30:00,2022-03-10 10:31:00,long,5081.0,5085.0,5072.5,5085.0,4.0,40.0,limit_touch,take_profit,1.0,2022-03-10 10:26:00,3,9.5,22.5,17.5,29.5,35.5,0.6830601092896175,0.6338028169014085,25.275,1.5628090999010882,274466.0,1.1153832503544336,22.5,17.5,29.5,0.6338028169014085,0.6830601092896175,0.7241731159420289
2022-03-10,2022-03-10 10:54:00,2022-03-10 11:00:00,2022-03-10 11:03:00,long,5086.5,5090.5,5078.0,5090.5,4.0,40.0,limit_touch,take_profit,1.0,2022-03-10 10:54:00,4,-1.0,13.0,9.5,34.5,26.0,0.7172413793103448,0.5,25.275,1.8397626112759644,368992.0,1.1376341013985907,13.0,9.5,34.5,0.5,0.7172413793103448,0.6481219565217391
2022-03-10,2022-03-10 11:39:00,2022-03-10 11:52:00,2022-03-10 11:55:00,long,5093.0,5084.5,5084.5,5097.0,-8.5,-85.0,limit_touch,stop_loss,1.0,2022-03-10 11:39:00,5,7.0,8.5,11.5,45.5,27.5,0.29537366548042704,0.3090909090909091,25.275,2.1760633036597428,471273.0,1.077658020974489,8.5,11.5,45.5,0.3090909090909091,0.29537366548042704,0.5542388405797102
2022-03-11,2022-03-11 10:01:00,2022-03-11 10:04:00,2022-03-11 10:05:00,long,5033.5,5037.0,5025.5,5037.0,3.5,35.0,limit_touch,take_profit,1.0,2022-03-11 10:01:00,1,0.5,13.0,13.5,7.5,26.0,0.6666666666666666,0.5,24.47142857142857,1.1033274956217163,189162.0,1.0842456745411593,13.0,13.5,7.5,0.5,0.6666666666666666,0.4552620289855072
2022-03-11,2022-03-11 10:16:00,2022-03-11 10:29:00,2022-03-11 10:38:00,long,5036.0,5028.5,5028.5,5039.5,-7.5,-75.0,limit_touch,stop_loss,1.0,2022-03-11 10:16:00,2,8.5,4.0,17.0,11.5,25.0,0.10101010101010101,0.16,24.47142857142857,1.2463514302393461,230575.0,1.0404904162367798,4.0,17.0,11.5,0.16,0.10101010101010101,0.21748782608695652
2022-03-11,2022-03-11 11:04:00,2022-03-11 11:11:00,2022-03-11 11:15:00,long,5042.5,5046.0,5034.5,5046.0,3.5,35.0,limit_touch,take_profit,1.0,2022-03-11 11:04:00,3,1.5,4.0,15.0,18.5,23.0,0.24299065420560748,0.17391304347826086,24.47142857142857,1.5936952714535901,363246.0,1.029831175759317,4.0,15.0,18.5,0.17391304347826086,0.24299065420560748,0.27644485507246375
2022-03-14,2022-03-14 10:04:00,2022-03-14 10:09:00,2022-03-14 10:12:00,short,5072.0,5068.5,5080.0,5068.5,3.5,35.0,limit_touch,take_profit,-1.0,2022-03-14 10:04:00,1,-4.0,-9.0,-4.5,-16.5,22.0,-0.7372881355932204,-0.4090909090909091,25.10625,1.1750062235499128,170379.0,0.9154242203249225,9.0,4.5,16.5,0.4090909090909091,0.7372881355932204,0.3609144202898551
2022-03-14,2022-03-14 10:53:00,2022-03-14 10:59:00,2022-03-14 11:01:00,long,5094.0,5098.0,5085.5,5098.0,4.0,40.0,limit_touch,take_profit,1.0,2022-03-14 10:53:00,2,6.0,20.0,29.5,16.5,32.0,0.7440758293838863,0.625,25.10625,1.5533980582524272,314859.0,0.9739118582120551,20.0,29.5,16.5,0.625,0.7440758293838863,0.5982792028985509
2022-03-15,2022-03-15 10:31:00,2022-03-15 10:39:00,2022-03-15 10:42:00,long,5162.5,5167.0,5153.0,5167.0,4.5,45.0,limit_touch,take_profit,1.0,2022-03-15 10:31:00,1,4.0,16.5,35.5,39.5,27.5,0.5224586288416075,0.6,25.7,2.2762645914396886,327565.0,1.2571382005779514,16.5,35.5,39.5,0.6,0.5224586288416075,0.7812666666666667
2022-03-16,2022-03-16 11:24:00,2022-03-16 11:34:00,2022-03-16 12:14:00,short,5138.5,5133.5,5149.0,5133.5,5.0,50.0,limit_touch,take_profit,-1.0,2022-03-16 11:24:00,1,-13.0,-32.0,-37.0,-36.5,43.0,-0.8853333333333333,-0.7441860465116279,25.425,2.143559488692232,459248.0,1.148354120696357,32.0,37.0,36.5,0.7441860465116279,0.8853333333333333,0.8340060869565218
2022-03-16,2022-03-16 12:25:00,2022-03-16 12:40:00,2022-03-16 12:58:00,short,5136.0,5131.0,5146.5,5131.0,5.0,50.0,limit_touch,take_profit,-1.0,2022-03-16 12:25:00,2,-3.5,-11.5,-18.0,-32.5,19.5,-0.8260869565217391,-0.5897435897435898,25.425,2.281219272369715,601062.0,1.1131277998171771,11.5,18.0,32.5,0.5897435897435898,0.8260869565217391,0.6650203623188405
2022-03-17,2022-03-17 10:19:00,2022-03-17 10:24:00,2022-03-17 10:29:00,long,5115.0,5120.0,5104.0,5120.0,5.0,50.0,limit_touch,take_profit,1.0,2022-03-17 10:19:00,1,4.0,4.5,12.5,23.5,18.5,0.22962962962962963,0.24324324324324326,25.418181818181818,1.2786123032904149,277588.0,1.198905390067083,4.5,12.5,23.5,0.24324324324324326,0.22962962962962963,0.3491091304347826
2022-03-17,2022-03-17 11:05:00,2022-03-17 11:11:00,2022-03-17 11:24:00,long,5119.0,5107.5,5107.5,5124.5,-11.5,-115.0,limit_touch,stop_loss,1.0,2022-03-17 11:05:00,2,11.0,11.5,13.5,29.0,33.5,0.20641282565130262,0.34328358208955223,25.418181818181818,1.4949928469241773,425100.0,1.1968167096746767,11.5,13.5,29.0,0.34328358208955223,0.20641282565130262,0.5321384782608696
2022-03-18,2022-03-18 10:34:00,2022-03-18 10:36:00,2022-03-18 10:39:00,long,5085.0,5089.0,5076.0,5089.0,4.0,40.0,limit_touch,take_profit,1.0,2022-03-18 10:34:00,1,3.5,2.5,13.5,23.5,25.5,0.21739130434782608,0.09803921568627451,25.299999999999997,1.482213438735178,253115.0,0.9337865530776638,2.5,13.5,23.5,0.09803921568627451,0.21739130434782608,0.23605557971014493
2022-03-18,2022-03-18 12:14:00,2022-03-18 12:21:00,2022-03-18 12:36:00,short,5056.5,5052.0,5066.5,5052.0,4.5,45.0,limit_touch,take_profit,-1.0,2022-03-18 12:14:00,2,-9.0,-23.0,-30.5,-21.0,29.0,-0.8971428571428571,-0.7931034482758621,25.299999999999997,2.0158102766798423,535645.0,1.0298685496185358,23.0,30.5,21.0,0.7931034482758621,0.8971428571428571,0.7078330434782608
2022-03-21,2022-03-21 12:16:00,2022-03-21 13:58:00,2022-03-21 14:15:00,short,4972.5,4982.0,4982.0,4968.0,-9.5,-95.0,limit_touch,stop_loss,-1.0,2022-03-21 12:16:00,1,-2.5,-3.0,-16.0,-94.0,17.0,-0.09090909090909091,-0.17647058823529413,25.257692307692306,3.9987817877265117,550725.0,1.0474566142446493,3.0,16.0,94.0,0.17647058823529413,0.09090909090909091,0.5025300724637681
2022-03-22,2022-03-22 10:13:00,2022-03-22 10:24:00,2022-03-22 10:40:00,short,4929.0,4937.5,4937.5,4925.0,-8.5,-85.0,limit_touch,stop_loss,-1.0,2022-03-22 10:13:00,1,2.0,-2.5,-7.0,-26.0,26.5,-0.46055979643765904,-0.09433962264150944,25.61785714285714,1.5223755750731913,252830.0,1.1700368207806215,2.5,7.0,26.0,0.09433962264150944,0.46055979643765904,0.31299572463768116
2022-03-22,2022-03-22 12:28:00,2022-03-22 12:45:00,2022-03-22 12:58:00,long,4954.0,4958.5,4944.5,4958.5,4.5,45.0,limit_touch,take_profit,1.0,2022-03-22 12:28:00,2,8.0,11.0,23.0,14.5,28.0,0.6180555555555556,0.39285714285714285,25.61785714285714,1.8151401087411128,668556.0,1.2187119042016519,11.0,23.0,14.5,0.39285714285714285,0.6180555555555556,0.4804584057971014
2022-03-23,2022-03-23 11:18:00,2022-03-23 12:39:00,2022-03-23 12:40:00,short,4877.0,4872.5,4886.5,4872.5,4.5,45.0,limit_touch,take_profit,-1.0,2022-03-23 11:18:00,1,-16.0,-32.5,-44.5,-71.5,37.5,-0.9409681227863046,-0.8666666666666667,24.84,3.0394524959742353,500153.0,1.2727431116039172,32.5,44.5,71.5,0.8666666666666667,0.9409681227863046,0.9527226086956523
2022-03-24,2022-03-24 10:11:00,2022-03-24 10:17:00,2022-03-24 10:20:00,long,4838.5,4842.5,4829.5,4842.5,4.0,40.0,limit_touch,take_profit,1.0,2022-03-24 10:11:00,1,10.0,14.5,14.5,-5.0,36.5,0.7407952871870398,0.3972602739726027,25.190625,1.48864905098623,216440.0,1.0152827955520631,14.5,14.5,-5.0,0.3972602739726027,0.7407952871870398,0.4069927536231884
2022-03-24,2022-03-24 10:31:00,2022-03-24 10:36:00,2022-03-24 10:37:00,long,4840.0,4844.0,4831.0,4844.0,4.0,40.0,limit_touch,take_profit,1.0,2022-03-24 10:31:00,2,9.5,-1.5,20.5,-1.0,42.5,-0.13004484304932734,-0.03529411764705882,25.190625,1.568043667038829,298017.0,1.1216447844454056,-1.5,20.5,-1.0,-0.03529411764705882,-0.13004484304932734,0.14580050724637683
2022-03-24,2022-03-24 11:01:00,2022-03-24 11:08:00,2022-03-24 11:12:00,short,4812.0,4807.5,4822.0,4807.5,4.5,45.0,limit_touch,take_profit,-1.0,2022-03-24 11:01:00,3,-13.5,-32.5,-41.5,-42.5,43.5,-0.9069239500567536,-0.7471264367816092,25.190625,2.024562709341273,446967.0,1.268978112344179,32.5,41.5,42.5,0.7471264367816092,0.9069239500567536,0.8665489130434783
2022-03-24,2022-03-24 11:41:00,2022-03-24 11:44:00,2022-03-24 11:50:00,short,4794.0,4789.0,4804.5,4789.0,5.0,50.0,limit_touch,take_profit,-1.0,2022-03-24 11:41:00,4,-2.5,-13.0,-33.0,-64.5,42.0,-0.42318840579710143,-0.30952380952380953,25.190625,2.97729810197246,595703.0,1.3127677943562657,13.0,33.0,64.5,0.30952380952380953,0.42318840579710143,0.7094562318840579
2022-03-24,2022-03-24 14:17:00,2022-03-24 14:31:00,2022-03-24 14:40:00,long,4846.0,4851.5,4834.0,4851.5,5.5,55.0,limit_touch,take_profit,1.0,2022-03-24 14:17:00,5,3.0,7.0,3.0,17.0,23.0,0.29292929292929293,0.30434782608695654,25.190625,3.7513956084852995,982769.0,1.3932836919798883,7.0,3.0,17.0,0.30434782608695654,0.29292929292929293,0.47474224637681156
2022-03-25,2022-03-25 10:11:00,2022-03-25 10:12:00,2022-03-25 10:13:00,short,4796.5,4791.0,4809.0,4791.0,5.5,55.0,limit_touch,take_profit,-1.0,2022-03-25 10:11:00,1,-15.0,-15.0,-8.0,-45.5,42.0,-0.3960674157303371,-0.35714285714285715,25.376470588235296,1.9309225776541492,252452.0,1.1799241090541301,15.0,8.0,45.5,0.35714285714285715,0.3960674157303371,0.6672410144927536
2022-03-25,2022-03-25 11:55:00,2022-03-25 12:13:00,2022-03-25 12:18:00,short,4780.0,4774.5,4792.5,4774.5,5.5,55.0,limit_touch,take_profit,-1.0,2022-03-25 11:55:00,2,-10.0,-16.5,-33.5,-65.5,28.5,-0.7410071942446043,-0.5789473684210527,25.376470588235296,2.7781641168289286,546989.0,1.109969891207573,16.5,33.5,65.5,0.5789473684210527,0.7410071942446043,0.8135918115942029
2022-03-25,2022-03-25 12:36:00,2022-03-25 13:40:00,2022-03-25 13:45:00,short,4773.0,4767.0,4785.5,4767.0,6.0,60.0,limit_touch,take_profit,-1.0,2022-03-25 12:36:00,3,-7.5,-11.5,-4.5,-67.0,24.5,-0.6842105263157895,-0.46938775510204084,25.376470588235296,3.152526657394529,640025.0,1.1110219049375618,11.5,4.5,67.0,0.46938775510204084,0.6842105263157895,0.7263697101449275
2022-03-28,2022-03-28 11:49:00,2022-03-28 12:06:00,2022-03-28 12:11:00,long,4804.0,4793.5,4793.5,4809.0,-10.5,-105.0,limit_touch,stop_loss,1.0,2022-03-28 11:49:00,1,6.5,6.0,10.0,74.5,24.0,0.582089552238806,0.25,25.55,3.3463796477495107,572163.0,1.1913130960572698,6.0,10.0,74.5,0.25,0.582089552238806,0.5847602173913043
2022-03-29,2022-03-29 10:28:00,2022-03-29 10:33:00,2022-03-29 10:33:00,long,4758.5,4764.5,4745.5,4764.5,6.0,60.0,limit_touch,take_profit,1.0,2022-03-29 10:28:00,1,12.5,20.0,9.5,25.5,32.0,0.8512396694214877,0.625,25.55526315789474,1.9565441252188238,406914.0,1.5515192278435694,20.0,9.5,25.5,0.625,0.8512396694214877,0.7455680434782609
2022-03-29,2022-03-29 10:39:00,2022-03-29 10:47:00,2022-03-29 10:51:00,long,4763.5,4750.5,4750.5,4769.5,-13.0,-130.0,limit_touch,stop_loss,1.0,2022-03-29 10:39:00,2,10.0,18.0,19.0,31.0,37.0,0.5795454545454546,0.4864864864864865,25.55526315789474,2.210894861497271,463306.0,1.5542050940455787,18.0,19.0,31.0,0.4864864864864865,0.5795454545454546,0.7321828985507246
2022-03-29,2022-03-29 14:31:00,2022-03-29 15:00:00,2022-03-29 16:50:00,long,4771.5,4759.5,4759.5,4777.0,-12.0,-120.0,limit_touch,stop_loss,1.0,2022-03-29 14:31:00,3,2.5,14.5,14.0,43.5,24.5,0.7842323651452282,0.5918367346938775,25.55526315789474,2.641334569045412,1029888.0,1.3858858905667581,14.5,14.0,43.5,0.5918367346938775,0.7842323651452282,0.7896428260869566
2022-03-30,2022-03-30 10:01:00,2022-03-30 10:04:00,2022-03-30 10:22:00,short,4738.5,4748.5,4748.5,4734.0,-10.0,-100.0,limit_touch,stop_loss,-1.0,2022-03-30 10:01:00,1,-10.0,-18.5,-25.0,-34.0,28.5,-0.9145631067961165,-0.6491228070175439,25.29,1.4630288651640966,249191.0,1.3391457030965905,18.5,25.0,34.0,0.6491228070175439,0.9145631067961165,0.7488123913043478
2022-03-30,2022-03-30 11:26:00,2022-03-30 11:35:00,2022-03-30 11:37:00,long,4758.0,4763.0,4747.0,4763.0,5.0,50.0,limit_touch,take_profit,1.0,2022-03-30 11:26:00,2,2.5,5.0,23.5,-2.5,29.0,0.0375,0.1724137931034483,25.29,1.5223408461842627,535447.0,1.243942681129477,5.0,23.5,-2.5,0.1724137931034483,0.0375,0.24430746376811593
2022-03-30,2022-03-30 11:40:00,2022-03-30 11:47:00,2022-03-30 11:54:00,long,4759.0,4764.0,4748.0,4764.0,5.0,50.0,limit_touch,take_profit,1.0,2022-03-30 11:40:00,3,4.0,3.5,6.5,-1.0,15.5,0.2871287128712871,0.22580645161290322,25.29,1.5816528272044288,566318.0,1.207350082980028,3.5,6.5,-1.0,0.22580645161290322,0.2871287128712871,0.23342528985507244
2022-03-30,2022-03-30 12:22:00,2022-03-30 12:48:00,2022-03-30 14:04:00,long,4775.5,4780.5,4764.5,4780.5,5.0,50.0,limit_touch,take_profit,1.0,2022-03-30 12:22:00,4,5.0,21.5,32.0,24.0,38.5,0.5378323108384458,0.5584415584415584,25.29,2.4515618821668643,691079.0,1.2161780351502147,21.5,32.0,24.0,0.5584415584415584,0.5378323108384458,0.7323989855072465
2022-03-31,2022-03-31 10:04:00,2022-03-31 10:10:00,2022-03-31 10:11:00,short,4795.5,4790.0,4807.5,4790.0,5.5,55.0,limit_touch,take_profit,-1.0,2022-03-31 10:04:00,1,-16.0,-36.5,-21.5,-30.5,55.5,-0.7147623019182652,-0.6576576576576577,25.014285714285712,2.058823529411765,281694.0,1.4142012864134046,36.5,21.5,30.5,0.6576576576576577,0.7147623019182652,0.8214660144927537
2022-03-31,2022-03-31 11:08:00,2022-03-31 11:13:00,2022-03-31 11:18:00,short,4786.0,4780.5,4798.0,4780.5,5.5,55.0,limit_touch,take_profit,-1.0,2022-03-31 11:08:00,2,-7.0,-6.5,-13.0,-43.5,26.5,-0.21189591078066913,-0.24528301886792453,25.014285714285712,2.5585379782981157,478233.0,1.2296303495642595,6.5,13.0,43.5,0.24528301886792453,0.21189591078066913,0.5397734057971014
2022-03-31,2022-03-31 13:07:00,2022-03-31 14:50:00,2022-03-31 15:51:00,short,4778.5,4790.0,4790.0,4773.0,-11.5,-115.0,limit_touch,stop_loss,-1.0,2022-03-31 13:07:00,3,-0.5,-14.0,-26.5,-55.5,22.0,-0.7346938775510204,-0.6363636363636364,25.014285714285712,2.958309537407196,715828.0,1.118214945945816,14.0,26.5,55.5,0.6363636363636364,0.7346938775510204,0.7981365217391304
2022-04-04,2022-04-04 10:31:00,2022-04-04 11:34:00,2022-04-04 11:50:00,short,4655.5,4651.5,4664.0,4651.5,4.0,40.0,limit_touch,take_profit,-1.0,2022-04-04 10:31:00,1,-4.0,-15.5,-28.0,-50.0,31.5,-0.6363636363636364,-0.49206349206349204,24.886363636363637,2.8529680365296803,332415.0,1.1799740741623785,15.5,28.0,50.0,0.49206349206349204,0.6363636363636364,0.7720989130434783
2022-04-05,2022-04-05 10:19:00,2022-04-05 10:40:00,2022-04-05 10:52:00,long,4657.5,4661.5,4649.5,4661.5,4.0,40.0,limit_touch,take_profit,1.0,2022-04-05 10:19:00,1,10.5,16.0,22.0,41.5,37.0,0.6072874493927125,0.43243243243243246,24.886363636363637,2.390867579908676,356381.0,1.427407225933415,16.0,22.0,41.5,0.43243243243243246,0.6072874493927125,0.7378721014492753
2022-04-05,2022-04-05 12:20:00,2022-04-05 13:52:00,2022-04-05 14:09:00,long,4682.0,4672.5,4672.5,4686.5,-9.5,-95.0,limit_touch,stop_loss,1.0,2022-04-05 12:20:00,2,1.5,6.5,5.0,74.5,24.5,0.5508771929824562,0.2653061224489796,24.886363636363637,3.6968036529680366,725166.0,1.269495571845988,6.5,5.0,74.5,0.2653061224489796,0.5508771929824562,0.6113519565217391
2022-04-06,2022-04-06 10:06:00,2022-04-06 10:21:00,2022-04-06 10:22:00,long,4714.5,4719.0,4705.0,4719.0,4.5,45.0,limit_touch,take_profit,1.0,2022-04-06 10:06:00,1,9.0,22.0,21.0,45.0,31.0,0.7807486631016043,0.7096774193548387,24.886363636363637,2.1095890410958904,288549.0,1.3598735147514938,22.0,21.0,45.0,0.7096774193548387,0.7807486631016043,0.8530942753623189
2022-04-06,2022-04-06 10:58:00,2022-04-06 11:13:00,2022-04-06 11:35:00,long,4727.0,4717.5,4717.5,4731.5,-9.5,-95.0,limit_touch,stop_loss,1.0,2022-04-06 10:58:00,2,1.5,8.5,23.0,60.0,22.5,0.6345177664974619,0.37777777777777777,24.886363636363637,2.7726027397260276,455247.0,1.2383077971562753,8.5,23.0,60.0,0.37777777777777777,0.6345177664974619,0.6486701449275363
2022-04-07,2022-04-07 10:10:00,2022-04-07 10:13:00,2022-04-07 10:21:00,long,4746.0,4751.0,4735.0,4751.0,5.0,50.0,limit_touch,take_profit,1.0,2022-04-07 10:10:00,1,10.0,26.5,12.0,16.0,41.5,0.8119205298013245,0.6385542168674698,24.886363636363637,1.5470319634703196,326713.0,1.4375125993677162,26.5,12.0,16.0,0.6385542168674698,0.8119205298013245,0.6918781884057972
2022-04-07,2022-04-07 10:28:00,2022-04-07 10:33:00,2022-04-07 10:36:00,long,4756.0,4761.5,4744.0,4761.5,5.5,55.0,limit_touch,take_profit,1.0,2022-04-07 10:28:00,2,10.5,17.5,39.0,33.0,42.5,0.6413570274636511,0.4117647058823529,24.886363636363637,2.0894977168949773,421022.0,1.5154153964877792,17.5,39.0,33.0,0.4117647058823529,0.6413570274636511,0.6986286231884058
2022-04-07,2022-04-07 12:31:00,2022-04-07 14:01:00,2022-04-07 14:59:00,long,4779.5,4768.5,4768.5,4784.5,-11.0,-110.0,limit_touch,stop_loss,1.0,2022-04-07 12:31:00,3,7.0,13.0,9.0,62.0,17.0,0.8701298701298701,0.7647058823529411,24.886363636363637,3.335159817351598,778999.0,1.3054013942676717,13.0,9.0,62.0,0.7647058823529411,0.8701298701298701,0.8434097826086957
2022-04-08,2022-04-08 10:22:00,2022-04-08 10:24:00,2022-04-08 10:25:00,long,4777.5,4782.0,4767.5,4782.0,4.5,45.0,limit_touch,take_profit,1.0,2022-04-08 10:22:00,1,17.0,22.5,32.0,20.0,41.5,0.7062937062937062,0.5421686746987951,25.470000000000002,1.923831959167648,399034.0,1.5000647529167161,22.5,32.0,20.0,0.5421686746987951,0.7062937062937062,0.7017722463768116
2022-04-08,2022-04-08 10:49:00,2022-04-08 11:00:00,2022-04-08 11:02:00,long,4799.5,4788.5,4788.5,4804.5,-11.0,-110.0,limit_touch,stop_loss,1.0,2022-04-08 10:49:00,2,5.5,31.0,34.5,44.0,41.0,0.9328165374677002,0.7560975609756098,25.470000000000002,3.0820573223400074,522241.0,1.4968907273867793,31.0,34.5,44.0,0.7560975609756098,0.9328165374677002,0.918782536231884
2022-04-12,2022-04-12 10:02:00,2022-04-12 10:21:00,2022-04-12 10:25:00,short,4661.5,4656.5,4672.0,4656.5,5.0,50.0,limit_touch,take_profit,-1.0,2022-04-12 10:02:00,1,-9.0,-20.0,-39.0,-51.5,38.0,-0.5972222222222222,-0.5263157894736842,25.15714285714286,2.941510505394662,378284.0,1.836173517242138,20.0,39.0,51.5,0.5263157894736842,0.5972222222222222,0.8515657246376811
2022-04-13,2022-04-13 10:17:00,2022-04-13 10:22:00,2022-04-13 10:23:00,long,4706.0,4710.5,4696.0,4710.5,4.5,45.0,limit_touch,take_profit,1.0,2022-04-13 10:17:00,1,13.0,33.0,19.0,23.5,40.0,0.968944099378882,0.825,24.787499999999998,1.8356026222894606,357938.0,1.3769831382675397,33.0,19.0,23.5,0.825,0.968944099378882,0.7865936956521739
2022-04-13,2022-04-13 10:35:00,2022-04-13 10:57:00,2022-04-13 11:01:00,long,4712.0,4716.5,4702.0,4716.5,4.5,45.0,limit_touch,take_profit,1.0,2022-04-13 10:35:00,2,-0.5,8.5,41.0,29.5,35.5,0.2182254196642686,0.23943661971830985,24.787499999999998,2.158345940494201,437909.0,1.3963941628160856,8.5,41.0,29.5,0.23943661971830985,0.2182254196642686,0.5122401449275362
2022-04-14,2022-04-14 10:01:00,2022-04-14 10:05:00,2022-04-14 10:09:00,long,4739.5,4743.0,4732.0,4743.0,3.5,35.0,limit_touch,take_profit,1.0,2022-04-14 10:01:00,1,4.0,8.0,10.5,31.5,27.0,0.4041095890410959,0.2962962962962963,23.816666666666666,1.7004898530440868,221286.0,1.0650767957883247,8.0,10.5,31.5,0.2962962962962963,0.4041095890410959,0.4620004347826087
2022-04-14,2022-04-14 10:52:00,2022-04-14 10:57:00,2022-04-14 11:05:00,long,4746.5,4750.5,4738.0,4750.5,4.0,40.0,limit_touch,take_profit,1.0,2022-04-14 10:52:00,2,5.0,23.5,12.5,42.0,33.5,0.7950664136622391,0.7014925373134329,23.816666666666666,2.099370188943317,415706.0,1.1208025948753433,23.5,12.5,42.0,0.7014925373134329,0.7950664136622391,0.8220907971014493
2022-04-18,2022-04-18 10:59:00,2022-04-18 11:06:00,2022-04-18 11:35:00,short,4686.5,4696.0,4696.0,4682.0,-9.5,-95.0,limit_touch,stop_loss,-1.0,2022-04-18 10:59:00,1,-4.5,-11.5,-14.0,-25.0,26.5,-0.7104377104377104,-0.4339622641509434,23.054999999999996,2.1904142268488402,415322.0,1.056509450209192,11.5,14.0,25.0,0.4339622641509434,0.7104377104377104,0.5575296376811594
2022-04-19,2022-04-19 10:07:00,2022-04-19 10:08:00,2022-04-19 10:10:00,long,4678.5,4682.5,4670.0,4682.5,4.0,40.0,limit_touch,take_profit,1.0,2022-04-19 10:07:00,1,16.5,14.5,10.0,-1.0,45.5,0.30424242424242426,0.31868131868131866,22.71818181818182,1.100440176070428,299439.0,1.2798895865007616,14.5,10.0,-1.0,0.31868131868131866,0.30424242424242426,0.4141199275362319
2022-04-19,2022-04-19 10:11:00,2022-04-19 10:12:00,2022-04-19 10:22:00,long,4678.5,4682.5,4670.0,4682.5,4.0,40.0,limit_touch,take_profit,1.0,2022-04-19 10:11:00,2,7.5,11.5,13.5,1.5,43.5,0.1782312925170068,0.26436781609195403,22.71818181818182,1.1224489795918366,323055.0,1.306680510537919,11.5,13.5,1.5,0.26436781609195403,0.1782312925170068,0.36733586956521735
2022-04-19,2022-04-19 10:52:00,2022-04-19 10:55:00,2022-04-19 10:59:00,short,4661.5,4670.5,4670.5,4657.5,-9.0,-90.0,limit_touch,stop_loss,-1.0,2022-04-19 10:52:00,3,-6.5,-19.5,-23.0,-22.0,36.5,-0.7512437810945274,-0.5342465753424658,22.71818181818182,1.3865546218487395,466776.0,1.2439569512266786,19.5,23.0,22.0,0.5342465753424658,0.7512437810945274,0.6511089855072464
2022-04-19,2022-04-19 12:01:00,2022-04-19 12:40:00,2022-04-19 12:48:00,long,4688.0,4692.0,4679.0,4692.0,4.0,40.0,limit_touch,take_profit,1.0,2022-04-19 12:01:00,4,1.5,0.0,18.5,15.5,27.0,0.09375,0.0,22.71818181818182,2.024809923969588,666246.0,1.193480663422191,0.0,18.5,15.5,0.0,0.09375,0.25874268115942023
2022-04-20,2022-04-20 10:37:00,2022-04-20 10:46:00,2022-04-20 10:53:00,short,4659.5,4668.0,4668.0,4655.5,-8.5,-85.0,limit_touch,stop_loss,-1.0,2022-04-20 10:37:00,1,-9.5,-15.0,-24.0,-2.0,29.0,-0.7788944723618091,-0.5172413793103449,21.974999999999998,1.9795221843003414,345538.0,1.0459044555069315,15.0,24.0,2.0,0.5172413793103449,0.7788944723618091,0.5014855072463769
2022-04-20,2022-04-20 12:09:00,2022-04-20 14:23:00,2022-04-20 14:25:00,short,4638.5,4634.0,4647.5,4634.0,4.5,45.0,limit_touch,take_profit,-1.0,2022-04-20 12:09:00,2,-7.0,-12.5,-26.5,-38.5,24.5,-0.4790697674418605,-0.5102040816326531,21.974999999999998,3.2536973833902163,613020.0,1.0577958129562817,12.5,26.5,38.5,0.5102040816326531,0.4790697674418605,0.6948172463768116
2022-04-25,2022-04-25 10:19:00,2022-04-25 10:22:00,2022-04-25 10:27:00,long,4855.0,4862.5,4839.0,4862.5,7.5,75.0,limit_touch,take_profit,1.0,2022-04-25 10:19:00,1,13.5,30.5,31.0,32.0,47.5,0.7982708933717579,0.6421052631578947,23.978571428571428,2.439678284182306,435206.0,1.572607993956335,30.5,31.0,32.0,0.6421052631578947,0.7982708933717579,0.8379238405797101
2022-04-25,2022-04-25 10:32:00,2022-04-25 10:41:00,2022-04-25 11:01:00,long,4866.0,4873.5,4850.0,4873.5,7.5,75.0,limit_touch,take_profit,1.0,2022-04-25 10:32:00,2,27.5,26.0,65.0,56.0,56.0,0.6358768406961178,0.4642857142857143,23.978571428571428,3.0443848674411678,507702.0,1.608901390662715,26.0,65.0,56.0,0.4642857142857143,0.6358768406961178,0.8601417391304348
2022-04-25,2022-04-25 13:00:00,2022-04-25 13:45:00,2022-04-25 14:19:00,long,4921.0,4905.0,4905.0,4928.5,-16.0,-160.0,limit_touch,stop_loss,1.0,2022-04-25 13:00:00,3,4.0,13.0,21.0,126.5,21.0,0.8043478260869565,0.6190476190476191,23.978571428571428,6.109621686029193,993355.0,1.4749820333288672,13.0,21.0,126.5,0.6190476190476191,0.8043478260869565,0.8529067391304348
2022-04-26,2022-04-26 11:44:00,2022-04-26 11:45:00,2022-04-26 11:46:00,long,4979.0,4985.5,4965.5,4985.5,6.5,65.0,limit_touch,take_profit,1.0,2022-04-26 11:44:00,1,2.0,11.5,27.5,88.0,32.5,0.33007334963325186,0.35384615384615387,25.31,4.267088107467404,697820.0,1.3202266305173487,11.5,27.5,88.0,0.35384615384615387,0.33007334963325186,0.7279468840579709
2022-04-27,2022-04-27 13:16:00,2022-04-27 13:18:00,2022-04-27 13:21:00,short,4990.0,4983.5,5004.5,4983.5,6.5,65.0,limit_touch,take_profit,-1.0,2022-04-27 13:16:00,1,-7.0,-29.5,-41.0,-13.0,42.5,-0.7648854961832061,-0.6941176470588235,25.828125,2.8263762855414396,1074295.0,1.5286765865174547,29.5,41.0,13.0,0.6941176470588235,0.7648854961832061,0.7527101449275361
2022-04-28,2022-04-28 10:52:00,2022-04-28 11:06:00,2022-04-28 11:12:00,long,5022.0,5028.5,5008.0,5028.5,6.5,65.0,limit_touch,take_profit,1.0,2022-04-28 10:52:00,1,7.0,15.5,23.0,44.5,51.5,0.19688715953307392,0.30097087378640774,26.294117647058822,1.8064876957494407,517095.0,1.297483966659199,15.5,23.0,44.5,0.30097087378640774,0.19688715953307392,0.6561518840579711
2022-04-28,2022-04-28 11:47:00,2022-04-28 11:55:00,2022-04-28 12:04:00,long,5032.5,5019.5,5019.5,5038.5,-13.0,-130.0,limit_touch,stop_loss,1.0,2022-04-28 11:47:00,2,4.5,3.5,14.5,56.5,30.5,0.16923076923076924,0.11475409836065574,26.294117647058822,2.319910514541387,688547.0,1.254946272615931,3.5,14.5,56.5,0.11475409836065574,0.16923076923076924,0.4820354347826087
2022-04-28,2022-04-28 13:47:00,2022-04-28 13:58:00,2022-04-28 13:59:00,short,4986.0,4980.5,4998.5,4980.5,5.5,55.0,limit_touch,take_profit,-1.0,2022-04-28 13:47:00,3,-5.5,-14.0,-16.5,-19.0,25.0,-0.6532258064516129,-0.56,26.294117647058822,3.1185682326621924,967906.0,1.288742191955932,14.0,16.5,19.0,0.56,0.6532258064516129,0.6683202898550725
2022-04-29,2022-04-29 10:44:00,2022-04-29 10:47:00,2022-04-29 10:56:00,long,4953.5,4939.5,4939.5,4960.0,-14.0,-140.0,limit_touch,stop_loss,1.0,2022-04-29 10:44:00,1,4.0,9.0,22.0,7.5,28.0,0.07303370786516854,0.32142857142857145,26.658333333333335,2.325726789621757,425867.0,1.133985933916702,9.0,22.0,7.5,0.32142857142857145,0.07303370786516854,0.397571884057971
2022-04-29,2022-04-29 12:01:00,2022-04-29 12:18:00,2022-04-29 12:20:00,long,4982.0,4989.0,4967.0,4989.0,7.0,70.0,limit_touch,take_profit_gap_open,1.0,2022-04-29 12:01:00,2,9.0,18.0,22.5,55.0,28.0,0.775,0.6428571428571429,26.658333333333335,3.751172241325414,689571.0,1.1732175628323471,18.0,22.5,55.0,0.6428571428571429,0.775,0.862689420289855
2022-05-02,2022-05-02 11:10:00,2022-05-02 11:23:00,2022-05-02 11:38:00,long,5064.5,5070.5,5051.5,5070.5,6.0,60.0,limit_touch,take_profit,1.0,2022-05-02 11:10:00,1,12.0,2.0,2.0,69.0,33.0,-0.05056179775280899,0.06060606060606061,27.181578947368422,2.685642366153548,487397.0,1.064568183237906,2.0,2.0,69.0,0.06060606060606061,-0.05056179775280899,0.4466373913043478
2022-05-02,2022-05-02 12:27:00,2022-05-02 13:23:00,2022-05-02 13:31:00,long,5069.5,5075.5,5056.5,5075.5,6.0,60.0,limit_touch,take_profit,1.0,2022-05-02 12:27:00,2,-0.5,6.5,9.5,75.0,16.5,0.695906432748538,0.3939393939393939,27.181578947368422,2.9431697163326556,701128.0,1.0838291324243523,6.5,9.5,75.0,0.3939393939393939,0.695906432748538,0.6121907971014492
2022-05-03,2022-05-03 11:00:00,2022-05-03 11:05:00,2022-05-03 11:54:00,short,5066.0,5060.0,5079.0,5060.0,6.0,60.0,limit_touch,take_profit,-1.0,2022-05-03 11:00:00,1,-6.5,-17.5,-16.0,-26.5,44.5,-0.36964980544747084,-0.39325842696629215,27.181578947368422,1.5267692903475651,531775.0,1.2383740751734769,17.5,16.0,26.5,0.39325842696629215,0.36964980544747084,0.614485
2022-05-03,2022-05-03 11:59:00,2022-05-03 12:05:00,2022-05-03 12:08:00,short,5062.0,5056.0,5075.5,5056.0,6.0,60.0,limit_touch,take_profit,-1.0,2022-05-03 11:59:00,2,-9.0,-15.0,-14.5,-32.5,33.0,-0.2864321608040201,-0.45454545454545453,27.181578947368422,1.710717397618356,708574.0,1.201262575666906,15.0,14.5,32.5,0.45454545454545453,0.2864321608040201,0.6483434057971015
2022-05-03,2022-05-03 12:21:00,2022-05-03 12:39:00,2022-05-03 12:49:00,short,5052.5,5046.5,5065.5,5046.5,6.0,60.0,limit_touch,take_profit,-1.0,2022-05-03 12:21:00,3,-3.5,-20.0,-23.5,-42.5,34.0,-0.7235772357723578,-0.5882352941176471,27.181578947368422,2.1889824765224124,788122.0,1.2290142500180177,20.0,23.5,42.5,0.5882352941176471,0.7235772357723578,0.8049421739130436
2022-05-03,2022-05-03 12:51:00,2022-05-03 13:06:00,2022-05-03 13:10:00,short,5052.0,5046.0,5065.0,5046.0,6.0,60.0,limit_touch,take_profit,-1.0,2022-05-03 12:51:00,4,-12.0,-6.0,-0.5,-43.0,21.0,-0.4338235294117647,-0.2857142857142857,27.181578947368422,2.2073772872494914,844174.0,1.2264886706847686,6.0,0.5,43.0,0.2857142857142857,0.4338235294117647,0.5260560869565217
2022-05-04,2022-05-04 10:12:00,2022-05-04 10:25:00,2022-05-04 10:30:00,long,5049.5,5055.0,5038.0,5055.0,5.5,55.0,limit_touch,take_profit,1.0,2022-05-04 10:12:00,1,8.5,23.5,32.0,52.5,39.5,0.7647058823529411,0.5949367088607594,27.181578947368422,2.1705876657953334,339423.0,1.228495101372933,23.5,32.0,52.5,0.5949367088607594,0.7647058823529411,0.8451273188405797
2022-05-04,2022-05-04 10:51:00,2022-05-04 11:11:00,2022-05-04 11:15:00,long,5057.0,5062.5,5045.0,5062.5,5.5,55.0,limit_touch,take_profit,1.0,2022-05-04 10:51:00,2,12.5,6.0,15.0,63.0,34.0,0.1262135922330097,0.17647058823529413,27.181578947368422,2.538483880336915,477923.0,1.177922665708622,6.0,15.0,63.0,0.17647058823529413,0.1262135922330097,0.5396364492753624
2022-05-05,2022-05-05 13:22:00,2022-05-05 14:06:00,2022-05-05 14:12:00,long,5066.5,5073.5,5051.0,5073.5,7.0,70.0,limit_touch,take_profit,1.0,2022-05-05 13:22:00,1,1.0,10.5,5.0,107.0,31.5,0.45454545454545453,0.3333333333333333,27.181578947368422,4.653887113951011,990847.0,1.3418537274117162,10.5,5.0,107.0,0.3333333333333333,0.45454545454545453,0.7138554347826087
2022-05-06,2022-05-06 10:47:00,2022-05-06 11:01:00,2022-05-06 11:03:00,long,5125.5,5132.5,5110.5,5132.5,7.0,70.0,limit_touch,take_profit,1.0,2022-05-06 10:47:00,1,17.5,18.0,16.5,85.0,39.0,0.3299319727891156,0.46153846153846156,27.181578947368422,3.954884306322006,612706.0,1.531416666517395,18.0,16.5,85.0,0.46153846153846156,0.3299319727891156,0.8506583333333333
2022-05-09,2022-05-09 10:05:00,2022-05-09 10:13:00,2022-05-09 10:19:00,short,5160.5,5153.5,5175.5,5153.5,7.0,70.0,limit_touch,take_profit,-1.0,2022-05-09 10:05:00,1,-14.0,-11.0,-6.0,-27.0,42.0,-0.4657142857142857,-0.2619047619047619,36.3,1.2396694214876034,315086.0,1.2177400649065098,11.0,6.0,27.0,0.2619047619047619,0.4657142857142857,0.48179021739130434
2022-05-09,2022-05-09 13:15:00,2022-05-09 13:38:00,2022-05-09 14:10:00,short,5151.5,5165.5,5165.5,5145.0,-14.0,-140.0,limit_touch,stop_loss,-1.0,2022-05-09 13:15:00,2,-10.0,-18.5,-21.0,-39.0,38.5,-0.6300174520069808,-0.4805194805194805,36.3,1.556473829201102,936631.0,1.2586755894784778,18.5,21.0,39.0,0.4805194805194805,0.6300174520069808,0.7188430434782609
2022-05-10,2022-05-10 10:00:00,2022-05-10 10:00:00,2022-05-10 10:02:00,short,5168.0,5162.5,5180.0,5162.5,5.5,55.0,limit_touch,take_profit,-1.0,2022-05-10 10:00:00,1,-7.0,-2.0,-24.5,-28.0,33.0,0.204,-0.06060606060606061,33.275,1.1269722013523666,289480.0,1.2116031468142436,2.0,24.5,28.0,0.06060606060606061,-0.204,0.3038877536231885
2022-05-10,2022-05-10 10:15:00,2022-05-10 10:23:00,2022-05-10 10:30:00,short,5160.0,5154.5,5171.5,5154.5,5.5,55.0,limit_touch,take_profit,-1.0,2022-05-10 10:15:00,2,-2.5,-11.5,-13.5,-39.5,25.5,-0.5301587301587302,-0.45098039215686275,33.275,1.4425244177310295,354502.0,1.1880750115162193,11.5,13.5,39.5,0.45098039215686275,0.5301587301587302,0.615364420289855
2022-05-10,2022-05-10 11:50:00,2022-05-10 11:56:00,2022-05-10 12:03:00,long,5187.0,5193.0,5174.0,5193.0,6.0,60.0,limit_touch,take_profit,1.0,2022-05-10 11:50:00,3,9.5,15.5,19.5,4.5,39.5,0.30578512396694213,0.3924050632911392,33.275,1.5627347858752818,713943.0,1.2080755979535076,15.5,19.5,4.5,0.3924050632911392,0.30578512396694213,0.4713216666666667
2022-05-11,2022-05-11 10:00:00,2022-05-11 10:07:00,2022-05-11 10:18:00,long,5184.0,5172.0,5172.0,5189.5,-12.0,-120.0,limit_touch,stop_loss,1.0,2022-05-11 10:00:00,1,3.0,13.0,44.0,65.0,36.0,0.49429657794676807,0.3611111111111111,30.96428571428571,2.4382929642445217,333092.0,1.3802003140987609,13.0,44.0,65.0,0.3611111111111111,0.49429657794676807,0.7122797826086956
2022-05-11,2022-05-11 10:48:00,2022-05-11 11:09:00,2022-05-11 11:13:00,short,5144.0,5158.0,5158.0,5137.5,-14.0,-140.0,limit_touch,stop_loss,-1.0,2022-05-11 10:48:00,2,-12.0,-23.0,-41.5,1.5,57.0,-0.667107001321004,-0.40350877192982454,30.96428571428571,2.5351787773933103,612913.0,1.4772849657767968,23.0,41.5,-1.5,0.40350877192982454,0.667107001321004,0.5847215942028986
2022-05-11,2022-05-11 12:40:00,2022-05-11 13:29:00,2022-05-11 14:00:00,short,5143.5,5157.5,5157.5,5137.0,-14.0,-140.0,limit_touch,stop_loss,-1.0,2022-05-11 12:40:00,3,-4.0,-14.5,-24.5,-1.5,27.5,-0.7617728531855956,-0.5272727272727272,30.96428571428571,2.567474048442907,990100.0,1.4052689946625752,14.5,24.5,1.5,0.5272727272727272,0.7617728531855956,0.570994420289855
2022-05-12,2022-05-12 10:13:00,2022-05-12 10:27:00,2022-05-12 10:32:00,short,5197.5,5210.5,5210.5,5191.5,-13.0,-130.0,limit_touch,stop_loss,-1.0,2022-05-12 10:13:00,1,4.0,-12.5,-10.5,-10.0,39.5,-0.5742471443406023,-0.31645569620253167,30.075,1.8121363258520367,358000.0,1.202427021692388,12.5,10.5,10.0,0.31645569620253167,0.5742471443406023,0.44573159420289854
2022-05-12,2022-05-12 12:09:00,2022-05-12 12:48:00,2022-05-12 13:32:00,short,5160.0,5153.5,5174.0,5153.5,6.5,65.0,limit_touch,take_profit,-1.0,2022-05-12 12:09:00,2,-12.5,-15.0,-22.0,-63.0,36.0,-0.5687022900763359,-0.4166666666666667,30.075,3.4746467165419785,843602.0,1.2929308554907974,15.0,22.0,63.0,0.4166666666666667,0.5687022900763359,0.7770212318840579
2022-05-13,2022-05-13 10:00:00,2022-05-13 10:05:00,2022-05-13 10:08:00,long,5166.5,5172.0,5155.0,5172.0,5.5,55.0,limit_touch,take_profit,1.0,2022-05-13 10:00:00,1,5.0,15.0,6.5,23.5,42.0,0.5175,0.35714285714285715,30.21666666666667,1.0424710424710424,246447.0,1.002536984383298,15.0,6.5,23.5,0.35714285714285715,0.5175,0.4933814492753623
2022-05-13,2022-05-13 10:44:00,2022-05-13 10:50:00,2022-05-13 11:00:00,long,5168.0,5156.0,5156.0,5173.5,-12.0,-120.0,limit_touch,stop_loss,1.0,2022-05-13 10:44:00,2,4.0,4.5,4.5,20.5,30.5,0.2563380281690141,0.14754098360655737,30.21666666666667,1.0921125206839493,383748.0,0.94000829661158,4.5,4.5,20.5,0.14754098360655737,0.2563380281690141,0.23975000000000002
2022-05-13,2022-05-13 11:05:00,2022-05-13 11:11:00,2022-05-13 11:13:00,short,5146.0,5140.5,5158.5,5140.5,5.5,55.0,limit_touch,take_profit,-1.0,2022-05-13 11:05:00,3,-20.0,-30.0,-24.0,-11.0,41.0,-0.8690476190476191,-0.7317073170731707,30.21666666666667,1.323772752344181,466320.0,0.9749698771690999,30.0,24.0,11.0,0.7317073170731707,0.8690476190476191,0.6051652898550725
2022-05-13,2022-05-13 11:34:00,2022-05-13 11:43:00,2022-05-13 11:58:00,short,5126.0,5120.0,5138.5,5120.0,6.0,60.0,limit_touch,take_profit,-1.0,2022-05-13 11:34:00,4,0.5,-17.5,-22.5,-32.5,39.5,-0.7378151260504202,-0.4430379746835443,30.21666666666667,2.217319360176503,585685.0,1.0412250894917394,17.5,22.5,32.5,0.4430379746835443,0.7378151260504202,0.6656790579710143
2022-05-13,2022-05-13 12:29:00,2022-05-13 12:43:00,2022-05-13 12:44:00,short,5115.5,5109.5,5129.0,5109.5,6.0,60.0,limit_touch,take_profit,-1.0,2022-05-13 12:29:00,5,-11.0,-23.5,-25.0,-54.0,30.5,-0.91792656587473,-0.7704918032786885,30.21666666666667,2.6806398234969664,732542.0,1.051528497444035,23.5,25.0,54.0,0.7704918032786885,0.91792656587473,0.8651083333333334
2022-05-16,2022-05-16 10:14:00,2022-05-16 10:16:00,2022-05-16 10:24:00,short,5094.5,5089.0,5106.5,5089.0,5.5,55.0,limit_touch,take_profit,-1.0,2022-05-16 10:14:00,1,-18.5,-36.5,-11.0,-16.0,43.5,-0.9459459459459459,-0.8390804597701149,30.33,1.4671941971645237,334997.0,1.1006261085416524,36.5,11.0,16.0,0.8390804597701149,0.9459459459459459,0.6929183333333333
2022-05-16,2022-05-16 10:32:00,2022-05-16 10:36:00,2022-05-16 10:37:00,short,5086.5,5081.0,5098.5,5081.0,5.5,55.0,limit_touch,take_profit,-1.0,2022-05-16 10:32:00,2,-8.5,-21.5,-39.0,-28.0,41.5,-0.5792426367461431,-0.5180722891566265,30.33,1.8298714144411474,416455.0,1.1428059452636963,21.5,39.0,28.0,0.5180722891566265,0.5792426367461431,0.6996708695652174
2022-05-16,2022-05-16 10:40:00,2022-05-16 10:46:00,2022-05-16 10:50:00,short,5076.5,5089.0,5089.0,5070.5,-12.5,-125.0,limit_touch,stop_loss,-1.0,2022-05-16 10:40:00,3,-17.0,-23.5,-32.5,-39.0,51.5,-0.47471162377994675,-0.4563106796116505,30.33,2.258489943949885,462060.0,1.1715313272943355,23.5,32.5,39.0,0.4563106796116505,0.47471162377994675,0.7615633333333333
2022-05-16,2022-05-16 11:29:00,2022-05-16 11:34:00,2022-05-16 11:37:00,short,5073.0,5067.0,5086.5,5067.0,6.0,60.0,limit_touch,take_profit,-1.0,2022-05-16 11:29:00,4,-13.0,-18.5,-29.0,-49.0,34.5,-0.5989974937343359,-0.5362318840579711,30.33,2.4233432245301683,680269.0,1.2337083038869205,18.5,29.0,49.0,0.5362318840579711,0.5989974937343359,0.8082892028985507
2022-05-17,2022-05-17 10:04:00,2022-05-17 10:10:00,2022-05-17 10:34:00,short,4993.5,4987.5,5006.5,4987.5,6.0,60.0,limit_touch,take_profit,-1.0,2022-05-17 10:04:00,1,-15.5,-13.5,-28.0,-43.0,28.5,-0.8289703315881326,-0.47368421052631576,29.577272727272728,1.6904871676655908,296549.0,1.1137227910652003,13.5,28.0,43.0,0.47368421052631576,0.8289703315881326,0.661181884057971
2022-05-18,2022-05-18 10:28:00,2022-05-18 10:35:00,2022-05-18 10:39:00,long,4976.5,4981.5,4965.5,4981.5,5.0,50.0,limit_touch,take_profit,1.0,2022-05-18 10:28:00,1,4.5,12.0,20.5,12.0,24.0,0.676923076923077,0.5,29.199999999999996,1.6438356164383563,329111.0,0.931256724457108,12.0,20.5,12.0,0.5,0.676923076923077,0.44390094202898545
2022-05-18,2022-05-18 11:41:00,2022-05-18 11:52:00,2022-05-18 11:56:00,long,4982.0,4987.0,4971.0,4987.0,5.0,50.0,limit_touch,take_profit,1.0,2022-05-18 11:41:00,2,11.0,16.0,11.5,20.0,23.0,0.8282828282828283,0.6956521739130435,29.199999999999996,1.9006849315068497,570492.0,0.9652483990060651,16.0,11.5,20.0,0.6956521739130435,0.8282828282828283,0.6169428985507247
2022-05-18,2022-05-18 13:31:00,2022-05-18 13:43:00,2022-05-18 13:48:00,long,4985.0,4989.5,4975.0,4989.5,4.5,45.0,limit_touch,take_profit,1.0,2022-05-18 13:31:00,3,3.0,8.0,5.0,23.5,15.0,0.6428571428571429,0.5333333333333333,29.199999999999996,2.0205479452054798,773361.0,0.9655366518750633,8.0,5.0,23.5,0.5333333333333333,0.6428571428571429,0.4965977536231884
2022-05-19,2022-05-19 10:01:00,2022-05-19 10:03:00,2022-05-19 10:04:00,short,4942.5,4937.5,4953.5,4937.5,5.0,50.0,limit_touch,take_profit,-1.0,2022-05-19 10:01:00,1,-16.0,-24.0,-37.0,-21.0,33.0,-0.8901515151515151,-0.7272727272727273,28.75384615384615,1.4780631353665064,266484.0,1.044277680898172,24.0,37.0,21.0,0.7272727272727273,0.8901515151515151,0.6782527536231885
2022-05-19,2022-05-19 10:20:00,2022-05-19 10:25:00,2022-05-19 10:31:00,short,4939.0,4933.5,4950.5,4933.5,5.5,55.0,limit_touch,take_profit,-1.0,2022-05-19 10:20:00,2,-8.0,-2.5,-23.0,-19.5,43.5,-0.11654676258992806,-0.05747126436781609,28.75384615384615,1.6519529159978599,332636.0,1.0111408508724098,2.5,23.0,19.5,0.05747126436781609,0.11654676258992806,0.24426594202898555
2022-05-19,2022-05-19 10:56:00,2022-05-19 10:59:00,2022-05-19 11:00:00,short,4936.5,4931.0,4948.5,4931.0,5.5,55.0,limit_touch,take_profit,-1.0,2022-05-19 10:56:00,3,-15.5,-9.0,-14.0,-30.0,37.0,-0.6270270270270271,-0.24324324324324326,28.75384615384615,1.756286784376672,459793.0,1.0067469273826197,9.0,14.0,30.0,0.24324324324324326,0.6270270270270271,0.44439550724637683
2022-05-19,2022-05-19 11:01:00,2022-05-19 11:08:00,2022-05-19 11:12:00,short,4936.0,4930.5,4947.5,4930.5,5.5,55.0,limit_touch,take_profit,-1.0,2022-05-19 11:01:00,4,4.0,-8.5,-7.5,-26.0,48.5,-0.4434060228452752,-0.17525773195876287,28.75384615384615,1.791064740502943,479096.0,1.0126713203810418,8.5,7.5,26.0,0.17525773195876287,0.4434060228452752,0.4039611594202898
2022-05-19,2022-05-19 11:17:00,2022-05-19 11:30:00,2022-05-19 11:38:00,short,4935.5,4947.0,4947.0,4930.0,-11.5,-115.0,limit_touch,stop_loss,-1.0,2022-05-19 11:17:00,5,-5.5,2.0,-13.0,-29.0,28.0,0.3670886075949367,0.07142857142857142,28.75384615384615,1.8084537185660783,526838.0,1.0012046973536408,-2.0,13.0,29.0,-0.07142857142857142,-0.3670886075949367,0.2709738405797101
2022-05-19,2022-05-19 12:44:00,2022-05-19 13:21:00,2022-05-19 13:29:00,short,4926.0,4920.0,4938.5,4920.0,6.0,60.0,limit_touch,take_profit,-1.0,2022-05-19 12:44:00,6,-2.5,-17.0,-27.5,-44.0,25.0,-0.9119496855345912,-0.68,28.75384615384615,2.2605671482075977,778070.0,1.0598266444870748,17.0,27.5,44.0,0.68,0.9119496855345912,0.7802709420289856
2022-05-20,2022-05-20 10:10:00,2022-05-20 10:12:00,2022-05-20 10:29:00,short,4912.0,4923.5,4923.5,4906.5,-11.5,-115.0,limit_touch,stop_loss,-1.0,2022-05-20 10:10:00,1,-13.0,-24.5,-18.5,-12.5,46.5,-0.5936139332365747,-0.5268817204301075,28.392857142857142,1.1446540880503144,267862.0,0.9097979508017847,24.5,18.5,12.5,0.5268817204301075,0.5936139332365747,0.5252230434782609
2022-05-20,2022-05-20 10:53:00,2022-05-20 10:55:00,2022-05-20 10:58:00,short,4909.0,4903.5,4921.0,4903.5,5.5,55.0,limit_touch,take_profit,-1.0,2022-05-20 10:53:00,2,-9.0,-20.0,-14.5,-18.0,34.0,-0.725,-0.5882352941176471,28.392857142857142,1.3031446540880502,426718.0,0.9484776320310969,20.0,14.5,18.0,0.5882352941176471,0.725,0.5761590579710145
2022-05-20,2022-05-20 11:04:00,2022-05-20 11:12:00,2022-05-20 11:14:00,short,4902.0,4896.5,4914.0,4896.5,5.5,55.0,limit_touch,take_profit,-1.0,2022-05-20 11:04:00,3,-10.0,-13.0,-30.5,-26.0,46.0,-0.32664756446991405,-0.2826086956521739,28.392857142857142,1.620125786163522,479999.0,0.9869097119656883,13.0,30.5,26.0,0.2826086956521739,0.32664756446991405,0.47956137681159416
2022-05-20,2022-05-20 11:46:00,2022-05-20 12:13:00,2022-05-20 12:29:00,short,4887.5,4882.0,4899.5,4882.0,5.5,55.0,limit_touch,take_profit,-1.0,2022-05-20 11:46:00,4,-6.5,-10.0,-23.5,-46.5,25.0,-0.5039370078740157,-0.4,28.392857142857142,2.3069182389937106,618717.0,1.015992729017728,10.0,23.5,46.5,0.4,0.5039370078740157,0.6051573188405798
2022-05-20,2022-05-20 12:51:00,2022-05-20 13:02:00,2022-05-20 13:03:00,short,4884.5,4879.0,4896.0,4879.0,5.5,55.0,limit_touch,take_profit,-1.0,2022-05-20 12:51:00,5,-5.5,-5.0,-14.5,-45.0,26.0,-0.45,-0.19230769230769232,28.392857142857142,2.4477987421383647,747594.0,0.9980282687056486,5.0,14.5,45.0,0.19230769230769232,0.45,0.4536016666666666
2022-05-23,2022-05-23 10:25:00,2022-05-23 10:38:00,2022-05-23 10:43:00,short,4824.5,4819.5,4835.5,4819.5,5.0,50.0,limit_touch,take_profit,-1.0,2022-05-23 10:25:00,1,-4.5,-1.0,-14.0,-37.5,19.0,-0.24242424242424243,-0.05263157894736842,27.89,1.8465399784869128,291894.0,0.837453263466663,1.0,14.0,37.5,0.05263157894736842,0.24242424242424243,0.2765614492753623
2022-05-23,2022-05-23 10:51:00,2022-05-23 11:08:00,2022-05-23 11:11:00,short,4816.5,4811.5,4828.0,4811.5,5.0,50.0,limit_touch,take_profit,-1.0,2022-05-23 10:51:00,2,-14.0,-19.5,-16.5,-51.5,25.5,-0.8898071625344353,-0.7647058823529411,27.89,2.223019003226963,386921.0,0.870318878416521,19.5,16.5,51.5,0.7647058823529411,0.8898071625344353,0.7655730434782609
2022-05-23,2022-05-23 13:04:00,2022-05-23 14:11:00,2022-05-23 15:02:00,short,4813.5,4823.5,4823.5,4809.0,-10.0,-100.0,limit_touch,stop_loss,-1.0,2022-05-23 13:04:00,3,-4.5,-8.0,-8.5,-55.5,22.0,-0.4368932038834951,-0.36363636363636365,27.89,2.3664395840803154,663434.0,0.8642928116709245,8.0,8.5,55.5,0.36363636363636365,0.4368932038834951,0.5245826086956522
2022-05-24,2022-05-24 10:05:00,2022-05-24 10:36:00,2022-05-24 10:45:00,short,4804.5,4800.5,4813.5,4800.5,4.0,40.0,limit_touch,take_profit,-1.0,2022-05-24 10:05:00,1,-17.5,-19.5,-47.0,-51.5,30.5,-0.772256728778468,-0.639344262295082,27.384375,2.1179961200502113,276505.0,0.9979067194839899,19.5,47.0,51.5,0.639344262295082,0.772256728778468,0.7842934782608696
2022-05-24,2022-05-24 10:52:00,2022-05-24 11:11:00,2022-05-24 11:15:00,short,4801.0,4810.5,4810.5,4796.5,-9.5,-95.0,limit_touch,stop_loss,-1.0,2022-05-24 10:52:00,2,-11.0,-17.0,-10.5,-59.5,31.0,-0.7405405405405405,-0.5483870967741935,27.384375,2.300581992468333,463586.0,1.0302745251893357,17.0,10.5,59.5,0.5483870967741935,0.7405405405405405,0.7706924637681158
2022-05-24,2022-05-24 12:35:00,2022-05-24 12:45:00,2022-05-24 12:50:00,long,4844.5,4850.0,4833.0,4850.0,5.5,55.0,limit_touch,take_profit,1.0,2022-05-24 12:35:00,3,3.0,4.5,12.0,10.0,30.5,0.43552311435523117,0.14754098360655737,27.384375,2.903115371448134,861343.0,1.1849966252738782,4.5,12.0,10.0,0.14754098360655737,0.43552311435523117,0.3179183333333333
2022-05-25,2022-05-25 10:36:00,2022-05-25 10:39:00,2022-05-25 10:45:00,short,4843.5,4838.5,4854.0,4838.5,5.0,50.0,limit_touch,take_profit,-1.0,2022-05-25 10:36:00,1,-6.5,-10.5,-7.0,-9.5,24.5,-0.5697211155378487,-0.42857142857142855,27.176470588235293,1.3982683982683983,343390.0,0.8788582495239273,10.5,7.0,9.5,0.42857142857142855,0.5697211155378487,0.34820384057971016
2022-05-25,2022-05-25 11:02:00,2022-05-25 11:11:00,2022-05-25 11:18:00,short,4840.0,4835.5,4850.0,4835.5,4.5,45.0,limit_touch,take_profit,-1.0,2022-05-25 11:02:00,2,-5.0,-11.0,-15.5,-19.5,28.0,-0.44805194805194803,-0.39285714285714285,27.176470588235293,1.5822510822510822,427516.0,0.8821530607244217,11.0,15.5,19.5,0.39285714285714285,0.44805194805194803,0.4116666666666667
2022-05-25,2022-05-25 11:40:00,2022-05-25 11:41:00,2022-05-25 12:04:00,short,4835.0,4845.5,4845.5,4830.0,-10.5,-105.0,limit_touch,stop_loss,-1.0,2022-05-25 11:40:00,3,-11.5,-5.0,-5.0,-22.5,25.0,-0.2222222222222222,-0.2,27.176470588235293,1.8214285714285714,523477.0,0.8727436840910285,5.0,5.0,22.5,0.2,0.2222222222222222,0.2860903623188406
2022-05-26,2022-05-26 10:10:00,2022-05-26 10:15:00,2022-05-26 10:20:00,short,4822.5,4833.0,4833.0,4817.5,-10.5,-105.0,limit_touch,stop_loss,-1.0,2022-05-26 10:10:00,1,-3.5,-18.0,-14.5,-2.5,39.0,-0.5952380952380952,-0.46153846153846156,26.658333333333335,1.2753985620506407,291538.0,0.977866263108562,18.0,14.5,2.5,0.46153846153846156,0.5952380952380952,0.4562593478260869
2022-05-26,2022-05-26 11:07:00,2022-05-26 11:09:00,2022-05-26 11:12:00,short,4813.5,4808.5,4824.0,4808.5,5.0,50.0,limit_touch,take_profit,-1.0,2022-05-26 11:07:00,2,-5.0,-10.5,-21.0,-12.5,31.5,-0.5647921760391198,-0.3333333333333333,26.658333333333335,1.7255392310096904,507292.0,1.0076260065494405,10.5,21.0,12.5,0.3333333333333333,0.5647921760391198,0.3936549275362319
2022-05-27,2022-05-27 10:26:00,2022-05-27 10:31:00,2022-05-27 10:42:00,long,4775.0,4779.5,4765.5,4779.5,4.5,45.0,limit_touch,take_profit,1.0,2022-05-27 10:26:00,1,3.5,13.0,13.5,14.0,21.0,0.8166666666666667,0.6190476190476191,26.731578947368423,1.3654262650127977,345490.0,0.9770819341088341,13.0,13.5,14.0,0.6190476190476191,0.8166666666666667,0.5066265942028986
2022-05-27,2022-05-27 12:23:00,2022-05-27 13:13:00,2022-05-27 14:03:00,short,4734.0,4744.5,4744.5,4729.0,-10.5,-105.0,limit_touch,stop_loss,-1.0,2022-05-27 12:23:00,2,-4.0,-7.5,-19.5,-45.5,30.5,-0.4763092269326683,-0.2459016393442623,26.731578947368423,2.506398897420752,697231.0,0.9817179586721968,7.5,19.5,45.5,0.2459016393442623,0.4763092269326683,0.5103324637681159
2022-05-30,2022-05-30 12:03:00,2022-05-30 12:19:00,2022-05-30 12:37:00,long,4732.5,4737.0,4723.5,4737.0,4.5,45.0,limit_touch,take_profit,1.0,2022-05-30 12:03:00,1,-0.5,1.0,16.0,25.0,21.0,0.0,0.047619047619047616,26.4,2.026515151515152,480925.0,0.7218141101844717,1.0,16.0,25.0,0.047619047619047616,0.0,0.20765456521739128
2022-05-31,2022-05-31 10:03:00,2022-05-31 10:03:00,2022-05-31 10:03:00,short,4798.5,4794.0,4808.5,4794.0,4.5,45.0,limit_touch,take_profit,-1.0,2022-05-31 10:03:00,1,-3.0,-2.0,-7.0,-10.0,30.0,0.32592592592592595,-0.06666666666666667,26.07857142857143,1.1695425910709394,256324.0,0.960091333106016,2.0,7.0,10.0,0.06666666666666667,-0.32592592592592595,0.1412378260869565
2022-05-31,2022-05-31 10:53:00,2022-05-31 11:11:00,2022-05-31 11:22:00,short,4760.5,4755.0,4772.0,4755.0,5.5,55.0,limit_touch,take_profit,-1.0,2022-05-31 10:53:00,2,-6.0,-13.5,-13.5,-59.0,29.5,-0.8354203935599285,-0.4576271186440678,26.07857142857143,3.125171185976445,450153.0,0.9935744571289771,13.5,13.5,59.0,0.4576271186440678,0.8354203935599285,0.712399420289855
2022-06-01,2022-06-01 10:08:00,2022-06-01 10:11:00,2022-06-01 10:13:00,short,4769.0,4778.5,4778.5,4764.5,-9.5,-95.0,limit_touch,stop_loss,-1.0,2022-06-01 10:08:00,1,-7.0,-19.0,-5.0,-9.5,34.0,-0.7396694214876033,-0.5588235294117647,26.004545454545454,1.0767348365670337,257563.0,0.8932977265439968,19.0,5.0,9.5,0.5588235294117647,0.7396694214876033,0.4855408695652174
2022-06-01,2022-06-01 10:26:00,2022-06-01 10:26:00,2022-06-01 10:26:00,long,4784.0,4788.5,4774.0,4788.5,4.5,45.0,limit_touch,take_profit,1.0,2022-06-01 10:26:00,2,4.5,19.0,-3.5,10.0,25.0,0.7391304347826086,0.76,26.004545454545454,1.1344170599545533,321552.0,0.9152130778121244,19.0,-3.5,10.0,0.76,0.7391304347826086,0.5355247101449274
2022-06-01,2022-06-01 10:36:00,2022-06-01 10:43:00,2022-06-01 10:57:00,long,4793.5,4798.0,4783.5,4798.0,4.5,45.0,limit_touch,take_profit,1.0,2022-06-01 10:36:00,3,6.0,18.0,30.0,23.5,33.0,0.56640625,0.5454545454545454,26.004545454545454,1.6151022548505507,371727.0,0.957121767711807,18.0,30.0,23.5,0.5454545454545454,0.56640625,0.6030565217391304
2022-06-01,2022-06-01 11:00:00,2022-06-01 11:00:00,2022-06-01 11:00:00,long,4795.5,4800.0,4785.5,4800.0,4.5,45.0,limit_touch,take_profit,1.0,2022-06-01 11:00:00,4,7.5,4.0,2.5,21.5,24.0,0.23076923076923078,0.16666666666666666,26.004545454545454,1.71123929382975,463802.0,0.9779802861279359,4.0,2.5,21.5,0.16666666666666666,0.23076923076923078,0.2843942028985507
2022-06-02,2022-06-02 10:37:00,2022-06-02 10:39:00,2022-06-02 10:42:00,long,4840.5,4830.5,4830.5,4845.0,-10.0,-100.0,limit_touch,stop_loss,1.0,2022-06-02 10:37:00,1,6.0,17.5,7.5,17.5,49.5,0.5163528245787908,0.35353535353535354,26.004545454545454,1.384373361300472,364521.0,0.9300538979196442,17.5,7.5,17.5,0.35353535353535354,0.5163528245787908,0.4680327536231884
2022-06-02,2022-06-02 14:08:00,2022-06-02 14:14:00,2022-06-02 14:26:00,short,4821.0,4831.0,4831.0,4816.5,-10.0,-100.0,limit_touch,stop_loss,-1.0,2022-06-02 14:08:00,2,-6.0,-5.0,-6.0,-16.0,14.0,-0.5,-0.35714285714285715,26.004545454545454,1.4612829924838315,826227.0,0.9490813039275542,5.0,6.0,16.0,0.35714285714285715,0.5,0.2960021014492754
2022-06-03,2022-06-03 10:08:00,2022-06-03 10:14:00,2022-06-03 10:22:00,short,4838.0,4848.0,4848.0,4833.5,-10.0,-100.0,limit_touch,stop_loss,-1.0,2022-06-03 10:08:00,1,-9.5,-26.0,-25.0,-28.0,34.0,-0.8360655737704918,-0.7647058823529411,26.004545454545454,1.6343296626463906,264875.0,0.9234691200468019,26.0,25.0,28.0,0.7647058823529411,0.8360655737704918,0.6950507246376812
2022-06-03,2022-06-03 10:33:00,2022-06-03 10:37:00,2022-06-03 10:38:00,short,4837.0,4832.5,4847.0,4832.5,4.5,45.0,limit_touch,take_profit,-1.0,2022-06-03 10:33:00,2,-7.5,-8.5,-11.0,-29.5,43.5,-0.3273001508295626,-0.19540229885057472,26.004545454545454,1.6920118860339102,359087.0,0.9564789857563998,8.5,11.0,29.5,0.19540229885057472,0.3273001508295626,0.4020934782608696
2022-06-03,2022-06-03 10:55:00,2022-06-03 11:05:00,2022-06-03 11:07:00,short,4829.0,4824.5,4839.0,4824.5,4.5,45.0,limit_touch,take_profit,-1.0,2022-06-03 10:55:00,3,-2.0,-12.5,-21.0,-39.5,27.5,-0.563076923076923,-0.45454545454545453,26.004545454545454,2.1150148575423877,439164.0,0.9589995539442162,12.5,21.0,39.5,0.45454545454545453,0.563076923076923,0.6127486956521739
2022-06-03,2022-06-03 14:11:00,2022-06-03 14:31:00,2022-06-03 15:17:00,short,4827.5,4836.0,4836.0,4823.5,-8.5,-85.0,limit_touch,stop_loss,-1.0,2022-06-03 14:11:00,4,-2.0,-7.0,-6.5,-45.5,21.0,-0.43478260869565216,-0.3333333333333333,26.004545454545454,2.1726970809299075,753124.0,0.8624032725773755,7.0,6.5,45.5,0.3333333333333333,0.43478260869565216,0.47369347826086955
2022-06-06,2022-06-06 10:47:00,2022-06-06 10:55:00,2022-06-06 11:03:00,long,4814.5,4818.5,4806.0,4818.5,4.0,40.0,limit_touch,take_profit,1.0,2022-06-06 10:47:00,1,7.0,16.0,33.5,29.0,28.0,0.7241379310344828,0.5714285714285714,26.004545454545454,1.5189652158713511,300269.0,0.6965933732353167,16.0,33.5,29.0,0.5714285714285714,0.7241379310344828,0.5540919565217391
2022-06-06,2022-06-06 11:43:00,2022-06-06 12:07:00,2022-06-06 12:09:00,long,4825.0,4829.0,4816.0,4829.0,4.0,40.0,limit_touch,take_profit,1.0,2022-06-06 11:43:00,2,2.0,8.0,15.0,40.5,15.0,0.6938775510204082,0.5333333333333333,26.004545454545454,2.0381052263590282,459315.0,0.7563123383973063,8.0,15.0,40.5,0.5333333333333333,0.6938775510204082,0.5187477536231885
2022-06-06,2022-06-06 12:27:00,2022-06-06 13:10:00,2022-06-06 13:15:00,long,4828.0,4832.0,4819.0,4832.0,4.0,40.0,limit_touch,take_profit,1.0,2022-06-06 12:27:00,3,6.5,6.0,9.0,43.0,24.0,0.2982456140350877,0.25,26.004545454545454,2.191924488725747,549654.0,0.7697020911196574,6.0,9.0,43.0,0.25,0.2982456140350877,0.40398427536231885
2022-06-06,2022-06-06 14:05:00,2022-06-06 14:34:00,2022-06-06 14:41:00,long,4828.5,4820.5,4820.5,4832.0,-8.0,-80.0,limit_touch,stop_loss,1.0,2022-06-06 14:05:00,4,5.0,6.0,8.5,46.5,18.0,0.3559322033898305,0.3333333333333333,26.004545454545454,2.230379304317427,667447.0,0.7723153358771042,6.0,8.5,46.5,0.3333333333333333,0.3559322033898305,0.44188826086956523
2022-06-07,2022-06-07 11:17:00,2022-06-07 11:53:00,2022-06-07 11:57:00,long,4935.0,4940.0,4924.5,4940.0,5.0,50.0,limit_touch,take_profit,1.0,2022-06-07 11:17:00,1,2.0,17.5,19.0,127.0,40.5,0.5483870967741935,0.43209876543209874,26.004545454545454,5.26830973606013,623058.0,1.1667737150040653,17.5,19.0,127.0,0.43209876543209874,0.5483870967741935,0.8149050724637681
2022-06-08,2022-06-08 10:17:00,2022-06-08 10:18:00,2022-06-08 10:22:00,short,4904.5,4899.5,4915.0,4899.5,5.0,50.0,limit_touch,take_profit,-1.0,2022-06-08 10:17:00,1,-15.0,-33.0,-22.0,-13.5,46.0,-0.8883826879271071,-0.717391304347826,23.429999999999996,2.0486555697823308,386196.0,1.195798375530405,33.0,22.0,13.5,0.717391304347826,0.8883826879271071,0.7124539130434783
2022-06-08,2022-06-08 10:30:00,2022-06-08 10:34:00,2022-06-08 10:35:00,short,4895.0,4890.0,4905.5,4890.0,5.0,50.0,limit_touch,take_profit,-1.0,2022-06-08 10:30:00,2,-6.5,-21.0,-41.5,-25.0,48.0,-0.5995475113122172,-0.4375,23.429999999999996,2.582159624413146,455426.0,1.2487141249956186,21.0,41.5,25.0,0.4375,0.5995475113122172,0.7017550724637681
2022-06-09,2022-06-09 10:15:00,2022-06-09 10:17:00,2022-06-09 10:21:00,long,4928.5,4933.0,4919.0,4933.0,4.5,45.0,limit_touch,take_profit,1.0,2022-06-09 10:15:00,1,8.5,18.0,23.0,7.0,25.0,0.6370370370370371,0.72,22.55,1.8181818181818181,313567.0,0.9848614487142608,18.0,23.0,7.0,0.72,0.6370370370370371,0.5659713043478262
2022-06-09,2022-06-09 10:33:00,2022-06-09 10:38:00,2022-06-09 10:42:00,long,4936.0,4940.5,4926.0,4940.5,4.5,45.0,limit_touch,take_profit,1.0,2022-06-09 10:33:00,2,7.0,15.0,27.5,15.5,40.0,0.11813186813186813,0.375,22.55,2.2838137472283813,393973.0,1.0308742259900068,15.0,27.5,15.5,0.375,0.11813186813186813,0.5201888405797102
2022-06-13,2022-06-13 10:25:00,2022-06-13 10:31:00,2022-06-13 10:31:00,long,5102.5,5108.0,5090.5,5108.0,5.5,55.0,limit_touch,take_profit,1.0,2022-06-13 10:25:00,1,8.5,16.5,25.0,49.5,36.5,0.6020236087689713,0.4520547945205479,23.7375,2.4855186940494995,381488.0,1.0702619371976352,16.5,25.0,49.5,0.4520547945205479,0.6020236087689713,0.7345078260869564
2022-06-13,2022-06-13 12:01:00,2022-06-13 12:20:00,2022-06-13 12:42:00,long,5138.5,5126.5,5126.5,5144.0,-12.0,-120.0,limit_touch,stop_loss,1.0,2022-06-13 12:01:00,2,0.5,5.0,15.0,96.0,33.0,0.027237354085603113,0.15151515151515152,23.7375,4.528699315429173,699629.0,1.038182207819011,5.0,15.0,96.0,0.15151515151515152,0.027237354085603113,0.5269110869565218
2022-06-14,2022-06-14 10:32:00,2022-06-14 10:34:00,2022-06-14 10:36:00,long,5142.0,5148.0,5129.0,5148.0,6.0,60.0,limit_touch,take_profit,1.0,2022-06-14 10:32:00,1,10.5,29.5,22.0,8.0,35.5,0.8949494949494949,0.8309859154929577,24.68333333333333,1.7015530047265364,389914.0,1.0157797105874236,29.5,22.0,8.0,0.8309859154929577,0.8949494949494949,0.6281424637681158
2022-06-14,2022-06-14 10:51:00,2022-06-14 10:54:00,2022-06-14 11:11:00,long,5143.5,5149.5,5130.0,5149.5,6.0,60.0,limit_touch,take_profit,1.0,2022-06-14 10:51:00,2,6.0,7.0,25.0,13.0,49.0,-0.02909090909090909,0.14285714285714285,24.68333333333333,1.7825793382849429,473442.0,1.0311189606586642,7.0,25.0,13.0,0.14285714285714285,-0.02909090909090909,0.30261702898550724
2022-06-14,2022-06-14 12:21:00,2022-06-14 12:26:00,2022-06-14 12:41:00,long,5146.0,5152.0,5133.5,5152.0,6.0,60.0,limit_touch,take_profit,1.0,2022-06-14 12:21:00,3,9.0,9.5,17.5,16.0,24.5,0.6652360515021459,0.3877551020408163,24.68333333333333,1.9243754220121543,689483.0,0.9538254554600025,9.5,17.5,16.0,0.3877551020408163,0.6652360515021459,0.4099997826086957
2022-06-14,2022-06-14 13:42:00,2022-06-14 14:06:00,2022-06-14 14:17:00,long,5161.0,5148.5,5148.5,5166.5,-12.5,-125.0,limit_touch,stop_loss,1.0,2022-06-14 13:42:00,4,8.5,14.0,21.0,35.0,28.0,0.5272727272727272,0.5,24.68333333333333,2.7143821742066176,842614.0,0.9872166973772215,14.0,21.0,35.0,0.5,0.5272727272727272,0.6643910869565217
2022-06-15,2022-06-15 10:13:00,2022-06-15 10:19:00,2022-06-15 10:23:00,long,5138.0,5143.5,5126.5,5143.5,5.5,55.0,limit_touch,take_profit,1.0,2022-06-15 10:13:00,1,2.5,9.0,26.0,26.0,36.0,0.28174603174603174,0.25,24.224999999999998,1.9401444788441695,320096.0,1.006655720122941,9.0,26.0,26.0,0.25,0.28174603174603174,0.43695398550724635
2022-06-15,2022-06-15 10:31:00,2022-06-15 10:39:00,2022-06-15 10:56:00,long,5143.0,5131.5,5131.5,5148.5,-11.5,-115.0,limit_touch,stop_loss,1.0,2022-06-15 10:31:00,2,4.5,14.0,18.5,35.0,32.0,0.33962264150943394,0.4375,24.224999999999998,2.2291021671826625,396966.0,1.0409338824504055,14.0,18.5,35.0,0.4375,0.33962264150943394,0.6364760144927537
2022-06-20,2022-06-20 10:15:00,2022-06-20 10:18:00,2022-06-20 10:23:00,long,5189.0,5194.0,5178.5,5194.0,5.0,50.0,limit_touch,take_profit,1.0,2022-06-20 10:15:00,1,10.5,16.5,35.5,30.5,30.5,0.5506849315068493,0.5409836065573771,24.4,1.8442622950819674,260697.0,0.7976992217064809,16.5,35.5,30.5,0.5409836065573771,0.5506849315068493,0.5924001449275363
2022-06-20,2022-06-20 10:43:00,2022-06-20 11:03:00,2022-06-20 11:05:00,long,5194.5,5199.5,5183.5,5199.5,5.0,50.0,limit_touch,take_profit,1.0,2022-06-20 10:43:00,2,4.5,10.0,11.5,39.5,35.0,0.2581967213114754,0.2857142857142857,24.4,2.1516393442622954,349778.0,0.8065274882417244,10.0,11.5,39.5,0.2857142857142857,0.2581967213114754,0.4757448550724638
2022-06-21,2022-06-21 10:00:00,2022-06-21 10:02:00,2022-06-21 10:08:00,long,5194.5,5185.5,5185.5,5198.5,-9.0,-90.0,limit_touch,stop_loss,1.0,2022-06-21 10:00:00,1,5.0,13.0,16.5,3.5,33.0,0.589041095890411,0.3939393939393939,23.86153846153846,1.2572533849129595,226120.0,0.8649851251784042,13.0,16.5,3.5,0.3939393939393939,0.589041095890411,0.338696884057971
2022-06-21,2022-06-21 10:36:00,2022-06-21 10:43:00,2022-06-21 10:53:00,short,5173.0,5168.5,5182.5,5168.5,4.5,45.0,limit_touch,take_profit,-1.0,2022-06-21 10:36:00,2,-6.5,-18.5,-23.5,-28.5,35.5,-0.7858439201451906,-0.5211267605633803,23.86153846153846,1.6134751773049647,383529.0,0.944304952392122,18.5,23.5,28.5,0.5211267605633803,0.7858439201451906,0.6206710869565217
2022-06-21,2022-06-21 11:40:00,2022-06-21 12:29:00,2022-06-21 13:38:00,short,5151.0,5146.5,5161.0,5146.5,4.5,45.0,limit_touch,take_profit,-1.0,2022-06-21 11:40:00,3,-5.0,-8.0,-24.5,-57.0,20.0,-0.4166666666666667,-0.4,23.86153846153846,2.8497743391360415,595040.0,0.9598184371415625,8.0,24.5,57.0,0.4,0.4166666666666667,0.5882465942028985
2022-06-22,2022-06-22 10:30:00,2022-06-22 10:33:00,2022-06-22 10:34:00,long,5187.0,5191.5,5177.5,5191.5,4.5,45.0,limit_touch,take_profit,1.0,2022-06-22 10:30:00,1,5.5,13.0,22.5,6.5,36.0,0.5551601423487544,0.3611111111111111,23.61428571428571,1.6303690260133095,305969.0,0.8044743472010835,13.0,22.5,6.5,0.3611111111111111,0.5551601423487544,0.33688239130434783
2022-06-22,2022-06-22 11:51:00,2022-06-22 12:00:00,2022-06-22 12:10:00,short,5155.5,5150.5,5166.0,5150.5,5.0,50.0,limit_touch,take_profit,-1.0,2022-06-22 11:51:00,2,-4.5,-14.0,-24.5,-37.5,33.0,-0.589622641509434,-0.42424242424242425,23.61428571428571,2.329098608590442,611932.0,0.939343397636726,14.0,24.5,37.5,0.42424242424242425,0.589622641509434,0.612518768115942
2022-06-23,2022-06-23 10:03:00,2022-06-23 10:07:00,2022-06-23 10:11:00,short,5191.5,5187.0,5201.5,5187.0,4.5,45.0,limit_touch,take_profit,-1.0,2022-06-23 10:03:00,1,-8.0,-34.5,-32.5,-26.0,44.5,-0.8984485190409027,-0.7752808988764045,23.41,1.9649722340879965,262549.0,0.9445085757664186,34.5,32.5,26.0,0.7752808988764045,0.8984485190409027,0.7289659420289856
2022-06-23,2022-06-23 11:00:00,2022-06-23 11:07:00,2022-06-23 11:17:00,short,5190.5,5200.5,5200.5,5186.0,-10.0,-100.0,limit_touch,stop_loss,-1.0,2022-06-23 11:00:00,2,-5.5,-16.0,-8.5,-26.0,44.0,-0.47875354107648727,-0.36363636363636365,23.41,2.029047415634344,456093.0,0.9189654532057531,16.0,8.5,26.0,0.36363636363636365,0.47875354107648727,0.5374957246376811
2022-06-24,2022-06-24 10:05:00,2022-06-24 10:07:00,2022-06-24 10:16:00,long,5237.0,5241.5,5227.5,5241.5,4.5,45.0,limit_touch,take_profit,1.0,2022-06-24 10:05:00,1,7.5,17.0,10.5,-2.0,27.0,0.6984126984126984,0.6296296296296297,23.474999999999998,1.2566560170394037,214241.0,0.7462521676618952,17.0,10.5,-2.0,0.6296296296296297,0.6984126984126984,0.4293321739130435
2022-06-24,2022-06-24 10:41:00,2022-06-24 11:00:00,2022-06-24 11:01:00,long,5268.5,5257.5,5257.5,5273.5,-11.0,-110.0,limit_touch,stop_loss,1.0,2022-06-24 10:41:00,2,12.0,36.0,49.0,44.5,56.0,0.8935912938331319,0.6428571428571429,23.474999999999998,3.0244941427050054,375112.0,0.8780615007278711,36.0,49.0,44.5,0.6428571428571429,0.8935912938331319,0.802707463768116
2022-06-27,2022-06-27 11:03:00,2022-06-27 11:11:00,2022-06-27 11:14:00,short,5239.0,5233.5,5250.5,5233.5,5.5,55.0,limit_touch,take_profit,-1.0,2022-06-27 11:03:00,1,-21.5,-24.5,-23.5,-22.0,40.5,-0.851261620185923,-0.6049382716049383,23.347058823529412,2.569916855631141,499862.0,0.9867304700423568,24.5,23.5,22.0,0.6049382716049383,0.851261620185923,0.7015049999999998
2022-06-27,2022-06-27 12:16:00,2022-06-27 14:06:00,2022-06-27 14:27:00,short,5229.0,5223.5,5240.5,5223.5,5.5,55.0,limit_touch,take_profit,-1.0,2022-06-27 12:16:00,2,0.5,-6.5,-18.5,-36.0,36.5,-0.14834205933682373,-0.1780821917808219,23.347058823529412,3.148148148148148,729194.0,1.0189161504662199,6.5,18.5,36.0,0.1780821917808219,0.14834205933682373,0.4720540579710145
2022-06-28,2022-06-28 10:19:00,2022-06-28 10:24:00,2022-06-28 10:38:00,short,5208.0,5203.5,5218.0,5203.5,4.5,45.0,limit_touch,take_profit,-1.0,2022-06-28 10:19:00,1,-11.5,-6.5,-17.0,-39.0,31.5,-0.3759213759213759,-0.20634920634920634,23.275,2.5134264232008596,339639.0,0.9938289315268752,6.5,17.0,39.0,0.20634920634920634,0.3759213759213759,0.4674439855072463
2022-06-28,2022-06-28 12:44:00,2022-06-28 13:13:00,2022-06-28 13:15:00,long,5252.0,5257.0,5240.5,5257.0,5.0,50.0,limit_touch,take_profit,1.0,2022-06-28 12:44:00,2,10.0,10.5,32.0,26.5,21.5,0.5159817351598174,0.4883720930232558,23.275,3.351235230934479,782423.0,1.0185029540143293,10.5,32.0,26.5,0.4883720930232558,0.5159817351598174,0.5967710144927537
2022-06-29,2022-06-29 10:00:00,2022-06-29 10:17:00,2022-06-29 10:19:00,short,5228.0,5223.5,5238.0,5223.5,4.5,45.0,limit_touch,take_profit,-1.0,2022-06-29 10:00:00,1,-8.5,-15.0,-15.0,-32.0,40.0,-0.5835866261398176,-0.375,23.49473684210526,1.8301971326164876,260055.0,0.9973593464638177,15.0,15.0,32.0,0.375,0.5835866261398176,0.5757304347826088
2022-06-29,2022-06-29 10:33:00,2022-06-29 10:39:00,2022-06-29 10:47:00,short,5225.0,5235.0,5235.0,5220.5,-10.0,-100.0,limit_touch,stop_loss,-1.0,2022-06-29 10:33:00,2,-12.0,-16.0,-8.0,-40.0,35.0,-0.587248322147651,-0.45714285714285713,23.49473684210526,2.0004480286738353,380198.0,0.967018280183787,16.0,8.0,40.0,0.45714285714285713,0.587248322147651,0.6540232608695652
2022-06-30,2022-06-30 10:15:00,2022-06-30 10:23:00,2022-06-30 11:05:00,long,5299.0,5287.0,5287.0,5304.5,-12.0,-120.0,limit_touch,stop_loss,1.0,2022-06-30 10:15:00,1,11.0,22.0,27.0,49.5,39.0,0.7706766917293233,0.5641025641025641,23.5275,2.528955477632558,307253.0,0.9408760488675072,22.0,27.0,49.5,0.5641025641025641,0.7706766917293233,0.7724821739130435
2022-07-01,2022-07-01 10:19:00,2022-07-01 10:26:00,2022-07-01 10:29:00,long,5355.5,5361.0,5343.5,5361.0,5.5,55.0,limit_touch,take_profit,1.0,2022-07-01 10:19:00,1,14.0,18.0,25.5,39.0,36.0,0.5986159169550173,0.5,23.59285714285714,1.9921283681501667,295507.0,0.8610632767445722,18.0,25.5,39.0,0.5,0.5986159169550173,0.6523007246376811
2022-07-01,2022-07-01 10:40:00,2022-07-01 10:49:00,2022-07-01 10:51:00,long,5358.5,5364.0,5346.5,5364.0,5.5,55.0,limit_touch,take_profit,1.0,2022-07-01 10:40:00,2,2.5,4.5,9.0,39.0,43.5,0.2097560975609756,0.10344827586206896,23.59285714285714,2.161671207992734,379352.0,0.8946446595958103,4.5,9.0,39.0,0.10344827586206896,0.2097560975609756,0.3613336231884058
2022-07-01,2022-07-01 11:04:00,2022-07-01 11:10:00,2022-07-01 11:11:00,long,5360.5,5366.0,5348.5,5366.0,5.5,55.0,limit_touch,take_profit,1.0,2022-07-01 11:04:00,3,5.5,8.0,12.0,44.0,48.0,0.2796208530805687,0.16666666666666666,23.59285714285714,2.2888283378746594,462471.0,0.9000425625192549,8.0,12.0,44.0,0.16666666666666666,0.2796208530805687,0.45604369565217395
2022-07-01,2022-07-01 11:17:00,2022-07-01 11:49:00,2022-07-01 12:01:00,long,5365.0,5370.5,5353.5,5370.5,5.5,55.0,limit_touch,take_profit,1.0,2022-07-01 11:17:00,4,10.5,19.0,16.5,54.5,49.0,0.5637065637065637,0.3877551020408163,23.59285714285714,2.5431425976385107,516689.0,0.9260495376852714,19.0,16.5,54.5,0.3877551020408163,0.5637065637065637,0.6948007971014493
2022-07-04,2022-07-04 11:51:00,2022-07-04 13:00:00,2022-07-04 14:14:00,short,5340.5,5350.5,5350.5,5336.0,-10.0,-100.0,limit_touch,stop_loss,-1.0,2022-07-04 11:51:00,1,-2.5,-11.0,-36.5,-9.5,18.0,-0.75,-0.6111111111111112,23.59285714285714,1.9709355131698456,450905.0,0.6860874724692512,11.0,36.5,9.5,0.6111111111111112,0.75,0.41266036231884057
2022-07-05,2022-07-05 10:08:00,2022-07-05 10:15:00,2022-07-05 10:17:00,long,5416.5,5420.5,5408.0,5420.5,4.0,40.0,limit_touch,take_profit,1.0,2022-07-05 10:08:00,1,8.0,8.5,21.5,29.0,32.5,0.05822784810126582,0.26153846153846155,23.59285714285714,1.5894641235240692,306863.0,1.0316601639884104,8.5,21.5,29.0,0.26153846153846155,0.05822784810126582,0.4344852173913044
2022-07-05,2022-07-05 10:45:00,2022-07-05 11:01:00,2022-07-05 11:02:00,long,5430.0,5434.0,5421.5,5434.0,4.0,40.0,limit_touch,take_profit,1.0,2022-07-05 10:45:00,2,6.5,12.5,23.0,46.5,28.5,0.4755784061696658,0.43859649122807015,23.59285714285714,2.331214047835301,445497.0,1.0124536424354034,12.5,23.0,46.5,0.43859649122807015,0.4755784061696658,0.654758115942029
2022-07-06,2022-07-06 10:43:00,2022-07-06 10:45:00,2022-07-06 10:49:00,short,5438.0,5447.0,5447.0,5434.0,-9.0,-90.0,limit_touch,stop_loss,-1.0,2022-07-06 10:43:00,1,-1.0,-12.0,-11.5,-7.5,44.0,-0.5163727959697733,-0.2727272727272727,23.59285714285714,1.1656070239176506,410352.0,0.9503594854936849,12.0,11.5,7.5,0.2727272727272727,0.5163727959697733,0.32283333333333336
2022-07-06,2022-07-06 11:21:00,2022-07-06 11:25:00,2022-07-06 11:26:00,long,5459.0,5463.5,5449.5,5463.5,4.5,45.0,limit_touch,take_profit,1.0,2022-07-06 11:21:00,2,3.0,6.5,14.5,22.0,43.5,0.04183535762483131,0.14942528735632185,23.59285714285714,1.5894641235240692,575401.0,1.0156684920758785,6.5,14.5,22.0,0.14942528735632185,0.04183535762483131,0.33198094202898554
2022-07-06,2022-07-06 12:45:00,2022-07-06 13:58:00,2022-07-06 14:16:00,long,5483.0,5473.5,5473.5,5487.5,-9.5,-95.0,limit_touch,stop_loss,1.0,2022-07-06 12:45:00,3,7.0,12.5,29.0,55.5,19.5,0.8938775510204081,0.6410256410256411,23.59285714285714,2.924613987284287,803685.0,1.0393891703938796,12.5,29.0,55.5,0.6410256410256411,0.8938775510204081,0.7612905072463768
2022-07-07,2022-07-07 10:08:00,2022-07-07 10:08:00,2022-07-07 10:08:00,short,5432.5,5428.0,5442.5,5428.0,4.5,45.0,limit_touch,take_profit,-1.0,2022-07-07 10:08:00,1,-6.5,-2.5,-8.5,-11.0,34.5,-0.042821158690176324,-0.07246376811594203,23.59285714285714,1.059642749016046,270399.0,0.9122322908259477,2.5,8.5,11.0,0.07246376811594203,0.042821158690176324,0.13299369565217392
2022-07-07,2022-07-07 10:18:00,2022-07-07 10:24:00,2022-07-07 10:30:00,short,5419.0,5414.0,5429.5,5414.0,5.0,50.0,limit_touch,take_profit,-1.0,2022-07-07 10:18:00,2,-13.0,-28.5,-32.5,-33.0,32.5,-0.9410681399631676,-0.8769230769230769,23.59285714285714,1.8013926733272783,329788.0,0.9843495266413834,28.5,32.5,33.0,0.8769230769230769,0.9410681399631676,0.7626615942028985
2022-07-07,2022-07-07 12:06:00,2022-07-07 12:38:00,2022-07-07 12:50:00,short,5387.5,5382.5,5398.5,5382.5,5.0,50.0,limit_touch,take_profit,-1.0,2022-07-07 12:06:00,3,-3.0,-7.0,-10.0,-73.0,31.0,-0.3516483516483517,-0.22580645161290322,23.59285714285714,3.6027853466545565,683473.0,0.9825587847819425,7.0,10.0,73.0,0.22580645161290322,0.3516483516483517,0.5495888405797101
2022-07-08,2022-07-08 10:39:00,2022-07-08 10:47:00,2022-07-08 10:50:00,short,5352.0,5362.5,5362.5,5347.0,-10.5,-105.0,limit_touch,stop_loss,-1.0,2022-07-08 10:39:00,1,-7.5,2.5,-13.5,-50.0,31.5,0.3362255965292842,0.07936507936507936,18.93,3.5921817221341787,493409.0,1.189778604100554,-2.5,13.5,50.0,-0.07936507936507936,-0.3362255965292842,0.4408638405797101
2022-07-08,2022-07-08 11:45:00,2022-07-08 13:05:00,2022-07-08 13:17:00,short,5336.5,5331.5,5348.0,5331.5,5.0,50.0,limit_touch,take_profit_gap_open,-1.0,2022-07-08 11:45:00,2,-9.5,-14.0,-29.5,-73.5,37.0,-0.5936395759717314,-0.3783783783783784,18.93,4.701531959852087,739163.0,1.1645749510108023,14.0,29.5,73.5,0.3783783783783784,0.5936395759717314,0.7459092753623189
2022-07-11,2022-07-11 10:49:00,2022-07-11 10:57:00,2022-07-11 11:19:00,long,5377.0,5382.0,5366.5,5382.0,5.0,50.0,limit_touch,take_profit_gap_open,1.0,2022-07-11 10:49:00,1,6.5,11.5,10.5,48.5,33.5,0.42857142857142855,0.34328358208955223,21.75,2.9195402298850577,417138.0,0.9202567203671955,11.5,10.5,48.5,0.34328358208955223,0.42857142857142855,0.5951360869565218
2022-07-12,2022-07-12 10:33:00,2022-07-12 10:38:00,2022-07-12 10:39:00,long,5444.0,5448.0,5435.0,5448.0,4.0,40.0,limit_touch,take_profit,1.0,2022-07-12 10:33:00,1,3.0,14.0,26.0,42.0,28.0,0.7006802721088435,0.5,22.41428571428571,2.6099426386233273,432907.0,1.1152736519722342,14.0,26.0,42.0,0.5,0.7006802721088435,0.7206515942028986
2022-07-13,2022-07-13 10:43:00,2022-07-13 10:56:00,2022-07-13 10:58:00,short,5439.5,5434.0,5451.0,5434.0,5.5,55.0,limit_touch,take_profit,-1.0,2022-07-13 10:43:00,1,-16.5,-29.0,-23.5,-23.0,49.0,-0.7835497835497836,-0.5918367346938775,22.3125,3.1596638655462184,571643.0,1.3290921525639308,29.0,23.5,23.0,0.5918367346938775,0.7835497835497836,0.7892878260869566
2022-07-13,2022-07-13 14:14:00,2022-07-13 15:00:00,2022-07-13 15:08:00,short,5415.5,5427.0,5427.0,5410.0,-11.5,-115.0,limit_touch,stop_loss,-1.0,2022-07-13 14:14:00,2,-8.0,-9.0,-11.0,-53.0,23.0,-0.3958333333333333,-0.391304347826087,22.3125,4.616246498599439,1065253.0,1.1771182991258482,9.0,11.0,53.0,0.391304347826087,0.3958333333333333,0.6656570289855073
2022-07-14,2022-07-14 10:45:00,2022-07-14 10:50:00,2022-07-14 11:01:00,long,5502.0,5508.0,5489.0,5508.0,6.0,60.0,limit_touch,take_profit,1.0,2022-07-14 10:45:00,1,2.0,22.5,29.5,11.0,39.5,0.7046413502109705,0.569620253164557,23.266666666666666,2.213467048710602,463611.0,1.0514754099847876,22.5,29.5,11.0,0.569620253164557,0.7046413502109705,0.6212401449275362
2022-07-14,2022-07-14 11:53:00,2022-07-14 11:59:00,2022-07-14 12:00:00,short,5474.0,5467.5,5488.0,5467.5,6.5,65.0,limit_touch,take_profit,-1.0,2022-07-14 11:53:00,2,-15.5,-29.5,-34.0,-35.0,39.5,-0.8561549100968188,-0.7468354430379747,23.266666666666666,2.3638968481375358,715993.0,1.0758237526025936,29.5,34.0,35.0,0.7468354430379747,0.8561549100968188,0.8184224637681159
2022-07-14,2022-07-14 12:05:00,2022-07-14 12:13:00,2022-07-14 12:17:00,short,5467.5,5461.0,5481.5,5461.0,6.5,65.0,limit_touch,take_profit,-1.0,2022-07-14 12:05:00,3,-14.5,-21.0,-44.5,-44.5,57.0,-0.5975359342915811,-0.3684210526315789,23.266666666666666,2.7292263610315186,781437.0,1.116000396736922,21.0,44.5,44.5,0.3684210526315789,0.5975359342915811,0.7370325362318841
2022-07-14,2022-07-14 12:43:00,2022-07-14 13:01:00,2022-07-14 13:47:00,short,5458.0,5472.5,5472.5,5451.0,-14.5,-145.0,limit_touch,stop_loss,-1.0,2022-07-14 12:43:00,4,-19.5,-24.5,-23.0,-57.5,42.5,-0.6632801161103048,-0.5764705882352941,23.266666666666666,3.2664756446991405,890826.0,1.1467690198088654,24.5,23.0,57.5,0.5764705882352941,0.6632801161103048,0.8714148550724637
2022-07-15,2022-07-15 10:00:00,2022-07-15 10:00:00,2022-07-15 10:00:00,short,5431.0,5426.0,5441.5,5426.0,5.0,50.0,limit_touch,take_profit,-1.0,2022-07-15 10:00:00,1,-0.5,-11.0,-17.0,-1.0,38.0,-0.2823529411764706,-0.2894736842105263,23.220000000000002,1.6580534022394486,260847.0,1.0075360390921526,11.0,17.0,1.0,0.2894736842105263,0.2823529411764706,0.3348000724637681
2022-07-15,2022-07-15 10:42:00,2022-07-15 10:45:00,2022-07-15 10:46:00,long,5455.0,5460.5,5443.0,5460.5,5.5,55.0,limit_touch,take_profit,1.0,2022-07-15 10:42:00,2,11.0,20.0,28.5,32.0,38.0,0.6277372262773723,0.5263157894736842,23.220000000000002,1.916451335055986,446919.0,1.038646069652485,20.0,28.5,32.0,0.5263157894736842,0.6277372262773723,0.6946192753623189
2022-07-15,2022-07-15 10:54:00,2022-07-15 11:00:00,2022-07-15 11:07:00,long,5458.5,5446.5,5446.5,5464.0,-12.0,-120.0,limit_touch,stop_loss,1.0,2022-07-15 10:54:00,3,9.0,13.5,19.5,36.5,43.5,0.4580265095729013,0.3103448275862069,23.220000000000002,2.131782945736434,497593.0,1.043829680932761,13.5,19.5,36.5,0.3103448275862069,0.4580265095729013,0.5867815217391305
2022-07-15,2022-07-15 12:09:00,2022-07-15 13:15:00,2022-07-15 14:22:00,short,5415.5,5428.5,5428.5,5409.5,-13.0,-130.0,limit_touch,stop_loss,-1.0,2022-07-15 12:09:00,4,1.0,-6.5,-16.5,-31.5,29.5,-0.43358395989974935,-0.22033898305084745,23.220000000000002,3.1869078380706286,780099.0,1.0966364874523804,6.5,16.5,31.5,0.22033898305084745,0.43358395989974935,0.4825046376811594
2022-07-18,2022-07-18 10:11:00,2022-07-18 10:14:00,2022-07-18 10:25:00,long,5405.5,5396.0,5396.0,5410.0,-9.5,-95.0,limit_touch,stop_loss,1.0,2022-07-18 10:11:00,1,16.5,15.0,24.0,15.0,31.0,0.8135593220338984,0.4838709677419355,23.12727272727273,1.189072327044025,278817.0,0.8934137662886,15.0,24.0,15.0,0.4838709677419355,0.8135593220338984,0.45975572463768116
2022-07-18,2022-07-18 10:43:00,2022-07-18 10:45:00,2022-07-18 10:57:00,short,5388.5,5384.0,5398.5,5384.0,4.5,45.0,limit_touch,take_profit,-1.0,2022-07-18 10:43:00,2,-3.5,-14.0,-24.0,-9.0,29.0,-0.40930232558139534,-0.4827586206896552,23.12727272727273,1.3836477987421383,404035.0,0.9277624950056718,14.0,24.0,9.0,0.4827586206896552,0.40930232558139534,0.43001753623188405
2022-07-18,2022-07-18 11:19:00,2022-07-18 11:21:00,2022-07-18 11:39:00,short,5383.5,5379.0,5393.5,5379.0,4.5,45.0,limit_touch,take_profit,-1.0,2022-07-18 11:19:00,3,-10.0,-12.0,-17.5,-20.0,33.0,-0.45,-0.36363636363636365,23.12727272727273,1.686320754716981,522500.0,0.9228322112066506,12.0,17.5,20.0,0.36363636363636365,0.45,0.4369676811594203
2022-07-18,2022-07-18 11:44:00,2022-07-18 12:02:00,2022-07-18 12:05:00,short,5382.0,5377.5,5392.5,5377.5,4.5,45.0,limit_touch,take_profit,-1.0,2022-07-18 11:44:00,4,-6.0,-12.5,-11.0,-21.0,24.5,-0.6548223350253807,-0.5102040816326531,23.12727272727273,1.7511792452830188,589746.0,0.9177458866952087,12.5,11.0,21.0,0.5102040816326531,0.6548223350253807,0.5070111594202898
2022-07-19,2022-07-19 10:00:00,2022-07-19 10:03:00,2022-07-19 10:07:00,short,5415.0,5410.5,5425.0,5410.5,4.5,45.0,limit_touch,take_profit,-1.0,2022-07-19 10:00:00,1,-15.5,-31.5,-25.0,-17.5,48.5,-0.7655755015839493,-0.6494845360824743,23.375,1.9251336898395721,250991.0,0.9685316263927001,31.5,25.0,17.5,0.6494845360824743,0.7655755015839493,0.664968768115942
2022-07-19,2022-07-19 10:14:00,2022-07-19 10:24:00,2022-07-19 10:27:00,short,5409.0,5404.0,5419.5,5404.0,5.0,50.0,limit_touch,take_profit,-1.0,2022-07-19 10:14:00,2,-11.5,-9.5,-42.5,-28.0,50.5,-0.38205980066445183,-0.18811881188118812,23.375,2.267379679144385,340930.0,1.0572427938193074,9.5,42.5,28.0,0.18811881188118812,0.38205980066445183,0.4710542028985507
2022-07-19,2022-07-19 10:40:00,2022-07-19 10:53:00,2022-07-19 11:05:00,short,5405.0,5416.0,5416.0,5400.0,-11.0,-110.0,limit_touch,stop_loss,-1.0,2022-07-19 10:40:00,3,-8.5,-14.0,-9.5,-34.0,31.0,-0.5463414634146342,-0.45161290322580644,23.375,2.481283422459893,429288.0,1.014573548337974,14.0,9.5,34.0,0.45161290322580644,0.5463414634146342,0.6413851449275362
2022-07-19,2022-07-19 13:50:00,2022-07-19 14:54:00,2022-07-19 15:28:00,short,5399.5,5410.5,5410.5,5394.5,-11.0,-110.0,limit_touch,stop_loss,-1.0,2022-07-19 13:50:00,4,-5.5,-8.5,-27.0,-40.5,22.5,-0.08225108225108226,-0.37777777777777777,23.375,2.802139037433155,894862.0,1.015233267755916,8.5,27.0,40.5,0.37777777777777777,0.08225108225108226,0.569391231884058
2022-07-20,2022-07-20 10:00:00,2022-07-20 10:00:00,2022-07-20 10:00:00,short,5438.0,5433.5,5448.0,5433.5,4.5,45.0,limit_touch,take_profit,-1.0,2022-07-20 10:00:00,1,-4.5,-24.5,-15.5,-12.5,59.5,-0.5944218477629285,-0.4117647058823529,23.08846153846154,1.6674995835415625,280572.0,1.0883224714341793,24.5,15.5,12.5,0.4117647058823529,0.5944218477629285,0.5595629710144927
2022-07-20,2022-07-20 10:22:00,2022-07-20 10:25:00,2022-07-20 10:30:00,short,5420.0,5415.0,5431.0,5415.0,5.0,50.0,limit_touch,take_profit,-1.0,2022-07-20 10:22:00,2,-6.5,-12.0,-44.0,-41.5,34.0,-0.5903614457831325,-0.35294117647058826,23.08846153846154,2.7069798434116272,406485.0,1.1569259849804687,12.0,44.0,41.5,0.35294117647058826,0.5903614457831325,0.6463443478260871
2022-07-21,2022-07-21 10:27:00,2022-07-21 10:34:00,2022-07-21 10:35:00,long,5484.5,5490.0,5473.0,5490.0,5.5,55.0,limit_touch,take_profit,1.0,2022-07-21 10:27:00,1,17.0,14.5,45.0,13.5,36.5,0.4906621392190153,0.3972602739726027,23.21785714285714,2.4119366251345946,483599.0,1.3145909201702413,14.5,45.0,13.5,0.3972602739726027,0.4906621392190153,0.5635926086956522
2022-07-21,2022-07-21 11:28:00,2022-07-21 12:05:00,2022-07-21 12:07:00,long,5491.5,5497.0,5479.5,5497.0,5.5,55.0,limit_touch,take_profit,1.0,2022-07-21 11:28:00,2,7.0,10.0,27.0,27.0,26.0,0.6521739130434783,0.38461538461538464,23.21785714285714,2.7995692970312263,731387.0,1.2322711849024273,10.0,27.0,27.0,0.38461538461538464,0.6521739130434783,0.5814594927536232
2022-07-22,2022-07-22 10:08:00,2022-07-22 10:11:00,2022-07-22 10:13:00,short,5470.5,5466.0,5480.0,5466.0,4.5,45.0,limit_touch,take_profit,-1.0,2022-07-22 10:08:00,1,-15.0,-17.5,-12.0,-32.5,57.5,-0.2894499549143372,-0.30434782608695654,23.359999999999996,1.690924657534247,258076.0,0.8716598744503912,17.5,12.0,32.5,0.30434782608695654,0.2894499549143372,0.5311288405797101
2022-07-22,2022-07-22 10:19:00,2022-07-22 10:23:00,2022-07-22 10:25:00,short,5467.5,5463.0,5477.0,5463.0,4.5,45.0,limit_touch,take_profit,-1.0,2022-07-22 10:19:00,2,-6.0,-13.0,-17.5,-35.5,36.0,-0.6494464944649446,-0.3611111111111111,23.359999999999996,1.8621575342465757,298243.0,0.8779703890115858,13.0,17.5,35.5,0.3611111111111111,0.6494464944649446,0.5226259420289855
2022-07-22,2022-07-22 10:45:00,2022-07-22 10:59:00,2022-07-22 11:03:00,short,5460.5,5456.0,5470.0,5456.0,4.5,45.0,limit_touch,take_profit,-1.0,2022-07-22 10:45:00,3,-2.5,-1.0,-11.5,-39.0,31.0,-0.050505050505050504,-0.03225806451612903,23.359999999999996,2.2688356164383565,387132.0,0.8804686195513757,1.0,11.5,39.0,0.03225806451612903,0.050505050505050504,0.3154442028985507
2022-07-22,2022-07-22 11:18:00,2022-07-22 11:25:00,2022-07-22 11:35:00,short,5459.0,5454.5,5469.0,5454.5,4.5,45.0,limit_touch,take_profit,-1.0,2022-07-22 11:18:00,4,-11.5,-9.5,-5.5,-45.5,31.5,-0.3629242819843342,-0.30158730158730157,23.359999999999996,2.3330479452054798,521024.0,0.929993155672761,9.5,5.5,45.5,0.30158730158730157,0.3629242819843342,0.5296845652173914
2022-07-25,2022-07-25 10:12:00,2022-07-25 10:19:00,2022-07-25 10:22:00,short,5448.0,5444.0,5456.5,5444.0,4.0,40.0,better_open,take_profit,-1.0,2022-07-25 10:12:00,1,-4.5,-17.0,-23.5,-43.5,27.0,-0.6666666666666666,-0.6296296296296297,23.203125,2.241077441077441,240605.0,0.7729350291362502,17.0,23.5,43.5,0.6296296296296297,0.6666666666666666,0.686263115942029
2022-07-25,2022-07-25 11:13:00,2022-07-25 11:47:00,2022-07-25 11:50:00,short,5426.5,5422.0,5436.0,5422.0,4.5,45.0,limit_touch,take_profit,-1.0,2022-07-25 11:13:00,2,0.0,-7.5,-28.0,-69.0,25.5,-0.6450511945392492,-0.29411764705882354,23.203125,3.4909090909090907,461252.0,0.8516735736299,7.5,28.0,69.0,0.29411764705882354,0.6450511945392492,0.5317544927536232
2022-07-26,2022-07-26 10:40:00,2022-07-26 11:01:00,2022-07-26 11:03:00,short,5355.5,5350.0,5367.0,5350.0,5.5,55.0,limit_touch,take_profit,-1.0,2022-07-26 10:40:00,1,-22.0,-31.5,-42.0,-43.0,58.5,-0.6236481614996395,-0.5384615384615384,24.008823529411764,2.415778512801666,542297.0,1.2974814731636217,31.5,42.0,43.0,0.5384615384615384,0.6236481614996395,0.8443636956521738
2022-07-27,2022-07-27 10:24:00,2022-07-27 10:29:00,2022-07-27 10:30:00,short,5325.0,5320.0,5335.5,5320.0,5.0,50.0,limit_touch,take_profit,-1.0,2022-07-27 10:24:00,1,-7.0,-3.5,-24.0,-19.5,34.5,-0.41119221411192214,-0.10144927536231885,23.641666666666666,1.6284807895664435,351583.0,0.9894718129256239,3.5,24.0,19.5,0.10144927536231885,0.41119221411192214,0.2549647826086957
2022-07-27,2022-07-27 10:35:00,2022-07-27 10:39:00,2022-07-27 10:44:00,short,5323.5,5318.5,5334.0,5318.5,5.0,50.0,limit_touch,take_profit,-1.0,2022-07-27 10:35:00,2,-3.0,-8.0,-7.5,-23.0,31.0,-0.5258215962441315,-0.25806451612903225,23.641666666666666,1.7130771942192458,395340.0,0.9900816941364485,8.0,7.5,23.0,0.25806451612903225,0.5258215962441315,0.3864611594202898
2022-07-27,2022-07-27 11:04:00,2022-07-27 11:07:00,2022-07-27 11:22:00,short,5316.5,5327.0,5327.0,5311.5,-10.5,-105.0,limit_touch,stop_loss,-1.0,2022-07-27 11:04:00,3,-10.0,-15.0,-14.0,-37.0,29.0,-0.7485714285714286,-0.5172413793103449,23.641666666666666,2.1149101163200563,503408.0,0.9830456929977951,15.0,14.0,37.0,0.5172413793103449,0.7485714285714286,0.663831884057971
2022-07-27,2022-07-27 12:59:00,2022-07-27 13:28:00,2022-07-27 13:42:00,short,5311.0,5306.0,5321.5,5306.0,5.0,50.0,limit_touch,take_profit,-1.0,2022-07-27 12:59:00,4,-7.5,-7.5,-14.0,-44.0,21.5,-0.5068493150684932,-0.3488372093023256,23.641666666666666,2.432146633768065,782415.0,0.9756880548321851,7.5,14.0,44.0,0.3488372093023256,0.5068493150684932,0.528134420289855
2022-07-28,2022-07-28 10:36:00,2022-07-28 10:52:00,2022-07-28 11:11:00,short,5202.5,5214.5,5214.5,5197.0,-12.0,-120.0,limit_touch,stop_loss,-1.0,2022-07-28 10:36:00,1,-6.0,-14.0,-23.5,-80.5,25.0,-0.7417218543046358,-0.56,24.181578947368422,4.0526716726520835,474004.0,1.175098387835636,14.0,23.5,80.5,0.56,0.7417218543046358,0.8176509420289856
2022-07-29,2022-07-29 10:03:00,2022-07-29 10:06:00,2022-07-29 10:06:00,long,5229.5,5235.5,5216.5,5235.5,6.0,60.0,limit_touch,take_profit,1.0,2022-07-29 10:03:00,1,26.5,33.0,20.0,26.5,66.0,0.7114882506527415,0.5,24.6975,1.963761514323312,332455.0,1.2292452059880665,33.0,20.0,26.5,0.5,0.7114882506527415,0.7366503623188406
2022-07-29,2022-07-29 10:12:00,2022-07-29 10:13:00,2022-07-29 10:14:00,long,5237.5,5243.5,5224.0,5243.5,6.0,60.0,limit_touch,take_profit,1.0,2022-07-29 10:12:00,2,16.5,35.0,47.0,40.0,65.0,0.6899766899766899,0.5384615384615384,24.6975,2.3889057596922765,390182.0,1.2541759578827727,35.0,47.0,40.0,0.5384615384615384,0.6899766899766899,0.8334990579710144
2022-07-29,2022-07-29 10:17:00,2022-07-29 10:24:00,2022-07-29 10:33:00,long,5244.0,5250.0,5230.5,5250.0,6.0,60.0,limit_touch,take_profit,1.0,2022-07-29 10:17:00,3,6.5,25.5,46.0,46.5,66.5,0.4272667971298108,0.38345864661654133,24.6975,2.7533151128656743,418212.0,1.2672767049488534,25.5,46.0,46.5,0.38345864661654133,0.4272667971298108,0.7902510144927536
2022-08-01,2022-08-01 10:06:00,2022-08-01 10:09:00,2022-08-01 10:11:00,long,5221.0,5226.5,5209.5,5226.5,5.5,55.0,limit_touch,take_profit,1.0,2022-08-01 10:06:00,1,9.5,33.5,48.0,26.0,48.5,0.8590852904820766,0.6907216494845361,24.49285714285714,2.4701079031787696,312510.0,1.092763184465286,33.5,48.0,26.0,0.6907216494845361,0.8590852904820766,0.7832345652173912
2022-08-01,2022-08-01 10:33:00,2022-08-01 10:52:00,2022-08-01 11:00:00,long,5225.5,5231.0,5214.0,5231.0,5.5,55.0,limit_touch,take_profit,1.0,2022-08-01 10:33:00,2,11.5,23.0,16.0,36.5,34.0,0.8125,0.6764705882352942,24.49285714285714,2.715077282006416,429066.0,1.0949400032001015,23.0,16.0,36.5,0.6764705882352942,0.8125,0.8152421739130435
2022-08-02,2022-08-02 10:11:00,2022-08-02 10:13:00,2022-08-02 10:15:00,short,5243.0,5238.0,5254.0,5238.0,5.0,50.0,limit_touch,take_profit,-1.0,2022-08-02 10:11:00,1,-17.0,-24.0,-29.5,-11.5,54.0,-0.6923076923076923,-0.4444444444444444,24.49285714285714,1.4289880431612716,375390.0,1.2250837521849107,24.0,29.5,11.5,0.4444444444444444,0.6923076923076923,0.5762663768115942
2022-08-02,2022-08-02 10:44:00,2022-08-02 10:45:00,2022-08-02 10:48:00,long,5268.0,5273.5,5256.0,5273.5,5.5,55.0,limit_touch,take_profit,1.0,2022-08-02 10:44:00,2,7.0,18.5,34.0,28.0,46.5,0.5675675675675675,0.3978494623655914,24.49285714285714,1.8372703412073492,560659.0,1.287951390732772,18.5,34.0,28.0,0.3978494623655914,0.5675675675675675,0.6565572463768117
2022-08-02,2022-08-02 10:50:00,2022-08-02 10:58:00,2022-08-02 10:59:00,long,5270.5,5276.0,5258.5,5276.0,5.5,55.0,limit_touch,take_profit,1.0,2022-08-02 10:50:00,3,1.5,19.0,32.0,31.5,54.0,0.20194174757281552,0.35185185185185186,24.49285714285714,1.9801691455234764,598667.0,1.3059593926114224,19.0,32.0,31.5,0.35185185185185186,0.20194174757281552,0.6679713043478259
2022-08-02,2022-08-02 11:10:00,2022-08-02 11:16:00,2022-08-02 11:16:00,long,5278.5,5284.0,5266.5,5284.0,5.5,55.0,limit_touch,take_profit,1.0,2022-08-02 11:10:00,4,6.0,16.0,24.5,42.5,41.0,0.49002849002849,0.3902439024390244,24.49285714285714,2.408865558471858,688239.0,1.2950751451960978,16.0,24.5,42.5,0.3902439024390244,0.49002849002849,0.7180391304347827
2022-08-03,2022-08-03 10:32:00,2022-08-03 10:38:00,2022-08-03 10:40:00,long,5321.0,5325.5,5311.5,5325.5,4.5,45.0,limit_touch,take_profit,1.0,2022-08-03 10:32:00,1,6.0,13.0,22.0,36.5,33.0,0.5311004784688995,0.3939393939393939,24.49285714285714,1.8372703412073492,359847.0,0.9314482296447356,13.0,22.0,36.5,0.3939393939393939,0.5311004784688995,0.5565691304347826
2022-08-03,2022-08-03 11:36:00,2022-08-03 12:02:00,2022-08-03 12:03:00,long,5340.5,5345.5,5330.0,5345.5,5.0,50.0,limit_touch,take_profit,1.0,2022-08-03 11:36:00,2,8.5,6.0,23.5,64.5,23.0,0.4036697247706422,0.2608695652173913,24.49285714285714,2.919218431029455,635303.0,1.0298963575430515,6.0,23.5,64.5,0.2608695652173913,0.4036697247706422,0.5399678985507247
2022-08-04,2022-08-04 10:15:00,2022-08-04 10:20:00,2022-08-04 10:22:00,short,5299.0,5294.5,5308.5,5294.5,4.5,45.0,limit_touch,take_profit,-1.0,2022-08-04 10:15:00,1,-8.0,-16.0,-12.5,-36.5,34.0,-0.7172413793103448,-0.47058823529411764,24.49285714285714,2.041411490230388,327304.0,1.0200941760128706,16.0,12.5,36.5,0.47058823529411764,0.7172413793103448,0.6648586231884058
2022-08-04,2022-08-04 10:48:00,2022-08-04 11:04:00,2022-08-04 11:04:00,short,5289.5,5285.0,5299.0,5285.0,4.5,45.0,limit_touch,take_profit,-1.0,2022-08-04 10:48:00,2,-8.0,-16.5,-13.5,-51.0,30.5,-0.7917570498915402,-0.5409836065573771,24.49285714285714,2.572178477690289,455614.0,1.0094322295426212,16.5,13.5,51.0,0.5409836065573771,0.7917570498915402,0.7568137681159419
2022-08-05,2022-08-05 11:47:00,2022-08-05 12:25:00,2022-08-05 12:55:00,short,5246.5,5240.5,5259.5,5240.5,6.0,60.0,limit_touch,take_profit,-1.0,2022-08-05 11:47:00,1,-10.0,-34.0,-47.0,-40.0,40.0,-0.9606741573033708,-0.85,24.49285714285714,3.797025371828522,873161.0,1.3535370174753898,34.0,47.0,40.0,0.85,0.9606741573033708,0.9226363768115942
2022-08-08,2022-08-08 10:33:00,2022-08-08 10:55:00,2022-08-08 11:08:00,short,5151.0,5161.0,5161.0,5146.5,-10.0,-100.0,limit_touch,stop_loss,-1.0,2022-08-08 10:33:00,1,-0.5,-14.0,-14.0,-38.0,27.0,-0.6927374301675978,-0.5185185185185185,27.54,1.7066085693536674,361532.0,0.9278889225771966,14.0,14.0,38.0,0.5185185185185185,0.6927374301675978,0.6134590579710144
2022-08-09,2022-08-09 10:08:00,2022-08-09 10:09:00,2022-08-09 10:11:00,short,5135.5,5131.5,5144.0,5131.5,4.0,40.0,limit_touch,take_profit,-1.0,2022-08-09 10:08:00,1,-11.5,-3.5,-22.5,-26.0,39.5,-0.1976225854383358,-0.08860759493670886,25.299999999999997,1.482213438735178,340337.0,1.1664705813804968,3.5,22.5,26.0,0.08860759493670886,0.1976225854383358,0.3236502173913043
2022-08-09,2022-08-09 11:40:00,2022-08-09 11:50:00,2022-08-09 11:51:00,long,5168.5,5173.0,5159.0,5173.0,4.5,45.0,limit_touch,take_profit,1.0,2022-08-09 11:40:00,2,6.5,11.0,12.5,25.0,23.0,0.5192307692307693,0.4782608695652174,25.299999999999997,2.2332015810276684,655711.0,1.0472492559948836,11.0,12.5,25.0,0.4782608695652174,0.5192307692307693,0.5679685507246377
2022-08-11,2022-08-11 10:17:00,2022-08-11 10:23:00,2022-08-11 10:23:00,long,5115.0,5120.0,5104.0,5120.0,5.0,50.0,limit_touch,take_profit,1.0,2022-08-11 10:17:00,1,13.0,9.5,11.0,8.0,37.5,0.504835589941973,0.25333333333333335,25.443749999999998,1.2969786293294032,377344.0,1.1418250336750693,9.5,11.0,8.0,0.25333333333333335,0.504835589941973,0.33630173913043476
2022-08-11,2022-08-11 10:24:00,2022-08-11 10:25:00,2022-08-11 10:27:00,long,5115.5,5120.5,5104.5,5120.5,5.0,50.0,limit_touch,take_profit,1.0,2022-08-11 10:24:00,2,1.5,13.5,17.5,9.5,41.5,0.44991511035653653,0.3253012048192771,25.443749999999998,1.3362810120363549,404972.0,1.1369491439771922,13.5,17.5,9.5,0.3253012048192771,0.44991511035653653,0.42209072463768116
2022-08-11,2022-08-11 11:08:00,2022-08-11 11:08:00,2022-08-11 11:14:00,long,5116.5,5122.0,5105.0,5122.0,5.5,55.0,limit_touch,take_profit,1.0,2022-08-11 11:08:00,3,4.5,12.0,16.0,10.5,32.0,0.6053811659192825,0.375,25.443749999999998,1.3952345860967823,578728.0,1.1024980523381516,12.0,16.0,10.5,0.375,0.6053811659192825,0.4214028985507246
2022-08-11,2022-08-11 12:21:00,2022-08-11 13:19:00,2022-08-11 13:33:00,long,5164.5,5170.0,5152.0,5170.0,5.5,55.0,limit_touch,take_profit,1.0,2022-08-11 12:21:00,4,7.5,15.0,23.5,75.0,36.0,0.46503496503496505,0.4166666666666667,25.443749999999998,3.8909358879882094,862276.0,1.1827743050047368,15.0,23.5,75.0,0.4166666666666667,0.46503496503496505,0.7748752898550724
2022-08-12,2022-08-12 10:48:00,2022-08-12 11:00:00,2022-08-12 11:08:00,short,5145.0,5141.0,5154.0,5141.0,4.0,40.0,limit_touch,take_profit,-1.0,2022-08-12 10:48:00,1,-8.0,-10.0,-9.0,-50.5,24.0,-0.5841584158415841,-0.4166666666666667,26.3,2.414448669201521,364121.0,0.8040089343403707,10.0,9.0,50.5,0.4166666666666667,0.5841584158415841,0.5576008695652174
2022-08-15,2022-08-15 10:05:00,2022-08-15 10:09:00,2022-08-15 10:14:00,short,5135.0,5130.0,5145.5,5130.0,5.0,50.0,limit_touch,take_profit,-1.0,2022-08-15 10:05:00,1,-1.5,-29.5,-5.5,-6.0,52.5,-0.6769638128861429,-0.5619047619047619,26.685,1.5551808131909313,287710.0,1.0264621448602775,29.5,5.5,6.0,0.5619047619047619,0.6769638128861429,0.5724311594202898
2022-08-15,2022-08-15 11:11:00,2022-08-15 11:12:00,2022-08-15 11:31:00,short,5133.0,5128.0,5143.5,5128.0,5.0,50.0,limit_touch,take_profit,-1.0,2022-08-15 11:11:00,2,-1.5,-5.5,-10.5,-11.0,17.5,-0.5789473684210527,-0.3142857142857143,26.685,1.6488664043470116,493096.0,0.9189911689966281,5.5,10.5,11.0,0.3142857142857143,0.5789473684210527,0.2588839130434783
2022-08-15,2022-08-15 11:50:00,2022-08-15 11:56:00,2022-08-15 11:58:00,short,5125.5,5120.5,5136.0,5120.5,5.0,50.0,limit_touch,take_profit,-1.0,2022-08-15 11:50:00,3,-2.5,-13.5,-23.0,-24.0,20.5,-0.7461928934010152,-0.6585365853658537,26.685,2.0236087689713322,599366.0,0.9122442018701611,13.5,23.0,24.0,0.6585365853658537,0.7461928934010152,0.5917685507246377
2022-08-15,2022-08-15 13:07:00,2022-08-15 14:14:00,2022-08-15 14:45:00,short,5116.5,5126.0,5126.0,5112.0,-9.5,-95.0,limit_touch,stop_loss,-1.0,2022-08-15 13:07:00,4,-4.5,-11.5,-15.5,-36.5,16.5,-0.8666666666666667,-0.696969696969697,26.685,2.4732996065205173,726639.0,0.8997624227198993,11.5,15.5,36.5,0.696969696969697,0.8666666666666667,0.6483621739130434
2022-08-16,2022-08-16 11:21:00,2022-08-16 11:29:00,2022-08-16 11:38:00,long,5163.0,5167.5,5153.0,5167.5,4.5,45.0,limit_touch,take_profit,1.0,2022-08-16 11:21:00,1,1.5,9.0,18.5,26.5,27.0,0.3333333333333333,0.3333333333333333,26.05909090909091,1.4198499912785627,544516.0,0.9533880759081214,9.0,18.5,26.5,0.3333333333333333,0.3333333333333333,0.4169003623188406
2022-08-16,2022-08-16 11:57:00,2022-08-16 12:07:00,2022-08-16 12:11:00,long,5165.5,5170.0,5155.5,5170.0,4.5,45.0,limit_touch,take_profit_gap_open,1.0,2022-08-16 11:57:00,2,1.5,7.0,4.5,28.0,16.0,0.5263157894736842,0.4375,26.05909090909091,1.554160125588697,647307.0,0.9583870371053994,7.0,4.5,28.0,0.4375,0.5263157894736842,0.4376789855072464
2022-08-16,2022-08-16 14:00:00,2022-08-16 14:09:00,2022-08-16 14:10:00,long,5166.5,5170.5,5158.5,5170.5,4.0,40.0,limit_touch,take_profit,1.0,2022-08-16 14:00:00,3,1.5,4.5,9.0,31.5,17.5,0.3944954128440367,0.2571428571428571,26.05909090909091,1.6117216117216118,791209.0,0.906967984272064,4.5,9.0,31.5,0.2571428571428571,0.3944954128440367,0.33330840579710147
2022-08-16,2022-08-16 14:22:00,2022-08-16 14:48:00,2022-08-16 14:52:00,long,5167.5,5159.0,5159.0,5171.5,-8.5,-85.0,limit_touch,stop_loss,1.0,2022-08-16 14:22:00,4,1.0,3.0,1.0,31.0,18.0,0.22058823529411764,0.16666666666666666,26.05909090909091,1.6500959358102216,819624.0,0.9088692831747396,3.0,1.0,31.0,0.16666666666666666,0.22058823529411764,0.2929190579710145
2022-08-17,2022-08-17 11:07:00,2022-08-17 11:12:00,2022-08-17 11:24:00,short,5200.0,5195.5,5210.5,5195.5,4.5,45.0,limit_touch,take_profit,-1.0,2022-08-17 11:07:00,1,-7.5,-10.0,-27.0,-8.0,25.0,-0.5459770114942529,-0.4,24.9625,1.9028542814221332,516225.0,0.9862933767996387,10.0,27.0,8.0,0.4,0.5459770114942529,0.3861122463768116
2022-08-17,2022-08-17 12:31:00,2022-08-17 12:44:00,2022-08-17 12:49:00,short,5193.0,5188.5,5202.5,5188.5,4.5,45.0,limit_touch,take_profit,-1.0,2022-08-17 12:31:00,2,0.0,-13.5,-9.5,-19.5,22.5,-0.7142857142857143,-0.6,24.9625,2.2834251377065597,712283.0,0.9484517760859148,13.5,9.5,19.5,0.6,0.7142857142857143,0.5802375362318841
2022-08-18,2022-08-18 10:52:00,2022-08-18 11:45:00,2022-08-18 12:14:00,long,5201.0,5190.0,5190.0,5206.0,-11.0,-110.0,limit_touch,stop_loss,1.0,2022-08-18 10:52:00,1,11.0,27.5,32.5,30.5,43.5,0.8610827374872319,0.632183908045977,24.599999999999998,2.886178861788618,433003.0,0.9248213056848564,27.5,32.5,30.5,0.632183908045977,0.8610827374872319,0.7479444202898551
2022-08-19,2022-08-19 11:51:00,2022-08-19 12:00:00,2022-08-19 12:04:00,long,5224.5,5229.5,5214.0,5229.5,5.0,50.0,limit_touch,take_profit,1.0,2022-08-19 11:51:00,1,4.0,16.5,32.5,14.5,24.5,0.7104072398190046,0.673469387755102,24.525,2.0795107033639146,619283.0,0.9387637058703195,16.5,32.5,14.5,0.673469387755102,0.7104072398190046,0.5854475362318841
2022-08-22,2022-08-22 10:00:00,2022-08-22 10:01:00,2022-08-22 10:06:00,short,5189.0,5185.0,5197.5,5185.0,4.0,40.0,limit_touch,take_profit,-1.0,2022-08-22 10:00:00,1,-8.0,-18.0,-16.5,-11.5,35.0,-0.6968503937007874,-0.5142857142857142,23.970000000000002,1.14726741760534,209324.0,0.8212003633842863,18.0,16.5,11.5,0.5142857142857142,0.6968503937007874,0.4576586956521739
2022-08-22,2022-08-22 10:07:00,2022-08-22 10:09:00,2022-08-22 10:13:00,short,5185.5,5194.5,5194.5,5181.5,-9.0,-90.0,limit_touch,stop_loss,-1.0,2022-08-22 10:07:00,2,-5.5,-15.0,-19.0,-15.0,34.0,-0.3378995433789954,-0.4411764705882353,23.970000000000002,1.3350020859407592,241886.0,0.83161345442106,15.0,19.0,15.0,0.4411764705882353,0.3378995433789954,0.4307992028985507
2022-08-22,2022-08-22 10:40:00,2022-08-22 10:44:00,2022-08-22 10:49:00,long,5202.0,5206.5,5192.0,5206.5,4.5,45.0,limit_touch,take_profit,1.0,2022-08-22 10:40:00,3,9.0,13.5,20.0,7.0,34.5,0.5772646536412078,0.391304347826087,23.970000000000002,1.3558614935335835,377252.0,0.8923894779421099,13.5,20.0,7.0,0.391304347826087,0.5772646536412078,0.3638814492753623
2022-08-22,2022-08-22 11:30:00,2022-08-22 11:36:00,2022-08-22 11:52:00,long,5209.0,5213.5,5199.0,5213.5,4.5,45.0,limit_touch,take_profit,1.0,2022-08-22 11:30:00,4,11.5,21.0,19.5,19.0,36.0,0.5201465201465202,0.5833333333333334,23.970000000000002,1.7521902377972465,540727.0,0.9033431047222588,21.0,19.5,19.0,0.5833333333333334,0.5201465201465202,0.5907552898550724
2022-08-22,2022-08-22 13:53:00,2022-08-22 14:24:00,2022-08-22 15:05:00,short,5179.0,5174.5,5189.0,5174.5,4.5,45.0,limit_touch,take_profit,-1.0,2022-08-22 13:53:00,5,-8.0,-2.0,-7.0,-29.5,25.0,-0.11382113821138211,-0.08,23.970000000000002,2.252816020025031,817298.0,0.9477078432089507,2.0,7.0,29.5,0.08,0.11382113821138211,0.3071114492753623
2022-08-23,2022-08-23 10:40:00,2022-08-23 10:44:00,2022-08-23 10:45:00,short,5139.5,5135.0,5149.0,5135.0,4.5,45.0,limit_touch,take_profit,-1.0,2022-08-23 10:40:00,1,-10.5,-12.0,-26.5,-7.5,36.0,-0.19078947368421054,-0.3333333333333333,23.484375,1.511643379906853,376190.0,0.8905259205876901,12.0,26.5,7.5,0.3333333333333333,0.19078947368421054,0.3358205072463768
2022-08-23,2022-08-23 11:11:00,2022-08-23 11:45:00,2022-08-23 11:50:00,short,5111.5,5106.5,5122.0,5106.5,5.0,50.0,limit_touch,take_profit,-1.0,2022-08-23 11:11:00,2,-13.0,-23.0,-37.0,-49.0,53.0,-0.7305194805194806,-0.4339622641509434,23.484375,3.0871590153027277,530911.0,0.9883123487556487,23.0,37.0,49.0,0.4339622641509434,0.7305194805194806,0.7610653623188406
2022-08-23,2022-08-23 12:17:00,2022-08-23 14:17:00,2022-08-23 14:45:00,short,5104.0,5099.5,5114.0,5099.5,4.5,45.0,limit_touch,take_profit,-1.0,2022-08-23 12:17:00,3,-10.5,-14.0,-28.0,-59.0,30.0,-0.7702127659574468,-0.4666666666666667,23.484375,3.5129740518962076,688746.0,0.9543586000922564,14.0,28.0,59.0,0.4666666666666667,0.7702127659574468,0.7132858695652173
2022-08-24,2022-08-24 10:14:00,2022-08-24 10:21:00,2022-08-24 10:28:00,long,5120.5,5124.5,5111.5,5124.5,4.0,40.0,limit_touch,take_profit,1.0,2022-08-24 10:14:00,1,5.5,4.5,2.0,3.0,31.5,0.07479224376731301,0.14285714285714285,23.558823529411764,1.5917602996254683,318304.0,0.9929267466034226,4.5,2.0,3.0,0.14285714285714285,0.07479224376731301,0.18887789855072462
2022-08-24,2022-08-24 10:34:00,2022-08-24 10:45:00,2022-08-24 10:48:00,long,5123.5,5127.5,5114.5,5127.5,4.0,40.0,limit_touch,take_profit,1.0,2022-08-24 10:34:00,2,0.0,2.5,8.0,5.0,32.5,0.1630170316301703,0.07692307692307693,23.558823529411764,1.7615480649188515,390216.0,0.9782553924054694,2.5,8.0,5.0,0.07692307692307693,0.1630170316301703,0.16407876811594202
2022-08-25,2022-08-25 10:19:00,2022-08-25 10:44:00,2022-08-25 10:58:00,long,5138.0,5129.5,5129.5,5142.0,-8.5,-85.0,limit_touch,stop_loss,1.0,2022-08-25 10:19:00,1,4.5,12.0,9.0,46.5,24.0,0.65,0.5,22.941666666666666,2.484562295677443,296050.0,0.8675125699704588,12.0,9.0,46.5,0.5,0.65,0.6314290579710145
2022-08-26,2022-08-26 10:09:00,2022-08-26 10:18:00,2022-08-26 10:23:00,short,5086.5,5082.5,5095.5,5082.5,4.0,40.0,limit_touch,take_profit,-1.0,2022-08-26 10:09:00,1,-7.0,-18.5,-24.5,-41.5,38.5,-0.45225225225225224,-0.4805194805194805,22.634210526315787,2.231135914428555,293705.0,0.9798335756928012,18.5,24.5,41.5,0.4805194805194805,0.45225225225225224,0.7082478985507247
2022-08-26,2022-08-26 11:11:00,2022-08-26 11:13:00,2022-08-26 11:14:00,short,5081.0,5076.0,5092.0,5076.0,5.0,50.0,limit_touch,take_profit,-1.0,2022-08-26 11:11:00,2,-47.0,-19.0,-20.0,-48.5,108.0,-0.3605132450331126,-0.17592592592592593,22.634210526315787,2.562492733403093,588783.0,1.091596347236664,19.0,20.0,48.5,0.17592592592592593,0.3605132450331126,0.6752033333333333
2022-08-29,2022-08-29 11:07:00,2022-08-29 11:13:00,2022-08-29 11:16:00,short,5063.0,5058.0,5074.0,5058.0,5.0,50.0,limit_touch,take_profit,-1.0,2022-08-29 11:07:00,1,-8.0,-11.0,-9.5,-29.5,26.0,-0.5350877192982456,-0.4230769230769231,22.455,1.959474504564685,496476.0,0.9437260536550196,11.0,9.5,29.5,0.4230769230769231,0.5350877192982456,0.5220265217391304
2022-08-29,2022-08-29 11:32:00,2022-08-29 11:41:00,2022-08-29 11:51:00,short,5056.5,5051.5,5067.5,5051.5,5.0,50.0,limit_touch,take_profit,-1.0,2022-08-29 11:32:00,2,-10.5,-13.5,-19.0,-40.5,33.5,-0.5433403805496829,-0.40298507462686567,22.455,2.338009352037408,594515.0,0.9752138444830425,13.5,19.0,40.5,0.40298507462686567,0.5433403805496829,0.622795
2022-08-30,2022-08-30 11:46:00,2022-08-30 12:00:00,2022-08-30 12:00:00,long,5063.0,5067.5,5053.5,5067.5,4.5,45.0,limit_touch,take_profit,1.0,2022-08-30 11:46:00,1,7.5,14.0,8.0,60.5,26.0,0.6721311475409836,0.5384615384615384,22.557142857142857,3.0145661811272957,608309.0,0.9333784100682059,14.0,8.0,60.5,0.5384615384615384,0.6721311475409836,0.7250361594202899
2022-08-31,2022-08-31 10:35:00,2022-08-31 10:45:00,2022-08-31 10:47:00,long,5221.0,5208.5,5208.5,5226.5,-12.5,-125.0,limit_touch,stop_loss,1.0,2022-08-31 10:35:00,1,1.5,5.5,26.5,63.0,32.5,0.38591549295774646,0.16923076923076924,23.113636363636363,3.006882989183874,390218.0,0.960983812898039,5.5,26.5,63.0,0.16923076923076924,0.38591549295774646,0.4880721014492754
2022-08-31,2022-08-31 11:09:00,2022-08-31 11:21:00,2022-08-31 11:40:00,long,5224.0,5210.5,5210.5,5230.0,-13.5,-135.0,limit_touch,stop_loss,1.0,2022-08-31 11:09:00,2,14.0,27.0,5.5,65.0,45.0,0.7041942604856513,0.6,23.113636363636363,3.158308751229105,535347.0,0.9986169259942087,27.0,5.5,65.0,0.6,0.7041942604856513,0.8531795652173914
2022-09-01,2022-09-01 10:13:00,2022-09-01 10:31:00,2022-09-01 10:41:00,short,5205.0,5199.0,5218.5,5199.0,6.0,60.0,limit_touch,take_profit,-1.0,2022-09-01 10:13:00,1,-11.5,-43.5,-26.0,-51.5,66.5,-0.8439276485788114,-0.6541353383458647,23.204347826086956,3.3183436387483605,394917.0,1.24018185829279,43.5,26.0,51.5,0.6541353383458647,0.8439276485788114,0.9174480434782609
2022-09-01,2022-09-01 11:46:00,2022-09-01 12:05:00,2022-09-01 12:11:00,long,5246.0,5252.5,5232.0,5252.5,6.5,65.0,limit_touch,take_profit,1.0,2022-09-01 11:46:00,2,11.0,24.0,8.5,18.5,25.0,0.9943502824858758,0.96,23.204347826086956,3.46917744050965,749410.0,1.148530372519236,24.0,8.5,18.5,0.96,0.9943502824858758,0.7734491304347826
2022-09-02,2022-09-02 13:06:00,2022-09-02 13:32:00,2022-09-02 13:37:00,short,5219.5,5232.0,5232.0,5214.0,-12.5,-125.0,limit_touch,stop_loss,-1.0,2022-09-02 13:06:00,1,-1.5,-11.5,-8.0,-55.0,17.5,-0.7925925925925926,-0.6571428571428571,23.204347826086956,3.038223721191681,877282.0,1.0794292307017153,11.5,8.0,55.0,0.6571428571428571,0.7925925925925926,0.7624894927536231
2022-09-05,2022-09-05 12:56:00,2022-09-05 13:20:00,2022-09-05 13:27:00,short,5201.0,5196.0,5211.5,5196.0,5.0,50.0,limit_touch,take_profit,-1.0,2022-09-05 12:56:00,1,-4.0,-12.0,-12.0,-23.0,19.0,-0.8247422680412371,-0.631578947368421,23.204347826086956,1.4436949597151958,590378.0,0.7396979533488043,12.0,12.0,23.0,0.631578947368421,0.8247422680412371,0.489549347826087
2022-09-05,2022-09-05 14:07:00,2022-09-05 14:42:00,2022-09-05 14:50:00,short,5196.0,5191.5,5205.5,5191.5,4.5,45.0,limit_touch,take_profit,-1.0,2022-09-05 14:07:00,2,-3.0,-14.5,-7.5,-29.0,18.5,-0.9281437125748503,-0.7837837837837838,23.204347826086956,1.7238148772718758,664094.0,0.7451024582170569,14.5,7.5,29.0,0.7837837837837838,0.9281437125748503,0.5931127536231884
2022-09-06,2022-09-06 10:03:00,2022-09-06 10:16:00,2022-09-06 10:19:00,long,5229.5,5233.0,5221.5,5233.0,3.5,35.0,limit_touch,take_profit,1.0,2022-09-06 10:03:00,1,6.5,4.0,24.5,35.0,24.0,0.13761467889908258,0.16666666666666666,23.204347826086956,1.8315533071013679,276537.0,1.011762559452153,4.0,24.5,35.0,0.16666666666666666,0.13761467889908258,0.3698453623188406
2022-09-06,2022-09-06 11:02:00,2022-09-06 11:26:00,2022-09-06 11:30:00,long,5256.0,5260.0,5247.0,5260.0,4.0,40.0,limit_touch,take_profit,1.0,2022-09-06 11:02:00,2,3.5,12.0,25.0,68.0,31.0,0.7330827067669173,0.3870967741935484,23.204347826086956,3.3614390106801575,495156.0,0.9786013065053553,12.0,25.0,68.0,0.3870967741935484,0.7330827067669173,0.6701648550724638
2022-09-08,2022-09-08 10:04:00,2022-09-08 10:09:00,2022-09-08 10:11:00,long,5244.5,5249.5,5234.0,5249.5,5.0,50.0,limit_touch,take_profit,1.0,2022-09-08 10:04:00,1,-6.0,4.0,4.5,4.0,36.0,0.29523809523809524,0.1111111111111111,23.204347826086956,1.9392917369308602,348100.0,1.2542232301166345,4.0,4.5,4.0,0.1111111111111111,0.29523809523809524,0.2514472463768116
2022-09-08,2022-09-08 10:22:00,2022-09-08 10:26:00,2022-09-08 10:30:00,long,5253.5,5258.5,5242.5,5258.5,5.0,50.0,limit_touch,take_profit,1.0,2022-09-08 10:22:00,2,6.0,15.5,31.0,22.0,40.5,0.38271604938271603,0.38271604938271603,23.204347826086956,2.4564362001124227,440440.0,1.2492740530425244,15.5,31.0,22.0,0.38271604938271603,0.38271604938271603,0.6119432608695652
2022-09-08,2022-09-08 14:32:00,2022-09-08 14:53:00,2022-09-08 14:56:00,long,5255.5,5260.5,5244.5,5260.5,5.0,50.0,limit_touch,take_profit,1.0,2022-09-08 14:32:00,3,8.5,17.0,12.0,25.5,43.0,0.38323353293413176,0.3953488372093023,23.204347826086956,2.5857223159078133,1100579.0,1.1987994784262264,17.0,12.0,25.5,0.3953488372093023,0.38323353293413176,0.6540942753623189
2022-09-09,2022-09-09 10:07:00,2022-09-09 10:09:00,2022-09-09 10:20:00,short,5208.5,5219.0,5219.0,5203.5,-10.5,-105.0,limit_touch,stop_loss,-1.0,2022-09-09 10:07:00,1,-3.0,-7.5,-14.5,-6.5,35.5,-0.38534278959810875,-0.2112676056338028,22.71,1.056803170409511,233819.0,0.7991487376463998,7.5,14.5,6.5,0.2112676056338028,0.38534278959810875,0.18827137681159417
2022-09-09,2022-09-09 10:29:00,2022-09-09 10:32:00,2022-09-09 10:46:00,long,5225.5,5214.5,5214.5,5230.5,-11.0,-110.0,limit_touch,stop_loss,1.0,2022-09-09 10:29:00,2,14.0,16.0,18.0,17.5,38.0,0.6038338658146964,0.42105263157894735,22.71,1.3430206957287538,331542.0,0.8765504473057661,16.0,18.0,17.5,0.42105263157894735,0.6038338658146964,0.4603471014492753
2022-09-09,2022-09-09 11:03:00,2022-09-09 11:13:00,2022-09-09 11:15:00,short,5205.5,5200.5,5216.5,5200.5,5.0,50.0,limit_touch,take_profit,-1.0,2022-09-09 11:03:00,3,-4.5,-14.0,-25.5,-12.0,21.0,-0.8469387755102041,-0.6666666666666666,22.71,1.6072214883311315,465364.0,0.9082313516155109,14.0,25.5,12.0,0.6666666666666666,0.8469387755102041,0.5027796376811594
2022-09-09,2022-09-09 11:42:00,2022-09-09 12:21:00,2022-09-09 12:27:00,short,5187.0,5181.5,5198.5,5181.5,5.5,55.0,limit_touch,take_profit,-1.0,2022-09-09 11:42:00,4,-8.5,-18.0,-25.5,-36.0,31.0,-0.7979274611398963,-0.5806451612903226,22.71,2.7080581241743724,602037.0,0.9376383204077676,18.0,25.5,36.0,0.5806451612903226,0.7979274611398963,0.7155717391304347
2022-09-12,2022-09-12 10:45:00,2022-09-12 10:47:00,2022-09-12 10:47:00,long,5159.0,5163.0,5150.5,5163.0,4.0,40.0,limit_touch,take_profit,1.0,2022-09-12 10:45:00,1,9.0,7.5,18.5,20.0,34.5,0.518910741301059,0.21739130434782608,21.999999999999996,1.2045454545454548,364973.0,0.8256370911761934,7.5,18.5,20.0,0.21739130434782608,0.518910741301059,0.2764723913043478
2022-09-12,2022-09-12 12:55:00,2022-09-12 13:03:00,2022-09-12 13:18:00,short,5141.0,5137.0,5149.5,5137.0,4.0,40.0,limit_touch,take_profit,-1.0,2022-09-12 12:55:00,2,-4.0,-14.0,-7.5,-3.5,21.0,-0.7888888888888889,-0.6666666666666666,21.999999999999996,1.4772727272727275,610926.0,0.7706765652642382,14.0,7.5,3.5,0.6666666666666666,0.7888888888888889,0.42595913043478256
2022-09-13,2022-09-13 10:06:00,2022-09-13 10:44:00,2022-09-13 10:50:00,long,5201.0,5188.5,5188.5,5206.5,-12.5,-125.0,limit_touch,stop_loss,1.0,2022-09-13 10:06:00,1,4.0,31.5,65.5,116.5,63.5,0.786893979754928,0.49606299212598426,21.21428571428571,6.151515151515152,406024.0,1.42037651046014,31.5,65.5,116.5,0.49606299212598426,0.786893979754928,0.9160290579710144
2022-09-14,2022-09-14 10:24:00,2022-09-14 10:28:00,2022-09-14 10:34:00,long,5210.0,5215.0,5199.0,5215.0,5.0,50.0,limit_touch,take_profit,1.0,2022-09-14 10:24:00,1,11.0,23.5,37.0,6.0,43.5,0.6576319543509273,0.5402298850574713,23.45625,2.067679189981348,373842.0,1.0328774825265632,23.5,37.0,6.0,0.5402298850574713,0.6576319543509273,0.5817728260869566
2022-09-15,2022-09-15 10:04:00,2022-09-15 10:08:00,2022-09-15 10:17:00,long,5223.5,5227.5,5214.5,5227.5,4.0,40.0,limit_touch,take_profit,1.0,2022-09-15 10:04:00,1,7.5,15.0,11.0,27.5,36.0,0.6641509433962264,0.4166666666666667,22.466666666666665,1.4910979228486647,254083.0,0.9085671528555238,15.0,11.0,27.5,0.4166666666666667,0.6641509433962264,0.5199026811594203
2022-09-15,2022-09-15 10:31:00,2022-09-15 10:40:00,2022-09-15 10:46:00,long,5231.0,5235.5,5221.5,5235.5,4.5,45.0,limit_touch,take_profit,1.0,2022-09-15 10:31:00,2,4.0,21.5,15.0,38.5,36.5,0.7656012176560122,0.589041095890411,22.466666666666665,1.9139465875370922,375221.0,0.9668080710385515,21.5,15.0,38.5,0.589041095890411,0.7656012176560122,0.7268986956521738
2022-09-15,2022-09-15 13:26:00,2022-09-15 14:08:00,2022-09-15 14:10:00,long,5247.5,5251.5,5238.5,5251.5,4.0,40.0,limit_touch,take_profit,1.0,2022-09-15 13:26:00,3,-0.5,2.0,4.5,62.5,15.0,0.11904761904761904,0.13333333333333333,22.466666666666665,2.9154302670623147,733215.0,0.8733656616807637,2.0,4.5,62.5,0.13333333333333333,0.11904761904761904,0.39604311594202896
2022-09-16,2022-09-16 10:15:00,2022-09-16 10:26:00,2022-09-16 10:31:00,long,5302.5,5306.0,5295.0,5306.0,3.5,35.0,limit_touch,take_profit,1.0,2022-09-16 10:15:00,1,3.5,9.0,23.0,41.5,21.0,0.5833333333333334,0.42857142857142855,22.41,2.1195894689870594,223521.0,0.6806307194443408,9.0,23.0,41.5,0.42857142857142855,0.5833333333333334,0.49320514492753625
2022-09-16,2022-09-16 10:59:00,2022-09-16 11:06:00,2022-09-16 11:08:00,long,5313.5,5305.0,5305.0,5317.5,-8.5,-85.0,limit_touch,stop_loss,1.0,2022-09-16 10:59:00,2,7.5,15.5,23.5,56.5,26.5,0.8103975535168195,0.5849056603773585,22.41,2.7666220437304774,364031.0,0.7309851364621986,15.5,23.5,56.5,0.5849056603773585,0.8103975535168195,0.695925
2022-09-19,2022-09-19 10:10:00,2022-09-19 10:15:00,2022-09-19 10:17:00,short,5296.5,5292.0,5305.5,5292.0,4.5,45.0,limit_touch,take_profit,-1.0,2022-09-19 10:10:00,1,-4.5,-1.5,-3.5,-17.0,35.5,-0.05668934240362812,-0.04225352112676056,22.063636363636363,1.3597033374536465,208039.0,0.6773696697188352,1.5,3.5,17.0,0.04225352112676056,0.05668934240362812,0.12151905797101449
2022-09-19,2022-09-19 10:55:00,2022-09-19 11:00:00,2022-09-19 11:02:00,short,5293.0,5288.5,5302.5,5288.5,4.5,45.0,limit_touch,take_profit,-1.0,2022-09-19 10:55:00,2,-12.5,-20.5,-9.0,-26.0,36.5,-0.4909090909090909,-0.5616438356164384,22.063636363636363,1.5636588380716936,374798.0,0.7740185292516236,20.5,9.0,26.0,0.5616438356164384,0.4909090909090909,0.5842143478260869
2022-09-19,2022-09-19 11:13:00,2022-09-19 11:19:00,2022-09-19 11:26:00,short,5286.5,5282.0,5296.5,5282.0,4.5,45.0,limit_touch,take_profit,-1.0,2022-09-19 11:13:00,3,-8.0,-7.5,-15.5,-30.0,27.5,-0.44086021505376344,-0.2727272727272727,22.063636363636363,1.9715698393077874,433525.0,0.783834261731124,7.5,15.5,30.0,0.2727272727272727,0.44086021505376344,0.3789678260869565
2022-09-20,2022-09-20 10:03:00,2022-09-20 10:06:00,2022-09-20 10:09:00,short,5206.0,5200.5,5217.5,5200.5,5.5,55.0,limit_touch,take_profit,-1.0,2022-09-20 10:03:00,1,-27.0,-20.5,-22.5,-25.0,57.5,-0.6526645768025079,-0.3565217391304348,24.249999999999996,1.7113402061855674,295385.0,1.0772871190728344,20.5,22.5,25.0,0.3565217391304348,0.6526645768025079,0.596770652173913
2022-09-20,2022-09-20 10:12:00,2022-09-20 10:12:00,2022-09-20 10:14:00,short,5197.5,5192.0,5209.5,5192.0,5.5,55.0,limit_touch,take_profit,-1.0,2022-09-20 10:12:00,2,-19.5,-37.5,-26.5,-39.0,77.5,-0.6982369823698237,-0.4838709677419355,24.249999999999996,2.1649484536082477,350905.0,1.1124782199587604,37.5,26.5,39.0,0.4838709677419355,0.6982369823698237,0.7818173188405797
2022-09-20,2022-09-20 13:03:00,2022-09-20 13:27:00,2022-09-20 13:55:00,short,5175.0,5169.5,5187.0,5169.5,5.5,55.0,limit_touch,take_profit,-1.0,2022-09-20 13:03:00,3,-4.5,-5.0,-13.0,-65.5,24.0,-0.4094488188976378,-0.20833333333333334,24.249999999999996,3.4020618556701034,858635.0,1.0624741551157697,5.0,13.0,65.5,0.20833333333333334,0.4094488188976378,0.5275585507246376
2022-09-21,2022-09-21 10:33:00,2022-09-21 10:34:00,2022-09-21 10:37:00,long,5165.0,5170.5,5153.5,5170.5,5.5,55.0,limit_touch,take_profit,1.0,2022-09-21 10:33:00,1,13.5,27.5,15.0,18.5,40.5,0.8132611637347767,0.6790123456790124,24.28846153846154,1.852731591448931,407302.0,1.024654866212505,27.5,15.0,18.5,0.6790123456790124,0.8132611637347767,0.680316884057971
2022-09-21,2022-09-21 14:37:00,2022-09-21 14:57:00,2022-09-21 14:58:00,long,5183.0,5187.0,5174.5,5187.0,4.0,40.0,limit_touch,take_profit,1.0,2022-09-21 14:37:00,2,2.5,-1.5,2.5,42.5,13.5,-0.3258426966292135,-0.1111111111111111,24.28846153846154,2.8408551068883607,824023.0,0.8842970083300099,-1.5,2.5,42.5,-0.1111111111111111,-0.3258426966292135,0.331441884057971
2022-09-22,2022-09-22 12:24:00,2022-09-22 12:51:00,2022-09-22 12:58:00,long,5180.0,5185.5,5168.0,5185.5,5.5,55.0,limit_touch,take_profit,1.0,2022-09-22 12:24:00,1,0.0,7.0,4.5,52.0,24.0,0.5486725663716814,0.2916666666666667,24.16071428571429,2.628233555062823,682504.0,0.9141458452102766,7.0,4.5,52.0,0.2916666666666667,0.5486725663716814,0.5048740579710145
2022-09-23,2022-09-23 13:30:00,2022-09-23 13:53:00,2022-09-23 13:55:00,long,5240.5,5245.0,5231.0,5245.0,4.5,45.0,limit_touch,take_profit,1.0,2022-09-23 13:30:00,1,2.5,4.5,10.0,76.5,12.5,0.6307692307692307,0.36,24.15,3.4989648033126297,736762.0,0.8752663326433088,4.5,10.0,76.5,0.36,0.6307692307692307,0.5064728260869565
2022-09-27,2022-09-27 10:27:00,2022-09-27 10:34:00,2022-09-27 10:36:00,long,5341.0,5347.5,5327.5,5347.5,6.5,65.0,limit_touch,take_profit,1.0,2022-09-27 10:27:00,1,10.0,36.5,27.0,0.0,42.5,0.9409158050221565,0.8588235294117647,25.24411764705882,2.079692415239427,402836.0,1.0733257361735733,36.5,27.0,0.0,0.8588235294117647,0.9409158050221565,0.6531615217391304
2022-09-27,2022-09-27 11:03:00,2022-09-27 11:22:00,2022-09-27 11:28:00,long,5366.0,5372.5,5351.5,5372.5,6.5,65.0,limit_touch,take_profit,1.0,2022-09-27 11:03:00,2,18.5,26.0,32.5,28.0,54.0,0.8406658739595719,0.48148148148148145,25.24411764705882,3.4067342421064897,591467.0,1.1441588383544472,26.0,32.5,28.0,0.48148148148148145,0.8406658739595719,0.7568190579710145
2022-09-27,2022-09-27 14:41:00,2022-09-27 14:58:00,2022-09-27 15:15:00,long,5369.5,5375.5,5357.0,5375.5,6.0,60.0,limit_touch,take_profit_gap_open,1.0,2022-09-27 14:41:00,3,2.5,1.5,2.0,33.5,24.5,-0.05314009661835749,0.061224489795918366,25.24411764705882,3.584993591984155,1084889.0,1.1574726021675439,1.5,2.0,33.5,0.061224489795918366,-0.05314009661835749,0.405812536231884
2022-09-28,2022-09-28 10:07:00,2022-09-28 10:10:00,2022-09-28 10:15:00,short,5373.5,5367.5,5386.0,5367.5,6.0,60.0,limit_touch,take_profit,-1.0,2022-09-28 10:07:00,1,-12.5,-20.5,-26.5,-53.5,43.5,-0.5136540962288687,-0.47126436781609193,25.349999999999998,2.781065088757397,363741.0,1.2272421777331317,20.5,26.5,53.5,0.47126436781609193,0.5136540962288687,0.8162191304347826
2022-09-28,2022-09-28 10:51:00,2022-09-28 11:52:00,2022-09-28 12:03:00,short,5362.0,5356.0,5374.5,5356.0,6.0,60.0,limit_touch,take_profit,-1.0,2022-09-28 10:51:00,2,-4.5,-13.5,-23.0,-69.0,49.5,-0.412807881773399,-0.2727272727272727,25.349999999999998,3.39250493096647,569813.0,1.1965848759994238,13.5,23.0,69.0,0.2727272727272727,0.412807881773399,0.7038687681159421
2022-09-29,2022-09-29 10:07:00,2022-09-29 10:13:00,2022-09-29 10:21:00,short,5388.0,5401.0,5401.0,5382.0,-13.0,-130.0,limit_touch,stop_loss,-1.0,2022-09-29 10:07:00,1,-12.0,-10.0,-23.0,-10.0,46.0,-0.360381861575179,-0.21739130434782608,25.61052631578947,1.9132757912042748,317682.0,1.0680508894400471,10.0,23.0,10.0,0.21739130434782608,0.360381861575179,0.3664453623188406
2022-09-29,2022-09-29 11:16:00,2022-09-29 11:21:00,2022-09-29 11:22:00,long,5418.0,5424.0,5405.0,5424.0,6.0,60.0,limit_touch,take_profit,1.0,2022-09-29 11:16:00,2,9.5,22.5,24.5,33.5,39.5,0.4314002828854314,0.569620253164557,25.61052631578947,2.2061241265926843,614249.0,1.072685622065827,22.5,24.5,33.5,0.569620253164557,0.4314002828854314,0.7507036231884058
2022-09-30,2022-09-30 10:29:00,2022-09-30 10:31:00,2022-09-30 10:33:00,long,5445.5,5451.0,5434.0,5451.0,5.5,55.0,limit_touch,take_profit,1.0,2022-09-30 10:29:00,1,5.0,12.5,23.5,23.5,42.5,0.33878887070376434,0.29411764705882354,25.1775,1.60857908847185,292816.0,0.7561984287444379,12.5,23.5,23.5,0.29411764705882354,0.33878887070376434,0.39786623188405795
2022-09-30,2022-09-30 10:38:00,2022-09-30 10:52:00,2022-09-30 10:56:00,long,5448.0,5436.5,5436.5,5453.5,-11.5,-115.0,limit_touch,stop_loss,1.0,2022-09-30 10:38:00,2,7.0,3.5,15.5,27.0,41.5,-0.017054263565891473,0.08433734939759036,25.1775,1.7475920961175655,330010.0,0.7741947894828747,3.5,15.5,27.0,0.08433734939759036,-0.017054263565891473,0.24010920289855073
2022-09-30,2022-09-30 13:21:00,2022-09-30 13:27:00,2022-09-30 14:11:00,long,5453.0,5440.0,5440.0,5459.0,-13.0,-130.0,limit_touch,stop_loss,1.0,2022-09-30 13:21:00,3,8.0,12.0,25.5,35.5,31.0,0.6441441441441441,0.3870967741935484,25.1775,2.005759110316751,707213.0,0.8377432734046888,12.0,25.5,35.5,0.3870967741935484,0.6441441441441441,0.516887536231884
2022-09-30,2022-09-30 14:30:00,2022-09-30 14:30:00,2022-09-30 14:30:00,short,5413.0,5407.0,5426.0,5407.0,6.0,60.0,limit_touch,take_profit,-1.0,2022-09-30 14:30:00,4,-15.0,-29.5,-35.0,-16.0,36.5,-0.9569583931133429,-0.8082191780821918,25.1775,2.7802601529143085,808920.0,0.8641969461380411,29.5,35.0,16.0,0.8082191780821918,0.9569583931133429,0.6748195652173912
2022-09-30,2022-09-30 14:35:00,2022-09-30 14:58:00,2022-09-30 15:04:00,short,5391.5,5405.5,5405.5,5385.0,-14.0,-140.0,limit_touch,stop_loss,-1.0,2022-09-30 14:35:00,5,-25.0,-48.5,-65.5,-41.0,59.5,-0.9464773347897324,-0.8151260504201681,25.1775,3.912223215172277,838341.0,0.88868310576393,48.5,65.5,41.0,0.8151260504201681,0.9464773347897324,0.8330928985507247
2022-10-03,2022-10-03 10:18:00,2022-10-03 10:30:00,2022-10-03 10:43:00,short,5281.0,5272.5,5299.0,5272.5,8.5,85.0,limit_touch,take_profit,-1.0,2022-10-03 10:18:00,1,-7.0,-11.0,-42.5,-36.0,37.0,-0.3231939163498099,-0.2972972972972973,25.385714285714286,3.505908835115363,353662.0,1.025796016368672,11.0,42.5,36.0,0.2972972972972973,0.3231939163498099,0.5788265942028986
2022-10-04,2022-10-04 10:57:00,2022-10-04 11:00:00,2022-10-04 11:04:00,long,5191.0,5177.5,5177.5,5197.0,-13.5,-135.0,limit_touch,stop_loss,1.0,2022-10-04 10:57:00,1,7.0,14.5,25.5,23.5,25.5,0.6835820895522388,0.5686274509803921,25.385714285714286,2.462014631401238,503754.0,1.0115117320206262,14.5,25.5,23.5,0.5686274509803921,0.6835820895522388,0.6354689855072464
2022-10-04,2022-10-04 14:22:00,2022-10-04 14:48:00,2022-10-04 15:23:00,long,5226.5,5212.5,5212.5,5233.0,-14.0,-140.0,limit_touch,stop_loss,1.0,2022-10-04 14:22:00,2,19.0,41.5,58.5,72.5,51.5,0.9442292796281953,0.8058252427184466,25.385714285714286,4.333145751266179,1052935.0,1.138306467305993,41.5,58.5,72.5,0.8058252427184466,0.9442292796281953,0.9481783333333333
2022-10-05,2022-10-05 11:25:00,2022-10-05 11:38:00,2022-10-05 11:52:00,long,5259.0,5266.0,5244.0,5266.0,7.0,70.0,limit_touch,take_profit,1.0,2022-10-05 11:25:00,1,3.5,21.5,39.5,23.5,39.5,0.6129032258064516,0.5443037974683544,25.385714285714286,2.402926280247608,605869.0,1.008207938092632,21.5,39.5,23.5,0.5443037974683544,0.6129032258064516,0.6819261594202899
2022-10-06,2022-10-06 10:26:00,2022-10-06 10:31:00,2022-10-06 10:36:00,long,5232.5,5219.5,5219.5,5238.5,-13.0,-130.0,limit_touch,stop_loss,1.0,2022-10-06 10:26:00,1,11.0,11.0,36.0,15.5,31.0,0.42528735632183906,0.3548387096774194,25.385714285714286,1.5953854811480022,372569.0,0.9959249486993156,11.0,36.0,15.5,0.3548387096774194,0.42528735632183906,0.4123864492753623
2022-10-06,2022-10-06 11:09:00,2022-10-06 11:14:00,2022-10-06 11:21:00,long,5235.0,5221.5,5221.5,5241.5,-13.5,-135.0,limit_touch,stop_loss,1.0,2022-10-06 11:09:00,2,5.0,12.5,18.0,15.5,33.5,0.09949409780775717,0.373134328358209,25.385714285714286,1.7332583005064714,564438.0,1.0326155445193848,12.5,18.0,15.5,0.373134328358209,0.09949409780775717,0.4592913043478261
2022-10-07,2022-10-07 11:23:00,2022-10-07 11:31:00,2022-10-07 11:42:00,short,5233.0,5245.5,5245.5,5227.5,-12.5,-125.0,limit_touch,stop_loss,-1.0,2022-10-07 11:23:00,1,-11.5,-21.5,-22.5,-7.0,30.5,-0.829683698296837,-0.7049180327868853,25.385714285714286,2.304445694991559,624900.0,1.0525399748472872,21.5,22.5,7.0,0.7049180327868853,0.829683698296837,0.6300759420289855
2022-10-10,2022-10-10 12:04:00,2022-10-10 12:24:00,2022-10-10 12:50:00,long,5228.0,5217.0,5217.0,5233.0,-11.0,-110.0,limit_touch,stop_loss,1.0,2022-10-10 12:04:00,1,4.0,10.5,31.5,24.0,30.5,0.48036253776435045,0.3442622950819672,27.99,1.9292604501607717,619322.0,0.8695129040439619,10.5,31.5,24.0,0.3442622950819672,0.48036253776435045,0.42921876811594206
2022-10-11,2022-10-11 11:08:00,2022-10-11 11:18:00,2022-10-11 11:19:00,long,5239.0,5243.5,5229.5,5243.5,4.5,45.0,limit_touch,take_profit,1.0,2022-10-11 11:08:00,1,7.0,20.0,20.5,44.0,34.0,0.6908212560386473,0.5882352941176471,26.025,1.8828049951969261,457663.0,0.8482271601423699,20.0,20.5,44.0,0.5882352941176471,0.6908212560386473,0.6965910869565218
2022-10-14,2022-10-14 10:05:00,2022-10-14 10:11:00,2022-10-14 10:16:00,short,5273.5,5288.0,5288.0,5267.0,-14.5,-145.0,limit_touch,stop_loss,-1.0,2022-10-14 10:05:00,1,-16.5,-21.5,-28.0,-34.0,63.5,-0.3023536511768256,-0.33858267716535434,29.943749999999998,1.8367772907534963,343560.0,1.2025943498321154,21.5,28.0,34.0,0.33858267716535434,0.3023536511768256,0.6691464492753624
2022-10-17,2022-10-17 10:15:00,2022-10-17 10:19:00,2022-10-17 10:26:00,short,5287.5,5282.5,5298.5,5282.5,5.0,50.0,limit_touch,take_profit,-1.0,2022-10-17 10:15:00,1,-4.0,-13.0,-15.5,-5.0,30.0,-0.5663265306122449,-0.43333333333333335,29.733333333333334,1.3284753363228698,244001.0,0.7394411120906309,13.0,15.5,5.0,0.43333333333333335,0.5663265306122449,0.3345878260869565
2022-10-17,2022-10-17 10:41:00,2022-10-17 10:43:00,2022-10-17 10:56:00,short,5281.5,5293.0,5293.0,5276.0,-11.5,-115.0,limit_touch,stop_loss,-1.0,2022-10-17 10:41:00,2,-7.0,-13.5,-21.0,-19.0,31.5,-0.4418604651162791,-0.42857142857142855,29.733333333333334,1.5975336322869955,354208.0,0.8161330169999679,13.5,21.0,19.0,0.42857142857142855,0.4418604651162791,0.44063471014492755
2022-10-18,2022-10-18 10:39:00,2022-10-18 10:40:00,2022-10-18 10:54:00,short,5264.5,5274.5,5274.5,5260.0,-10.0,-100.0,limit_touch,stop_loss,-1.0,2022-10-18 10:39:00,1,-12.5,-26.5,-20.5,-30.5,34.5,-0.9113428943937418,-0.7681159420289855,28.26,1.4508138711960368,371947.0,0.8802273708311036,26.5,20.5,30.5,0.7681159420289855,0.9113428943937418,0.6862678260869566
2022-10-18,2022-10-18 11:27:00,2022-10-18 11:34:00,2022-10-18 11:39:00,long,5291.5,5296.5,5281.0,5296.5,5.0,50.0,limit_touch,take_profit,1.0,2022-10-18 11:27:00,2,13.5,23.0,24.0,14.5,34.0,0.6666666666666666,0.6764705882352942,28.26,1.7692852087756545,531708.0,0.8828395313997458,23.0,24.0,14.5,0.6764705882352942,0.6666666666666666,0.592391231884058
2022-10-18,2022-10-18 12:24:00,2022-10-18 12:46:00,2022-10-18 12:48:00,long,5297.5,5302.5,5286.5,5302.5,5.0,50.0,limit_touch,take_profit,1.0,2022-10-18 12:24:00,3,8.0,17.0,18.5,17.0,43.0,0.5967302452316077,0.3953488372093023,28.26,2.052370842179759,700529.0,0.9323647818142669,17.0,18.5,17.0,0.3953488372093023,0.5967302452316077,0.5143603623188406
2022-10-19,2022-10-19 10:39:00,2022-10-19 10:40:00,2022-10-19 10:45:00,short,5287.5,5299.0,5299.0,5282.0,-11.5,-115.0,limit_touch,stop_loss,-1.0,2022-10-19 10:39:00,1,-7.5,-10.0,-15.5,-8.5,34.0,-0.2779783393501805,-0.29411764705882354,27.477272727272727,1.164598842018197,365492.0,0.8649170375347502,10.0,15.5,8.5,0.29411764705882354,0.2779783393501805,0.2763753623188406
2022-10-19,2022-10-19 11:25:00,2022-10-19 11:33:00,2022-10-19 11:40:00,short,5278.0,5272.5,5289.5,5272.5,5.5,55.0,limit_touch,take_profit,-1.0,2022-10-19 11:25:00,2,-9.0,-20.5,-26.5,-20.0,31.5,-0.7430167597765364,-0.6507936507936508,27.477272727272727,1.619520264681555,531412.0,0.8932836220437719,20.5,26.5,20.0,0.6507936507936508,0.7430167597765364,0.6033793478260869
2022-10-20,2022-10-20 11:23:00,2022-10-20 11:35:00,2022-10-20 11:40:00,short,5232.5,5227.0,5244.5,5227.0,5.5,55.0,limit_touch,take_profit,-1.0,2022-10-20 11:23:00,1,-4.0,-14.0,-17.5,-39.0,25.0,-0.7874015748031497,-0.56,26.3,1.8441064638783269,584041.0,0.9910486085398638,14.0,17.5,39.0,0.56,0.7874015748031497,0.6634821014492753
2022-10-20,2022-10-20 11:55:00,2022-10-20 12:21:00,2022-10-20 12:38:00,short,5220.5,5215.0,5232.5,5215.0,5.5,55.0,limit_touch,take_profit,-1.0,2022-10-20 11:55:00,2,-3.0,-20.5,-15.0,-52.0,28.5,-0.9527824620573356,-0.7192982456140351,26.3,2.4714828897338403,682770.0,0.9978376797900298,20.5,15.0,52.0,0.7192982456140351,0.9527824620573356,0.8201852898550724
2022-10-21,2022-10-21 10:02:00,2022-10-21 10:02:00,2022-10-21 10:02:00,short,5248.5,5243.5,5259.0,5243.5,5.0,50.0,limit_touch,take_profit,-1.0,2022-10-21 10:02:00,1,-22.5,-29.0,-27.5,1.5,47.0,-0.7333333333333333,-0.6170212765957447,25.776923076923076,1.939719486720382,260862.0,0.9668138841948489,29.0,27.5,-1.5,0.6170212765957447,0.7333333333333333,0.5717535507246377
2022-10-21,2022-10-21 10:03:00,2022-10-21 10:03:00,2022-10-21 10:04:00,short,5248.0,5243.0,5258.5,5243.0,5.0,50.0,limit_touch,take_profit,-1.0,2022-10-21 10:03:00,2,-28.0,-39.5,-40.0,-9.0,57.5,-0.8155136268343816,-0.6869565217391305,25.776923076923076,1.9591166815875858,276038.0,1.0058345555840515,39.5,40.0,9.0,0.6869565217391305,0.8155136268343816,0.6393760869565217
2022-10-21,2022-10-21 10:09:00,2022-10-21 10:11:00,2022-10-21 10:13:00,short,5240.0,5251.0,5251.0,5235.0,-11.0,-110.0,limit_touch,stop_loss,-1.0,2022-10-21 10:09:00,3,-13.5,-46.0,-44.0,-14.0,69.0,-0.6850152905198776,-0.6666666666666666,25.776923076923076,2.3858549686660697,327822.0,1.0841138864908402,46.0,44.0,14.0,0.6666666666666666,0.6850152905198776,0.7084605072463768
2022-10-21,2022-10-21 11:09:00,2022-10-21 11:24:00,2022-10-21 11:34:00,short,5207.0,5219.5,5219.5,5201.0,-12.5,-125.0,limit_touch,stop_loss,-1.0,2022-10-21 11:09:00,4,-17.5,-29.5,-45.0,-63.5,49.5,-0.7263397947548461,-0.5959595959595959,25.776923076923076,4.092808116980006,689956.0,1.2787632347693063,29.5,45.0,63.5,0.5959595959595959,0.7263397947548461,0.9188917391304346
2022-10-24,2022-10-24 11:23:00,2022-10-24 12:11:00,2022-10-24 12:25:00,long,5284.0,5269.5,5269.5,5290.5,-14.5,-145.0,limit_touch,stop_loss,1.0,2022-10-24 11:23:00,1,16.5,19.0,13.0,99.5,36.0,0.7006578947368421,0.5277777777777778,26.860714285714288,3.7973673713601914,660210.0,1.1191706893376194,19.0,13.0,99.5,0.5277777777777778,0.7006578947368421,0.850086231884058
2022-10-25,2022-10-25 10:04:00,2022-10-25 10:19:00,2022-10-25 10:30:00,long,5345.5,5334.0,5334.0,5350.5,-11.5,-115.0,limit_touch,stop_loss,1.0,2022-10-25 10:04:00,1,1.5,-0.5,20.5,53.0,23.5,-0.18007662835249041,-0.02127659574468085,27.249999999999996,2.4770642201834865,306259.0,1.09849074497184,-0.5,20.5,53.0,-0.02127659574468085,-0.18007662835249041,0.41206195652173916
2022-10-25,2022-10-25 13:21:00,2022-10-25 13:42:00,2022-10-25 14:15:00,short,5301.5,5313.5,5313.5,5296.0,-12.0,-120.0,limit_touch,stop_loss,-1.0,2022-10-25 13:21:00,2,0.0,-7.0,-11.0,-11.0,21.0,-0.25,-0.3333333333333333,27.249999999999996,2.9908256880733948,955436.0,1.1298847655176358,7.0,11.0,11.0,0.3333333333333333,0.25,0.4106545652173913
2022-10-26,2022-10-26 10:22:00,2022-10-26 10:32:00,2022-10-26 10:37:00,long,5325.5,5314.0,5314.0,5330.5,-11.5,-115.0,limit_touch,stop_loss,1.0,2022-10-26 10:22:00,1,7.0,11.5,9.5,38.0,25.5,0.5412186379928315,0.45098039215686275,27.075,2.0498614958448753,359184.0,1.0116799028383505,11.5,9.5,38.0,0.45098039215686275,0.5412186379928315,0.6046705072463768
2022-10-26,2022-10-26 11:35:00,2022-10-26 12:00:00,2022-10-26 12:11:00,long,5327.5,5333.0,5315.5,5333.0,5.5,55.0,limit_touch,take_profit,1.0,2022-10-26 11:35:00,2,11.5,19.0,3.0,39.5,28.0,0.8578431372549019,0.6785714285714286,27.075,2.142197599261311,643915.0,1.0246310430248555,19.0,3.0,39.5,0.6785714285714286,0.8578431372549019,0.7699153623188405
2022-10-28,2022-10-28 11:00:00,2022-10-28 11:00:00,2022-10-28 11:00:00,short,5340.5,5333.0,5356.5,5333.0,7.5,75.0,limit_touch,take_profit,-1.0,2022-10-28 11:00:00,1,-4.0,-5.0,-14.5,-13.0,33.0,-0.08713692946058091,-0.15151515151515152,28.374999999999996,2.0440528634361237,516745.0,1.0273336347051205,5.0,14.5,13.0,0.15151515151515152,0.08713692946058091,0.2822757246376812
2022-10-28,2022-10-28 14:11:00,2022-10-28 14:21:00,2022-10-28 14:23:00,short,5333.0,5326.0,5347.5,5326.0,7.0,70.0,limit_touch,take_profit,-1.0,2022-10-28 14:11:00,2,-10.0,-11.5,-24.5,-28.0,22.5,-0.746938775510204,-0.5111111111111111,28.374999999999996,2.3964757709251105,869970.0,0.9512000768567009,11.5,24.5,28.0,0.5111111111111111,0.746938775510204,0.578599420289855
2022-10-31,2022-10-31 10:17:00,2022-10-31 10:28:00,2022-10-31 10:34:00,short,5364.5,5356.0,5382.5,5356.0,8.5,85.0,limit_touch,take_profit,-1.0,2022-10-31 10:17:00,1,-12.5,-29.5,-35.5,-91.5,38.5,-0.9254457050243112,-0.7662337662337663,28.5,3.6666666666666665,404886.0,1.20314850096747,29.5,35.5,91.5,0.7662337662337663,0.9254457050243112,0.9484843478260869
2022-10-31,2022-10-31 11:27:00,2022-10-31 12:31:00,2022-10-31 12:36:00,short,5289.5,5280.0,5310.5,5280.0,9.5,95.0,limit_touch,take_profit,-1.0,2022-10-31 11:27:00,2,-6.5,6.5,-56.0,-180.5,49.5,0.18435754189944134,0.13131313131313133,28.5,7.175438596491228,702461.0,1.1661684144162354,-6.5,56.0,180.5,-0.13131313131313133,-0.18435754189944134,0.4733805072463768
2022-11-01,2022-11-01 11:42:00,2022-11-01 11:57:00,2022-11-01 12:03:00,short,5176.5,5167.5,5195.5,5167.5,9.0,90.0,limit_touch,take_profit,-1.0,2022-11-01 11:42:00,1,0.0,-28.0,-59.5,-17.5,54.0,-0.7101063829787234,-0.5185185185185185,30.9375,2.6666666666666665,788339.0,1.2136003337505215,28.0,59.5,17.5,0.5185185185185185,0.7101063829787234,0.7090626086956522
2022-11-01,2022-11-01 13:06:00,2022-11-01 13:15:00,2022-11-01 13:44:00,short,5148.5,5140.0,5167.0,5140.0,8.5,85.0,limit_touch,take_profit,-1.0,2022-11-01 13:06:00,2,-20.5,-28.5,-19.5,-55.0,47.5,-0.7397379912663755,-0.6,30.9375,3.878787878787879,1044267.0,1.2666026249813516,28.5,19.5,55.0,0.6,0.7397379912663755,0.9073664492753624
2022-11-03,2022-11-03 12:48:00,2022-11-03 14:59:00,2022-11-03 15:16:00,short,5150.0,5140.5,5171.0,5140.5,9.5,95.0,better_open,take_profit,-1.0,2022-11-03 12:48:00,1,-6.5,-27.0,-27.5,-92.0,31.0,-0.9547511312217195,-0.8709677419354839,30.9375,4.4929292929292926,993940.0,1.2499373054885097,27.0,27.5,92.0,0.8709677419354839,0.9547511312217195,0.9588811594202897
2022-11-04,2022-11-04 10:17:00,2022-11-04 10:44:00,2022-11-04 10:55:00,short,5076.0,5068.5,5092.0,5068.5,7.5,75.0,limit_touch,take_profit,-1.0,2022-11-04 10:17:00,1,-2.0,-11.0,-24.5,-30.0,24.0,-0.625,-0.4583333333333333,30.9375,2.973737373737374,447741.0,1.3206985522267012,11.0,24.5,30.0,0.4583333333333333,0.625,0.6549084057971014
2022-11-04,2022-11-04 11:06:00,2022-11-04 11:35:00,2022-11-04 11:37:00,short,5074.5,5067.0,5091.0,5067.0,7.5,75.0,limit_touch,take_profit,-1.0,2022-11-04 11:06:00,2,-5.5,-17.5,-13.0,-30.0,44.5,-0.5191122071516646,-0.39325842696629215,30.9375,3.0383838383838384,637717.0,1.194372794322701,17.5,13.0,30.0,0.39325842696629215,0.5191122071516646,0.6931723913043478
2022-11-04,2022-11-04 12:01:00,2022-11-04 12:49:00,2022-11-04 13:09:00,short,5072.5,5065.5,5088.0,5065.5,7.0,70.0,limit_touch,take_profit,-1.0,2022-11-04 12:01:00,3,-1.5,-1.5,-15.0,-36.0,20.5,-0.08176100628930817,-0.07317073170731707,30.9375,3.1353535353535356,805153.0,1.1417952488362932,1.5,15.0,36.0,0.07317073170731707,0.08176100628930817,0.40875355072463765
2022-11-07,2022-11-07 11:03:00,2022-11-07 11:08:00,2022-11-07 11:10:00,short,5086.0,5079.5,5099.5,5079.5,6.5,65.0,limit_touch,take_profit,-1.0,2022-11-07 11:03:00,1,-2.0,-9.0,-14.0,-14.0,26.0,-0.6869158878504673,-0.34615384615384615,30.9375,2.0525252525252524,482334.0,0.9213596728496374,9.0,14.0,14.0,0.34615384615384615,0.6869158878504673,0.3695185507246377
2022-11-07,2022-11-07 11:59:00,2022-11-07 12:09:00,2022-11-07 12:21:00,long,5120.0,5127.0,5104.5,5127.0,7.0,70.0,limit_touch,take_profit,1.0,2022-11-07 11:59:00,2,7.5,16.0,23.0,45.5,35.0,0.527027027027027,0.45714285714285713,30.9375,2.1494949494949496,706399.0,1.0079941152695129,16.0,23.0,45.5,0.45714285714285713,0.527027027027027,0.6917113043478261
2022-11-08,2022-11-08 10:22:00,2022-11-08 10:25:00,2022-11-08 10:28:00,short,5210.5,5203.5,5225.5,5203.5,7.0,70.0,limit_touch,take_profit,-1.0,2022-11-08 10:22:00,1,-10.0,-31.0,-28.0,7.0,49.0,-0.8279158699808795,-0.6326530612244898,30.9375,2.56969696969697,414189.0,1.1546510063855495,31.0,28.0,-7.0,0.6326530612244898,0.8279158699808795,0.6555946376811594
2022-11-08,2022-11-08 13:50:00,2022-11-08 14:08:00,2022-11-08 14:23:00,short,5181.5,5175.5,5195.0,5175.5,6.0,60.0,limit_touch,take_profit,-1.0,2022-11-08 13:50:00,2,-2.5,-16.0,-17.0,-46.5,31.0,-0.5844748858447488,-0.5161290322580645,30.9375,3.8141414141414143,963112.0,1.080794993310343,16.0,17.0,46.5,0.5161290322580645,0.5844748858447488,0.7742807246376812
2022-11-09,2022-11-09 11:18:00,2022-11-09 11:21:00,2022-11-09 11:26:00,short,5182.5,5196.0,5196.0,5176.0,-13.5,-135.0,limit_touch,stop_loss,-1.0,2022-11-09 11:18:00,1,-5.0,-8.0,-13.0,-20.5,24.0,-0.46153846153846156,-0.3333333333333333,36.629999999999995,1.2831012831012834,497864.0,0.8640043704879378,8.0,13.0,20.5,0.3333333333333333,0.46153846153846156,0.33319137681159416
2022-11-09,2022-11-09 12:09:00,2022-11-09 12:09:00,2022-11-09 12:09:00,short,5177.5,5170.5,5192.5,5170.5,7.0,70.0,limit_touch,take_profit,-1.0,2022-11-09 12:09:00,2,-7.0,-19.0,-26.0,-17.5,41.0,-0.6931506849315069,-0.4634146341463415,36.629999999999995,1.4605514605514607,672676.0,0.9275092200399145,19.0,26.0,17.5,0.4634146341463415,0.6931506849315069,0.5265996376811594
2022-11-09,2022-11-09 12:11:00,2022-11-09 12:17:00,2022-11-09 12:33:00,short,5172.0,5187.0,5187.0,5165.0,-15.0,-150.0,limit_touch,stop_loss,-1.0,2022-11-09 12:11:00,3,-15.0,-36.0,-34.0,-32.0,51.0,-0.9014084507042254,-0.7058823529411765,36.629999999999995,1.6653016653016655,691087.0,0.9469281610190898,36.0,34.0,32.0,0.7058823529411765,0.9014084507042254,0.7330017391304349
2022-11-09,2022-11-09 13:44:00,2022-11-09 13:59:00,2022-11-09 14:02:00,short,5171.5,5165.0,5186.0,5165.0,6.5,65.0,limit_touch,take_profit,-1.0,2022-11-09 13:44:00,4,-8.0,-13.5,-15.5,-35.5,28.5,-0.5699658703071673,-0.47368421052631576,36.629999999999995,1.6789516789516792,884001.0,1.0022192783009,13.5,15.5,35.5,0.47368421052631576,0.5699658703071673,0.6047384057971014
2022-11-10,2022-11-10 11:42:00,2022-11-10 11:52:00,2022-11-10 12:15:00,long,5351.5,5362.0,5329.5,5362.0,10.5,105.0,limit_touch,take_profit_gap_open,1.0,2022-11-10 11:42:00,1,11.0,33.5,33.5,106.0,48.5,0.7814096016343207,0.6907216494845361,33.725,3.5137138621200887,918171.0,1.4090650875526862,33.5,33.5,106.0,0.6907216494845361,0.7814096016343207,0.9612717391304347
2022-11-11,2022-11-11 10:25:00,2022-11-11 10:27:00,2022-11-11 10:29:00,short,5326.5,5316.0,5349.0,5316.0,10.5,105.0,limit_touch,take_profit,-1.0,2022-11-11 10:25:00,1,-38.5,-44.0,-88.5,-39.5,86.0,-0.4954128440366973,-0.5116279069767442,36.32142857142857,3.6755162241887906,454073.0,1.2196311316397601,44.0,88.5,39.5,0.5116279069767442,0.4954128440366973,0.8499563043478262
2022-11-11,2022-11-11 12:29:00,2022-11-11 13:04:00,2022-11-11 13:09:00,short,5308.5,5331.0,5331.0,5298.0,-22.5,-225.0,limit_touch,stop_loss,-1.0,2022-11-11 12:29:00,2,-4.5,-26.5,-46.5,-77.5,48.5,-0.6238881829733164,-0.5463917525773195,36.32142857142857,4.336283185840708,907058.0,1.1720860550771568,26.5,46.5,77.5,0.5463917525773195,0.6238881829733164,0.8926330434782608
2022-11-16,2022-11-16 10:05:00,2022-11-16 10:11:00,2022-11-16 10:21:00,short,5344.0,5336.5,5360.5,5336.5,7.5,75.0,limit_touch,take_profit,-1.0,2022-11-16 10:05:00,1,-6.5,-20.5,-21.0,-27.0,55.5,-0.44529262086513993,-0.36936936936936937,36.68333333333333,1.8400726942298957,353157.0,1.2068238272614782,20.5,21.0,27.0,0.36936936936936937,0.44529262086513993,0.6412607246376811
2022-11-16,2022-11-16 10:47:00,2022-11-16 10:50:00,2022-11-16 10:55:00,short,5339.0,5331.0,5356.0,5331.0,8.0,80.0,limit_touch,take_profit,-1.0,2022-11-16 10:47:00,2,-12.5,-34.0,-25.5,-37.5,65.0,-0.6666666666666666,-0.5230769230769231,36.68333333333333,2.017264879600182,539557.0,1.1562156634064258,34.0,25.5,37.5,0.5230769230769231,0.6666666666666666,0.7861294927536232
2022-11-16,2022-11-16 11:20:00,2022-11-16 11:38:00,2022-11-16 11:51:00,short,5327.0,5344.0,5344.0,5319.0,-17.0,-170.0,limit_touch,stop_loss,-1.0,2022-11-16 11:20:00,3,-2.5,4.5,-19.0,-41.5,52.5,0.01998262380538662,0.08571428571428572,36.68333333333333,2.4534302589731944,681318.0,1.1544123704056115,-4.5,19.0,41.5,-0.08571428571428572,-0.01998262380538662,0.3886064492753623
2022-11-17,2022-11-17 11:50:00,2022-11-17 12:11:00,2022-11-17 12:25:00,short,5475.5,5467.0,5493.5,5467.0,8.5,85.0,limit_touch,take_profit,-1.0,2022-11-17 11:50:00,1,-19.5,-28.0,-42.0,-55.0,45.0,-0.684596577017115,-0.6222222222222222,36.69,2.630144453529572,733401.0,1.0665069574433184,28.0,42.0,55.0,0.6222222222222222,0.684596577017115,0.8564895652173913
2022-11-18,2022-11-18 10:03:00,2022-11-18 10:11:00,2022-11-18 10:37:00,short,5360.0,5377.0,5377.0,5352.0,-17.0,-170.0,limit_touch,stop_loss,-1.0,2022-11-18 10:03:00,1,-8.5,-26.5,-16.0,-54.5,45.5,-0.7306468716861082,-0.5824175824175825,37.29545454545454,1.8232784887263866,292358.0,1.0191431100728683,26.5,16.0,54.5,0.5824175824175825,0.7306468716861082,0.7914155797101449
2022-11-21,2022-11-21 10:06:00,2022-11-21 10:49:00,2022-11-21 10:55:00,short,5332.5,5325.5,5348.0,5325.5,7.0,70.0,limit_touch,take_profit,-1.0,2022-11-21 10:06:00,1,-9.5,-13.5,-17.5,-84.0,45.5,-0.39670468948035487,-0.2967032967032967,35.887499999999996,2.4799721351445494,309601.0,1.022261859321902,13.5,17.5,84.0,0.2967032967032967,0.39670468948035487,0.6574795652173913
2022-11-22,2022-11-22 10:06:00,2022-11-22 10:07:00,2022-11-22 10:08:00,long,5320.0,5326.0,5307.5,5326.0,6.0,60.0,limit_touch,take_profit,1.0,2022-11-22 10:06:00,1,1.5,5.5,10.0,-1.0,41.5,0.30618401206636503,0.13253012048192772,35.18076923076923,1.122772493713786,281086.0,0.9238520842759841,5.5,10.0,-1.0,0.13253012048192772,0.30618401206636503,0.15395891304347828
2022-11-22,2022-11-22 10:34:00,2022-11-22 10:41:00,2022-11-22 11:06:00,long,5337.0,5324.0,5324.0,5343.0,-13.0,-130.0,limit_touch,stop_loss,1.0,2022-11-22 10:34:00,2,7.0,19.0,36.0,28.0,53.0,0.6339869281045751,0.3584905660377358,35.18076923076923,1.7623264458292338,405518.0,0.971185219672106,19.0,36.0,28.0,0.3584905660377358,0.6339869281045751,0.5771988405797102
2022-11-22,2022-11-22 11:43:00,2022-11-22 11:53:00,2022-11-22 12:04:00,long,5355.5,5341.0,5341.0,5362.0,-14.5,-145.0,limit_touch,stop_loss,1.0,2022-11-22 11:43:00,3,2.5,22.5,36.5,50.5,55.5,0.6731107205623902,0.40540540540540543,35.18076923076923,2.4587296381327213,668109.0,0.9966453240023301,22.5,36.5,50.5,0.40540540540540543,0.6731107205623902,0.7335110144927536
2022-11-23,2022-11-23 10:14:00,2022-11-23 10:16:00,2022-11-23 10:30:00,long,5390.0,5395.5,5378.0,5395.5,5.5,55.0,limit_touch,take_profit,1.0,2022-11-23 10:14:00,1,0.5,7.5,1.0,45.5,26.5,0.5524079320113314,0.2830188679245283,35.19642857142857,1.4348046676813802,239401.0,0.7095833013674736,7.5,1.0,45.5,0.2830188679245283,0.5524079320113314,0.39669992753623196
2022-11-23,2022-11-23 10:44:00,2022-11-23 11:05:00,2022-11-23 11:12:00,long,5403.0,5409.0,5390.5,5409.0,6.0,60.0,limit_touch,take_profit,1.0,2022-11-23 10:44:00,2,17.0,25.0,20.0,65.5,48.0,0.8103186646433991,0.5208333333333334,35.19642857142857,1.9320142059868088,354853.0,0.773389831856788,25.0,20.0,65.5,0.5208333333333334,0.8103186646433991,0.7158379710144928
2022-11-24,2022-11-24 10:27:00,2022-11-24 10:32:00,2022-11-24 11:00:00,long,5335.0,5321.0,5321.0,5341.5,-14.0,-140.0,limit_touch,stop_loss,1.0,2022-11-24 10:27:00,1,1.0,3.5,10.0,13.5,22.5,0.14285714285714285,0.15555555555555556,34.21,1.0230926629640456,274006.0,0.7056755936108398,3.5,10.0,13.5,0.15555555555555556,0.14285714285714285,0.13165536231884056
2022-11-24,2022-11-24 11:50:00,2022-11-24 11:52:00,2022-11-24 12:06:00,short,5316.0,5310.0,5329.0,5310.0,6.0,60.0,limit_touch,take_profit,-1.0,2022-11-24 11:50:00,2,-1.5,-16.5,-17.5,-16.0,39.5,-0.5384615384615384,-0.4177215189873418,34.21,1.0669394913767904,465214.0,0.6737908067545157,16.5,17.5,16.0,0.4177215189873418,0.5384615384615384,0.41009811594202894
2022-11-24,2022-11-24 14:46:00,2022-11-24 14:51:00,2022-11-24 14:59:00,long,5338.0,5327.0,5327.0,5343.0,-11.0,-110.0,limit_touch,stop_loss,1.0,2022-11-24 14:46:00,3,6.0,10.5,7.0,20.5,27.5,0.31805157593123207,0.38181818181818183,34.21,1.198479976615025,673843.0,0.6676817331190376,10.5,7.0,20.5,0.38181818181818183,0.31805157593123207,0.3500386956521739
2022-11-25,2022-11-25 10:22:00,2022-11-25 10:36:00,2022-11-25 10:39:00,long,5348.5,5353.5,5338.0,5353.5,5.0,50.0,limit_touch,take_profit,1.0,2022-11-25 10:22:00,1,2.5,10.0,42.0,31.0,38.0,0.20714285714285716,0.2631578947368421,32.840624999999996,1.5681796555333525,279368.0,0.7592092177578017,10.0,42.0,31.0,0.2631578947368421,0.20714285714285716,0.39184717391304347
2022-11-25,2022-11-25 10:58:00,2022-11-25 11:05:00,2022-11-25 11:07:00,long,5355.0,5360.0,5344.5,5360.0,5.0,50.0,limit_touch,take_profit,1.0,2022-11-25 10:58:00,2,-0.5,9.5,10.5,41.0,22.5,0.4841628959276018,0.4222222222222222,32.840624999999996,1.8270054239223525,371655.0,0.7281902936566887,9.5,10.5,41.0,0.4222222222222222,0.4841628959276018,0.48490253623188406
2022-11-25,2022-11-25 12:20:00,2022-11-25 13:03:00,2022-11-25 13:16:00,long,5360.5,5365.5,5350.0,5365.5,5.0,50.0,limit_touch,take_profit,1.0,2022-11-25 12:20:00,3,-0.5,10.0,13.0,50.0,24.0,0.6146788990825688,0.4166666666666667,32.840624999999996,2.0553811019126464,532377.0,0.6975487409328012,10.0,13.0,50.0,0.4166666666666667,0.6146788990825688,0.524335
2022-11-25,2022-11-25 14:19:00,2022-11-25 14:25:00,2022-11-25 14:35:00,long,5393.0,5398.0,5382.0,5398.0,5.0,50.0,limit_touch,take_profit,1.0,2022-11-25 14:19:00,4,13.0,18.0,25.5,91.5,41.0,0.6147058823529412,0.43902439024390244,32.840624999999996,3.3647349890569993,736637.0,0.7663757777770303,18.0,25.5,91.5,0.43902439024390244,0.6147058823529412,0.7077069565217391
2022-11-28,2022-11-28 10:00:00,2022-11-28 10:03:00,2022-11-28 10:04:00,short,5385.5,5380.0,5398.0,5380.0,5.5,55.0,limit_touch,take_profit,-1.0,2022-11-28 10:00:00,1,-5.0,-15.0,-4.5,-47.0,32.0,-0.6697674418604651,-0.46875,33.02647058823529,2.0286757502894295,219187.0,0.807009469669077,15.0,4.5,47.0,0.46875,0.6697674418604651,0.621189420289855
2022-11-29,2022-11-29 12:40:00,2022-11-29 12:44:00,2022-11-29 12:51:00,short,5304.5,5299.5,5315.0,5299.5,5.0,50.0,limit_touch,take_profit_gap_open,-1.0,2022-11-29 12:40:00,1,-2.5,-11.5,-2.5,-35.5,19.5,-0.553072625698324,-0.5897435897435898,32.59166666666666,1.3040143185885964,572800.0,0.7169376199811316,11.5,2.5,35.5,0.5897435897435898,0.553072625698324,0.5232408695652174
2022-11-29,2022-11-29 13:37:00,2022-11-29 13:56:00,2022-11-29 14:05:00,short,5294.0,5289.0,5304.5,5289.0,5.0,50.0,limit_touch,take_profit,-1.0,2022-11-29 13:37:00,2,-0.5,-22.5,-14.0,-45.5,47.5,-0.6701195219123506,-0.47368421052631576,32.59166666666666,1.7335719764766047,680407.0,0.7637890770193022,22.5,14.0,45.5,0.47368421052631576,0.6701195219123506,0.6503423913043477
2022-11-30,2022-11-30 10:09:00,2022-11-30 10:18:00,2022-11-30 10:22:00,long,5330.5,5335.5,5319.5,5335.5,5.0,50.0,limit_touch,take_profit,1.0,2022-11-30 10:09:00,1,5.0,17.5,38.5,46.0,48.5,0.6158701532912534,0.36082474226804123,31.918421052631576,2.271415615467063,243759.0,0.7749064000613756,17.5,38.5,46.0,0.36082474226804123,0.6158701532912534,0.6067789130434782
2022-12-01,2022-12-01 11:31:00,2022-12-01 11:33:00,2022-12-01 11:40:00,short,5214.0,5208.5,5226.0,5208.5,5.5,55.0,limit_touch,take_profit,-1.0,2022-12-01 11:31:00,1,-2.5,-17.0,-30.0,-14.0,39.0,-0.41134751773049644,-0.4358974358974359,32.475,1.3856812933025404,467586.0,0.7602926932671026,17.0,30.0,14.0,0.4358974358974359,0.41134751773049644,0.4324117391304348
2022-12-01,2022-12-01 11:50:00,2022-12-01 11:56:00,2022-12-01 11:59:00,short,5207.5,5202.0,5220.0,5202.0,5.5,55.0,limit_touch,take_profit,-1.0,2022-12-01 11:50:00,2,-5.5,-15.5,-21.0,-23.5,35.5,-0.4555765595463138,-0.43661971830985913,32.475,1.6474210931485758,539168.0,0.800323908963294,15.5,21.0,23.5,0.43661971830985913,0.4555765595463138,0.49302108695652175
2022-12-02,2022-12-02 10:25:00,2022-12-02 10:29:00,2022-12-02 10:30:00,long,5218.0,5223.0,5207.5,5223.0,5.0,50.0,limit_touch,take_profit,1.0,2022-12-02 10:25:00,1,3.5,1.5,4.5,6.5,26.5,0.22709163346613545,0.05660377358490566,32.475,1.0161662817551962,221981.0,0.5974811859186393,1.5,4.5,6.5,0.05660377358490566,0.22709163346613545,0.04807992753623188
2022-12-02,2022-12-02 10:35:00,2022-12-02 10:40:00,2022-12-02 10:53:00,long,5248.5,5236.5,5236.5,5254.0,-12.0,-120.0,limit_touch,stop_loss,1.0,2022-12-02 10:35:00,2,32.0,33.0,33.0,36.0,73.0,0.8366571699905033,0.4520547945205479,32.475,2.2786759045419553,298298.0,0.7255220698945359,33.0,33.0,36.0,0.4520547945205479,0.8366571699905033,0.6549452173913044
2022-12-02,2022-12-02 12:56:00,2022-12-02 13:12:00,2022-12-02 13:15:00,long,5251.5,5258.0,5237.5,5258.0,6.5,65.0,limit_touch,take_profit,1.0,2022-12-02 12:56:00,3,11.5,21.5,34.5,54.5,46.5,0.6663414634146342,0.46236559139784944,32.475,2.4018475750577366,755906.0,0.9269573464434809,21.5,34.5,54.5,0.46236559139784944,0.6663414634146342,0.7325920289855073
2022-12-05,2022-12-05 10:01:00,2022-12-05 10:05:00,2022-12-05 10:06:00,long,5268.0,5272.5,5258.5,5272.5,4.5,45.0,limit_touch,take_profit,1.0,2022-12-05 10:01:00,1,12.0,6.5,1.5,39.5,39.5,0.33751962323390894,0.16455696202531644,32.475,1.5704387990762123,203725.0,0.7483199761977496,6.5,1.5,39.5,0.16455696202531644,0.33751962323390894,0.34440340579710144
2022-12-05,2022-12-05 12:00:00,2022-12-05 12:06:00,2022-12-05 12:09:00,long,5272.5,5277.0,5262.5,5277.0,4.5,45.0,limit_touch,take_profit,1.0,2022-12-05 12:00:00,2,4.5,9.5,5.0,39.0,15.5,0.7862595419847328,0.6129032258064516,32.475,1.770592763664357,517602.0,0.7398120971245467,9.5,5.0,39.0,0.6129032258064516,0.7862595419847328,0.5420057246376812
2022-12-05,2022-12-05 14:01:00,2022-12-05 14:24:00,2022-12-05 14:26:00,long,5278.5,5282.5,5269.5,5282.5,4.0,40.0,limit_touch,take_profit,1.0,2022-12-05 14:01:00,3,-1.0,3.0,6.5,58.0,16.0,0.47619047619047616,0.1875,32.475,2.0169361046959198,723288.0,0.7868336850615738,3.0,6.5,58.0,0.1875,0.47619047619047616,0.3632436231884058
2022-12-06,2022-12-06 10:06:00,2022-12-06 10:10:00,2022-12-06 10:15:00,short,5260.0,5268.5,5268.5,5256.0,-8.5,-85.0,limit_touch,stop_loss,-1.0,2022-12-06 10:06:00,1,-7.0,-6.0,-15.5,-52.0,23.0,-0.6071428571428571,-0.2608695652173913,32.475,1.7090069284064664,215122.0,0.728483982667173,6.0,15.5,52.0,0.2608695652173913,0.6071428571428571,0.39381072463768124
2022-12-07,2022-12-07 10:09:00,2022-12-07 10:20:00,2022-12-07 10:25:00,short,5257.5,5253.0,5267.5,5253.0,4.5,45.0,limit_touch,take_profit,-1.0,2022-12-07 10:09:00,1,-2.0,-1.0,-20.5,-41.0,26.0,0.11510791366906475,-0.038461538461538464,32.475,1.878367975365666,268243.0,0.8774636272430698,1.0,20.5,41.0,0.038461538461538464,-0.11510791366906475,0.30120500000000006
2022-12-07,2022-12-07 11:57:00,2022-12-07 12:10:00,2022-12-07 12:12:00,short,5252.0,5262.0,5262.0,5247.5,-10.0,-100.0,limit_touch,stop_loss,-1.0,2022-12-07 11:57:00,2,-1.0,-10.0,-4.0,-52.5,21.0,-0.5060240963855421,-0.47619047619047616,32.475,2.0939183987682832,543505.0,0.7939743235302389,10.0,4.0,52.5,0.47619047619047616,0.5060240963855421,0.5691613043478261
2022-12-08,2022-12-08 10:07:00,2022-12-08 10:20:00,2022-12-08 10:22:00,short,5247.5,5243.0,5257.0,5243.0,4.5,45.0,limit_touch,take_profit,-1.0,2022-12-08 10:07:00,1,-6.0,-15.0,-19.5,-11.5,29.0,-0.7450980392156863,-0.5172413793103449,22.349999999999998,1.7673378076062642,223672.0,0.7504542460577907,15.0,19.5,11.5,0.5172413793103449,0.7450980392156863,0.44478434782608695
2022-12-08,2022-12-08 10:39:00,2022-12-08 10:50:00,2022-12-08 10:51:00,short,5239.0,5234.5,5249.0,5234.5,4.5,45.0,limit_touch,take_profit,-1.0,2022-12-08 10:39:00,2,-2.0,-7.0,-11.5,-24.5,19.0,-0.47126436781609193,-0.3684210526315789,22.349999999999998,2.259507829977629,312835.0,0.7397265942510899,7.0,11.5,24.5,0.3684210526315789,0.47126436781609193,0.3743775362318841
2022-12-08,2022-12-08 12:16:00,2022-12-08 12:40:00,2022-12-08 12:50:00,short,5233.5,5243.0,5243.0,5229.0,-9.5,-95.0,limit_touch,stop_loss,-1.0,2022-12-08 12:16:00,3,-7.0,-1.5,-11.0,-32.5,21.5,0.0945273631840796,-0.06976744186046512,22.349999999999998,2.5950782997762865,509582.0,0.6954778038275241,1.5,11.0,32.5,0.06976744186046512,-0.0945273631840796,0.27059253623188406
2022-12-08,2022-12-08 14:14:00,2022-12-08 14:22:00,2022-12-08 14:30:00,short,5231.5,5241.0,5241.0,5227.0,-9.5,-95.0,limit_touch,stop_loss,-1.0,2022-12-08 14:14:00,4,-6.5,-4.5,-12.0,-34.0,26.5,-0.16607773851590105,-0.16981132075471697,22.349999999999998,2.72930648769575,680858.0,0.7305340996134873,4.5,12.0,34.0,0.16981132075471697,0.16607773851590105,0.33779014492753623
2022-12-09,2022-12-09 10:16:00,2022-12-09 10:19:00,2022-12-09 10:30:00,long,5270.5,5275.0,5261.0,5275.0,4.5,45.0,limit_touch,take_profit,1.0,2022-12-09 10:16:00,1,11.5,19.5,8.0,24.0,46.5,0.6639118457300276,0.41935483870967744,21.675,1.776239907727797,238258.0,0.7155106539938193,19.5,8.0,24.0,0.41935483870967744,0.6639118457300276,0.5172393478260869
2022-12-09,2022-12-09 10:58:00,2022-12-09 11:07:00,2022-12-09 11:11:00,long,5290.5,5279.5,5279.5,5295.5,-11.0,-110.0,limit_touch,stop_loss,1.0,2022-12-09 10:58:00,2,7.5,11.5,26.5,42.5,43.5,0.39476678043230945,0.26436781609195403,21.675,3.021914648212226,381492.0,0.7747115577373088,11.5,26.5,42.5,0.26436781609195403,0.39476678043230945,0.5239240579710145
2022-12-09,2022-12-09 12:43:00,2022-12-09 13:13:00,2022-12-09 13:15:00,short,5257.0,5252.0,5268.5,5252.0,5.0,50.0,limit_touch,take_profit,-1.0,2022-12-09 12:43:00,3,-0.5,-6.0,-7.5,-11.5,17.0,-0.484375,-0.35294117647058826,21.675,3.091118800461361,592040.0,0.7523495355995711,6.0,7.5,11.5,0.35294117647058826,0.484375,0.3026289130434783
2022-12-12,2022-12-12 12:40:00,2022-12-12 14:07:00,2022-12-12 14:16:00,long,5343.0,5348.0,5332.5,5348.0,5.0,50.0,limit_touch,take_profit,1.0,2022-12-12 12:40:00,1,11.0,18.0,27.0,108.0,29.0,0.5707070707070707,0.6206896551724138,21.45,5.524475524475525,594223.0,0.7669364987520341,18.0,27.0,108.0,0.6206896551724138,0.5707070707070707,0.77859
2022-12-13,2022-12-13 10:02:00,2022-12-13 10:12:00,2022-12-13 10:29:00,short,5313.5,5308.5,5324.0,5308.5,5.0,50.0,limit_touch,take_profit,-1.0,2022-12-13 10:02:00,1,-5.5,-24.0,-14.5,-37.0,39.0,-0.6107954545454546,-0.6153846153846154,23.2125,2.0893914916532044,233409.0,0.8648692111763177,24.0,14.5,37.0,0.6153846153846154,0.6107954545454546,0.7130405072463768
2022-12-13,2022-12-13 10:31:00,2022-12-13 10:34:00,2022-12-13 10:35:00,short,5284.0,5278.5,5296.0,5278.5,5.5,55.0,limit_touch,take_profit,-1.0,2022-12-13 10:31:00,2,-38.5,-30.5,-25.0,-61.0,52.5,-0.9605355884425651,-0.580952380952381,23.2125,3.79106085083468,319433.0,0.8362023007847159,30.5,25.0,61.0,0.580952380952381,0.9605355884425651,0.8068989855072464
2022-12-14,2022-12-14 12:52:00,2022-12-14 13:00:00,2022-12-14 13:30:00,short,5345.5,5339.5,5359.0,5339.5,6.0,60.0,limit_touch,take_profit,-1.0,2022-12-14 12:52:00,1,-16.0,-15.0,-23.5,3.5,31.0,-0.6593886462882096,-0.4838709677419355,23.76666666666667,2.5245441795231414,657230.0,0.8269710443325332,15.0,23.5,-3.5,0.4838709677419355,0.6593886462882096,0.4411184782608696
2022-12-14,2022-12-14 13:51:00,2022-12-14 14:14:00,2022-12-14 14:23:00,short,5330.5,5324.5,5343.5,5324.5,6.0,60.0,limit_touch,take_profit,-1.0,2022-12-14 13:51:00,2,-2.0,-19.5,-25.5,-16.0,33.5,-0.736346516007533,-0.582089552238806,23.76666666666667,3.366058906030855,762714.0,0.8593894555814585,19.5,25.5,16.0,0.582089552238806,0.736346516007533,0.6123479710144928
2022-12-15,2022-12-15 11:15:00,2022-12-15 11:32:00,2022-12-15 11:54:00,long,5342.5,5327.5,5327.5,5349.5,-15.0,-150.0,limit_touch,stop_loss,1.0,2022-12-15 11:15:00,1,4.0,17.0,34.5,4.0,39.0,0.5725593667546174,0.4358974358974359,24.36,2.2167487684729066,467687.0,0.8579008098219317,17.0,34.5,4.0,0.4358974358974359,0.5725593667546174,0.4494070289855072
2022-12-15,2022-12-15 12:33:00,2022-12-15 12:59:00,2022-12-15 13:09:00,long,5349.5,5356.0,5335.0,5356.0,6.5,65.0,limit_touch,take_profit,1.0,2022-12-15 12:33:00,2,12.0,18.0,23.0,16.0,26.0,0.9104477611940298,0.6923076923076923,24.36,2.6067323481116587,669059.0,0.8826896925601692,18.0,23.0,16.0,0.6923076923076923,0.9104477611940298,0.6173230434782608
2022-12-15,2022-12-15 14:32:00,2022-12-15 14:37:00,2022-12-15 14:55:00,short,5315.5,5329.0,5329.0,5309.5,-13.5,-135.0,limit_touch,stop_loss,-1.0,2022-12-15 14:32:00,3,-14.5,-35.5,-42.5,-45.5,64.5,-0.7023300047551118,-0.5503875968992248,24.36,2.7504105090311985,888335.0,0.9335139478018861,35.5,42.5,45.5,0.5503875968992248,0.7023300047551118,0.7932258695652173
2022-12-16,2022-12-16 10:12:00,2022-12-16 10:22:00,2022-12-16 10:25:00,short,5316.0,5311.0,5327.0,5311.0,5.0,50.0,limit_touch,take_profit,-1.0,2022-12-16 10:12:00,1,-1.0,-4.5,-18.0,-20.5,24.5,-0.422680412371134,-0.1836734693877551,23.972727272727273,1.751990898748578,215024.0,0.6851176035073256,4.5,18.0,20.5,0.1836734693877551,0.422680412371134,0.22244550724637682
2022-12-16,2022-12-16 10:28:00,2022-12-16 10:30:00,2022-12-16 10:32:00,short,5315.0,5310.0,5325.5,5310.0,5.0,50.0,limit_touch,take_profit,-1.0,2022-12-16 10:28:00,2,-6.0,3.0,-7.0,-22.0,25.0,0.03636363636363636,0.12,23.972727272727273,1.8145620022753128,247175.0,0.6670162799556897,-3.0,7.0,22.0,-0.12,-0.03636363636363636,0.15126079710144927
2022-12-16,2022-12-16 11:03:00,2022-12-16 11:17:00,2022-12-16 11:19:00,short,5302.0,5297.0,5312.5,5297.0,5.0,50.0,limit_touch,take_profit,-1.0,2022-12-16 11:03:00,3,-10.0,-18.0,-21.5,-42.5,26.0,-0.9013452914798207,-0.6923076923076923,23.972727272727273,2.5237011755783088,334426.0,0.6605186109791555,18.0,21.5,42.5,0.6923076923076923,0.9013452914798207,0.7025271014492753
2022-12-16,2022-12-16 13:19:00,2022-12-16 14:31:00,2022-12-16 14:33:00,short,5295.5,5291.0,5305.0,5291.0,4.5,45.0,limit_touch,take_profit,-1.0,2022-12-16 13:19:00,4,-10.5,-11.0,-21.0,-51.0,23.0,-0.55,-0.4782608695652174,23.972727272727273,2.899127796738718,605639.0,0.7216972090868808,11.0,21.0,51.0,0.4782608695652174,0.55,0.5987463768115941
2022-12-19,2022-12-19 12:17:00,2022-12-19 12:17:00,2022-12-19 12:17:00,short,5327.5,5323.0,5337.0,5323.0,4.5,45.0,limit_touch,take_profit,-1.0,2022-12-19 12:17:00,1,-9.5,-2.0,-9.0,-22.5,26.0,-0.3333333333333333,-0.07692307692307693,23.712500000000002,1.43384290985767,460720.0,0.6398378055418678,2.0,9.0,22.5,0.07692307692307693,0.3333333333333333,0.1607785507246377
2022-12-19,2022-12-19 12:21:00,2022-12-19 12:49:00,2022-12-19 12:56:00,short,5321.0,5316.5,5331.0,5316.5,4.5,45.0,limit_touch,take_profit,-1.0,2022-12-19 12:21:00,2,-13.0,-20.0,-21.5,-36.5,34.0,-0.835820895522388,-0.5882352941176471,23.712500000000002,1.813389562467053,479604.0,0.658644029972448,20.0,21.5,36.5,0.5882352941176471,0.835820895522388,0.6359389130434783
2022-12-20,2022-12-20 10:00:00,2022-12-20 10:01:00,2022-12-20 10:09:00,long,5327.0,5318.5,5318.5,5331.0,-8.5,-85.0,limit_touch,stop_loss,1.0,2022-12-20 10:00:00,1,4.5,1.0,10.5,24.0,26.0,0.16153846153846155,0.038461538461538464,23.065384615384616,1.474070368517592,147302.0,0.5721119226816577,1.0,10.5,24.0,0.038461538461538464,0.16153846153846155,0.1601431884057971
2022-12-20,2022-12-20 13:13:00,2022-12-20 14:06:00,2022-12-20 14:13:00,short,5222.5,5217.0,5234.5,5217.0,5.5,55.0,limit_touch,take_profit,-1.0,2022-12-20 13:13:00,2,-9.5,-2.5,-28.5,-117.5,28.5,-0.27384615384615385,-0.08771929824561403,23.065384615384616,6.524929131232283,732778.0,0.8912508899752327,2.5,28.5,117.5,0.08771929824561403,0.27384615384615385,0.4360620289855072
2022-12-21,2022-12-21 10:05:00,2022-12-21 10:05:00,2022-12-21 10:05:00,short,5185.0,5180.0,5196.0,5180.0,5.0,50.0,limit_touch,take_profit,-1.0,2022-12-21 10:05:00,1,-22.5,-22.0,-24.0,-25.0,66.0,-0.511166253101737,-0.3333333333333333,24.642857142857142,2.0898550724637683,222751.0,0.7981532852325464,22.0,24.0,25.0,0.3333333333333333,0.511166253101737,0.538775
2022-12-21,2022-12-21 10:14:00,2022-12-21 10:21:00,2022-12-21 10:23:00,short,5184.0,5179.0,5195.5,5179.0,5.0,50.0,limit_touch,take_profit,-1.0,2022-12-21 10:14:00,2,0.0,-23.5,-37.0,-32.5,51.5,-0.5908706677937448,-0.4563106796116505,24.642857142857142,2.1507246376811593,258407.0,0.8233999420916553,23.5,37.0,32.5,0.4563106796116505,0.5908706677937448,0.6341447826086956
2022-12-21,2022-12-21 10:38:00,2022-12-21 10:43:00,2022-12-21 10:46:00,short,5181.0,5192.5,5192.5,5176.0,-11.5,-115.0,better_open,stop_loss,-1.0,2022-12-21 10:38:00,3,-5.0,-9.0,-3.5,-35.0,33.0,-0.14146341463414633,-0.2727272727272727,24.642857142857142,2.3130434782608695,329654.0,0.8135692440252806,9.0,3.5,35.0,0.2727272727272727,0.14146341463414633,0.44451586956521744
2022-12-21,2022-12-21 11:05:00,2022-12-21 11:18:00,2022-12-21 11:23:00,long,5212.5,5218.0,5200.5,5218.0,5.5,55.0,limit_touch,take_profit,1.0,2022-12-21 11:05:00,4,16.5,33.5,47.0,14.5,36.5,0.9829642248722317,0.9178082191780822,24.642857142857142,2.4956521739130437,432011.0,0.8576638803557586,33.5,47.0,14.5,0.9178082191780822,0.9829642248722317,0.6651921739130434
2022-12-22,2022-12-22 11:42:00,2022-12-22 11:57:00,2022-12-22 12:06:00,short,5182.0,5177.0,5193.5,5177.0,5.0,50.0,limit_touch,take_profit,-1.0,2022-12-22 11:42:00,1,-10.5,-19.5,-36.0,-47.5,36.5,-0.43423423423423424,-0.5342465753424658,24.23,2.7238959966983076,458002.0,0.7382268641839357,19.5,36.0,47.5,0.5342465753424658,0.43423423423423424,0.7023165942028986
2022-12-23,2022-12-23 12:24:00,2022-12-23 13:41:00,2022-12-23 14:01:00,short,5136.5,5147.0,5147.0,5131.5,-10.5,-105.0,limit_touch,stop_loss,-1.0,2022-12-23 12:24:00,1,-5.5,-16.0,-32.5,-54.5,26.0,-0.6068376068376068,-0.6153846153846154,23.953125,2.588388780169602,503883.0,0.6953536280219716,16.0,32.5,54.5,0.6153846153846154,0.6068376068376068,0.6982710144927537
2022-12-26,2022-12-26 10:45:00,2022-12-26 10:54:00,2022-12-26 11:12:00,long,5186.0,5190.0,5177.0,5190.0,4.0,40.0,limit_touch,take_profit,1.0,2022-12-26 10:45:00,1,3.0,5.0,7.5,31.0,16.0,0.32653061224489793,0.3125,23.638235294117646,1.7133258678611423,151553.0,0.35734796703173627,5.0,7.5,31.0,0.3125,0.32653061224489793,0.3115024637681159
2022-12-26,2022-12-26 11:45:00,2022-12-26 11:52:00,2022-12-26 11:58:00,long,5187.5,5191.5,5179.0,5191.5,4.0,40.0,limit_touch,take_profit,1.0,2022-12-26 11:45:00,2,1.5,5.5,8.0,34.5,20.5,0.07234042553191489,0.2682926829268293,23.638235294117646,1.7979345526937913,212583.0,0.3433107405532471,5.5,8.0,34.5,0.2682926829268293,0.07234042553191489,0.32816760869565215
2022-12-27,2022-12-27 10:56:00,2022-12-27 11:41:00,2022-12-27 11:42:00,long,5271.0,5275.0,5262.0,5275.0,4.0,40.0,limit_touch,take_profit,1.0,2022-12-27 10:56:00,1,13.5,17.5,14.0,91.5,31.5,0.7655417406749556,0.5555555555555556,23.508333333333333,4.296348812477845,338666.0,0.7447106383003677,17.5,14.0,91.5,0.5555555555555556,0.7655417406749556,0.7485748550724638
2022-12-28,2022-12-28 10:03:00,2022-12-28 10:03:00,2022-12-28 10:03:00,long,5275.5,5279.5,5266.5,5279.5,4.0,40.0,limit_touch,take_profit,1.0,2022-12-28 10:03:00,1,3.5,7.0,16.5,8.5,25.0,0.5774647887323944,0.28,23.98421052631579,1.1257406188281764,147483.0,0.5655929516310513,7.0,16.5,8.5,0.28,0.5774647887323944,0.18403347826086952
2022-12-28,2022-12-28 10:53:00,2022-12-28 10:54:00,2022-12-28 10:57:00,long,5281.0,5272.0,5272.0,5285.0,-9.0,-90.0,limit_touch,stop_loss,1.0,2022-12-28 10:53:00,2,4.0,16.5,17.0,19.5,31.5,0.6714697406340058,0.5238095238095238,23.98421052631579,1.4384463462804478,254239.0,0.5753983424415923,16.5,17.0,19.5,0.5238095238095238,0.6714697406340058,0.48075804347826084
2022-12-28,2022-12-28 11:42:00,2022-12-28 11:52:00,2022-12-28 12:01:00,short,5260.5,5270.5,5270.5,5256.0,-10.0,-100.0,limit_touch,stop_loss,-1.0,2022-12-28 11:42:00,3,-4.0,-10.0,-24.0,-14.0,24.0,-0.5609756097560976,-0.4166666666666667,23.98421052631579,1.6260697827518105,361501.0,0.6045846623567063,10.0,24.0,14.0,0.4166666666666667,0.5609756097560976,0.3351496376811594
2022-12-29,2022-12-29 10:58:00,2022-12-29 11:14:00,2022-12-29 11:24:00,short,5243.5,5239.0,5253.5,5239.0,4.5,45.0,limit_touch,take_profit,-1.0,2022-12-29 10:58:00,1,-3.0,-10.0,-6.5,-49.0,26.0,-0.6690647482014388,-0.38461538461538464,23.7,3.1012658227848102,265166.0,0.5816229639215188,10.0,6.5,49.0,0.38461538461538464,0.6690647482014388,0.540097463768116
2023-01-02,2023-01-02 11:13:00,2023-01-02 11:43:00,2023-01-02 11:53:00,long,5378.0,5383.5,5366.0,5383.5,5.5,55.0,limit_touch,take_profit,1.0,2023-01-02 11:13:00,1,3.0,3.0,16.5,67.5,22.0,0.01020408163265306,0.13636363636363635,24.185714285714287,3.163024217365623,303675.0,0.6046089649501343,3.0,16.5,67.5,0.13636363636363635,0.01020408163265306,0.3797111594202899
2023-01-03,2023-01-03 12:32:00,2023-01-03 12:43:00,2023-01-03 12:45:00,long,5427.0,5432.0,5416.0,5432.0,5.0,50.0,limit_touch,take_profit,1.0,2023-01-03 12:32:00,1,8.5,16.5,33.5,17.5,36.5,0.5216494845360825,0.4520547945205479,24.185714285714287,3.1010041346721793,658695.0,0.9388095883872348,16.5,33.5,17.5,0.4520547945205479,0.5216494845360825,0.5747823913043478
2023-01-04,2023-01-04 10:39:00,2023-01-04 10:47:00,2023-01-04 11:13:00,short,5468.0,5480.0,5480.0,5462.5,-12.0,-120.0,limit_touch,stop_loss,-1.0,2023-01-04 10:39:00,1,1.5,-7.5,-8.5,-11.0,27.5,-0.4882154882154882,-0.2727272727272727,24.185714285714287,1.7779090372120496,332791.0,0.8667437473651458,7.5,8.5,11.0,0.2727272727272727,0.4882154882154882,0.27566753623188406
2023-01-04,2023-01-04 12:10:00,2023-01-04 12:16:00,2023-01-04 12:49:00,long,5496.0,5501.5,5484.5,5501.5,5.5,55.0,limit_touch,take_profit,1.0,2023-01-04 12:10:00,2,7.0,11.5,17.5,28.5,21.5,0.8385650224215246,0.5348837209302325,24.185714285714287,2.150029533372711,554487.0,0.8463508081949336,11.5,17.5,28.5,0.5348837209302325,0.8385650224215246,0.5459655797101449
2023-01-04,2023-01-04 13:13:00,2023-01-04 13:15:00,2023-01-04 13:35:00,short,5469.0,5481.5,5481.5,5463.0,-12.5,-125.0,limit_touch,stop_loss,-1.0,2023-01-04 13:13:00,3,-13.0,-29.0,-28.5,-12.5,54.0,-0.6441605839416058,-0.5370370370370371,24.185714285714287,2.2120496160661545,717131.0,0.9289837660055261,29.0,28.5,12.5,0.5370370370370371,0.6441605839416058,0.5990133333333333
2023-01-06,2023-01-06 10:05:00,2023-01-06 10:09:00,2023-01-06 10:10:00,short,5370.0,5366.0,5379.0,5366.0,4.0,40.0,limit_touch,take_profit,-1.0,2023-01-06 10:05:00,1,-5.5,-16.5,-3.0,-26.0,34.5,-0.7590361445783133,-0.4782608695652174,24.185714285714287,1.5091553455404607,197063.0,0.7525261712011073,16.5,3.0,26.0,0.4782608695652174,0.7590361445783133,0.5197771014492754
2023-01-06,2023-01-06 10:23:00,2023-01-06 10:27:00,2023-01-06 10:28:00,short,5368.0,5364.0,5377.0,5364.0,4.0,40.0,limit_touch,take_profit,-1.0,2023-01-06 10:23:00,2,-4.5,-6.0,-8.5,-30.0,33.0,-0.4413145539906103,-0.18181818181818182,24.185714285714287,1.633195510927348,236840.0,0.7332429043073222,6.0,8.5,30.0,0.18181818181818182,0.4413145539906103,0.30211927536231875
2023-01-06,2023-01-06 10:31:00,2023-01-06 10:31:00,2023-01-06 10:32:00,short,5367.0,5362.5,5376.5,5362.5,4.5,45.0,limit_touch,take_profit,-1.0,2023-01-06 10:31:00,3,-3.5,-7.0,-13.5,-31.5,43.0,-0.4436781609195402,-0.16279069767441862,24.185714285714287,1.6745422327229769,259537.0,0.7418050092186025,7.0,13.5,31.5,0.16279069767441862,0.4436781609195402,0.32256876811594204
2023-01-06,2023-01-06 10:36:00,2023-01-06 10:37:00,2023-01-06 10:37:00,short,5359.5,5355.0,5369.0,5355.0,4.5,45.0,limit_touch,take_profit,-1.0,2023-01-06 10:36:00,4,-5.5,-7.0,-10.5,-37.0,52.0,-0.33182503770739064,-0.1346153846153846,24.185714285714287,2.0880094506792677,287268.0,0.7782919506038869,7.0,10.5,37.0,0.1346153846153846,0.33182503770739064,0.3690044202898551
2023-01-06,2023-01-06 10:50:00,2023-01-06 11:45:00,2023-01-06 11:52:00,short,5322.5,5317.0,5334.0,5317.0,5.5,55.0,limit_touch,take_profit,-1.0,2023-01-06 10:50:00,5,-19.0,-55.5,-63.5,-88.0,79.5,-0.753014249177932,-0.6981132075471698,24.185714285714287,4.134672179562906,393882.0,0.9447331816297164,55.5,63.5,88.0,0.6981132075471698,0.753014249177932,0.8904874637681159
2023-01-09,2023-01-09 11:02:00,2023-01-09 11:04:00,2023-01-09 11:24:00,long,5318.0,5323.0,5307.0,5323.0,5.0,50.0,limit_touch,take_profit,1.0,2023-01-09 11:02:00,1,10.0,26.0,33.0,23.5,44.0,0.6926406926406926,0.5909090909090909,30.36,1.9762845849802373,413062.0,0.9040552501311012,26.0,33.0,23.5,0.5909090909090909,0.6926406926406926,0.6532131884057971
2023-01-09,2023-01-09 11:58:00,2023-01-09 12:48:00,2023-01-09 13:05:00,long,5319.0,5307.5,5307.5,5324.5,-11.5,-115.0,limit_touch,stop_loss,1.0,2023-01-09 11:58:00,2,7.0,15.0,13.5,26.5,29.0,0.6864864864864865,0.5172413793103449,30.36,2.0092226613965747,538537.0,0.8730999525380779,15.0,13.5,26.5,0.5172413793103449,0.6864864864864865,0.5734800724637682
2023-01-10,2023-01-10 11:42:00,2023-01-10 12:17:00,2023-01-10 12:21:00,short,5256.5,5267.0,5267.0,5252.0,-10.5,-105.0,limit_touch,stop_loss,-1.0,2023-01-10 11:42:00,1,3.0,4.5,-4.0,-31.0,26.5,0.1836734693877551,0.16981132075471697,28.425,2.040457343887423,491126.0,0.8559679895492963,-4.5,4.0,31.0,-0.16981132075471697,-0.1836734693877551,0.24307942028985505
2023-01-11,2023-01-11 10:16:00,2023-01-11 10:17:00,2023-01-11 10:21:00,short,5222.0,5218.0,5230.5,5218.0,4.0,40.0,limit_touch,take_profit,-1.0,2023-01-11 10:16:00,1,-17.5,-23.0,-27.5,-11.5,39.0,-0.5394321766561514,-0.5897435897435898,27.75,1.6396396396396395,270476.0,0.914007263707735,23.0,27.5,11.5,0.5897435897435898,0.5394321766561514,0.5552443478260869
2023-01-11,2023-01-11 10:24:00,2023-01-11 10:26:00,2023-01-11 10:32:00,short,5220.5,5229.0,5229.0,5216.5,-8.5,-85.0,limit_touch,stop_loss,-1.0,2023-01-11 10:24:00,2,-5.5,-17.0,-37.5,-8.0,39.0,-0.3313253012048193,-0.4358974358974359,27.75,1.7117117117117118,301401.0,0.9358511945647533,17.0,37.5,8.0,0.4358974358974359,0.3313253012048193,0.45688985507246377
2023-01-12,2023-01-12 10:35:00,2023-01-12 10:35:00,2023-01-12 10:35:00,short,5156.0,5151.0,5167.0,5151.0,5.0,50.0,limit_touch,take_profit,-1.0,2023-01-12 10:35:00,1,-21.5,-22.0,-13.5,-32.5,87.0,-0.46592244418331374,-0.25287356321839083,27.09375,2.491349480968858,327581.0,0.9140230031303476,22.0,13.5,32.5,0.25287356321839083,0.46592244418331374,0.5974592028985507
2023-01-12,2023-01-12 10:50:00,2023-01-12 11:04:00,2023-01-12 11:10:00,short,5149.5,5161.5,5161.5,5144.0,-12.0,-120.0,limit_touch,stop_loss,-1.0,2023-01-12 10:50:00,2,-25.5,-16.0,-38.0,-48.5,75.0,-0.5713058419243986,-0.21333333333333335,27.09375,2.8050749711649368,452094.0,1.1028911573960738,16.0,38.0,48.5,0.21333333333333335,0.5713058419243986,0.6670074637681159
2023-01-13,2023-01-13 10:46:00,2023-01-13 10:53:00,2023-01-13 11:20:00,short,5130.5,5124.5,5143.5,5124.5,6.0,60.0,limit_touch,take_profit,-1.0,2023-01-13 10:46:00,1,-10.0,-25.0,-33.5,-12.0,48.0,-0.5734939759036145,-0.5208333333333334,28.03333333333333,1.9976218787158146,343078.0,0.860736448103392,25.0,33.5,12.0,0.5208333333333334,0.5734939759036145,0.5500058695652175
2023-01-13,2023-01-13 11:50:00,2023-01-13 12:19:00,2023-01-13 12:40:00,short,5123.5,5117.5,5136.5,5117.5,6.0,60.0,limit_touch,take_profit,-1.0,2023-01-13 11:50:00,2,-4.5,-13.5,-17.0,-20.0,21.5,-0.7125748502994012,-0.627906976744186,28.03333333333333,2.3365041617122473,496731.0,0.8447751528136382,13.5,17.0,20.0,0.627906976744186,0.7125748502994012,0.558863115942029
2023-01-13,2023-01-13 13:24:00,2023-01-13 13:34:00,2023-01-13 13:53:00,short,5119.5,5114.0,5131.0,5114.0,5.5,55.0,limit_touch,take_profit,-1.0,2023-01-13 13:24:00,3,-3.5,0.0,-6.5,-20.0,17.0,-0.07547169811320754,0.0,28.03333333333333,2.5148632580261596,639421.0,0.8291162294647089,-0.0,6.5,20.0,-0.0,0.07547169811320754,0.21187884057971013
2023-01-17,2023-01-17 10:10:00,2023-01-17 10:19:00,2023-01-17 10:21:00,short,5145.5,5141.5,5154.5,5141.5,4.0,40.0,limit_touch,take_profit,-1.0,2023-01-17 10:10:00,1,-9.5,-17.5,-9.5,-32.5,35.5,-0.6911487758945386,-0.49295774647887325,26.904545454545456,1.3938165230613278,262698.0,0.963268405215794,17.5,9.5,32.5,0.49295774647887325,0.6911487758945386,0.6158549275362318
2023-01-17,2023-01-17 10:39:00,2023-01-17 10:43:00,2023-01-17 10:53:00,short,5141.5,5137.5,5150.5,5137.5,4.0,40.0,limit_touch,take_profit,-1.0,2023-01-17 10:39:00,2,2.0,-5.0,-7.0,-33.5,16.0,-0.5178571428571429,-0.3125,26.904545454545456,1.5796587261361716,335130.0,0.9036370765423,5.0,7.0,33.5,0.3125,0.5178571428571429,0.36414347826086957
2023-01-17,2023-01-17 11:13:00,2023-01-17 11:20:00,2023-01-17 11:27:00,short,5138.0,5134.0,5147.0,5134.0,4.0,40.0,limit_touch,take_profit,-1.0,2023-01-17 11:13:00,3,-2.5,-5.5,-12.0,-41.0,21.5,-0.5294117647058824,-0.2558139534883721,26.904545454545456,1.7655009292110153,420832.0,0.8776146656722421,5.5,12.0,41.0,0.2558139534883721,0.5294117647058824,0.3915013768115942
2023-01-17,2023-01-17 12:38:00,2023-01-17 12:50:00,2023-01-17 12:55:00,short,5133.5,5129.0,5143.0,5129.0,4.5,45.0,limit_touch,take_profit,-1.0,2023-01-17 12:38:00,4,-3.0,-0.5,-14.0,-47.5,19.5,0.0440251572327044,-0.02564102564102564,26.904545454545456,1.9885115729008278,602317.0,0.8770274863839247,0.5,14.0,47.5,0.02564102564102564,-0.0440251572327044,0.3199501449275362
2023-01-17,2023-01-17 13:03:00,2023-01-17 13:21:00,2023-01-17 13:31:00,short,5131.0,5126.5,5140.5,5126.5,4.5,45.0,limit_touch,take_profit,-1.0,2023-01-17 13:03:00,5,-7.0,-9.0,-4.0,-48.5,16.0,-0.6458333333333334,-0.5625,26.904545454545456,2.1186011150532185,644117.0,0.8794646398597918,9.0,4.0,48.5,0.5625,0.6458333333333334,0.5963699275362317
2023-01-18,2023-01-18 10:15:00,2023-01-18 10:23:00,2023-01-18 10:27:00,long,5107.0,5098.5,5098.5,5111.0,-8.5,-85.0,limit_touch,stop_loss,1.0,2023-01-18 10:15:00,1,9.5,2.5,14.0,3.5,31.5,0.043478260869565216,0.07936507936507936,26.237499999999997,1.2005717008099097,247581.0,0.8642038728217334,2.5,14.0,3.5,0.07936507936507936,0.043478260869565216,0.09431442028985507
2023-01-18,2023-01-18 10:51:00,2023-01-18 10:59:00,2023-01-18 11:11:00,short,5087.5,5096.5,5096.5,5083.5,-9.0,-90.0,limit_touch,stop_loss,-1.0,2023-01-18 10:51:00,2,-8.0,-9.5,-27.5,-25.0,25.5,-0.4204946996466431,-0.37254901960784315,26.237499999999997,1.4101953311100526,384639.0,0.9402376511597778,9.5,27.5,25.0,0.37254901960784315,0.4204946996466431,0.42295608695652176
2023-01-19,2023-01-19 10:30:00,2023-01-19 10:30:00,2023-01-19 10:30:00,short,5222.0,5216.5,5234.0,5216.5,5.5,55.0,limit_touch,take_profit,-1.0,2023-01-19 10:30:00,1,2.0,0.5,-12.5,-39.5,36.5,0.20321931589537223,0.0136986301369863,27.092307692307692,2.3253833049403747,303443.0,0.9174034650806228,-0.5,12.5,39.5,-0.0136986301369863,-0.20321931589537223,0.3201547826086956
2023-01-19,2023-01-19 10:42:00,2023-01-19 10:50:00,2023-01-19 10:53:00,short,5214.5,5209.0,5227.0,5209.0,5.5,55.0,limit_touch,take_profit,-1.0,2023-01-19 10:42:00,2,-5.5,-15.5,-18.5,-55.0,67.5,-0.3017521090201168,-0.22962962962962963,27.092307692307692,2.6944917660420216,358961.0,0.9535944010045972,15.5,18.5,55.0,0.22962962962962963,0.3017521090201168,0.6283182608695652
2023-01-19,2023-01-19 11:31:00,2023-01-19 11:38:00,2023-01-19 11:41:00,short,5213.5,5208.0,5225.5,5208.0,5.5,55.0,limit_touch,take_profit,-1.0,2023-01-19 11:31:00,3,-13.5,-16.0,-12.0,-61.0,35.0,-0.7264150943396226,-0.45714285714285713,27.092307692307692,2.7314026121521864,481674.0,0.9239555848204529,16.0,12.0,61.0,0.45714285714285713,0.7264150943396226,0.7082019565217392
2023-01-20,2023-01-20 10:38:00,2023-01-20 11:06:00,2023-01-20 11:44:00,long,5232.0,5220.0,5220.0,5237.5,-12.0,-120.0,limit_touch,stop_loss,1.0,2023-01-20 10:38:00,1,4.5,20.0,46.0,60.5,41.0,0.5749235474006116,0.4878048780487805,27.139285714285712,2.7450980392156863,329794.0,0.9139536349924794,20.0,46.0,60.5,0.4878048780487805,0.5749235474006116,0.7476161594202899
2023-01-23,2023-01-23 10:13:00,2023-01-23 10:21:00,2023-01-23 10:37:00,short,5200.5,5210.5,5210.5,5196.0,-10.0,-100.0,limit_touch,stop_loss,-1.0,2023-01-23 10:13:00,1,-2.0,-14.5,-14.0,-26.0,29.5,-0.7595907928388747,-0.4915254237288136,26.82,1.4914243102162565,222927.0,0.8105117931119568,14.5,14.0,26.0,0.4915254237288136,0.7595907928388747,0.512323115942029
2023-01-23,2023-01-23 12:31:00,2023-01-23 12:37:00,2023-01-23 12:38:00,short,5197.0,5192.5,5207.0,5192.5,4.5,45.0,limit_touch,take_profit,-1.0,2023-01-23 12:31:00,2,-9.0,-15.0,-7.0,-32.0,32.0,-0.5073170731707317,-0.46875,26.82,1.6778523489932886,563577.0,0.8585701805919775,15.0,7.0,32.0,0.46875,0.5073170731707317,0.5590634057971015
2023-01-23,2023-01-23 13:04:00,2023-01-23 13:14:00,2023-01-23 13:22:00,short,5188.0,5183.0,5198.5,5183.0,5.0,50.0,limit_touch,take_profit,-1.0,2023-01-23 13:04:00,3,-6.0,-14.5,-16.0,-44.5,34.5,-0.6424116424116424,-0.42028985507246375,26.82,2.1252796420581657,635856.0,0.8880460369000583,14.5,16.0,44.5,0.42028985507246375,0.6424116424116424,0.6127134782608695
2023-01-24,2023-01-24 10:10:00,2023-01-24 10:29:00,2023-01-24 10:45:00,short,5187.5,5196.5,5196.5,5183.5,-9.0,-90.0,limit_touch,stop_loss,-1.0,2023-01-24 10:10:00,1,-14.5,-15.5,-27.0,-45.5,28.5,-0.7414965986394558,-0.543859649122807,26.2125,2.0982355746304244,191751.0,0.7263645797057383,15.5,27.0,45.5,0.543859649122807,0.7414965986394558,0.6388164492753623
2023-01-24,2023-01-24 11:49:00,2023-01-24 12:00:00,2023-01-24 12:01:00,short,5180.0,5176.0,5189.0,5176.0,4.0,40.0,limit_touch,take_profit,-1.0,2023-01-24 11:49:00,2,-8.5,-7.0,-16.5,-53.5,33.0,-0.3047619047619048,-0.21212121212121213,26.2125,2.479732951835956,416004.0,0.7419938562548173,7.0,16.5,53.5,0.21212121212121213,0.3047619047619048,0.44203695652173913
2023-01-25,2023-01-25 11:48:00,2023-01-25 11:58:00,2023-01-25 11:58:00,short,5122.0,5118.0,5130.5,5118.0,4.0,40.0,limit_touch,take_profit,-1.0,2023-01-25 11:48:00,1,-8.0,-10.0,-12.0,-43.5,22.0,-0.7163120567375887,-0.45454545454545453,26.188235294117646,1.8519766397124888,456819.0,0.8273704045542601,10.0,12.0,43.5,0.45454545454545453,0.7163120567375887,0.5341066666666667
2023-01-25,2023-01-25 13:00:00,2023-01-25 13:33:00,2023-01-25 13:57:00,short,5096.5,5092.5,5105.0,5092.5,4.0,40.0,limit_touch,take_profit,-1.0,2023-01-25 13:00:00,2,-4.0,-6.0,-21.0,-78.5,31.0,-0.20555555555555555,-0.1935483870967742,26.188235294117646,3.1502695417789757,645684.0,0.9243087118720068,6.0,21.0,78.5,0.1935483870967742,0.20555555555555555,0.5013234782608695
2023-01-26,2023-01-26 10:53:00,2023-01-26 11:00:00,2023-01-26 11:08:00,long,5110.5,5101.0,5101.0,5115.0,-9.5,-95.0,limit_touch,stop_loss,1.0,2023-01-26 10:53:00,1,15.5,19.0,13.0,41.0,38.0,0.508,0.5,26.133333333333333,1.913265306122449,371473.0,0.9382673703215195,19.0,13.0,41.0,0.5,0.508,0.6856547826086956
2023-01-26,2023-01-26 12:24:00,2023-01-26 12:31:00,2023-01-26 12:43:00,short,5079.0,5090.0,5090.0,5074.0,-11.0,-110.0,limit_touch,stop_loss,-1.0,2023-01-26 12:24:00,2,-24.5,-29.0,-37.5,-10.0,47.0,-0.8452380952380952,-0.6170212765957447,26.133333333333333,2.25765306122449,613557.0,0.9697907554044545,29.0,37.5,10.0,0.6170212765957447,0.8452380952380952,0.6230297101449276
2023-01-27,2023-01-27 10:02:00,2023-01-27 10:04:00,2023-01-27 10:20:00,short,5069.5,5078.5,5078.5,5065.5,-9.0,-90.0,better_open,stop_loss,-1.0,2023-01-27 10:02:00,1,-12.5,-29.5,-27.5,-30.0,39.5,-0.9155354449472096,-0.7468354430379747,25.689473684210526,1.4792050809260398,191517.0,0.8370420205872207,29.5,27.5,30.0,0.7468354430379747,0.9155354449472096,0.6788235507246376
2023-01-27,2023-01-27 13:08:00,2023-01-27 13:28:00,2023-01-27 14:16:00,long,5095.5,5086.0,5086.0,5100.0,-9.5,-95.0,limit_touch,stop_loss,1.0,2023-01-27 13:08:00,2,1.5,10.0,15.0,10.5,26.0,0.7517241379310344,0.38461538461538464,25.689473684210526,1.829543126408523,633787.0,0.8945749087057558,10.0,15.0,10.5,0.38461538461538464,0.7517241379310344,0.35845210144927536
2023-01-30,2023-01-30 10:49:00,2023-01-30 10:53:00,2023-01-30 11:07:00,short,5103.0,5099.0,5111.0,5099.0,4.0,40.0,limit_touch,take_profit,-1.0,2023-01-30 10:49:00,1,-9.5,-15.0,-17.0,-26.0,32.0,-0.5105263157894737,-0.46875,25.3125,1.362962962962963,317735.0,0.8401552992305992,15.0,17.0,26.0,0.46875,0.5105263157894737,0.5097842753623189
2023-01-30,2023-01-30 11:35:00,2023-01-30 11:42:00,2023-01-30 12:03:00,short,5096.0,5092.0,5104.5,5092.0,4.0,40.0,limit_touch,take_profit,-1.0,2023-01-30 11:35:00,2,-4.0,-8.0,-16.5,-35.5,19.0,-0.5978260869565217,-0.42105263157894735,25.3125,1.7382716049382716,417002.0,0.8295266850193869,8.0,16.5,35.5,0.42105263157894735,0.5978260869565217,0.45150855072463764
2023-01-30,2023-01-30 14:30:00,2023-01-30 14:39:00,2023-01-30 14:43:00,long,5120.5,5124.0,5112.5,5124.0,3.5,35.0,limit_touch,take_profit,1.0,2023-01-30 14:30:00,3,6.5,16.0,22.0,3.5,28.0,0.8712871287128713,0.5714285714285714,25.3125,1.85679012345679,650437.0,0.80037056460138,16.0,22.0,3.5,0.5714285714285714,0.8712871287128713,0.45368927536231884
2023-01-31,2023-01-31 10:12:00,2023-01-31 10:12:00,2023-01-31 10:12:00,short,5143.5,5139.0,5153.0,5139.0,4.5,45.0,limit_touch,take_profit,-1.0,2023-01-31 10:12:00,1,-6.5,-11.5,-4.0,-23.5,34.5,-0.4539781591263651,-0.3333333333333333,24.835714285714285,1.2280701754385965,210416.0,0.820926093398992,11.5,4.0,23.5,0.3333333333333333,0.4539781591263651,0.3925105072463768
2023-01-31,2023-01-31 10:14:00,2023-01-31 10:21:00,2023-01-31 10:30:00,short,5143.5,5139.0,5153.0,5139.0,4.5,45.0,limit_touch,take_profit,-1.0,2023-01-31 10:14:00,2,-0.5,-14.0,-8.0,-27.5,42.0,-0.5157384987893463,-0.3333333333333333,24.835714285714285,1.2482024733966064,219031.0,0.8362039043413775,14.0,8.0,27.5,0.3333333333333333,0.5157384987893463,0.4503138405797102
2023-01-31,2023-01-31 10:31:00,2023-01-31 10:33:00,2023-01-31 10:35:00,short,5139.0,5134.5,5148.5,5134.5,4.5,45.0,limit_touch,take_profit,-1.0,2023-01-31 10:31:00,3,-12.0,-3.0,-17.0,-30.5,33.0,-0.5633423180592992,-0.09090909090909091,24.835714285714285,1.4897900488927236,268203.0,0.8546827240980972,3.0,17.0,30.5,0.09090909090909091,0.5633423180592992,0.25493695652173914
2023-01-31,2023-01-31 11:15:00,2023-01-31 12:27:00,2023-01-31 12:34:00,short,5118.5,5114.0,5128.5,5114.0,4.5,45.0,limit_touch,take_profit,-1.0,2023-01-31 11:15:00,4,-5.5,-17.0,-26.0,-58.0,37.0,-0.5497835497835498,-0.4594594594594595,24.835714285714285,2.576934138625252,406238.0,0.9113415175153797,17.0,26.0,58.0,0.4594594594594595,0.5497835497835498,0.7076055072463769
2023-02-01,2023-02-01 11:31:00,2023-02-01 11:32:00,2023-02-01 11:44:00,long,5095.5,5099.0,5087.5,5099.0,3.5,35.0,limit_touch,take_profit,1.0,2023-02-01 11:31:00,1,5.0,20.0,16.0,16.0,26.0,0.9054054054054054,0.7692307692307693,24.668181818181818,1.1147963884282293,384758.0,0.7997544491370556,20.0,16.0,16.0,0.7692307692307693,0.9054054054054054,0.549046231884058
2023-02-01,2023-02-01 11:47:00,2023-02-01 11:54:00,2023-02-01 11:56:00,long,5096.0,5099.5,5088.0,5099.5,3.5,35.0,limit_touch,take_profit,1.0,2023-02-01 11:47:00,2,7.5,2.5,19.0,15.5,28.5,0.3494809688581315,0.08771929824561403,24.668181818181818,1.1350654136723788,427035.0,0.8137484134873875,2.5,19.0,15.5,0.08771929824561403,0.3494809688581315,0.14030557971014493
2023-02-01,2023-02-01 12:03:00,2023-02-01 12:04:00,2023-02-01 12:15:00,long,5104.0,5096.0,5096.0,5108.0,-8.0,-80.0,limit_touch,stop_loss,1.0,2023-02-01 12:03:00,3,5.5,6.0,11.0,21.5,19.0,0.3950617283950617,0.3157894736842105,24.668181818181818,1.560714943799521,465017.0,0.8234455355403956,6.0,11.0,21.5,0.3157894736842105,0.3950617283950617,0.29913297101449277
2023-02-02,2023-02-02 10:25:00,2023-02-02 10:25:00,2023-02-02 10:25:00,short,5019.0,5013.5,5030.5,5013.5,5.5,55.0,limit_touch,take_profit,-1.0,2023-02-02 10:25:00,1,-1.5,-8.5,-18.5,-34.5,51.5,-0.6058217101273499,-0.1650485436893204,24.668181818181818,2.12824765063571,305344.0,1.059323942492515,8.5,18.5,34.5,0.1650485436893204,0.6058217101273499,0.4722915217391304
2023-02-02,2023-02-02 10:33:00,2023-02-02 10:43:00,2023-02-02 10:58:00,short,4987.5,5000.5,5000.5,4981.5,-13.0,-130.0,limit_touch,stop_loss,-1.0,2023-02-02 10:33:00,2,-26.5,-49.5,-69.0,-86.0,88.5,-0.8650814163866632,-0.559322033898305,24.668181818181818,3.8511147963884285,375757.0,1.1926397012917722,49.5,69.0,86.0,0.559322033898305,0.8650814163866632,0.9171396376811594
2023-02-06,2023-02-06 10:07:00,2023-02-06 10:09:00,2023-02-06 10:20:00,short,5180.5,5176.0,5190.5,5176.0,4.5,45.0,limit_touch,take_profit,-1.0,2023-02-06 10:07:00,1,-3.0,-11.5,-21.5,-7.0,32.5,-0.5929978118161926,-0.35384615384615387,24.668181818181818,1.3782937166021743,210096.0,0.901757301343684,11.5,21.5,7.0,0.35384615384615387,0.5929978118161926,0.3264528260869566
2023-02-06,2023-02-06 11:26:00,2023-02-06 11:31:00,2023-02-06 11:52:00,long,5200.0,5204.5,5190.0,5204.5,4.5,45.0,limit_touch,take_profit,1.0,2023-02-06 11:26:00,2,6.0,17.0,13.0,26.0,37.0,0.6747404844290658,0.4594594594594595,24.668181818181818,1.499907868067072,428174.0,0.9210845220581803,17.0,13.0,26.0,0.4594594594594595,0.6747404844290658,0.5571436956521739
2023-02-06,2023-02-06 12:19:00,2023-02-06 12:58:00,2023-02-06 13:37:00,long,5214.5,5219.0,5204.5,5219.0,4.5,45.0,limit_touch,take_profit,1.0,2023-02-06 12:19:00,3,5.5,12.5,23.0,42.0,34.5,0.5555555555555556,0.36231884057971014,24.668181818181818,2.2903998525889073,564769.0,0.9499333695390095,12.5,23.0,42.0,0.36231884057971014,0.5555555555555556,0.5879502898550724
2023-02-07,2023-02-07 10:07:00,2023-02-07 10:08:00,2023-02-07 10:08:00,short,5158.0,5167.0,5167.0,5154.0,-9.0,-90.0,limit_touch,stop_loss,-1.0,2023-02-07 10:07:00,1,-16.5,-19.0,-14.0,-4.5,31.0,-0.6923076923076923,-0.6129032258064516,24.668181818181818,1.0945273631840795,202010.0,0.8793819730831021,19.0,14.0,4.5,0.6129032258064516,0.6923076923076923,0.47748840579710145
2023-02-07,2023-02-07 10:24:00,2023-02-07 10:30:00,2023-02-07 10:33:00,long,5187.0,5191.5,5177.0,5191.5,4.5,45.0,limit_touch,take_profit,1.0,2023-02-07 10:24:00,2,17.0,30.5,25.5,37.0,51.5,0.6290773532152842,0.5922330097087378,24.668181818181818,1.9458264234383638,315821.0,1.1314720339347386,30.5,25.5,37.0,0.5922330097087378,0.6290773532152842,0.7924724637681159
2023-02-07,2023-02-07 11:16:00,2023-02-07 11:31:00,2023-02-07 11:38:00,long,5189.5,5194.0,5179.5,5194.0,4.5,45.0,limit_touch,take_profit,1.0,2023-02-07 11:16:00,3,3.5,7.5,15.0,36.5,28.5,0.20655737704918034,0.2631578947368421,24.668181818181818,2.0674405749032614,451570.0,1.0401917464576864,7.5,15.0,36.5,0.2631578947368421,0.20655737704918034,0.48244326086956524
2023-02-07,2023-02-07 12:22:00,2023-02-07 12:59:00,2023-02-07 13:21:00,long,5207.5,5197.0,5197.0,5212.5,-10.5,-105.0,limit_touch,stop_loss,1.0,2023-02-07 12:22:00,4,1.0,13.5,11.0,61.0,26.5,0.7227138643067846,0.5094339622641509,24.668181818181818,3.0403537866224433,619113.0,1.0458998369071342,13.5,11.0,61.0,0.5094339622641509,0.7227138643067846,0.7455906521739132
2023-02-08,2023-02-08 10:24:00,2023-02-08 10:31:00,2023-02-08 10:33:00,long,5208.0,5213.0,5197.5,5213.0,5.0,50.0,limit_touch,take_profit,1.0,2023-02-08 10:24:00,1,6.0,7.5,17.5,2.0,23.5,0.5789473684210527,0.3191489361702128,27.54,1.2164124909222949,238822.0,0.8620923667814573,7.5,17.5,2.0,0.3191489361702128,0.5789473684210527,0.22401043478260868
2023-02-08,2023-02-08 11:05:00,2023-02-08 11:09:00,2023-02-08 11:16:00,long,5210.0,5214.5,5200.0,5214.5,4.5,45.0,limit_touch,take_profit,1.0,2023-02-08 11:05:00,2,12.0,8.5,6.0,6.5,23.5,0.6216216216216216,0.3617021276595745,27.54,1.3071895424836601,340027.0,0.8458249127231899,8.5,6.0,6.5,0.3617021276595745,0.6216216216216216,0.26406768115942025
2023-02-08,2023-02-08 11:32:00,2023-02-08 11:36:00,2023-02-08 11:42:00,long,5212.0,5216.5,5202.0,5216.5,4.5,45.0,limit_touch,take_profit,1.0,2023-02-08 11:32:00,3,0.5,3.5,5.0,6.5,17.5,0.4336283185840708,0.2,27.54,1.3979665940450254,392621.0,0.8379896793622996,3.5,5.0,6.5,0.2,0.4336283185840708,0.14083724637681158
2023-02-08,2023-02-08 11:46:00,2023-02-08 11:48:00,2023-02-08 11:50:00,long,5212.5,5217.0,5203.0,5217.0,4.5,45.0,limit_touch,take_profit,1.0,2023-02-08 11:46:00,4,8.0,5.0,6.5,10.0,24.0,0.27522935779816515,0.20833333333333334,27.54,1.4161220043572986,427243.0,0.8460273620325742,5.0,6.5,10.0,0.20833333333333334,0.27522935779816515,0.18321586956521738
2023-02-08,2023-02-08 11:54:00,2023-02-08 12:06:00,2023-02-08 12:06:00,long,5217.0,5221.5,5207.0,5221.5,4.5,45.0,limit_touch,take_profit,1.0,2023-02-08 11:54:00,5,13.0,13.0,10.0,16.0,32.0,0.6491935483870968,0.40625,27.54,1.6339869281045751,461283.0,0.8783324181981138,13.0,10.0,16.0,0.40625,0.6491935483870968,0.42582898550724635
2023-02-08,2023-02-08 13:27:00,2023-02-08 13:44:00,2023-02-08 13:47:00,long,5242.5,5232.5,5232.5,5247.0,-10.0,-100.0,limit_touch,stop_loss,1.0,2023-02-08 13:27:00,6,11.5,15.5,12.5,49.5,32.5,0.5435294117647059,0.47692307692307695,27.54,2.8867102396514164,649166.0,0.9400305960362428,15.5,12.5,49.5,0.47692307692307695,0.5435294117647059,0.7042597101449276
2023-02-09,2023-02-09 11:20:00,2023-02-09 11:21:00,2023-02-09 11:22:00,long,5232.5,5237.5,5221.0,5237.5,5.0,50.0,limit_touch,take_profit,1.0,2023-02-09 11:20:00,1,30.5,42.5,34.5,42.5,51.5,0.9675504550850811,0.8252427184466019,26.925,2.1541318477251625,466978.0,1.0696431174900272,42.5,34.5,42.5,0.8252427184466019,0.9675504550850811,0.8530335507246376
2023-02-09,2023-02-09 11:47:00,2023-02-09 13:41:00,2023-02-09 14:25:00,long,5268.0,5255.0,5255.0,5274.0,-13.0,-130.0,limit_touch,stop_loss,1.0,2023-02-09 11:47:00,2,25.0,33.5,67.5,80.0,47.5,0.8970476911430735,0.7052631578947368,26.925,3.918291550603528,619872.0,1.2318960420115599,33.5,67.5,80.0,0.7052631578947368,0.8970476911430735,0.9498031159420289
2023-02-10,2023-02-10 11:15:00,2023-02-10 11:29:00,2023-02-10 11:35:00,short,5263.0,5258.0,5274.0,5258.0,5.0,50.0,limit_touch,take_profit,-1.0,2023-02-10 11:15:00,1,-8.0,-14.5,-27.0,-71.5,30.5,-0.5597189695550351,-0.47540983606557374,28.24285714285714,2.8502781992918567,398640.0,0.9486970448252056,14.5,27.0,71.5,0.47540983606557374,0.5597189695550351,0.7179739130434784
2023-02-13,2023-02-13 12:05:00,2023-02-13 13:20:00,2023-02-13 13:35:00,short,5190.0,5200.0,5200.0,5185.5,-10.0,-100.0,limit_touch,stop_loss,-1.0,2023-02-13 12:05:00,1,1.0,-10.5,-20.0,-58.0,24.5,-0.6628352490421456,-0.42857142857142855,28.443749999999998,2.4609975829488024,535577.0,0.9925479109638631,10.5,20.0,58.0,0.42857142857142855,0.6628352490421456,0.6389297101449275
2023-02-14,2023-02-14 10:33:00,2023-02-14 10:33:00,2023-02-14 10:33:00,short,5152.0,5147.5,5161.5,5147.5,4.5,45.0,limit_touch,take_profit,-1.0,2023-02-14 10:33:00,1,-28.0,-34.0,-21.5,-21.0,76.0,-0.7334244702665755,-0.4473684210526316,27.7,1.696750902527076,324241.0,1.0959759019447564,34.0,21.5,21.0,0.4473684210526316,0.7334244702665755,0.6469267391304347
2023-02-14,2023-02-14 11:32:00,2023-02-14 11:36:00,2023-02-14 11:39:00,long,5180.0,5185.5,5168.5,5185.5,5.5,55.0,limit_touch,take_profit,1.0,2023-02-14 11:32:00,2,11.5,19.5,38.0,21.5,38.5,0.41007194244604317,0.5064935064935064,27.7,1.9133574007220218,616854.0,1.3568795060610814,19.5,38.0,21.5,0.5064935064935064,0.41007194244604317,0.6763194202898551
2023-02-15,2023-02-15 10:25:00,2023-02-15 10:29:00,2023-02-15 10:30:00,long,5236.5,5242.0,5224.0,5242.0,5.5,55.0,limit_touch,take_profit,1.0,2023-02-15 10:25:00,1,12.5,14.5,23.5,36.5,25.5,0.6608996539792388,0.5686274509803921,27.929999999999996,1.682778374507698,247340.0,0.9227763353049995,14.5,23.5,36.5,0.5686274509803921,0.6608996539792388,0.6262461594202897
2023-02-15,2023-02-15 10:33:00,2023-02-15 10:37:00,2023-02-15 10:43:00,long,5237.5,5225.5,5225.5,5243.0,-12.0,-120.0,limit_touch,stop_loss,1.0,2023-02-15 10:33:00,2,4.0,13.0,18.0,34.5,42.0,0.3225806451612903,0.30952380952380953,27.929999999999996,1.7364840673111352,281123.0,0.9540201169447226,13.0,18.0,34.5,0.30952380952380953,0.3225806451612903,0.5202946376811595
2023-02-16,2023-02-16 10:30:00,2023-02-16 10:33:00,2023-02-16 10:37:00,long,5253.5,5258.5,5243.0,5258.5,5.0,50.0,limit_touch,take_profit,1.0,2023-02-16 10:30:00,1,6.0,2.5,2.0,39.5,39.5,0.392090395480226,0.06329113924050633,26.713636363636365,2.3396290624468263,277232.0,0.9944997335572094,2.5,2.0,39.5,0.06329113924050633,0.392090395480226,0.375021884057971
2023-02-16,2023-02-16 10:46:00,2023-02-16 11:03:00,2023-02-16 11:09:00,long,5254.5,5259.5,5244.0,5259.5,5.0,50.0,limit_touch,take_profit,1.0,2023-02-16 10:46:00,2,10.0,9.0,13.5,50.0,40.0,0.07250755287009064,0.225,26.713636363636365,2.3957801599455504,349271.0,1.0415399610456164,9.0,13.5,50.0,0.225,0.07250755287009064,0.5495205797101449
2023-02-17,2023-02-17 10:02:00,2023-02-17 10:06:00,2023-02-17 10:10:00,short,5231.5,5227.0,5241.5,5227.0,4.5,45.0,limit_touch,take_profit,-1.0,2023-02-17 10:02:00,1,-6.5,-8.5,-8.5,-21.0,28.5,-0.25970149253731345,-0.2982456140350877,26.0875,1.571633924293244,177193.0,0.8912690161877513,8.5,8.5,21.0,0.2982456140350877,0.25970149253731345,0.3514235507246377
2023-02-17,2023-02-17 11:43:00,2023-02-17 11:53:00,2023-02-17 11:58:00,short,5220.5,5216.0,5230.0,5216.0,4.5,45.0,limit_touch,take_profit,-1.0,2023-02-17 11:43:00,2,-9.5,-8.5,-6.0,-35.0,21.5,-0.8641686182669789,-0.3953488372093023,26.0875,2.1274556780067084,376528.0,0.7822089266980358,8.5,6.0,35.0,0.3953488372093023,0.8641686182669789,0.4608047826086957
2023-02-22,2023-02-22 13:40:00,2023-02-22 13:52:00,2023-02-22 13:59:00,long,5209.0,5201.0,5201.0,5212.5,-8.0,-80.0,limit_touch,stop_loss,1.0,2023-02-22 13:40:00,1,5.5,15.5,33.5,23.5,32.5,0.598014888337469,0.47692307692307695,26.49230769230769,1.4909988385598143,119644.0,0.17501769769019665,15.5,33.5,23.5,0.47692307692307695,0.598014888337469,0.47602818840579714
2023-02-22,2023-02-22 14:35:00,2023-02-22 14:54:00,2023-02-22 15:08:00,short,5188.0,5184.0,5196.5,5184.0,4.0,40.0,limit_touch,take_profit,-1.0,2023-02-22 14:35:00,2,-7.0,-11.5,-18.5,-8.5,19.5,-0.7456647398843931,-0.5897435897435898,26.49230769230769,1.5664924506387923,229386.0,0.3034241066382572,11.5,18.5,8.5,0.5897435897435898,0.7456647398843931,0.37819275362318844
2023-02-23,2023-02-23 10:30:00,2023-02-23 10:30:00,2023-02-23 10:30:00,long,5169.0,5173.0,5160.5,5173.0,4.0,40.0,limit_touch,take_profit,1.0,2023-02-23 10:30:00,1,-2.0,4.5,10.0,20.5,22.5,0.1657754010695187,0.2,25.91785714285714,1.4468788755684168,213582.0,0.7689989994849505,4.5,10.0,20.5,0.2,0.1657754010695187,0.22115608695652172
2023-02-23,2023-02-23 10:32:00,2023-02-23 10:37:00,2023-02-23 10:42:00,long,5171.0,5162.0,5162.0,5175.0,-9.0,-90.0,limit_touch,stop_loss,1.0,2023-02-23 10:32:00,2,7.5,11.5,19.5,27.0,26.5,0.597667638483965,0.4339622641509434,25.91785714285714,1.5433374672729778,225733.0,0.7847626949778068,11.5,19.5,27.0,0.4339622641509434,0.597667638483965,0.45160934782608697
2023-02-23,2023-02-23 11:51:00,2023-02-23 12:05:00,2023-02-23 12:11:00,short,5132.0,5127.5,5142.0,5127.5,4.5,45.0,limit_touch,take_profit,-1.0,2023-02-23 11:51:00,3,-10.0,-6.0,-13.0,-31.5,33.0,-0.1821705426356589,-0.18181818181818182,25.91785714285714,2.5272151026595013,484382.0,0.9685181900833568,6.0,13.0,31.5,0.18181818181818182,0.1821705426356589,0.4142205797101449
2023-02-24,2023-02-24 10:40:00,2023-02-24 10:41:00,2023-02-24 10:42:00,long,5174.0,5178.0,5165.0,5178.0,4.0,40.0,limit_touch,take_profit,1.0,2023-02-24 10:40:00,1,8.5,9.0,9.0,14.5,42.0,0.38441558441558443,0.21428571428571427,25.5,1.1764705882352942,276729.0,0.8816160268452143,9.0,9.0,14.5,0.21428571428571427,0.38441558441558443,0.2803036231884058
2023-02-24,2023-02-24 10:50:00,2023-02-24 10:54:00,2023-02-24 10:54:00,long,5177.5,5182.0,5168.5,5182.0,4.5,45.0,limit_touch,take_profit,1.0,2023-02-24 10:50:00,2,11.0,14.5,12.0,20.5,38.5,0.7065390749601276,0.37662337662337664,25.5,1.3529411764705883,320385.0,0.9293934437563487,14.5,12.0,20.5,0.37662337662337664,0.7065390749601276,0.4602415217391304
2023-02-24,2023-02-24 11:44:00,2023-02-24 12:04:00,2023-02-24 12:08:00,long,5189.5,5194.0,5180.0,5194.0,4.5,45.0,limit_touch,take_profit,1.0,2023-02-24 11:44:00,3,4.5,5.0,13.5,37.0,30.0,0.3532608695652174,0.16666666666666666,25.5,1.9803921568627452,464936.0,0.9635560901552565,5.0,13.5,37.0,0.16666666666666666,0.3532608695652174,0.38850101449275354
2023-02-27,2023-02-27 10:20:00,2023-02-27 10:22:00,2023-02-27 10:24:00,long,5199.0,5203.0,5190.0,5203.0,4.0,40.0,limit_touch,take_profit,1.0,2023-02-27 10:20:00,1,3.0,2.0,18.5,10.5,35.0,0.24149659863945577,0.05714285714285714,25.18125,1.131794489947878,223212.0,0.9001731288300838,2.0,18.5,10.5,0.05714285714285714,0.24149659863945577,0.12138159420289855
2023-02-27,2023-02-27 11:13:00,2023-02-27 11:25:00,2023-02-27 11:57:00,long,5205.0,5195.5,5195.5,5209.5,-9.5,-95.0,limit_touch,stop_loss,1.0,2023-02-27 11:13:00,2,13.0,16.0,26.5,19.0,32.0,0.7073170731707317,0.5,25.18125,1.4494911888806157,367888.0,0.9065855397970108,16.0,26.5,19.0,0.5,0.7073170731707317,0.5140520289855073
2023-02-27,2023-02-27 12:18:00,2023-02-27 12:20:00,2023-02-27 12:33:00,short,5183.0,5193.0,5193.0,5178.5,-10.0,-100.0,limit_touch,stop_loss,-1.0,2023-02-27 12:18:00,3,-8.0,-17.5,-27.0,-15.5,29.5,-0.7798165137614679,-0.5932203389830508,25.18125,1.6480516257135767,516683.0,0.921377919323371,17.5,27.0,15.5,0.5932203389830508,0.7798165137614679,0.5533867391304348
2023-02-27,2023-02-27 13:33:00,2023-02-27 13:37:00,2023-02-27 13:44:00,long,5204.5,5209.0,5194.5,5209.0,4.5,45.0,limit_touch,take_profit,1.0,2023-02-27 13:33:00,4,12.0,12.5,16.5,19.5,25.5,0.6436363636363637,0.49019607843137253,25.18125,1.6877637130801688,649271.0,0.975698394493948,12.5,16.5,19.5,0.49019607843137253,0.6436363636363637,0.5110426086956521
2023-02-28,2023-02-28 10:25:00,2023-02-28 10:34:00,2023-02-28 10:36:00,short,5228.0,5223.0,5238.5,5223.0,5.0,50.0,limit_touch,take_profit,-1.0,2023-02-28 10:25:00,1,-2.5,-22.5,-14.5,-9.0,29.5,-0.8992805755395683,-0.7627118644067796,24.45,1.6359918200408998,252290.0,0.9677690964080841,22.5,14.5,9.0,0.7627118644067796,0.8992805755395683,0.5898144927536232
2023-02-28,2023-02-28 10:39:00,2023-02-28 10:45:00,2023-02-28 10:51:00,short,5224.5,5219.5,5235.5,5219.5,5.0,50.0,limit_touch,take_profit,-1.0,2023-02-28 10:39:00,2,-9.0,-7.5,-24.5,-15.5,24.5,-0.4339622641509434,-0.30612244897959184,24.45,1.8404907975460123,298642.0,0.9667086489535406,7.5,24.5,15.5,0.30612244897959184,0.4339622641509434,0.3482823188405797
2023-02-28,2023-02-28 13:00:00,2023-02-28 13:05:00,2023-02-28 13:06:00,long,5250.0,5254.5,5240.0,5254.5,4.5,45.0,limit_touch,take_profit,1.0,2023-02-28 13:00:00,3,9.5,11.5,16.0,23.5,27.5,0.49244712990936557,0.41818181818181815,24.45,2.0040899795501024,591971.0,0.9416775439777515,11.5,16.0,23.5,0.41818181818181815,0.49244712990936557,0.4968600724637681
2023-02-28,2023-02-28 13:35:00,2023-02-28 13:49:00,2023-02-28 14:37:00,long,5260.5,5265.5,5250.0,5265.5,5.0,50.0,limit_touch,take_profit,1.0,2023-02-28 13:35:00,4,3.0,9.5,18.5,39.5,25.5,0.38144329896907214,0.37254901960784315,24.45,2.5971370143149284,670055.0,1.0042318403138661,9.5,18.5,39.5,0.37254901960784315,0.38144329896907214,0.5709981884057971
2023-03-01,2023-03-01 10:04:00,2023-03-01 10:06:00,2023-03-01 10:07:00,short,5234.5,5229.5,5245.0,5229.5,5.0,50.0,limit_touch,take_profit,-1.0,2023-03-01 10:04:00,1,-3.5,-10.5,-7.5,-19.5,19.5,-0.5260115606936416,-0.5384615384615384,24.21666666666667,1.0736407432897452,193259.0,0.9643468586211089,10.5,7.5,19.5,0.5384615384615384,0.5260115606936416,0.4679204347826087
2023-03-01,2023-03-01 10:17:00,2023-03-01 10:21:00,2023-03-01 10:28:00,short,5230.5,5241.0,5241.0,5225.5,-10.5,-105.0,limit_touch,stop_loss,-1.0,2023-03-01 10:17:00,2,-12.0,-11.0,-23.0,-27.0,39.0,-0.4405594405594406,-0.28205128205128205,24.21666666666667,1.3007570543702682,251215.0,1.0530097850289282,11.0,23.0,27.0,0.28205128205128205,0.4405594405594406,0.4595738405797102
2023-03-01,2023-03-01 12:11:00,2023-03-01 12:16:00,2023-03-01 12:21:00,long,5253.5,5242.5,5242.5,5258.5,-11.0,-110.0,limit_touch,stop_loss,1.0,2023-03-01 12:11:00,3,7.0,16.0,18.5,9.0,42.0,0.35323383084577115,0.38095238095238093,24.21666666666667,1.713695801789401,544495.0,0.9990907181785078,16.0,18.5,9.0,0.38095238095238093,0.35323383084577115,0.4546774637681159
2023-03-01,2023-03-01 14:10:00,2023-03-01 14:43:00,2023-03-01 15:12:00,short,5228.5,5223.5,5239.5,5223.5,5.0,50.0,limit_touch,take_profit,-1.0,2023-03-01 14:10:00,4,-9.5,-10.5,-15.5,-33.5,20.5,-0.7348066298342542,-0.5121951219512195,24.21666666666667,1.9614590502408809,751785.0,1.0592915694813956,10.5,15.5,33.5,0.5121951219512195,0.7348066298342542,0.6013033333333334
2023-03-02,2023-03-02 10:31:00,2023-03-02 10:33:00,2023-03-02 10:34:00,long,5244.0,5248.0,5235.5,5248.0,4.0,40.0,limit_touch,take_profit,1.0,2023-03-02 10:31:00,1,7.0,5.0,6.5,20.5,28.0,0.3924731182795699,0.17857142857142858,24.21666666666667,1.6930488644184445,247521.0,0.8848564044583922,5.0,6.5,20.5,0.17857142857142858,0.3924731182795699,0.2659782608695652
2023-03-02,2023-03-02 11:47:00,2023-03-02 11:53:00,2023-03-02 12:16:00,long,5248.5,5240.5,5240.5,5252.5,-8.0,-80.0,limit_touch,stop_loss,1.0,2023-03-02 11:47:00,2,3.0,3.0,13.0,33.0,30.0,0.2669902912621359,0.1,24.21666666666667,1.9614590502408809,440681.0,0.9046226217820568,3.0,13.0,33.0,0.1,0.2669902912621359,0.30647108695652175
2023-03-03,2023-03-03 11:30:00,2023-03-03 11:45:00,2023-03-03 11:45:00,long,5240.5,5244.5,5232.5,5244.5,4.0,40.0,limit_touch,take_profit,1.0,2023-03-03 11:30:00,1,5.0,17.5,16.0,22.0,26.5,0.8495821727019499,0.660377358490566,24.21666666666667,1.486579490708878,349818.0,0.792559208070638,17.5,16.0,22.0,0.660377358490566,0.8495821727019499,0.5628588405797101
2023-03-03,2023-03-03 12:03:00,2023-03-03 12:11:00,2023-03-03 12:23:00,long,5249.0,5240.0,5240.0,5253.0,-9.0,-90.0,limit_touch,stop_loss,1.0,2023-03-03 12:03:00,2,13.5,16.5,11.0,31.5,40.5,0.46482122260668973,0.4074074074074074,24.21666666666667,1.9614590502408809,431876.0,0.8265229277646948,16.5,11.0,31.5,0.4074074074074074,0.46482122260668973,0.556928768115942
2023-03-06,2023-03-06 12:12:00,2023-03-06 12:13:00,2023-03-06 12:14:00,short,5222.5,5219.5,5229.5,5219.5,3.0,30.0,limit_touch,take_profit,-1.0,2023-03-06 12:12:00,1,-11.0,-12.0,-17.0,-18.5,23.0,-0.8341708542713567,-0.5217391304347826,24.21666666666667,1.3626978664831382,370560.0,0.6835161522408522,12.0,17.0,18.5,0.5217391304347826,0.8341708542713567,0.4218557971014493
2023-03-06,2023-03-06 12:44:00,2023-03-06 12:59:00,2023-03-06 13:04:00,short,5205.0,5201.5,5212.5,5201.5,3.5,35.0,limit_touch,take_profit,-1.0,2023-03-06 12:44:00,2,-7.5,-16.0,-24.5,-39.5,28.0,-0.7159090909090909,-0.5714285714285714,24.21666666666667,2.3124569855471435,453856.0,0.7615498451709174,16.0,24.5,39.5,0.5714285714285714,0.7159090909090909,0.6516399275362318
2023-03-07,2023-03-07 10:17:00,2023-03-07 10:23:00,2023-03-07 10:25:00,long,5203.0,5206.0,5197.0,5206.0,3.0,30.0,limit_touch,take_profit,1.0,2023-03-07 10:17:00,1,0.0,5.0,4.0,10.5,15.0,0.4666666666666667,0.3333333333333333,24.21666666666667,1.1562284927735718,157071.0,0.6667216121427144,5.0,4.0,10.5,0.3333333333333333,0.4666666666666667,0.1835777536231884
2023-03-07,2023-03-07 11:04:00,2023-03-07 11:12:00,2023-03-07 11:14:00,long,5205.5,5208.5,5199.0,5208.5,3.0,30.0,limit_touch,take_profit,1.0,2023-03-07 11:04:00,2,9.5,16.0,1.5,13.0,23.0,0.7545454545454545,0.6956521739130435,24.21666666666667,1.2801101169993117,273355.0,0.7277884156627533,16.0,1.5,13.0,0.6956521739130435,0.7545454545454545,0.4821276811594203
2023-03-07,2023-03-07 12:08:00,2023-03-07 12:14:00,2023-03-07 12:15:00,long,5220.5,5224.0,5213.0,5224.0,3.5,35.0,limit_touch,take_profit,1.0,2023-03-07 12:08:00,3,6.0,24.5,23.5,32.0,40.5,0.9073909171861086,0.6049382716049383,24.21666666666667,2.1059876118375773,418133.0,0.7900558443457741,24.5,23.5,32.0,0.6049382716049383,0.9073909171861086,0.6750630434782608
2023-03-08,2023-03-08 10:03:00,2023-03-08 10:03:00,2023-03-08 10:03:00,short,5198.0,5195.0,5204.5,5195.0,3.0,30.0,limit_touch,take_profit,-1.0,2023-03-08 10:03:00,1,-7.5,-5.5,-10.0,-11.0,15.5,-0.4563106796116505,-0.3548387096774194,16.169999999999998,1.1750154607297465,136078.0,0.7047518015465442,5.5,10.0,11.0,0.3548387096774194,0.4563106796116505,0.2037856521739131
2023-03-08,2023-03-08 10:05:00,2023-03-08 10:09:00,2023-03-08 10:21:00,short,5195.0,5192.0,5202.0,5192.0,3.0,30.0,limit_touch,take_profit,-1.0,2023-03-08 10:05:00,2,-7.5,-8.5,-11.5,-14.0,19.5,-0.6331360946745562,-0.4358974358974359,16.169999999999998,1.391465677179963,151549.0,0.761759791501124,8.5,11.5,14.0,0.4358974358974359,0.6331360946745562,0.32057478260869565
2023-03-08,2023-03-08 10:41:00,2023-03-08 11:12:00,2023-03-08 11:15:00,short,5180.5,5177.0,5188.0,5177.0,3.5,35.0,limit_touch,take_profit,-1.0,2023-03-08 10:41:00,3,-5.0,-12.5,-22.0,-34.5,27.5,-0.594855305466238,-0.45454545454545453,16.169999999999998,2.597402597402598,282797.0,0.9177109877423599,12.5,22.0,34.5,0.45454545454545453,0.594855305466238,0.5967163043478261
2023-03-08,2023-03-08 12:25:00,2023-03-08 12:57:00,2023-03-08 13:00:00,short,5147.5,5143.5,5156.5,5143.5,4.0,40.0,limit_touch,take_profit,-1.0,2023-03-08 12:25:00,4,-16.0,-11.5,-24.0,-78.5,31.5,-0.7365684575389948,-0.36507936507936506,16.169999999999998,5.318491032776747,559229.0,0.9964060921109945,11.5,24.0,78.5,0.36507936507936506,0.7365684575389948,0.673801304347826
2023-03-09,2023-03-09 11:01:00,2023-03-09 11:02:00,2023-03-09 11:07:00,short,5142.5,5138.5,5151.0,5138.5,4.0,40.0,limit_touch,take_profit,-1.0,2023-03-09 11:01:00,1,-4.0,-16.0,-21.0,-23.0,25.0,-0.8515625,-0.64,17.775,2.0253164556962027,374190.0,1.0285423078811937,16.0,21.0,23.0,0.64,0.8515625,0.6507054347826087
2023-03-09,2023-03-09 12:24:00,2023-03-09 12:30:00,2023-03-09 12:43:00,long,5161.0,5165.0,5152.0,5165.0,4.0,40.0,limit_touch,take_profit,1.0,2023-03-09 12:24:00,2,-3.0,2.5,10.5,4.5,20.5,0.2851063829787234,0.12195121951219512,17.775,2.0534458509142057,569195.0,1.0161797216151318,2.5,10.5,4.5,0.12195121951219512,0.2851063829787234,0.19710702898550725
2023-03-09,2023-03-09 14:03:00,2023-03-09 14:33:00,2023-03-09 14:36:00,long,5170.5,5174.5,5162.5,5174.5,4.0,40.0,better_open,take_profit,1.0,2023-03-09 14:03:00,3,1.0,5.5,2.5,21.0,14.5,0.2839506172839506,0.3793103448275862,17.775,2.7848101265822787,703809.0,1.0168339147000718,5.5,2.5,21.0,0.3793103448275862,0.2839506172839506,0.42847463768115945
2023-03-10,2023-03-10 10:25:00,2023-03-10 10:30:00,2023-03-10 10:31:00,long,5216.5,5208.0,5208.0,5220.5,-8.5,-85.0,limit_touch,stop_loss,1.0,2023-03-10 10:25:00,1,5.5,3.0,26.0,50.0,26.0,0.1865671641791045,0.11538461538461539,17.849999999999998,3.081232492997199,209717.0,0.8277533692264902,3.0,26.0,50.0,0.11538461538461539,0.1865671641791045,0.3832815217391304
2023-03-13,2023-03-13 10:00:00,2023-03-13 10:09:00,2023-03-13 10:14:00,long,5285.5,5275.5,5275.5,5290.0,-10.0,-100.0,limit_touch,stop_loss,1.0,2023-03-13 10:00:00,1,1.5,0.0,20.5,57.5,40.0,0.025806451612903226,0.0,18.24375,3.919150393970538,322101.0,1.7832375635805815,0.0,20.5,57.5,0.0,0.025806451612903226,0.48940268115942026
2023-03-14,2023-03-14 11:24:00,2023-03-14 11:43:00,2023-03-14 12:00:00,short,5249.5,5260.0,5260.0,5244.5,-10.5,-105.0,limit_touch,stop_loss,-1.0,2023-03-14 11:24:00,1,-5.0,-1.0,-16.0,-12.5,27.0,0.09375,-0.037037037037037035,18.599999999999998,2.123655913978495,504654.0,1.1934832758564216,1.0,16.0,12.5,0.037037037037037035,-0.09375,0.2522108695652174
2023-03-15,2023-03-15 10:15:00,2023-03-15 10:25:00,2023-03-15 10:30:00,short,5303.5,5314.0,5314.0,5298.5,-10.5,-105.0,limit_touch,stop_loss,-1.0,2023-03-15 10:15:00,1,-9.0,-7.0,-21.0,-30.0,24.0,-0.4689655172413793,-0.2916666666666667,17.985,3.224909646927996,290279.0,1.2740519575463778,7.0,21.0,30.0,0.2916666666666667,0.4689655172413793,0.5325641304347827
2023-03-16,2023-03-16 10:03:00,2023-03-16 10:09:00,2023-03-16 10:15:00,long,5304.5,5309.0,5295.0,5309.0,4.5,45.0,limit_touch,take_profit,1.0,2023-03-16 10:03:00,1,5.5,13.5,12.5,15.5,26.5,0.6410256410256411,0.5094339622641509,17.93181818181818,1.561470215462611,196917.0,1.014600780386834,13.5,12.5,15.5,0.5094339622641509,0.6410256410256411,0.5101333333333333
2023-03-16,2023-03-16 10:23:00,2023-03-16 10:25:00,2023-03-16 10:30:00,long,5305.5,5295.5,5295.5,5310.0,-10.0,-100.0,limit_touch,stop_loss,1.0,2023-03-16 10:23:00,2,4.0,4.0,14.0,15.0,33.0,0.0211864406779661,0.12121212121212122,17.93181818181818,1.6451204055766795,263392.0,1.0479122082297425,4.0,14.0,15.0,0.12121212121212122,0.0211864406779661,0.2529094927536232
2023-03-16,2023-03-16 11:26:00,2023-03-16 11:51:00,2023-03-16 12:01:00,long,5313.0,5317.5,5303.0,5317.5,4.5,45.0,limit_touch,take_profit,1.0,2023-03-16 11:26:00,3,3.0,16.5,20.5,25.0,25.5,0.8610271903323263,0.6470588235294118,17.93181818181818,2.202788339670469,454924.0,1.0625350271803329,16.5,20.5,25.0,0.6470588235294118,0.8610271903323263,0.6888415942028987
2023-03-17,2023-03-17 10:08:00,2023-03-17 10:21:00,2023-03-17 10:33:00,long,5270.0,5274.0,5262.0,5274.0,4.0,40.0,limit_touch,take_profit,1.0,2023-03-17 10:08:00,1,8.0,6.5,11.5,19.0,22.5,0.4439461883408072,0.28888888888888886,18.612499999999997,1.6118200134318337,152874.0,0.7310384248583223,6.5,11.5,19.0,0.28888888888888886,0.4439461883408072,0.2713131884057971
2023-03-17,2023-03-17 10:47:00,2023-03-17 10:58:00,2023-03-17 10:59:00,long,5275.0,5279.0,5267.0,5279.0,4.0,40.0,limit_touch,take_profit,1.0,2023-03-17 10:47:00,2,2.5,10.0,5.5,24.5,24.0,0.5590551181102362,0.4166666666666667,18.612499999999997,1.961047683008731,238545.0,0.7225363055221953,10.0,5.5,24.5,0.4166666666666667,0.5590551181102362,0.42507094202898554
2023-03-17,2023-03-17 11:46:00,2023-03-17 13:28:00,2023-03-17 13:54:00,long,5287.0,5291.0,5278.5,5291.0,4.0,40.0,limit_touch,take_profit_gap_open,1.0,2023-03-17 11:46:00,3,4.0,5.5,16.0,43.5,22.5,0.19069767441860466,0.24444444444444444,18.612499999999997,2.820685023505709,363918.0,0.7627341110945497,5.5,16.0,43.5,0.24444444444444444,0.19069767441860466,0.4167111594202899
2023-03-20,2023-03-20 10:25:00,2023-03-20 10:35:00,2023-03-20 10:49:00,short,5264.0,5260.5,5272.0,5260.5,3.5,35.0,limit_touch,take_profit,-1.0,2023-03-20 10:25:00,1,-0.5,-7.5,-16.5,-28.0,20.5,-0.57847533632287,-0.36585365853658536,18.392307692307693,2.4194897532413218,247374.0,0.965144942694836,7.5,16.5,28.0,0.36585365853658536,0.57847533632287,0.4674998550724638
2023-03-20,2023-03-20 11:50:00,2023-03-20 12:43:00,2023-03-20 14:00:00,short,5259.0,5255.0,5267.0,5255.0,4.0,40.0,limit_touch,take_profit,-1.0,2023-03-20 11:50:00,2,-8.5,-5.0,-15.0,-39.5,20.0,-0.37333333333333335,-0.25,18.392307692307693,2.8000836470096195,448236.0,0.9221961703334953,5.0,15.0,39.5,0.25,0.37333333333333335,0.4382431159420289
2023-03-21,2023-03-21 10:25:00,2023-03-21 10:30:00,2023-03-21 10:39:00,long,5256.5,5259.5,5249.5,5259.5,3.0,30.0,limit_touch,take_profit,1.0,2023-03-21 10:25:00,1,0.5,2.0,7.5,22.0,21.0,0.042105263157894736,0.09523809523809523,18.182142857142857,2.0899626792378707,225700.0,0.8804011852064516,2.0,7.5,22.0,0.09523809523809523,0.042105263157894736,0.2368826811594203
2023-03-22,2023-03-22 10:49:00,2023-03-22 11:19:00,2023-03-22 11:28:00,long,5278.5,5281.5,5272.0,5281.5,3.0,30.0,limit_touch,take_profit,1.0,2023-03-22 10:49:00,1,2.0,9.5,17.5,26.0,25.5,0.43661971830985913,0.37254901960784315,17.73,2.1150592216582065,243363.0,0.7302512618303787,9.5,17.5,26.0,0.37254901960784315,0.43661971830985913,0.41536195652173913
2023-03-22,2023-03-22 11:35:00,2023-03-22 11:42:00,2023-03-22 11:55:00,long,5279.5,5282.5,5273.0,5282.5,3.0,30.0,limit_touch,take_profit,1.0,2023-03-22 11:35:00,2,3.5,6.5,0.5,28.0,19.5,0.7112299465240641,0.3333333333333333,17.73,2.1714608009024254,335349.0,0.7499300327840527,6.5,0.5,28.0,0.3333333333333333,0.7112299465240641,0.3732361594202899
2023-03-23,2023-03-23 11:43:00,2023-03-23 12:26:00,2023-03-23 12:34:00,long,5270.0,5274.5,5260.0,5274.5,4.5,45.0,limit_touch,take_profit,1.0,2023-03-23 11:43:00,1,6.5,12.5,10.5,71.5,26.5,0.6616314199395771,0.4716981132075472,18.037499999999998,4.268884268884269,458811.0,0.989964123291595,12.5,10.5,71.5,0.4716981132075472,0.6616314199395771,0.7231263043478261
2023-03-24,2023-03-24 10:30:00,2023-03-24 10:32:00,2023-03-24 10:45:00,short,5324.5,5333.5,5333.5,5320.5,-9.0,-90.0,limit_touch,stop_loss,-1.0,2023-03-24 10:30:00,1,-9.0,-16.5,-11.0,-6.0,31.5,-0.43614457831325304,-0.5238095238095238,18.705882352941174,1.737421383647799,312683.0,1.1704095982548082,16.5,11.0,6.0,0.5238095238095238,0.43614457831325304,0.5427572463768116
2023-03-27,2023-03-27 11:12:00,2023-03-27 11:24:00,2023-03-27 11:32:00,short,5231.0,5238.5,5238.5,5227.5,-7.5,-75.0,limit_touch,stop_loss,-1.0,2023-03-27 11:12:00,1,-5.0,-11.0,-17.5,-31.5,22.0,-0.6464646464646465,-0.5,19.383333333333333,1.7798796216680999,302869.0,0.7639279787769898,11.0,17.5,31.5,0.5,0.6464646464646465,0.5046372463768115
2023-03-28,2023-03-28 10:37:00,2023-03-28 10:41:00,2023-03-28 10:42:00,short,5163.0,5159.5,5171.0,5159.5,3.5,35.0,limit_touch,take_profit,-1.0,2023-03-28 10:37:00,1,-9.0,-17.5,-33.5,-38.0,34.5,-0.5127610208816705,-0.5072463768115942,19.286842105263155,2.4887433483422026,327296.0,1.1010752070806988,17.5,33.5,38.0,0.5072463768115942,0.5127610208816705,0.7377465217391304
2023-03-29,2023-03-29 11:03:00,2023-03-29 11:29:00,2023-03-29 11:35:00,short,5153.5,5150.0,5161.0,5150.0,3.5,35.0,limit_touch,take_profit,-1.0,2023-03-29 11:03:00,1,-9.0,-6.5,-22.5,-20.0,25.5,-0.22943722943722944,-0.2549019607843137,19.0425,2.205592753052383,382629.0,1.0232615688634354,6.5,22.5,20.0,0.2549019607843137,0.22943722943722944,0.3811359420289855
2023-03-29,2023-03-29 12:27:00,2023-03-29 13:19:00,2023-03-29 13:23:00,short,5146.5,5143.0,5154.0,5143.0,3.5,35.0,limit_touch,take_profit,-1.0,2023-03-29 12:27:00,2,-1.5,-9.5,-9.0,-28.5,21.5,-0.819935691318328,-0.4418604651162791,19.0425,2.7044768281475644,524601.0,0.9260807388107175,9.5,9.0,28.5,0.4418604651162791,0.819935691318328,0.5256823188405797
2023-03-30,2023-03-30 10:03:00,2023-03-30 10:12:00,2023-03-30 10:14:00,long,5106.5,5096.5,5096.5,5111.0,-10.0,-100.0,limit_touch,stop_loss,1.0,2023-03-30 10:03:00,1,4.5,16.0,23.5,6.5,35.0,0.5439330543933054,0.45714285714285713,18.942857142857143,2.560331825037707,274802.0,1.4054542274302981,16.0,23.5,6.5,0.45714285714285713,0.5439330543933054,0.5761174637681159
2023-03-30,2023-03-30 11:14:00,2023-03-30 11:39:00,2023-03-30 11:45:00,long,5139.5,5127.5,5127.5,5145.0,-12.0,-120.0,limit_touch,stop_loss,1.0,2023-03-30 11:14:00,2,14.5,47.5,58.5,53.0,63.5,0.848042080654588,0.7480314960629921,18.942857142857143,4.8831070889894415,562817.0,1.392826098119754,47.5,58.5,53.0,0.7480314960629921,0.848042080654588,0.9537807246376812
2023-03-31,2023-03-31 12:23:00,2023-03-31 12:44:00,2023-03-31 13:26:00,short,5092.5,5088.0,5102.5,5088.0,4.5,45.0,limit_touch,take_profit,-1.0,2023-03-31 12:23:00,1,-10.0,-9.5,-9.0,-51.5,18.5,-0.6094674556213018,-0.5135135135135135,19.34318181818182,2.7916813535424745,533566.0,0.9406851907305224,9.5,9.0,51.5,0.5135135135135135,0.6094674556213018,0.6394673188405797
2023-04-03,2023-04-03 10:06:00,2023-04-03 10:12:00,2023-04-03 10:18:00,long,5083.5,5087.0,5076.0,5087.0,3.5,35.0,limit_touch,take_profit,1.0,2023-04-03 10:06:00,1,0.5,2.5,13.5,7.5,19.5,0.16201117318435754,0.1282051282051282,19.206521739130434,1.405772495755518,192632.0,0.9364350034016694,2.5,13.5,7.5,0.1282051282051282,0.16201117318435754,0.14188260869565217
2023-04-03,2023-04-03 10:25:00,2023-04-03 10:34:00,2023-04-03 10:38:00,long,5089.0,5092.5,5081.0,5092.5,3.5,35.0,limit_touch,take_profit,1.0,2023-04-03 10:25:00,2,3.0,8.0,12.0,17.0,18.0,0.6944444444444444,0.4444444444444444,19.206521739130434,1.7962648556876062,238509.0,0.9190379326780989,8.0,12.0,17.0,0.4444444444444444,0.6944444444444444,0.39528543478260875
2023-04-03,2023-04-03 10:43:00,2023-04-03 11:00:00,2023-04-03 11:06:00,long,5090.5,5082.5,5082.5,5094.0,-8.0,-80.0,limit_touch,stop_loss,1.0,2023-04-03 10:43:00,3,9.5,3.0,12.5,19.0,26.0,0.3586206896551724,0.11538461538461539,19.206521739130434,1.9003961516694965,284449.0,0.8837986812726559,3.0,12.5,19.0,0.11538461538461539,0.3586206896551724,0.22458398550724637
2023-04-04,2023-04-04 10:53:00,2023-04-04 11:00:00,2023-04-04 11:01:00,long,5095.0,5089.0,5089.0,5098.0,-6.0,-60.0,limit_touch,stop_loss,1.0,2023-04-04 10:53:00,1,2.0,5.5,12.0,26.5,14.5,0.3626373626373626,0.3793103448275862,19.206521739130434,1.640067911714771,256574.0,0.7313238416919634,5.5,12.0,26.5,0.3793103448275862,0.3626373626373626,0.32902289855072464
2023-04-04,2023-04-04 12:40:00,2023-04-04 13:14:00,2023-04-04 13:20:00,long,5108.0,5111.0,5101.0,5111.0,3.0,30.0,limit_touch,take_profit,1.0,2023-04-04 12:40:00,2,3.5,13.0,24.0,44.0,20.0,0.7941176470588235,0.65,19.206521739130434,2.5251839275608376,498310.0,0.8448365284860992,13.0,24.0,44.0,0.65,0.7941176470588235,0.6738246376811594
2023-04-05,2023-04-05 10:43:00,2023-04-05 11:13:00,2023-04-05 11:13:00,short,5073.0,5070.0,5079.5,5070.0,3.0,30.0,limit_touch,take_profit,-1.0,2023-04-05 10:43:00,1,-4.0,-5.0,-10.0,-24.0,20.0,-0.32051282051282054,-0.25,19.206521739130434,1.692133559705716,303265.0,0.9508259941244525,5.0,10.0,24.0,0.25,0.32051282051282054,0.3256645652173913
2023-04-06,2023-04-06 10:10:00,2023-04-06 10:17:00,2023-04-06 10:32:00,long,5089.5,5092.5,5083.0,5092.5,3.0,30.0,limit_touch,take_profit,1.0,2023-04-06 10:10:00,1,-1.5,4.5,7.5,31.0,27.5,0.38515901060070673,0.16363636363636364,19.206521739130434,2.1346915676287495,171523.0,0.7937733935070176,4.5,7.5,31.0,0.16363636363636364,0.38515901060070673,0.3106264492753623
2023-04-06,2023-04-06 10:43:00,2023-04-06 11:11:00,2023-04-06 11:18:00,long,5091.0,5094.0,5084.0,5094.0,3.0,30.0,limit_touch,take_profit,1.0,2023-04-06 10:43:00,2,7.0,11.5,3.0,35.0,24.5,0.5278969957081545,0.46938775510204084,19.206521739130434,2.2388228636106398,252619.0,0.7935026880787388,11.5,3.0,35.0,0.46938775510204084,0.5278969957081545,0.543981884057971
2023-04-10,2023-04-10 10:21:00,2023-04-10 11:44:00,2023-04-10 12:00:00,long,5096.0,5099.0,5089.5,5099.0,3.0,30.0,limit_touch,take_profit,1.0,2023-04-10 10:21:00,1,6.0,2.0,14.5,33.0,33.0,0.11290322580645161,0.06060606060606061,19.206521739130434,2.811544991511036,248059.0,1.0108613220306797,2.0,14.5,33.0,0.06060606060606061,0.11290322580645161,0.3619444202898551
2023-04-11,2023-04-11 10:17:00,2023-04-11 10:37:00,2023-04-11 10:42:00,short,5021.0,5028.5,5028.5,5017.5,-7.5,-75.0,limit_touch,stop_loss,-1.0,2023-04-11 10:17:00,1,-21.0,-30.5,-45.0,-53.5,39.5,-0.9272326350606395,-0.7721518987341772,15.149999999999999,4.785478547854786,295645.0,1.2630974972673013,30.5,45.0,53.5,0.7721518987341772,0.9272326350606395,0.9414403623188407
2023-04-12,2023-04-12 11:14:00,2023-04-12 12:10:00,2023-04-12 12:27:00,short,4954.0,4949.0,4964.5,4949.0,5.0,50.0,limit_touch,take_profit,-1.0,2023-04-12 11:14:00,1,-4.5,-21.5,-20.0,-90.0,39.5,-0.8124054462934948,-0.5443037974683544,16.25,6.092307692307692,584193.0,1.4555341690034447,21.5,20.0,90.0,0.5443037974683544,0.8124054462934948,0.9042591304347826
2023-04-13,2023-04-13 10:45:00,2023-04-13 10:51:00,2023-04-13 10:56:00,short,4921.5,4917.0,4931.0,4917.0,4.5,45.0,limit_touch,take_profit,-1.0,2023-04-13 10:45:00,1,-6.0,-18.0,-15.0,-18.0,41.0,-0.541019955654102,-0.43902439024390244,18.235714285714284,2.220916568742656,409965.0,1.2629377454082131,18.0,15.0,18.0,0.43902439024390244,0.541019955654102,0.6294655072463767
2023-04-13,2023-04-13 10:57:00,2023-04-13 11:01:00,2023-04-13 11:20:00,short,4921.5,4931.5,4931.5,4917.0,-10.0,-100.0,limit_touch,stop_loss,-1.0,2023-04-13 10:57:00,2,-5.5,-7.0,-20.0,-19.5,37.0,-0.21641791044776118,-0.1891891891891892,18.235714285714284,2.248335291813553,453670.0,1.2725477607461357,7.0,20.0,19.5,0.1891891891891892,0.21641791044776118,0.41912108695652167
2023-04-13,2023-04-13 12:44:00,2023-04-13 13:00:00,2023-04-13 13:38:00,short,4917.0,4926.0,4926.0,4912.5,-9.0,-90.0,limit_touch,stop_loss,-1.0,2023-04-13 12:44:00,3,-4.0,-7.0,-8.5,-25.0,11.0,-0.8571428571428571,-0.6363636363636364,18.235714285714284,2.54994124559342,613377.0,1.0476816952833738,7.0,8.5,25.0,0.6363636363636364,0.8571428571428571,0.5661049275362319
2023-04-14,2023-04-14 11:08:00,2023-04-14 12:53:00,2023-04-14 13:02:00,long,4957.5,4948.0,4948.0,4962.0,-9.5,-95.0,limit_touch,stop_loss,1.0,2023-04-14 11:08:00,1,14.5,18.5,10.5,26.0,34.5,0.7467411545623837,0.5362318840579711,17.7,4.124293785310734,425227.0,1.0959463941327463,18.5,10.5,26.0,0.5362318840579711,0.7467411545623837,0.7290852173913043
2023-04-17,2023-04-17 12:21:00,2023-04-17 13:01:00,2023-04-17 13:12:00,long,4952.5,4955.5,4945.5,4955.5,3.0,30.0,limit_touch,take_profit,1.0,2023-04-17 12:21:00,1,-0.5,1.5,3.0,32.5,13.5,0.03614457831325301,0.1111111111111111,18.166666666666668,3.1926605504587156,458293.0,0.8283744732769236,1.5,3.0,32.5,0.1111111111111111,0.03614457831325301,0.3123809420289855
2023-04-18,2023-04-18 10:31:00,2023-04-18 10:38:00,2023-04-18 10:39:00,long,4978.5,4982.0,4970.5,4982.0,3.5,35.0,limit_touch,take_profit,1.0,2023-04-18 10:31:00,1,14.0,37.5,44.0,68.0,41.5,0.9858781994704324,0.9036144578313253,18.09,4.422332780541736,317808.0,1.1383174959078193,37.5,44.0,68.0,0.9036144578313253,0.9858781994704324,0.9497531884057971
2023-04-19,2023-04-19 10:02:00,2023-04-19 10:09:00,2023-04-19 10:10:00,long,5036.0,5039.5,5028.0,5039.5,3.5,35.0,limit_touch,take_profit,1.0,2023-04-19 10:02:00,1,10.5,14.5,27.0,23.5,32.5,0.6627634660421545,0.4461538461538462,18.79090909090909,1.6763425253991293,232903.0,1.1972402656512902,14.5,27.0,23.5,0.4461538461538462,0.6627634660421545,0.5911266666666666
2023-04-19,2023-04-19 11:01:00,2023-04-19 11:11:00,2023-04-19 11:19:00,long,5056.0,5047.5,5047.5,5060.0,-8.5,-85.0,limit_touch,stop_loss,1.0,2023-04-19 11:01:00,2,9.0,8.0,20.5,46.5,25.0,0.6086956521739131,0.32,18.79090909090909,3.0865989356555397,417638.0,1.1313780851019064,8.0,20.5,46.5,0.32,0.6086956521739131,0.5943909420289856
2023-04-20,2023-04-20 10:14:00,2023-04-20 10:16:00,2023-04-20 10:24:00,short,5067.5,5064.0,5075.5,5064.0,3.5,35.0,limit_touch,take_profit,-1.0,2023-04-20 10:14:00,1,-3.0,-5.0,-14.0,-30.0,25.0,-0.09411764705882353,-0.2,19.3375,1.7323852617970266,253777.0,1.106392941113896,5.0,14.0,30.0,0.2,0.09411764705882353,0.39320934782608685
2023-04-20,2023-04-20 11:32:00,2023-04-20 12:16:00,2023-04-20 12:21:00,short,5057.0,5053.0,5065.0,5053.0,4.0,40.0,limit_touch,take_profit,-1.0,2023-04-20 11:32:00,2,-6.0,-0.5,-13.5,-41.0,23.5,-0.0053475935828877,-0.02127659574468085,19.3375,2.4563671622495153,431379.0,0.9652373814912427,0.5,13.5,41.0,0.02127659574468085,0.0053475935828877,0.3535013768115942
2023-04-20,2023-04-20 12:36:00,2023-04-20 13:41:00,2023-04-20 13:58:00,short,5055.0,5051.5,5063.0,5051.5,3.5,35.0,limit_touch,take_profit,-1.0,2023-04-20 12:36:00,3,-3.0,-8.0,-5.0,-46.5,17.0,-0.7794117647058824,-0.47058823529411764,19.3375,2.585649644473174,509873.0,0.8897258013845605,8.0,5.0,46.5,0.47058823529411764,0.7794117647058824,0.5685389855072464
2023-04-24,2023-04-24 10:00:00,2023-04-24 10:00:00,2023-04-24 10:00:00,short,5068.0,5065.0,5074.5,5065.0,3.0,30.0,limit_touch,take_profit,-1.0,2023-04-24 10:00:00,1,-6.0,-4.0,-2.5,-7.5,25.0,-0.17272727272727273,-0.16,19.015384615384615,1.2095469255663431,151383.0,0.8064672368745015,4.0,2.5,7.5,0.16,0.17272727272727273,0.12350333333333333
2023-04-24,2023-04-24 10:05:00,2023-04-24 10:07:00,2023-04-24 10:08:00,short,5066.5,5063.5,5073.0,5063.5,3.0,30.0,limit_touch,take_profit,-1.0,2023-04-24 10:05:00,2,-5.5,-8.5,-10.0,-13.0,32.5,-0.3562005277044855,-0.26153846153846155,19.015384615384615,1.2884304207119741,173073.0,0.8497499941082665,8.5,10.0,13.0,0.26153846153846155,0.3562005277044855,0.2704150724637681
2023-04-24,2023-04-24 10:16:00,2023-04-24 10:27:00,2023-04-24 10:30:00,short,5062.0,5068.5,5068.5,5059.0,-6.5,-65.0,limit_touch,stop_loss,-1.0,2023-04-24 10:16:00,3,-8.0,-5.0,-12.0,-17.0,31.0,-0.3176470588235294,-0.16129032258064516,19.015384615384615,1.6302588996763754,199620.0,0.8476991054612937,5.0,12.0,17.0,0.16129032258064516,0.3176470588235294,0.22655985507246376
2023-04-24,2023-04-24 10:46:00,2023-04-24 10:51:00,2023-04-24 10:51:00,long,5081.5,5085.0,5074.0,5085.0,3.5,35.0,limit_touch,take_profit,1.0,2023-04-24 10:46:00,4,4.5,10.0,27.0,10.0,26.0,0.2028985507246377,0.38461538461538464,19.015384615384615,1.9194983818770226,292350.0,0.8858760718918659,10.0,27.0,10.0,0.38461538461538464,0.2028985507246377,0.35892072463768115
2023-04-25,2023-04-25 10:01:00,2023-04-25 10:03:00,2023-04-25 10:03:00,short,5043.5,5040.5,5050.5,5040.5,3.0,30.0,limit_touch,take_profit,-1.0,2023-04-25 10:01:00,1,-7.5,-14.0,-31.0,-13.0,33.0,-0.41148325358851673,-0.42424242424242425,18.782142857142855,1.916714204221335,215064.0,1.1252819562149663,14.0,31.0,13.0,0.42424242424242425,0.41148325358851673,0.5154926811594203
2023-04-25,2023-04-25 10:09:00,2023-04-25 10:14:00,2023-04-25 10:15:00,short,5042.5,5049.5,5049.5,5039.0,-7.0,-70.0,limit_touch,stop_loss,-1.0,2023-04-25 10:09:00,2,-1.5,-9.5,-13.5,-12.0,29.5,-0.21003134796238246,-0.3220338983050847,18.782142857142855,1.9965772960638908,249639.0,1.1599249078346046,9.5,13.5,12.0,0.3220338983050847,0.21003134796238246,0.41906891304347826
2023-04-25,2023-04-25 10:42:00,2023-04-25 10:44:00,2023-04-25 10:45:00,long,5064.5,5068.0,5056.5,5068.0,3.5,35.0,limit_touch,take_profit,1.0,2023-04-25 10:42:00,3,13.5,24.5,35.5,22.0,33.5,0.8252427184466019,0.7313432835820896,18.782142857142855,2.2361665715915575,373551.0,1.1756976965293853,24.5,35.5,22.0,0.7313432835820896,0.8252427184466019,0.7543457971014493
2023-04-25,2023-04-25 11:04:00,2023-04-25 11:15:00,2023-04-25 11:30:00,long,5072.0,5064.0,5064.0,5076.0,-8.0,-80.0,limit_touch,stop_loss,1.0,2023-04-25 11:04:00,4,6.5,14.5,30.0,32.5,34.5,0.6889692585895117,0.42028985507246375,18.782142857142855,2.768587183875262,452713.0,1.1983167930924725,14.5,30.0,32.5,0.42028985507246375,0.6889692585895117,0.675531231884058
2023-04-25,2023-04-25 14:23:00,2023-04-25 15:01:00,2023-04-25 15:05:00,long,5073.5,5077.0,5066.5,5077.0,3.5,35.0,better_open,take_profit,1.0,2023-04-25 14:23:00,5,3.5,12.0,13.5,34.0,20.0,0.620253164556962,0.6,18.782142857142855,2.8750713063320026,714508.0,1.0400127255182423,12.0,13.5,34.0,0.6,0.620253164556962,0.6860935507246377
2023-04-27,2023-04-27 10:02:00,2023-04-27 10:05:00,2023-04-27 10:07:00,short,5026.0,5022.5,5034.0,5022.5,3.5,35.0,limit_touch,take_profit,-1.0,2023-04-27 10:02:00,1,0.0,-15.5,-12.0,-15.0,26.5,-0.6470588235294118,-0.5849056603773585,18.159375,1.7621751849939769,230823.0,1.180129680329033,15.5,12.0,15.0,0.5849056603773585,0.6470588235294118,0.599673768115942
2023-04-27,2023-04-27 10:34:00,2023-04-27 10:40:00,2023-04-27 10:56:00,short,5022.5,5018.5,5030.5,5018.5,4.0,40.0,limit_touch,take_profit,-1.0,2023-04-27 10:34:00,2,-7.0,-18.0,-4.5,-24.5,28.0,-0.7615894039735099,-0.6428571428571429,18.159375,2.0375150576492858,349528.0,1.1933199239272547,18.0,4.5,24.5,0.6428571428571429,0.7615894039735099,0.7154078260869565
2023-04-27,2023-04-27 11:15:00,2023-04-27 11:22:00,2023-04-27 11:36:00,short,5020.5,5016.5,5028.5,5016.5,4.0,40.0,limit_touch,take_profit,-1.0,2023-04-27 11:15:00,3,-6.0,-8.0,-10.5,-27.0,25.0,-0.21238938053097345,-0.32,18.159375,2.17518499397694,438384.0,1.0700132487315097,8.0,10.5,27.0,0.32,0.21238938053097345,0.47485297101449275
2023-04-27,2023-04-27 11:55:00,2023-04-27 12:21:00,2023-04-27 12:27:00,short,5013.5,5009.5,5022.5,5009.5,4.0,40.0,limit_touch,take_profit,-1.0,2023-04-27 11:55:00,4,-2.0,-3.5,-18.0,-36.0,22.5,-0.31063829787234043,-0.15555555555555556,18.159375,2.670796764756496,534893.0,1.071908736601383,3.5,18.0,36.0,0.15555555555555556,0.31063829787234043,0.4185123913043478
2023-04-28,2023-04-28 10:03:00,2023-04-28 10:07:00,2023-04-28 10:13:00,short,5022.5,5032.0,5032.0,5018.0,-9.5,-95.0,limit_touch,stop_loss,-1.0,2023-04-28 10:03:00,1,-9.0,-4.5,-25.5,-8.5,27.5,-0.45454545454545453,-0.16363636363636364,18.46764705882353,2.0035037426341775,209742.0,1.0535949931859063,4.5,25.5,8.5,0.16363636363636364,0.45454545454545453,0.2514435507246377
2023-05-02,2023-05-02 10:58:00,2023-05-02 11:03:00,2023-05-02 11:08:00,long,5054.0,5057.5,5046.0,5057.5,3.5,35.0,limit_touch,take_profit,1.0,2023-05-02 10:58:00,1,3.0,-0.5,14.0,29.0,14.5,0.3069306930693069,-0.034482758620689655,18.1,2.320441988950276,336224.0,0.9273598801413612,-0.5,14.0,29.0,-0.034482758620689655,0.3069306930693069,0.2767299275362319
2023-05-02,2023-05-02 11:33:00,2023-05-02 11:40:00,2023-05-02 11:42:00,long,5062.5,5066.5,5054.5,5066.5,4.0,40.0,limit_touch,take_profit,1.0,2023-05-02 11:33:00,2,3.0,15.5,17.5,43.0,18.5,0.9354838709677419,0.8378378378378378,18.1,2.9281767955801103,427920.0,0.9479940951966224,15.5,17.5,43.0,0.8378378378378378,0.9354838709677419,0.7650863043478261
2023-05-03,2023-05-03 11:33:00,2023-05-03 12:37:00,2023-05-03 13:33:00,short,5043.5,5040.0,5051.0,5040.0,3.5,35.0,limit_touch,take_profit,-1.0,2023-05-03 11:33:00,1,-12.0,-19.0,-22.5,-11.5,28.0,-0.8808290155440415,-0.6785714285714286,18.1,2.707182320441989,427134.0,0.9456443529681777,19.0,22.5,11.5,0.6785714285714286,0.8808290155440415,0.6181202173913043
2023-05-04,2023-05-04 10:26:00,2023-05-04 10:32:00,2023-05-04 10:37:00,long,5023.5,5028.0,5014.0,5028.0,4.5,45.0,limit_touch,take_profit,1.0,2023-05-04 10:26:00,1,12.5,21.5,11.5,25.0,33.5,0.824945295404814,0.6417910447761194,18.1,2.044198895027624,304869.0,1.142676841818304,21.5,11.5,25.0,0.6417910447761194,0.824945295404814,0.731589347826087
2023-05-04,2023-05-04 11:22:00,2023-05-04 11:46:00,2023-05-04 11:57:00,long,5045.0,5049.5,5035.5,5049.5,4.5,45.0,limit_touch,take_profit,1.0,2023-05-04 11:22:00,2,3.5,9.0,14.0,52.0,18.0,0.782608695652174,0.5,18.1,3.646408839779005,480664.0,1.1282014850719024,9.0,14.0,52.0,0.5,0.782608695652174,0.6960633333333333
2023-05-05,2023-05-05 10:16:00,2023-05-05 10:21:00,2023-05-05 10:24:00,short,4999.0,4995.0,5007.0,4995.0,4.0,40.0,limit_touch,take_profit,-1.0,2023-05-05 10:16:00,1,-16.5,-27.0,-25.5,-17.5,40.0,-0.7129032258064516,-0.675,18.1,2.569060773480663,292025.0,1.2246920393864147,27.0,25.5,17.5,0.675,0.7129032258064516,0.7455448550724637
2023-05-05,2023-05-05 11:21:00,2023-05-05 11:50:00,2023-05-05 12:01:00,short,4993.0,4989.0,5001.5,4989.0,4.0,40.0,limit_touch,take_profit,-1.0,2023-05-05 11:21:00,2,-12.0,-18.0,-14.0,-28.5,34.0,-0.5828877005347594,-0.5294117647058824,18.1,3.038674033149171,477824.0,1.1219282797936379,18.0,14.0,28.5,0.5294117647058824,0.5828877005347594,0.7298286956521738
2023-05-08,2023-05-08 10:57:00,2023-05-08 11:25:00,2023-05-08 11:50:00,long,4991.0,4984.0,4984.0,4994.5,-7.0,-70.0,limit_touch,stop_loss,1.0,2023-05-08 10:57:00,1,6.5,21.5,16.5,20.5,31.5,0.8345498783454988,0.6825396825396826,18.1,1.8232044198895025,298507.0,0.8266561223943,21.5,16.5,20.5,0.6825396825396826,0.8345498783454988,0.6099436231884058
2023-05-08,2023-05-08 12:10:00,2023-05-08 12:10:00,2023-05-08 12:13:00,long,4994.0,4997.5,4986.5,4997.5,3.5,35.0,limit_touch,take_profit,1.0,2023-05-08 12:10:00,2,20.0,19.5,11.0,23.0,37.5,0.8566629339305711,0.52,18.1,2.071823204419889,426881.0,0.8082642911504249,19.5,11.0,23.0,0.52,0.8566629339305711,0.5822355072463767
2023-05-09,2023-05-09 11:00:00,2023-05-09 11:08:00,2023-05-09 11:16:00,short,5026.0,5022.5,5034.0,5022.5,3.5,35.0,limit_touch,take_profit,-1.0,2023-05-09 11:00:00,1,-10.0,-18.5,-26.5,-11.5,19.5,-0.9887005649717514,-0.9487179487179487,21.42,2.1241830065359477,369857.0,1.0140777336122913,18.5,26.5,11.5,0.9487179487179487,0.9887005649717514,0.6353554347826087
2023-05-11,2023-05-11 10:13:00,2023-05-11 10:33:00,2023-05-11 10:41:00,long,4995.0,4998.5,4988.0,4998.5,3.5,35.0,limit_touch,take_profit,1.0,2023-05-11 10:13:00,1,4.5,15.5,22.0,26.5,24.5,0.8978978978978979,0.6326530612244898,20.357142857142858,1.8666666666666667,274639.0,1.196625263957611,15.5,22.0,26.5,0.6326530612244898,0.8978978978978979,0.6885369565217392
2023-05-11,2023-05-11 14:20:00,2023-05-11 14:47:00,2023-05-11 14:55:00,short,4973.0,4970.0,4979.5,4970.0,3.0,30.0,limit_touch,take_profit,-1.0,2023-05-11 14:20:00,2,-9.0,-10.5,-10.0,-10.5,21.5,-0.6851063829787234,-0.4883720930232558,20.357142857142858,2.063157894736842,635099.0,0.9533986817527371,10.5,10.0,10.5,0.4883720930232558,0.6851063829787234,0.4394100724637681
2023-05-12,2023-05-12 10:27:00,2023-05-12 10:37:00,2023-05-12 10:50:00,short,4947.0,4944.0,4954.0,4944.0,3.0,30.0,limit_touch,take_profit,-1.0,2023-05-12 10:27:00,1,-4.0,1.0,-14.0,-11.5,16.0,0.2708333333333333,0.0625,20.006249999999998,1.8744142455482664,262482.0,0.9716407059370517,-1.0,14.0,11.5,-0.0625,-0.2708333333333333,0.16602702898550725
2023-05-12,2023-05-12 11:00:00,2023-05-12 11:04:00,2023-05-12 11:20:00,short,4937.0,4933.5,4944.5,4933.5,3.5,35.0,limit_touch,take_profit,-1.0,2023-05-12 11:00:00,2,-8.0,-18.5,-12.5,-24.0,27.5,-0.8041543026706232,-0.6727272727272727,20.006249999999998,2.5242111840049986,356699.0,0.9749463327028037,18.5,12.5,24.0,0.6727272727272727,0.8041543026706232,0.6932704347826086
2023-05-15,2023-05-15 10:36:00,2023-05-15 10:41:00,2023-05-15 10:42:00,long,4937.0,4940.0,4930.5,4940.0,3.0,30.0,limit_touch,take_profit,1.0,2023-05-15 10:36:00,1,6.5,11.0,18.0,1.5,27.0,0.5285714285714286,0.4074074074074074,19.466666666666665,1.3099315068493151,266925.0,0.8937345666094673,11.0,18.0,1.5,0.4074074074074074,0.5285714285714286,0.31962391304347826
2023-05-15,2023-05-15 10:45:00,2023-05-15 10:48:00,2023-05-15 10:50:00,long,4941.5,4944.5,4935.0,4944.5,3.0,30.0,limit_touch,take_profit,1.0,2023-05-15 10:45:00,2,5.0,11.0,22.5,8.5,29.0,0.45,0.3793103448275862,19.466666666666665,1.5924657534246576,300792.0,0.9208826094490539,11.0,22.5,8.5,0.3793103448275862,0.45,0.3521273188405797
2023-05-16,2023-05-16 10:00:00,2023-05-16 10:10:00,2023-05-16 10:15:00,long,4923.0,4926.0,4917.0,4926.0,3.0,30.0,limit_touch,take_profit,1.0,2023-05-16 10:00:00,1,3.5,10.0,11.5,19.5,27.0,0.6099290780141844,0.37037037037037035,18.93,1.5055467511885896,218965.0,1.148442126135885,10.0,11.5,19.5,0.37037037037037035,0.6099290780141844,0.46030094202898547
2023-05-16,2023-05-16 12:42:00,2023-05-16 12:52:00,2023-05-16 13:16:00,long,4934.0,4937.5,4926.5,4937.5,3.5,35.0,limit_touch,take_profit,1.0,2023-05-16 12:42:00,2,5.0,7.5,7.5,34.0,16.5,0.5424836601307189,0.45454545454545453,18.93,2.2979397781299524,616484.0,1.0933906029876086,7.5,7.5,34.0,0.45454545454545453,0.5424836601307189,0.5613991304347826
2023-05-16,2023-05-16 13:49:00,2023-05-16 14:49:00,2023-05-16 15:05:00,long,4952.0,4955.5,4944.0,4955.5,3.5,35.0,limit_touch,take_profit,1.0,2023-05-16 13:49:00,3,8.5,20.0,31.5,58.5,25.0,0.9126984126984127,0.8,18.93,3.5393555203380878,733907.0,1.1717031986016118,20.0,31.5,58.5,0.8,0.9126984126984127,0.8979915217391305
2023-05-17,2023-05-17 10:14:00,2023-05-17 10:23:00,2023-05-17 10:25:00,short,4957.0,4953.0,4965.5,4953.0,4.0,40.0,limit_touch,take_profit_gap_open,-1.0,2023-05-17 10:14:00,1,-2.5,-15.0,-26.0,-2.0,32.0,-0.4595959595959596,-0.46875,19.036363636363635,1.9436485195797517,293144.0,1.2599394451640051,15.0,26.0,2.0,0.46875,0.4595959595959596,0.518979420289855
2023-05-17,2023-05-17 12:28:00,2023-05-17 12:56:00,2023-05-17 13:35:00,short,4955.0,4950.5,4964.5,4950.5,4.5,45.0,limit_touch,take_profit,-1.0,2023-05-17 12:28:00,2,-11.5,-16.0,-31.5,-8.5,30.0,-0.5722543352601156,-0.5333333333333333,19.036363636363635,2.0749761222540593,621009.0,1.1363063242276548,16.0,31.5,8.5,0.5333333333333333,0.5722543352601156,0.5626994927536232
2023-05-18,2023-05-18 11:58:00,2023-05-18 12:05:00,2023-05-18 12:48:00,long,4984.0,4976.5,4976.5,4987.5,-7.5,-75.0,limit_touch,stop_loss,1.0,2023-05-18 11:58:00,1,2.5,2.5,10.5,25.0,9.5,0.23076923076923078,0.2631578947368421,18.675,1.606425702811245,463944.0,0.9441929533809511,2.5,10.5,25.0,0.2631578947368421,0.23076923076923078,0.29114956521739127
2023-05-18,2023-05-18 14:04:00,2023-05-18 14:21:00,2023-05-18 14:30:00,long,4986.5,4989.5,4980.0,4989.5,3.0,30.0,limit_touch,take_profit,1.0,2023-05-18 14:04:00,2,3.5,6.5,10.0,28.0,8.5,0.8048780487804879,0.7647058823529411,18.675,1.7670682730923695,590887.0,0.9269702669588776,6.5,10.0,28.0,0.7647058823529411,0.8048780487804879,0.513446884057971
2023-05-19,2023-05-19 10:01:00,2023-05-19 10:05:00,2023-05-19 10:08:00,long,4981.5,4984.5,4975.0,4984.5,3.0,30.0,limit_touch,take_profit,1.0,2023-05-19 10:01:00,1,3.0,7.0,19.0,22.5,26.0,0.6492146596858639,0.2692307692307692,18.0,1.8611111111111112,195517.0,0.99116210369003,7.0,19.0,22.5,0.2692307692307692,0.6492146596858639,0.38012514492753624
2023-05-19,2023-05-19 10:44:00,2023-05-19 11:27:00,2023-05-19 11:38:00,long,4999.0,5002.5,4991.5,5002.5,3.5,35.0,limit_touch,take_profit,1.0,2023-05-19 10:44:00,2,3.5,4.5,13.0,44.0,24.5,0.04980842911877394,0.1836734693877551,18.0,3.138888888888889,355410.0,1.0972103373404944,4.5,13.0,44.0,0.1836734693877551,0.04980842911877394,0.48499072463768117
2023-05-22,2023-05-22 10:09:00,2023-05-22 10:26:00,2023-05-22 10:26:00,short,4993.0,4990.0,4999.5,4990.0,3.0,30.0,limit_touch,take_profit,-1.0,2023-05-22 10:09:00,1,-1.0,-1.0,-4.5,-20.5,21.0,-0.09473684210526316,-0.047619047619047616,17.978571428571428,1.7242749304727851,203394.0,0.9204084187725413,1.0,4.5,20.5,0.047619047619047616,0.09473684210526316,0.20849760869565218
2023-05-22,2023-05-22 10:49:00,2023-05-22 11:09:00,2023-05-22 11:15:00,short,4982.0,4979.0,4989.0,4979.0,3.0,30.0,limit_touch,take_profit,-1.0,2023-05-22 10:49:00,2,-4.5,-11.0,-16.5,-36.5,20.0,-0.75,-0.55,17.978571428571428,2.5307906237584428,312805.0,0.9246184445720844,11.0,16.5,36.5,0.55,0.75,0.6181265217391304
2023-05-23,2023-05-23 10:29:00,2023-05-23 10:37:00,2023-05-23 10:45:00,short,4982.0,4988.0,4988.0,4979.0,-6.0,-60.0,limit_touch,stop_loss,-1.0,2023-05-23 10:29:00,1,-3.0,-9.5,-18.0,-12.0,22.5,-0.4658385093167702,-0.4222222222222222,17.84,1.5695067264573992,266811.0,0.9669507118283132,9.5,18.0,12.0,0.4222222222222222,0.4658385093167702,0.3832750724637681
2023-05-23,2023-05-23 11:41:00,2023-05-23 11:55:00,2023-05-23 11:58:00,short,4974.5,4971.5,4981.0,4971.5,3.0,30.0,limit_touch,take_profit,-1.0,2023-05-23 11:41:00,2,-3.0,-4.0,-13.0,-22.5,16.0,-0.42857142857142855,-0.25,17.84,2.1300448430493275,438265.0,0.9507003451688794,4.0,13.0,22.5,0.25,0.42857142857142855,0.32270304347826084
2023-05-23,2023-05-23 12:44:00,2023-05-23 13:39:00,2023-05-23 13:52:00,short,4970.0,4967.0,4976.5,4967.0,3.0,30.0,limit_touch,take_profit,-1.0,2023-05-23 12:44:00,3,-0.5,-3.5,-6.5,-26.0,11.5,-0.5254237288135594,-0.30434782608695654,17.84,2.4663677130044843,511362.0,0.9109741077845827,3.5,6.5,26.0,0.30434782608695654,0.5254237288135594,0.35168398550724633
2023-05-23,2023-05-23 14:16:00,2023-05-23 14:47:00,2023-05-23 15:22:00,short,4969.5,4975.5,4975.5,4967.0,-6.0,-60.0,limit_touch,stop_loss,-1.0,2023-05-23 14:16:00,4,-1.0,-5.5,-10.0,-29.5,17.5,-0.6033057851239669,-0.3142857142857143,17.84,2.4943946188340806,584876.0,0.8931193773246229,5.5,10.0,29.5,0.3142857142857143,0.6033057851239669,0.40223115942028986
2023-05-25,2023-05-25 10:00:00,2023-05-25 10:06:00,2023-05-25 10:06:00,long,4986.0,4989.0,4980.0,4989.0,3.0,30.0,limit_touch,take_profit,1.0,2023-05-25 10:00:00,1,4.0,7.5,15.0,35.5,15.5,0.6288659793814433,0.4838709677419355,17.055882352941175,2.8435937230556996,210214.0,1.0828953002194237,7.5,15.0,35.5,0.4838709677419355,0.6288659793814433,0.5957313768115942
2023-05-29,2023-05-29 10:03:00,2023-05-29 10:11:00,2023-05-29 10:13:00,short,4986.5,4983.0,4994.0,4983.0,3.5,35.0,limit_touch,take_profit,-1.0,2023-05-29 10:03:00,1,-7.0,-16.5,-22.0,-23.5,29.5,-0.6935064935064935,-0.559322033898305,17.676315789473684,1.4991811820753314,134374.0,0.6494091561049465,16.5,22.0,23.5,0.559322033898305,0.6935064935064935,0.5215846376811593
2023-05-29,2023-05-29 10:15:00,2023-05-29 10:27:00,2023-05-29 10:38:00,short,4984.5,4992.0,4992.0,4981.0,-7.5,-75.0,limit_touch,stop_loss,-1.0,2023-05-29 10:15:00,2,0.5,-3.5,-14.0,-21.0,17.5,-0.627906976744186,-0.2,17.676315789473684,1.668899806461218,156739.0,0.6506209040176534,3.5,14.0,21.0,0.2,0.627906976744186,0.20921434782608697
2023-05-29,2023-05-29 11:44:00,2023-05-29 12:46:00,2023-05-29 14:14:00,long,5006.5,5010.0,4998.5,5010.0,3.5,35.0,limit_touch,take_profit,1.0,2023-05-29 11:44:00,3,13.5,16.0,15.0,9.5,22.0,0.9354838709677419,0.7272727272727273,17.676315789473684,2.206342117016525,314603.0,0.6760028856266741,16.0,15.0,9.5,0.7272727272727273,0.9354838709677419,0.508049347826087
2023-05-30,2023-05-30 10:31:00,2023-05-30 10:48:00,2023-05-30 10:49:00,long,5051.5,5044.5,5044.5,5055.0,-7.0,-70.0,limit_touch,stop_loss,1.0,2023-05-30 10:31:00,1,8.0,16.5,18.5,54.0,30.5,0.8496868475991649,0.5409836065573771,17.4975,3.771967423917703,302186.0,1.0657636372132857,16.5,18.5,54.0,0.5409836065573771,0.8496868475991649,0.7985901449275362
2023-05-30,2023-05-30 13:08:00,2023-05-30 14:33:00,2023-05-30 14:42:00,long,5054.0,5047.0,5047.0,5057.5,-7.0,-70.0,limit_touch,stop_loss,1.0,2023-05-30 13:08:00,2,5.5,9.0,15.0,59.5,17.0,0.7818181818181819,0.5294117647058824,17.4975,3.9434204886412347,576979.0,0.9936388153901712,9.0,15.0,59.5,0.5294117647058824,0.7818181818181819,0.6836276086956522
2023-05-31,2023-05-31 11:03:00,2023-05-31 11:05:00,2023-05-31 11:06:00,long,5113.5,5118.0,5104.0,5118.0,4.5,45.0,limit_touch,take_profit,1.0,2023-05-31 11:03:00,1,20.0,18.0,24.5,36.0,39.0,0.711484593837535,0.46153846153846156,17.65,2.294617563739377,428038.0,1.1422813255851905,18.0,24.5,36.0,0.46153846153846156,0.711484593837535,0.718118115942029
2023-05-31,2023-05-31 12:01:00,2023-05-31 12:09:00,2023-05-31 12:11:00,long,5138.0,5142.5,5128.0,5142.5,4.5,45.0,limit_touch,take_profit,1.0,2023-05-31 12:01:00,2,11.0,14.5,31.0,66.0,21.5,0.8932384341637011,0.6744186046511628,17.65,4.135977337110482,635010.0,1.289225768165125,14.5,31.0,66.0,0.6744186046511628,0.8932384341637011,0.8575484782608697
2023-06-01,2023-06-01 10:20:00,2023-06-01 10:23:00,2023-06-01 10:28:00,long,5076.5,5067.0,5067.0,5081.0,-9.5,-95.0,limit_touch,stop_loss,1.0,2023-06-01 10:20:00,1,2.5,10.0,25.0,16.5,21.0,0.7422680412371134,0.47619047619047616,17.884090909090908,2.096835684330919,294450.0,1.147586272121825,10.0,25.0,16.5,0.47619047619047616,0.7422680412371134,0.5187778985507246
2023-06-01,2023-06-01 12:49:00,2023-06-01 13:42:00,2023-06-01 13:53:00,short,5053.0,5048.5,5062.5,5048.5,4.5,45.0,limit_touch,take_profit,-1.0,2023-06-01 12:49:00,2,-3.5,-10.0,-16.0,-22.5,18.0,-0.7272727272727273,-0.5555555555555556,17.884090909090908,2.4602872029482783,608985.0,1.0815535754277288,10.0,16.0,22.5,0.5555555555555556,0.7272727272727273,0.582843768115942
2023-06-02,2023-06-02 10:04:00,2023-06-02 10:12:00,2023-06-02 10:14:00,short,4991.5,4987.5,5000.0,4987.5,4.0,40.0,limit_touch,take_profit,-1.0,2023-06-02 10:04:00,1,-7.5,-16.0,-38.0,-49.5,27.0,-0.6259541984732825,-0.5925925925925926,17.884090909090908,2.9635277671876987,270894.0,1.2667403159906712,16.0,38.0,49.5,0.5925925925925926,0.6259541984732825,0.8227028260869566
2023-06-02,2023-06-02 10:25:00,2023-06-02 10:47:00,2023-06-02 10:47:00,short,4987.5,4983.5,4996.5,4983.5,4.0,40.0,limit_touch,take_profit,-1.0,2023-06-02 10:25:00,2,-4.0,-7.5,-17.5,-51.5,28.5,-0.10344827586206896,-0.2631578947368421,17.884090909090908,3.243105858431821,335786.0,1.2329346058440893,7.5,17.5,51.5,0.2631578947368421,0.10344827586206896,0.5998610144927535
2023-06-02,2023-06-02 11:02:00,2023-06-02 11:23:00,2023-06-02 11:46:00,short,4987.0,4983.0,4996.0,4983.0,4.0,40.0,limit_touch,take_profit,-1.0,2023-06-02 11:02:00,3,-6.5,-11.5,-1.0,-55.5,20.5,-0.6047904191616766,-0.5609756097560976,17.884090909090908,3.299021476680646,431772.0,1.1451146342569545,11.5,1.0,55.5,0.5609756097560976,0.6047904191616766,0.7578354347826086
2023-06-05,2023-06-05 10:09:00,2023-06-05 10:17:00,2023-06-05 10:18:00,short,4969.0,4966.0,4976.0,4966.0,3.0,30.0,limit_touch,take_profit,-1.0,2023-06-05 10:09:00,1,-3.0,-7.5,-10.0,-39.0,23.5,-0.2422907488986784,-0.3191489361702128,17.884090909090908,2.4043715846994536,228493.0,0.9904021957983266,7.5,10.0,39.0,0.3191489361702128,0.2422907488986784,0.5095590579710144
2023-06-05,2023-06-05 11:06:00,2023-06-05 11:16:00,2023-06-05 11:25:00,short,4956.5,4953.0,4964.0,4953.0,3.5,35.0,limit_touch,take_profit,-1.0,2023-06-05 11:06:00,2,-9.5,-16.5,-18.0,-57.5,35.5,-0.8444193912063134,-0.4647887323943662,17.884090909090908,3.326979285805058,378845.0,0.9692221534591723,16.5,18.0,57.5,0.4647887323943662,0.8444193912063134,0.7429984782608696
2023-06-06,2023-06-06 10:03:00,2023-06-06 10:07:00,2023-06-06 10:15:00,long,4964.5,4967.5,4958.5,4967.5,3.0,30.0,limit_touch,take_profit,1.0,2023-06-06 10:03:00,1,8.5,5.5,6.0,15.5,22.5,0.3793103448275862,0.24444444444444444,17.884090909090908,2.068877875206507,211789.0,0.9882371276361942,5.5,6.0,15.5,0.24444444444444444,0.3793103448275862,0.3163438405797101
2023-06-06,2023-06-06 10:39:00,2023-06-06 10:44:00,2023-06-06 10:46:00,long,4968.5,4971.5,4962.0,4971.5,3.0,30.0,limit_touch,take_profit,1.0,2023-06-06 10:39:00,2,-0.5,4.0,10.0,17.5,18.0,0.3333333333333333,0.2222222222222222,17.884090909090908,2.3764137755750414,304748.0,0.9568886518122314,4.0,10.0,17.5,0.2222222222222222,0.3333333333333333,0.2986816666666667
2023-06-07,2023-06-07 10:51:00,2023-06-07 10:53:00,2023-06-07 10:57:00,short,4930.0,4927.0,4937.0,4927.0,3.0,30.0,limit_touch,take_profit,-1.0,2023-06-07 10:51:00,1,-5.5,-3.0,-3.0,-4.0,21.0,0.06542056074766354,-0.14285714285714285,17.884090909090908,1.3419748379717882,331001.0,0.9419463968667144,3.0,3.0,4.0,0.14285714285714285,-0.06542056074766354,0.14220101449275363
2023-06-07,2023-06-07 11:06:00,2023-06-07 11:09:00,2023-06-07 11:24:00,short,4929.0,4936.0,4936.0,4926.0,-7.0,-70.0,limit_touch,stop_loss,-1.0,2023-06-07 11:06:00,2,-5.5,0.0,-3.0,-4.0,18.0,0.14634146341463414,0.0,17.884090909090908,1.4258482653450248,363459.0,0.9288549721324852,-0.0,3.0,4.0,-0.0,-0.14634146341463414,0.10103695652173912
2023-06-07,2023-06-07 11:41:00,2023-06-07 11:45:00,2023-06-07 12:09:00,long,4946.5,4939.0,4939.0,4950.0,-7.5,-75.0,limit_touch,stop_loss,1.0,2023-06-07 11:41:00,3,1.5,15.0,20.5,21.5,27.0,0.6666666666666666,0.5555555555555556,17.884090909090908,1.789299783962384,456520.0,0.9766336289680733,15.0,20.5,21.5,0.5555555555555556,0.6666666666666666,0.5807020289855072
2023-06-09,2023-06-09 10:01:00,2023-06-09 10:04:00,2023-06-09 10:07:00,short,4930.0,4927.0,4936.0,4927.0,3.0,30.0,limit_touch,take_profit,-1.0,2023-06-09 10:01:00,1,-4.5,-1.5,-2.0,-9.0,20.5,0.15151515151515152,-0.07317073170731707,15.93,1.5379786566227245,167442.0,0.8020775335548207,1.5,2.0,9.0,0.07317073170731707,-0.15151515151515152,0.10298144927536232
2023-06-09,2023-06-09 11:28:00,2023-06-09 11:32:00,2023-06-09 11:53:00,short,4894.0,4901.5,4901.5,4890.5,-7.5,-75.0,limit_touch,stop_loss,-1.0,2023-06-09 11:28:00,2,-14.0,-27.5,-29.5,-47.5,27.5,-1.0,-1.0,15.93,4.58254865034526,340301.0,0.7713014160240967,27.5,29.5,47.5,1.0,1.0,0.815003695652174
2023-06-12,2023-06-12 10:28:00,2023-06-12 10:28:00,2023-06-12 10:28:00,short,4889.5,4886.5,4896.0,4886.5,3.0,30.0,limit_touch,take_profit,-1.0,2023-06-12 10:28:00,1,-7.5,-4.0,-10.5,-12.0,22.0,-0.38461538461538464,-0.18181818181818182,16.924999999999997,1.5066469719350077,216911.0,0.7707033409841135,4.0,10.5,12.0,0.18181818181818182,0.38461538461538464,0.1612673188405797
2023-06-12,2023-06-12 10:47:00,2023-06-12 10:54:00,2023-06-12 10:55:00,long,4910.5,4914.0,4903.0,4914.0,3.5,35.0,limit_touch,take_profit,1.0,2023-06-12 10:47:00,2,7.0,29.5,21.0,16.0,38.5,0.8577405857740585,0.7662337662337663,16.924999999999997,2.1565731166912854,294104.0,0.8740676626953083,29.5,21.0,16.0,0.7662337662337663,0.8577405857740585,0.6497513043478261
2023-06-13,2023-06-13 10:03:00,2023-06-13 10:17:00,2023-06-13 10:27:00,short,4871.0,4868.5,4876.5,4868.5,2.5,25.0,limit_touch,take_profit,-1.0,2023-06-13 10:03:00,1,-3.5,-2.0,-11.5,-19.0,26.0,-0.28205128205128205,-0.07692307692307693,16.178571428571427,1.4216335540838854,201275.0,0.9516825943703638,2.0,11.5,19.0,0.07692307692307693,0.28205128205128205,0.20329731884057972
2023-06-13,2023-06-13 11:14:00,2023-06-13 11:17:00,2023-06-13 11:24:00,long,4888.5,4882.5,4882.5,4891.5,-6.0,-60.0,limit_touch,stop_loss,1.0,2023-06-13 11:14:00,2,15.0,15.0,20.5,10.0,36.0,0.5836575875486382,0.4166666666666667,16.178571428571427,1.947019867549669,379647.0,0.9418532215653718,15.0,20.5,10.0,0.4166666666666667,0.5836575875486382,0.4566261594202899
2023-06-14,2023-06-14 10:52:00,2023-06-14 10:59:00,2023-06-14 11:06:00,short,4864.5,4862.0,4870.0,4862.0,2.5,25.0,better_open,take_profit,-1.0,2023-06-14 10:52:00,1,-3.0,-4.5,-8.0,-14.5,12.5,-0.5443037974683544,-0.36,15.337499999999999,1.23879380603097,252562.0,0.7312607943065417,4.5,8.0,14.5,0.36,0.5443037974683544,0.21350137681159423
2023-06-14,2023-06-14 11:59:00,2023-06-14 12:38:00,2023-06-14 12:42:00,short,4860.5,4858.0,4865.5,4858.0,2.5,25.0,limit_touch,take_profit,-1.0,2023-06-14 11:59:00,2,-2.5,-3.0,-3.5,-19.0,11.0,-0.5454545454545454,-0.2727272727272727,15.337499999999999,1.56479217603912,341826.0,0.7015605490528593,3.0,3.5,19.0,0.2727272727272727,0.5454545454545454,0.20546108695652174
2023-06-14,2023-06-14 12:46:00,2023-06-14 12:59:00,2023-06-14 13:09:00,short,4859.0,4857.0,4864.0,4857.0,2.0,20.0,limit_touch,take_profit,-1.0,2023-06-14 12:46:00,3,-3.5,-1.0,0.0,-18.5,12.0,-0.17142857142857143,-0.08333333333333333,15.337499999999999,1.69519152404238,381651.0,0.6957287428826154,1.0,-0.0,18.5,0.08333333333333333,0.17142857142857143,0.15094072463768116
2023-06-14,2023-06-14 13:22:00,2023-06-14 13:51:00,2023-06-14 14:23:00,short,4855.0,4860.0,4860.0,4852.5,-5.0,-50.0,limit_touch,stop_loss,-1.0,2023-06-14 13:22:00,4,-2.5,-11.0,-9.0,-26.5,13.0,-0.9512195121951219,-0.8461538461538461,15.337499999999999,2.053789731051345,420716.0,0.7214721313048778,11.0,9.0,26.5,0.8461538461538461,0.9512195121951219,0.5523433333333333
2023-06-15,2023-06-15 10:26:00,2023-06-15 10:33:00,2023-06-15 11:10:00,short,4832.0,4827.5,4841.5,4827.5,4.5,45.0,limit_touch,take_profit,-1.0,2023-06-15 10:26:00,1,-17.5,-17.5,-18.0,-12.5,34.5,-0.6974459724950884,-0.5072463768115942,16.016666666666666,2.2164412070759627,254740.0,0.9365477329967634,17.5,18.0,12.5,0.5072463768115942,0.6974459724950884,0.5437241304347825
2023-06-15,2023-06-15 11:11:00,2023-06-15 11:17:00,2023-06-15 11:21:00,short,4831.0,4826.5,4840.5,4826.5,4.5,45.0,limit_touch,take_profit,-1.0,2023-06-15 11:11:00,2,-11.5,-9.0,-14.5,-15.5,23.0,-0.6,-0.391304347826087,16.016666666666666,2.2788761706555674,369809.0,0.9422028581156351,9.0,14.5,15.5,0.391304347826087,0.6,0.41463376811594205
2023-06-15,2023-06-15 11:25:00,2023-06-15 11:38:00,2023-06-15 12:17:00,short,4830.0,4825.5,4839.5,4825.5,4.5,45.0,limit_touch,take_profit,-1.0,2023-06-15 11:25:00,3,-7.0,-6.5,-7.5,-16.5,23.5,-0.6,-0.2765957446808511,16.016666666666666,2.372528616024974,398769.0,0.9425998426671944,6.5,7.5,16.5,0.2765957446808511,0.6,0.34735528985507247
2023-06-15,2023-06-15 12:44:00,2023-06-15 13:00:00,2023-06-15 13:38:00,short,4826.5,4822.5,4835.5,4822.5,4.0,40.0,limit_touch,take_profit,-1.0,2023-06-15 12:44:00,4,0.5,1.5,-5.5,-16.0,14.5,-0.03614457831325301,0.10344827586206896,16.016666666666666,2.684703433922997,509899.0,0.9404330377718905,-1.5,5.5,16.0,-0.10344827586206896,0.03614457831325301,0.21727760869565219
2023-06-16,2023-06-16 10:11:00,2023-06-16 10:21:00,2023-06-16 10:23:00,long,4851.0,4854.0,4844.0,4854.0,3.0,30.0,limit_touch,take_profit,1.0,2023-06-16 10:11:00,1,11.0,13.5,19.0,35.5,22.5,0.7546468401486989,0.6,15.915,2.639019792648445,186012.0,0.795053660522875,13.5,19.0,35.5,0.6,0.7546468401486989,0.6308976811594204
2023-06-20,2023-06-20 10:43:00,2023-06-20 10:45:00,2023-06-20 10:47:00,long,4800.0,4802.5,4794.0,4802.5,2.5,25.0,limit_touch,take_profit,1.0,2023-06-20 10:43:00,1,8.0,8.5,9.0,9.0,16.5,0.7161290322580646,0.5151515151515151,16.1125,1.3964313421256787,283758.0,0.8887810954987025,8.5,9.0,9.0,0.5151515151515151,0.7161290322580646,0.35021594202898554
2023-06-20,2023-06-20 11:09:00,2023-06-20 11:11:00,2023-06-20 11:35:00,long,4803.0,4806.0,4797.0,4806.0,3.0,30.0,limit_touch,take_profit,1.0,2023-06-20 11:09:00,2,6.5,11.5,12.0,12.5,20.5,0.7516339869281046,0.5609756097560976,16.1125,1.6446858029480216,348624.0,0.8982506574629652,11.5,12.0,12.5,0.5609756097560976,0.7516339869281046,0.4473960869565217
2023-06-20,2023-06-20 13:55:00,2023-06-20 14:02:00,2023-06-20 14:06:00,long,4805.5,4808.5,4799.0,4808.5,3.0,30.0,limit_touch,take_profit,1.0,2023-06-20 13:55:00,3,4.0,10.0,13.0,16.0,17.0,0.85,0.5882352941176471,16.1125,1.8619084561675716,590285.0,0.9784019018463751,10.0,13.0,16.0,0.5882352941176471,0.85,0.49763
2023-06-20,2023-06-20 14:11:00,2023-06-20 14:19:00,2023-06-20 14:24:00,long,4808.5,4802.0,4802.0,4811.5,-6.5,-65.0,limit_touch,stop_loss,1.0,2023-06-20 14:11:00,4,9.0,5.5,15.0,20.5,22.5,0.43915343915343913,0.24444444444444444,16.1125,2.1101629169899145,617025.0,0.9981230546892654,5.5,15.0,20.5,0.24444444444444444,0.43915343915343913,0.35152471014492753
2023-06-21,2023-06-21 11:02:00,2023-06-21 11:06:00,2023-06-21 11:10:00,short,4796.5,4793.5,4803.5,4793.5,3.0,30.0,limit_touch,take_profit,-1.0,2023-06-21 11:02:00,1,-3.0,-1.5,-8.0,-10.0,16.5,-0.42657342657342656,-0.09090909090909091,15.657692307692308,2.267256202407271,353044.0,0.953396041091019,1.5,8.0,10.0,0.09090909090909091,0.42657342657342656,0.19367521739130433
2023-06-22,2023-06-22 10:43:00,2023-06-22 10:46:00,2023-06-22 10:46:00,long,4779.5,4782.0,4773.5,4782.0,2.5,25.0,limit_touch,take_profit,1.0,2023-06-22 10:43:00,1,10.5,7.0,6.5,12.5,25.0,0.5492957746478874,0.28,15.707142857142856,1.814461118690314,300704.0,0.9372009439205261,7.0,6.5,12.5,0.28,0.5492957746478874,0.3010071739130435
2023-06-22,2023-06-22 11:05:00,2023-06-22 11:13:00,2023-06-22 11:18:00,long,4781.5,4784.5,4775.5,4784.5,3.0,30.0,limit_touch,take_profit_gap_open,1.0,2023-06-22 11:05:00,2,6.5,5.5,10.0,13.0,23.5,0.27125506072874495,0.23404255319148937,15.707142857142856,1.97362437471578,353288.0,0.9338702836638123,5.5,10.0,13.0,0.23404255319148937,0.27125506072874495,0.2739237681159421
2023-06-22,2023-06-22 14:33:00,2023-06-22 14:45:00,2023-06-22 15:09:00,long,4786.0,4780.0,4780.0,4788.5,-6.0,-60.0,limit_touch,stop_loss,1.0,2023-06-22 14:33:00,3,9.5,14.0,16.5,21.0,26.0,0.7808219178082192,0.5384615384615384,15.707142857142856,2.355616189176899,577870.0,0.9024274434639833,14.0,16.5,21.0,0.5384615384615384,0.7808219178082192,0.562402536231884
2023-06-23,2023-06-23 10:02:00,2023-06-23 10:08:00,2023-06-23 10:14:00,short,4795.0,4801.5,4801.5,4792.0,-6.5,-65.0,limit_touch,stop_loss,-1.0,2023-06-23 10:02:00,1,-4.5,-11.5,-8.5,-3.0,22.5,-0.5783783783783784,-0.5111111111111111,15.4,1.525974025974026,166014.0,0.8010547296201841,11.5,8.5,3.0,0.5111111111111111,0.5783783783783784,0.3572123188405797
2023-06-23,2023-06-23 10:46:00,2023-06-23 10:47:00,2023-06-23 10:47:00,short,4794.0,4791.0,4801.0,4791.0,3.0,30.0,limit_touch,take_profit,-1.0,2023-06-23 10:46:00,2,-4.0,-12.0,-7.5,-3.5,21.0,-0.759493670886076,-0.5714285714285714,15.4,1.6233766233766234,261183.0,0.7955560086156322,12.0,7.5,3.5,0.5714285714285714,0.759493670886076,0.39122072463768115
2023-06-23,2023-06-23 11:05:00,2023-06-23 11:05:00,2023-06-23 11:05:00,short,4792.5,4789.5,4799.5,4789.5,3.0,30.0,limit_touch,take_profit,-1.0,2023-06-23 11:05:00,3,0.5,2.5,-12.0,-3.0,15.5,0.32038834951456313,0.16129032258064516,15.4,1.7532467532467533,299326.0,0.7936122371288385,-2.5,12.0,3.0,-0.16129032258064516,-0.32038834951456313,0.06622340579710145
2023-06-23,2023-06-23 12:24:00,2023-06-23 12:51:00,2023-06-23 13:02:00,short,4781.0,4777.5,4788.0,4777.5,3.5,35.0,limit_touch,take_profit,-1.0,2023-06-23 12:24:00,4,-3.0,-8.0,-14.0,-23.0,21.0,-0.6111111111111112,-0.38095238095238093,15.4,2.727272727272727,450008.0,0.8661245464956262,8.0,14.0,23.0,0.38095238095238093,0.6111111111111112,0.42976659420289853
2023-06-26,2023-06-26 10:43:00,2023-06-26 10:58:00,2023-06-26 11:04:00,short,4768.0,4765.5,4773.5,4765.5,2.5,25.0,limit_touch,take_profit,-1.0,2023-06-26 10:43:00,1,-4.5,-5.5,-6.5,-20.5,18.5,-0.3986013986013986,-0.2972972972972973,15.225,1.6420361247947455,183291.0,0.5719955871270644,5.5,6.5,20.5,0.2972972972972973,0.3986013986013986,0.2566483333333333
2023-06-27,2023-06-27 11:01:00,2023-06-27 11:27:00,2023-06-27 11:29:00,long,4786.0,4789.0,4780.0,4789.0,3.0,30.0,limit_touch,take_profit,1.0,2023-06-27 11:01:00,1,7.5,21.5,30.5,22.5,27.5,0.9024390243902439,0.7818181818181819,14.770588235294117,3.0127439267224214,351555.0,0.9675068547387989,21.5,30.5,22.5,0.7818181818181819,0.9024390243902439,0.7258114492753623
2023-06-29,2023-06-29 10:01:00,2023-06-29 10:05:00,2023-06-29 10:07:00,long,4854.5,4858.0,4847.0,4858.0,3.5,35.0,limit_touch,take_profit,1.0,2023-06-29 10:01:00,1,1.0,3.5,21.0,9.5,28.5,0.13110539845758354,0.12280701754385964,15.205263157894736,2.0387677397023194,226793.0,1.1253797591622907,3.5,21.0,9.5,0.12280701754385964,0.13110539845758354,0.25448086956521737
2023-06-29,2023-06-29 10:13:00,2023-06-29 10:25:00,2023-06-29 10:25:00,long,4859.0,4862.5,4851.0,4862.5,3.5,35.0,limit_touch,take_profit,1.0,2023-06-29 10:13:00,2,6.5,7.0,11.0,16.5,26.0,0.464,0.2692307692307692,15.205263157894736,2.433367947386639,267863.0,1.1324933141321696,7.0,11.0,16.5,0.2692307692307692,0.464,0.40812884057971016
2023-06-29,2023-06-29 11:10:00,2023-06-29 11:15:00,2023-06-29 11:24:00,long,4862.0,4865.5,4854.5,4865.5,3.5,35.0,limit_touch,take_profit,1.0,2023-06-29 11:10:00,3,5.5,4.5,10.5,22.0,20.5,-0.07103825136612021,0.21951219512195122,15.205263157894736,2.729318103149879,382278.0,0.9938180681392526,4.5,10.5,22.0,0.21951219512195122,-0.07103825136612021,0.358002463768116
2023-06-29,2023-06-29 11:54:00,2023-06-29 12:05:00,2023-06-29 12:12:00,long,4865.0,4868.5,4857.5,4868.5,3.5,35.0,limit_touch,take_profit,1.0,2023-06-29 11:54:00,4,5.0,8.0,11.0,26.5,19.0,0.6352941176470588,0.42105263157894735,15.205263157894736,2.959501557632399,447631.0,0.9582676850421941,8.0,11.0,26.5,0.42105263157894735,0.6352941176470588,0.5019441304347826
2023-06-30,2023-06-30 10:09:00,2023-06-30 10:38:00,2023-06-30 10:42:00,short,4859.0,4855.0,4867.0,4855.0,4.0,40.0,limit_touch,take_profit,-1.0,2023-06-30 10:09:00,1,-0.5,-5.5,-5.5,-34.5,22.5,-0.46733668341708545,-0.24444444444444444,15.12,3.240740740740741,211148.0,0.9361286571728277,5.5,5.5,34.5,0.24444444444444444,0.46733668341708545,0.4363580434782609
2023-06-30,2023-06-30 11:14:00,2023-06-30 11:37:00,2023-06-30 11:45:00,short,4850.0,4846.0,4858.5,4846.0,4.0,40.0,limit_touch,take_profit,-1.0,2023-06-30 11:14:00,2,-4.5,-8.0,-12.0,-49.0,18.0,-0.8024691358024691,-0.4444444444444444,15.12,4.001322751322752,344366.0,0.8756748275972114,8.0,12.0,49.0,0.4444444444444444,0.8024691358024691,0.5814892028985508
2023-07-05,2023-07-05 10:12:00,2023-07-05 10:12:00,2023-07-05 10:12:00,short,4868.0,4865.0,4875.0,4865.0,3.0,30.0,limit_touch,take_profit,-1.0,2023-07-05 10:12:00,1,-8.5,-10.5,-16.5,-3.5,25.5,-0.6758104738154613,-0.4117647058823529,15.649999999999999,2.1405750798722045,217529.0,0.9325440418272769,10.5,16.5,3.5,0.4117647058823529,0.6758104738154613,0.37631007246376813
2023-07-06,2023-07-06 13:15:00,2023-07-06 14:21:00,2023-07-06 14:27:00,long,4946.0,4950.0,4937.0,4950.0,4.0,40.0,limit_touch,take_profit,1.0,2023-07-06 13:15:00,1,13.5,15.0,22.0,92.0,31.0,0.3963963963963964,0.4838709677419355,15.649999999999999,7.028753993610224,662419.0,1.189183835893508,15.0,22.0,92.0,0.4838709677419355,0.3963963963963964,0.8133141304347826
2023-07-10,2023-07-10 11:38:00,2023-07-10 11:47:00,2023-07-10 11:52:00,long,4903.5,4895.5,4895.5,4907.5,-8.0,-80.0,limit_touch,stop_loss,1.0,2023-07-10 11:38:00,1,4.0,1.5,12.5,20.0,18.5,0.14728682170542637,0.08108108108108109,21.24,1.7419962335216574,432443.0,0.9837464425011428,1.5,12.5,20.0,0.08108108108108109,0.14728682170542637,0.23570007246376812
2023-07-12,2023-07-12 11:07:00,2023-07-12 11:23:00,2023-07-12 11:30:00,short,4820.5,4829.5,4829.5,4816.5,-9.0,-90.0,limit_touch,stop_loss,-1.0,2023-07-12 11:07:00,1,-7.5,-10.0,-19.5,-63.0,23.0,-0.5631067961165048,-0.43478260869565216,20.29285714285714,3.7944385779655057,467758.0,1.252088116229622,10.0,19.5,63.0,0.43478260869565216,0.5631067961165048,0.7171493478260871
2023-07-13,2023-07-13 10:15:00,2023-07-13 10:17:00,2023-07-13 10:24:00,short,4819.0,4827.0,4827.0,4815.5,-8.0,-80.0,limit_touch,stop_loss,-1.0,2023-07-13 10:15:00,1,-0.5,-8.0,-9.0,0.0,22.0,-0.5185185185185185,-0.36363636363636365,20.64375,1.5985467756584921,283775.0,1.168306142388499,8.0,9.0,-0.0,0.36363636363636365,0.5185185185185185,0.3436044927536232
2023-07-13,2023-07-13 13:38:00,2023-07-13 13:57:00,2023-07-13 14:03:00,short,4816.0,4812.0,4824.5,4812.0,4.0,40.0,limit_touch,take_profit,-1.0,2023-07-13 13:38:00,2,-5.0,-13.0,-15.0,-5.0,25.0,-0.6363636363636364,-0.52,20.64375,1.7680896155010595,629081.0,1.0912486764458948,13.0,15.0,5.0,0.52,0.6363636363636364,0.4851751449275362
2023-07-14,2023-07-14 10:11:00,2023-07-14 10:17:00,2023-07-14 10:26:00,short,4799.5,4807.0,4807.0,4796.0,-7.5,-75.0,limit_touch,stop_loss,-1.0,2023-07-14 10:11:00,1,-3.5,0.5,-10.0,-24.0,33.5,0.07252747252747253,0.014925373134328358,19.71666666666667,1.8512256973795433,252398.0,1.0828019739413317,-0.5,10.0,24.0,-0.014925373134328358,-0.07252747252747253,0.2747431884057971
2023-07-14,2023-07-14 13:36:00,2023-07-14 14:01:00,2023-07-14 14:24:00,long,4820.0,4823.5,4812.0,4823.5,3.5,35.0,limit_touch,take_profit,1.0,2023-07-14 13:36:00,2,2.5,7.5,16.0,10.0,23.5,0.3488372093023256,0.3191489361702128,19.71666666666667,1.9780219780219779,616942.0,1.0696538416926462,7.5,16.0,10.0,0.3191489361702128,0.3488372093023256,0.3571684057971014
2023-07-17,2023-07-17 10:43:00,2023-07-17 11:03:00,2023-07-17 11:04:00,long,4850.0,4853.5,4842.5,4853.5,3.5,35.0,limit_touch,take_profit,1.0,2023-07-17 10:43:00,1,2.0,14.5,20.0,44.5,20.5,0.8830409356725146,0.7073170731707317,18.915,2.775574940523394,260067.0,0.8280622969083502,14.5,20.0,44.5,0.7073170731707317,0.8830409356725146,0.705739420289855
2023-07-18,2023-07-18 11:53:00,2023-07-18 12:28:00,2023-07-18 12:46:00,short,4814.5,4810.5,4822.5,4810.5,4.0,40.0,limit_touch,take_profit,-1.0,2023-07-18 11:53:00,1,-7.5,-7.0,-17.0,-8.5,26.0,-0.07518796992481203,-0.2692307692307692,18.62727272727273,1.7447535383113713,526120.0,1.1450816141619946,7.0,17.0,8.5,0.2692307692307692,0.07518796992481203,0.32740724637681157
2023-07-19,2023-07-19 10:03:00,2023-07-19 10:07:00,2023-07-19 10:21:00,short,4818.5,4816.0,4824.5,4816.0,2.5,25.0,limit_touch,take_profit,-1.0,2023-07-19 10:03:00,1,0.0,-6.0,-2.5,-10.0,14.0,-0.5384615384615384,-0.42857142857142855,17.8875,1.0621942697414395,160677.0,0.7647244206415038,6.0,2.5,10.0,0.42857142857142855,0.5384615384615384,0.24109210144927537
2023-07-19,2023-07-19 10:51:00,2023-07-19 11:10:00,2023-07-19 11:14:00,short,4802.5,4799.5,4809.0,4799.5,3.0,30.0,limit_touch,take_profit,-1.0,2023-07-19 10:51:00,2,-3.5,-12.0,-19.5,-29.5,25.0,-0.65,-0.48,17.8875,2.236198462613557,288564.0,0.8643484567588141,12.0,19.5,29.5,0.48,0.65,0.5487174637681159
2023-07-20,2023-07-20 10:05:00,2023-07-20 10:13:00,2023-07-20 10:16:00,short,4792.0,4789.5,4797.5,4789.5,2.5,25.0,limit_touch,take_profit,-1.0,2023-07-20 10:05:00,1,-11.5,-11.5,-12.5,-14.5,25.5,-0.7942122186495176,-0.45098039215686275,17.46923076923077,1.4597093791281375,171713.0,0.7951331226207431,11.5,12.5,14.5,0.45098039215686275,0.7942122186495176,0.38521920289855066
2023-07-20,2023-07-20 10:30:00,2023-07-20 10:34:00,2023-07-20 10:35:00,short,4790.0,4795.5,4795.5,4787.5,-5.5,-55.0,limit_touch,stop_loss,-1.0,2023-07-20 10:30:00,2,0.0,-6.0,-12.5,-15.5,22.0,-0.5164835164835165,-0.2727272727272727,17.46923076923077,1.6028181417877587,225299.0,0.8111784462485381,6.0,12.5,15.5,0.2727272727272727,0.5164835164835165,0.25344463768115943
2023-07-20,2023-07-20 11:02:00,2023-07-20 11:17:00,2023-07-20 11:24:00,short,4786.5,4792.0,4792.0,4784.0,-5.5,-55.0,limit_touch,stop_loss,-1.0,2023-07-20 11:02:00,3,-3.0,-10.5,-8.0,-22.0,17.5,-0.6375838926174496,-0.6,17.46923076923077,1.8890356671070012,302403.0,0.83821362482773,10.5,8.0,22.0,0.6,0.6375838926174496,0.4993202898550725
2023-07-20,2023-07-20 11:48:00,2023-07-20 12:00:00,2023-07-20 12:34:00,long,4809.0,4812.0,4802.5,4812.0,3.0,30.0,limit_touch,take_profit,1.0,2023-07-20 11:48:00,4,5.5,15.0,31.5,17.0,25.0,0.640625,0.6,17.46923076923077,2.3756054601497136,425657.0,0.9419658063072941,15.0,31.5,17.0,0.6,0.640625,0.5852158695652174
2023-07-20,2023-07-20 12:36:00,2023-07-20 13:19:00,2023-07-20 13:25:00,long,4809.5,4812.5,4802.5,4812.5,3.0,30.0,limit_touch,take_profit,1.0,2023-07-20 12:36:00,5,9.0,7.5,7.5,15.0,22.5,0.517948717948718,0.3333333333333333,17.46923076923077,2.404227212681638,499983.0,0.9641302120120504,7.5,7.5,15.0,0.3333333333333333,0.517948717948718,0.38271891304347827
2023-07-20,2023-07-20 14:01:00,2023-07-20 14:35:00,2023-07-20 15:18:00,long,4810.5,4804.0,4804.0,4813.5,-6.5,-65.0,limit_touch,stop_loss,1.0,2023-07-20 14:01:00,6,5.0,7.5,6.5,17.5,15.5,0.7477477477477478,0.4838709677419355,17.46923076923077,2.4614707177454864,580139.0,0.9763473415425032,7.5,6.5,17.5,0.4838709677419355,0.7477477477477478,0.46128717391304347
2023-07-21,2023-07-21 10:56:00,2023-07-21 11:35:00,2023-07-21 11:40:00,short,4783.0,4779.5,4790.0,4779.5,3.5,35.0,limit_touch,take_profit,-1.0,2023-07-21 10:56:00,1,-5.0,0.5,1.0,-51.0,18.5,0.10743801652892562,0.02702702702702703,17.142857142857142,3.6458333333333335,332501.0,0.9694012689643108,-0.5,-1.0,51.0,-0.02702702702702703,-0.10743801652892562,0.39772152173913045
2023-07-25,2023-07-25 10:12:00,2023-07-25 10:21:00,2023-07-25 10:25:00,long,4754.0,4748.0,4748.0,4756.5,-6.0,-60.0,limit_touch,stop_gap_open,1.0,2023-07-25 10:12:00,1,0.0,9.5,6.5,31.0,19.5,0.7486910994764397,0.48717948717948717,17.287499999999998,2.429501084598699,239325.0,1.0296607845126742,9.5,6.5,31.0,0.48717948717948717,0.7486910994764397,0.5810833333333334
2023-07-26,2023-07-26 10:38:00,2023-07-26 10:40:00,2023-07-26 11:06:00,short,4738.0,4744.0,4744.0,4735.0,-6.0,-60.0,limit_touch,stop_loss,-1.0,2023-07-26 10:38:00,1,-3.0,-4.5,-7.5,-13.5,13.5,-0.14285714285714285,-0.3333333333333333,17.011764705882353,1.5871369294605808,237036.0,0.8007117257401207,4.5,7.5,13.5,0.3333333333333333,0.14285714285714285,0.22929079710144928
2023-07-27,2023-07-27 10:07:00,2023-07-27 10:11:00,2023-07-27 10:11:00,short,4718.5,4715.0,4726.0,4715.0,3.5,35.0,limit_touch,take_profit,-1.0,2023-07-27 10:07:00,1,-7.0,-12.5,-6.5,-13.0,25.5,-0.4752851711026616,-0.49019607843137253,16.616666666666664,1.6248746238716152,215658.0,0.9869927585839975,12.5,6.5,13.0,0.49019607843137253,0.4752851711026616,0.4719895652173914
2023-07-28,2023-07-28 10:44:00,2023-07-28 10:56:00,2023-07-28 11:14:00,long,4725.5,4729.5,4717.0,4729.5,4.0,40.0,limit_touch,take_profit,1.0,2023-07-28 10:44:00,1,-3.0,2.0,-1.0,-3.0,25.0,0.03669724770642202,0.08,16.54736842105263,2.296437659033079,325545.0,1.0478880330024618,2.0,-1.0,-3.0,0.08,0.03669724770642202,0.19269463768115944
2023-07-28,2023-07-28 13:14:00,2023-07-28 13:30:00,2023-07-28 13:33:00,long,4732.5,4736.0,4725.0,4736.0,3.5,35.0,limit_touch,take_profit,1.0,2023-07-28 13:14:00,2,3.0,8.5,9.0,12.0,16.5,0.7398373983739838,0.5151515151515151,16.54736842105263,2.840330788804071,498182.0,0.9094809235782048,8.5,9.0,12.0,0.5151515151515151,0.7398373983739838,0.43985847826086955
2023-07-31,2023-07-31 10:24:00,2023-07-31 10:25:00,2023-07-31 10:27:00,long,4764.5,4768.0,4757.5,4768.0,3.5,35.0,limit_touch,take_profit,1.0,2023-07-31 10:24:00,1,8.0,12.5,14.5,4.0,22.5,0.7833935018050542,0.5555555555555556,16.425,1.856925418569254,175202.0,0.6754557153618929,12.5,14.5,4.0,0.5555555555555556,0.7833935018050542,0.3912478260869565
2023-07-31,2023-07-31 10:32:00,2023-07-31 10:32:00,2023-07-31 10:32:00,long,4766.0,4769.5,4759.0,4769.5,3.5,35.0,limit_touch,take_profit,1.0,2023-07-31 10:32:00,2,0.5,9.5,15.5,5.5,31.5,0.37534246575342467,0.30158730158730157,16.425,1.97869101978691,202331.0,0.7267243199960922,9.5,15.5,5.5,0.30158730158730157,0.37534246575342467,0.27119130434782607
2023-07-31,2023-07-31 11:08:00,2023-07-31 11:22:00,2023-07-31 11:24:00,long,4769.5,4773.0,4762.0,4773.0,3.5,35.0,limit_touch,take_profit,1.0,2023-07-31 11:08:00,3,2.5,8.0,7.5,11.5,21.0,0.6442307692307693,0.38095238095238093,16.425,2.2831050228310503,271425.0,0.7353634762745431,8.0,7.5,11.5,0.38095238095238093,0.6442307692307693,0.3186586956521739
2023-07-31,2023-07-31 11:59:00,2023-07-31 12:24:00,2023-07-31 13:01:00,long,4777.0,4769.0,4769.0,4780.5,-8.0,-80.0,limit_touch,stop_loss,1.0,2023-07-31 11:59:00,4,8.5,5.5,17.5,24.5,20.5,0.14594594594594595,0.2682926829268293,16.425,2.861491628614916,354506.0,0.7682259053020668,5.5,17.5,24.5,0.2682926829268293,0.14594594594594595,0.3452330434782609
2023-08-01,2023-08-01 10:22:00,2023-08-01 11:00:00,2023-08-01 11:00:00,long,4794.0,4787.5,4787.5,4797.0,-6.5,-65.0,limit_touch,stop_loss,1.0,2023-08-01 10:22:00,1,3.0,1.0,5.5,46.0,13.0,0.045454545454545456,0.07692307692307693,16.314285714285713,3.1873905429071807,238440.0,0.9439467297970301,1.0,5.5,46.0,0.07692307692307693,0.045454545454545456,0.3898147101449275
2023-08-01,2023-08-01 11:16:00,2023-08-01 11:41:00,2023-08-01 11:45:00,long,4796.5,4799.5,4790.0,4799.5,3.0,30.0,limit_touch,take_profit,1.0,2023-08-01 11:16:00,2,11.0,17.0,7.0,52.0,23.0,0.9212598425196851,0.7391304347826086,16.314285714285713,3.371278458844133,368218.0,0.9620493314014326,17.0,7.0,52.0,0.7391304347826086,0.9212598425196851,0.8072042753623188
2023-08-02,2023-08-02 11:01:00,2023-08-02 11:07:00,2023-08-02 11:20:00,long,4830.5,4833.5,4824.0,4833.5,3.0,30.0,limit_touch,take_profit,1.0,2023-08-02 11:01:00,1,3.0,14.5,17.5,10.5,26.5,0.6962025316455697,0.5471698113207547,16.314285714285713,1.9001751313485116,323462.0,0.924535114048206,14.5,17.5,10.5,0.5471698113207547,0.6962025316455697,0.493565
2023-08-02,2023-08-02 12:14:00,2023-08-02 12:24:00,2023-08-02 12:56:00,long,4838.0,4841.0,4831.0,4841.0,3.0,30.0,limit_touch,take_profit,1.0,2023-08-02 12:14:00,2,2.0,0.0,2.5,16.5,13.0,0.08823529411764706,0.0,16.314285714285713,2.513134851138354,449830.0,0.9332630055606843,0.0,2.5,16.5,0.0,0.08823529411764706,0.2217546376811594
2023-08-03,2023-08-03 10:06:00,2023-08-03 10:07:00,2023-08-03 10:09:00,long,4892.0,4895.5,4884.0,4895.5,3.5,35.0,limit_touch,take_profit,1.0,2023-08-03 10:06:00,1,5.5,11.5,15.0,28.5,27.5,0.5339805825242718,0.41818181818181815,16.314285714285713,1.9614711033274959,275238.0,1.284269681795191,11.5,15.0,28.5,0.41818181818181815,0.5339805825242718,0.5942044927536232
2023-08-03,2023-08-03 10:18:00,2023-08-03 10:23:00,2023-08-03 10:26:00,long,4897.5,4901.0,4889.5,4901.0,3.5,35.0,limit_touch,take_profit,1.0,2023-08-03 10:18:00,2,6.0,6.5,14.5,32.5,24.5,0.036734693877551024,0.2653061224489796,16.314285714285713,2.3905429071803854,316808.0,1.2952122985914991,6.5,14.5,32.5,0.2653061224489796,0.036734693877551024,0.5052939855072464
2023-08-03,2023-08-03 11:02:00,2023-08-03 11:38:00,2023-08-03 11:42:00,long,4910.0,4902.0,4902.0,4913.5,-8.0,-80.0,limit_touch,stop_loss,1.0,2023-08-03 11:02:00,3,-1.5,-2.0,7.5,40.5,21.0,-0.19801980198019803,-0.09523809523809523,16.314285714285713,3.4325744308231174,436347.0,1.2405847283116875,-2.0,7.5,40.5,-0.09523809523809523,-0.19801980198019803,0.42206289855072465
2023-08-04,2023-08-04 10:31:00,2023-08-04 10:58:00,2023-08-04 11:13:00,short,4894.0,4890.0,4903.0,4890.0,4.0,40.0,limit_touch,take_profit,-1.0,2023-08-04 10:31:00,1,-9.5,-18.5,-26.0,-67.5,33.5,-0.7055449330783938,-0.5522388059701493,16.314285714285713,4.505253940455342,335382.0,1.2228891632495156,18.5,26.0,67.5,0.5522388059701493,0.7055449330783938,0.8638351449275362
2023-08-07,2023-08-07 10:45:00,2023-08-07 11:19:00,2023-08-07 11:21:00,long,4926.0,4929.0,4919.0,4929.0,3.0,30.0,limit_touch,take_profit,1.0,2023-08-07 10:45:00,1,10.0,12.0,16.0,41.5,24.0,0.6592592592592592,0.5,16.314285714285713,2.8502626970227674,241968.0,0.779439531411138,12.0,16.0,41.5,0.5,0.6592592592592592,0.6098653623188406
2023-08-08,2023-08-08 10:27:00,2023-08-08 10:35:00,2023-08-08 10:40:00,short,4941.5,4938.5,4948.0,4938.5,3.0,30.0,limit_touch,take_profit,-1.0,2023-08-08 10:27:00,1,-5.0,-3.5,-5.0,-18.0,16.5,0.024390243902439025,-0.21212121212121213,19.11,1.5175300889586605,246483.0,0.93341614107106,3.5,5.0,18.0,0.21212121212121213,-0.024390243902439025,0.24013101449275362
2023-08-09,2023-08-09 10:54:00,2023-08-09 10:59:00,2023-08-09 11:13:00,long,4920.5,4924.0,4913.0,4924.0,3.5,35.0,limit_touch,take_profit,1.0,2023-08-09 10:54:00,1,11.0,5.5,12.5,10.0,29.5,0.07598784194528875,0.1864406779661017,18.525,1.9163292847503375,361351.0,1.0888896846457436,5.5,12.5,10.0,0.1864406779661017,0.07598784194528875,0.28908753623188405
2023-08-09,2023-08-09 12:17:00,2023-08-09 12:24:00,2023-08-09 13:06:00,long,4923.5,4916.5,4916.5,4926.5,-7.0,-70.0,limit_touch,stop_loss,1.0,2023-08-09 12:17:00,2,6.0,7.5,7.0,17.0,23.5,0.18324607329842932,0.3191489361702128,18.525,2.105263157894737,511511.0,1.0563716530879879,7.5,7.0,17.0,0.3191489361702128,0.18324607329842932,0.40312811594202896
2023-08-10,2023-08-10 12:09:00,2023-08-10 13:33:00,2023-08-10 13:38:00,short,4874.0,4870.5,4881.5,4870.5,3.5,35.0,limit_touch,take_profit,-1.0,2023-08-10 12:09:00,1,-1.0,-6.5,-2.5,-45.0,17.5,-0.46564885496183206,-0.37142857142857144,17.678571428571427,3.0262626262626267,508563.0,1.0754418713204117,6.5,2.5,45.0,0.37142857142857144,0.46564885496183206,0.5669260869565217
2023-08-11,2023-08-11 10:18:00,2023-08-11 10:37:00,2023-08-11 10:40:00,long,4915.0,4918.5,4907.5,4918.5,3.5,35.0,limit_touch,take_profit,1.0,2023-08-11 10:18:00,1,7.5,9.5,17.0,30.0,24.5,0.5673469387755102,0.3877551020408163,17.5125,2.598144182726624,257860.0,1.0591158262638216,9.5,17.0,30.0,0.3877551020408163,0.5673469387755102,0.5527418115942029
2023-08-14,2023-08-14 10:48:00,2023-08-14 11:12:00,2023-08-14 11:58:00,long,4968.5,4971.5,4962.0,4971.5,3.0,30.0,limit_touch,take_profit,1.0,2023-08-14 10:48:00,1,3.5,9.0,17.0,47.0,16.0,0.8448275862068966,0.5625,17.15,3.090379008746356,292987.0,0.9274344757990061,9.0,17.0,47.0,0.5625,0.8448275862068966,0.6419581159420289
2023-08-15,2023-08-15 10:11:00,2023-08-15 10:14:00,2023-08-15 10:20:00,short,4984.0,4992.0,4992.0,4980.5,-8.0,-80.0,limit_touch,stop_loss,-1.0,2023-08-15 10:11:00,1,-10.5,-12.0,-22.5,-17.0,33.0,-0.6175115207373272,-0.36363636363636365,17.235,2.030751378009864,297238.0,1.3193907519957933,12.0,22.5,17.0,0.36363636363636365,0.6175115207373272,0.5231986956521739
2023-08-15,2023-08-15 10:44:00,2023-08-15 10:50:00,2023-08-15 11:05:00,long,5004.5,5008.5,4996.0,5008.5,4.0,40.0,limit_touch,take_profit,1.0,2023-08-15 10:44:00,2,2.5,11.5,27.0,17.0,17.5,0.7862595419847328,0.6571428571428571,17.235,2.2628372497824194,399280.0,1.3117507279382077,11.5,27.0,17.0,0.6571428571428571,0.7862595419847328,0.6236916666666666
2023-08-16,2023-08-16 10:15:00,2023-08-16 10:16:00,2023-08-16 10:20:00,long,4999.5,5002.5,4993.0,5002.5,3.0,30.0,limit_touch,take_profit,1.0,2023-08-16 10:15:00,1,2.5,9.0,17.5,13.5,21.0,0.5555555555555556,0.42857142857142855,16.73181818181818,1.7631078511274112,206260.0,0.8731395092876374,9.0,17.5,13.5,0.42857142857142855,0.5555555555555556,0.3674015942028986
2023-08-16,2023-08-16 12:12:00,2023-08-16 12:22:00,2023-08-16 12:37:00,short,4975.5,4972.0,4983.0,4972.0,3.5,35.0,limit_touch,take_profit,-1.0,2023-08-16 12:12:00,2,-9.5,-14.5,-24.0,-20.5,29.5,-0.7237113402061855,-0.4915254237288136,16.73181818181818,2.5101874490627547,476588.0,1.001509902802831,14.5,24.0,20.5,0.4915254237288136,0.7237113402061855,0.591028695652174
2023-08-17,2023-08-17 10:40:00,2023-08-17 10:45:00,2023-08-17 10:54:00,short,4980.0,4987.5,4987.5,4976.5,-7.5,-75.0,limit_touch,stop_loss,-1.0,2023-08-17 10:40:00,1,-4.5,0.0,-11.5,-8.5,17.0,-0.11764705882352941,0.0,16.3875,1.5560640732265447,292533.0,0.9884220127554565,-0.0,11.5,8.5,-0.0,0.11764705882352941,0.14408173913043476
2023-08-17,2023-08-17 11:37:00,2023-08-17 11:42:00,2023-08-17 11:53:00,long,5002.0,4994.0,4994.0,5006.0,-8.0,-80.0,limit_touch,stop_loss,1.0,2023-08-17 11:37:00,2,7.0,5.5,16.0,18.0,21.5,0.2883435582822086,0.2558139534883721,16.3875,2.318840579710145,423793.0,1.0120354124315407,5.5,16.0,18.0,0.2558139534883721,0.2883435582822086,0.35398173913043485
2023-08-18,2023-08-18 11:23:00,2023-08-18 11:32:00,2023-08-18 11:36:00,short,4987.5,4984.0,4995.0,4984.0,3.5,35.0,limit_touch,take_profit,-1.0,2023-08-18 11:23:00,1,-9.0,-5.5,-12.0,-12.0,22.5,-0.3128205128205128,-0.24444444444444444,16.003846153846155,2.2494592645998557,417040.0,1.0600776324356709,5.5,12.0,12.0,0.24444444444444444,0.3128205128205128,0.3243006521739131
2023-08-18,2023-08-18 12:15:00,2023-08-18 14:22:00,2023-08-18 14:33:00,short,4981.0,4978.0,4988.0,4978.0,3.0,30.0,limit_touch,take_profit,-1.0,2023-08-18 12:15:00,2,-4.0,0.0,-5.5,-19.5,16.0,-0.061224489795918366,0.0,16.003846153846155,2.7805815909637106,504606.0,1.049300963012269,-0.0,5.5,19.5,-0.0,0.061224489795918366,0.2859792028985507
2023-08-21,2023-08-21 10:45:00,2023-08-21 11:00:00,2023-08-21 11:03:00,long,4996.5,4999.0,4991.0,4999.0,2.5,25.0,limit_touch,take_profit,1.0,2023-08-21 10:45:00,1,2.5,9.5,12.5,24.0,23.5,0.6678700361010831,0.40425531914893614,15.814285714285713,2.3080397470641376,258492.0,0.8375586079658339,9.5,12.5,24.0,0.40425531914893614,0.6678700361010831,0.4466978260869566
2023-08-21,2023-08-21 11:32:00,2023-08-21 11:41:00,2023-08-21 11:59:00,long,4998.0,5000.5,4992.5,5000.5,2.5,25.0,limit_touch,take_profit,1.0,2023-08-21 11:32:00,2,2.5,7.0,10.0,25.0,17.0,0.48,0.4117647058823529,15.814285714285713,2.4345076784101174,345620.0,0.8412552427846031,7.0,10.0,25.0,0.4117647058823529,0.48,0.4215739855072464
2023-08-22,2023-08-22 11:15:00,2023-08-22 11:15:00,2023-08-22 11:15:00,short,4952.0,4949.0,4958.5,4949.0,3.0,30.0,limit_touch,take_profit,-1.0,2023-08-22 11:15:00,1,-4.5,-12.0,-15.5,-23.5,19.0,-0.8387096774193549,-0.631578947368421,15.53,1.9961365099806827,389925.0,1.0339387619931792,12.0,15.5,23.5,0.631578947368421,0.8387096774193549,0.6056204347826087
2023-08-22,2023-08-22 11:20:00,2023-08-22 11:28:00,2023-08-22 11:29:00,short,4948.0,4945.0,4955.0,4945.0,3.0,30.0,limit_touch,take_profit,-1.0,2023-08-22 11:20:00,2,-10.5,-15.0,-26.5,-34.0,27.0,-0.7802197802197802,-0.5555555555555556,15.53,2.3180940115904702,419147.0,1.0851014449181193,15.0,26.5,34.0,0.5555555555555556,0.7802197802197802,0.7022250724637682
2023-08-22,2023-08-22 12:03:00,2023-08-22 12:47:00,2023-08-22 14:17:00,short,4944.5,4951.0,4951.0,4941.5,-6.5,-65.0,limit_touch,stop_loss,-1.0,2023-08-22 12:03:00,3,-2.5,-5.0,-11.0,-38.5,23.0,-0.23893805309734514,-0.21739130434782608,15.53,2.607855763039279,502317.0,1.0844802696795042,5.0,11.0,38.5,0.21739130434782608,0.23893805309734514,0.46915688405797096
2023-08-23,2023-08-23 10:27:00,2023-08-23 10:27:00,2023-08-23 10:27:00,short,4934.0,4931.5,4939.0,4931.5,2.5,25.0,limit_touch,take_profit,-1.0,2023-08-23 10:27:00,1,-2.5,-4.0,-12.0,-1.5,28.0,-0.31950207468879666,-0.14285714285714285,15.31875,1.3055895552835577,234937.0,0.8885308879112709,4.0,12.0,1.5,0.14285714285714285,0.31950207468879666,0.12908985507246376
2023-08-24,2023-08-24 10:36:00,2023-08-24 10:37:00,2023-08-24 10:41:00,long,4888.5,4891.5,4882.0,4891.5,3.0,30.0,limit_touch,take_profit,1.0,2023-08-24 10:36:00,1,7.0,8.0,8.0,12.5,18.0,0.5211267605633803,0.4444444444444444,16.11176470588235,1.3344286235852503,239103.0,0.8393781728605867,8.0,8.0,12.5,0.4444444444444444,0.5211267605633803,0.3214597101449275
2023-08-24,2023-08-24 11:00:00,2023-08-24 11:02:00,2023-08-24 11:09:00,short,4870.0,4877.0,4877.0,4867.0,-7.0,-70.0,limit_touch,stop_loss,-1.0,2023-08-24 11:00:00,2,-5.5,-20.0,-18.5,-11.0,24.0,-0.9447513812154696,-0.8333333333333334,16.11176470588235,1.9861263234757214,318917.0,0.9297811180432547,20.0,18.5,11.0,0.8333333333333334,0.9447513812154696,0.6004030434782609
2023-08-25,2023-08-25 10:45:00,2023-08-25 10:47:00,2023-08-25 11:02:00,long,4888.0,4891.0,4881.5,4891.0,3.0,30.0,limit_touch,take_profit,1.0,2023-08-25 10:45:00,1,8.0,10.5,16.5,7.0,23.5,0.48066298342541436,0.44680851063829785,15.75,2.0952380952380953,261915.0,0.8557384585250635,10.5,16.5,7.0,0.44680851063829785,0.48066298342541436,0.3752630434782609
2023-08-25,2023-08-25 11:37:00,2023-08-25 12:00:00,2023-08-25 12:11:00,long,4895.5,4887.5,4887.5,4899.5,-8.0,-80.0,limit_touch,stop_loss,1.0,2023-08-25 11:37:00,2,5.0,16.0,19.5,17.0,37.0,0.621160409556314,0.43243243243243246,15.75,2.761904761904762,456112.0,1.0928402160369184,16.0,19.5,17.0,0.43243243243243246,0.621160409556314,0.5947027536231884
2023-08-28,2023-08-28 10:35:00,2023-08-28 10:43:00,2023-08-28 10:46:00,long,4895.0,4898.0,4889.0,4898.0,3.0,30.0,limit_touch,take_profit,1.0,2023-08-28 10:35:00,1,7.5,6.5,14.5,22.0,13.5,0.7263157894736842,0.48148148148148145,15.607894736842105,2.210419828022256,184817.0,0.6640404907674944,6.5,14.5,22.0,0.48148148148148145,0.7263157894736842,0.3851183333333334
2023-08-28,2023-08-28 11:54:00,2023-08-28 12:38:00,2023-08-28 12:42:00,long,4897.0,4900.0,4891.0,4900.0,3.0,30.0,limit_touch,take_profit,1.0,2023-08-28 11:54:00,2,6.0,3.0,7.0,22.5,17.0,0.627906976744186,0.17647058823529413,15.607894736842105,2.370595177878941,310083.0,0.6960088032769498,3.0,7.0,22.5,0.17647058823529413,0.627906976744186,0.24395710144927535
2023-08-29,2023-08-29 10:32:00,2023-08-29 10:41:00,2023-08-29 10:48:00,long,4898.5,4901.0,4893.0,4901.0,2.5,25.0,limit_touch,take_profit,1.0,2023-08-29 10:32:00,1,5.5,4.0,11.5,18.5,22.0,0.3333333333333333,0.18181818181818182,15.5175,1.675527630095054,251153.0,0.9363041783496178,4.0,11.5,18.5,0.18181818181818182,0.3333333333333333,0.251986231884058
2023-08-29,2023-08-29 11:05:00,2023-08-29 11:37:00,2023-08-29 12:13:00,short,4872.0,4869.0,4879.0,4869.0,3.0,30.0,limit_touch,take_profit,-1.0,2023-08-29 11:05:00,2,-32.5,-30.0,-37.5,-18.0,47.0,-0.8842105263157894,-0.6382978723404256,15.5175,2.8355082970839374,367992.0,1.0520456085027337,30.0,37.5,18.0,0.6382978723404256,0.8842105263157894,0.7247365217391304
2023-08-29,2023-08-29 12:48:00,2023-08-29 13:06:00,2023-08-29 13:20:00,short,4866.0,4873.0,4873.0,4863.0,-7.0,-70.0,limit_touch,stop_loss,-1.0,2023-08-29 12:48:00,3,-1.5,-10.0,-8.5,-27.5,20.0,-0.8582677165354331,-0.5,15.5175,3.351055260190108,588843.0,1.1636298555841476,10.0,8.5,27.5,0.5,0.8582677165354331,0.6312128985507246
2023-08-30,2023-08-30 10:18:00,2023-08-30 10:21:00,2023-08-30 10:28:00,long,4859.0,4862.0,4852.5,4862.0,3.0,30.0,limit_touch,take_profit_gap_open,1.0,2023-08-30 10:18:00,1,6.0,9.0,10.0,-1.0,15.0,0.8734177215189873,0.6,15.535714285714285,1.2873563218390804,200363.0,0.8499926432080336,9.0,10.0,-1.0,0.6,0.8734177215189873,0.3426299275362319
2023-08-30,2023-08-30 10:31:00,2023-08-30 10:31:00,2023-08-30 10:31:00,long,4860.0,4863.0,4853.5,4863.0,3.0,30.0,limit_touch,take_profit,1.0,2023-08-30 10:31:00,2,2.5,6.5,5.5,-0.5,19.5,0.4975369458128079,0.3333333333333333,15.535714285714285,1.3839080459770117,229813.0,0.8662793634375398,6.5,5.5,-0.5,0.3333333333333333,0.4975369458128079,0.2166496376811594
2023-08-30,2023-08-30 10:43:00,2023-08-30 10:48:00,2023-08-30 10:54:00,long,4866.0,4859.5,4859.5,4869.0,-6.5,-65.0,limit_touch,stop_loss,1.0,2023-08-30 10:43:00,3,9.5,9.5,16.0,9.0,33.5,0.2064343163538874,0.2835820895522388,15.535714285714285,1.8666666666666667,271224.0,0.9158878809748278,9.5,16.0,9.0,0.2835820895522388,0.2064343163538874,0.3174805072463768
2023-08-30,2023-08-30 11:50:00,2023-08-30 12:17:00,2023-08-30 12:24:00,long,4874.5,4877.5,4868.0,4877.5,3.0,30.0,limit_touch,take_profit,1.0,2023-08-30 11:50:00,4,4.5,3.5,12.0,20.5,12.5,0.5421686746987951,0.28,15.535714285714285,2.6068965517241383,396623.0,0.9105236634614108,3.5,12.0,20.5,0.28,0.5421686746987951,0.3195491304347826
2023-08-31,2023-08-31 10:05:00,2023-08-31 10:05:00,2023-08-31 10:05:00,long,4907.0,4910.0,4900.0,4910.0,3.0,30.0,limit_touch,take_profit,1.0,2023-08-31 10:05:00,1,5.5,6.0,8.5,3.5,16.0,0.627906976744186,0.375,15.524999999999999,1.8679549114331724,167648.0,0.8293748126278213,6.0,8.5,3.5,0.375,0.627906976744186,0.24406702898550725
2023-08-31,2023-08-31 12:05:00,2023-08-31 12:23:00,2023-08-31 12:32:00,long,4958.0,4962.0,4949.5,4962.0,4.0,40.0,limit_touch,take_profit,1.0,2023-08-31 12:05:00,2,2.0,-2.5,4.5,69.0,38.5,0.16053019145802652,-0.06493506493506493,15.524999999999999,6.247987117552335,540648.0,1.1764498522387445,-2.5,4.5,69.0,-0.06493506493506493,0.16053019145802652,0.4667473188405797
2023-09-01,2023-09-01 10:34:00,2023-09-01 10:41:00,2023-09-01 10:46:00,short,4931.0,4940.0,4940.0,4927.0,-9.0,-90.0,limit_touch,stop_loss,-1.0,2023-09-01 10:34:00,1,-3.0,-7.5,-15.0,-39.0,17.5,-0.4645669291338583,-0.42857142857142855,16.11521739130435,2.66828544448941,333983.0,1.2295856306401827,7.5,15.0,39.0,0.42857142857142855,0.4645669291338583,0.609131884057971
2023-09-01,2023-09-01 13:05:00,2023-09-01 13:25:00,2023-09-01 13:38:00,long,4956.0,4960.0,4947.5,4960.0,4.0,40.0,limit_touch,take_profit,1.0,2023-09-01 13:05:00,2,2.5,3.5,3.0,4.0,16.5,0.17073170731707318,0.21212121212121213,16.11521739130435,2.978551193848644,618379.0,1.1871591628976614,3.5,3.0,4.0,0.21212121212121213,0.17073170731707318,0.29794652173913044
2023-09-04,2023-09-04 10:31:00,2023-09-04 10:39:00,2023-09-04 10:50:00,short,4941.5,4938.5,4948.0,4938.5,3.0,30.0,limit_touch,take_profit,-1.0,2023-09-04 10:31:00,1,-5.0,-6.0,-22.5,-19.5,21.0,-0.3188405797101449,-0.2857142857142857,16.11521739130435,1.7995413462835559,176738.0,0.6648878272811998,6.0,22.5,19.5,0.2857142857142857,0.3188405797101449,0.2699198550724638
2023-09-04,2023-09-04 12:29:00,2023-09-04 14:31:00,2023-09-04 14:48:00,short,4936.5,4943.0,4943.0,4933.5,-6.5,-65.0,limit_touch,stop_loss,-1.0,2023-09-04 12:29:00,2,-5.0,-5.0,-5.5,-26.5,13.0,-0.7333333333333333,-0.38461538461538464,16.11521739130435,2.20288682045056,329722.0,0.6711455114786993,5.0,5.5,26.5,0.38461538461538464,0.7333333333333333,0.34676173913043484
2023-09-05,2023-09-05 10:08:00,2023-09-05 10:11:00,2023-09-05 10:11:00,long,4988.5,4991.0,4982.5,4991.0,2.5,25.0,limit_touch,take_profit,1.0,2023-09-05 10:08:00,1,1.5,6.5,1.5,8.0,22.5,0.16279069767441862,0.28888888888888886,16.11521739130435,1.1790098475650883,203220.0,0.9708233088360988,6.5,1.5,8.0,0.28888888888888886,0.16279069767441862,0.24892913043478263
2023-09-05,2023-09-05 10:19:00,2023-09-05 10:25:00,2023-09-05 10:33:00,long,4992.0,4994.5,4986.5,4994.5,2.5,25.0,limit_touch,take_profit,1.0,2023-09-05 10:19:00,2,3.0,6.5,15.5,14.5,16.5,0.4954954954954955,0.3939393939393939,16.11521739130435,1.489275596924322,231372.0,0.9759596217087168,6.5,15.5,14.5,0.3939393939393939,0.4954954954954955,0.33837746376811595
2023-09-05,2023-09-05 11:02:00,2023-09-05 11:22:00,2023-09-05 11:25:00,long,4993.5,4996.0,4987.5,4996.0,2.5,25.0,limit_touch,take_profit,1.0,2023-09-05 11:02:00,3,1.0,5.5,7.0,16.5,15.5,0.5339805825242718,0.3548387096774194,16.11521739130435,1.6133818966680156,319380.0,0.9324178548472563,5.5,7.0,16.5,0.3548387096774194,0.5339805825242718,0.30836188405797105
2023-09-06,2023-09-06 10:57:00,2023-09-06 11:00:00,2023-09-06 11:01:00,short,4983.5,4990.0,4990.0,4980.5,-6.5,-65.0,limit_touch,stop_loss,-1.0,2023-09-06 10:57:00,1,-6.0,-19.5,-26.0,-18.5,23.5,-0.9452054794520548,-0.8297872340425532,16.11521739130435,2.544179144745717,317142.0,0.9609981178526834,19.5,26.0,18.5,0.8297872340425532,0.9452054794520548,0.6786069565217391
2023-09-08,2023-09-08 10:07:00,2023-09-08 10:16:00,2023-09-08 10:25:00,long,4998.0,5001.0,4992.0,5001.0,3.0,30.0,limit_touch,take_profit,1.0,2023-09-08 10:07:00,1,0.5,9.5,9.5,-2.5,24.5,0.5686274509803921,0.3877551020408163,16.11521739130435,1.2410629974369352,142049.0,0.687651632568921,9.5,9.5,-2.5,0.3877551020408163,0.5686274509803921,0.2424782608695652
2023-09-08,2023-09-08 10:34:00,2023-09-08 10:37:00,2023-09-08 10:39:00,long,4999.5,5002.0,4993.5,5002.0,2.5,25.0,limit_touch,take_profit,1.0,2023-09-08 10:34:00,2,3.5,5.5,5.5,2.0,14.5,0.26582278481012656,0.3793103448275862,16.11521739130435,1.3651692971806286,187051.0,0.6849059090897994,5.5,5.5,2.0,0.3793103448275862,0.26582278481012656,0.18297731884057972
2023-09-08,2023-09-08 10:47:00,2023-09-08 11:01:00,2023-09-08 11:05:00,long,5004.5,4998.5,4998.5,5007.5,-6.0,-60.0,limit_touch,stop_loss,1.0,2023-09-08 10:47:00,3,4.0,8.5,13.5,8.5,23.5,0.3401015228426396,0.3617021276595745,16.11521739130435,1.7685147713476326,223950.0,0.7290878826809317,8.5,13.5,8.5,0.3617021276595745,0.3401015228426396,0.27298710144927535
2023-09-11,2023-09-11 10:28:00,2023-09-11 10:46:00,2023-09-11 10:50:00,short,4956.5,4953.5,4962.5,4953.5,3.0,30.0,limit_touch,take_profit,-1.0,2023-09-11 10:28:00,1,-3.0,-3.5,-19.0,-27.5,22.5,-0.4025974025974026,-0.15555555555555556,11.28,3.6790780141843973,227479.0,0.8852161673683868,3.5,19.0,27.5,0.15555555555555556,0.4025974025974026,0.34096644927536235
2023-09-11,2023-09-11 11:07:00,2023-09-11 11:57:00,2023-09-11 11:59:00,short,4955.0,4952.0,4961.0,4952.0,3.0,30.0,limit_touch,take_profit,-1.0,2023-09-11 11:07:00,2,1.0,-4.0,-4.5,-28.0,12.0,-0.627906976744186,-0.3333333333333333,11.28,3.8563829787234045,297675.0,0.8403389021086693,4.0,4.5,28.0,0.3333333333333333,0.627906976744186,0.3870391304347826
2023-09-11,2023-09-11 14:26:00,2023-09-11 14:56:00,2023-09-11 15:31:00,short,4948.5,4946.0,4954.0,4946.0,2.5,25.0,limit_touch,take_profit,-1.0,2023-09-11 14:26:00,3,0.5,-2.5,-6.5,-39.0,9.5,-0.3953488372093023,-0.2631578947368421,11.28,4.609929078014185,491704.0,0.8457920268165094,2.5,6.5,39.0,0.2631578947368421,0.3953488372093023,0.3985461594202898
2023-09-12,2023-09-12 10:26:00,2023-09-12 10:35:00,2023-09-12 10:39:00,long,4973.0,4967.5,4967.5,4975.5,-5.5,-55.0,limit_touch,stop_loss,1.0,2023-09-12 10:26:00,1,5.0,8.5,11.0,19.5,23.5,0.5903614457831325,0.3617021276595745,12.0,2.75,209033.0,0.8280076441956618,8.5,11.0,19.5,0.3617021276595745,0.5903614457831325,0.4011778985507247
2023-09-13,2023-09-13 11:42:00,2023-09-13 14:21:00,2023-09-13 15:39:00,short,4924.5,4921.0,4931.5,4921.0,3.5,35.0,limit_touch,take_profit,-1.0,2023-09-13 11:42:00,1,-3.0,-14.0,-20.5,-57.5,28.0,-0.7966101694915254,-0.5,11.7,6.239316239316239,479980.0,1.1418838275907202,14.0,20.5,57.5,0.5,0.7966101694915254,0.7833432608695652
2023-09-14,2023-09-14 10:35:00,2023-09-14 11:02:00,2023-09-14 11:07:00,short,4896.0,4903.0,4903.0,4893.0,-7.0,-70.0,limit_touch,stop_loss,-1.0,2023-09-14 10:35:00,1,-5.0,-3.0,-2.0,-39.0,21.0,-0.24390243902439024,-0.14285714285714285,12.975,3.8921001926782273,341767.0,1.2431832930296443,3.0,2.0,39.0,0.14285714285714285,0.24390243902439024,0.47281108695652174
2023-09-14,2023-09-14 13:06:00,2023-09-14 14:46:00,2023-09-14 15:00:00,short,4889.0,4886.0,4896.0,4886.0,3.0,30.0,limit_touch,take_profit,-1.0,2023-09-14 13:06:00,2,-2.5,-8.0,-8.0,-54.5,16.0,-0.6078431372549019,-0.5,12.975,4.624277456647399,591994.0,1.1386794512086458,8.0,8.0,54.5,0.5,0.6078431372549019,0.6905280434782608
2023-09-15,2023-09-15 10:57:00,2023-09-15 11:00:00,2023-09-15 11:00:00,long,4885.0,4879.0,4879.0,4888.0,-6.0,-60.0,limit_touch,stop_loss,1.0,2023-09-15 10:57:00,1,5.0,11.5,11.5,9.5,23.5,0.7106382978723405,0.48936170212765956,13.533333333333333,1.477832512315271,299075.0,0.9038357905474326,11.5,11.5,9.5,0.48936170212765956,0.7106382978723405,0.3979316666666667
2023-09-18,2023-09-18 10:16:00,2023-09-18 10:49:00,2023-09-18 10:50:00,short,4866.0,4871.0,4871.0,4863.5,-5.0,-50.0,limit_touch,stop_loss,-1.0,2023-09-18 10:16:00,1,-5.0,-7.0,-9.0,-24.0,14.0,-0.6590909090909091,-0.5,12.78,2.2300469483568075,185510.0,0.8065895319742972,7.0,9.0,24.0,0.5,0.6590909090909091,0.43590637681159417
2023-09-19,2023-09-19 10:03:00,2023-09-19 10:04:00,2023-09-19 10:09:00,long,4862.5,4865.0,4857.5,4865.0,2.5,25.0,limit_touch,take_profit,1.0,2023-09-19 10:03:00,1,3.5,7.0,4.5,9.5,22.0,0.42105263157894735,0.3181818181818182,12.627272727272727,1.5046796256299497,166035.0,0.849680839812632,7.0,4.5,9.5,0.3181818181818182,0.42105263157894735,0.24921202898550726
2023-09-19,2023-09-19 10:20:00,2023-09-19 10:23:00,2023-09-19 10:30:00,long,4863.0,4858.0,4858.0,4865.5,-5.0,-50.0,limit_touch,stop_loss,1.0,2023-09-19 10:20:00,2,6.0,6.5,11.5,12.0,13.5,0.5522388059701493,0.48148148148148145,12.627272727272727,1.5838732901367891,203587.0,0.8497497648534662,6.5,11.5,12.0,0.48148148148148145,0.5522388059701493,0.321906884057971
2023-09-19,2023-09-19 11:16:00,2023-09-19 11:42:00,2023-09-19 12:09:00,long,4866.0,4868.5,4861.0,4868.5,2.5,25.0,better_open,take_profit,1.0,2023-09-19 11:16:00,3,-1.0,6.0,8.0,12.0,15.0,0.6666666666666666,0.4,12.627272727272727,1.900647948164147,311677.0,0.8328896227576025,6.0,8.0,12.0,0.4,0.6666666666666666,0.2947252898550725
2023-09-20,2023-09-20 10:09:00,2023-09-20 10:15:00,2023-09-20 10:26:00,short,4855.0,4853.0,4859.5,4853.0,2.0,20.0,limit_touch,take_profit,-1.0,2023-09-20 10:09:00,1,-1.5,-3.0,-10.5,-10.5,11.0,-0.26666666666666666,-0.2727272727272727,12.462499999999999,1.2437311935807425,136599.0,0.6394644188812848,3.0,10.5,10.5,0.2727272727272727,0.26666666666666666,0.13533702898550723
2023-09-20,2023-09-20 10:43:00,2023-09-20 10:51:00,2023-09-20 11:01:00,short,4853.0,4851.0,4857.5,4851.0,2.0,20.0,limit_touch,take_profit,-1.0,2023-09-20 10:43:00,2,-1.0,1.0,1.0,-13.0,13.0,0.08108108108108109,0.07692307692307693,12.462499999999999,1.444332998996991,198124.0,0.6660520933527637,-1.0,-1.0,13.0,-0.07692307692307693,-0.08108108108108109,0.08165471014492753
2023-09-22,2023-09-22 10:40:00,2023-09-22 10:45:00,2023-09-22 10:56:00,long,4930.5,4924.5,4924.5,4933.5,-6.0,-60.0,limit_touch,stop_loss,1.0,2023-09-22 10:40:00,1,-1.5,8.0,10.0,12.5,18.0,0.47692307692307695,0.4444444444444444,12.589285714285714,1.8269503546099293,201180.0,0.6983121288835614,8.0,10.0,12.5,0.4444444444444444,0.47692307692307695,0.32281652173913045
2023-09-22,2023-09-22 11:03:00,2023-09-22 11:09:00,2023-09-22 11:13:00,short,4915.5,4922.0,4922.0,4912.5,-6.5,-65.0,limit_touch,stop_loss,-1.0,2023-09-22 11:03:00,2,-14.0,-18.5,-19.0,-9.0,25.5,-0.8895705521472392,-0.7254901960784313,12.589285714285714,2.1843971631205674,264976.0,0.7708499244716837,18.5,19.0,9.0,0.7254901960784313,0.8895705521472392,0.5407355072463769
2023-09-25,2023-09-25 10:34:00,2023-09-25 10:39:00,2023-09-25 10:45:00,long,4964.5,4967.0,4959.0,4967.0,2.5,25.0,limit_touch,take_profit,1.0,2023-09-25 10:34:00,1,8.0,8.0,14.5,21.5,16.0,0.7142857142857143,0.5,12.429999999999998,2.5744167337087696,201291.0,0.7449709896757257,8.0,14.5,21.5,0.5,0.7142857142857143,0.44060304347826085
2023-09-25,2023-09-25 13:51:00,2023-09-25 14:13:00,2023-09-25 14:52:00,long,4968.5,4963.0,4963.0,4971.0,-5.5,-55.0,limit_touch,stop_loss,1.0,2023-09-25 13:51:00,2,2.0,3.0,6.0,27.0,9.0,0.4117647058823529,0.3333333333333333,12.429999999999998,3.0168946098149645,445192.0,0.8102702323444323,3.0,6.0,27.0,0.3333333333333333,0.4117647058823529,0.3501882608695652
2023-09-26,2023-09-26 14:37:00,2023-09-26 14:50:00,2023-09-26 15:21:00,long,4980.5,4983.0,4975.0,4983.0,2.5,25.0,limit_touch,take_profit,1.0,2023-09-26 14:37:00,1,0.5,4.0,2.0,9.5,8.0,0.6,0.5,12.35625,2.832574607991907,611279.0,1.0522167067102075,4.0,2.0,9.5,0.5,0.6,0.3916447101449275
2023-09-27,2023-09-27 11:13:00,2023-09-27 11:24:00,2023-09-27 11:32:00,long,5018.5,5021.5,5012.0,5021.5,3.0,30.0,limit_touch,take_profit,1.0,2023-09-27 11:13:00,1,3.0,12.5,16.0,41.5,18.5,0.9219512195121952,0.6756756756756757,12.370588235294116,3.3951497860199717,390063.0,1.0699346274952193,12.5,16.0,41.5,0.6756756756756757,0.9219512195121952,0.7548247826086958
2023-09-28,2023-09-28 10:49:00,2023-09-28 11:00:00,2023-09-28 11:11:00,long,5057.0,5048.5,5048.5,5061.0,-8.5,-85.0,limit_touch,stop_loss,1.0,2023-09-28 10:49:00,1,-1.0,12.0,6.5,27.5,29.0,0.7216981132075472,0.41379310344827586,13.225,4.158790170132325,409520.0,1.3177781960996313,12.0,6.5,27.5,0.41379310344827586,0.7216981132075472,0.6489838405797101
2023-09-29,2023-09-29 10:51:00,2023-09-29 10:55:00,2023-09-29 10:58:00,long,5034.0,5026.5,5026.5,5037.5,-7.5,-75.0,limit_touch,stop_loss,1.0,2023-09-29 10:51:00,1,1.5,9.5,15.5,1.5,19.5,0.5555555555555556,0.48717948717948717,13.397368421052631,2.052641917108623,299109.0,0.9434244150850003,9.5,15.5,1.5,0.48717948717948717,0.5555555555555556,0.38599833333333333
2023-09-29,2023-09-29 11:07:00,2023-09-29 11:09:00,2023-09-29 11:17:00,long,5037.5,5041.5,5029.5,5041.5,4.0,40.0,limit_touch,take_profit,1.0,2023-09-29 11:07:00,2,10.5,5.0,13.5,6.0,29.0,0.42857142857142855,0.1724137931034483,13.397368421052631,2.3885287762718526,343104.0,0.9644179101177297,5.0,13.5,6.0,0.1724137931034483,0.42857142857142855,0.24600195652173912
2023-09-29,2023-09-29 11:24:00,2023-09-29 11:30:00,2023-09-29 11:35:00,long,5041.5,5045.5,5033.0,5045.5,4.0,40.0,limit_touch,take_profit,1.0,2023-09-29 11:24:00,3,8.5,8.5,11.0,9.0,26.5,0.38697318007662834,0.32075471698113206,13.397368421052631,2.7617363975643294,378821.0,0.9682504061416594,8.5,11.0,9.0,0.32075471698113206,0.38697318007662834,0.3705923913043478
2023-09-29,2023-09-29 12:27:00,2023-09-29 12:35:00,2023-09-29 13:03:00,short,5020.0,5029.0,5029.0,5016.0,-9.0,-90.0,limit_touch,stop_loss,-1.0,2023-09-29 12:27:00,4,-6.0,-6.5,-11.0,-23.5,23.5,-0.631768953068592,-0.2765957446808511,13.397368421052631,3.060302494598311,508779.0,1.0421292540773521,6.5,11.0,23.5,0.2765957446808511,0.631768953068592,0.4420021014492754
2023-10-02,2023-10-02 11:59:00,2023-10-02 12:14:00,2023-10-02 12:46:00,long,5085.5,5089.5,5077.0,5089.5,4.0,40.0,limit_touch,take_profit,1.0,2023-10-02 11:59:00,1,3.5,6.5,16.0,4.5,20.5,0.4125874125874126,0.3170731707317073,13.44,2.7529761904761907,432677.0,0.9612772625847203,6.5,16.0,4.5,0.3170731707317073,0.4125874125874126,0.31557152173913045
2023-10-02,2023-10-02 13:03:00,2023-10-02 14:05:00,2023-10-02 14:28:00,long,5089.5,5081.5,5081.5,5093.0,-8.0,-80.0,limit_touch,stop_loss,1.0,2023-10-02 13:03:00,2,3.5,12.5,17.5,11.5,15.5,0.9047619047619048,0.8064516129032258,13.44,3.162202380952381,532807.0,1.0266631198953542,12.5,17.5,11.5,0.8064516129032258,0.9047619047619048,0.603099347826087
2023-10-03,2023-10-03 10:56:00,2023-10-03 11:00:00,2023-10-03 11:00:00,short,5097.0,5104.5,5104.5,5093.5,-7.5,-75.0,limit_touch,stop_loss,-1.0,2023-10-03 10:56:00,1,0.0,-4.5,-10.0,-6.5,14.5,-0.6190476190476191,-0.3103448275862069,13.44,2.1205357142857144,342667.0,1.0596605852722372,4.5,10.0,6.5,0.3103448275862069,0.6190476190476191,0.2882145652173913
2023-10-03,2023-10-03 11:20:00,2023-10-03 11:21:00,2023-10-03 11:23:00,long,5112.0,5116.0,5104.0,5116.0,4.0,40.0,limit_touch,take_profit,1.0,2023-10-03 11:20:00,2,9.0,1.0,23.5,17.0,30.0,0.11428571428571428,0.03333333333333333,13.44,2.1577380952380953,469314.0,1.2377439727495219,1.0,23.5,17.0,0.03333333333333333,0.11428571428571428,0.28765528985507244
2023-10-03,2023-10-03 11:30:00,2023-10-03 11:35:00,2023-10-03 11:38:00,long,5122.5,5126.5,5114.0,5126.5,4.0,40.0,limit_touch,take_profit,1.0,2023-10-03 11:30:00,3,10.0,20.0,33.5,28.0,37.0,0.7485207100591716,0.5405405405405406,13.44,3.199404761904762,514605.0,1.2932107389059442,20.0,33.5,28.0,0.5405405405405406,0.7485207100591716,0.7711827536231886
2023-10-04,2023-10-04 10:51:00,2023-10-04 11:00:00,2023-10-04 11:00:00,long,5174.5,5178.5,5165.5,5178.5,4.0,40.0,limit_touch,take_profit,1.0,2023-10-04 10:51:00,1,3.5,12.5,17.5,19.5,24.5,0.7714285714285715,0.5102040816326531,13.44,3.162202380952381,374858.0,1.2000720315978608,12.5,17.5,19.5,0.5102040816326531,0.7714285714285715,0.6271670289855072
2023-10-04,2023-10-04 11:08:00,2023-10-04 11:13:00,2023-10-04 11:16:00,long,5183.5,5188.0,5174.0,5188.0,4.5,45.0,limit_touch,take_profit,1.0,2023-10-04 11:08:00,2,2.5,9.5,21.0,27.5,41.5,0.3296903460837887,0.2289156626506024,13.44,4.055059523809524,452031.0,1.275492702866793,9.5,21.0,27.5,0.2289156626506024,0.3296903460837887,0.5491805072463768
2023-10-05,2023-10-05 10:02:00,2023-10-05 10:05:00,2023-10-05 10:28:00,short,5180.0,5176.0,5188.0,5176.0,4.0,40.0,limit_touch,take_profit,-1.0,2023-10-05 10:02:00,1,-1.0,-12.0,-9.0,-7.5,33.0,-0.47950819672131145,-0.36363636363636365,13.44,1.8601190476190477,213858.0,1.1406101676112432,12.0,9.0,7.5,0.36363636363636365,0.47950819672131145,0.4347505072463768
2023-10-05,2023-10-05 10:30:00,2023-10-05 10:30:00,2023-10-05 10:30:00,short,5178.5,5175.0,5186.5,5175.0,3.5,35.0,limit_touch,take_profit,-1.0,2023-10-05 10:30:00,2,-1.5,-1.5,-1.5,-7.5,22.5,-0.014634146341463415,-0.06666666666666667,13.44,1.9717261904761905,279785.0,1.089061783436226,1.5,1.5,7.5,0.06666666666666667,0.014634146341463415,0.2023423913043478
2023-10-05,2023-10-05 10:31:00,2023-10-05 10:35:00,2023-10-05 10:45:00,short,5178.5,5175.0,5186.5,5175.0,3.5,35.0,limit_touch,take_profit,-1.0,2023-10-05 10:31:00,3,-4.5,-6.0,-2.5,-11.0,25.0,-0.224,-0.24,13.44,2.0089285714285716,287166.0,1.1044432695596524,6.0,2.5,11.0,0.24,0.224,0.3219986956521739
2023-10-05,2023-10-05 10:58:00,2023-10-05 11:00:00,2023-10-05 11:04:00,short,5175.5,5184.0,5184.0,5171.5,-8.5,-85.0,limit_touch,stop_loss,-1.0,2023-10-05 10:58:00,4,-5.5,-12.0,-7.0,-15.0,22.0,-0.7142857142857143,-0.5454545454545454,13.44,2.306547619047619,367387.0,1.122184245714712,12.0,7.0,15.0,0.5454545454545454,0.7142857142857143,0.5672184057971015
2023-10-05,2023-10-05 12:09:00,2023-10-05 12:12:00,2023-10-05 12:20:00,long,5195.5,5199.5,5187.0,5199.5,4.0,40.0,limit_touch,take_profit,1.0,2023-10-05 12:09:00,5,3.0,4.5,12.5,17.0,25.5,0.3775933609958506,0.17647058823529413,13.44,2.7529761904761907,562304.0,1.2059911360389288,4.5,12.5,17.0,0.17647058823529413,0.3775933609958506,0.36661920289855077
2023-10-05,2023-10-05 12:44:00,2023-10-05 12:56:00,2023-10-05 12:57:00,long,5196.5,5200.5,5188.0,5200.5,4.0,40.0,limit_touch,take_profit,1.0,2023-10-05 12:44:00,6,5.0,5.5,7.0,17.0,23.5,0.3244444444444444,0.23404255319148937,13.44,2.8645833333333335,625931.0,1.2392225496053006,5.5,7.0,17.0,0.23404255319148937,0.3244444444444444,0.4057131884057972
2023-10-06,2023-10-06 12:57:00,2023-10-06 13:21:00,2023-10-06 13:27:00,short,5181.0,5176.5,5191.0,5176.5,4.5,45.0,limit_touch,take_profit,-1.0,2023-10-06 12:57:00,1,-10.0,-3.0,-17.5,-15.5,36.0,-0.004424778761061947,-0.08333333333333333,13.44,5.543154761904762,806153.0,1.5631807016786945,3.0,17.5,15.5,0.08333333333333333,0.004424778761061947,0.36247927536231883
2023-10-11,2023-10-11 10:01:00,2023-10-11 10:02:00,2023-10-11 10:03:00,short,5049.5,5056.5,5056.5,5046.5,-7.0,-70.0,limit_touch,stop_loss,-1.0,2023-10-11 10:01:00,1,-8.5,-12.0,-20.0,-14.0,36.0,-0.3893129770992366,-0.3333333333333333,20.142857142857142,1.2163120567375887,232598.0,1.2625305378782772,12.0,20.0,14.0,0.3333333333333333,0.3893129770992366,0.4493291304347826
2023-10-11,2023-10-11 10:38:00,2023-10-11 10:42:00,2023-10-11 10:50:00,long,5066.0,5058.5,5058.5,5069.5,-7.5,-75.0,limit_touch,stop_loss,1.0,2023-10-11 10:38:00,2,5.5,0.5,17.5,8.5,30.5,0.21865889212827988,0.01639344262295082,20.142857142857142,1.4893617021276595,359551.0,1.2875045917169157,0.5,17.5,8.5,0.01639344262295082,0.21865889212827988,0.1991423913043478
2023-10-11,2023-10-11 11:16:00,2023-10-11 11:23:00,2023-10-11 11:50:00,long,5068.5,5072.0,5061.0,5072.0,3.5,35.0,limit_touch,take_profit,1.0,2023-10-11 11:16:00,3,4.0,4.5,8.5,16.5,24.5,0.4854771784232365,0.1836734693877551,20.142857142857142,1.6631205673758866,465617.0,1.2480779269689313,4.5,8.5,16.5,0.1836734693877551,0.4854771784232365,0.3201253623188406
2023-10-11,2023-10-11 13:54:00,2023-10-11 14:11:00,2023-10-11 14:16:00,long,5073.0,5076.0,5066.0,5076.0,3.0,30.0,limit_touch,take_profit,1.0,2023-10-11 13:54:00,4,7.5,11.5,7.5,23.0,18.5,0.8580645161290322,0.6216216216216216,20.142857142857142,1.9361702127659575,668297.0,1.1828733751052918,11.5,7.5,23.0,0.6216216216216216,0.8580645161290322,0.6182101449275362
2023-10-11,2023-10-11 14:38:00,2023-10-11 15:00:00,2023-10-11 15:25:00,long,5076.0,5069.5,5069.5,5079.0,-6.5,-65.0,limit_touch,stop_loss,1.0,2023-10-11 14:38:00,5,1.0,5.0,7.0,26.0,8.0,0.8636363636363636,0.625,20.142857142857142,2.1347517730496453,719885.0,1.1997215201511113,5.0,7.0,26.0,0.625,0.8636363636363636,0.5452721739130435
2023-10-13,2023-10-13 10:50:00,2023-10-13 11:00:00,2023-10-13 11:15:00,short,5066.0,5073.5,5073.5,5062.5,-7.5,-75.0,limit_touch,stop_loss,-1.0,2023-10-13 10:50:00,1,-10.5,-8.5,-10.0,-19.0,24.5,-0.32567049808429116,-0.3469387755102041,19.2375,1.5334632878492527,282599.0,0.9128372472077639,8.5,10.0,19.0,0.3469387755102041,0.32567049808429116,0.3569182608695652
2023-10-13,2023-10-13 12:42:00,2023-10-13 13:12:00,2023-10-13 14:05:00,long,5086.5,5090.0,5079.5,5090.0,3.5,35.0,limit_touch,take_profit,1.0,2023-10-13 12:42:00,2,-2.0,-2.0,6.5,10.5,9.0,-0.47619047619047616,-0.2222222222222222,19.2375,1.9233268356075373,487222.0,0.9620589026481292,-2.0,6.5,10.5,-0.2222222222222222,-0.47619047619047616,0.15517913043478263
2023-10-16,2023-10-16 11:31:00,2023-10-16 11:35:00,2023-10-16 11:41:00,short,5067.0,5064.0,5073.5,5064.0,3.0,30.0,limit_touch,take_profit,-1.0,2023-10-16 11:31:00,1,-2.5,-7.0,-15.5,-2.0,13.0,-0.6,-0.5384615384615384,19.016666666666666,1.1831726555652937,338801.0,0.8392900538724526,7.0,15.5,2.0,0.5384615384615384,0.6,0.28940333333333335
2023-10-16,2023-10-16 11:47:00,2023-10-16 11:57:00,2023-10-16 12:48:00,short,5066.5,5073.0,5073.0,5063.5,-6.5,-65.0,limit_touch,stop_loss,-1.0,2023-10-16 11:47:00,2,-2.0,-0.5,-10.5,-4.5,20.5,-0.26857142857142857,-0.024390243902439025,19.016666666666666,1.235758106923751,367603.0,0.8503859921256658,0.5,10.5,4.5,0.024390243902439025,0.26857142857142857,0.07409811594202897
2023-10-17,2023-10-17 10:36:00,2023-10-17 10:49:00,2023-10-17 10:49:00,long,5067.0,5070.0,5060.5,5070.0,3.0,30.0,limit_touch,take_profit,1.0,2023-10-17 10:36:00,1,0.5,0.0,2.5,14.0,27.0,-0.09917355371900827,0.0,18.3,2.1311475409836063,282058.0,1.0301258996911171,0.0,2.5,14.0,0.0,-0.09917355371900827,0.22303760869565215
2023-10-17,2023-10-17 12:07:00,2023-10-17 12:27:00,2023-10-17 12:42:00,short,5036.5,5033.0,5043.5,5033.0,3.5,35.0,limit_touch,take_profit,-1.0,2023-10-17 12:07:00,2,-7.0,-10.0,-21.0,-34.0,26.0,-0.6491228070175439,-0.38461538461538464,18.3,2.9234972677595628,516842.0,1.11309633692635,10.0,21.0,34.0,0.38461538461538464,0.6491228070175439,0.5980055072463768
2023-10-17,2023-10-17 13:24:00,2023-10-17 14:15:00,2023-10-17 14:31:00,short,5034.0,5031.0,5041.0,5031.0,3.0,30.0,limit_touch,take_profit,-1.0,2023-10-17 13:24:00,3,-3.5,-3.5,-9.5,-39.5,11.5,-0.582089552238806,-0.30434782608695654,18.3,3.087431693989071,615670.0,1.1339982341772263,3.5,9.5,39.5,0.30434782608695654,0.582089552238806,0.4956800724637681
2023-10-18,2023-10-18 11:01:00,2023-10-18 11:15:00,2023-10-18 11:15:00,long,5062.0,5065.0,5055.5,5065.0,3.0,30.0,limit_touch,take_profit,1.0,2023-10-18 11:01:00,1,8.0,12.0,16.5,3.0,26.0,0.6737588652482269,0.46153846153846156,18.177272727272726,1.760440110027507,278142.0,0.8283982841451604,12.0,16.5,3.0,0.46153846153846156,0.6737588652482269,0.36579579710144927
2023-10-18,2023-10-18 12:10:00,2023-10-18 12:23:00,2023-10-18 12:46:00,long,5073.5,5076.5,5066.5,5076.5,3.0,30.0,limit_touch,take_profit,1.0,2023-10-18 12:10:00,2,4.0,0.0,7.5,15.5,16.0,-0.53125,0.0,18.177272727272726,2.5856464116029008,431573.0,0.9187622303504005,0.0,7.5,15.5,0.0,-0.53125,0.21264086956521738
2023-10-19,2023-10-19 13:00:00,2023-10-19 13:00:00,2023-10-19 13:00:00,short,5057.0,5053.5,5064.0,5053.5,3.5,35.0,limit_touch,take_profit,-1.0,2023-10-19 13:00:00,1,2.0,4.5,-2.0,-33.5,12.5,0.40298507462686567,0.36,17.8375,2.718990889978977,520125.0,0.9942084391642717,-4.5,2.0,33.5,-0.36,-0.40298507462686567,0.32643369565217395
2023-10-19,2023-10-19 13:21:00,2023-10-19 13:26:00,2023-10-19 13:34:00,short,5045.0,5053.0,5053.0,5041.5,-8.0,-80.0,limit_touch,stop_loss,-1.0,2023-10-19 13:21:00,2,-9.5,-12.5,-18.5,-54.0,22.5,-0.7832512315270936,-0.5555555555555556,17.8375,3.6159775753328662,609438.0,1.1239106455155308,12.5,18.5,54.0,0.5555555555555556,0.7832512315270936,0.767248115942029
2023-10-20,2023-10-20 11:02:00,2023-10-20 11:15:00,2023-10-20 11:16:00,short,5067.0,5063.0,5075.5,5063.0,4.0,40.0,limit_touch,take_profit,-1.0,2023-10-20 11:02:00,1,-1.5,-9.5,-11.0,-9.5,22.5,-0.41798941798941797,-0.4222222222222222,17.953846153846154,2.9798628963153386,393777.0,1.1664082066853094,9.5,11.0,9.5,0.4222222222222222,0.41798941798941797,0.47855536231884055
2023-10-23,2023-10-23 10:01:00,2023-10-23 10:13:00,2023-10-23 10:14:00,short,5039.0,5036.0,5046.0,5036.0,3.0,30.0,limit_touch,take_profit,-1.0,2023-10-23 10:01:00,1,-3.0,-5.0,-15.5,-22.5,15.0,-0.44680851063829785,-0.3333333333333333,18.257142857142856,1.5884194053208138,183683.0,0.9968200469277789,5.0,15.5,22.5,0.3333333333333333,0.44680851063829785,0.351032536231884
2023-10-23,2023-10-23 10:30:00,2023-10-23 10:40:00,2023-10-23 10:44:00,short,5038.5,5045.5,5045.5,5035.5,-7.0,-70.0,limit_touch,stop_loss,-1.0,2023-10-23 10:30:00,2,-4.0,-2.0,-2.0,-21.5,14.0,-0.38095238095238093,-0.14285714285714285,18.257142857142856,1.6158059467918624,240205.0,0.9363895346159021,2.0,2.0,21.5,0.14285714285714285,0.38095238095238093,0.2325477536231884
2023-10-23,2023-10-23 13:57:00,2023-10-23 14:56:00,2023-10-23 15:19:00,short,5016.5,5023.5,5023.5,5013.5,-7.0,-70.0,limit_touch,stop_loss,-1.0,2023-10-23 13:57:00,3,-4.5,-9.0,-8.5,-49.5,14.0,-0.9180327868852459,-0.6428571428571429,18.257142857142856,3.204225352112676,614357.0,1.0666716747567289,9.0,8.5,49.5,0.6428571428571429,0.9180327868852459,0.7135044202898551
2023-10-24,2023-10-24 10:38:00,2023-10-24 10:42:00,2023-10-24 10:44:00,short,5017.0,5014.0,5024.0,5014.0,3.0,30.0,limit_touch,take_profit,-1.0,2023-10-24 10:38:00,1,-1.0,-14.0,-7.5,-6.0,23.0,-0.375,-0.6086956521739131,18.21,1.372872048325096,281403.0,1.008353947812327,14.0,7.5,6.0,0.6086956521739131,0.375,0.48379434782608693
2023-10-24,2023-10-24 11:00:00,2023-10-24 11:04:00,2023-10-24 11:08:00,short,5012.5,5009.0,5019.5,5009.0,3.5,35.0,limit_touch,take_profit,-1.0,2023-10-24 11:00:00,2,-6.5,-5.5,-10.0,-13.5,33.5,0.3158756137479542,-0.16417910447761194,18.21,1.6749038989566172,373485.0,1.1258126297235915,5.5,10.0,13.5,0.16417910447761194,-0.3158756137479542,0.2985372463768116
2023-10-24,2023-10-24 11:28:00,2023-10-24 11:42:00,2023-10-24 11:44:00,short,5004.5,5001.0,5012.0,5001.0,3.5,35.0,limit_touch,take_profit,-1.0,2023-10-24 11:28:00,3,-1.0,-7.5,-12.5,-24.5,16.5,-0.7877094972067039,-0.45454545454545453,18.21,2.2789676002196595,465656.0,1.1651913424383544,7.5,12.5,24.5,0.45454545454545453,0.7877094972067039,0.527965652173913
2023-10-25,2023-10-25 11:18:00,2023-10-25 11:21:00,2023-10-25 11:30:00,long,5015.0,5018.0,5008.5,5018.0,3.0,30.0,limit_touch,take_profit,1.0,2023-10-25 11:18:00,1,-0.5,10.5,14.0,16.5,24.5,0.6053811659192825,0.42857142857142855,17.849999999999998,1.8487394957983196,356155.0,0.9374626148763827,10.5,14.0,16.5,0.42857142857142855,0.6053811659192825,0.4346353623188406
2023-10-26,2023-10-26 11:14:00,2023-10-26 11:27:00,2023-10-26 11:37:00,long,5015.0,5008.0,5008.0,5018.0,-7.0,-70.0,limit_touch,stop_loss,1.0,2023-10-26 11:14:00,1,3.5,10.0,13.0,13.5,21.0,0.6931818181818182,0.47619047619047616,17.382352941176467,1.7546531302876485,369757.0,0.9947059866626284,10.0,13.0,13.5,0.47619047619047616,0.6931818181818182,0.4443567391304347
2023-10-27,2023-10-27 10:24:00,2023-10-27 10:43:00,2023-10-27 10:50:00,short,4948.0,4945.0,4955.0,4945.0,3.0,30.0,limit_touch,take_profit,-1.0,2023-10-27 10:24:00,1,-11.0,-9.5,-22.5,-54.5,29.5,-0.5555555555555556,-0.3220338983050847,16.958333333333332,3.5970515970515975,273487.0,1.1266599713838108,9.5,22.5,54.5,0.3220338983050847,0.5555555555555556,0.6383284782608696
2023-10-30,2023-10-30 11:31:00,2023-10-30 11:36:00,2023-10-30 11:36:00,long,4999.5,5003.5,4991.0,5003.5,4.0,40.0,limit_touch,take_profit,1.0,2023-10-30 11:31:00,1,2.5,13.0,19.0,10.0,30.0,0.5855263157894737,0.43333333333333335,17.471052631578946,2.031932519957825,374653.0,0.9163373085669739,13.0,19.0,10.0,0.43333333333333335,0.5855263157894737,0.43383021739130434
2023-10-30,2023-10-30 11:50:00,2023-10-30 11:53:00,2023-10-30 11:57:00,long,5018.0,5008.0,5008.0,5022.5,-10.0,-100.0,limit_touch,stop_loss,1.0,2023-10-30 11:50:00,2,21.5,17.5,22.0,24.0,47.5,0.7218124341412012,0.3684210526315789,17.471052631578946,3.4342521464075917,440053.0,0.9923797048965597,17.5,22.0,24.0,0.3684210526315789,0.7218124341412012,0.6122881884057971
2023-10-31,2023-10-31 10:14:00,2023-10-31 10:20:00,2023-10-31 10:24:00,long,5073.5,5078.5,5063.0,5078.5,5.0,50.0,limit_touch,take_profit,1.0,2023-10-31 10:14:00,1,4.5,23.5,27.0,38.0,39.5,0.6635514018691588,0.5949367088607594,17.91,3.4338358458961475,256190.0,1.1777864122185016,23.5,27.0,38.0,0.5949367088607594,0.6635514018691588,0.8356615942028985
2023-11-01,2023-11-01 10:42:00,2023-11-01 10:44:00,2023-11-01 10:45:00,short,5039.5,5036.0,5047.5,5036.0,3.5,35.0,limit_touch,take_profit,-1.0,2023-11-01 10:42:00,1,-3.0,-9.5,-12.0,-20.0,18.5,-0.5094339622641509,-0.5135135135135135,17.935714285714283,1.8120270808442853,303482.0,1.05678756410528,9.5,12.0,20.0,0.5135135135135135,0.5094339622641509,0.5065178260869565
2023-11-01,2023-11-01 11:04:00,2023-11-01 11:06:00,2023-11-01 11:06:00,short,5035.0,5031.5,5043.0,5031.5,3.5,35.0,limit_touch,take_profit,-1.0,2023-11-01 11:04:00,2,-9.5,-3.0,-13.0,-25.0,21.0,-0.34,-0.14285714285714285,17.935714285714283,2.1465551573078456,362364.0,1.0527795458468723,3.0,13.0,25.0,0.14285714285714285,0.34,0.3342923188405797
2023-11-01,2023-11-01 11:23:00,2023-11-01 11:47:00,2023-11-01 11:56:00,short,5033.5,5029.5,5041.5,5029.5,4.0,40.0,limit_touch,take_profit,-1.0,2023-11-01 11:23:00,3,-9.0,-5.0,-12.5,-28.5,20.0,-0.24793388429752067,-0.25,17.935714285714283,2.2859418558343294,411836.0,1.055373522716202,5.0,12.5,28.5,0.25,0.24793388429752067,0.41357992753623185
2023-11-01,2023-11-01 15:00:00,2023-11-01 15:00:00,2023-11-01 15:00:00,short,5017.5,5014.0,5025.0,5014.0,3.5,35.0,limit_touch,take_profit,-1.0,2023-11-01 15:00:00,4,3.0,-3.0,2.0,-37.5,21.0,-0.4827586206896552,-0.14285714285714285,17.935714285714283,3.4567901234567904,674315.0,1.0434494250091761,3.0,-2.0,37.5,0.14285714285714285,0.4827586206896552,0.42568514492753623
2023-11-06,2023-11-06 10:29:00,2023-11-06 10:47:00,2023-11-06 10:48:00,long,4920.5,4923.5,4914.0,4923.5,3.0,30.0,limit_touch,take_profit,1.0,2023-11-06 10:29:00,1,4.0,7.5,10.0,16.5,19.5,0.5337423312883436,0.38461538461538464,17.935714285714283,1.3102349661489447,197210.0,0.7755982117311147,7.5,10.0,16.5,0.38461538461538464,0.5337423312883436,0.30041014492753626
2023-11-06,2023-11-06 13:01:00,2023-11-06 13:10:00,2023-11-06 13:42:00,short,4908.0,4914.5,4914.5,4905.0,-6.5,-65.0,better_open,stop_loss,-1.0,2023-11-06 13:01:00,2,-1.5,-9.5,-9.0,-2.5,22.5,-0.5506607929515418,-0.4222222222222222,17.935714285714283,1.3659896455595382,435777.0,0.8083645225120131,9.5,9.0,2.5,0.4222222222222222,0.5506607929515418,0.2858636956521739
2023-11-07,2023-11-07 10:37:00,2023-11-07 11:37:00,2023-11-07 11:59:00,short,4884.5,4881.5,4891.0,4881.5,3.0,30.0,limit_touch,take_profit,-1.0,2023-11-07 10:37:00,1,-1.5,-2.0,-6.5,-41.5,15.0,-0.225,-0.13333333333333333,17.935714285714283,2.87136598964556,264512.0,0.9612567507507094,2.0,6.5,41.5,0.13333333333333333,0.225,0.38866333333333336
2023-11-08,2023-11-08 10:07:00,2023-11-08 10:12:00,2023-11-08 10:18:00,short,4898.5,4904.0,4904.0,4896.0,-5.5,-55.0,limit_touch,stop_loss,-1.0,2023-11-08 10:07:00,1,-3.0,-7.0,-10.0,-5.5,17.0,-0.43859649122807015,-0.4117647058823529,17.935714285714283,1.1708482676224614,147615.0,0.7390680611181224,7.0,10.0,5.5,0.4117647058823529,0.43859649122807015,0.23010478260869566
2023-11-08,2023-11-08 11:17:00,2023-11-08 11:21:00,2023-11-08 11:24:00,short,4897.5,4895.0,4903.0,4895.0,2.5,25.0,limit_touch,take_profit,-1.0,2023-11-08 11:17:00,2,-5.0,-2.5,-10.0,-6.0,16.5,-0.2546583850931677,-0.15151515151515152,17.935714285714283,1.2266029470330548,263993.0,0.7027234583428995,2.5,10.0,6.0,0.15151515151515152,0.2546583850931677,0.08260927536231884
2023-11-08,2023-11-08 11:38:00,2023-11-08 12:01:00,2023-11-08 12:21:00,short,4891.0,4897.0,4897.0,4888.5,-6.0,-60.0,limit_touch,stop_loss,-1.0,2023-11-08 11:38:00,3,-5.0,-11.0,-12.5,-14.5,16.0,-0.8979591836734694,-0.6875,17.935714285714283,1.7283950617283952,308963.0,0.7366453627210822,11.0,12.5,14.5,0.6875,0.8979591836734694,0.4503135507246377
2023-11-09,2023-11-09 10:08:00,2023-11-09 10:10:00,2023-11-09 10:13:00,short,4912.5,4918.0,4918.0,4910.0,-5.5,-55.0,limit_touch,stop_loss,-1.0,2023-11-09 10:08:00,1,-6.5,-5.5,-10.5,-10.0,17.5,-0.477124183006536,-0.3142857142857143,16.98,1.1778563015312131,131963.0,0.6560291106714079,5.5,10.5,10.0,0.3142857142857143,0.477124183006536,0.1811373913043478
2023-11-09,2023-11-09 11:47:00,2023-11-09 12:00:00,2023-11-09 12:06:00,short,4910.5,4916.5,4916.5,4908.0,-6.0,-60.0,limit_touch,stop_loss,-1.0,2023-11-09 11:47:00,2,-7.0,-8.5,-4.5,-15.5,21.5,-0.5515151515151515,-0.3953488372093023,16.98,1.3545347467608952,314190.0,0.7241338897495263,8.5,4.5,15.5,0.3953488372093023,0.5515151515151515,0.3060088405797102
2023-11-09,2023-11-09 14:39:00,2023-11-09 15:00:00,2023-11-09 15:01:00,long,4922.5,4925.0,4917.0,4925.0,2.5,25.0,limit_touch,take_profit,1.0,2023-11-09 14:39:00,3,2.0,9.0,11.5,5.5,12.0,0.9411764705882353,0.75,16.98,1.4134275618374559,475514.0,0.7596640642348547,9.0,11.5,5.5,0.75,0.9411764705882353,0.36776869565217396
2023-11-10,2023-11-10 10:54:00,2023-11-10 11:18:00,2023-11-10 11:28:00,short,4935.0,4932.0,4942.0,4932.0,3.0,30.0,limit_touch,take_profit,-1.0,2023-11-10 10:54:00,1,1.0,-3.0,-5.5,-18.5,22.0,-0.1188118811881188,-0.13636363636363635,16.9,2.4556213017751483,251778.0,0.8025782928866638,3.0,5.5,18.5,0.13636363636363635,0.1188118811881188,0.2308496376811594
2023-11-13,2023-11-13 10:43:00,2023-11-13 11:20:00,2023-11-13 11:21:00,long,4944.0,4946.5,4938.5,4946.5,2.5,25.0,limit_touch,take_profit,1.0,2023-11-13 10:43:00,1,3.0,4.5,11.5,31.5,16.5,0.3939393939393939,0.2727272727272727,16.8,2.083333333333333,193163.0,0.6800756582394754,4.5,11.5,31.5,0.2727272727272727,0.3939393939393939,0.32117695652173917
2023-11-13,2023-11-13 13:18:00,2023-11-13 14:29:00,2023-11-13 14:40:00,short,4925.5,4923.0,4930.5,4923.0,2.5,25.0,limit_touch,take_profit_gap_open,-1.0,2023-11-13 13:18:00,2,-3.5,-7.5,-11.5,-3.0,14.5,-0.8206896551724138,-0.5172413793103449,16.8,2.142857142857143,394869.0,0.7219657513197387,7.5,11.5,3.0,0.5172413793103449,0.8206896551724138,0.3198427536231884
2023-11-14,2023-11-14 10:15:00,2023-11-14 10:26:00,2023-11-14 10:30:00,short,4900.5,4904.5,4904.5,4898.5,-4.0,-40.0,limit_touch,stop_loss,-1.0,2023-11-14 10:15:00,1,-2.0,-8.5,-12.0,-11.0,19.5,-0.6842105263157895,-0.4358974358974359,16.0875,1.2742812742812744,137375.0,0.6408961489314354,8.5,12.0,11.0,0.4358974358974359,0.6842105263157895,0.2833934057971014
2023-11-14,2023-11-14 10:34:00,2023-11-14 10:51:00,2023-11-14 10:52:00,short,4871.5,4868.5,4877.5,4868.5,3.0,30.0,limit_touch,take_profit,-1.0,2023-11-14 10:34:00,2,-39.5,-38.0,-41.0,-47.5,52.0,-0.9839622641509433,-0.7307692307692307,16.0875,3.6985236985236987,207686.0,0.8012368505064008,38.0,41.0,47.5,0.7307692307692307,0.9839622641509433,0.8173753623188406
2023-11-16,2023-11-16 10:39:00,2023-11-16 10:39:00,2023-11-16 10:39:00,short,4856.5,4853.5,4862.5,4853.5,3.0,30.0,limit_touch,take_profit,-1.0,2023-11-16 10:39:00,1,0.0,-8.5,-10.0,-16.0,26.5,-0.46229508196721314,-0.32075471698113206,16.28333333333333,1.535312180143296,202822.0,0.7463796875738871,8.5,10.0,16.0,0.32075471698113206,0.46229508196721314,0.2953603623188406
2023-11-16,2023-11-16 10:52:00,2023-11-16 11:00:00,2023-11-16 11:04:00,short,4852.5,4858.5,4858.5,4849.5,-6.0,-60.0,limit_touch,stop_loss,-1.0,2023-11-16 10:52:00,2,-3.0,-7.0,-17.5,-25.5,20.0,-0.6771653543307087,-0.35,16.28333333333333,1.8423746161719552,240366.0,0.7906442979459912,7.0,17.5,25.5,0.35,0.6771653543307087,0.3591994202898551
2023-11-16,2023-11-16 13:43:00,2023-11-16 14:11:00,2023-11-16 14:26:00,long,4882.5,4875.5,4875.5,4885.5,-7.0,-70.0,limit_touch,stop_loss,1.0,2023-11-16 13:43:00,3,3.5,7.5,17.5,20.0,20.5,0.4658385093167702,0.36585365853658536,16.28333333333333,3.070624360286592,521596.0,0.9229473163676566,7.5,17.5,20.0,0.36585365853658536,0.4658385093167702,0.4264892028985507
2023-11-17,2023-11-17 10:51:00,2023-11-17 11:02:00,2023-11-17 11:06:00,long,4892.5,4895.5,4886.0,4895.5,3.0,30.0,limit_touch,take_profit,1.0,2023-11-17 10:51:00,1,1.5,11.0,10.0,39.0,22.0,0.6025641025641025,0.5,16.155,2.847415660786134,285365.0,0.951481389933377,11.0,10.0,39.0,0.5,0.6025641025641025,0.6330557971014492
2023-11-17,2023-11-17 12:13:00,2023-11-17 14:14:00,2023-11-17 14:25:00,long,4897.0,4900.0,4890.0,4900.0,3.0,30.0,limit_touch,take_profit,1.0,2023-11-17 12:13:00,2,6.5,6.0,6.5,45.5,17.0,0.3380281690140845,0.35294117647058826,16.155,3.218817703497369,428837.0,0.9154736494922243,6.0,6.5,45.5,0.35294117647058826,0.3380281690140845,0.5083826086956522
2023-11-20,2023-11-20 12:47:00,2023-11-20 14:51:00,2023-11-20 14:57:00,short,4874.5,4872.0,4880.0,4872.0,2.5,25.0,limit_touch,take_profit,-1.0,2023-11-20 12:47:00,1,-3.0,-3.5,-3.5,-36.0,16.5,-0.44144144144144143,-0.21212121212121213,16.336363636363636,2.9994435169727325,293751.0,0.5770607021264377,3.5,3.5,36.0,0.21212121212121213,0.44144144144144143,0.33804108695652174
2023-11-21,2023-11-21 10:15:00,2023-11-21 10:26:00,2023-11-21 10:34:00,long,4878.5,4881.0,4873.0,4881.0,2.5,25.0,limit_touch,take_profit,1.0,2023-11-21 10:15:00,1,6.5,9.5,14.5,31.5,15.5,0.7802197802197802,0.6129032258064516,16.4625,2.490508731966591,184246.0,0.8793450371886311,9.5,14.5,31.5,0.6129032258064516,0.7802197802197802,0.575166884057971
2023-11-22,2023-11-22 14:51:00,2023-11-22 14:58:00,2023-11-22 15:03:00,long,4913.5,4907.0,4907.0,4916.5,-6.5,-65.0,limit_touch,stop_loss,1.0,2023-11-22 14:51:00,1,7.5,18.0,24.5,16.0,34.0,0.5062761506276151,0.5294117647058824,16.673076923076923,2.549019607843137,606411.0,0.9720716671843439,18.0,24.5,16.0,0.5294117647058824,0.5062761506276151,0.6070967391304348
2023-11-24,2023-11-24 10:01:00,2023-11-24 10:06:00,2023-11-24 10:09:00,short,4890.5,4888.5,4895.0,4888.5,2.0,20.0,limit_touch,take_profit,-1.0,2023-11-24 10:01:00,1,-10.5,-16.0,-20.0,-17.0,21.0,-0.935672514619883,-0.7619047619047619,15.75,1.4285714285714286,123781.0,0.7214037945175581,16.0,20.0,17.0,0.7619047619047619,0.935672514619883,0.5189002898550724
2023-11-24,2023-11-24 12:51:00,2023-11-24 13:02:00,2023-11-24 13:09:00,long,4902.5,4905.0,4897.5,4905.0,2.5,25.0,limit_touch,take_profit,1.0,2023-11-24 12:51:00,2,4.5,10.5,12.0,-0.5,13.5,0.9240506329113924,0.7777777777777778,15.75,1.492063492063492,379601.0,0.7560751002080696,10.5,12.0,-0.5,0.7777777777777778,0.9240506329113924,0.3848513768115942
2023-11-27,2023-11-27 10:53:00,2023-11-27 11:05:00,2023-11-27 11:05:00,short,4882.0,4880.0,4887.0,4880.0,2.0,20.0,limit_touch,take_profit,-1.0,2023-11-27 10:53:00,1,-1.0,-3.5,-5.0,-27.0,14.5,-0.5238095238095238,-0.2413793103448276,15.206249999999999,2.3345663789560214,232996.0,0.7811459641551779,3.5,5.0,27.0,0.2413793103448276,0.5238095238095238,0.30197507246376815
2023-11-27,2023-11-27 12:24:00,2023-11-27 13:27:00,2023-11-27 13:31:00,long,4910.5,4913.0,4904.5,4913.0,2.5,25.0,limit_touch,take_profit,1.0,2023-11-27 12:24:00,2,-0.5,10.0,18.0,16.5,21.0,0.6172839506172839,0.47619047619047616,15.206249999999999,3.2881216605014387,414373.0,0.8761643968275454,10.0,18.0,16.5,0.47619047619047616,0.6172839506172839,0.47887891304347824
2023-11-28,2023-11-28 10:49:00,2023-11-28 10:51:00,2023-11-28 10:52:00,long,4903.0,4905.5,4897.5,4905.5,2.5,25.0,limit_touch,take_profit,1.0,2023-11-28 10:49:00,1,16.0,19.0,14.0,9.0,25.0,0.9358974358974359,0.76,15.194117647058823,1.7770034843205575,274833.0,0.9541776046664376,19.0,14.0,9.0,0.76,0.9358974358974359,0.5747776811594202
2023-11-28,2023-11-28 12:40:00,2023-11-28 14:34:00,2023-11-28 14:40:00,short,4871.5,4868.5,4878.5,4868.5,3.0,30.0,limit_touch,take_profit,-1.0,2023-11-28 12:40:00,2,-10.0,-14.0,-14.5,-37.5,24.0,-0.8543046357615894,-0.5833333333333334,15.194117647058823,3.356562137049942,535786.0,1.096993732763051,14.0,14.5,37.5,0.5833333333333334,0.8543046357615894,0.7421358695652174
2023-11-29,2023-11-29 10:14:00,2023-11-29 10:30:00,2023-11-29 10:31:00,long,4892.5,4887.5,4887.5,4895.0,-5.0,-50.0,limit_touch,stop_loss,1.0,2023-11-29 10:14:00,1,3.0,14.0,19.5,25.0,22.0,0.8053097345132744,0.6363636363636364,15.2,2.4342105263157894,171020.0,0.8375368522091736,14.0,19.5,25.0,0.6363636363636364,0.8053097345132744,0.5988296376811595
2023-11-29,2023-11-29 11:18:00,2023-11-29 11:31:00,2023-11-29 11:39:00,long,4895.0,4889.5,4889.5,4897.5,-5.5,-55.0,limit_touch,stop_loss,1.0,2023-11-29 11:18:00,2,2.0,2.5,0.5,29.0,14.5,0.32710280373831774,0.1724137931034483,15.2,2.6644736842105265,319687.0,0.9000599125861852,2.5,0.5,29.0,0.1724137931034483,0.32710280373831774,0.32441855072463766
2023-11-30,2023-11-30 10:15:00,2023-11-30 10:19:00,2023-11-30 10:25:00,long,4952.0,4944.5,4944.5,4955.5,-7.5,-75.0,limit_touch,stop_loss,1.0,2023-11-30 10:15:00,1,4.5,12.5,10.5,28.0,20.5,0.5973154362416108,0.6097560975609756,15.071052631578947,2.0569233455561378,207979.0,1.008719677759123,12.5,10.5,28.0,0.6097560975609756,0.5973154362416108,0.6267573913043479
2023-11-30,2023-11-30 11:45:00,2023-11-30 11:54:00,2023-11-30 12:14:00,long,4952.0,4944.0,4944.0,4956.0,-8.0,-80.0,limit_touch,stop_loss,1.0,2023-11-30 11:45:00,2,-1.5,5.5,13.0,25.0,20.5,0.2698412698412698,0.2682926829268293,15.071052631578947,2.0900995285489787,441674.0,1.0892744216922317,5.5,13.0,25.0,0.2682926829268293,0.2698412698412698,0.4085305797101449
2023-12-01,2023-12-01 10:07:00,2023-12-01 10:19:00,2023-12-01 10:39:00,long,4933.5,4936.5,4927.0,4936.5,3.0,30.0,limit_touch,take_profit,1.0,2023-12-01 10:07:00,1,2.5,3.5,8.0,12.5,14.5,0.2345679012345679,0.2413793103448276,14.79,1.4874915483434754,123493.0,0.6662247694650713,3.5,8.0,12.5,0.2413793103448276,0.2345679012345679,0.15640289855072464
2023-12-01,2023-12-01 11:03:00,2023-12-01 11:35:00,2023-12-01 11:47:00,long,4942.0,4936.0,4936.0,4945.0,-6.0,-60.0,limit_touch,stop_loss,1.0,2023-12-01 11:03:00,2,3.0,9.0,14.5,23.0,12.0,0.8484848484848485,0.75,14.79,2.231237322515213,214960.0,0.6754095943185493,9.0,14.5,23.0,0.75,0.8484848484848485,0.4977796376811594
2023-12-01,2023-12-01 12:20:00,2023-12-01 12:25:00,2023-12-01 12:27:00,short,4919.5,4916.5,4926.5,4916.5,3.0,30.0,limit_touch,take_profit,-1.0,2023-12-01 12:20:00,3,-7.0,-16.0,-28.5,-15.0,37.0,-0.610909090909091,-0.43243243243243246,14.79,2.7383367139959436,385000.0,0.8318469320980995,16.0,28.5,15.0,0.43243243243243246,0.610909090909091,0.5038155797101449
2023-12-04,2023-12-04 10:49:00,2023-12-04 10:54:00,2023-12-04 10:59:00,long,4916.5,4919.0,4910.5,4919.0,2.5,25.0,limit_touch,take_profit,1.0,2023-12-04 10:49:00,1,3.5,3.5,14.0,12.5,17.5,0.23809523809523808,0.2,14.79,1.250845165652468,167676.0,0.587689455773193,3.5,14.0,12.5,0.2,0.23809523809523808,0.1358589855072464
2023-12-04,2023-12-04 11:25:00,2023-12-04 11:36:00,2023-12-04 11:36:00,long,4923.5,4926.0,4917.5,4926.0,2.5,25.0,limit_touch,take_profit,1.0,2023-12-04 11:25:00,2,1.5,11.0,13.0,23.0,15.0,0.8305084745762712,0.7333333333333333,14.79,1.8931710615280597,224093.0,0.6123606438650008,11.0,13.0,23.0,0.7333333333333333,0.8305084745762712,0.5052357246376812
2023-12-04,2023-12-04 11:57:00,2023-12-04 12:01:00,2023-12-04 12:10:00,long,4924.5,4927.0,4918.5,4927.0,2.5,25.0,limit_touch,take_profit,1.0,2023-12-04 11:57:00,3,2.0,2.5,1.5,22.5,12.5,0.13846153846153847,0.2,14.79,1.9607843137254903,266999.0,0.6285608774083545,2.5,1.5,22.5,0.2,0.13846153846153847,0.21935760869565218
2023-12-05,2023-12-05 12:04:00,2023-12-05 12:05:00,2023-12-05 12:06:00,short,4954.5,4951.0,4961.5,4951.0,3.5,35.0,limit_touch,take_profit,-1.0,2023-12-05 12:04:00,1,-20.5,-19.0,-18.5,-14.5,30.0,-0.9555125725338491,-0.6333333333333333,14.79,2.1974306964164976,440778.0,1.0111998419194914,19.0,18.5,14.5,0.6333333333333333,0.9555125725338491,0.6310674637681158
2023-12-05,2023-12-05 14:12:00,2023-12-05 14:44:00,2023-12-05 14:46:00,short,4952.5,4949.0,4960.0,4949.0,3.5,35.0,limit_touch,take_profit,-1.0,2023-12-05 14:12:00,2,-6.0,-17.5,-15.0,-18.5,19.5,-0.9620853080568721,-0.8974358974358975,14.79,2.40027045300879,656705.0,1.1367219884272877,17.5,15.0,18.5,0.8974358974358975,0.9620853080568721,0.7073958695652174
2023-12-06,2023-12-06 10:30:00,2023-12-06 10:35:00,2023-12-06 10:38:00,short,4919.0,4916.5,4924.5,4916.5,2.5,25.0,limit_touch,take_profit,-1.0,2023-12-06 10:30:00,1,-3.0,-11.0,-8.5,-14.5,27.0,-0.4647887323943662,-0.4074074074074074,14.79,1.1832319134550373,175940.0,0.7496190444878068,11.0,8.5,14.5,0.4074074074074074,0.4647887323943662,0.34088797101449275
2023-12-06,2023-12-06 11:27:00,2023-12-06 11:47:00,2023-12-06 11:50:00,short,4906.0,4903.5,4912.0,4903.5,2.5,25.0,limit_touch,take_profit,-1.0,2023-12-06 11:27:00,2,-4.0,-12.5,-15.0,-29.5,21.5,-0.8057142857142857,-0.5813953488372093,14.79,2.3326572008113593,284374.0,0.776953481940942,12.5,15.0,29.5,0.5813953488372093,0.8057142857142857,0.5728413768115943
2023-12-07,2023-12-07 10:05:00,2023-12-07 10:12:00,2023-12-07 10:23:00,short,4897.5,4895.0,4902.5,4895.0,2.5,25.0,limit_touch,take_profit,-1.0,2023-12-07 10:05:00,1,-4.5,-10.5,-21.0,-15.0,21.5,-0.7391304347826086,-0.4883720930232558,14.79,2.028397565922921,158378.0,0.888645499863795,10.5,21.0,15.0,0.4883720930232558,0.7391304347826086,0.4432513768115942
2023-12-07,2023-12-07 11:49:00,2023-12-07 12:00:00,2023-12-07 12:09:00,long,4916.5,4919.0,4911.0,4919.0,2.5,25.0,limit_touch,take_profit,1.0,2023-12-07 11:49:00,2,4.0,10.0,19.5,16.5,15.0,0.9166666666666666,0.6666666666666666,14.79,2.3664638269100746,376056.0,0.9209008840678852,10.0,19.5,16.5,0.6666666666666666,0.9166666666666666,0.5221555072463768
2023-12-08,2023-12-08 10:16:00,2023-12-08 10:26:00,2023-12-08 10:28:00,long,4921.5,4924.0,4916.5,4924.0,2.5,25.0,limit_touch,take_profit,1.0,2023-12-08 10:16:00,1,5.0,5.5,9.0,18.5,10.5,0.6744186046511628,0.5238095238095238,14.79,1.4874915483434754,120786.0,0.5892107782459435,5.5,9.0,18.5,0.5238095238095238,0.6744186046511628,0.31911384057971015
2023-12-08,2023-12-08 11:27:00,2023-12-08 11:31:00,2023-12-08 11:31:00,long,4935.0,4938.5,4928.0,4938.5,3.5,35.0,limit_touch,take_profit,1.0,2023-12-08 11:27:00,2,8.5,6.5,19.5,38.0,18.5,0.5668789808917197,0.35135135135135137,14.79,2.704530087897228,352293.0,0.9633529834570075,6.5,19.5,38.0,0.35135135135135137,0.5668789808917197,0.49614978260869563
2023-12-11,2023-12-11 10:44:00,2023-12-11 10:58:00,2023-12-11 11:02:00,long,4959.0,4953.0,4953.0,4961.5,-6.0,-60.0,better_open,stop_loss,1.0,2023-12-11 10:44:00,1,2.0,4.5,17.5,20.5,13.5,0.6842105263157895,0.3333333333333333,14.325,2.094240837696335,199730.0,0.739272762828222,4.5,17.5,20.5,0.3333333333333333,0.6842105263157895,0.28887963768115943
2023-12-12,2023-12-12 10:21:00,2023-12-12 10:22:00,2023-12-12 10:25:00,long,4942.0,4937.0,4937.0,4944.5,-5.0,-50.0,limit_touch,stop_loss,1.0,2023-12-12 10:21:00,1,5.5,6.0,3.5,11.0,17.0,0.6029411764705882,0.35294117647058826,13.564285714285715,1.3638757240652974,141644.0,0.6667681362495901,6.0,3.5,11.0,0.35294117647058826,0.6029411764705882,0.21437927536231882
2023-12-12,2023-12-12 10:46:00,2023-12-12 10:49:00,2023-12-12 10:54:00,long,4945.5,4948.0,4940.0,4948.0,2.5,25.0,limit_touch,take_profit,1.0,2023-12-12 10:46:00,2,2.0,17.5,9.5,15.0,24.5,0.9269102990033222,0.7142857142857143,13.564285714285715,1.732490784623486,233728.0,0.857153492347573,17.5,9.5,15.0,0.7142857142857143,0.9269102990033222,0.5589491304347826
2023-12-12,2023-12-12 11:17:00,2023-12-12 11:20:00,2023-12-12 11:28:00,long,4947.0,4949.5,4941.0,4949.5,2.5,25.0,limit_touch,take_profit,1.0,2023-12-12 11:17:00,3,7.5,3.5,-0.5,16.5,25.5,0.2529182879377432,0.13725490196078433,13.564285714285715,1.8799368088467614,302462.0,0.8796312587810589,3.5,-0.5,16.5,0.13725490196078433,0.2529182879377432,0.21978478260869566
2023-12-12,2023-12-12 11:45:00,2023-12-12 12:04:00,2023-12-12 12:07:00,long,4956.5,4959.0,4950.5,4959.0,2.5,25.0,limit_touch,take_profit,1.0,2023-12-12 11:45:00,4,3.0,10.0,15.5,28.5,18.0,0.7538461538461538,0.5555555555555556,13.564285714285715,2.8014744602422326,361189.0,0.9065508071275336,10.0,15.5,28.5,0.5555555555555556,0.7538461538461538,0.5723971739130435
2023-12-12,2023-12-12 12:36:00,2023-12-12 13:00:00,2023-12-12 13:15:00,long,4959.0,4962.0,4953.0,4962.0,3.0,30.0,limit_touch,take_profit,1.0,2023-12-12 12:36:00,5,2.5,4.0,9.0,33.0,15.0,0.05172413793103448,0.26666666666666666,13.564285714285715,3.0226434965771456,433248.0,0.9008531269243284,4.0,9.0,33.0,0.26666666666666666,0.05172413793103448,0.39418311594202904
2023-12-13,2023-12-13 10:24:00,2023-12-13 10:30:00,2023-12-13 10:34:00,long,4973.5,4976.0,4968.0,4976.0,2.5,25.0,limit_touch,take_profit_gap_open,1.0,2023-12-13 10:24:00,1,4.5,9.0,18.5,12.0,18.0,0.515625,0.5,13.7625,2.1798365122615806,171980.0,0.7957411177792169,9.0,18.5,12.0,0.5,0.515625,0.39180891304347826
2023-12-13,2023-12-13 12:03:00,2023-12-13 12:07:00,2023-12-13 12:11:00,short,4957.0,4954.5,4963.0,4954.5,2.5,25.0,limit_touch,take_profit,-1.0,2023-12-13 12:03:00,2,-3.5,-6.0,-18.0,-15.5,20.0,-0.39759036144578314,-0.3,13.7625,2.3251589464123525,354097.0,0.8254682141535856,6.0,18.0,15.5,0.3,0.39759036144578314,0.30068420289855075
2023-12-14,2023-12-14 10:36:00,2023-12-14 10:39:00,2023-12-14 10:43:00,long,4904.0,4895.5,4895.5,4908.0,-8.5,-85.0,limit_touch,stop_loss,1.0,2023-12-14 10:36:00,1,-0.5,11.0,17.5,21.5,20.0,0.7244094488188977,0.55,14.333333333333334,2.127906976744186,253418.0,1.0336157537847097,11.0,17.5,21.5,0.55,0.7244094488188977,0.5633240579710146
2023-12-14,2023-12-14 11:50:00,2023-12-14 11:58:00,2023-12-14 12:16:00,short,4888.5,4897.0,4897.0,4884.5,-8.5,-85.0,limit_touch,stop_loss,-1.0,2023-12-14 11:50:00,2,-4.0,-14.5,-21.5,-1.5,23.5,-0.8167330677290837,-0.6170212765957447,14.333333333333334,2.1627906976744184,423911.0,1.0484390683256697,14.5,21.5,1.5,0.6170212765957447,0.8167330677290837,0.5335776811594203
2023-12-15,2023-12-15 10:19:00,2023-12-15 10:30:00,2023-12-15 10:31:00,long,4937.5,4940.5,4931.0,4940.5,3.0,30.0,limit_touch,take_profit,1.0,2023-12-15 10:19:00,1,3.0,-1.5,7.0,31.5,12.5,-0.38666666666666666,-0.12,14.145,2.9338989042064334,173399.0,0.8471614675129536,-1.5,7.0,31.5,-0.12,-0.38666666666666666,0.2803701449275362
2023-12-15,2023-12-15 10:39:00,2023-12-15 10:51:00,2023-12-15 10:55:00,long,4942.0,4945.0,4935.5,4945.0,3.0,30.0,limit_touch,take_profit,1.0,2023-12-15 10:39:00,2,3.0,7.5,6.0,37.5,30.5,0.23733333333333334,0.2459016393442623,14.145,3.35807705903146,243254.0,0.9599885079524483,7.5,6.0,37.5,0.2459016393442623,0.23733333333333334,0.4950747826086957
2023-12-18,2023-12-18 10:26:00,2023-12-18 10:29:00,2023-12-18 10:32:00,long,4949.0,4943.5,4943.5,4951.5,-5.5,-55.0,limit_touch,stop_loss,1.0,2023-12-18 10:26:00,1,4.0,9.0,8.0,11.5,16.0,0.7972972972972973,0.5625,14.154545454545454,1.165703275529865,143058.0,0.6524568304563773,9.0,8.0,11.5,0.5625,0.7972972972972973,0.3377758695652174
2023-12-18,2023-12-18 10:49:00,2023-12-18 10:51:00,2023-12-18 11:04:00,short,4935.5,4941.0,4941.0,4933.0,-5.5,-55.0,limit_touch,stop_loss,-1.0,2023-12-18 10:49:00,2,-9.5,-10.5,-15.5,-9.0,27.5,-0.6436363636363637,-0.38181818181818183,14.154545454545454,1.6602440590879897,203429.0,0.7333492791832936,10.5,15.5,9.0,0.38181818181818183,0.6436363636363637,0.3106556521739131
2023-12-19,2023-12-19 10:37:00,2023-12-19 11:25:00,2023-12-19 11:42:00,short,4868.0,4865.0,4874.5,4865.0,3.0,30.0,limit_touch,take_profit,-1.0,2023-12-19 10:37:00,1,0.0,-5.0,-2.0,-25.0,14.0,-0.5142857142857142,-0.35714285714285715,14.5125,2.5839793281653747,228111.0,0.9194468134132263,5.0,2.0,25.0,0.35714285714285715,0.5142857142857142,0.39472847826086954
2023-12-19,2023-12-19 12:58:00,2023-12-19 13:50:00,2023-12-19 14:06:00,short,4863.0,4860.5,4869.0,4860.5,2.5,25.0,limit_touch,take_profit,-1.0,2023-12-19 12:58:00,2,-4.0,-6.0,-13.5,-35.5,16.0,-0.6326530612244898,-0.375,14.5125,3.0318690783807063,402763.0,0.7966506741692155,6.0,13.5,35.5,0.375,0.6326530612244898,0.44594376811594205
2023-12-20,2023-12-20 11:19:00,2023-12-20 11:23:00,2023-12-20 11:38:00,long,4870.0,4872.0,4865.5,4872.0,2.0,20.0,limit_touch,take_profit,1.0,2023-12-20 11:19:00,1,3.5,6.0,9.0,2.5,12.0,0.7333333333333333,0.5,14.46923076923077,1.3822434875066454,199782.0,0.5812848969663583,6.0,9.0,2.5,0.5,0.7333333333333333,0.23668260869565216
2023-12-20,2023-12-20 12:13:00,2023-12-20 12:27:00,2023-12-20 12:51:00,long,4875.0,4877.5,4870.0,4877.5,2.5,25.0,limit_touch,take_profit,1.0,2023-12-20 12:13:00,2,5.0,2.5,6.5,10.0,15.5,0.23076923076923078,0.16129032258064516,14.46923076923077,1.8314726209463053,278134.0,0.623060826764789,2.5,6.5,10.0,0.16129032258064516,0.23076923076923078,0.1264745652173913
2023-12-20,2023-12-20 13:00:00,2023-12-20 13:05:00,2023-12-20 13:11:00,long,4875.5,4877.5,4871.0,4877.5,2.0,20.0,limit_touch,take_profit,1.0,2023-12-20 13:00:00,3,4.0,6.5,6.0,10.5,12.5,0.3442622950819672,0.52,14.46923076923077,1.9005847953216375,315345.0,0.6227673202234033,6.5,6.0,10.5,0.52,0.3442622950819672,0.31183
2023-12-21,2023-12-21 10:30:00,2023-12-21 10:30:00,2023-12-21 10:31:00,long,4894.0,4897.0,4887.5,4897.0,3.0,30.0,limit_touch,take_profit,1.0,2023-12-21 10:30:00,1,-0.5,3.0,16.0,7.5,21.0,0.27906976744186046,0.14285714285714285,14.764285714285714,1.4223512336719883,154569.0,0.6868486830167858,3.0,16.0,7.5,0.14285714285714285,0.27906976744186046,0.09884855072463768
2023-12-21,2023-12-21 10:41:00,2023-12-21 10:43:00,2023-12-21 11:00:00,short,4882.0,4879.0,4889.0,4879.0,3.0,30.0,limit_touch,take_profit,-1.0,2023-12-21 10:41:00,2,-8.0,-18.5,-11.0,-10.0,33.5,-0.6808988764044944,-0.5522388059701493,14.764285714285714,1.5578132559264635,201678.0,0.7864978516816004,18.5,11.0,10.0,0.5522388059701493,0.6808988764044944,0.4762523913043478
2023-12-21,2023-12-21 11:02:00,2023-12-21 11:09:00,2023-12-21 11:24:00,short,4880.5,4877.5,4887.0,4877.5,3.0,30.0,limit_touch,take_profit,-1.0,2023-12-21 11:02:00,3,-4.5,-7.0,-18.0,-10.5,17.0,-0.46875,-0.4117647058823529,14.764285714285714,1.6594097726173198,247433.0,0.8128464293074512,7.0,18.0,10.5,0.4117647058823529,0.46875,0.28811434782608697
2023-12-21,2023-12-21 11:38:00,2023-12-21 11:47:00,2023-12-21 12:06:00,short,4874.5,4881.5,4881.5,4871.5,-7.0,-70.0,limit_touch,stop_loss,-1.0,2023-12-21 11:38:00,4,-1.5,-14.0,-10.5,-19.0,22.0,-0.75,-0.6363636363636364,14.764285714285714,2.20125786163522,315287.0,0.8303134946736691,14.0,10.5,19.0,0.6363636363636364,0.75,0.5505531159420289
2023-12-21,2023-12-21 13:31:00,2023-12-21 13:58:00,2023-12-21 14:08:00,short,4872.5,4879.0,4879.0,4869.5,-6.5,-65.0,limit_touch,stop_gap_open,-1.0,2023-12-21 13:31:00,5,-2.0,-3.0,-3.5,-20.0,17.0,-0.3877551020408163,-0.17647058823529413,14.764285714285714,2.4044508950169328,453434.0,0.8428649385120924,3.0,3.5,20.0,0.17647058823529413,0.3877551020408163,0.25728826086956524
2023-12-22,2023-12-22 10:01:00,2023-12-22 10:04:00,2023-12-22 10:07:00,short,4865.5,4863.0,4871.5,4863.0,2.5,25.0,limit_touch,take_profit,-1.0,2023-12-22 10:01:00,1,-6.5,-7.5,-16.0,-10.0,20.5,-0.5737704918032787,-0.36585365853658536,14.489999999999998,1.2422360248447206,97885.0,0.613913961522581,7.5,16.0,10.0,0.36585365853658536,0.5737704918032787,0.23321057971014492
2023-12-22,2023-12-22 10:09:00,2023-12-22 10:15:00,2023-12-22 10:28:00,short,4864.5,4862.0,4870.5,4862.0,2.5,25.0,limit_touch,take_profit,-1.0,2023-12-22 10:09:00,2,-3.0,-6.0,-7.5,-10.5,23.0,-0.48695652173913045,-0.2608695652173913,14.489999999999998,1.3457556935817807,110117.0,0.614841867375279,6.0,7.5,10.5,0.2608695652173913,0.48695652173913045,0.18251876811594206
2023-12-22,2023-12-22 11:32:00,2023-12-22 11:33:00,2023-12-22 11:47:00,short,4863.0,4868.5,4868.5,4860.5,-5.5,-55.0,limit_touch,stop_loss,-1.0,2023-12-22 11:32:00,3,-2.0,-8.0,-5.5,-11.5,14.0,-0.7333333333333333,-0.5714285714285714,14.489999999999998,1.4837819185645273,221779.0,0.6044177638068008,8.0,5.5,11.5,0.5714285714285714,0.7333333333333333,0.334828115942029
2023-12-22,2023-12-22 12:06:00,2023-12-22 12:26:00,2023-12-22 12:33:00,short,4858.0,4864.0,4864.0,4855.0,-6.0,-60.0,limit_touch,stop_loss,-1.0,2023-12-22 12:06:00,4,-7.0,-9.5,-7.5,-16.5,14.5,-0.8217821782178217,-0.6551724137931034,14.489999999999998,1.9323671497584543,269463.0,0.6234791209935387,9.5,7.5,16.5,0.6551724137931034,0.8217821782178217,0.43620942028985504
2023-12-26,2023-12-26 10:00:00,2023-12-26 10:04:00,2023-12-26 10:05:00,short,4845.5,4843.0,4850.5,4843.0,2.5,25.0,limit_touch,take_profit,-1.0,2023-12-26 10:00:00,1,-10.0,-9.0,-2.0,-4.5,23.0,-0.6197183098591549,-0.391304347826087,14.19375,1.197710259797446,91083.0,0.5900887403853785,9.0,2.0,4.5,0.391304347826087,0.6197183098591549,0.24146202898550728
2023-12-26,2023-12-26 10:32:00,2023-12-26 10:35:00,2023-12-26 10:37:00,short,4841.0,4846.0,4846.0,4838.5,-5.0,-50.0,limit_touch,stop_loss,-1.0,2023-12-26 10:32:00,2,-1.0,-3.0,-4.5,-9.0,22.0,-0.43537414965986393,-0.13636363636363635,14.19375,1.6204315279612507,136650.0,0.5947398276204748,3.0,4.5,9.0,0.13636363636363635,0.43537414965986393,0.10986507246376812
2023-12-26,2023-12-26 10:59:00,2023-12-26 11:04:00,2023-12-26 11:06:00,short,4839.0,4836.5,4844.5,4836.5,2.5,25.0,limit_touch,take_profit,-1.0,2023-12-26 10:59:00,3,-5.5,-10.0,-6.0,-13.5,13.0,-0.7272727272727273,-0.7692307692307693,14.19375,1.796565389696169,172983.0,0.5901741361074168,10.0,6.0,13.5,0.7692307692307693,0.7272727272727273,0.43485021739130436
2023-12-27,2023-12-27 10:00:00,2023-12-27 10:31:00,2023-12-27 10:32:00,long,4822.0,4824.0,4817.5,4824.0,2.0,20.0,limit_touch,take_profit,1.0,2023-12-27 10:00:00,1,2.0,5.5,15.0,21.0,12.5,0.5189873417721519,0.44,14.223529411764707,2.214640198511166,95083.0,0.6229949838080798,5.5,15.0,21.0,0.44,0.5189873417721519,0.3443930434782609
2023-12-27,2023-12-27 11:15:00,2023-12-27 12:48:00,2023-12-27 12:54:00,long,4823.0,4819.0,4819.0,4825.0,-4.0,-40.0,limit_touch,stop_loss,1.0,2023-12-27 11:15:00,2,2.0,2.5,6.5,21.5,14.5,0.2727272727272727,0.1724137931034483,14.223529411764707,2.2849462365591395,179765.0,0.5504050076399638,2.5,6.5,21.5,0.1724137931034483,0.2727272727272727,0.22037253623188405
2023-12-27,2023-12-27 13:55:00,2023-12-27 14:07:00,2023-12-27 14:11:00,long,4825.0,4820.5,4820.5,4827.0,-4.5,-45.0,limit_touch,stop_loss,1.0,2023-12-27 13:55:00,3,8.0,8.5,10.0,21.5,16.5,0.8288770053475936,0.5151515151515151,14.223529411764707,2.49586435070306,335724.0,0.610076352523934,8.5,10.0,21.5,0.5151515151515151,0.8288770053475936,0.4365942028985507
2023-12-28,2023-12-28 11:08:00,2023-12-28 11:15:00,2023-12-28 11:21:00,long,4861.5,4864.5,4855.5,4864.5,3.0,30.0,limit_touch,take_profit,1.0,2023-12-28 11:08:00,1,0.0,6.0,10.0,30.0,14.0,0.48936170212765956,0.42857142857142855,14.025,2.4598930481283423,223009.0,0.7243857938195386,6.0,10.0,30.0,0.42857142857142855,0.48936170212765956,0.4172636956521739
2023-12-28,2023-12-28 14:31:00,2023-12-28 14:55:00,2023-12-28 15:02:00,long,4875.5,4878.5,4869.0,4878.5,3.0,30.0,limit_touch,take_profit,1.0,2023-12-28 14:31:00,2,1.0,10.0,15.0,49.0,22.0,0.6875,0.45454545454545453,14.025,3.8146167557932262,433665.0,0.7491548869861536,10.0,15.0,49.0,0.45454545454545453,0.6875,0.590404927536232
2024-01-02,2024-01-02 10:23:00,2024-01-02 10:34:00,2024-01-02 10:37:00,long,4903.0,4906.5,4896.0,4906.5,3.5,35.0,limit_touch,take_profit,1.0,2024-01-02 10:23:00,1,-1.0,1.0,13.0,22.0,12.0,0.14814814814814814,0.08333333333333333,14.131578947368421,3.467411545623836,167174.0,0.8296687103634476,1.0,13.0,22.0,0.08333333333333333,0.14814814814814814,0.2560967391304348
2024-01-02,2024-01-02 10:59:00,2024-01-02 11:25:00,2024-01-02 11:36:00,long,4905.5,4898.0,4898.0,4909.0,-7.5,-75.0,limit_touch,stop_loss,1.0,2024-01-02 10:59:00,2,1.5,4.5,7.5,32.5,15.5,0.2773109243697479,0.2903225806451613,14.131578947368421,3.7150837988826817,228484.0,0.8049675436201414,4.5,7.5,32.5,0.2903225806451613,0.2773109243697479,0.39080543478260865
2024-01-03,2024-01-03 10:41:00,2024-01-03 10:45:00,2024-01-03 10:57:00,short,4938.0,4944.5,4944.5,4935.0,-6.5,-65.0,limit_touch,stop_loss,-1.0,2024-01-03 10:41:00,1,-2.5,-12.5,-17.0,-22.5,20.5,-0.7990867579908676,-0.6097560975609756,14.131578947368421,1.8398510242085662,204377.0,0.833163644783672,12.5,17.0,22.5,0.6097560975609756,0.7990867579908676,0.5273950000000001
2024-01-03,2024-01-03 11:39:00,2024-01-03 11:45:00,2024-01-03 11:50:00,short,4937.5,4934.5,4944.5,4934.5,3.0,30.0,limit_touch,take_profit,-1.0,2024-01-03 11:39:00,2,-9.0,-5.0,-9.0,-24.0,19.0,-0.5454545454545454,-0.2631578947368421,14.131578947368421,1.9106145251396647,312710.0,0.8560094600574313,5.0,9.0,24.0,0.2631578947368421,0.5454545454545454,0.3120409420289855
2024-01-03,2024-01-03 12:05:00,2024-01-03 12:10:00,2024-01-03 12:36:00,short,4927.0,4935.0,4935.0,4923.5,-8.0,-80.0,limit_touch,stop_loss,-1.0,2024-01-03 12:05:00,3,-20.5,-15.0,-22.5,-37.5,39.0,-0.7029360967184801,-0.38461538461538464,14.131578947368421,2.8659217877094973,377313.0,0.915182692477557,15.0,22.5,37.5,0.38461538461538464,0.7029360967184801,0.6187765217391304
2024-01-04,2024-01-04 10:46:00,2024-01-04 10:53:00,2024-01-04 11:07:00,long,4939.5,4942.5,4933.0,4942.5,3.0,30.0,limit_touch,take_profit,1.0,2024-01-04 10:46:00,1,5.0,11.5,13.0,13.5,19.5,0.7426900584795322,0.5897435897435898,14.131578947368421,1.6629422718808193,191471.0,0.7509836335946966,11.5,13.0,13.5,0.5897435897435898,0.7426900584795322,0.4305192028985507
2024-01-04,2024-01-04 11:29:00,2024-01-04 11:37:00,2024-01-04 11:47:00,long,4946.5,4949.5,4939.5,4949.5,3.0,30.0,limit_touch,take_profit,1.0,2024-01-04 11:29:00,2,3.0,3.5,14.0,23.5,19.5,0.18248175182481752,0.1794871794871795,14.131578947368421,2.2998137802607075,275003.0,0.8075466911061889,3.5,14.0,23.5,0.1794871794871795,0.18248175182481752,0.27482065217391305
2024-01-08,2024-01-08 11:48:00,2024-01-08 12:01:00,2024-01-08 12:04:00,short,4897.0,4894.5,4903.0,4894.5,2.5,25.0,limit_touch,take_profit,-1.0,2024-01-08 11:48:00,1,-3.0,-4.0,-9.0,-1.5,20.0,-0.2054794520547945,-0.2,14.131578947368421,1.9106145251396647,306834.0,0.8247040848566247,4.0,9.0,1.5,0.2,0.2054794520547945,0.1566826811594203
2024-01-08,2024-01-08 13:43:00,2024-01-08 13:56:00,2024-01-08 14:03:00,short,4891.0,4888.5,4896.5,4888.5,2.5,25.0,limit_touch,take_profit,-1.0,2024-01-08 13:43:00,2,0.0,-6.0,-6.0,-10.5,14.0,-0.6666666666666666,-0.42857142857142855,14.131578947368421,2.4767225325884543,426858.0,0.8289553254825885,6.0,6.0,10.5,0.42857142857142855,0.6666666666666666,0.32329065217391306
2024-01-09,2024-01-09 10:12:00,2024-01-09 10:13:00,2024-01-09 10:18:00,long,4903.5,4906.0,4898.5,4906.0,2.5,25.0,limit_touch,take_profit,1.0,2024-01-09 10:12:00,1,0.5,6.0,5.0,8.5,16.0,0.5555555555555556,0.375,16.86,1.0083036773428233,133664.0,0.7911665381570857,6.0,5.0,8.5,0.375,0.5555555555555556,0.21389427536231886
2024-01-09,2024-01-09 10:25:00,2024-01-09 10:39:00,2024-01-09 10:56:00,long,4904.5,4907.0,4899.5,4907.0,2.5,25.0,limit_touch,take_profit,1.0,2024-01-09 10:25:00,2,4.0,7.0,8.5,13.0,20.0,0.3918918918918919,0.35,16.86,1.0972716488730725,155721.0,0.7940120090230839,7.0,8.5,13.0,0.35,0.3918918918918919,0.25164282608695654
2024-01-09,2024-01-09 11:06:00,2024-01-09 11:15:00,2024-01-09 11:19:00,long,4906.5,4901.0,4901.0,4909.0,-5.5,-55.0,limit_touch,stop_loss,1.0,2024-01-09 11:06:00,3,5.0,5.0,4.5,14.0,18.0,0.3181818181818182,0.2777777777777778,16.86,1.2455516014234875,222421.0,0.7714751786382599,5.0,4.5,14.0,0.2777777777777778,0.3181818181818182,0.203911884057971
2024-01-09,2024-01-09 13:02:00,2024-01-09 13:16:00,2024-01-09 14:25:00,long,4914.0,4916.5,4908.5,4916.5,2.5,25.0,limit_touch,take_profit,1.0,2024-01-09 13:02:00,4,4.5,-1.5,11.5,24.0,19.5,-0.12195121951219512,-0.07692307692307693,16.86,1.8386714116251484,389745.0,0.8307138365663501,-1.5,11.5,24.0,-0.07692307692307693,-0.12195121951219512,0.1937546376811594
2024-01-10,2024-01-10 10:03:00,2024-01-10 10:09:00,2024-01-10 10:18:00,short,4900.0,4904.5,4904.5,4898.0,-4.5,-45.0,limit_touch,stop_loss,-1.0,2024-01-10 10:03:00,1,-3.0,-10.0,-11.0,-19.0,24.0,-0.46788990825688076,-0.4166666666666667,15.724999999999998,1.4626391096979334,124016.0,0.8371199498872847,10.0,11.0,19.0,0.4166666666666667,0.46788990825688076,0.3850650724637681
2024-01-10,2024-01-10 10:29:00,2024-01-10 10:43:00,2024-01-10 11:00:00,short,4897.5,4902.5,4902.5,4895.0,-5.0,-50.0,limit_touch,stop_loss,-1.0,2024-01-10 10:29:00,2,-0.5,-7.0,-5.5,-20.5,21.0,-0.4942528735632184,-0.3333333333333333,15.724999999999998,1.6534181240063595,185902.0,0.9204550996616699,7.0,5.5,20.5,0.3333333333333333,0.4942528735632184,0.35167246376811595
2024-01-10,2024-01-10 11:35:00,2024-01-10 11:38:00,2024-01-10 11:55:00,long,4912.5,4907.0,4907.0,4915.0,-5.5,-55.0,limit_touch,stop_loss,1.0,2024-01-10 11:35:00,3,7.5,3.5,14.5,1.0,18.5,0.1695906432748538,0.1891891891891892,15.724999999999998,1.812400635930048,298387.0,0.8752722756085739,3.5,14.5,1.0,0.1891891891891892,0.1695906432748538,0.154314347826087
2024-01-11,2024-01-11 10:05:00,2024-01-11 10:09:00,2024-01-11 10:10:00,short,4893.0,4891.0,4897.5,4891.0,2.0,20.0,limit_touch,take_profit,-1.0,2024-01-11 10:05:00,1,-6.5,-7.0,-6.0,-13.0,16.0,-0.6805555555555556,-0.4375,14.7,1.326530612244898,107834.0,0.7139003933048252,7.0,6.0,13.0,0.4375,0.6805555555555556,0.28129115942028987
2024-01-11,2024-01-11 10:36:00,2024-01-11 10:38:00,2024-01-11 10:39:00,short,4887.5,4892.5,4892.5,4885.0,-5.0,-50.0,limit_touch,stop_loss,-1.0,2024-01-11 10:36:00,2,-13.5,-6.5,-6.0,-20.0,32.5,-0.41196581196581195,-0.2,14.7,1.8027210884353742,192736.0,0.87582092875571,6.5,6.0,20.0,0.2,0.41196581196581195,0.2978640579710145
2024-01-11,2024-01-11 10:46:00,2024-01-11 10:49:00,2024-01-11 10:50:00,short,4887.0,4892.0,4892.0,4884.5,-5.0,-50.0,limit_touch,stop_loss,-1.0,2024-01-11 10:46:00,3,-8.0,-16.0,-11.0,-22.5,40.0,-0.2950391644908616,-0.4,14.7,1.870748299319728,236887.0,0.9751289369029374,16.0,11.0,22.5,0.4,0.2950391644908616,0.5434601449275362
2024-01-11,2024-01-11 11:36:00,2024-01-11 11:42:00,2024-01-11 11:47:00,short,4880.0,4887.0,4887.0,4877.0,-7.0,-70.0,limit_touch,stop_loss,-1.0,2024-01-11 11:36:00,4,-7.5,-14.0,-27.0,-27.5,29.0,-0.6077348066298343,-0.4827586206896552,14.7,2.482993197278912,386735.0,1.1373997371796403,14.0,27.0,27.5,0.4827586206896552,0.6077348066298343,0.6520122463768117
2024-01-12,2024-01-12 10:17:00,2024-01-12 10:19:00,2024-01-12 10:21:00,short,4874.0,4871.5,4879.5,4871.5,2.5,25.0,limit_touch,take_profit,-1.0,2024-01-12 10:17:00,1,-9.0,-10.5,-13.0,-12.0,18.5,-0.7687861271676301,-0.5675675675675675,14.23125,1.5107597716293368,150270.0,0.8634186463838012,10.5,13.0,12.0,0.5675675675675675,0.7687861271676301,0.41412166666666667
2024-01-12,2024-01-12 10:37:00,2024-01-12 10:37:00,2024-01-12 10:37:00,short,4864.0,4861.5,4869.5,4861.5,2.5,25.0,limit_touch,take_profit,-1.0,2024-01-12 10:37:00,2,-2.0,-9.0,-18.5,-21.0,24.0,-0.4016393442622951,-0.375,14.23125,2.4593763724198507,221366.0,1.0066442357582754,9.0,18.5,21.0,0.375,0.4016393442622951,0.4687657971014493
2024-01-12,2024-01-12 10:39:00,2024-01-12 10:42:00,2024-01-12 10:44:00,short,4856.5,4853.5,4862.5,4853.5,3.0,30.0,limit_touch,take_profit,-1.0,2024-01-12 10:39:00,3,-14.0,-16.5,-27.5,-30.0,31.5,-0.6430317848410758,-0.5238095238095238,14.23125,3.1620553359683794,239056.0,1.0641516825089699,16.5,27.5,30.0,0.5238095238095238,0.6430317848410758,0.7126876811594203
2024-01-12,2024-01-12 11:44:00,2024-01-12 12:00:00,2024-01-12 12:36:00,short,4854.0,4860.5,4860.5,4851.0,-6.5,-65.0,limit_touch,stop_loss,-1.0,2024-01-12 11:44:00,4,-9.0,-11.0,-15.5,-39.5,25.0,-0.65625,-0.44,14.23125,3.3728590250329384,387363.0,1.096205669033972,11.0,15.5,39.5,0.44,0.65625,0.6625297826086957
2024-01-15,2024-01-15 12:17:00,2024-01-15 13:25:00,2024-01-15 14:02:00,long,4885.5,4881.0,4881.0,4887.5,-4.5,-45.0,limit_touch,stop_loss,1.0,2024-01-15 12:17:00,1,1.5,0.5,1.5,38.0,4.5,0.2727272727272727,0.1111111111111111,14.25,3.2982456140350878,219447.0,0.5353942655062436,0.5,1.5,38.0,0.1111111111111111,0.2727272727272727,0.3010879710144927
2024-01-16,2024-01-16 10:09:00,2024-01-16 10:12:00,2024-01-16 10:15:00,short,4900.5,4905.5,4905.5,4898.5,-5.0,-50.0,limit_touch,stop_loss,-1.0,2024-01-16 10:09:00,1,-1.0,0.0,-9.5,-9.0,13.0,0.03125,0.0,14.235000000000001,1.3347383210396908,148131.0,0.952307786267394,-0.0,9.5,9.0,-0.0,-0.03125,0.12436550724637681
2024-01-16,2024-01-16 11:54:00,2024-01-16 12:00:00,2024-01-16 12:00:00,long,4913.5,4916.0,4908.0,4916.0,2.5,25.0,limit_touch,take_profit,1.0,2024-01-16 11:54:00,2,4.5,11.5,13.0,8.5,16.5,0.8211382113821138,0.696969696969697,14.235000000000001,1.685985247629083,379533.0,1.0321856173429091,11.5,13.0,8.5,0.696969696969697,0.8211382113821138,0.5017964492753623
2024-01-16,2024-01-16 12:39:00,2024-01-16 12:57:00,2024-01-16 12:58:00,long,4923.5,4926.0,4918.0,4926.0,2.5,25.0,limit_touch,take_profit,1.0,2024-01-16 12:39:00,3,2.5,16.0,17.5,23.5,23.0,0.8205128205128205,0.6956521739130435,14.235000000000001,2.6343519494204424,458360.0,1.0575586859009634,16.0,17.5,23.5,0.6956521739130435,0.8205128205128205,0.6988157246376812
2024-01-16,2024-01-16 13:01:00,2024-01-16 13:04:00,2024-01-16 13:08:00,long,4928.5,4931.0,4922.5,4931.0,2.5,25.0,limit_touch,take_profit,1.0,2024-01-16 13:01:00,4,10.0,9.0,11.5,27.0,22.0,0.8405172413793104,0.4090909090909091,14.235000000000001,3.090972953986652,502027.0,1.0941163714703068,9.0,11.5,27.0,0.4090909090909091,0.8405172413793104,0.5564939855072464
2024-01-17,2024-01-17 13:26:00,2024-01-17 13:30:00,2024-01-17 13:37:00,short,4940.0,4937.0,4946.5,4937.0,3.0,30.0,limit_touch,take_profit,-1.0,2024-01-17 13:26:00,1,-3.0,-4.0,-12.5,-23.5,16.0,-0.25,-0.25,14.25,2.210526315789474,523438.0,1.0824891721027319,4.0,12.5,23.5,0.25,0.25,0.37271347826086954
2024-01-18,2024-01-18 10:01:00,2024-01-18 10:03:00,2024-01-18 10:20:00,long,4934.5,4937.0,4929.0,4937.0,2.5,25.0,limit_touch,take_profit,1.0,2024-01-18 10:01:00,1,7.5,9.5,11.5,0.5,18.5,0.632,0.5135135135135135,13.85,1.1913357400722022,108760.0,0.7933918058976721,9.5,11.5,0.5,0.5135135135135135,0.632,0.30643369565217393
2024-01-18,2024-01-18 10:22:00,2024-01-18 10:28:00,2024-01-18 10:30:00,long,4935.0,4937.5,4929.5,4937.5,2.5,25.0,limit_touch,take_profit,1.0,2024-01-18 10:22:00,2,4.5,4.0,6.5,2.5,9.0,0.631578947368421,0.4444444444444444,13.85,1.263537906137184,143069.0,0.7887760396829474,4.0,6.5,2.5,0.4444444444444444,0.631578947368421,0.19479485507246377
2024-01-18,2024-01-18 10:58:00,2024-01-18 11:10:00,2024-01-18 11:15:00,long,4944.0,4946.5,4938.0,4946.5,2.5,25.0,limit_touch,take_profit,1.0,2024-01-18 10:58:00,3,8.0,7.0,12.0,13.0,16.0,0.37735849056603776,0.4375,13.85,2.0938628158844765,223817.0,0.852224741781809,7.0,12.0,13.0,0.4375,0.37735849056603776,0.34879601449275366
2024-01-18,2024-01-18 12:28:00,2024-01-18 12:37:00,2024-01-18 12:38:00,long,4954.5,4948.5,4948.5,4957.5,-6.0,-60.0,limit_touch,stop_loss,1.0,2024-01-18 12:28:00,4,3.0,4.5,9.0,26.5,14.5,0.6239316239316239,0.3103448275862069,13.85,3.104693140794224,370224.0,0.8837531372654721,4.5,9.0,26.5,0.3103448275862069,0.6239316239316239,0.3798091304347826
2024-01-19,2024-01-19 10:04:00,2024-01-19 10:05:00,2024-01-19 10:14:00,short,4918.0,4915.5,4923.5,4915.5,2.5,25.0,limit_touch,take_profit,-1.0,2024-01-19 10:04:00,1,-7.0,-7.0,-11.0,-7.0,17.0,-0.5428571428571428,-0.4117647058823529,13.776923076923076,1.125069793411502,122555.0,0.8602203117653754,7.0,11.0,7.0,0.4117647058823529,0.5428571428571428,0.2571228260869566
2024-01-19,2024-01-19 10:20:00,2024-01-19 10:22:00,2024-01-19 10:34:00,short,4915.0,4920.5,4920.5,4912.5,-5.5,-55.0,limit_touch,stop_loss,-1.0,2024-01-19 10:20:00,2,-5.5,-4.5,-12.0,-12.0,14.5,-0.3707865168539326,-0.3103448275862069,13.776923076923076,1.4154103852596316,154560.0,0.8789887231706834,4.5,12.0,12.0,0.3103448275862069,0.3707865168539326,0.2200986956521739
2024-01-19,2024-01-19 10:53:00,2024-01-19 10:58:00,2024-01-19 11:00:00,long,4926.0,4929.0,4920.0,4929.0,3.0,30.0,limit_touch,take_profit,1.0,2024-01-19 10:53:00,3,2.5,8.5,15.5,5.0,16.5,0.6363636363636364,0.5151515151515151,13.776923076923076,1.5605806811836964,222175.0,0.8825610231974417,8.5,15.5,5.0,0.5151515151515151,0.6363636363636364,0.3404148550724638
2024-01-19,2024-01-19 11:40:00,2024-01-19 11:53:00,2024-01-19 12:04:00,long,4935.0,4938.0,4929.0,4938.0,3.0,30.0,limit_touch,take_profit,1.0,2024-01-19 11:40:00,4,2.5,5.0,10.0,15.0,15.0,0.6470588235294118,0.3333333333333333,13.776923076923076,2.395309882747069,292954.0,0.8615319404059579,5.0,10.0,15.0,0.3333333333333333,0.6470588235294118,0.3043822463768116
2024-01-19,2024-01-19 12:05:00,2024-01-19 12:24:00,2024-01-19 14:26:00,long,4938.0,4931.5,4931.5,4941.0,-6.5,-65.0,limit_touch,stop_loss,1.0,2024-01-19 12:05:00,5,5.5,5.0,5.0,17.5,18.0,0.7222222222222222,0.2777777777777778,13.776923076923076,2.6856504745951986,338650.0,0.8833363098131147,5.0,5.0,17.5,0.2777777777777778,0.7222222222222222,0.31935427536231886
2024-01-22,2024-01-22 11:27:00,2024-01-22 11:45:00,2024-01-22 12:07:00,long,4956.5,4959.5,4950.0,4959.5,3.0,30.0,limit_touch,take_profit,1.0,2024-01-22 11:27:00,1,2.0,10.5,16.0,31.0,20.5,0.861003861003861,0.5121951219512195,13.585714285714285,2.6498422712933754,318791.0,1.0230091019252934,10.5,16.0,31.0,0.5121951219512195,0.861003861003861,0.6120144202898551
2024-01-23,2024-01-23 10:44:00,2024-01-23 10:53:00,2024-01-23 10:59:00,short,4973.5,4970.5,4979.5,4970.5,3.0,30.0,limit_touch,take_profit_gap_open,-1.0,2024-01-23 10:44:00,1,-1.0,-3.0,-4.0,-26.5,16.0,-0.34,-0.1875,14.079999999999998,3.1960227272727275,240091.0,1.0456893206336042,3.0,4.0,26.5,0.1875,0.34,0.3828942753623188
2024-01-24,2024-01-24 10:03:00,2024-01-24 10:10:00,2024-01-24 10:37:00,short,4918.5,4925.0,4925.0,4915.5,-6.5,-65.0,better_open,stop_loss,-1.0,2024-01-24 10:03:00,1,-3.0,-1.0,-8.5,-19.0,15.0,0.34615384615384615,-0.06666666666666667,14.23125,1.7215634606938957,129753.0,0.941977921564395,1.0,8.5,19.0,0.06666666666666667,-0.34615384615384615,0.20935072463768115
2024-01-25,2024-01-25 10:31:00,2024-01-25 10:31:00,2024-01-25 10:31:00,short,4930.5,4928.0,4936.0,4928.0,2.5,25.0,limit_touch,take_profit,-1.0,2024-01-25 10:31:00,1,-1.0,-1.0,-5.0,-5.5,16.0,-0.28846153846153844,-0.0625,13.923529411764706,1.5441487114490917,132338.0,0.6767365030132888,1.0,5.0,5.5,0.0625,0.28846153846153844,0.0670908695652174
2024-01-25,2024-01-25 10:39:00,2024-01-25 10:41:00,2024-01-25 10:41:00,short,4925.5,4923.0,4931.0,4923.0,2.5,25.0,limit_touch,take_profit,-1.0,2024-01-25 10:39:00,2,-6.5,-10.5,-11.0,-14.5,18.5,-0.616,-0.5675675675675675,13.923529411764706,2.010984368398817,165070.0,0.7629282882689126,10.5,11.0,14.5,0.5675675675675675,0.616,0.4368460144927536
2024-01-25,2024-01-25 12:21:00,2024-01-25 12:32:00,2024-01-25 12:41:00,short,4920.5,4918.0,4926.5,4918.0,2.5,25.0,limit_touch,take_profit,-1.0,2024-01-25 12:21:00,3,-3.0,-5.5,-14.0,-21.0,14.5,-0.5798319327731093,-0.3793103448275862,13.923529411764706,2.5137304604985213,314206.0,0.7880866910576484,5.5,14.0,21.0,0.3793103448275862,0.5798319327731093,0.3510866666666667
2024-01-26,2024-01-26 11:30:00,2024-01-26 11:33:00,2024-01-26 11:36:00,long,4919.0,4921.5,4913.5,4921.5,2.5,25.0,limit_touch,take_profit,1.0,2024-01-26 11:30:00,1,4.0,5.5,10.5,11.0,19.5,0.4491017964071856,0.28205128205128205,13.733333333333333,1.3106796116504855,271534.0,0.8838298752100596,5.5,10.5,11.0,0.28205128205128205,0.4491017964071856,0.22322550724637683
2024-01-29,2024-01-29 10:03:00,2024-01-29 10:03:00,2024-01-29 10:03:00,short,4913.0,4911.0,4917.0,4911.0,2.0,20.0,limit_touch,take_profit,-1.0,2024-01-29 10:03:00,1,-0.5,-4.0,-10.5,-8.0,13.0,-0.5,-0.3076923076923077,13.294736842105264,1.2034837688044338,94574.0,0.7080573145046785,4.0,10.5,8.0,0.3076923076923077,0.5,0.1460835507246377
2024-01-29,2024-01-29 10:04:00,2024-01-29 10:06:00,2024-01-29 10:37:00,short,4912.5,4916.5,4916.5,4910.5,-4.0,-40.0,limit_touch,stop_loss,-1.0,2024-01-29 10:04:00,2,-2.0,-3.5,-10.5,-9.0,12.5,-0.47126436781609193,-0.28,13.294736842105264,1.278701504354711,98397.0,0.7258737369055345,3.5,10.5,9.0,0.28,0.47126436781609193,0.14566826086956525
2024-01-29,2024-01-29 11:26:00,2024-01-29 11:55:00,2024-01-29 12:24:00,long,4927.5,4929.5,4923.0,4929.5,2.0,20.0,limit_touch,take_profit,1.0,2024-01-29 11:26:00,3,3.0,17.0,16.5,13.0,25.0,0.8472222222222222,0.68,13.294736842105264,1.9556611243072048,229049.0,0.7676638445508281,17.0,16.5,13.0,0.68,0.8472222222222222,0.5317648550724638
2024-01-29,2024-01-29 12:59:00,2024-01-29 13:06:00,2024-01-29 13:06:00,long,4943.5,4946.0,4938.5,4946.0,2.5,25.0,limit_touch,take_profit,1.0,2024-01-29 12:59:00,4,5.0,13.5,18.0,29.5,17.5,0.9194630872483222,0.7714285714285715,13.294736842105264,3.5352335708630243,358076.0,0.8205697150599722,13.5,18.0,29.5,0.7714285714285715,0.9194630872483222,0.6574674637681159
2024-01-30,2024-01-30 10:39:00,2024-01-30 11:09:00,2024-01-30 11:25:00,long,4963.5,4958.0,4958.0,4966.0,-5.5,-55.0,limit_touch,stop_loss,1.0,2024-01-30 10:39:00,1,6.0,10.0,15.5,21.5,17.0,0.7761194029850746,0.5882352941176471,13.4325,2.7545133072771266,176280.0,0.8394429618793465,10.0,15.5,21.5,0.5882352941176471,0.7761194029850746,0.5236478985507247
2024-01-30,2024-01-30 12:16:00,2024-01-30 12:36:00,2024-01-30 12:43:00,long,4971.0,4974.0,4965.0,4974.0,3.0,30.0,limit_touch,take_profit,1.0,2024-01-30 12:16:00,2,6.5,18.0,14.5,35.0,27.0,0.7898550724637681,0.6666666666666666,13.4325,3.5361995160990136,338716.0,0.8874543024326025,18.0,14.5,35.0,0.6666666666666666,0.7898550724637681,0.7330852898550724
2024-01-31,2024-01-31 10:07:00,2024-01-31 10:15:00,2024-01-31 10:17:00,long,4972.0,4966.5,4966.5,4974.5,-5.5,-55.0,limit_touch,stop_loss,1.0,2024-01-31 10:07:00,1,4.5,9.5,7.5,12.0,16.5,0.7235772357723578,0.5757575757575758,13.471428571428572,1.410392364793213,118973.0,0.8591213478605131,9.5,7.5,12.0,0.5757575757575758,0.7235772357723578,0.39407826086956527
2024-01-31,2024-01-31 11:14:00,2024-01-31 11:17:00,2024-01-31 11:18:00,short,4961.0,4958.0,4967.5,4958.0,3.0,30.0,limit_touch,take_profit,-1.0,2024-01-31 11:14:00,2,-7.5,-10.0,-14.5,-3.5,24.0,-0.5964912280701754,-0.4166666666666667,13.471428571428572,1.7815482502651114,266019.0,0.9735323629730604,10.0,14.5,3.5,0.4166666666666667,0.5964912280701754,0.36768949275362317
2024-01-31,2024-01-31 11:39:00,2024-01-31 11:42:00,2024-01-31 11:48:00,short,4950.5,4957.0,4957.0,4947.5,-6.5,-65.0,limit_touch,stop_loss,-1.0,2024-01-31 11:39:00,3,-5.0,-16.0,-22.5,-18.5,27.0,-0.6141732283464567,-0.5925925925925926,13.471428571428572,2.820784729586426,319689.0,1.0073823150580794,16.0,22.5,18.5,0.5925925925925926,0.6141732283464567,0.6392503623188406
2024-01-31,2024-01-31 13:10:00,2024-01-31 13:35:00,2024-01-31 14:45:00,short,4949.5,4946.0,4957.0,4946.0,3.5,35.0,limit_touch,take_profit_gap_open,-1.0,2024-01-31 13:10:00,4,-14.0,-11.5,-8.5,-18.5,24.5,-0.8120481927710843,-0.46938775510204084,13.471428571428572,2.9321314952279955,472308.0,1.0672685269243471,11.5,8.5,18.5,0.46938775510204084,0.8120481927710843,0.5624941304347826
2024-02-01,2024-02-01 11:52:00,2024-02-01 12:00:00,2024-02-01 12:01:00,short,4950.5,4947.0,4958.5,4947.0,3.5,35.0,limit_touch,take_profit_gap_open,-1.0,2024-02-01 11:52:00,1,-0.5,-7.0,-9.0,-18.5,15.0,-0.6271186440677966,-0.4666666666666667,13.424999999999999,3.128491620111732,324582.0,0.9617082497524362,7.0,9.0,18.5,0.4666666666666667,0.6271186440677966,0.4626412318840579
2024-02-02,2024-02-02 10:36:00,2024-02-02 10:41:00,2024-02-02 10:48:00,long,4954.0,4957.0,4947.5,4957.0,3.0,30.0,limit_touch,take_profit,1.0,2024-02-02 10:36:00,1,17.0,40.5,37.0,40.0,50.5,0.9831638021746756,0.801980198019802,13.424999999999999,3.873370577281192,154427.0,0.7867692356027256,40.5,37.0,40.0,0.801980198019802,0.9831638021746756,0.8026554347826087
2024-02-02,2024-02-02 10:57:00,2024-02-02 11:43:00,2024-02-02 11:54:00,long,4958.0,4961.0,4951.0,4961.0,3.0,30.0,limit_touch,take_profit,1.0,2024-02-02 10:57:00,2,15.0,16.5,46.0,46.0,36.5,0.4556213017751479,0.4520547945205479,13.424999999999999,4.245810055865922,241976.0,1.0103500166181483,16.5,46.0,46.0,0.4520547945205479,0.4556213017751479,0.7393547101449276
2024-02-05,2024-02-05 12:17:00,2024-02-05 13:19:00,2024-02-05 13:25:00,long,5017.0,5019.5,5011.5,5019.5,2.5,25.0,limit_touch,take_profit,1.0,2024-02-05 12:17:00,1,1.0,7.5,19.5,37.5,21.5,0.30666666666666664,0.3488372093023256,13.424999999999999,3.6126629422718812,324890.0,0.8657790625847751,7.5,19.5,37.5,0.3488372093023256,0.30666666666666664,0.4965384057971015
2024-02-06,2024-02-06 10:26:00,2024-02-06 10:28:00,2024-02-06 10:43:00,short,4975.5,4980.0,4980.0,4973.5,-4.5,-45.0,limit_touch,stop_loss,-1.0,2024-02-06 10:26:00,1,0.0,-6.0,-11.5,-13.5,13.0,-0.7428571428571429,-0.46153846153846156,13.424999999999999,1.229050279329609,121093.0,0.7214800072648676,6.0,11.5,13.5,0.46153846153846156,0.7428571428571429,0.2747981884057971
2024-02-06,2024-02-06 11:29:00,2024-02-06 11:33:00,2024-02-06 11:37:00,long,4986.0,4981.0,4981.0,4988.5,-5.0,-50.0,limit_touch,stop_loss,1.0,2024-02-06 11:29:00,2,2.0,3.0,3.5,-1.0,10.0,0.05,0.3,13.424999999999999,1.452513966480447,216004.0,0.7446643289466177,3.0,3.5,-1.0,0.3,0.05,0.12444000000000001
2024-02-06,2024-02-06 11:58:00,2024-02-06 12:02:00,2024-02-06 12:04:00,short,4974.0,4971.5,4979.5,4971.5,2.5,25.0,limit_touch,take_profit_gap_open,-1.0,2024-02-06 11:58:00,3,-6.5,-11.0,-15.0,-16.5,16.0,-0.83,-0.6875,13.424999999999999,1.713221601489758,278116.0,0.8190286827604774,11.0,15.0,16.5,0.6875,0.83,0.47602289855072466
2024-02-06,2024-02-06 12:33:00,2024-02-06 13:03:00,2024-02-06 13:24:00,short,4968.5,4966.0,4974.0,4966.0,2.5,25.0,limit_touch,take_profit,-1.0,2024-02-06 12:33:00,4,-5.0,-7.5,-10.5,-24.5,12.5,-0.7570093457943925,-0.6,13.424999999999999,2.23463687150838,329006.0,0.8364753554446942,7.5,10.5,24.5,0.6,0.7570093457943925,0.48495536231884057
2024-02-06,2024-02-06 14:27:00,2024-02-06 14:33:00,2024-02-06 14:45:00,short,4968.0,4965.5,4973.0,4965.5,2.5,25.0,limit_touch,take_profit,-1.0,2024-02-06 14:27:00,5,-0.5,-2.5,0.0,-25.0,6.5,-0.5294117647058824,-0.38461538461538464,13.424999999999999,2.271880819366853,405874.0,0.8149775932063582,2.5,-0.0,25.0,0.38461538461538464,0.5294117647058824,0.32719014492753623
2024-02-07,2024-02-07 11:32:00,2024-02-07 11:33:00,2024-02-07 11:38:00,long,4975.0,4970.5,4970.5,4977.0,-4.5,-45.0,limit_touch,stop_loss,1.0,2024-02-07 11:32:00,1,3.0,2.5,4.0,3.5,14.5,0.3253012048192771,0.1724137931034483,13.424999999999999,1.0800744878957171,200783.0,0.6806337209341743,2.5,4.0,3.5,0.1724137931034483,0.3253012048192771,0.07379333333333335
2024-02-08,2024-02-08 11:43:00,2024-02-08 11:45:00,2024-02-08 11:46:00,long,4994.0,4989.5,4989.5,4996.0,-4.5,-45.0,limit_touch,stop_loss,1.0,2024-02-08 11:43:00,1,8.0,8.0,9.5,11.0,16.0,0.6140350877192983,0.5,14.01,1.1063526052819415,227402.0,0.7236016206115399,8.0,9.5,11.0,0.5,0.6140350877192983,0.30416731884057974
2024-02-08,2024-02-08 12:48:00,2024-02-08 12:48:00,2024-02-08 12:48:00,long,4997.5,4999.5,4992.5,4999.5,2.0,20.0,limit_touch,take_profit,1.0,2024-02-08 12:48:00,2,3.5,6.0,3.0,12.5,10.0,0.8,0.6,14.01,1.4275517487508922,284231.0,0.6958840815882837,6.0,3.0,12.5,0.6,0.8,0.3192622463768116
2024-02-08,2024-02-08 12:50:00,2024-02-08 12:53:00,2024-02-08 12:58:00,long,5002.0,4997.0,4997.0,5004.5,-5.0,-50.0,limit_touch,stop_loss,1.0,2024-02-08 12:50:00,3,10.5,14.5,12.5,20.5,17.5,0.9644970414201184,0.8285714285714286,14.01,1.85581727337616,295965.0,0.7212143859808585,14.5,12.5,20.5,0.8285714285714286,0.9644970414201184,0.5520187681159421
2024-02-08,2024-02-08 13:51:00,2024-02-08 13:59:00,2024-02-08 14:01:00,long,5004.5,5007.0,4999.5,5007.0,2.5,25.0,limit_touch,take_profit,1.0,2024-02-08 13:51:00,4,4.0,6.0,7.0,23.5,10.0,0.8095238095238095,0.6,14.01,2.105638829407566,360983.0,0.7722361814823376,6.0,7.0,23.5,0.6,0.8095238095238095,0.4338867391304348
2024-02-09,2024-02-09 10:04:00,2024-02-09 10:09:00,2024-02-09 10:13:00,short,4989.5,4987.5,4994.0,4987.5,2.0,20.0,limit_touch,take_profit,-1.0,2024-02-09 10:04:00,1,-5.5,-6.5,-9.5,-12.0,17.5,-0.4214876033057851,-0.37142857142857144,13.15,1.064638783269962,85107.0,0.687248973215241,6.5,9.5,12.0,0.37142857142857144,0.4214876033057851,0.2279967391304348
2024-02-09,2024-02-09 10:30:00,2024-02-09 10:30:00,2024-02-09 10:30:00,short,4984.5,4982.5,4989.5,4982.5,2.0,20.0,limit_touch,take_profit,-1.0,2024-02-09 10:30:00,2,-0.5,-7.0,-10.5,-16.0,16.0,-0.647887323943662,-0.4375,13.15,1.55893536121673,125177.0,0.7340465800602299,7.0,10.5,16.0,0.4375,0.647887323943662,0.3136705072463768
2024-02-14,2024-02-14 14:06:00,2024-02-14 14:09:00,2024-02-14 14:42:00,long,4983.0,4978.0,4978.0,4985.5,-5.0,-50.0,limit_touch,stop_loss,1.0,2024-02-14 14:06:00,1,8.5,12.0,11.0,5.5,15.0,0.9464285714285714,0.8,13.028571428571428,1.2280701754385965,91995.0,0.1934014699450745,12.0,11.0,5.5,0.8,0.9464285714285714,0.3939497101449275
2024-02-15,2024-02-15 10:08:00,2024-02-15 10:14:00,2024-02-15 10:30:00,long,4976.5,4972.5,4972.5,4978.5,-4.0,-40.0,better_open,stop_loss,1.0,2024-02-15 10:08:00,1,1.0,7.0,8.5,13.5,14.0,0.7608695652173914,0.5,12.0,1.25,86719.0,0.6623602738123442,7.0,8.5,13.5,0.5,0.7608695652173914,0.30223681159420285
2024-02-15,2024-02-15 13:09:00,2024-02-15 13:21:00,2024-02-15 14:02:00,long,4983.5,4979.0,4979.0,4985.5,-4.5,-45.0,limit_touch,stop_loss,1.0,2024-02-15 13:09:00,2,1.5,2.0,9.0,23.0,15.0,-0.0425531914893617,0.13333333333333333,12.0,2.1666666666666665,327527.0,0.7749548916818704,2.0,9.0,23.0,0.13333333333333333,-0.0425531914893617,0.22648710144927536
2024-02-16,2024-02-16 10:34:00,2024-02-16 10:34:00,2024-02-16 10:34:00,long,4986.0,4987.5,4982.5,4987.5,1.5,15.0,limit_touch,take_profit,1.0,2024-02-16 10:34:00,1,9.0,6.5,8.0,10.5,22.5,0.7137476459510358,0.28888888888888886,11.533333333333333,1.4739884393063585,91487.0,0.49942771462521224,6.5,8.0,10.5,0.28888888888888886,0.7137476459510358,0.20087007246376812
2024-02-16,2024-02-16 10:35:00,2024-02-16 10:35:00,2024-02-16 10:35:00,long,4987.0,4988.5,4983.5,4988.5,1.5,15.0,limit_touch,take_profit,1.0,2024-02-16 10:35:00,2,10.0,9.0,9.0,12.0,23.0,0.7313432835820896,0.391304347826087,11.533333333333333,1.6040462427745665,95240.0,0.5120860516771033,9.0,9.0,12.0,0.391304347826087,0.7313432835820896,0.29209826086956525
2024-02-16,2024-02-16 10:42:00,2024-02-16 10:46:00,2024-02-16 10:55:00,long,4989.0,4985.0,4985.0,4991.0,-4.0,-40.0,limit_touch,stop_loss,1.0,2024-02-16 10:42:00,3,2.5,14.0,14.0,16.5,26.0,0.7419354838709677,0.5384615384615384,11.533333333333333,1.8641618497109826,114694.0,0.5639029170924293,14.0,14.0,16.5,0.5384615384615384,0.7419354838709677,0.46339195652173915
2024-02-16,2024-02-16 11:22:00,2024-02-16 11:26:00,2024-02-16 11:33:00,long,4989.5,4985.5,4985.5,4991.5,-4.0,-40.0,limit_touch,stop_loss,1.0,2024-02-16 11:22:00,4,3.5,2.5,3.5,15.5,11.5,0.3333333333333333,0.21739130434782608,11.533333333333333,1.907514450867052,169867.0,0.6216618222438605,2.5,3.5,15.5,0.21739130434782608,0.3333333333333333,0.17804181159420293
2024-02-16,2024-02-16 12:13:00,2024-02-16 12:21:00,2024-02-16 12:23:00,short,4972.5,4970.5,4977.0,4970.5,2.0,20.0,limit_touch,take_profit,-1.0,2024-02-16 12:13:00,5,-4.5,-14.5,-13.5,-6.5,21.5,-0.8031088082901554,-0.6744186046511628,11.533333333333333,2.601156069364162,245392.0,0.681296604677945,14.5,13.5,6.5,0.6744186046511628,0.8031088082901554,0.4862481884057971
2024-02-19,2024-02-19 11:03:00,2024-02-19 11:03:00,2024-02-19 11:03:00,short,4963.0,4961.5,4966.5,4961.5,1.5,15.0,limit_touch,take_profit,-1.0,2024-02-19 11:03:00,1,2.0,-2.0,-1.5,-11.5,9.0,0.08,-0.2222222222222222,11.28,1.6843971631205674,113073.0,0.46870223385867554,2.0,1.5,11.5,0.2222222222222222,-0.08,0.1309173188405797
2024-02-19,2024-02-19 11:17:00,2024-02-19 11:28:00,2024-02-19 11:46:00,short,4962.0,4965.5,4965.5,4960.5,-3.5,-35.0,limit_touch,stop_loss,-1.0,2024-02-19 11:17:00,2,-4.5,-4.5,-5.5,-15.5,13.5,-0.5421686746987951,-0.3333333333333333,11.28,1.773049645390071,130963.0,0.4968040342780356,4.5,5.5,15.5,0.3333333333333333,0.5421686746987951,0.22756188405797104
2024-02-20,2024-02-20 11:33:00,2024-02-20 12:37:00,2024-02-20 12:39:00,short,4941.0,4939.5,4944.5,4939.5,1.5,15.0,limit_touch,take_profit,-1.0,2024-02-20 11:33:00,1,-2.0,-8.5,-10.5,-35.0,16.5,-0.5047619047619047,-0.5151515151515151,10.799999999999999,3.4722222222222228,267857.0,0.9386356480542961,8.5,10.5,35.0,0.5151515151515151,0.5047619047619047,0.5858444927536232
2024-02-21,2024-02-21 10:17:00,2024-02-21 10:22:00,2024-02-21 10:24:00,short,4928.0,4931.0,4931.0,4926.5,-3.0,-30.0,limit_touch,stop_loss,-1.0,2024-02-21 10:17:00,1,-3.0,-3.0,-6.5,-9.0,12.0,-0.23333333333333334,-0.25,10.9,1.1009174311926606,107091.0,0.74544291452998,3.0,6.5,9.0,0.25,0.23333333333333334,0.1273039855072464
2024-02-21,2024-02-21 12:51:00,2024-02-21 13:00:00,2024-02-21 13:04:00,long,4936.0,4937.5,4932.5,4937.5,1.5,15.0,limit_touch,take_profit,1.0,2024-02-21 12:51:00,2,2.5,2.0,5.0,2.0,12.0,0.3333333333333333,0.16666666666666666,10.9,1.3302752293577982,248749.0,0.6228963339408875,2.0,5.0,2.0,0.16666666666666666,0.3333333333333333,0.06711152173913043
2024-02-22,2024-02-22 10:30:00,2024-02-22 10:30:00,2024-02-22 10:30:00,long,4939.5,4941.5,4935.5,4941.5,2.0,20.0,limit_touch,take_profit,1.0,2024-02-22 10:30:00,1,-1.5,0.5,4.5,9.0,6.5,0.30434782608695654,0.07692307692307693,10.638461538461538,2.2089660159074476,122489.0,0.747092937558769,0.5,4.5,9.0,0.07692307692307693,0.30434782608695654,0.12530855072463767
2024-02-22,2024-02-22 11:17:00,2024-02-22 11:47:00,2024-02-22 11:48:00,long,4946.5,4948.5,4942.0,4948.5,2.0,20.0,limit_touch,take_profit,1.0,2024-02-22 11:17:00,2,6.0,8.5,8.5,22.0,13.5,0.7981651376146789,0.6296296296296297,10.638461538461538,3.054953000723066,198834.0,0.7686438185426807,8.5,8.5,22.0,0.6296296296296297,0.7981651376146789,0.5042478985507246
2024-02-23,2024-02-23 10:06:00,2024-02-23 10:09:00,2024-02-23 10:12:00,long,4971.5,4967.5,4967.5,4973.5,-4.0,-40.0,limit_touch,stop_loss,1.0,2024-02-23 10:06:00,1,3.5,5.5,7.5,10.5,22.5,0.3689839572192513,0.24444444444444444,10.885714285714284,1.2860892388451446,118854.0,0.9704453474352309,5.5,7.5,10.5,0.24444444444444444,0.3689839572192513,0.23852456521739132
2024-02-23,2024-02-23 11:19:00,2024-02-23 11:21:00,2024-02-23 11:31:00,long,4986.0,4988.0,4981.5,4988.0,2.0,20.0,limit_touch,take_profit,1.0,2024-02-23 11:19:00,2,3.0,8.5,11.0,28.5,19.5,0.7868020304568528,0.4358974358974359,10.885714285714284,3.0314960629921264,249582.0,0.9603273351726399,8.5,11.0,28.5,0.4358974358974359,0.7868020304568528,0.5276675362318841
2024-02-23,2024-02-23 12:07:00,2024-02-23 12:22:00,2024-02-23 12:23:00,long,4990.0,4992.0,4985.5,4992.0,2.0,20.0,limit_touch,take_profit,1.0,2024-02-23 12:07:00,3,0.0,5.0,8.5,34.5,16.0,0.5573770491803278,0.3125,10.885714285714284,3.5367454068241475,326005.0,0.9602704975700767,5.0,8.5,34.5,0.3125,0.5573770491803278,0.458599347826087
2024-02-26,2024-02-26 10:03:00,2024-02-26 10:06:00,2024-02-26 10:13:00,long,4988.5,4990.5,4984.0,4990.5,2.0,20.0,limit_touch,take_profit,1.0,2024-02-26 10:03:00,1,2.5,5.5,7.0,3.5,9.5,0.7209302325581395,0.5789473684210527,10.929999999999998,1.0064043915827998,72295.0,0.6181046216561904,5.5,7.0,3.5,0.5789473684210527,0.7209302325581395,0.2436936231884058
2024-02-26,2024-02-26 10:27:00,2024-02-26 10:36:00,2024-02-26 10:45:00,long,4993.0,4988.5,4988.5,4995.0,-4.5,-45.0,limit_touch,stop_loss,1.0,2024-02-26 10:27:00,2,4.0,6.5,8.5,9.0,13.5,0.5238095238095238,0.48148148148148145,10.929999999999998,1.5553522415370542,102357.0,0.6444109488855789,6.5,8.5,9.0,0.48148148148148145,0.5238095238095238,0.27112826086956526
2024-02-26,2024-02-26 11:36:00,2024-02-26 11:55:00,2024-02-26 12:00:00,short,4978.0,4975.5,4983.0,4975.5,2.5,25.0,limit_touch,take_profit,-1.0,2024-02-26 11:36:00,3,-6.0,-13.5,-11.0,-12.0,19.5,-0.8518518518518519,-0.6923076923076923,10.929999999999998,2.333028362305581,219523.0,0.7598305980278663,13.5,11.0,12.0,0.6923076923076923,0.8518518518518519,0.505396884057971
2024-02-27,2024-02-27 11:16:00,2024-02-27 11:26:00,2024-02-27 11:46:00,short,4963.5,4961.5,4968.0,4961.5,2.0,20.0,limit_touch,take_profit,-1.0,2024-02-27 11:16:00,1,-2.0,-7.5,-11.5,-19.5,16.5,-0.6644295302013423,-0.45454545454545453,10.725,2.0512820512820515,213745.0,0.8383031875941561,7.5,11.5,19.5,0.45454545454545453,0.6644295302013423,0.3990018115942029
2024-02-28,2024-02-28 11:02:00,2024-02-28 11:04:00,2024-02-28 11:05:00,long,4954.5,4956.5,4950.0,4956.5,2.0,20.0,limit_touch,take_profit,1.0,2024-02-28 11:02:00,1,3.0,8.0,13.0,12.5,24.0,0.48148148148148145,0.3333333333333333,11.00294117647059,1.545041432771986,183285.0,0.7902778810799623,8.0,13.0,12.5,0.3333333333333333,0.48148148148148145,0.279411231884058
2024-02-28,2024-02-28 11:12:00,2024-02-28 11:25:00,2024-02-28 11:32:00,long,4956.0,4958.0,4951.5,4958.0,2.0,20.0,limit_touch,take_profit,1.0,2024-02-28 11:12:00,2,0.5,5.0,5.0,14.5,16.0,0.390625,0.3125,11.00294117647059,1.772253408179631,201569.0,0.8136456770847629,5.0,5.0,14.5,0.3125,0.390625,0.25033072463768113
2024-02-28,2024-02-28 11:35:00,2024-02-28 11:43:00,2024-02-28 11:50:00,long,4957.5,4959.5,4953.0,4959.5,2.0,20.0,limit_touch,take_profit,1.0,2024-02-28 11:35:00,3,4.0,3.5,4.5,17.0,13.5,0.3258426966292135,0.25925925925925924,11.00294117647059,1.908580593424218,230675.0,0.8095962705633826,3.5,4.5,17.0,0.25925925925925924,0.3258426966292135,0.23525188405797104
2024-02-28,2024-02-28 11:55:00,2024-02-28 12:05:00,2024-02-28 12:23:00,long,4958.0,4960.0,4953.0,4960.0,2.0,20.0,limit_touch,take_profit,1.0,2024-02-28 11:55:00,4,2.5,-0.5,4.5,18.0,18.5,0.05389221556886228,-0.02702702702702703,11.00294117647059,1.999465383587276,261581.0,0.8227956533773979,-0.5,4.5,18.0,-0.02702702702702703,0.05389221556886228,0.16790173913043477
2024-02-29,2024-02-29 10:02:00,2024-02-29 10:31:00,2024-02-29 10:31:00,long,5002.5,4996.5,4996.5,5005.0,-6.0,-60.0,limit_touch,stop_loss,1.0,2024-02-29 10:02:00,1,10.0,8.0,17.5,38.5,22.0,0.6595744680851063,0.36363636363636365,10.95,3.7899543378995437,126120.0,1.121982869566971,8.0,17.5,38.5,0.36363636363636365,0.6595744680851063,0.590416884057971
2024-03-01,2024-03-01 10:18:00,2024-03-01 10:19:00,2024-03-01 10:20:00,long,4977.5,4979.5,4972.5,4979.5,2.0,20.0,limit_touch,take_profit,1.0,2024-03-01 10:18:00,1,3.0,5.0,4.0,6.0,18.0,-0.014285714285714285,0.2777777777777778,11.028947368421052,1.0427105702696253,93306.0,0.667468738110956,5.0,4.0,6.0,0.2777777777777778,-0.014285714285714285,0.1416889855072464
2024-03-01,2024-03-01 10:35:00,2024-03-01 10:35:00,2024-03-01 10:35:00,long,4982.5,4985.0,4977.5,4985.0,2.5,25.0,limit_touch,take_profit,1.0,2024-03-01 10:35:00,2,3.0,5.0,11.0,8.5,15.0,0.4583333333333333,0.3333333333333333,11.028947368421052,1.632068718682892,117932.0,0.671944089365396,5.0,11.0,8.5,0.3333333333333333,0.4583333333333333,0.1932699275362319
2024-03-01,2024-03-01 11:21:00,2024-03-01 11:25:00,2024-03-01 11:42:00,short,4971.5,4976.5,4976.5,4969.0,-5.0,-50.0,limit_touch,stop_loss,-1.0,2024-03-01 11:21:00,3,-6.0,-6.0,-10.5,-5.0,16.0,-0.49019607843137253,-0.375,11.028947368421052,1.8587449296110714,204652.0,0.7912716227405336,6.0,10.5,5.0,0.375,0.49019607843137253,0.24013579710144928
2024-03-01,2024-03-01 12:15:00,2024-03-01 12:19:00,2024-03-01 12:20:00,short,4968.5,4966.0,4974.0,4966.0,2.5,25.0,limit_touch,take_profit,-1.0,2024-03-01 12:15:00,4,0.5,-16.5,-9.0,-6.5,33.5,-0.705989110707804,-0.4925373134328358,11.028947368421052,2.2667621092817942,314076.0,0.9055865639628874,16.5,9.0,6.5,0.4925373134328358,0.705989110707804,0.48962079710144923
2024-03-04,2024-03-04 10:46:00,2024-03-04 10:47:00,2024-03-04 10:53:00,short,4960.0,4958.0,4964.0,4958.0,2.0,20.0,limit_touch,take_profit,-1.0,2024-03-04 10:46:00,1,-4.5,-4.0,-5.5,-7.5,10.0,-0.3333333333333333,-0.4,11.028947368421052,1.178716296826533,102590.0,0.518351961773627,4.0,5.5,7.5,0.4,0.3333333333333333,0.16727311594202898
2024-03-04,2024-03-04 10:54:00,2024-03-04 10:57:00,2024-03-04 11:02:00,short,4958.5,4956.5,4962.5,4956.5,2.0,20.0,limit_touch,take_profit,-1.0,2024-03-04 10:54:00,2,-3.5,-5.0,-6.5,-8.0,11.0,-0.391304347826087,-0.45454545454545453,11.028947368421052,1.3147220233834407,113779.0,0.5362173768381088,5.0,6.5,8.0,0.45454545454545453,0.391304347826087,0.21359615942028987
2024-03-04,2024-03-04 11:18:00,2024-03-04 11:21:00,2024-03-04 11:51:00,short,4957.5,4961.5,4961.5,4955.5,-4.0,-40.0,limit_touch,stop_loss,-1.0,2024-03-04 11:18:00,3,0.5,0.5,-3.5,-9.0,6.5,-0.2631578947368421,0.07692307692307693,11.028947368421052,1.4507277499403484,138808.0,0.5522506564229456,-0.5,3.5,9.0,-0.07692307692307693,0.2631578947368421,0.05592072463768116
2024-03-04,2024-03-04 13:16:00,2024-03-04 14:00:00,2024-03-04 15:14:00,short,4956.0,4959.5,4959.5,4954.5,-3.5,-35.0,limit_touch,stop_loss,-1.0,2024-03-04 13:16:00,4,-1.5,-2.5,-2.0,-10.5,5.5,-0.6,-0.45454545454545453,11.028947368421052,1.632068718682892,217351.0,0.5398495382798795,2.5,2.0,10.5,0.45454545454545453,0.6,0.2068776811594203
2024-03-05,2024-03-05 10:23:00,2024-03-05 10:25:00,2024-03-05 10:39:00,short,4961.0,4959.5,4964.0,4959.5,1.5,15.0,limit_touch,take_profit,-1.0,2024-03-05 10:23:00,1,-1.0,-1.0,-7.5,-4.5,10.0,-0.05,-0.1,11.028947368421052,1.1333810546408971,104478.0,0.7233708007531564,1.0,7.5,4.5,0.1,0.05,0.05747246376811594
2024-03-05,2024-03-05 12:16:00,2024-03-05 12:16:00,2024-03-05 12:16:00,short,4956.0,4954.5,4960.0,4954.5,1.5,15.0,limit_touch,take_profit,-1.0,2024-03-05 12:16:00,2,-3.5,0.0,-8.0,-8.5,20.0,0.058823529411764705,0.0,11.028947368421052,1.9040801717967073,233309.0,0.682254560128979,-0.0,8.0,8.5,-0.0,-0.058823529411764705,0.09078456521739131
2024-03-05,2024-03-05 13:55:00,2024-03-05 14:00:00,2024-03-05 14:02:00,long,4967.5,4969.5,4963.5,4969.5,2.0,20.0,limit_touch,take_profit,1.0,2024-03-05 13:55:00,3,4.0,9.0,10.0,5.5,14.0,0.8478260869565217,0.6428571428571429,11.028947368421052,2.040085898353615,310925.0,0.7276456230275745,9.0,10.0,5.5,0.6428571428571429,0.8478260869565217,0.38172615942028987
2024-03-06,2024-03-06 10:30:00,2024-03-06 10:30:00,2024-03-06 10:36:00,short,4947.5,4945.5,4951.5,4945.5,2.0,20.0,limit_touch,take_profit,-1.0,2024-03-06 10:30:00,1,-2.5,-6.0,-8.0,-8.5,10.0,-0.3333333333333333,-0.6,11.028947368421052,1.0880458124552612,126890.0,0.8202791043449452,6.0,8.0,8.5,0.6,0.3333333333333333,0.30271927536231885
2024-03-06,2024-03-06 11:00:00,2024-03-06 11:01:00,2024-03-06 11:04:00,short,4947.0,4945.0,4951.0,4945.0,2.0,20.0,limit_touch,take_profit,-1.0,2024-03-06 11:00:00,2,-3.0,-4.0,-2.0,-10.5,11.0,-0.5217391304347826,-0.36363636363636365,11.028947368421052,1.1333810546408971,165640.0,0.7549819739925331,4.0,2.0,10.5,0.36363636363636365,0.5217391304347826,0.18402318840579707
2024-03-07,2024-03-07 13:54:00,2024-03-07 14:01:00,2024-03-07 14:11:00,short,4944.0,4947.0,4947.0,4942.5,-3.0,-30.0,limit_touch,stop_loss,-1.0,2024-03-07 13:54:00,1,-1.0,-2.5,-3.0,-5.0,5.5,-0.6842105263157895,-0.45454545454545453,11.028947368421052,1.0880458124552612,206182.0,0.4920420405729091,2.5,3.0,5.0,0.45454545454545453,0.6842105263157895,0.15948036231884058
2024-03-08,2024-03-08 10:24:00,2024-03-08 10:30:00,2024-03-08 10:30:00,long,4981.5,4977.0,4977.0,4983.5,-4.5,-45.0,limit_touch,stop_loss,1.0,2024-03-08 10:24:00,1,3.5,13.5,15.0,27.5,16.5,0.9363057324840764,0.8181818181818182,5.88,5.017006802721088,174155.0,1.2242212406187032,13.5,15.0,27.5,0.8181818181818182,0.9363057324840764,0.7589033333333334
2024-03-08,2024-03-08 11:14:00,2024-03-08 11:24:00,2024-03-08 11:27:00,long,4990.0,4984.0,4984.0,4993.0,-6.0,-60.0,limit_touch,stop_loss,1.0,2024-03-08 11:14:00,2,3.5,7.5,25.0,39.0,18.5,0.4676258992805755,0.40540540540540543,5.88,6.887755102040816,346227.0,1.4591874507864682,7.5,25.0,39.0,0.40540540540540543,0.4676258992805755,0.639143695652174
2024-03-11,2024-03-11 11:35:00,2024-03-11 12:25:00,2024-03-11 12:57:00,short,4977.0,4975.0,4982.0,4975.0,2.0,20.0,limit_touch,take_profit,-1.0,2024-03-11 11:35:00,1,-11.5,-12.0,-14.0,-21.5,17.0,-0.9,-0.7058823529411765,6.925,5.776173285198556,263116.0,0.9730532537055259,12.0,14.0,21.5,0.7058823529411765,0.9,0.6408346376811594
2024-03-12,2024-03-12 10:39:00,2024-03-12 10:50:00,2024-03-12 11:02:00,long,4991.0,4985.0,4985.0,4993.5,-6.0,-60.0,limit_touch,stop_loss,1.0,2024-03-12 10:39:00,1,5.5,9.5,6.5,17.0,23.5,0.2930232558139535,0.40425531914893614,7.6499999999999995,4.771241830065359,265602.0,1.499228800480171,9.5,6.5,17.0,0.40425531914893614,0.2930232558139535,0.5568640579710145
2024-03-13,2024-03-13 10:37:00,2024-03-13 11:09:00,2024-03-13 11:42:00,long,4986.0,4982.0,4982.0,4988.0,-4.0,-40.0,limit_touch,stop_loss,1.0,2024-03-13 10:37:00,1,1.0,-1.5,3.0,19.5,8.5,-0.2413793103448276,-0.17647058823529413,8.0625,3.1627906976744184,134790.0,0.776986951934008,-1.5,3.0,19.5,-0.17647058823529413,-0.2413793103448276,0.20577623188405797
2024-03-14,2024-03-14 10:13:00,2024-03-14 10:16:00,2024-03-14 10:25:00,long,4971.5,4973.5,4967.5,4973.5,2.0,20.0,limit_touch,take_profit,1.0,2024-03-14 10:13:00,1,4.5,4.0,12.0,5.0,13.0,0.7291666666666666,0.3076923076923077,8.016666666666666,2.2453222453222454,153079.0,1.2191874340362432,4.0,12.0,5.0,0.3076923076923077,0.7291666666666666,0.3105399275362319
2024-03-14,2024-03-14 10:36:00,2024-03-14 10:40:00,2024-03-14 10:43:00,long,4978.5,4980.5,4974.0,4980.5,2.0,20.0,limit_touch,take_profit,1.0,2024-03-14 10:36:00,2,7.5,11.0,10.5,12.5,21.0,0.6875,0.5238095238095238,8.016666666666666,3.3679833679833684,199849.0,1.1775879468443706,11.0,10.5,12.5,0.5238095238095238,0.6875,0.5673400724637682
2024-03-14,2024-03-14 10:59:00,2024-03-14 11:05:00,2024-03-14 11:18:00,long,4979.5,4981.5,4975.0,4981.5,2.0,20.0,limit_touch,take_profit,1.0,2024-03-14 10:59:00,3,2.5,5.0,12.5,16.0,14.0,0.6458333333333334,0.35714285714285715,8.016666666666666,3.5550935550935554,242805.0,1.1405825118667305,5.0,12.5,16.0,0.35714285714285715,0.6458333333333334,0.42381565217391304
2024-03-14,2024-03-14 12:55:00,2024-03-14 13:20:00,2024-03-14 13:29:00,long,4981.0,4983.0,4976.0,4983.0,2.0,20.0,limit_touch,take_profit,1.0,2024-03-14 12:55:00,4,2.0,3.5,6.0,19.0,11.5,0.2,0.30434782608695654,8.016666666666666,3.804573804573805,360493.0,0.9771239237649646,3.5,6.0,19.0,0.30434782608695654,0.2,0.36233478260869567
2024-03-15,2024-03-15 10:10:00,2024-03-15 10:13:00,2024-03-15 10:27:00,long,5000.5,5002.5,4996.0,5002.5,2.0,20.0,limit_touch,take_profit,1.0,2024-03-15 10:10:00,1,2.5,7.5,12.0,11.0,13.5,0.8415841584158416,0.5555555555555556,8.625,2.260869565217391,102605.0,0.8463071887652834,7.5,12.0,11.0,0.5555555555555556,0.8415841584158416,0.3946040579710145
2024-03-18,2024-03-18 11:01:00,2024-03-18 11:10:00,2024-03-18 11:11:00,long,5009.0,5011.0,5005.0,5011.0,2.0,20.0,limit_touch,take_profit,1.0,2024-03-18 11:01:00,1,0.5,14.0,18.0,21.0,21.0,0.8170731707317073,0.6666666666666666,8.372727272727273,3.583061889250814,166696.0,0.7796268224565038,14.0,18.0,21.0,0.6666666666666666,0.8170731707317073,0.5950935507246378
2024-03-18,2024-03-18 11:56:00,2024-03-18 12:59:00,2024-03-18 13:07:00,long,5022.5,5024.5,5018.0,5024.5,2.0,20.0,limit_touch,take_profit,1.0,2024-03-18 11:56:00,2,10.0,16.5,21.0,37.5,21.5,0.9102040816326531,0.7674418604651163,8.372727272727273,5.732899022801303,254125.0,0.8591677666286786,16.5,21.0,37.5,0.7674418604651163,0.9102040816326531,0.7425597826086956
2024-03-19,2024-03-19 10:35:00,2024-03-19 10:36:00,2024-03-19 10:44:00,short,5045.0,5043.0,5049.5,5043.0,2.0,20.0,limit_touch,take_profit,-1.0,2024-03-19 10:35:00,1,-3.0,-5.5,-2.5,-5.0,16.5,-0.494949494949495,-0.3333333333333333,9.0,1.7777777777777777,169301.0,1.0362665651965228,5.5,2.5,5.0,0.3333333333333333,0.494949494949495,0.28799985507246384
2024-03-19,2024-03-19 10:46:00,2024-03-19 10:47:00,2024-03-19 10:54:00,short,5043.5,5041.5,5048.0,5041.5,2.0,20.0,limit_touch,take_profit,-1.0,2024-03-19 10:46:00,2,-6.5,-5.0,-7.5,-7.5,20.0,-0.4657534246575342,-0.25,9.0,2.0,188453.0,1.0093212777284446,5.0,7.5,7.5,0.25,0.4657534246575342,0.2658522463768116
2024-03-19,2024-03-19 11:11:00,2024-03-19 11:22:00,2024-03-19 11:26:00,short,5038.5,5036.5,5043.0,5036.5,2.0,20.0,limit_touch,take_profit,-1.0,2024-03-19 11:11:00,3,-3.5,-7.0,-11.5,-12.5,13.0,-0.7037037037037037,-0.5384615384615384,9.0,2.7777777777777777,226671.0,0.9988323432474606,7.0,11.5,12.5,0.5384615384615384,0.7037037037037037,0.4581959420289855
2024-03-19,2024-03-19 11:54:00,2024-03-19 12:04:00,2024-03-19 12:10:00,short,5032.5,5030.0,5037.5,5030.0,2.5,25.0,limit_touch,take_profit,-1.0,2024-03-19 11:54:00,4,-6.0,-5.0,-12.5,-22.0,16.0,-0.3269230769230769,-0.3125,9.0,3.6666666666666665,289118.0,0.9952049437482606,5.0,12.5,22.0,0.3125,0.3269230769230769,0.4101182608695652
2024-03-19,2024-03-19 12:56:00,2024-03-19 13:08:00,2024-03-19 13:09:00,short,5029.0,5026.5,5034.0,5026.5,2.5,25.0,better_open,take_profit,-1.0,2024-03-19 12:56:00,5,0.5,-1.5,-4.5,-24.0,10.5,-0.2765957446808511,-0.14285714285714285,9.0,4.166666666666667,350008.0,0.9666427052157421,1.5,4.5,24.0,0.14285714285714285,0.2765957446808511,0.3278541304347826
2024-03-20,2024-03-20 10:08:00,2024-03-20 10:10:00,2024-03-20 10:14:00,short,5020.0,5017.5,5025.0,5017.5,2.5,25.0,limit_touch,take_profit,-1.0,2024-03-20 10:08:00,1,-1.5,-1.5,-11.5,-16.5,15.5,-0.35135135135135137,-0.0967741935483871,9.357692307692307,2.137279079325935,121834.0,1.0500858020270136,1.5,11.5,16.5,0.0967741935483871,0.35135135135135137,0.2590222463768116
2024-03-20,2024-03-20 10:35:00,2024-03-20 10:41:00,2024-03-20 10:47:00,short,5017.0,5014.5,5022.0,5014.5,2.5,25.0,better_open,take_profit,-1.0,2024-03-20 10:35:00,2,-3.5,-5.0,-6.0,-19.5,17.0,-0.3968253968253968,-0.29411764705882354,9.357692307692307,2.564734895191122,162422.0,0.9939470662287664,5.0,6.0,19.5,0.29411764705882354,0.3968253968253968,0.3690188405797102
2024-03-21,2024-03-21 10:34:00,2024-03-21 10:43:00,2024-03-21 10:45:00,long,4975.0,4977.5,4969.5,4977.5,2.5,25.0,limit_touch,take_profit,1.0,2024-03-21 10:34:00,1,3.5,9.5,7.0,24.0,13.5,0.84,0.7037037037037037,10.178571428571429,2.5543859649122806,163881.0,1.0245092824488216,9.5,7.0,24.0,0.7037037037037037,0.84,0.6057005072463768
2024-03-21,2024-03-21 11:03:00,2024-03-21 11:15:00,2024-03-21 11:16:00,long,4979.0,4981.5,4973.0,4981.5,2.5,25.0,limit_touch,take_profit,1.0,2024-03-21 11:03:00,2,2.5,3.5,4.5,27.5,15.5,0.3153153153153153,0.22580645161290322,10.178571428571429,3.094736842105263,213013.0,0.9964379905676294,3.5,4.5,27.5,0.22580645161290322,0.3153153153153153,0.38721615942028986
2024-03-22,2024-03-22 10:58:00,2024-03-22 11:22:00,2024-03-22 11:26:00,short,4989.0,4986.5,4994.0,4986.5,2.5,25.0,limit_touch,take_profit,-1.0,2024-03-22 10:58:00,1,-1.5,-7.5,-13.0,-12.0,16.5,-0.4588235294117647,-0.45454545454545453,10.129999999999999,2.714708785784798,215523.0,1.0458530528654246,7.5,13.0,12.0,0.45454545454545453,0.4588235294117647,0.44521579710144926
2024-03-22,2024-03-22 11:54:00,2024-03-22 12:03:00,2024-03-22 12:07:00,short,4988.5,4986.5,4993.5,4986.5,2.0,20.0,limit_touch,take_profit_gap_open,-1.0,2024-03-22 11:54:00,2,-1.0,-4.5,-5.5,-12.5,9.5,-0.5849056603773585,-0.47368421052631576,10.129999999999999,2.7640671273445214,272428.0,0.9427524758551209,4.5,5.5,12.5,0.47368421052631576,0.5849056603773585,0.3702634782608695
2024-03-25,2024-03-25 10:01:00,2024-03-25 10:02:00,2024-03-25 10:04:00,long,5000.5,4996.5,4996.5,5002.5,-4.0,-40.0,limit_touch,stop_loss,1.0,2024-03-25 10:01:00,1,7.5,8.5,14.0,8.5,11.5,0.8947368421052632,0.7391304347826086,10.021875,1.9457436856875585,78693.0,0.7637317746341178,8.5,14.0,8.5,0.7391304347826086,0.8947368421052632,0.39911420289855076
2024-03-25,2024-03-25 10:15:00,2024-03-25 10:15:00,2024-03-25 10:15:00,short,4985.5,4983.5,4990.5,4983.5,2.0,20.0,limit_touch,take_profit,-1.0,2024-03-25 10:15:00,2,-6.0,-15.0,-10.0,-10.5,37.0,-0.5513307984790875,-0.40540540540540543,10.021875,2.694106641721235,134333.0,1.0671595914648735,15.0,10.0,10.5,0.40540540540540543,0.5513307984790875,0.5262792753623188
2024-03-25,2024-03-25 10:42:00,2024-03-25 10:45:00,2024-03-25 10:51:00,short,4984.0,4981.5,4989.0,4981.5,2.5,25.0,limit_touch,take_profit,-1.0,2024-03-25 10:42:00,3,-1.5,-9.0,-14.0,-16.0,17.0,-0.6266666666666667,-0.5294117647058824,10.021875,2.8437792329279703,184949.0,1.0388663759909633,9.0,14.0,16.0,0.5294117647058824,0.6266666666666667,0.5228341304347827
2024-03-25,2024-03-25 11:03:00,2024-03-25 11:31:00,2024-03-25 11:39:00,short,4982.5,4980.0,4987.5,4980.0,2.5,25.0,limit_touch,take_profit,-1.0,2024-03-25 11:03:00,4,-0.5,-5.5,-1.5,-15.5,14.5,-0.5445544554455446,-0.3793103448275862,10.021875,3.043342687870284,216116.0,1.009990973377422,5.5,1.5,15.5,0.3793103448275862,0.5445544554455446,0.3989501449275362
2024-03-26,2024-03-26 10:08:00,2024-03-26 10:13:00,2024-03-26 10:14:00,long,4977.5,4979.0,4973.5,4979.0,1.5,15.0,limit_touch,take_profit,1.0,2024-03-26 10:08:00,1,0.0,2.5,6.5,11.0,12.5,-0.014925373134328358,0.2,10.03235294117647,1.8938727645851658,118815.0,1.0301195339788878,2.5,6.5,11.0,0.2,-0.014925373134328358,0.23676942028985506
2024-03-26,2024-03-26 12:40:00,2024-03-26 13:27:00,2024-03-26 13:32:00,long,4985.0,4986.5,4981.5,4986.5,1.5,15.0,limit_touch,take_profit,1.0,2024-03-26 12:40:00,2,2.5,4.0,4.0,22.0,10.0,0.3333333333333333,0.4,10.03235294117647,2.9404866608032836,285665.0,0.8327327080028072,4.0,4.0,22.0,0.4,0.3333333333333333,0.36072376811594203
2024-03-27,2024-03-27 10:17:00,2024-03-27 10:30:00,2024-03-27 10:47:00,long,4989.0,4991.0,4985.0,4991.0,2.0,20.0,limit_touch,take_profit,1.0,2024-03-27 10:17:00,1,2.5,3.0,4.5,20.0,13.0,0.17647058823529413,0.23076923076923078,9.966666666666667,2.408026755852843,134517.0,1.0377870028140146,3.0,4.5,20.0,0.23076923076923078,0.17647058823529413,0.3297895652173913
2024-03-28,2024-03-28 10:03:00,2024-03-28 10:03:00,2024-03-28 10:12:00,long,5014.5,5016.5,5010.0,5016.5,2.0,20.0,limit_touch,take_profit,1.0,2024-03-28 10:03:00,1,7.5,3.5,5.0,6.0,22.5,0.5123674911660777,0.15555555555555556,9.821052631578947,1.0182207931404073,93240.0,0.8696882311333588,3.5,5.0,6.0,0.15555555555555556,0.5123674911660777,0.1227136231884058
2024-03-28,2024-03-28 10:17:00,2024-03-28 10:19:00,2024-03-28 10:29:00,long,5018.5,5014.0,5014.0,5020.5,-4.5,-45.0,limit_touch,stop_loss,1.0,2024-03-28 10:17:00,2,5.0,7.5,6.0,9.0,16.5,0.7177914110429447,0.45454545454545453,9.821052631578947,1.5782422293676313,118680.0,0.9145599046498606,7.5,6.0,9.0,0.45454545454545453,0.7177914110429447,0.32997347826086953
2024-03-28,2024-03-28 10:51:00,2024-03-28 10:52:00,2024-03-28 10:54:00,short,5004.5,5002.0,5009.5,5002.0,2.5,25.0,limit_touch,take_profit,-1.0,2024-03-28 10:51:00,3,-2.5,-12.5,-18.0,-9.0,20.5,-0.7305699481865285,-0.6097560975609756,9.821052631578947,2.4437299035369775,187648.0,0.9604470566577673,12.5,18.0,9.0,0.6097560975609756,0.7305699481865285,0.5167090579710145
2024-03-28,2024-03-28 11:12:00,2024-03-28 11:28:00,2024-03-28 12:00:00,short,5002.5,5007.5,5007.5,5000.0,-5.0,-50.0,limit_touch,stop_loss,-1.0,2024-03-28 11:12:00,4,-3.5,-5.0,-11.5,-13.0,11.0,-0.7142857142857143,-0.45454545454545453,9.821052631578947,2.7491961414790995,219367.0,0.9612792458650886,5.0,11.5,13.0,0.45454545454545453,0.7142857142857143,0.3817863768115942
2024-03-28,2024-03-28 13:00:00,2024-03-28 13:22:00,2024-03-28 13:22:00,long,5016.0,5018.0,5011.5,5018.0,2.0,20.0,limit_touch,take_profit,1.0,2024-03-28 13:00:00,5,0.5,6.0,9.5,10.5,11.0,0.6206896551724138,0.5454545454545454,9.821052631578947,2.80010718113612,328665.0,0.9044267868835592,6.0,9.5,10.5,0.5454545454545454,0.6206896551724138,0.3983095652173913
2024-04-01,2024-04-01 12:46:00,2024-04-01 14:41:00,2024-04-01 15:27:00,long,5070.5,5073.0,5065.5,5073.0,2.5,25.0,limit_touch,take_profit_gap_open,1.0,2024-04-01 12:46:00,1,1.5,7.0,12.0,58.5,15.0,0.6585365853658537,0.4666666666666667,9.9975,6.201550387596899,372171.0,1.06596275436795,7.0,12.0,58.5,0.4666666666666667,0.6585365853658537,0.6517916666666668
2024-04-02,2024-04-02 10:18:00,2024-04-02 10:52:00,2024-04-02 10:57:00,long,5062.0,5057.0,5057.0,5064.5,-5.0,-50.0,limit_touch,stop_loss,1.0,2024-04-02 10:18:00,1,3.0,4.5,2.5,21.0,15.5,0.23076923076923078,0.2903225806451613,9.9975,2.3505876469117277,160724.0,1.2261529036869878,4.5,2.5,21.0,0.2903225806451613,0.23076923076923078,0.4054145652173913
2024-04-02,2024-04-02 11:53:00,2024-04-02 11:58:00,2024-04-02 12:04:00,long,5067.5,5061.5,5061.5,5070.0,-6.0,-60.0,limit_touch,stop_loss,1.0,2024-04-02 11:53:00,2,7.0,13.0,13.5,29.0,18.0,0.8641975308641975,0.7222222222222222,9.9975,3.050762690672668,350517.0,1.219547369810934,13.0,13.5,29.0,0.7222222222222222,0.8641975308641975,0.7372347826086957
2024-04-02,2024-04-02 14:39:00,2024-04-02 14:51:00,2024-04-02 15:06:00,long,5069.0,5071.5,5063.5,5071.5,2.5,25.0,limit_touch,take_profit,1.0,2024-04-02 14:39:00,3,4.5,4.5,2.0,31.5,11.5,0.5686274509803921,0.391304347826087,9.9975,3.250812703175794,490239.0,1.1605568019978991,4.5,2.0,31.5,0.391304347826087,0.5686274509803921,0.5105668115942029
2024-04-03,2024-04-03 10:02:00,2024-04-03 10:02:00,2024-04-03 10:10:00,short,5085.0,5090.0,5090.0,5083.0,-5.0,-50.0,limit_touch,stop_loss,-1.0,2024-04-03 10:02:00,1,-9.5,-5.5,-12.0,-3.0,23.5,-0.3204633204633205,-0.23404255319148937,9.9975,1.600400100025006,145511.0,1.3921642227766362,5.5,12.0,3.0,0.23404255319148937,0.3204633204633205,0.2887392028985507
2024-04-03,2024-04-03 10:49:00,2024-04-03 10:49:00,2024-04-03 10:49:00,long,5098.5,5101.0,5093.5,5101.0,2.5,25.0,limit_touch,take_profit,1.0,2024-04-03 10:49:00,2,4.0,7.0,8.5,14.0,17.0,0.3,0.4117647058823529,9.9975,2.3505876469117277,221876.0,1.1598210019832524,7.0,8.5,14.0,0.4117647058823529,0.3,0.4400540579710145
2024-04-03,2024-04-03 10:56:00,2024-04-03 11:00:00,2024-04-03 11:00:00,long,5099.0,5094.0,5094.0,5101.5,-5.0,-50.0,limit_touch,stop_loss,1.0,2024-04-03 10:56:00,3,3.0,10.5,14.0,19.5,24.5,0.5720164609053497,0.42857142857142855,9.9975,2.4006001500375094,244962.0,1.2069450012490124,10.5,14.0,19.5,0.42857142857142855,0.5720164609053497,0.5460622463768116
2024-04-04,2024-04-04 11:08:00,2024-04-04 11:30:00,2024-04-04 11:34:00,short,5036.5,5034.0,5041.5,5034.0,2.5,25.0,limit_touch,take_profit,-1.0,2024-04-04 11:08:00,1,-1.5,-5.5,-9.5,-25.0,19.5,-0.10303030303030303,-0.28205128205128205,9.9975,3.500875218804701,230454.0,1.0336247770217695,5.5,9.5,25.0,0.28205128205128205,0.10303030303030303,0.4394589130434783
2024-04-04,2024-04-04 12:47:00,2024-04-04 13:57:00,2024-04-04 14:21:00,short,5029.5,5035.0,5035.0,5027.0,-5.5,-55.0,limit_touch,stop_loss,-1.0,2024-04-04 12:47:00,2,1.0,-2.0,-8.0,-33.0,11.0,-0.2962962962962963,-0.18181818181818182,9.9975,4.401100275068767,386496.0,1.1052945778758152,2.0,8.0,33.0,0.18181818181818182,0.2962962962962963,0.4229632608695652
2024-04-05,2024-04-05 13:32:00,2024-04-05 13:54:00,2024-04-05 14:02:00,long,5075.0,5078.0,5069.0,5078.0,3.0,30.0,limit_touch,take_profit,1.0,2024-04-05 13:32:00,1,3.0,7.5,8.5,20.0,14.5,0.7528089887640449,0.5172413793103449,9.9975,4.50112528132033,489479.0,1.291730752001202,7.5,8.5,20.0,0.5172413793103449,0.7528089887640449,0.5782197101449275
2024-04-08,2024-04-08 10:00:00,2024-04-08 10:06:00,2024-04-08 10:20:00,short,5072.5,5070.5,5077.5,5070.5,2.0,20.0,limit_touch,take_profit,-1.0,2024-04-08 10:00:00,1,-1.5,-7.5,-7.0,-11.5,18.5,-0.6934306569343066,-0.40540540540540543,15.389999999999999,1.202079272254711,100077.0,0.9877525734598022,7.5,7.0,11.5,0.40540540540540543,0.6934306569343066,0.3333023188405797
2024-04-09,2024-04-09 10:10:00,2024-04-09 10:19:00,2024-04-09 10:20:00,short,5021.0,5019.0,5025.5,5019.0,2.0,20.0,limit_touch,take_profit,-1.0,2024-04-09 10:10:00,1,-3.0,-5.5,-8.0,-19.0,14.5,-0.5280898876404494,-0.3793103448275862,15.4,1.4285714285714286,133995.0,1.1172540761145233,5.5,8.0,19.0,0.3793103448275862,0.5280898876404494,0.3747719565217391
2024-04-09,2024-04-09 11:18:00,2024-04-09 11:34:00,2024-04-09 11:41:00,short,5017.5,5022.0,5022.0,5015.5,-4.5,-45.0,limit_touch,stop_loss,-1.0,2024-04-09 11:18:00,2,-1.5,-6.5,-4.5,-23.5,13.5,-0.5873015873015873,-0.48148148148148145,15.4,1.7532467532467533,239801.0,1.0074449648372505,6.5,4.5,23.5,0.48148148148148145,0.5873015873015873,0.45127855072463774
2024-04-09,2024-04-09 12:39:00,2024-04-09 13:59:00,2024-04-09 14:15:00,short,5017.0,5022.0,5022.0,5014.5,-5.0,-50.0,limit_touch,stop_loss,-1.0,2024-04-09 12:39:00,3,-1.5,-4.5,-4.5,-23.5,9.5,-0.7543859649122807,-0.47368421052631576,15.4,1.7857142857142856,341857.0,1.0030967673911173,4.5,4.5,23.5,0.47368421052631576,0.7543859649122807,0.41277268115942023
2024-04-11,2024-04-11 11:16:00,2024-04-11 11:53:00,2024-04-11 11:53:00,long,5093.0,5096.0,5086.0,5096.0,3.0,30.0,limit_touch,take_profit,1.0,2024-04-11 11:16:00,1,6.5,5.0,9.0,15.0,21.0,0.45098039215686275,0.23809523809523808,15.899999999999999,2.106918238993711,326414.0,1.3848034241868907,5.0,9.0,15.0,0.23809523809523808,0.45098039215686275,0.36630797101449275
2024-04-12,2024-04-12 10:05:00,2024-04-12 10:12:00,2024-04-12 10:14:00,long,5137.0,5131.5,5131.5,5139.5,-5.5,-55.0,limit_touch,stop_loss,1.0,2024-04-12 10:05:00,1,3.0,6.0,13.0,17.0,14.0,0.5454545454545454,0.42857142857142855,15.333333333333334,1.7934782608695652,162688.0,1.4118939650460316,6.0,13.0,17.0,0.42857142857142855,0.5454545454545454,0.44407782608695656
2024-04-12,2024-04-12 12:08:00,2024-04-12 12:44:00,2024-04-12 13:01:00,long,5147.5,5141.5,5141.5,5150.0,-6.0,-60.0,limit_touch,stop_loss,1.0,2024-04-12 12:08:00,2,3.0,8.0,12.0,34.5,19.0,0.6219512195121951,0.42105263157894735,15.333333333333334,2.6739130434782608,399279.0,1.2979542465214455,8.0,12.0,34.5,0.42105263157894735,0.6219512195121951,0.600874927536232
2024-04-15,2024-04-15 14:27:00,2024-04-15 14:59:00,2024-04-15 15:34:00,long,5196.0,5188.5,5188.5,5199.5,-7.5,-75.0,limit_touch,stop_loss,1.0,2024-04-15 14:27:00,1,8.0,17.0,18.0,93.0,25.0,0.8582677165354331,0.68,15.03,7.385229540918164,638631.0,1.5475932712282425,17.0,18.0,93.0,0.68,0.8582677165354331,0.9100998550724637
2024-04-16,2024-04-16 11:59:00,2024-04-16 13:14:00,2024-04-16 13:31:00,long,5272.5,5277.0,5263.0,5277.0,4.5,45.0,limit_touch,take_profit,1.0,2024-04-16 11:59:00,1,16.0,15.0,15.5,87.0,27.0,0.8490566037735849,0.5555555555555556,16.690909090909088,5.392156862745099,533826.0,1.791900186599625,15.0,15.5,87.0,0.5555555555555556,0.8490566037735849,0.8580708695652175
2024-04-17,2024-04-17 10:46:00,2024-04-17 10:56:00,2024-04-17 11:06:00,short,5246.5,5242.5,5255.5,5242.5,4.0,40.0,limit_touch,take_profit,-1.0,2024-04-17 10:46:00,1,-9.5,-20.5,-18.0,-52.0,34.5,-0.7296037296037297,-0.5942028985507246,17.662499999999998,3.2837933474876153,300518.0,1.5666862686218574,20.5,18.0,52.0,0.5942028985507246,0.7296037296037297,0.8819741304347826
2024-04-18,2024-04-18 12:43:00,2024-04-18 12:52:00,2024-04-18 13:01:00,long,5262.5,5266.5,5254.0,5266.5,4.0,40.0,limit_touch,take_profit,1.0,2024-04-18 12:43:00,1,4.5,5.0,13.0,34.0,16.0,0.2857142857142857,0.3125,17.79230769230769,2.079550367488111,494403.0,1.4044005039600786,5.0,13.0,34.0,0.3125,0.2857142857142857,0.4889395652173913
2024-04-18,2024-04-18 14:25:00,2024-04-18 14:43:00,2024-04-18 15:04:00,long,5272.5,5265.0,5265.0,5276.0,-7.5,-75.0,limit_touch,stop_loss,1.0,2024-04-18 14:25:00,2,4.0,7.5,8.0,48.0,17.5,0.6339869281045751,0.42857142857142855,17.79230769230769,2.8383052313013404,591613.0,1.4070632101408436,7.5,8.0,48.0,0.42857142857142855,0.6339869281045751,0.6520671739130435
2024-04-19,2024-04-19 10:12:00,2024-04-19 10:15:00,2024-04-19 10:17:00,short,5257.5,5254.0,5264.5,5254.0,3.5,35.0,limit_touch,take_profit,-1.0,2024-04-19 10:12:00,1,-4.0,-2.5,-7.0,-23.5,22.5,-0.23404255319148937,-0.1111111111111111,17.603571428571428,1.9598295800365186,187762.0,1.4300212147510876,2.5,7.0,23.5,0.1111111111111111,0.23404255319148937,0.3495002898550725
2024-04-22,2024-04-22 10:04:00,2024-04-22 10:06:00,2024-04-22 10:08:00,long,5214.5,5217.5,5208.5,5217.5,3.0,30.0,limit_touch,take_profit,1.0,2024-04-22 10:04:00,1,2.0,8.5,14.5,5.5,25.5,0.3459715639810427,0.3333333333333333,18.29,1.1208310552214324,156916.0,1.3214283107709428,8.5,14.5,5.5,0.3333333333333333,0.3459715639810427,0.3545365942028985
2024-04-22,2024-04-22 10:10:00,2024-04-22 10:11:00,2024-04-22 10:15:00,long,5215.0,5209.0,5209.0,5218.0,-6.0,-60.0,limit_touch,stop_loss,1.0,2024-04-22 10:10:00,2,-3.0,4.5,12.0,4.0,25.5,0.22488038277511962,0.17647058823529413,18.29,1.1481683980317114,169425.0,1.3138757453923229,4.5,12.0,4.0,0.17647058823529413,0.22488038277511962,0.23879108695652174
2024-04-22,2024-04-22 10:34:00,2024-04-22 10:34:00,2024-04-22 10:34:00,long,5216.0,5219.0,5209.5,5219.0,3.0,30.0,limit_touch,take_profit,1.0,2024-04-22 10:34:00,3,-2.0,6.0,-1.5,4.0,17.0,0.6818181818181818,0.35294117647058826,18.29,1.230180426462548,224607.0,1.3086468114477974,6.0,-1.5,4.0,0.35294117647058826,0.6818181818181818,0.31467224637681157
2024-04-22,2024-04-22 10:47:00,2024-04-22 10:48:00,2024-04-22 11:09:00,long,5216.5,5210.5,5210.5,5219.5,-6.0,-60.0,limit_touch,stop_loss,1.0,2024-04-22 10:47:00,4,2.0,3.5,7.0,8.0,21.5,0.10828025477707007,0.16279069767441862,18.29,1.2575177692728268,249016.0,1.2629266266489474,3.5,7.0,8.0,0.16279069767441862,0.10828025477707007,0.23167731884057968
2024-04-22,2024-04-22 11:25:00,2024-04-22 11:34:00,2024-04-22 11:40:00,short,5200.5,5197.5,5207.5,5197.5,3.0,30.0,limit_touch,take_profit,-1.0,2024-04-22 11:25:00,5,-8.5,-17.5,-21.0,-17.5,25.5,-0.8101694915254237,-0.6862745098039216,18.29,1.5855658829961727,325251.0,1.2666801761494624,17.5,21.0,17.5,0.6862745098039216,0.8101694915254237,0.6599546376811594
2024-04-22,2024-04-22 11:51:00,2024-04-22 12:00:00,2024-04-22 12:26:00,short,5199.0,5196.0,5206.0,5196.0,3.0,30.0,limit_touch,take_profit,-1.0,2024-04-22 11:51:00,6,-2.0,-5.5,-7.0,-15.5,15.5,-0.5596330275229358,-0.3548387096774194,18.29,1.6949152542372883,367078.0,1.2496624018468832,5.5,7.0,15.5,0.3548387096774194,0.5596330275229358,0.38026630434782605
2024-04-23,2024-04-23 10:12:00,2024-04-23 10:17:00,2024-04-23 10:18:00,long,5187.0,5189.5,5182.0,5189.5,2.5,25.0,limit_touch,take_profit,1.0,2024-04-23 10:12:00,1,0.5,3.5,8.0,14.5,16.5,0.29914529914529914,0.21212121212121213,18.16875,1.1558307533539731,152471.0,1.16019949081017,3.5,8.0,14.5,0.21212121212121213,0.29914529914529914,0.2659504347826087
2024-04-23,2024-04-23 10:46:00,2024-04-23 10:46:00,2024-04-23 10:47:00,short,5173.0,5170.5,5179.0,5170.5,2.5,25.0,limit_touch,take_profit,-1.0,2024-04-23 10:46:00,2,-13.0,-15.5,-20.0,-7.5,29.5,-0.9202518363064008,-0.5254237288135594,18.16875,1.4035087719298247,219994.0,1.126453965307173,15.5,20.0,7.5,0.5254237288135594,0.9202518363064008,0.5100869565217391
2024-04-23,2024-04-23 11:27:00,2024-04-23 11:46:00,2024-04-23 11:55:00,short,5157.5,5154.5,5164.0,5154.5,3.0,30.0,limit_touch,take_profit,-1.0,2024-04-23 11:27:00,3,-4.5,-8.5,-14.0,-27.5,17.5,-0.7516339869281046,-0.4857142857142857,18.16875,2.5318197454420366,339955.0,1.3103354440235397,8.5,14.0,27.5,0.4857142857142857,0.7516339869281046,0.598753768115942
2024-04-24,2024-04-24 10:03:00,2024-04-24 10:21:00,2024-04-24 10:23:00,long,5151.0,5153.5,5145.5,5153.5,2.5,25.0,limit_touch,take_profit,1.0,2024-04-24 10:03:00,1,1.0,3.5,14.5,21.0,21.5,0.10160427807486631,0.16279069767441862,18.33529411764706,1.7998075072184792,162762.0,1.3974555734189633,3.5,14.5,21.0,0.16279069767441862,0.10160427807486631,0.3455483333333333
2024-04-24,2024-04-24 11:37:00,2024-04-24 12:08:00,2024-04-24 12:18:00,long,5162.0,5156.5,5156.5,5164.5,-5.5,-55.0,limit_touch,stop_loss,1.0,2024-04-24 11:37:00,2,5.0,6.5,11.5,36.5,18.5,0.6981132075471698,0.35135135135135137,18.33529411764706,2.617901828681424,307222.0,1.1166570438221974,6.5,11.5,36.5,0.35135135135135137,0.6981132075471698,0.5295171014492753
2024-04-25,2024-04-25 10:14:00,2024-04-25 10:31:00,2024-04-25 10:32:00,long,5175.0,5178.5,5167.0,5178.5,3.5,35.0,limit_touch,take_profit,1.0,2024-04-25 10:14:00,1,14.0,26.5,24.5,34.0,38.5,0.8508914100486223,0.6883116883116883,18.116666666666664,4.6918123275069,274802.0,2.0123125095653718,26.5,24.5,34.0,0.6883116883116883,0.8508914100486223,0.8779718115942029
2024-04-26,2024-04-26 10:01:00,2024-04-26 10:22:00,2024-04-26 10:26:00,short,5134.0,5131.0,5140.5,5131.0,3.0,30.0,better_open,take_profit,-1.0,2024-04-26 10:01:00,1,-14.5,-17.0,-23.5,-46.0,30.0,-0.7594339622641509,-0.5666666666666667,18.505263157894735,2.6749146757679183,188011.0,1.6223406244265333,17.0,23.5,46.0,0.5666666666666667,0.7594339622641509,0.8232632608695652
2024-04-26,2024-04-26 11:00:00,2024-04-26 11:42:00,2024-04-26 12:08:00,short,5127.0,5124.0,5134.0,5124.0,3.0,30.0,limit_touch,take_profit,-1.0,2024-04-26 11:00:00,2,-3.0,-1.0,-11.0,-48.5,24.0,0.15454545454545454,-0.041666666666666664,18.505263157894735,3.1612627986348127,310327.0,1.3885242467605599,1.0,11.0,48.5,0.041666666666666664,-0.15454545454545454,0.46897768115942023
2024-04-29,2024-04-29 11:51:00,2024-04-29 11:53:00,2024-04-29 11:54:00,long,5117.5,5120.0,5112.0,5120.0,2.5,25.0,better_open,take_profit,1.0,2024-04-29 11:51:00,1,1.5,3.5,7.5,9.5,14.5,0.3493975903614458,0.2413793103448276,18.494999999999997,1.000270343336037,304293.0,1.0107801871232012,3.5,7.5,9.5,0.2413793103448276,0.3493975903614458,0.20399623188405797
2024-04-30,2024-04-30 10:26:00,2024-04-30 10:41:00,2024-04-30 10:44:00,long,5169.0,5172.0,5162.5,5172.0,3.0,30.0,limit_touch,take_profit,1.0,2024-04-30 10:26:00,1,7.0,10.5,14.0,48.0,21.5,0.7170731707317073,0.4883720930232558,17.907142857142855,2.931790985241325,217604.0,1.3482377505826662,10.5,14.0,48.0,0.4883720930232558,0.7170731707317073,0.7220481884057972
2024-05-06,2024-05-06 14:10:00,2024-05-06 14:29:00,2024-05-06 14:31:00,short,5081.0,5079.0,5085.5,5079.0,2.0,20.0,limit_touch,take_profit_gap_open,-1.0,2024-05-06 14:10:00,1,-1.0,-2.5,-1.5,1.0,10.5,-0.6078431372549019,-0.23809523809523808,18.354545454545452,1.634472511144131,333917.0,0.8016748124508957,2.5,1.5,-1.0,0.23809523809523808,0.6078431372549019,0.12081688405797103
2024-05-07,2024-05-07 10:08:00,2024-05-07 10:25:00,2024-05-07 10:27:00,short,5073.5,5071.5,5078.5,5071.5,2.0,20.0,limit_touch,take_profit,-1.0,2024-05-07 10:08:00,1,-3.0,-5.0,-20.0,-20.5,15.0,-0.5416666666666666,-0.3333333333333333,18.354545454545452,1.5527488855869245,161851.0,1.1872514119842088,5.0,20.0,20.5,0.3333333333333333,0.5416666666666666,0.3795480434782609
2024-05-07,2024-05-07 11:54:00,2024-05-07 12:12:00,2024-05-07 12:16:00,short,5068.5,5073.5,5073.5,5066.0,-5.0,-50.0,limit_touch,stop_loss,-1.0,2024-05-07 11:54:00,2,-3.0,-9.0,-14.5,-29.5,16.0,-0.58,-0.5625,18.354545454545452,1.9341258048538883,313103.0,1.0131060235548939,9.0,14.5,29.5,0.5625,0.58,0.5655360144927536
2024-05-08,2024-05-08 10:18:00,2024-05-08 10:35:00,2024-05-08 10:39:00,long,5110.0,5105.5,5105.5,5112.0,-4.5,-45.0,limit_touch,stop_loss,1.0,2024-05-08 10:18:00,1,4.0,1.5,2.5,29.5,16.5,-0.07096774193548387,0.09090909090909091,18.354545454545452,1.7434373452204064,154454.0,0.9980854100751781,1.5,2.5,29.5,0.09090909090909091,-0.07096774193548387,0.29528318840579715
2024-05-09,2024-05-09 10:59:00,2024-05-09 11:16:00,2024-05-09 11:21:00,long,5177.5,5170.5,5170.5,5181.0,-7.0,-70.0,limit_touch,stop_loss,1.0,2024-05-09 10:59:00,1,5.0,9.5,14.0,33.0,16.5,0.7699115044247787,0.5757575757575758,13.83,2.9645697758496024,344538.0,1.4956468237614777,9.5,14.0,33.0,0.5757575757575758,0.7699115044247787,0.6888876811594205
2024-05-10,2024-05-10 10:07:00,2024-05-10 10:12:00,2024-05-10 10:21:00,long,5148.0,5142.0,5142.0,5151.0,-6.0,-60.0,limit_touch,stop_loss,1.0,2024-05-10 10:07:00,1,1.0,4.5,14.5,4.0,13.5,0.4025974025974026,0.3333333333333333,13.575,1.988950276243094,178431.0,1.2887073167296643,4.5,14.5,4.0,0.3333333333333333,0.4025974025974026,0.3206121014492754
2024-05-13,2024-05-13 10:00:00,2024-05-13 10:11:00,2024-05-13 10:12:00,short,5141.0,5138.5,5146.5,5138.5,2.5,25.0,limit_touch,take_profit,-1.0,2024-05-13 10:00:00,1,-7.5,-5.0,-16.5,-18.0,17.0,-0.3584905660377358,-0.29411764705882354,13.607142857142856,1.4330708661417324,135246.0,1.080122430806562,5.0,16.5,18.0,0.29411764705882354,0.3584905660377358,0.3248643478260869
2024-05-13,2024-05-13 10:20:00,2024-05-13 10:25:00,2024-05-13 10:33:00,short,5140.0,5137.5,5145.5,5137.5,2.5,25.0,limit_touch,take_profit,-1.0,2024-05-13 10:20:00,2,-1.0,-1.0,-5.5,-17.5,9.0,-0.15789473684210525,-0.1111111111111111,13.607142857142856,1.5433070866141734,160637.0,0.9891503825250119,1.0,5.5,17.5,0.1111111111111111,0.15789473684210525,0.21240326086956524
2024-05-13,2024-05-13 10:34:00,2024-05-13 10:40:00,2024-05-13 10:42:00,short,5139.0,5136.5,5144.5,5136.5,2.5,25.0,limit_touch,take_profit,-1.0,2024-05-13 10:34:00,3,-5.5,-3.0,-3.0,-20.5,17.0,-0.15789473684210525,-0.17647058823529413,13.607142857142856,1.6167979002624673,184499.0,0.9789878183894353,3.0,3.0,20.5,0.17647058823529413,0.15789473684210525,0.2633397101449276
2024-05-13,2024-05-13 10:46:00,2024-05-13 10:52:00,2024-05-13 11:02:00,short,5138.0,5143.5,5143.5,5135.5,-5.5,-55.0,limit_touch,stop_loss,-1.0,2024-05-13 10:46:00,4,-2.0,-3.5,-1.5,-19.5,19.5,-0.41818181818181815,-0.1794871794871795,13.607142857142856,1.7270341207349083,203911.0,0.9639287597851138,3.5,1.5,19.5,0.1794871794871795,0.41818181818181815,0.26621072463768114
2024-05-13,2024-05-13 12:48:00,2024-05-13 14:52:00,2024-05-13 15:28:00,long,5163.0,5157.0,5157.0,5165.5,-6.0,-60.0,limit_touch,stop_loss,1.0,2024-05-13 12:48:00,5,0.0,3.0,7.5,15.0,14.0,0.4473684210526316,0.21428571428571427,13.607142857142856,3.0131233595800526,360095.0,0.9725555559706832,3.0,7.5,15.0,0.21428571428571427,0.4473684210526316,0.2951249275362319
2024-05-15,2024-05-15 12:34:00,2024-05-15 13:00:00,2024-05-15 13:34:00,short,5139.0,5135.5,5146.0,5135.5,3.5,35.0,limit_touch,take_profit,-1.0,2024-05-15 12:34:00,1,-2.0,-4.5,-8.5,-41.0,9.5,-0.8181818181818182,-0.47368421052631576,13.2,3.6363636363636367,476518.0,1.3112786341203002,4.5,8.5,41.0,0.47368421052631576,0.8181818181818182,0.6057952898550725
2024-05-17,2024-05-17 10:16:00,2024-05-17 10:24:00,2024-05-17 10:33:00,short,5126.5,5124.5,5131.0,5124.5,2.0,20.0,limit_touch,take_profit,-1.0,2024-05-17 10:16:00,1,-3.0,-5.0,-3.0,-19.5,10.0,-0.7096774193548387,-0.5,13.049999999999999,1.8007662835249043,166302.0,1.0160789660436358,5.0,3.0,19.5,0.5,0.7096774193548387,0.41587884057971014
2024-05-17,2024-05-17 11:27:00,2024-05-17 11:41:00,2024-05-17 11:44:00,short,5119.5,5117.0,5124.5,5117.0,2.5,25.0,limit_touch,take_profit,-1.0,2024-05-17 11:27:00,2,-2.0,-7.5,-16.5,-29.5,15.5,-0.7697841726618705,-0.4838709677419355,13.049999999999999,2.528735632183908,293329.0,1.0167889354166566,7.5,16.5,29.5,0.4838709677419355,0.7697841726618705,0.5457797826086956
2024-05-20,2024-05-20 10:05:00,2024-05-20 10:08:00,2024-05-20 10:14:00,long,5127.5,5129.5,5123.5,5129.5,2.0,20.0,limit_touch,take_profit,1.0,2024-05-20 10:05:00,1,3.0,3.0,5.0,24.5,18.0,0.4067796610169492,0.16666666666666666,12.9375,2.0096618357487923,127852.0,0.885314193334546,3.0,5.0,24.5,0.16666666666666666,0.4067796610169492,0.27438434782608695
2024-05-20,2024-05-20 11:59:00,2024-05-20 12:12:00,2024-05-20 12:17:00,short,5104.5,5102.0,5109.5,5102.0,2.5,25.0,limit_touch,take_profit,-1.0,2024-05-20 11:59:00,2,-1.0,-2.5,-9.0,-11.0,18.5,0.007633587786259542,-0.13513513513513514,12.9375,3.0531400966183573,320007.0,0.9590512074190578,2.5,9.0,11.0,0.13513513513513514,-0.007633587786259542,0.24165840579710146
2024-05-21,2024-05-21 10:10:00,2024-05-21 10:10:00,2024-05-21 10:10:00,short,5093.0,5091.0,5097.5,5091.0,2.0,20.0,limit_touch,take_profit,-1.0,2024-05-21 10:10:00,1,-12.5,-7.5,-6.5,-9.0,25.5,-0.5015197568389058,-0.29411764705882354,12.853846153846154,1.7504488330341113,183715.0,1.1921892992712144,7.5,6.5,9.0,0.29411764705882354,0.5015197568389058,0.35377811594202896
2024-05-21,2024-05-21 10:11:00,2024-05-21 10:13:00,2024-05-21 10:15:00,short,5093.0,5091.0,5097.5,5091.0,2.0,20.0,limit_touch,take_profit,-1.0,2024-05-21 10:11:00,2,-16.0,-11.0,-12.0,-13.0,29.0,-0.5816326530612245,-0.3793103448275862,12.853846153846154,1.7893476959904249,190120.0,1.219935799156765,11.0,12.0,13.0,0.3793103448275862,0.5816326530612245,0.46457268115942035
2024-05-21,2024-05-21 12:00:00,2024-05-21 12:20:00,2024-05-21 12:23:00,long,5108.0,5110.5,5103.0,5110.5,2.5,25.0,limit_touch,take_profit,1.0,2024-05-21 12:00:00,3,2.0,9.0,15.0,12.0,16.0,0.5681818181818182,0.5625,12.853846153846154,2.178336325553561,396427.0,1.179130572380718,9.0,15.0,12.0,0.5625,0.5681818181818182,0.5125194927536232
2024-05-21,2024-05-21 13:36:00,2024-05-21 14:45:00,2024-05-21 15:36:00,long,5118.0,5120.5,5113.0,5120.5,2.5,25.0,limit_touch,take_profit,1.0,2024-05-21 13:36:00,4,5.5,7.0,12.0,25.5,12.0,0.6578947368421053,0.5833333333333334,12.853846153846154,3.189706762417714,483143.0,1.1651587525172822,7.0,12.0,25.5,0.5833333333333334,0.6578947368421053,0.5936174637681159
2024-05-22,2024-05-22 10:02:00,2024-05-22 10:04:00,2024-05-22 10:06:00,long,5147.5,5149.5,5143.0,5149.5,2.0,20.0,limit_touch,take_profit,1.0,2024-05-22 10:02:00,1,-0.5,5.5,4.0,8.5,12.5,0.4647887323943662,0.44,12.814285714285715,1.20958751393534,126404.0,0.9076193815602565,5.5,4.0,8.5,0.44,0.4647887323943662,0.2660314492753623
2024-05-22,2024-05-22 10:13:00,2024-05-22 10:23:00,2024-05-22 10:30:00,long,5149.5,5151.5,5145.0,5151.5,2.0,20.0,limit_touch,take_profit,1.0,2024-05-22 10:13:00,2,0.5,3.0,8.5,11.5,10.0,0.41379310344827586,0.3,12.814285714285715,1.4046822742474916,147332.0,0.9171922499043631,3.0,8.5,11.5,0.3,0.41379310344827586,0.20404659420289856
2024-05-22,2024-05-22 10:31:00,2024-05-22 10:33:00,2024-05-22 10:43:00,long,5150.5,5152.5,5146.0,5152.5,2.0,20.0,limit_touch,take_profit,1.0,2024-05-22 10:31:00,3,4.0,1.0,3.5,12.0,14.0,-0.14545454545454545,0.07142857142857142,12.814285714285715,1.5217391304347825,178637.0,0.9286343792486447,1.0,3.5,12.0,0.07142857142857142,-0.14545454545454545,0.15119543478260872
2024-05-22,2024-05-22 11:08:00,2024-05-22 11:12:00,2024-05-22 11:14:00,long,5152.5,5154.5,5148.0,5154.5,2.0,20.0,limit_touch,take_profit,1.0,2024-05-22 11:08:00,4,4.0,10.0,5.5,16.0,13.0,0.9318181818181818,0.7692307692307693,12.814285714285715,1.716833890746934,242955.0,0.9199503765868771,10.0,5.5,16.0,0.7692307692307693,0.9318181818181818,0.49929304347826087
2024-05-22,2024-05-22 11:43:00,2024-05-22 11:53:00,2024-05-22 12:03:00,long,5159.0,5154.0,5154.0,5161.5,-5.0,-50.0,limit_touch,stop_loss,1.0,2024-05-22 11:43:00,5,2.5,6.5,12.5,24.0,11.5,0.7627118644067796,0.5652173913043478,12.814285714285715,2.3801560758082494,304565.0,0.967889812286929,6.5,12.5,24.0,0.5652173913043478,0.7627118644067796,0.5012560144927536
2024-05-23,2024-05-23 10:36:00,2024-05-23 10:38:00,2024-05-23 10:44:00,short,5132.0,5129.5,5137.5,5129.5,2.5,25.0,limit_touch,take_profit,-1.0,2024-05-23 10:36:00,1,-5.0,-12.0,-6.0,-17.5,18.0,-0.9183673469387755,-0.6666666666666666,12.569999999999999,1.511535401750199,173600.0,0.8464420382642835,12.0,6.0,17.5,0.6666666666666666,0.9183673469387755,0.4898071014492754
2024-05-23,2024-05-23 11:21:00,2024-05-23 11:39:00,2024-05-23 11:56:00,long,5150.5,5153.5,5144.5,5153.5,3.0,30.0,limit_touch,take_profit,1.0,2024-05-23 11:21:00,2,5.5,10.5,11.0,9.5,17.5,0.7622377622377622,0.6,12.569999999999999,2.505966587112172,286883.0,1.0039222008090527,10.5,11.0,9.5,0.6,0.7622377622377622,0.5068336231884059
2024-05-24,2024-05-24 10:17:00,2024-05-24 10:28:00,2024-05-24 10:31:00,long,5147.5,5149.5,5143.0,5149.5,2.0,20.0,limit_touch,take_profit,1.0,2024-05-24 10:17:00,1,1.0,6.5,11.5,11.5,15.5,0.4857142857142857,0.41935483870967744,12.440624999999999,1.7683998995227332,139326.0,0.8219875544927279,6.5,11.5,11.5,0.41935483870967744,0.4857142857142857,0.29544688405797104
2024-05-24,2024-05-24 10:57:00,2024-05-24 11:02:00,2024-05-24 11:02:00,long,5151.0,5153.0,5146.5,5153.0,2.0,20.0,limit_touch,take_profit,1.0,2024-05-24 10:57:00,2,2.0,2.0,7.5,16.0,14.0,0.391304347826087,0.14285714285714285,12.440624999999999,2.130118060788747,201098.0,0.8192036386962352,2.0,7.5,16.0,0.14285714285714285,0.391304347826087,0.19629108695652175
2024-05-24,2024-05-24 14:12:00,2024-05-24 14:54:00,2024-05-24 14:59:00,long,5151.5,5153.5,5147.0,5153.5,2.0,20.0,limit_touch,take_profit,1.0,2024-05-24 14:12:00,3,3.5,3.0,7.0,16.0,11.0,0.391304347826087,0.2727272727272727,12.440624999999999,2.1703089675960814,355587.0,0.8055827688396624,3.0,7.0,16.0,0.2727272727272727,0.391304347826087,0.23910028985507245
2024-05-27,2024-05-27 10:01:00,2024-05-27 10:04:00,2024-05-27 10:14:00,short,5159.5,5164.0,5164.0,5157.5,-4.5,-45.0,limit_touch,stop_loss,-1.0,2024-05-27 10:01:00,1,-2.0,-7.0,-3.5,-3.0,14.0,-0.6511627906976745,-0.5,12.511764705882351,1.1189468735307948,77561.0,0.5602164081244778,7.0,3.5,3.0,0.5,0.6511627906976745,0.24474891304347823
2024-05-27,2024-05-27 11:35:00,2024-05-27 11:48:00,2024-05-27 11:53:00,long,5178.0,5180.5,5173.0,5180.5,2.5,25.0,limit_touch,take_profit,1.0,2024-05-27 11:35:00,2,7.5,9.5,17.5,24.0,17.5,0.7565217391304347,0.5428571428571428,12.511764705882351,2.3178185237423605,192932.0,0.6294894802858476,9.5,17.5,24.0,0.5428571428571428,0.7565217391304347,0.4712257971014493
2024-05-28,2024-05-28 10:31:00,2024-05-28 10:48:00,2024-05-28 10:55:00,short,5143.5,5147.5,5147.5,5141.5,-4.0,-40.0,limit_touch,stop_loss,-1.0,2024-05-28 10:31:00,1,-2.0,-4.5,-6.5,-28.0,18.5,-0.44525547445255476,-0.24324324324324326,12.299999999999999,2.804878048780488,172153.0,0.8890077386822396,4.5,6.5,28.0,0.24324324324324326,0.44525547445255476,0.36352413043478266
2024-05-29,2024-05-29 10:58:00,2024-05-29 11:14:00,2024-05-29 11:20:00,long,5193.0,5195.0,5188.0,5195.0,2.0,20.0,limit_touch,take_profit,1.0,2024-05-29 10:58:00,1,0.5,5.5,4.0,21.5,16.5,0.5407407407407407,0.3333333333333333,12.19736842105263,2.500539374325782,223045.0,0.903136734444044,5.5,4.0,21.5,0.3333333333333333,0.5407407407407407,0.3681404347826087
2024-05-31,2024-05-31 10:07:00,2024-05-31 10:10:00,2024-05-31 10:10:00,long,5236.0,5238.5,5230.0,5238.5,2.5,25.0,limit_touch,take_profit,1.0,2024-05-31 10:07:00,1,2.5,24.0,20.0,30.5,36.0,0.8758620689655172,0.6666666666666666,12.2475,3.0210246989181466,187610.0,1.2319073255837625,24.0,20.0,30.5,0.6666666666666666,0.8758620689655172,0.823591304347826
2024-05-31,2024-05-31 11:01:00,2024-05-31 11:19:00,2024-05-31 11:19:00,long,5244.5,5247.5,5238.5,5247.5,3.0,30.0,limit_touch,take_profit,1.0,2024-05-31 11:01:00,2,3.5,12.5,13.5,41.0,16.5,0.9407407407407408,0.7575757575757576,12.2475,3.959991835068381,273711.0,1.0757505042991937,12.5,13.5,41.0,0.7575757575757576,0.9407407407407408,0.7704742753623188
2024-05-31,2024-05-31 11:53:00,2024-05-31 12:12:00,2024-05-31 12:12:00,long,5255.5,5258.5,5249.0,5258.5,3.0,30.0,limit_touch,take_profit,1.0,2024-05-31 11:53:00,3,1.5,14.0,20.5,56.5,17.0,0.9324324324324325,0.8235294117647058,12.2475,5.184731577873035,366707.0,1.1063305568328636,14.0,20.5,56.5,0.8235294117647058,0.9324324324324325,0.8367529710144928
2024-06-03,2024-06-03 10:00:00,2024-06-03 10:03:00,2024-06-03 10:05:00,short,5259.0,5256.0,5265.5,5256.0,3.0,30.0,limit_touch,take_profit,-1.0,2024-06-03 10:00:00,1,-0.5,-8.5,-1.5,-12.5,32.5,-0.34933333333333333,-0.26153846153846155,12.571428571428571,2.2670454545454546,185161.0,1.3379941757535028,8.5,1.5,12.5,0.26153846153846155,0.34933333333333333,0.4233708695652174
2024-06-03,2024-06-03 10:06:00,2024-06-03 10:19:00,2024-06-03 10:22:00,short,5258.5,5265.5,5265.5,5255.5,-7.0,-70.0,better_open,stop_loss,-1.0,2024-06-03 10:06:00,2,1.0,-11.5,-4.0,-13.5,28.5,-0.5757575757575758,-0.40350877192982454,12.571428571428571,2.346590909090909,199708.0,1.3120960842476044,11.5,4.0,13.5,0.40350877192982454,0.5757575757575758,0.5241731884057971
2024-06-03,2024-06-03 11:30:00,2024-06-03 11:52:00,2024-06-03 12:03:00,short,5244.5,5241.0,5252.5,5241.0,3.5,35.0,limit_touch,take_profit,-1.0,2024-06-03 11:30:00,3,-2.0,-10.5,-35.5,-31.5,29.5,-0.5779816513761468,-0.3559322033898305,12.571428571428571,3.8181818181818183,416022.0,1.3726898332121569,10.5,35.5,31.5,0.3559322033898305,0.5779816513761468,0.6254721739130435
2024-06-04,2024-06-04 10:53:00,2024-06-04 10:53:00,2024-06-04 10:53:00,short,5269.0,5265.5,5276.5,5265.5,3.5,35.0,limit_touch,take_profit,-1.0,2024-06-04 10:53:00,1,-4.0,-13.5,-11.5,-4.5,21.5,-0.8481012658227848,-0.627906976744186,12.571428571428571,2.1079545454545454,308539.0,1.2599280808800168,13.5,11.5,4.5,0.627906976744186,0.8481012658227848,0.5662578985507247
2024-06-04,2024-06-04 12:14:00,2024-06-04 12:19:00,2024-06-04 12:34:00,long,5285.0,5288.5,5277.5,5288.5,3.5,35.0,limit_touch,take_profit,1.0,2024-06-04 12:14:00,2,4.0,7.0,14.5,18.0,19.0,0.6190476190476191,0.3684210526315789,12.571428571428571,2.5056818181818183,494664.0,1.354340261846309,7.0,14.5,18.0,0.3684210526315789,0.6190476190476191,0.47410456521739136
2024-06-04,2024-06-04 13:02:00,2024-06-04 13:20:00,2024-06-04 13:22:00,long,5295.5,5299.0,5288.0,5299.0,3.5,35.0,limit_touch,take_profit,1.0,2024-06-04 13:02:00,3,8.0,9.0,17.0,30.0,23.0,0.5752212389380531,0.391304347826087,12.571428571428571,3.5795454545454546,566454.0,1.4076043895476948,9.0,17.0,30.0,0.391304347826087,0.5752212389380531,0.6096420289855071
2024-06-04,2024-06-04 13:36:00,2024-06-04 13:49:00,2024-06-04 13:53:00,long,5297.0,5300.5,5289.0,5300.5,3.5,35.0,better_open,take_profit,1.0,2024-06-04 13:36:00,4,4.0,10.5,1.0,34.0,23.5,0.6518218623481782,0.44680851063829785,12.571428571428571,3.778409090909091,617412.0,1.456666488800885,10.5,1.0,34.0,0.44680851063829785,0.6518218623481782,0.6749021739130435
2024-06-05,2024-06-05 10:01:00,2024-06-05 10:02:00,2024-06-05 10:03:00,long,5286.5,5289.5,5280.5,5289.5,3.0,30.0,limit_touch,take_profit,1.0,2024-06-05 10:01:00,1,1.5,5.0,4.5,3.5,30.0,0.21910112359550563,0.16666666666666666,12.571428571428571,1.5511363636363638,151877.0,1.0430631462399342,5.0,4.5,3.5,0.16666666666666666,0.21910112359550563,0.2179236231884058
2024-06-05,2024-06-05 10:18:00,2024-06-05 10:25:00,2024-06-05 10:35:00,long,5289.5,5283.5,5283.5,5292.5,-6.0,-60.0,limit_touch,stop_loss,1.0,2024-06-05 10:18:00,2,-0.5,6.5,6.0,8.0,19.5,0.37579617834394907,0.3333333333333333,12.571428571428571,1.8295454545454546,189689.0,1.0510042742580257,6.5,6.0,8.0,0.3333333333333333,0.37579617834394907,0.3198771014492754
2024-06-05,2024-06-05 10:57:00,2024-06-05 10:59:00,2024-06-05 11:00:00,long,5290.5,5293.5,5284.0,5293.5,3.0,30.0,limit_touch,take_profit,1.0,2024-06-05 10:57:00,3,1.5,5.5,9.5,11.0,17.5,0.2108843537414966,0.3142857142857143,12.571428571428571,1.9488636363636365,256576.0,1.00410393147765,5.5,9.5,11.0,0.3142857142857143,0.2108843537414966,0.30646181159420294
2024-06-05,2024-06-05 11:15:00,2024-06-05 11:20:00,2024-06-05 11:23:00,long,5304.5,5297.5,5297.5,5307.5,-7.0,-70.0,limit_touch,stop_loss,1.0,2024-06-05 11:15:00,4,7.0,22.0,21.5,28.0,26.0,0.9411764705882353,0.8461538461538461,12.571428571428571,3.4204545454545454,315687.0,1.0896786293669265,22.0,21.5,28.0,0.8461538461538461,0.9411764705882353,0.8041854347826087
2024-06-06,2024-06-06 10:07:00,2024-06-06 10:12:00,2024-06-06 10:20:00,short,5297.5,5294.5,5303.5,5294.5,3.0,30.0,limit_touch,take_profit,-1.0,2024-06-06 10:07:00,1,-3.0,-7.5,-19.5,-13.5,17.5,-0.7165354330708661,-0.42857142857142855,12.571428571428571,2.465909090909091,185957.0,1.1695779048770725,7.5,19.5,13.5,0.42857142857142855,0.7165354330708661,0.46075420289855074
2024-06-06,2024-06-06 10:40:00,2024-06-06 10:58:00,2024-06-06 11:04:00,short,5285.0,5282.0,5291.5,5282.0,3.0,30.0,limit_touch,take_profit_gap_open,-1.0,2024-06-06 10:40:00,2,-6.5,-16.5,-20.0,-30.0,25.5,-0.8008658008658008,-0.6470588235294118,12.571428571428571,3.778409090909091,267185.0,1.203081809427957,16.5,20.0,30.0,0.6470588235294118,0.8008658008658008,0.7793361594202899
2024-06-10,2024-06-10 10:17:00,2024-06-10 10:36:00,2024-06-10 10:41:00,long,5381.0,5386.0,5370.5,5386.0,5.0,50.0,limit_touch,take_profit,1.0,2024-06-10 10:17:00,1,15.5,23.0,35.0,40.0,39.0,0.8181818181818182,0.5897435897435898,20.220000000000002,3.6597428288822944,268203.0,1.4828939699360708,23.0,35.0,40.0,0.5897435897435898,0.8181818181818182,0.865363115942029
2024-06-11,2024-06-11 10:15:00,2024-06-11 10:21:00,2024-06-11 10:31:00,short,5359.0,5366.5,5366.5,5355.5,-7.5,-75.0,limit_touch,stop_loss,-1.0,2024-06-11 10:15:00,1,-7.0,-5.5,-10.0,-13.5,30.5,-0.22863741339491916,-0.18032786885245902,20.55,1.557177615571776,232738.0,1.297702311906403,5.5,10.0,13.5,0.18032786885245902,0.22863741339491916,0.31986007246376813
2024-06-11,2024-06-11 11:24:00,2024-06-11 11:31:00,2024-06-11 11:49:00,short,5355.0,5351.5,5363.0,5351.5,3.5,35.0,limit_touch,take_profit,-1.0,2024-06-11 11:24:00,2,-2.0,-3.5,-14.5,-20.5,23.5,-0.2835820895522388,-0.14893617021276595,20.55,1.8248175182481752,379355.0,1.2266547414180569,3.5,14.5,20.5,0.14893617021276595,0.2835820895522388,0.32915094202898554
2024-06-12,2024-06-12 10:40:00,2024-06-12 10:41:00,2024-06-12 10:42:00,long,5403.5,5408.0,5393.5,5408.0,4.5,45.0,limit_touch,take_profit,1.0,2024-06-12 10:40:00,1,46.5,47.5,68.0,39.0,65.5,0.9149645685702376,0.7251908396946565,19.22142857142857,4.057971014492754,401896.0,1.756718893767498,47.5,68.0,39.0,0.7251908396946565,0.9149645685702376,0.9201211594202898
2024-06-12,2024-06-12 10:48:00,2024-06-12 10:52:00,2024-06-12 10:53:00,long,5413.5,5418.0,5403.5,5418.0,4.5,45.0,limit_touch,take_profit,1.0,2024-06-12 10:48:00,2,26.0,63.0,69.5,51.0,101.0,0.7754785307811691,0.6237623762376238,19.22142857142857,4.7603121516165,469407.0,1.9148096460530823,63.0,69.5,51.0,0.6237623762376238,0.7754785307811691,0.936608768115942
2024-06-12,2024-06-12 10:57:00,2024-06-12 11:20:00,2024-06-12 11:21:00,long,5415.0,5420.0,5404.5,5420.0,5.0,50.0,limit_touch,take_profit,1.0,2024-06-12 10:57:00,3,9.5,23.0,59.0,49.5,72.0,0.586352148272957,0.3194444444444444,19.22142857142857,4.864362690449647,523072.0,1.9957121622803184,23.0,59.0,49.5,0.3194444444444444,0.586352148272957,0.8018636231884058
2024-06-13,2024-06-13 12:37:00,2024-06-13 12:51:00,2024-06-13 13:16:00,short,5387.0,5397.5,5397.5,5382.0,-10.5,-105.0,limit_touch,stop_loss,-1.0,2024-06-13 12:37:00,1,-2.0,-22.5,-37.0,-25.0,38.5,-0.5642276422764227,-0.5844155844155844,20.325,2.4846248462484626,542955.0,1.3325188124465444,22.5,37.0,25.0,0.5844155844155844,0.5642276422764227,0.7632093478260868
2024-06-13,2024-06-13 14:02:00,2024-06-13 14:18:00,2024-06-13 14:55:00,short,5384.5,5380.0,5394.5,5380.0,4.5,45.0,limit_touch,take_profit,-1.0,2024-06-13 14:02:00,2,2.5,-10.0,-10.0,-19.5,40.0,-0.4729241877256318,-0.25,20.325,2.6568265682656826,657574.0,1.4108369838133525,10.0,10.0,19.5,0.25,0.4729241877256318,0.5072481159420289
2024-06-17,2024-06-17 12:12:00,2024-06-17 13:16:00,2024-06-17 13:27:00,long,5419.0,5412.0,5412.0,5422.0,-7.0,-70.0,limit_touch,stop_loss,1.0,2024-06-17 12:12:00,1,7.0,3.0,2.0,45.5,15.0,0.6,0.2,19.229999999999997,2.834113364534582,340258.0,0.8709955571524973,3.0,2.0,45.5,0.2,0.6,0.39864275362318846
2024-06-18,2024-06-18 10:12:00,2024-06-18 10:21:00,2024-06-18 10:30:00,short,5423.0,5420.0,5429.5,5420.0,3.0,30.0,limit_touch,take_profit,-1.0,2024-06-18 10:12:00,1,-6.5,-15.5,-5.0,-23.5,29.5,-0.7591397849462366,-0.5254237288135594,19.063636363636363,1.8884120171673822,220969.0,1.2110176414123106,15.5,5.0,23.5,0.5254237288135594,0.7591397849462366,0.6453528985507246
2024-06-18,2024-06-18 11:03:00,2024-06-18 11:11:00,2024-06-18 11:27:00,short,5410.0,5407.0,5417.0,5407.0,3.0,30.0,limit_touch,take_profit,-1.0,2024-06-18 11:03:00,2,-1.0,-3.0,-18.5,-40.0,24.0,-0.21782178217821782,-0.125,19.063636363636363,2.806390081068193,344010.0,1.1985112414647752,3.0,18.5,40.0,0.125,0.21782178217821782,0.45051942028985503
2024-06-19,2024-06-19 10:53:00,2024-06-19 12:50:00,2024-06-19 13:00:00,long,5465.0,5468.0,5459.0,5468.0,3.0,30.0,limit_touch,take_profit,1.0,2024-06-19 10:53:00,1,-1.5,1.0,10.5,33.0,12.0,-0.16666666666666666,0.08333333333333333,18.8125,2.4451827242524917,219163.0,0.8150714501107493,1.0,10.5,33.0,0.08333333333333333,-0.16666666666666666,0.2857531884057971
2024-06-20,2024-06-20 10:02:00,2024-06-20 10:04:00,2024-06-20 10:05:00,long,5409.5,5413.0,5402.0,5413.0,3.5,35.0,limit_touch,take_profit,1.0,2024-06-20 10:02:00,1,6.5,7.0,8.5,31.0,25.0,0.5633802816901409,0.28,18.923076923076923,1.8760162601626016,209633.0,1.2933392204456917,7.0,8.5,31.0,0.28,0.5633802816901409,0.4862776086956522
2024-06-20,2024-06-20 10:32:00,2024-06-20 10:47:00,2024-06-20 10:59:00,long,5415.0,5418.5,5407.5,5418.5,3.5,35.0,limit_touch,take_profit,1.0,2024-06-20 10:32:00,2,2.0,9.5,10.0,41.0,15.5,0.6116504854368932,0.6129032258064516,18.923076923076923,2.2459349593495936,278936.0,1.2436671004895108,9.5,10.0,41.0,0.6129032258064516,0.6116504854368932,0.6928392753623189
2024-06-20,2024-06-20 13:30:00,2024-06-20 14:18:00,2024-06-20 14:31:00,long,5451.0,5455.0,5442.5,5455.0,4.0,40.0,limit_touch,take_profit,1.0,2024-06-20 13:30:00,3,10.0,11.5,20.0,88.0,22.5,0.8798955613577023,0.5111111111111111,18.923076923076923,4.782520325203252,588444.0,1.2864698912802162,11.5,20.0,88.0,0.5111111111111111,0.8798955613577023,0.7871142028985507
2024-06-21,2024-06-21 11:01:00,2024-06-21 11:09:00,2024-06-21 11:44:00,short,5434.0,5442.0,5442.0,5430.5,-8.0,-80.0,limit_touch,stop_loss,-1.0,2024-06-21 11:01:00,1,-5.0,-18.0,-19.5,-20.0,27.0,-0.8915094339622641,-0.6666666666666666,19.510714285714286,1.614497528830313,283511.0,0.9877510843065391,18.0,19.5,20.0,0.6666666666666666,0.8915094339622641,0.6234607971014492
2024-06-21,2024-06-21 12:28:00,2024-06-21 13:02:00,2024-06-21 13:10:00,long,5455.0,5458.5,5447.0,5458.5,3.5,35.0,limit_touch,take_profit,1.0,2024-06-21 12:28:00,2,2.5,11.0,14.0,10.0,26.0,0.5634920634920635,0.4230769230769231,19.510714285714286,1.9732747574592715,436641.0,1.0527036948696402,11.0,14.0,10.0,0.4230769230769231,0.5634920634920635,0.44341079710144926
2024-06-24,2024-06-24 10:58:00,2024-06-24 11:49:00,2024-06-24 12:08:00,short,5393.5,5401.0,5401.0,5390.0,-7.5,-75.0,limit_touch,stop_loss,-1.0,2024-06-24 10:58:00,1,-3.0,-10.0,-16.0,-51.5,14.0,-0.7674418604651163,-0.7142857142857143,19.0,3.263157894736842,276571.0,0.9811331999594878,10.0,16.0,51.5,0.7142857142857143,0.7674418604651163,0.7226776086956521
2024-06-25,2024-06-25 10:44:00,2024-06-25 10:46:00,2024-06-25 10:46:00,long,5425.5,5428.5,5419.0,5428.5,3.0,30.0,limit_touch,take_profit,1.0,2024-06-25 10:44:00,1,10.5,12.5,12.5,13.5,29.5,0.6708860759493671,0.423728813559322,18.974999999999998,1.3175230566534917,261555.0,1.0295175871082958,12.5,12.5,13.5,0.423728813559322,0.6708860759493671,0.44604181159420286
2024-06-25,2024-06-25 10:58:00,2024-06-25 11:04:00,2024-06-25 11:06:00,long,5430.0,5433.0,5423.5,5433.0,3.0,30.0,limit_touch,take_profit,1.0,2024-06-25 10:58:00,2,6.0,16.0,22.5,23.0,32.0,0.5211267605633803,0.5,18.974999999999998,1.6600790513833994,305788.0,1.0792916350086346,16.0,22.5,23.0,0.5,0.5211267605633803,0.603501304347826
2024-06-25,2024-06-25 11:14:00,2024-06-25 11:25:00,2024-06-25 11:35:00,long,5431.5,5434.5,5424.5,5434.5,3.0,30.0,limit_touch,take_profit,1.0,2024-06-25 11:14:00,3,1.5,-0.5,8.0,21.5,23.5,-0.15918367346938775,-0.02127659574468085,18.974999999999998,1.7391304347826089,338736.0,1.0706387945262574,-0.5,8.0,21.5,-0.02127659574468085,-0.15918367346938775,0.24997601449275364
2024-06-25,2024-06-25 11:46:00,2024-06-25 11:59:00,2024-06-25 12:01:00,long,5434.0,5437.0,5427.5,5437.0,3.0,30.0,limit_touch,take_profit,1.0,2024-06-25 11:46:00,4,0.5,9.0,2.0,24.0,18.0,0.546875,0.5,18.974999999999998,1.9235836627140976,388995.0,1.0624832391569892,9.0,2.0,24.0,0.5,0.546875,0.5282800724637682
2024-06-25,2024-06-25 12:23:00,2024-06-25 12:45:00,2024-06-25 12:48:00,long,5437.5,5440.5,5430.5,5440.5,3.0,30.0,limit_touch,take_profit,1.0,2024-06-25 12:23:00,5,8.5,8.5,7.0,31.0,18.5,0.7318435754189944,0.4594594594594595,18.974999999999998,2.187088274044796,452287.0,1.0908880851240363,8.5,7.0,31.0,0.4594594594594595,0.7318435754189944,0.5596536231884058
2024-06-26,2024-06-26 10:25:00,2024-06-26 11:02:00,2024-06-26 11:21:00,long,5506.0,5498.5,5498.5,5509.5,-7.5,-75.0,limit_touch,stop_loss,1.0,2024-06-26 10:25:00,1,4.5,8.5,14.0,53.0,21.5,0.5384615384615384,0.3953488372093023,18.855882352941176,3.261581656527843,321329.0,1.49044655710706,8.5,14.0,53.0,0.3953488372093023,0.5384615384615384,0.6734179710144927
2024-06-27,2024-06-27 11:23:00,2024-06-27 11:28:00,2024-06-27 11:49:00,long,5518.0,5521.5,5510.5,5521.5,3.5,35.0,limit_touch,take_profit,1.0,2024-06-27 11:23:00,1,8.0,7.0,7.0,2.0,14.0,0.8493150684931506,0.5,19.099999999999998,2.356020942408377,403722.0,1.1995701749681442,7.0,7.0,2.0,0.5,0.8493150684931506,0.42975065217391306
2024-06-27,2024-06-27 12:32:00,2024-06-27 14:19:00,2024-06-27 14:30:00,long,5526.0,5518.5,5518.5,5529.5,-7.5,-75.0,limit_touch,stop_loss,1.0,2024-06-27 12:32:00,2,2.0,2.0,3.5,13.0,19.0,0.3382352941176471,0.10526315789473684,19.099999999999998,2.9319371727748695,539439.0,1.2580568275316504,2.0,3.5,13.0,0.10526315789473684,0.3382352941176471,0.3067348550724638
2024-06-28,2024-06-28 11:04:00,2024-06-28 11:47:00,2024-06-28 11:49:00,long,5579.0,5583.5,5570.0,5583.5,4.5,45.0,limit_touch,take_profit,1.0,2024-06-28 11:04:00,1,10.0,15.5,30.0,93.5,28.5,0.7897574123989218,0.543859649122807,18.978947368421053,5.400721020521353,385155.0,1.2680952550015965,15.5,30.0,93.5,0.543859649122807,0.7897574123989218,0.8478807246376813
2024-07-01,2024-07-01 10:31:00,2024-07-01 10:44:00,2024-07-01 10:55:00,short,5594.0,5590.0,5602.5,5590.0,4.0,40.0,limit_touch,take_profit,-1.0,2024-07-01 10:31:00,1,-8.5,-17.0,-29.5,-13.5,32.0,-0.72265625,-0.53125,19.7775,1.9466565541650866,298962.0,1.281168894522114,17.0,29.5,13.5,0.53125,0.72265625,0.6168147826086957
2024-07-01,2024-07-01 13:59:00,2024-07-01 14:21:00,2024-07-01 14:40:00,long,5615.5,5619.5,5607.0,5619.5,4.0,40.0,limit_touch,take_profit,1.0,2024-07-01 13:59:00,2,5.0,7.0,14.0,23.5,15.0,0.6097560975609756,0.4666666666666667,19.7775,2.0983440778662623,605207.0,1.2142767357240116,7.0,14.0,23.5,0.4666666666666667,0.6097560975609756,0.5167441304347826
2024-07-02,2024-07-02 10:12:00,2024-07-02 10:17:00,2024-07-02 10:19:00,long,5669.5,5673.5,5660.5,5673.5,4.0,40.0,limit_touch,take_profit,1.0,2024-07-02 10:12:00,1,-1.5,5.5,21.0,-2.0,28.5,0.38927738927738925,0.19298245614035087,19.7775,1.5674377449121477,222675.0,1.1353393700648895,5.5,21.0,-2.0,0.19298245614035087,0.38927738927738925,0.24477797101449278
2024-07-02,2024-07-02 10:30:00,2024-07-02 10:35:00,2024-07-02 10:41:00,long,5679.5,5670.5,5670.5,5683.5,-9.0,-90.0,limit_touch,stop_loss,1.0,2024-07-02 10:30:00,2,13.5,16.0,22.0,14.5,34.0,0.671957671957672,0.47058823529411764,19.7775,2.250031601567438,281414.0,1.2086135414244137,16.0,22.0,14.5,0.47058823529411764,0.671957671957672,0.5975098550724638
2024-07-02,2024-07-02 11:25:00,2024-07-02 11:34:00,2024-07-02 11:48:00,long,5689.0,5679.0,5679.0,5693.5,-10.0,-100.0,limit_touch,stop_loss,1.0,2024-07-02 11:25:00,3,7.0,24.5,26.0,25.0,40.5,0.7996870109546166,0.6049382716049383,19.7775,2.882062950322336,452449.0,1.3065123675695645,24.5,26.0,25.0,0.6049382716049383,0.7996870109546166,0.7885343478260869
2024-07-03,2024-07-03 11:06:00,2024-07-03 12:08:00,2024-07-03 12:08:00,short,5607.0,5617.5,5617.5,5602.0,-10.5,-105.0,limit_touch,stop_loss,-1.0,2024-07-03 11:06:00,1,-2.5,-24.0,-31.5,-96.0,44.0,-0.9174528301886793,-0.5454545454545454,19.7775,5.283782075590949,381984.0,1.2198996968379694,24.0,31.5,96.0,0.5454545454545454,0.9174528301886793,0.9002778260869565
2024-07-05,2024-07-05 10:05:00,2024-07-05 10:12:00,2024-07-05 10:15:00,long,5511.0,5515.5,5501.5,5515.5,4.5,45.0,limit_touch,take_profit,1.0,2024-07-05 10:05:00,1,4.0,6.5,28.0,34.0,47.5,0.046486486486486484,0.1368421052631579,19.7775,2.123625331816458,265040.0,1.4479922792684536,6.5,28.0,34.0,0.1368421052631579,0.046486486486486484,0.47625760869565226
2024-07-05,2024-07-05 10:52:00,2024-07-05 11:12:00,2024-07-05 11:13:00,long,5532.5,5537.0,5522.5,5537.0,4.5,45.0,limit_touch,take_profit,1.0,2024-07-05 10:52:00,2,8.5,24.0,28.0,62.0,33.0,0.6948356807511737,0.7272727272727273,19.7775,3.5646568069776263,403835.0,1.4037938777922232,24.0,28.0,62.0,0.7272727272727273,0.6948356807511737,0.9323513768115942
2024-07-08,2024-07-08 10:56:00,2024-07-08 11:00:00,2024-07-08 11:13:00,long,5499.0,5502.0,5492.0,5502.0,3.0,30.0,limit_touch,take_profit,1.0,2024-07-08 10:56:00,1,2.5,6.0,7.0,37.5,15.0,0.4489795918367347,0.4,25.5,1.5490196078431373,256514.0,0.8647584323251647,6.0,7.0,37.5,0.4,0.4489795918367347,0.4171723188405797
2024-07-09,2024-07-09 10:14:00,2024-07-09 10:24:00,2024-07-09 10:25:00,short,5462.0,5459.0,5468.5,5459.0,3.0,30.0,limit_touch,take_profit,-1.0,2024-07-09 10:14:00,1,-5.5,-16.0,-24.5,-33.5,17.0,-0.9857142857142858,-0.9411764705882353,23.225,1.7222820236813776,187326.0,0.9169798852098571,16.0,24.5,33.5,0.9411764705882353,0.9857142857142858,0.6755384057971014
2024-07-09,2024-07-09 11:02:00,2024-07-09 11:05:00,2024-07-09 11:28:00,short,5458.0,5455.0,5464.5,5455.0,3.0,30.0,limit_touch,take_profit,-1.0,2024-07-09 11:02:00,2,-2.0,-3.5,-14.5,-38.5,19.5,-0.4601226993865031,-0.1794871794871795,23.225,1.959095801937567,289188.0,0.9339920353312542,3.5,14.5,38.5,0.1794871794871795,0.4601226993865031,0.3623786231884058
2024-07-11,2024-07-11 11:40:00,2024-07-11 11:52:00,2024-07-11 11:54:00,long,5430.5,5435.0,5421.0,5435.0,4.5,45.0,limit_touch,take_profit,1.0,2024-07-11 11:40:00,1,4.0,-1.0,17.0,18.0,28.0,0.14925373134328357,-0.03571428571428571,22.03125,2.8822695035460995,530549.0,1.4054479810416707,-1.0,17.0,18.0,-0.03571428571428571,0.14925373134328357,0.3165692753623188
2024-07-12,2024-07-12 10:04:00,2024-07-12 10:06:00,2024-07-12 10:06:00,long,5446.0,5449.5,5438.5,5449.5,3.5,35.0,limit_touch,take_profit,1.0,2024-07-12 10:04:00,1,9.0,15.5,14.0,13.5,30.5,0.7232375979112271,0.5081967213114754,22.366666666666667,1.1177347242921014,197576.0,1.0885465137900685,15.5,14.0,13.5,0.5081967213114754,0.7232375979112271,0.520659347826087
2024-07-12,2024-07-12 10:10:00,2024-07-12 10:10:00,2024-07-12 10:10:00,long,5446.5,5450.0,5439.0,5450.0,3.5,35.0,limit_touch,take_profit,1.0,2024-07-12 10:10:00,2,-3.5,11.0,4.0,10.0,36.0,0.3682170542635659,0.3055555555555556,22.366666666666667,1.1624441132637853,219001.0,1.1181153256661944,11.0,4.0,10.0,0.3055555555555556,0.3682170542635659,0.375415
2024-07-12,2024-07-12 10:32:00,2024-07-12 10:35:00,2024-07-12 10:35:00,long,5459.0,5462.5,5451.0,5462.5,3.5,35.0,limit_touch,take_profit,1.0,2024-07-12 10:32:00,3,0.0,4.0,22.5,28.5,29.0,0.39490445859872614,0.13793103448275862,22.366666666666667,1.9001490312965723,289501.0,1.1915735665855114,4.0,22.5,28.5,0.13793103448275862,0.39490445859872614,0.3756417391304348
2024-07-12,2024-07-12 10:52:00,2024-07-12 11:00:00,2024-07-12 11:00:00,long,5465.0,5468.5,5457.0,5468.5,3.5,35.0,limit_touch,take_profit,1.0,2024-07-12 10:52:00,4,3.5,10.5,8.0,37.5,30.5,0.40700808625336926,0.3442622950819672,22.366666666666667,2.2578241430700445,350893.0,1.2162809506753398,10.5,8.0,37.5,0.3442622950819672,0.40700808625336926,0.5980805072463767
2024-07-15,2024-07-15 12:56:00,2024-07-15 13:15:00,2024-07-15 13:17:00,short,5457.0,5453.5,5464.0,5453.5,3.5,35.0,limit_touch,take_profit,-1.0,2024-07-15 12:56:00,1,-2.5,-7.0,-14.0,-16.0,13.0,-0.6666666666666666,-0.5384615384615384,21.645,1.9173019173019172,454634.0,0.9782240221530587,7.0,14.0,16.0,0.5384615384615384,0.6666666666666666,0.4374105797101449
2024-07-15,2024-07-15 13:42:00,2024-07-15 13:44:00,2024-07-15 13:52:00,short,5452.0,5459.5,5459.5,5448.5,-7.5,-75.0,limit_touch,stop_loss,-1.0,2024-07-15 13:42:00,2,-9.0,-13.5,-8.5,-20.5,25.5,-0.918622848200313,-0.5294117647058824,21.645,2.2176022176022174,501731.0,1.0043817793541399,13.5,8.5,20.5,0.5294117647058824,0.918622848200313,0.5810263768115942
2024-07-16,2024-07-16 10:14:00,2024-07-16 10:14:00,2024-07-16 10:18:00,short,5433.5,5430.5,5440.5,5430.5,3.0,30.0,limit_touch,take_profit,-1.0,2024-07-16 10:14:00,1,-4.0,-16.5,-7.5,-17.5,21.5,-0.880184331797235,-0.7674418604651163,20.986363636363635,1.0721247563352827,244677.0,1.1907003739598336,16.5,7.5,17.5,0.7674418604651163,0.880184331797235,0.6311320289855072
2024-07-16,2024-07-16 10:20:00,2024-07-16 10:20:00,2024-07-16 10:20:00,short,5432.0,5428.5,5439.0,5428.5,3.5,35.0,limit_touch,take_profit,-1.0,2024-07-16 10:20:00,2,-1.5,-6.5,-8.0,-14.5,26.5,-0.15076923076923077,-0.24528301886792453,20.986363636363635,1.1912497292614252,266855.0,1.2209310837693557,6.5,8.0,14.5,0.24528301886792453,0.15076923076923077,0.33252086956521737
2024-07-16,2024-07-16 10:31:00,2024-07-16 10:36:00,2024-07-16 10:38:00,short,5426.0,5422.5,5433.0,5422.5,3.5,35.0,limit_touch,take_profit,-1.0,2024-07-16 10:31:00,3,-6.0,-17.0,-24.5,-26.5,29.0,-0.7,-0.5862068965517241,20.986363636363635,1.548624648039853,303029.0,1.2566407939550994,17.0,24.5,26.5,0.5862068965517241,0.7,0.6808651449275364
2024-07-16,2024-07-16 10:47:00,2024-07-16 10:52:00,2024-07-16 10:54:00,short,5424.0,5420.5,5431.0,5420.5,3.5,35.0,limit_touch,take_profit,-1.0,2024-07-16 10:47:00,4,-6.0,-2.0,-17.0,-29.5,18.0,-0.21518987341772153,-0.1111111111111111,20.986363636363635,1.691574615551224,343557.0,1.2340363679205693,2.0,17.0,29.5,0.1111111111111111,0.21518987341772153,0.3464240579710145
2024-07-16,2024-07-16 13:41:00,2024-07-16 14:00:00,2024-07-16 14:04:00,long,5458.0,5461.5,5450.0,5461.5,3.5,35.0,limit_touch,take_profit,1.0,2024-07-16 13:41:00,5,8.0,5.0,10.5,24.5,20.0,0.5205479452054794,0.25,20.986363636363635,2.7160493827160495,621722.0,1.2482000582887662,5.0,10.5,24.5,0.25,0.5205479452054794,0.442286884057971
2024-07-17,2024-07-17 10:34:00,2024-07-17 10:42:00,2024-07-17 10:46:00,long,5474.0,5477.0,5467.0,5477.0,3.0,30.0,limit_touch,take_profit,1.0,2024-07-17 10:34:00,1,1.5,8.5,16.5,33.0,20.5,0.7014925373134329,0.4146341463414634,20.662499999999998,1.9842710223835454,244230.0,0.97838666683937,8.5,16.5,33.0,0.4146341463414634,0.7014925373134329,0.5082151449275363
2024-07-17,2024-07-17 11:09:00,2024-07-17 11:31:00,2024-07-17 12:13:00,long,5474.0,5477.5,5466.5,5477.5,3.5,35.0,limit_touch,take_profit,1.0,2024-07-17 11:09:00,2,7.5,10.5,5.5,31.5,23.5,0.7243816254416962,0.44680851063829785,20.662499999999998,2.0084694494857835,340814.0,1.044200315228511,10.5,5.5,31.5,0.44680851063829785,0.7243816254416962,0.5679045652173913
2024-07-17,2024-07-17 13:47:00,2024-07-17 14:44:00,2024-07-17 14:49:00,long,5482.5,5485.5,5476.0,5485.5,3.0,30.0,limit_touch,take_profit,1.0,2024-07-17 13:47:00,3,3.0,6.0,2.5,43.5,13.0,0.6857142857142857,0.46153846153846156,20.662499999999998,2.5408348457350276,538045.0,1.0662788836504962,6.0,2.5,43.5,0.46153846153846156,0.6857142857142857,0.5766747101449277
2024-07-19,2024-07-19 10:00:00,2024-07-19 10:01:00,2024-07-19 10:06:00,long,5554.5,5558.5,5545.5,5558.5,4.0,40.0,limit_touch,take_profit,1.0,2024-07-19 10:00:00,1,12.0,9.0,-0.5,8.0,40.0,0.4163568773234201,0.225,21.24642857142857,1.5532022188603127,129734.0,0.7536852346230218,9.0,-0.5,8.0,0.225,0.4163568773234201,0.22961862318840578
2024-07-19,2024-07-19 10:11:00,2024-07-19 10:14:00,2024-07-19 10:20:00,long,5565.5,5555.5,5555.5,5570.0,-10.0,-100.0,limit_touch,stop_loss,1.0,2024-07-19 10:11:00,2,9.5,18.5,13.0,18.5,47.5,0.38444193912063135,0.3894736842105263,21.24642857142857,2.2592032274331824,156596.0,0.779366402726558,18.5,13.0,18.5,0.3894736842105263,0.38444193912063135,0.5033571739130435
2024-07-19,2024-07-19 12:33:00,2024-07-19 12:40:00,2024-07-19 13:05:00,long,5569.0,5573.5,5559.0,5573.5,4.5,45.0,limit_touch,take_profit,1.0,2024-07-19 12:33:00,3,7.0,15.5,18.0,29.5,19.5,0.8742138364779874,0.7948717948717948,21.24642857142857,2.471003530005043,349912.0,0.7788202579804637,15.5,18.0,29.5,0.7948717948717948,0.8742138364779874,0.6504192753623188
2024-07-22,2024-07-22 13:22:00,2024-07-22 14:22:00,2024-07-22 14:27:00,short,5561.0,5557.0,5569.5,5557.0,4.0,40.0,limit_touch,take_profit_gap_open,-1.0,2024-07-22 13:22:00,1,-5.0,-5.5,-16.0,-56.5,15.5,-0.6261682242990654,-0.3548387096774194,21.669999999999998,3.4840793724042456,571091.0,1.1706472237635908,5.5,16.0,56.5,0.3548387096774194,0.6261682242990654,0.5915854347826086
2024-07-23,2024-07-23 11:49:00,2024-07-23 11:55:00,2024-07-23 11:57:00,short,5576.5,5572.5,5585.0,5572.5,4.0,40.0,limit_touch,take_profit,-1.0,2024-07-23 11:49:00,1,-7.5,-3.0,-18.0,-21.5,26.0,-0.5303867403314917,-0.11538461538461539,21.73125,2.2548173712970954,509702.0,1.2952229323101923,3.0,18.0,21.5,0.11538461538461539,0.5303867403314917,0.3518821739130435
2024-07-24,2024-07-24 10:32:00,2024-07-24 10:40:00,2024-07-24 10:45:00,long,5640.5,5644.0,5632.5,5644.0,3.5,35.0,limit_touch,take_profit,1.0,2024-07-24 10:32:00,1,1.5,10.5,12.5,44.0,16.5,0.8373983739837398,0.6363636363636364,21.31764705882353,2.392384105960265,302369.0,1.2221149498628214,10.5,12.5,44.0,0.6363636363636364,0.8373983739837398,0.7262336231884058
2024-07-25,2024-07-25 10:17:00,2024-07-25 10:36:00,2024-07-25 10:45:00,short,5652.5,5648.5,5661.5,5648.5,4.0,40.0,limit_touch,take_profit,-1.0,2024-07-25 10:17:00,1,-4.0,-8.5,-21.0,-50.0,27.5,0.09971509971509972,-0.3090909090909091,21.2,2.9716981132075473,306522.0,1.4169889012814085,8.5,21.0,50.0,0.3090909090909091,-0.09971509971509972,0.6308542028985508
2024-07-25,2024-07-25 13:19:00,2024-07-25 14:14:00,2024-07-25 14:41:00,short,5642.5,5638.5,5651.5,5638.5,4.0,40.0,limit_touch,take_profit,-1.0,2024-07-25 13:19:00,2,-8.5,-7.0,-10.0,-65.5,17.0,-0.6176470588235294,-0.4117647058823529,21.2,3.5849056603773586,679559.0,1.3788700841436776,7.0,10.0,65.5,0.4117647058823529,0.6176470588235294,0.6669167391304348
2024-07-26,2024-07-26 12:35:00,2024-07-26 12:57:00,2024-07-26 13:03:00,long,5657.0,5661.0,5648.0,5661.0,4.0,40.0,limit_touch,take_profit,1.0,2024-07-26 12:35:00,1,4.0,8.0,12.5,47.5,18.0,0.4411764705882353,0.4444444444444444,21.28421052631579,2.3491592482690407,584946.0,1.2719791837155399,8.0,12.5,47.5,0.4444444444444444,0.4411764705882353,0.6406395652173913
2024-07-29,2024-07-29 12:13:00,2024-07-29 12:21:00,2024-07-29 12:37:00,long,5662.0,5665.5,5654.5,5665.5,3.5,35.0,limit_touch,take_profit,1.0,2024-07-29 12:13:00,1,1.5,5.0,7.0,2.5,21.0,0.46511627906976744,0.23809523809523808,21.0675,1.7087931648273407,451211.0,1.0272093426418876,5.0,7.0,2.5,0.23809523809523808,0.46511627906976744,0.23464753623188406
2024-07-30,2024-07-30 10:05:00,2024-07-30 10:14:00,2024-07-30 10:16:00,long,5651.5,5645.5,5645.5,5654.5,-6.0,-60.0,limit_touch,stop_loss,1.0,2024-07-30 10:05:00,1,3.5,12.5,23.0,44.0,25.5,0.5732217573221757,0.49019607843137253,20.864285714285714,2.4683327627524823,172177.0,0.9097554718771655,12.5,23.0,44.0,0.49019607843137253,0.5732217573221757,0.6367666666666667
2024-07-31,2024-07-31 10:04:00,2024-07-31 10:12:00,2024-07-31 10:17:00,long,5682.0,5686.0,5673.5,5686.0,4.0,40.0,better_open,take_profit,1.0,2024-07-31 10:04:00,1,10.5,20.0,18.5,72.0,37.0,0.7816091954022989,0.5405405405405406,20.659090909090907,3.896589658965897,264524.0,1.411813933579425,20.0,18.5,72.0,0.5405405405405406,0.7816091954022989,0.8836229710144928
2024-08-01,2024-08-01 11:12:00,2024-08-01 11:31:00,2024-08-01 11:39:00,short,5666.5,5677.5,5677.5,5661.5,-11.0,-110.0,limit_touch,stop_loss,-1.0,2024-08-01 11:12:00,1,-2.0,-13.0,-8.0,-36.5,37.0,-0.6232876712328768,-0.35135135135135137,20.810869565217388,2.9792123681186675,495844.0,1.4322168492378917,13.0,8.0,36.5,0.35135135135135137,0.6232876712328768,0.6713966666666666
2024-08-02,2024-08-02 10:25:00,2024-08-02 10:31:00,2024-08-02 10:33:00,short,5745.0,5757.5,5757.5,5739.5,-12.5,-125.0,limit_touch,stop_loss,-1.0,2024-08-02 10:25:00,1,-21.0,-33.5,-39.5,-53.5,61.5,-0.7024358130348913,-0.5447154471544715,20.810869565217388,4.2525853964274525,459585.0,1.888631486492447,33.5,39.5,53.5,0.5447154471544715,0.7024358130348913,0.9130339130434784
2024-08-05,2024-08-05 10:06:00,2024-08-05 10:26:00,2024-08-05 10:29:00,short,5804.5,5797.0,5820.5,5797.0,7.5,75.0,limit_touch,take_profit,-1.0,2024-08-05 10:06:00,1,-14.5,-27.5,-36.0,-98.5,38.5,-0.9397116644823067,-0.7142857142857143,20.810869565217388,5.021414394651625,423965.0,2.1237321361975696,27.5,36.0,98.5,0.7142857142857143,0.9397116644823067,0.96512
2024-08-06,2024-08-06 10:10:00,2024-08-06 10:23:00,2024-08-06 10:43:00,short,5679.0,5692.0,5692.0,5673.0,-13.0,-130.0,limit_touch,stop_loss,-1.0,2024-08-06 10:10:00,1,-5.5,-30.0,-24.0,-62.5,32.0,-0.9828326180257511,-0.9375,20.810869565217388,3.2434973362582267,354666.0,1.651646076417337,30.0,24.0,62.5,0.9375,0.9828326180257511,0.9607596376811594
2024-08-06,2024-08-06 13:05:00,2024-08-06 14:10:00,2024-08-06 14:18:00,short,5667.5,5662.0,5680.0,5662.0,5.5,55.0,limit_touch,take_profit,-1.0,2024-08-06 13:05:00,2,-9.5,-18.5,-21.0,-80.0,30.5,-0.7822349570200573,-0.6065573770491803,20.810869565217388,3.9883004282878938,850127.0,1.6379944322289366,18.5,21.0,80.0,0.6065573770491803,0.7822349570200573,0.9015047826086956
2024-08-07,2024-08-07 10:32:00,2024-08-07 10:36:00,2024-08-07 10:45:00,short,5622.5,5618.0,5632.5,5618.0,4.5,45.0,limit_touch,take_profit,-1.0,2024-08-07 10:32:00,1,-0.5,-8.0,-16.0,-16.0,24.0,-0.7073170731707317,-0.3333333333333333,20.810869565217388,2.0902538389219685,380588.0,1.3957592421538938,8.0,16.0,16.0,0.3333333333333333,0.7073170731707317,0.45434528985507244
2024-08-08,2024-08-08 10:14:00,2024-08-08 10:25:00,2024-08-08 10:43:00,short,5645.5,5654.5,5654.5,5641.5,-9.0,-90.0,limit_touch,stop_loss,-1.0,2024-08-08 10:14:00,1,-6.5,-23.0,-12.0,-4.5,35.0,-0.8282208588957055,-0.6571428571428571,29.849999999999998,1.105527638190955,329366.0,1.4310411573251975,23.0,12.0,4.5,0.6571428571428571,0.8282208588957055,0.6094484782608696
2024-08-08,2024-08-08 11:41:00,2024-08-08 12:13:00,2024-08-08 12:22:00,short,5630.0,5625.5,5640.0,5625.5,4.5,45.0,limit_touch,take_profit,-1.0,2024-08-08 11:41:00,2,-2.5,-9.0,-15.0,-29.0,24.0,-0.5794392523364486,-0.375,29.849999999999998,1.7922948073701843,577951.0,1.3633920452854384,9.0,15.0,29.0,0.375,0.5794392523364486,0.5366157971014492
2024-08-09,2024-08-09 11:54:00,2024-08-09 12:13:00,2024-08-09 12:25:00,short,5521.0,5516.5,5531.0,5516.5,4.5,45.0,limit_touch,take_profit,-1.0,2024-08-09 11:54:00,1,-4.5,-9.0,-7.5,-38.0,21.0,-0.5116279069767442,-0.42857142857142855,31.074999999999996,1.9951729686242963,575578.0,1.2826825700227305,9.0,7.5,38.0,0.42857142857142855,0.5116279069767442,0.6037229710144927
2024-08-09,2024-08-09 14:19:00,2024-08-09 14:41:00,2024-08-09 14:52:00,short,5520.0,5516.0,5528.5,5516.0,4.0,40.0,limit_touch,take_profit,-1.0,2024-08-09 14:19:00,2,-0.5,-4.0,-11.5,-38.5,20.0,-0.5670103092783505,-0.2,31.074999999999996,2.0434432823813355,737095.0,1.2212869219431202,4.0,11.5,38.5,0.2,0.5670103092783505,0.4472172463768116
2024-08-12,2024-08-12 10:15:00,2024-08-12 10:20:00,2024-08-12 10:26:00,short,5492.5,5501.0,5501.0,5488.5,-8.5,-85.0,limit_touch,stop_loss,-1.0,2024-08-12 10:15:00,1,-2.5,-11.5,-20.0,-31.5,31.5,-0.44254278728606355,-0.36507936507936506,29.357142857142858,1.24330900243309,271006.0,1.1490470399267338,11.5,20.0,31.5,0.36507936507936506,0.44254278728606355,0.5336388405797101
2024-08-12,2024-08-12 12:47:00,2024-08-12 12:53:00,2024-08-12 13:16:00,long,5522.5,5527.0,5513.0,5527.0,4.5,45.0,limit_touch,take_profit,1.0,2024-08-12 12:47:00,2,4.0,7.0,24.0,15.5,23.0,0.5806451612903226,0.30434782608695654,29.357142857142858,1.7712895377128954,648788.0,1.2454186156286418,7.0,24.0,15.5,0.30434782608695654,0.5806451612903226,0.39433717391304346
2024-08-13,2024-08-13 10:16:00,2024-08-13 10:20:00,2024-08-13 10:30:00,long,5504.5,5508.5,5495.5,5508.5,4.0,40.0,limit_touch,take_profit,1.0,2024-08-13 10:16:00,1,10.0,17.5,18.5,29.0,20.5,0.9574468085106383,0.8536585365853658,27.6375,1.320669380370873,279703.0,1.1627441965261882,17.5,18.5,29.0,0.8536585365853658,0.9574468085106383,0.7150780434782609
2024-08-14,2024-08-14 10:25:00,2024-08-14 10:31:00,2024-08-14 10:38:00,long,5465.0,5456.5,5456.5,5469.0,-8.5,-85.0,limit_touch,stop_loss,1.0,2024-08-14 10:25:00,1,2.0,0.0,25.0,10.0,29.0,0.3121951219512195,0.0,26.416666666666668,1.4384858044164037,336124.0,1.2698419094852358,0.0,25.0,10.0,0.0,0.3121951219512195,0.20236681159420292
2024-08-14,2024-08-14 14:09:00,2024-08-14 14:47:00,2024-08-14 14:49:00,long,5482.0,5486.0,5473.0,5486.0,4.0,40.0,limit_touch,take_profit,1.0,2024-08-14 14:09:00,2,6.5,6.0,6.5,36.5,17.0,0.43636363636363634,0.35294117647058826,26.416666666666668,2.2902208201892744,719556.0,1.179933540776308,6.0,6.5,36.5,0.35294117647058826,0.43636363636363634,0.520522536231884
2024-08-15,2024-08-15 12:37:00,2024-08-15 12:44:00,2024-08-15 13:34:00,short,5469.5,5478.5,5478.5,5465.5,-9.0,-90.0,limit_touch,stop_loss,-1.0,2024-08-15 12:37:00,1,-3.0,-7.5,-17.0,-15.5,15.5,-0.7880794701986755,-0.4838709677419355,25.59,1.426338413442751,510639.0,0.9769964189100377,7.5,17.0,15.5,0.4838709677419355,0.7880794701986755,0.3957717391304348
2024-08-16,2024-08-16 10:04:00,2024-08-16 10:13:00,2024-08-16 10:16:00,short,5457.5,5454.0,5465.0,5454.0,3.5,35.0,limit_touch,take_profit,-1.0,2024-08-16 10:04:00,1,1.5,-14.0,-19.0,-37.0,27.0,-0.711864406779661,-0.5185185185185185,24.477272727272727,1.9405756731662025,213113.0,1.0063843185514996,14.0,19.0,37.0,0.5185185185185185,0.711864406779661,0.6503376086956523
2024-08-16,2024-08-16 11:49:00,2024-08-16 13:10:00,2024-08-16 13:20:00,long,5482.5,5474.5,5474.5,5486.0,-8.0,-80.0,limit_touch,stop_loss,1.0,2024-08-16 11:49:00,2,8.5,14.0,13.5,7.5,30.0,0.5764705882352941,0.4666666666666667,24.477272727272727,2.022284122562674,439286.0,0.9629904030004696,14.0,13.5,7.5,0.4666666666666667,0.5764705882352941,0.4631067391304348
2024-08-19,2024-08-19 10:05:00,2024-08-19 10:09:00,2024-08-19 10:10:00,short,5460.0,5456.5,5467.5,5456.5,3.5,35.0,limit_touch,take_profit,-1.0,2024-08-19 10:05:00,1,-9.0,-18.0,-16.0,-24.5,27.0,-0.831081081081081,-0.6666666666666666,23.675,1.2249208025343188,187648.0,0.8665625661916467,18.0,16.0,24.5,0.6666666666666666,0.831081081081081,0.5914260144927536
2024-08-19,2024-08-19 10:36:00,2024-08-19 10:40:00,2024-08-19 10:44:00,short,5453.0,5449.5,5460.5,5449.5,3.5,35.0,limit_touch,take_profit,-1.0,2024-08-19 10:36:00,2,-5.5,-4.5,-7.5,-34.5,27.5,-0.11784511784511785,-0.16363636363636364,23.675,1.6050686378035903,278256.0,0.9288871154145312,4.5,7.5,34.5,0.16363636363636364,0.11784511784511785,0.3313584782608695
2024-08-19,2024-08-19 13:07:00,2024-08-19 13:23:00,2024-08-19 13:26:00,short,5427.0,5423.5,5434.5,5423.5,3.5,35.0,limit_touch,take_profit,-1.0,2024-08-19 13:07:00,3,-2.5,-2.5,-12.0,-69.5,15.5,-0.3333333333333333,-0.16129032258064516,23.675,3.062302006335797,566108.0,1.0142349806451252,2.5,12.0,69.5,0.16129032258064516,0.3333333333333333,0.4643702898550725
2024-08-20,2024-08-20 11:28:00,2024-08-20 11:34:00,2024-08-20 11:37:00,long,5466.0,5470.5,5456.5,5470.5,4.5,45.0,limit_touch,take_profit,1.0,2024-08-20 11:28:00,1,12.5,17.0,23.5,27.5,22.0,0.9361702127659575,0.7727272727272727,24.103846153846153,1.4105632679112814,461431.0,1.0922575253752125,17.0,23.5,27.5,0.7727272727272727,0.9361702127659575,0.6877130434782609
2024-08-21,2024-08-21 14:21:00,2024-08-21 14:47:00,2024-08-21 14:50:00,long,5503.0,5507.0,5494.5,5507.0,4.0,40.0,limit_touch,take_profit,1.0,2024-08-21 14:21:00,1,3.0,9.0,19.0,35.0,24.0,0.3235294117647059,0.375,23.635714285714286,2.200060441220913,695126.0,1.0829070581603404,9.0,19.0,35.0,0.375,0.3235294117647059,0.5486395652173913
2024-08-22,2024-08-22 10:22:00,2024-08-22 10:46:00,2024-08-22 10:54:00,long,5545.0,5535.5,5535.5,5549.5,-9.5,-95.0,limit_touch,stop_loss,1.0,2024-08-22 10:22:00,1,4.0,13.5,35.5,74.0,22.5,0.8075313807531381,0.6,23.099999999999998,3.441558441558442,299734.0,1.1102006931454458,13.5,35.5,74.0,0.6,0.8075313807531381,0.8040466666666666
2024-08-22,2024-08-22 13:16:00,2024-08-22 14:46:00,2024-08-22 14:49:00,long,5562.0,5566.5,5552.5,5566.5,4.5,45.0,limit_touch,take_profit,1.0,2024-08-22 13:16:00,2,2.5,5.5,6.5,91.0,14.5,0.5529411764705883,0.3793103448275862,23.099999999999998,4.415584415584416,637957.0,1.098037836493613,5.5,6.5,91.0,0.3793103448275862,0.5529411764705883,0.6104337681159421
2024-08-23,2024-08-23 10:31:00,2024-08-23 10:42:00,2024-08-23 10:52:00,short,5563.0,5573.5,5573.5,5558.0,-10.5,-105.0,limit_touch,stop_gap_open,-1.0,2024-08-23 10:31:00,1,-2.0,-7.0,-20.0,-32.5,29.0,-0.2606060606060606,-0.2413793103448276,24.065625,1.4335800545383717,273618.0,0.9282494963265993,7.0,20.0,32.5,0.2413793103448276,0.2606060606060606,0.37636724637681157
2024-08-23,2024-08-23 11:30:00,2024-08-23 11:38:00,2024-08-23 11:41:00,short,5519.5,5514.0,5532.0,5514.0,5.5,55.0,limit_touch,take_profit,-1.0,2024-08-23 11:30:00,2,-15.0,-25.5,-55.5,-85.5,54.5,-0.7053780202650038,-0.46788990825688076,24.065625,3.864433190494741,483097.0,1.1044232452321776,25.5,55.5,85.5,0.46788990825688076,0.7053780202650038,0.8495705072463768
2024-08-26,2024-08-26 10:16:00,2024-08-26 10:27:00,2024-08-26 10:31:00,long,5500.0,5504.5,5490.5,5504.5,4.5,45.0,limit_touch,take_profit,1.0,2024-08-26 10:16:00,1,4.5,16.5,16.5,9.0,26.5,0.8241758241758241,0.6226415094339622,24.58235294117647,1.383106006221584,266322.0,1.0375213015823588,16.5,16.5,9.0,0.6226415094339622,0.8241758241758241,0.5371213768115941
2024-08-26,2024-08-26 12:18:00,2024-08-26 12:24:00,2024-08-26 12:51:00,long,5506.5,5496.5,5496.5,5511.0,-10.0,-100.0,limit_touch,stop_loss,1.0,2024-08-26 12:18:00,2,3.5,16.0,24.5,18.5,18.0,0.9797979797979798,0.8888888888888888,24.58235294117647,1.72888250777698,530664.0,1.0136241124815162,16.0,24.5,18.5,0.8888888888888888,0.9797979797979798,0.6300723913043478
2024-08-27,2024-08-27 12:45:00,2024-08-27 12:58:00,2024-08-27 13:04:00,long,5511.5,5503.0,5503.0,5515.5,-8.5,-85.0,better_open,stop_loss,1.0,2024-08-27 12:45:00,1,5.0,16.0,24.0,36.5,27.0,0.8037974683544303,0.5925925925925926,23.925,1.7972831765935213,535423.0,0.9635214638850633,16.0,24.0,36.5,0.5925925925925926,0.8037974683544303,0.6718594927536231
2024-08-28,2024-08-28 13:22:00,2024-08-28 13:53:00,2024-08-28 14:08:00,long,5544.0,5547.5,5536.0,5547.5,3.5,35.0,limit_touch,take_profit,1.0,2024-08-28 13:22:00,1,4.0,14.5,12.0,39.0,18.5,0.9396984924623115,0.7837837837837838,23.34473684210526,1.7562845226017363,588428.0,0.9883172817798003,14.5,12.0,39.0,0.7837837837837838,0.9396984924623115,0.704586884057971
2024-08-29,2024-08-29 11:32:00,2024-08-29 12:38:00,2024-08-29 12:49:00,long,5637.5,5642.0,5627.5,5642.0,4.5,45.0,limit_touch,take_profit,1.0,2024-08-29 11:32:00,1,10.5,14.0,12.5,97.5,26.0,0.6058394160583942,0.5384615384615384,23.0625,4.661246612466124,493511.0,1.1067433742459194,14.0,12.5,97.5,0.5384615384615384,0.6058394160583942,0.8049975362318841
2024-08-30,2024-08-30 10:05:00,2024-08-30 10:33:00,2024-08-30 10:37:00,long,5679.5,5685.0,5667.5,5685.0,5.5,55.0,limit_touch,take_profit,1.0,2024-08-30 10:05:00,1,30.0,58.5,84.5,105.0,94.5,0.6389143031412016,0.6190476190476191,23.499999999999996,5.085106382978724,319716.0,1.4081032868633077,58.5,84.5,105.0,0.6190476190476191,0.6389143031412016,0.9590302173913045
2024-09-02,2024-09-02 10:34:00,2024-09-02 10:36:00,2024-09-02 10:47:00,long,5662.0,5668.5,5647.5,5668.5,6.5,65.0,limit_touch,take_profit,1.0,2024-09-02 10:34:00,1,6.5,18.0,33.0,26.5,23.0,0.944,0.782608695652174,24.061363636363634,1.7663171814489471,345846.0,1.1117010798320541,18.0,33.0,26.5,0.782608695652174,0.944,0.7162660869565218
2024-09-02,2024-09-02 11:22:00,2024-09-02 11:25:00,2024-09-02 12:04:00,long,5665.5,5651.0,5651.0,5672.0,-14.5,-145.0,limit_touch,stop_loss,1.0,2024-09-02 11:22:00,2,12.0,11.5,7.0,33.0,24.5,0.8215384615384616,0.46938775510204084,24.061363636363634,1.974119202795882,462479.0,1.073213128262837,11.5,7.0,33.0,0.46938775510204084,0.8215384615384616,0.6041466666666666
2024-09-02,2024-09-02 13:03:00,2024-09-02 13:12:00,2024-09-02 13:45:00,short,5638.0,5632.0,5651.0,5632.0,6.0,60.0,limit_touch,take_profit,-1.0,2024-09-02 13:03:00,3,-10.0,-12.5,-6.0,-13.0,24.5,-0.5789473684210527,-0.5102040816326531,24.061363636363634,2.2027014262775104,614779.0,1.047708791539332,12.5,6.0,13.0,0.5102040816326531,0.5789473684210527,0.5274397826086956
2024-09-03,2024-09-03 10:06:00,2024-09-03 10:12:00,2024-09-03 10:20:00,short,5608.5,5618.0,5618.0,5604.0,-9.5,-95.0,limit_touch,stop_loss,-1.0,2024-09-03 10:06:00,1,-5.5,-13.0,-9.0,-60.5,30.0,-0.6781115879828327,-0.43333333333333335,24.061363636363634,2.701426277510154,252645.0,1.0838544109972323,13.0,9.0,60.5,0.43333333333333335,0.6781115879828327,0.7107789855072463
2024-09-03,2024-09-03 11:52:00,2024-09-03 11:58:00,2024-09-03 12:02:00,long,5650.0,5655.0,5638.5,5655.0,5.0,50.0,limit_touch,take_profit,1.0,2024-09-03 11:52:00,2,3.5,17.0,17.5,10.5,37.0,0.6290909090909091,0.4594594594594595,24.061363636363634,3.200151128742798,604653.0,1.2316721814778933,17.0,17.5,10.5,0.4594594594594595,0.6290909090909091,0.6110282608695652
2024-09-04,2024-09-04 11:40:00,2024-09-04 12:14:00,2024-09-04 12:33:00,short,5642.5,5652.5,5652.5,5638.0,-10.0,-100.0,limit_touch,stop_loss,-1.0,2024-09-04 11:40:00,1,-5.5,-9.0,-14.0,-26.5,31.0,-0.5420560747663551,-0.2903225806451613,24.061363636363634,1.9117785963918015,554285.0,1.1771341815314051,9.0,14.0,26.5,0.2903225806451613,0.5420560747663551,0.4857652173913043
2024-09-05,2024-09-05 10:27:00,2024-09-05 10:31:00,2024-09-05 10:34:00,short,5626.0,5622.0,5634.5,5622.0,4.0,40.0,limit_touch,take_profit,-1.0,2024-09-05 10:27:00,1,-6.0,-14.5,-19.5,-38.5,24.5,-0.592156862745098,-0.5918367346938775,24.061363636363634,2.1611410220081235,328173.0,1.1159163667144385,14.5,19.5,38.5,0.5918367346938775,0.592156862745098,0.7245510144927536
2024-09-06,2024-09-06 11:52:00,2024-09-06 12:00:00,2024-09-06 12:00:00,long,5593.5,5583.5,5583.5,5598.0,-10.0,-100.0,limit_touch,stop_loss,1.0,2024-09-06 11:52:00,1,12.5,23.0,25.0,17.5,45.0,0.6826196473551638,0.5111111111111111,24.061363636363634,2.8053272881836215,593527.0,1.2029906588528416,23.0,25.0,17.5,0.5111111111111111,0.6826196473551638,0.6965079710144927
2024-09-06,2024-09-06 12:20:00,2024-09-06 12:33:00,2024-09-06 12:52:00,long,5596.0,5601.0,5585.0,5601.0,5.0,50.0,limit_touch,take_profit,1.0,2024-09-06 12:20:00,2,11.5,14.0,13.5,16.5,34.0,0.5714285714285714,0.4117647058823529,24.061363636363634,2.9300085009917827,695999.0,1.2895450234051522,14.0,13.5,16.5,0.4117647058823529,0.5714285714285714,0.5948581884057972
2024-09-06,2024-09-06 13:49:00,2024-09-06 14:18:00,2024-09-06 14:26:00,long,5597.5,5602.5,5587.0,5602.5,5.0,50.0,limit_touch,take_profit,1.0,2024-09-06 13:49:00,3,7.0,5.0,11.5,22.0,20.0,0.3157894736842105,0.25,24.061363636363634,3.0131293095305565,806478.0,1.2604351456518255,5.0,11.5,22.0,0.25,0.3157894736842105,0.4363409420289855
2024-09-10,2024-09-10 10:10:00,2024-09-10 10:19:00,2024-09-10 10:23:00,long,5612.0,5616.0,5604.0,5616.0,4.0,40.0,limit_touch,take_profit,1.0,2024-09-10 10:10:00,1,6.0,12.0,9.0,31.5,29.0,0.46111111111111114,0.41379310344827586,20.2,2.0544554455445545,282370.0,1.1290321505802698,12.0,9.0,31.5,0.41379310344827586,0.46111111111111114,0.5968663768115942
2024-09-11,2024-09-11 10:11:00,2024-09-11 10:16:00,2024-09-11 10:23:00,short,5630.0,5625.5,5639.5,5625.5,4.5,45.0,limit_touch,take_profit,-1.0,2024-09-11 10:11:00,1,-4.0,-25.0,-33.0,-27.5,48.0,-0.7932960893854749,-0.5208333333333334,21.728571428571428,2.255095332018409,326953.0,1.285179475366997,25.0,33.0,27.5,0.5208333333333334,0.7932960893854749,0.752499347826087
2024-09-11,2024-09-11 11:20:00,2024-09-11 11:27:00,2024-09-11 11:29:00,long,5660.5,5665.5,5650.0,5665.5,5.0,50.0,limit_touch,take_profit,1.0,2024-09-11 11:20:00,2,14.0,19.5,29.0,21.0,43.5,0.7134883720930233,0.4482758620689655,21.728571428571428,2.6232741617357003,548834.0,1.2635239682876973,19.5,29.0,21.0,0.4482758620689655,0.7134883720930233,0.6769885507246376
2024-09-11,2024-09-11 11:54:00,2024-09-11 12:01:00,2024-09-11 12:10:00,long,5668.5,5673.5,5658.0,5673.5,5.0,50.0,limit_touch,take_profit,1.0,2024-09-11 11:54:00,3,9.0,13.0,18.0,36.5,24.0,0.6534653465346535,0.5416666666666666,21.728571428571428,3.129520052596976,641079.0,1.2717859917372532,13.0,18.0,36.5,0.5416666666666666,0.6534653465346535,0.7388247101449275
2024-09-12,2024-09-12 10:27:00,2024-09-12 10:28:00,2024-09-12 10:29:00,long,5668.0,5672.0,5659.0,5672.0,4.0,40.0,limit_touch,take_profit,1.0,2024-09-12 10:27:00,1,10.5,21.5,17.0,14.0,30.5,0.8927738927738927,0.7049180327868853,21.5625,1.4376811594202898,258898.0,0.8552668525870618,21.5,17.0,14.0,0.7049180327868853,0.8927738927738927,0.5611251449275362
2024-09-12,2024-09-12 10:47:00,2024-09-12 10:51:00,2024-09-12 11:12:00,long,5669.0,5660.5,5660.5,5673.0,-8.5,-85.0,limit_touch,stop_loss,1.0,2024-09-12 10:47:00,2,6.0,3.5,17.0,13.0,25.5,0.1152073732718894,0.13725490196078433,21.5625,1.5072463768115942,314948.0,0.8807831035111994,3.5,17.0,13.0,0.13725490196078433,0.1152073732718894,0.1772590579710145
2024-09-12,2024-09-12 11:33:00,2024-09-12 11:40:00,2024-09-12 11:43:00,long,5674.0,5678.5,5664.5,5678.5,4.5,45.0,limit_touch,take_profit,1.0,2024-09-12 11:33:00,3,16.0,22.0,14.0,22.5,35.0,0.8221343873517787,0.6285714285714286,21.5625,1.8318840579710145,426636.0,0.9124328048304243,22.0,14.0,22.5,0.6285714285714286,0.8221343873517787,0.6364900724637681
2024-09-12,2024-09-12 11:55:00,2024-09-12 12:01:00,2024-09-12 12:14:00,long,5677.0,5667.5,5667.5,5681.5,-9.5,-95.0,limit_touch,stop_loss,1.0,2024-09-12 11:55:00,4,12.0,9.0,24.5,25.0,27.0,0.36470588235294116,0.3333333333333333,21.5625,2.017391304347826,478457.0,0.9353403742675197,9.0,24.5,25.0,0.3333333333333333,0.36470588235294116,0.43654166666666666
2024-09-13,2024-09-13 10:41:00,2024-09-13 10:45:00,2024-09-13 10:46:00,short,5600.5,5596.5,5609.5,5596.5,4.0,40.0,limit_touch,take_profit,-1.0,2024-09-13 10:41:00,1,-2.5,-14.5,-16.0,-27.5,28.5,-0.7388724035608308,-0.5087719298245614,21.249999999999996,1.8117647058823532,327623.0,0.9600255754425742,14.5,16.0,27.5,0.5087719298245614,0.7388724035608308,0.5858496376811594
2024-09-13,2024-09-13 10:56:00,2024-09-13 11:18:00,2024-09-13 11:24:00,short,5588.5,5584.0,5598.0,5584.0,4.5,45.0,limit_touch,take_profit,-1.0,2024-09-13 10:56:00,2,-8.0,-11.0,-25.5,-38.5,34.0,-0.42788461538461536,-0.3235294117647059,21.249999999999996,2.5647058823529414,380393.0,0.9995801721057869,11.0,25.5,38.5,0.3235294117647059,0.42788461538461536,0.5705189855072463
2024-09-16,2024-09-16 10:39:00,2024-09-16 11:12:00,2024-09-16 11:15:00,short,5527.0,5522.5,5537.0,5522.5,4.5,45.0,limit_touch,take_profit,-1.0,2024-09-16 10:39:00,1,-18.0,-29.5,-51.5,-60.0,42.5,-0.8833883388338833,-0.6941176470588235,21.389999999999997,3.927068723702665,380600.0,1.1252012561101148,29.5,51.5,60.0,0.6941176470588235,0.8833883388338833,0.9136778260869566
2024-09-17,2024-09-17 11:44:00,2024-09-17 11:54:00,2024-09-17 12:26:00,long,5516.0,5507.5,5507.5,5520.0,-8.5,-85.0,limit_touch,stop_loss,1.0,2024-09-17 11:44:00,1,4.0,13.0,12.5,3.5,22.0,0.6929824561403509,0.5909090909090909,21.736363636363635,1.3571727310748642,451462.0,0.9091623996375933,13.0,12.5,3.5,0.5909090909090909,0.6929824561403509,0.4240390579710145
2024-09-17,2024-09-17 13:31:00,2024-09-17 13:36:00,2024-09-17 13:58:00,short,5500.5,5508.0,5508.0,5497.0,-7.5,-75.0,limit_touch,stop_loss,-1.0,2024-09-17 13:31:00,2,-7.5,-9.0,-16.0,-24.0,13.0,-0.9166666666666666,-0.6923076923076923,21.736363636363635,1.4031785863655375,562442.0,0.873210071140192,9.0,16.0,24.0,0.6923076923076923,0.9166666666666666,0.4876149275362318
2024-09-18,2024-09-18 10:36:00,2024-09-18 10:39:00,2024-09-18 10:43:00,short,5478.5,5475.0,5486.0,5475.0,3.5,35.0,limit_touch,take_profit,-1.0,2024-09-18 10:36:00,1,-11.0,-7.5,-21.5,-10.5,24.5,-0.28113879003558717,-0.30612244897959184,20.8625,1.5578190533253444,289481.0,0.867720102382705,7.5,21.5,10.5,0.30612244897959184,0.28113879003558717,0.26841724637681164
2024-09-18,2024-09-18 10:45:00,2024-09-18 10:47:00,2024-09-18 11:09:00,short,5477.0,5473.5,5484.5,5473.5,3.5,35.0,limit_touch,take_profit,-1.0,2024-09-18 10:45:00,2,-5.0,-10.5,-17.0,-10.0,30.5,-0.34203655352480417,-0.3442622950819672,20.8625,1.6536848412222886,316564.0,0.885174837017919,10.5,17.0,10.0,0.3442622950819672,0.34203655352480417,0.33416492753623184
2024-09-18,2024-09-18 11:10:00,2024-09-18 11:19:00,2024-09-18 11:35:00,short,5474.0,5482.0,5482.0,5470.5,-8.0,-80.0,limit_touch,stop_loss,-1.0,2024-09-18 11:10:00,3,-6.0,-7.0,-7.0,-12.0,25.0,-0.24561403508771928,-0.28,20.8625,1.8454164170161773,365023.0,0.8640509402865982,7.0,7.0,12.0,0.28,0.24561403508771928,0.27716471014492755
2024-09-20,2024-09-20 10:06:00,2024-09-20 10:06:00,2024-09-20 10:06:00,long,5449.5,5453.5,5441.5,5453.5,4.0,40.0,limit_touch,take_profit,1.0,2024-09-20 10:06:00,1,-2.5,13.0,10.0,9.5,39.0,0.3184713375796178,0.3333333333333333,20.710714285714285,1.6899465425073288,243493.0,0.9987269112959398,13.0,10.0,9.5,0.3333333333333333,0.3184713375796178,0.406354420289855
2024-09-23,2024-09-23 10:11:00,2024-09-23 10:18:00,2024-09-23 10:19:00,short,5559.0,5554.0,5570.0,5554.0,5.0,50.0,limit_touch,take_profit,-1.0,2024-09-23 10:11:00,1,-5.0,-13.5,-25.0,-23.0,28.5,-0.7852028639618138,-0.47368421052631576,21.45,2.773892773892774,306650.0,1.1753130974300638,13.5,25.0,23.0,0.47368421052631576,0.7852028639618138,0.6331442753623189
2024-09-23,2024-09-23 12:22:00,2024-09-23 13:11:00,2024-09-23 13:42:00,short,5550.5,5545.5,5561.0,5545.5,5.0,50.0,limit_touch,take_profit,-1.0,2024-09-23 12:22:00,2,-4.5,-2.5,-8.5,-36.5,14.5,0.06666666666666667,-0.1724137931034483,21.45,3.2867132867132867,569708.0,1.0089266708154216,2.5,8.5,36.5,0.1724137931034483,-0.06666666666666667,0.4093973913043478
2024-09-24,2024-09-24 11:12:00,2024-09-24 11:47:00,2024-09-24 11:48:00,short,5468.5,5464.0,5478.0,5464.0,4.5,45.0,limit_touch,take_profit,-1.0,2024-09-24 11:12:00,1,-7.5,-6.5,-7.0,-71.5,29.5,-0.35064935064935066,-0.22033898305084745,21.4875,3.816172193135544,451877.0,1.0513951879682686,6.5,7.0,71.5,0.22033898305084745,0.35064935064935066,0.5606252898550725
2024-09-25,2024-09-25 12:17:00,2024-09-25 12:52:00,2024-09-25 13:05:00,long,5483.5,5476.0,5476.0,5487.0,-7.5,-75.0,limit_touch,stop_loss,1.0,2024-09-25 12:17:00,1,3.5,2.0,2.0,37.5,15.0,-0.08955223880597014,0.13333333333333333,21.670588235294115,2.6072204125950056,474282.0,0.8483704084397605,2.0,2.0,37.5,0.13333333333333333,-0.08955223880597014,0.3306741304347826
2024-09-26,2024-09-26 10:13:00,2024-09-26 10:31:00,2024-09-26 10:52:00,long,5436.5,5440.5,5428.0,5440.5,4.0,40.0,limit_touch,take_profit,1.0,2024-09-26 10:13:00,1,5.5,12.0,20.0,0.0,32.0,0.5191256830601093,0.375,21.408333333333335,1.8684312962242116,272704.0,1.0116120378211968,12.0,20.0,0.0,0.375,0.5191256830601093,0.3898956521739131
2024-09-26,2024-09-26 11:05:00,2024-09-26 11:11:00,2024-09-26 11:13:00,long,5440.0,5444.0,5431.5,5444.0,4.0,40.0,limit_touch,take_profit,1.0,2024-09-26 11:05:00,2,0.5,13.5,16.0,4.0,25.5,0.678714859437751,0.5294117647058824,21.408333333333335,2.0786298170494355,383530.0,0.9302463213576216,13.5,16.0,4.0,0.5294117647058824,0.678714859437751,0.4608860869565218
2024-09-26,2024-09-26 14:23:00,2024-09-26 14:53:00,2024-09-26 16:19:00,long,5443.5,5447.0,5435.5,5447.0,3.5,35.0,limit_touch,take_profit,1.0,2024-09-26 14:23:00,3,10.0,13.5,11.0,9.5,26.5,0.8102981029810298,0.5094339622641509,21.408333333333335,2.312183729077462,633296.0,0.9059031557232518,13.5,11.0,9.5,0.5094339622641509,0.8102981029810298,0.47556898550724636
2024-09-30,2024-09-30 10:50:00,2024-09-30 11:21:00,2024-09-30 11:22:00,long,5475.5,5479.5,5467.5,5479.5,4.0,40.0,limit_touch,take_profit,1.0,2024-09-30 10:50:00,1,0.0,13.5,19.5,38.0,39.5,0.3229706390328152,0.34177215189873417,20.4975,3.4882302719843885,278089.0,0.7446346894869676,13.5,19.5,38.0,0.34177215189873417,0.3229706390328152,0.5577451449275362
2024-10-02,2024-10-02 10:16:00,2024-10-02 10:20:00,2024-10-02 10:20:00,long,5445.5,5449.5,5436.5,5449.5,4.0,40.0,limit_touch,take_profit,1.0,2024-10-02 10:16:00,1,9.0,17.0,7.5,15.0,26.0,0.9017341040462428,0.6538461538461539,20.542857142857144,1.4847009735744088,258233.0,0.923636658014293,17.0,7.5,15.0,0.6538461538461539,0.9017341040462428,0.5502507246376812
2024-10-02,2024-10-02 10:45:00,2024-10-02 10:50:00,2024-10-02 11:15:00,long,5448.5,5440.0,5440.0,5452.5,-8.5,-85.0,limit_touch,stop_loss,1.0,2024-10-02 10:45:00,2,1.0,0.0,5.0,17.5,14.0,-0.25,0.0,20.542857142857144,1.6794158553546592,325528.0,0.8995934215116982,0.0,5.0,17.5,0.0,-0.25,0.17361398550724635
2024-10-02,2024-10-02 12:23:00,2024-10-02 12:59:00,2024-10-02 13:16:00,long,5454.5,5458.5,5446.0,5458.5,4.0,40.0,limit_touch,take_profit,1.0,2024-10-02 12:23:00,3,-1.0,4.0,13.0,26.0,21.0,0.4215686274509804,0.19047619047619047,20.542857142857144,2.0688456189151596,498146.0,0.8788838153549932,4.0,13.0,26.0,0.19047619047619047,0.4215686274509804,0.30153717391304347
2024-10-02,2024-10-02 14:21:00,2024-10-02 14:52:00,2024-10-02 14:56:00,long,5457.5,5461.0,5450.5,5461.0,3.5,35.0,limit_touch,take_profit,1.0,2024-10-02 14:21:00,4,4.0,7.0,7.5,32.5,14.0,0.625,0.5,20.542857142857144,2.26356050069541,579671.0,0.8296629728095379,7.0,7.5,32.5,0.5,0.625,0.4839885507246377
2024-10-03,2024-10-03 10:28:00,2024-10-03 10:43:00,2024-10-03 10:48:00,long,5499.0,5502.5,5492.0,5502.5,3.5,35.0,limit_touch,take_profit,1.0,2024-10-03 10:28:00,1,13.0,14.5,12.0,33.0,21.5,0.7801047120418848,0.6744186046511628,20.542857142857144,2.020166898470097,245766.0,0.7832292247167545,14.5,12.0,33.0,0.6744186046511628,0.7801047120418848,0.619178115942029
2024-10-03,2024-10-03 11:23:00,2024-10-03 11:33:00,2024-10-03 11:36:00,long,5514.5,5518.0,5506.5,5518.0,3.5,35.0,limit_touch,take_profit,1.0,2024-10-03 11:23:00,2,16.5,23.0,28.5,56.0,36.0,0.7976539589442815,0.6388888888888888,20.542857142857144,3.01808066759388,394059.0,0.8626972891972355,23.0,28.5,56.0,0.6388888888888888,0.7976539589442815,0.7945734782608695
2024-10-04,2024-10-04 12:01:00,2024-10-04 12:27:00,2024-10-04 12:37:00,short,5487.0,5483.0,5495.5,5483.0,4.0,40.0,limit_touch,take_profit,-1.0,2024-10-04 12:01:00,1,-3.5,-10.0,-13.0,-17.5,19.0,-0.7526881720430108,-0.5263157894736842,20.542857142857144,3.3101529902642555,550753.0,1.0348575516709593,10.0,13.0,17.5,0.5263157894736842,0.7526881720430108,0.555196811594203
2024-10-08,2024-10-08 10:03:00,2024-10-08 10:05:00,2024-10-08 10:08:00,short,5518.0,5525.0,5525.0,5515.0,-7.0,-70.0,limit_touch,stop_loss,-1.0,2024-10-08 10:03:00,1,-14.5,-11.5,-13.5,-8.5,30.5,-0.6621359223300971,-0.3770491803278688,19.02,1.3932702418506835,243601.0,1.0260083916696547,11.5,13.5,8.5,0.3770491803278688,0.6621359223300971,0.384508115942029
2024-10-08,2024-10-08 11:27:00,2024-10-08 11:55:00,2024-10-08 11:57:00,long,5540.0,5543.5,5532.5,5543.5,3.5,35.0,limit_touch,take_profit,1.0,2024-10-08 11:27:00,2,6.0,17.0,20.0,27.0,23.0,0.9180327868852459,0.7391304347826086,19.02,1.9978969505783386,459707.0,0.9881242046978712,17.0,20.0,27.0,0.7391304347826086,0.9180327868852459,0.6849556521739131
2024-10-08,2024-10-08 14:10:00,2024-10-08 14:26:00,2024-10-08 14:38:00,long,5542.5,5536.0,5536.0,5545.5,-6.5,-65.0,limit_touch,stop_loss,1.0,2024-10-08 14:10:00,3,5.0,9.0,11.5,28.0,13.0,0.7894736842105263,0.6923076923076923,19.02,2.155625657202944,624027.0,0.9099381506997496,9.0,11.5,28.0,0.6923076923076923,0.7894736842105263,0.5608763768115942
2024-10-09,2024-10-09 10:30:00,2024-10-09 10:45:00,2024-10-09 10:50:00,long,5585.5,5588.5,5579.0,5588.5,3.0,30.0,limit_touch,take_profit,1.0,2024-10-09 10:30:00,1,7.5,7.5,19.5,47.5,20.5,0.5187165775401069,0.36585365853658536,18.125,2.9793103448275864,280565.0,0.8783949103094192,7.5,19.5,47.5,0.36585365853658536,0.5187165775401069,0.528495652173913
2024-10-09,2024-10-09 11:35:00,2024-10-09 12:09:00,2024-10-09 12:25:00,long,5589.5,5592.5,5582.5,5592.5,3.0,30.0,limit_touch,take_profit,1.0,2024-10-09 11:35:00,2,7.0,9.5,12.5,50.5,22.5,0.5211267605633803,0.4222222222222222,18.125,3.282758620689655,400394.0,0.8278160847930139,9.5,12.5,50.5,0.4222222222222222,0.5211267605633803,0.5780563768115943
2024-10-10,2024-10-10 10:09:00,2024-10-10 10:12:00,2024-10-10 10:17:00,short,5589.5,5586.0,5597.5,5586.0,3.5,35.0,limit_touch,take_profit_gap_open,-1.0,2024-10-10 10:09:00,1,-4.5,-17.0,-25.0,-12.5,33.0,-0.6587301587301587,-0.5151515151515151,18.535714285714285,2.0770712909441236,327783.0,1.2651851156130254,17.0,25.0,12.5,0.5151515151515151,0.6587301587301587,0.6083752173913044
2024-10-11,2024-10-11 10:52:00,2024-10-11 11:17:00,2024-10-11 11:19:00,long,5642.5,5646.5,5633.5,5646.5,4.0,40.0,limit_touch,take_profit,1.0,2024-10-11 10:52:00,1,3.5,9.0,41.0,72.5,33.0,0.3456221198156682,0.2727272727272727,17.662499999999998,5.435244161358812,408253.0,1.065504073027403,9.0,41.0,72.5,0.2727272727272727,0.3456221198156682,0.6252286231884058
2024-10-14,2024-10-14 10:52:00,2024-10-14 11:03:00,2024-10-14 11:18:00,short,5619.0,5627.0,5627.0,5615.0,-8.0,-80.0,limit_touch,stop_loss,-1.0,2024-10-14 10:52:00,1,-8.5,-15.5,-25.0,-21.0,33.5,-0.5881326352530541,-0.4626865671641791,18.9,3.227513227513228,341387.0,0.8844048284539464,15.5,25.0,21.0,0.4626865671641791,0.5881326352530541,0.5719485507246377
2024-10-15,2024-10-15 11:40:00,2024-10-15 12:32:00,2024-10-15 12:46:00,long,5648.5,5652.5,5640.5,5652.5,4.0,40.0,limit_touch,take_profit,1.0,2024-10-15 11:40:00,1,6.0,7.0,11.0,58.0,17.0,0.5405405405405406,0.4117647058823529,19.679999999999996,3.8617886178861798,497064.0,0.9926640521446987,7.0,11.0,58.0,0.4117647058823529,0.5405405405405406,0.6026097101449275
2024-10-18,2024-10-18 10:08:00,2024-10-18 10:22:00,2024-10-18 10:29:00,long,5661.5,5664.5,5654.5,5664.5,3.0,30.0,limit_touch,take_profit,1.0,2024-10-18 10:08:00,1,9.0,10.5,13.5,22.0,25.5,0.6588628762541806,0.4117647058823529,19.569230769230767,1.6352201257861636,224336.0,0.86358036806179,10.5,13.5,22.0,0.4117647058823529,0.6588628762541806,0.42289652173913045
2024-10-18,2024-10-18 10:33:00,2024-10-18 10:35:00,2024-10-18 10:36:00,long,5662.5,5665.5,5655.5,5665.5,3.0,30.0,limit_touch,take_profit,1.0,2024-10-18 10:33:00,2,6.0,0.5,8.0,21.0,24.5,-0.03286384976525822,0.02040816326530612,19.569230769230767,1.6863207547169814,282140.0,0.8428578719188032,0.5,8.0,21.0,0.02040816326530612,-0.03286384976525822,0.1811000724637681
2024-10-18,2024-10-18 10:58:00,2024-10-18 11:07:00,2024-10-18 11:10:00,long,5670.0,5673.5,5663.0,5673.5,3.5,35.0,limit_touch,take_profit,1.0,2024-10-18 10:58:00,3,3.0,11.5,19.5,34.5,22.5,0.41626794258373206,0.5111111111111111,19.569230769230767,2.1973270440251573,344673.0,0.8560495512776678,11.5,19.5,34.5,0.5111111111111111,0.41626794258373206,0.5688676086956522
2024-10-21,2024-10-21 11:09:00,2024-10-21 11:14:00,2024-10-21 11:17:00,short,5713.0,5709.0,5721.0,5709.0,4.0,40.0,limit_touch,take_profit,-1.0,2024-10-21 11:09:00,1,3.0,-15.0,-29.0,-2.0,31.0,-0.630901287553648,-0.4838709677419355,19.757142857142856,1.9992769342010124,443385.0,1.028854497440133,15.0,29.0,2.0,0.4838709677419355,0.630901287553648,0.48649210144927535
2024-10-21,2024-10-21 12:19:00,2024-10-21 12:22:00,2024-10-21 12:48:00,short,5710.0,5706.0,5718.0,5706.0,4.0,40.0,limit_touch,take_profit,-1.0,2024-10-21 12:19:00,2,-5.0,-11.5,-11.5,-11.5,20.5,-0.7435897435897436,-0.5609756097560976,19.757142857142856,2.2017353579175705,573579.0,1.0065663191093503,11.5,11.5,11.5,0.5609756097560976,0.7435897435897436,0.5090042753623188
2024-10-22,2024-10-22 10:02:00,2024-10-22 10:05:00,2024-10-22 10:07:00,long,5715.5,5709.0,5709.0,5718.5,-6.5,-65.0,limit_touch,stop_loss,1.0,2024-10-22 10:02:00,1,5.5,4.0,5.5,28.5,19.0,0.2692307692307692,0.21052631578947367,19.419999999999998,1.6992790937178168,184818.0,0.7716093773973454,4.0,5.5,28.5,0.21052631578947367,0.2692307692307692,0.272791884057971
2024-10-22,2024-10-22 10:35:00,2024-10-22 10:40:00,2024-10-22 10:44:00,short,5691.0,5698.5,5698.5,5687.5,-7.5,-75.0,limit_touch,stop_loss,-1.0,2024-10-22 10:35:00,2,-7.5,-16.0,-32.5,-8.0,26.0,-0.6560509554140127,-0.6153846153846154,19.419999999999998,2.239958805355304,315688.0,0.9254479874503272,16.0,32.5,8.0,0.6153846153846154,0.6560509554140127,0.5316526086956522
2024-10-23,2024-10-23 10:05:00,2024-10-23 10:07:00,2024-10-23 10:08:00,short,5717.5,5714.0,5725.0,5714.0,3.5,35.0,limit_touch,take_profit,-1.0,2024-10-23 10:05:00,1,-12.5,-13.0,-13.0,-8.5,25.0,-0.6833333333333333,-0.52,19.021874999999998,1.2091342204698539,213844.0,0.8528741788836627,13.0,13.0,8.5,0.52,0.6833333333333333,0.39823753623188407
2024-10-23,2024-10-23 10:11:00,2024-10-23 10:15:00,2024-10-23 10:21:00,short,5715.5,5712.0,5723.0,5712.0,3.5,35.0,limit_touch,take_profit,-1.0,2024-10-23 10:11:00,2,-5.0,-16.0,-18.0,-11.0,29.0,-0.6126760563380281,-0.5517241379310345,19.021874999999998,1.3405618531296206,239134.0,0.8813423393640127,16.0,18.0,11.0,0.5517241379310345,0.6126760563380281,0.47038210144927534
2024-10-23,2024-10-23 11:29:00,2024-10-23 11:32:00,2024-10-23 11:37:00,long,5729.0,5732.5,5721.5,5732.5,3.5,35.0,limit_touch,take_profit,1.0,2024-10-23 11:29:00,3,3.0,5.0,6.5,8.5,14.0,0.4878048780487805,0.35714285714285715,19.021874999999998,1.3931329061935274,388763.0,0.810432813978795,5.0,6.5,8.5,0.35714285714285715,0.4878048780487805,0.2070149275362319
2024-10-23,2024-10-23 11:38:00,2024-10-23 11:44:00,2024-10-23 11:48:00,long,5729.5,5733.0,5722.0,5733.0,3.5,35.0,limit_touch,take_profit,1.0,2024-10-23 11:38:00,4,6.0,8.0,10.5,13.0,27.0,0.5149700598802395,0.2962962962962963,19.021874999999998,1.4457039592574341,418224.0,0.8371655904386043,8.0,10.5,13.0,0.2962962962962963,0.5149700598802395,0.27466507246376815
2024-10-23,2024-10-23 13:04:00,2024-10-23 13:41:00,2024-10-23 14:35:00,short,5712.0,5719.0,5719.0,5708.5,-7.0,-70.0,limit_touch,stop_loss,-1.0,2024-10-23 13:04:00,5,-6.0,-4.5,-7.0,-15.5,21.5,-0.41040462427745666,-0.20930232558139536,19.021874999999998,1.734844751108921,552141.0,0.8857380849922979,4.5,7.0,15.5,0.20930232558139536,0.41040462427745666,0.2351058695652174
2024-10-24,2024-10-24 10:36:00,2024-10-24 10:50:00,2024-10-24 10:54:00,long,5713.0,5716.0,5706.0,5716.0,3.0,30.0,limit_touch,take_profit,1.0,2024-10-24 10:36:00,1,2.5,5.0,8.0,35.5,16.0,0.5573770491803278,0.3125,18.741176470588233,2.427809165097301,307417.0,0.8941055844237621,5.0,8.0,35.5,0.3125,0.5573770491803278,0.4140772463768116
2024-10-24,2024-10-24 14:35:00,2024-10-24 14:42:00,2024-10-24 14:47:00,short,5689.5,5696.5,5696.5,5686.5,-7.0,-70.0,limit_touch,stop_loss,-1.0,2024-10-24 14:35:00,2,-7.5,-15.0,-32.0,-7.5,26.0,-0.5241379310344828,-0.5769230769230769,18.741176470588233,2.4811676082862526,613838.0,0.862914988548364,15.0,32.0,7.5,0.5769230769230769,0.5241379310344828,0.49985347826086957
2024-10-25,2024-10-25 10:01:00,2024-10-25 10:03:00,2024-10-25 10:08:00,long,5693.0,5696.0,5686.5,5696.0,3.0,30.0,limit_touch,take_profit,1.0,2024-10-25 10:01:00,1,7.0,6.0,7.0,21.5,25.0,0.19090909090909092,0.24,18.691666666666666,1.444493981275078,176344.0,0.7524652770369739,6.0,7.0,21.5,0.24,0.19090909090909092,0.2591089130434783
2024-10-25,2024-10-25 10:25:00,2024-10-25 10:28:00,2024-10-25 10:29:00,long,5696.5,5699.5,5689.5,5699.5,3.0,30.0,limit_touch,take_profit_gap_open,1.0,2024-10-25 10:25:00,2,4.0,4.0,13.0,27.5,17.0,0.4166666666666667,0.23529411764705882,18.691666666666666,1.7119928666963888,238435.0,0.7705243169656139,4.0,13.0,27.5,0.23529411764705882,0.4166666666666667,0.2732109420289855
2024-10-25,2024-10-25 10:33:00,2024-10-25 10:41:00,2024-10-25 11:03:00,long,5699.0,5692.0,5692.0,5702.0,-7.0,-70.0,limit_touch,stop_loss,1.0,2024-10-25 10:33:00,3,7.0,5.5,10.0,30.5,22.5,0.511520737327189,0.24444444444444444,18.691666666666666,1.8724921979491753,262420.0,0.7877763480073015,5.5,10.0,30.5,0.24444444444444444,0.511520737327189,0.33137847826086964
2024-10-25,2024-10-25 13:01:00,2024-10-25 13:36:00,2024-10-25 13:47:00,long,5700.5,5693.5,5693.5,5704.0,-7.0,-70.0,limit_touch,stop_loss,1.0,2024-10-25 13:01:00,4,1.5,6.5,2.5,32.0,12.5,0.673469387755102,0.52,18.691666666666666,2.0062416406598307,500380.0,0.8149802085774721,6.5,2.5,32.0,0.52,0.673469387755102,0.4622034782608696
2024-10-28,2024-10-28 10:00:00,2024-10-28 10:15:00,2024-10-28 10:25:00,short,5696.5,5703.0,5703.0,5693.5,-6.5,-65.0,limit_touch,stop_loss,-1.0,2024-10-28 10:00:00,1,-7.5,-17.0,-18.5,-15.5,28.0,-0.8798449612403101,-0.6071428571428571,18.442105263157895,1.8978310502283104,201165.0,0.8851516162877754,17.0,18.5,15.5,0.6071428571428571,0.8798449612403101,0.5551782608695652
2024-10-29,2024-10-29 11:01:00,2024-10-29 11:06:00,2024-10-29 11:08:00,short,5710.5,5707.0,5717.5,5707.0,3.5,35.0,limit_touch,take_profit,-1.0,2024-10-29 11:01:00,1,-11.0,-13.0,-12.0,-5.5,22.0,-0.9162995594713657,-0.5909090909090909,18.044999999999998,2.1058464948739264,380157.0,0.9539207348245378,13.0,12.0,5.5,0.5909090909090909,0.9162995594713657,0.486933115942029
2024-10-29,2024-10-29 11:22:00,2024-10-29 11:31:00,2024-10-29 11:37:00,short,5708.5,5705.0,5716.0,5705.0,3.5,35.0,limit_touch,take_profit,-1.0,2024-10-29 11:22:00,2,-4.0,-8.5,-16.5,-8.0,31.5,-0.17121588089330025,-0.2698412698412698,18.044999999999998,2.2720975339429206,445557.0,0.991927419050822,8.5,16.5,8.0,0.2698412698412698,0.17121588089330025,0.3395918115942029
2024-10-29,2024-10-29 13:15:00,2024-10-29 13:15:00,2024-10-29 13:15:00,long,5735.0,5738.5,5727.5,5738.5,3.5,35.0,limit_touch,take_profit,1.0,2024-10-29 13:15:00,3,5.0,10.0,4.0,26.0,29.0,0.45408163265306123,0.3448275862068966,18.044999999999998,2.715433638126905,615354.0,1.0025201728686424,10.0,4.0,26.0,0.3448275862068966,0.45408163265306123,0.5120199275362319
2024-10-29,2024-10-29 13:36:00,2024-10-29 13:50:00,2024-10-29 13:51:00,long,5747.5,5751.5,5739.5,5751.5,4.0,40.0,limit_touch,take_profit,1.0,2024-10-29 13:36:00,4,9.0,12.0,33.5,52.5,40.0,0.2773109243697479,0.3,18.044999999999998,3.657522859517872,690049.0,1.0892774719949283,12.0,33.5,52.5,0.3,0.2773109243697479,0.6592772463768117
2024-10-30,2024-10-30 10:13:00,2024-10-30 10:14:00,2024-10-30 10:27:00,long,5783.5,5787.0,5776.0,5787.0,3.5,35.0,limit_touch,take_profit,1.0,2024-10-30 10:13:00,1,0.0,7.0,5.0,25.5,21.0,0.5619047619047619,0.3333333333333333,18.185714285714287,1.6496465043205026,251990.0,0.9474446866484331,7.0,5.0,25.5,0.3333333333333333,0.5619047619047619,0.38961507246376814
2024-10-30,2024-10-30 10:28:00,2024-10-30 10:37:00,2024-10-30 10:39:00,long,5784.5,5788.0,5776.5,5788.0,3.5,35.0,limit_touch,take_profit,1.0,2024-10-30 10:28:00,2,9.5,1.5,8.5,27.0,27.5,-0.08262108262108261,0.05454545454545454,18.185714285714287,1.7321288295365278,298089.0,0.9684600986592186,1.5,8.5,27.0,0.05454545454545454,-0.08262108262108261,0.2657123913043478
2024-10-31,2024-10-31 10:28:00,2024-10-31 10:33:00,2024-10-31 10:40:00,long,5790.5,5794.0,5783.0,5794.0,3.5,35.0,limit_touch,take_profit,1.0,2024-10-31 10:28:00,1,4.0,14.0,9.0,12.0,31.0,0.601123595505618,0.45161290322580644,17.884090909090908,1.5097216927182617,274013.0,0.8937288812888089,14.0,9.0,12.0,0.45161290322580644,0.601123595505618,0.42938239130434785
2024-10-31,2024-10-31 10:44:00,2024-10-31 10:55:00,2024-10-31 10:57:00,long,5792.5,5796.0,5785.0,5796.0,3.5,35.0,limit_touch,take_profit,1.0,2024-10-31 10:44:00,2,8.5,4.0,15.5,15.5,19.0,0.07352941176470588,0.21052631578947367,17.884090909090908,1.677468547464735,312521.0,0.890977992896888,4.0,15.5,15.5,0.21052631578947367,0.07352941176470588,0.22579384057971014
2024-10-31,2024-10-31 11:04:00,2024-10-31 11:17:00,2024-10-31 11:33:00,long,5794.0,5797.5,5786.5,5797.5,3.5,35.0,limit_touch,take_profit,1.0,2024-10-31 11:04:00,3,1.5,3.5,9.0,17.5,23.5,0.12558139534883722,0.14893617021276595,17.884090909090908,1.789299783962384,356201.0,0.8859549669840514,3.5,9.0,17.5,0.14893617021276595,0.12558139534883722,0.22446739130434784
2024-10-31,2024-10-31 13:18:00,2024-10-31 13:59:00,2024-10-31 14:06:00,long,5801.5,5804.5,5794.5,5804.5,3.0,30.0,limit_touch,take_profit,1.0,2024-10-31 13:18:00,4,3.0,2.5,6.0,26.0,18.5,0.13178294573643412,0.13513513513513514,17.884090909090908,2.3484559664506293,528329.0,0.8638866710922372,2.5,6.0,26.0,0.13513513513513514,0.13178294573643412,0.27806985507246373
2024-11-01,2024-11-01 10:24:00,2024-11-01 10:30:00,2024-11-01 10:31:00,long,5817.5,5821.5,5809.5,5821.5,4.0,40.0,limit_touch,take_profit,1.0,2024-11-01 10:24:00,1,22.5,37.0,44.5,22.0,51.0,0.8964285714285715,0.7254901960784313,17.673913043478258,2.8573185731857325,294155.0,1.0005577834832935,37.0,44.5,22.0,0.7254901960784313,0.8964285714285715,0.7561723188405798
2024-11-04,2024-11-04 13:14:00,2024-11-04 14:46:00,2024-11-04 14:50:00,short,5793.0,5788.0,5803.5,5788.0,5.0,50.0,limit_touch,take_profit,-1.0,2024-11-04 13:14:00,1,-1.5,-4.0,-2.5,-75.5,22.0,-0.25,-0.18181818181818182,17.673913043478258,4.752767527675277,649454.0,1.0772063928503592,4.0,2.5,75.5,0.18181818181818182,0.25,0.5215691304347825
2024-11-05,2024-11-05 10:05:00,2024-11-05 10:08:00,2024-11-05 10:12:00,short,5799.5,5808.0,5808.0,5795.5,-8.5,-85.0,limit_touch,stop_loss,-1.0,2024-11-05 10:05:00,1,-2.0,-10.0,-18.0,-2.0,39.0,-0.20469798657718122,-0.2564102564102564,17.673913043478258,1.5559655596555968,246263.0,1.0368389974033028,10.0,18.0,2.0,0.2564102564102564,0.20469798657718122,0.31754652173913045
2024-11-05,2024-11-05 10:33:00,2024-11-05 10:34:00,2024-11-05 11:17:00,short,5795.5,5804.5,5804.5,5791.5,-9.0,-90.0,limit_touch,stop_loss,-1.0,2024-11-05 10:33:00,2,-6.0,-12.0,-14.0,-11.0,25.0,-0.5663716814159292,-0.48,17.673913043478258,1.838868388683887,324221.0,1.015831681556246,12.0,14.0,11.0,0.48,0.5663716814159292,0.4699291304347826
2024-11-05,2024-11-05 14:24:00,2024-11-05 14:26:00,2024-11-05 14:29:00,short,5775.5,5771.0,5785.0,5771.0,4.5,45.0,limit_touch,take_profit,-1.0,2024-11-05 14:24:00,3,-10.0,-15.5,-29.0,-32.5,26.5,-0.8201634877384196,-0.5849056603773585,17.673913043478258,3.3665436654366547,707682.0,1.0608617913669858,15.5,29.0,32.5,0.5849056603773585,0.8201634877384196,0.7299555072463768
2024-11-06,2024-11-06 11:16:00,2024-11-06 11:32:00,2024-11-06 11:48:00,short,5798.5,5793.0,5811.0,5793.0,5.5,55.0,limit_touch,take_profit,-1.0,2024-11-06 11:16:00,1,-2.5,-6.5,-27.5,-89.5,32.5,-0.3649025069637883,-0.2,17.673913043478258,5.771217712177123,589174.0,1.381050002959356,6.5,27.5,89.5,0.2,0.3649025069637883,0.6127331159420291
2024-11-07,2024-11-07 10:14:00,2024-11-07 10:22:00,2024-11-07 10:27:00,short,5670.5,5663.5,5685.5,5663.5,7.0,70.0,limit_touch,take_profit,-1.0,2024-11-07 10:14:00,1,-19.5,-40.5,-51.0,-42.5,61.5,-0.8798323241732651,-0.6585365853658537,17.673913043478258,3.9323493234932356,376947.0,1.414116012582525,40.5,51.0,42.5,0.6585365853658537,0.8798323241732651,0.9153844927536231
2024-11-07,2024-11-07 11:05:00,2024-11-07 11:15:00,2024-11-07 12:44:00,short,5664.5,5679.0,5679.0,5658.0,-14.5,-145.0,limit_touch,stop_loss,-1.0,2024-11-07 11:05:00,2,-11.0,-7.5,-13.0,-61.0,37.5,-0.3523809523809524,-0.2,17.673913043478258,4.3849938499385,560908.0,1.3950949684483134,7.5,13.0,61.0,0.2,0.3523809523809524,0.6166104347826087
2024-11-07,2024-11-07 13:23:00,2024-11-07 13:26:00,2024-11-07 13:31:00,long,5706.0,5712.5,5692.5,5712.5,6.5,65.0,limit_touch,take_profit,1.0,2024-11-07 13:23:00,3,10.5,23.0,31.5,11.5,35.0,0.803030303030303,0.6571428571428571,17.673913043478258,4.583025830258303,845044.0,1.3690866132253847,23.0,31.5,11.5,0.6571428571428571,0.803030303030303,0.7321091304347825
2024-11-08,2024-11-08 10:15:00,2024-11-08 10:26:00,2024-11-08 11:40:00,long,5768.5,5774.5,5755.5,5774.5,6.0,60.0,limit_touch,take_profit,1.0,2024-11-08 10:15:00,1,7.0,18.5,22.0,32.5,30.5,0.7984084880636605,0.6065573770491803,33.839999999999996,1.2559101654846336,255635.0,0.9411679377382626,18.5,22.0,32.5,0.6065573770491803,0.7984084880636605,0.6467488405797102
2024-11-08,2024-11-08 14:00:00,2024-11-08 14:26:00,2024-11-08 14:27:00,long,5785.5,5790.5,5775.0,5790.5,5.0,50.0,limit_touch,take_profit,1.0,2024-11-08 14:00:00,2,11.0,7.0,13.5,56.5,23.0,0.4594594594594595,0.30434782608695654,33.839999999999996,1.9208037825059103,639145.0,0.9746066585452622,7.0,13.5,56.5,0.30434782608695654,0.4594594594594595,0.5054540579710145
2024-11-11,2024-11-11 10:02:00,2024-11-11 10:08:00,2024-11-11 10:09:00,long,5813.5,5818.5,5803.0,5818.5,5.0,50.0,limit_touch,take_profit,1.0,2024-11-11 10:02:00,1,3.5,7.5,23.0,34.5,28.5,0.3415384615384615,0.2631578947368421,31.65,1.358609794628752,193011.0,0.8407768335186857,7.5,23.0,34.5,0.2631578947368421,0.3415384615384615,0.3726124637681159
2024-11-11,2024-11-11 10:27:00,2024-11-11 10:36:00,2024-11-11 10:50:00,long,5815.5,5805.0,5805.0,5820.5,-10.5,-105.0,limit_touch,stop_loss,1.0,2024-11-11 10:27:00,2,7.0,7.5,7.0,38.0,24.5,0.19480519480519481,0.30612244897959184,31.65,1.4533965244865719,259977.0,0.8496436219481275,7.5,7.0,38.0,0.30612244897959184,0.19480519480519481,0.40459717391304345
2024-11-12,2024-11-12 10:06:00,2024-11-12 10:20:00,2024-11-12 10:28:00,short,5772.0,5781.0,5781.0,5768.0,-9.0,-90.0,limit_touch,stop_loss,-1.0,2024-11-12 10:06:00,1,-7.0,-5.0,-29.0,-30.5,24.0,-0.36153846153846153,-0.20833333333333334,30.04285714285714,1.4146457441749882,220122.0,0.9010097586673101,5.0,29.0,30.5,0.20833333333333334,0.36153846153846153,0.3160497826086957
2024-11-14,2024-11-14 10:25:00,2024-11-14 10:30:00,2024-11-14 10:33:00,short,5811.5,5807.0,5821.5,5807.0,4.5,45.0,limit_touch,take_profit,-1.0,2024-11-14 10:25:00,1,-6.5,-8.5,-17.0,-10.5,37.5,-0.5230460921843687,-0.22666666666666666,28.48333333333333,1.2814511410181393,308367.0,1.0298632752500054,8.5,17.0,10.5,0.22666666666666666,0.5230460921843687,0.30233818840579707
2024-11-14,2024-11-14 10:35:00,2024-11-14 10:36:00,2024-11-14 10:36:00,short,5808.5,5804.0,5818.5,5804.0,4.5,45.0,limit_touch,take_profit,-1.0,2024-11-14 10:35:00,2,-2.5,-7.0,-16.0,-11.0,31.0,-0.3269230769230769,-0.22580645161290322,28.48333333333333,1.4394382679929785,336933.0,1.024066757709547,7.0,16.0,11.0,0.22580645161290322,0.3269230769230769,0.285645652173913
2024-11-14,2024-11-14 11:37:00,2024-11-14 11:51:00,2024-11-14 12:02:00,short,5798.0,5793.5,5808.0,5793.5,4.5,45.0,limit_touch,take_profit,-1.0,2024-11-14 11:37:00,3,-2.5,-5.0,-1.0,-25.0,24.0,-0.064,-0.20833333333333334,28.48333333333333,1.9133996489174958,487023.0,1.0177544486255234,5.0,1.0,25.0,0.20833333333333334,0.064,0.35748797101449276
2024-11-14,2024-11-14 12:19:00,2024-11-14 12:54:00,2024-11-14 13:15:00,short,5789.0,5784.5,5799.5,5784.5,4.5,45.0,limit_touch,take_profit,-1.0,2024-11-14 12:19:00,4,-9.0,-20.0,-18.5,-41.5,33.0,-0.6567164179104478,-0.6060606060606061,28.48333333333333,2.35225277940316,581087.0,1.0546849086326164,20.0,18.5,41.5,0.6060606060606061,0.6567164179104478,0.7827235507246377
2024-11-18,2024-11-18 10:41:00,2024-11-18 10:47:00,2024-11-18 10:58:00,short,5781.0,5776.0,5791.5,5776.0,5.0,50.0,limit_touch,take_profit,-1.0,2024-11-18 10:41:00,1,-0.5,-14.5,-14.5,-10.0,25.5,-0.691699604743083,-0.5686274509803921,27.645,1.3383975402423585,273727.0,0.792862297670971,14.5,14.5,10.0,0.5686274509803921,0.691699604743083,0.4314988405797101
2024-11-18,2024-11-18 12:51:00,2024-11-18 13:34:00,2024-11-18 13:47:00,short,5760.5,5756.0,5770.0,5756.0,4.5,45.0,limit_touch,take_profit,-1.0,2024-11-18 12:51:00,2,-10.0,-10.0,-11.0,-39.5,27.0,-0.33088235294117646,-0.37037037037037035,27.645,2.3150660155543497,492201.0,0.8363831718076571,10.0,11.0,39.5,0.37037037037037035,0.33088235294117646,0.5149005072463768
2024-11-19,2024-11-19 10:25:00,2024-11-19 10:35:00,2024-11-19 10:46:00,long,5791.5,5783.0,5783.0,5795.5,-8.5,-85.0,limit_touch,stop_loss,1.0,2024-11-19 10:25:00,1,6.5,8.5,24.0,32.0,21.5,0.4497816593886463,0.3953488372093023,26.89090909090909,1.8593644354293442,281724.0,0.9426497097118219,8.5,24.0,32.0,0.3953488372093023,0.4497816593886463,0.4767419565217391
2024-11-21,2024-11-21 10:04:00,2024-11-21 10:16:00,2024-11-21 10:17:00,long,5823.0,5827.0,5814.5,5827.0,4.0,40.0,limit_touch,take_profit,1.0,2024-11-21 10:04:00,1,5.5,5.0,6.0,38.5,26.0,0.24817518248175183,0.19230769230769232,25.9,1.7953667953667956,233331.0,0.9923362522487273,5.0,6.0,38.5,0.19230769230769232,0.24817518248175183,0.3993266666666666
2024-11-21,2024-11-21 13:51:00,2024-11-21 14:14:00,2024-11-21 14:46:00,long,5827.5,5819.0,5819.0,5831.5,-8.5,-85.0,limit_touch,stop_loss,1.0,2024-11-21 13:51:00,2,4.0,6.0,8.0,47.5,25.0,0.45081967213114754,0.24,25.9,2.027027027027027,652088.0,1.006078936144132,6.0,8.0,47.5,0.24,0.45081967213114754,0.4712694202898551
2024-11-22,2024-11-22 10:49:00,2024-11-22 10:52:00,2024-11-22 10:53:00,long,5824.5,5828.5,5816.0,5828.5,4.0,40.0,limit_touch,take_profit,1.0,2024-11-22 10:49:00,1,7.0,13.0,15.5,5.0,28.0,0.5269461077844312,0.4642857142857143,25.119230769230768,1.6123105190629308,381384.0,1.0434015149107483,13.0,15.5,5.0,0.4642857142857143,0.5269461077844312,0.4446169565217391
2024-11-22,2024-11-22 10:59:00,2024-11-22 11:02:00,2024-11-22 11:09:00,long,5827.0,5818.5,5818.5,5831.0,-8.5,-85.0,limit_touch,stop_loss,1.0,2024-11-22 10:59:00,2,2.0,4.0,9.5,2.0,27.0,0.1893939393939394,0.14814814814814814,25.119230769230768,1.7516459960189865,406686.0,1.0458507010231148,4.0,9.5,2.0,0.14814814814814814,0.1893939393939394,0.20374760869565217
2024-11-25,2024-11-25 10:01:00,2024-11-25 10:02:00,2024-11-25 10:04:00,long,5805.0,5809.0,5797.0,5809.0,4.0,40.0,limit_touch,take_profit,1.0,2024-11-25 10:01:00,1,8.0,13.0,2.5,18.0,29.0,0.3128205128205128,0.4482758620689655,24.267857142857142,1.277409860191317,216762.0,0.961872607931959,13.0,2.5,18.0,0.4482758620689655,0.3128205128205128,0.46517608695652174
2024-11-25,2024-11-25 10:13:00,2024-11-25 10:14:00,2024-11-25 10:22:00,long,5806.5,5798.0,5798.0,5810.5,-8.5,-85.0,limit_touch,stop_loss,1.0,2024-11-25 10:13:00,2,3.0,3.0,19.0,18.0,38.0,-0.27358490566037735,0.07894736842105263,24.267857142857142,1.3804267844002944,259427.0,0.9786848847590219,3.0,19.0,18.0,0.07894736842105263,-0.27358490566037735,0.21909818840579712
2024-11-25,2024-11-25 11:20:00,2024-11-25 11:25:00,2024-11-25 11:25:00,short,5788.0,5784.0,5796.5,5784.0,4.0,40.0,limit_touch,take_profit,-1.0,2024-11-25 11:20:00,3,-6.0,-17.0,-19.0,-9.0,32.0,-0.7107843137254902,-0.53125,24.267857142857142,1.4834437086092715,427378.0,0.969236313292473,17.0,19.0,9.0,0.53125,0.7107843137254902,0.5003051449275362
2024-11-25,2024-11-25 12:57:00,2024-11-25 13:03:00,2024-11-25 13:18:00,long,5812.0,5816.0,5803.0,5816.0,4.0,40.0,limit_touch,take_profit,1.0,2024-11-25 12:57:00,4,-0.5,12.5,23.5,27.5,26.5,0.7490774907749077,0.4716981132075472,24.267857142857142,1.8130978660779986,609396.0,1.026510241769679,12.5,23.5,27.5,0.4716981132075472,0.7490774907749077,0.5713644927536232
2024-11-25,2024-11-25 14:27:00,2024-11-25 14:53:00,2024-11-25 15:13:00,long,5813.0,5817.0,5804.5,5817.0,4.0,40.0,limit_touch,take_profit,1.0,2024-11-25 14:27:00,5,3.0,5.0,7.0,33.0,14.0,0.5454545454545454,0.35714285714285715,24.267857142857142,1.8543046357615895,711710.0,1.041171611987598,5.0,7.0,33.0,0.35714285714285715,0.5454545454545454,0.43919753623188407
2024-11-27,2024-11-27 13:53:00,2024-11-27 13:54:00,2024-11-27 14:01:00,long,5878.5,5883.0,5868.5,5883.0,4.5,45.0,limit_touch,take_profit,1.0,2024-11-27 13:53:00,1,23.0,59.5,55.0,86.5,62.5,0.9966021066938499,0.952,23.04375,4.252780037971251,646095.0,1.0031601886564387,59.5,55.0,86.5,0.952,0.9966021066938499,0.9269326811594203
2024-11-27,2024-11-27 14:11:00,2024-11-27 14:47:00,2024-11-27 14:50:00,long,5882.0,5887.0,5871.0,5887.0,5.0,50.0,limit_touch,take_profit,1.0,2024-11-27 14:11:00,2,20.5,34.5,70.5,100.0,59.5,0.680365296803653,0.5798319327731093,23.04375,4.448060754000543,736420.0,1.1152941921238955,34.5,70.5,100.0,0.5798319327731093,0.680365296803653,0.910704927536232
2024-11-28,2024-11-28 13:09:00,2024-11-28 13:44:00,2024-11-28 13:50:00,long,5992.0,5997.5,5979.5,5997.5,5.5,55.0,limit_touch,take_profit,1.0,2024-11-28 13:09:00,1,3.0,8.0,6.5,21.5,13.0,0.75,0.6153846153846154,24.52941176470588,2.4460431654676262,592713.0,0.9866958242640113,8.0,6.5,21.5,0.6153846153846154,0.75,0.5335568115942029
2024-11-29,2024-11-29 10:15:00,2024-11-29 11:02:00,2024-11-29 11:08:00,long,6107.5,6113.5,6094.0,6113.5,6.0,60.0,limit_touch,take_profit,1.0,2024-11-29 10:15:00,1,10.5,34.5,65.0,101.5,103.5,0.6198194026394999,0.3333333333333333,24.549999999999997,4.989816700610999,368968.0,1.374667596852148,34.5,65.0,101.5,0.3333333333333333,0.6198194026394999,0.8560055072463768
2024-11-29,2024-11-29 12:57:00,2024-11-29 13:12:00,2024-11-29 13:13:00,short,6017.5,6009.0,6035.5,6009.0,8.5,85.0,limit_touch,take_profit,-1.0,2024-11-29 12:57:00,2,-3.5,-11.0,-44.0,-32.0,53.0,-0.23711340206185566,-0.20754716981132076,24.549999999999997,6.558044806517312,932834.0,1.5982887785073177,11.0,44.0,32.0,0.20754716981132076,0.23711340206185566,0.6041135507246377
2024-12-02,2024-12-02 11:18:00,2024-12-02 12:00:00,2024-12-02 12:04:00,long,6085.5,6092.5,6071.0,6092.5,7.0,70.0,limit_touch,take_profit,1.0,2024-12-02 11:18:00,1,16.0,13.5,31.0,77.5,41.5,0.5726660250240616,0.3253012048192771,25.8,3.2364341085271318,459307.0,1.064321574853691,13.5,31.0,77.5,0.3253012048192771,0.5726660250240616,0.6943676811594204
2024-12-02,2024-12-02 13:04:00,2024-12-02 13:22:00,2024-12-02 13:38:00,long,6088.5,6095.0,6075.0,6095.0,6.5,65.0,limit_touch,take_profit,1.0,2024-12-02 13:04:00,2,11.0,6.5,21.0,81.5,27.5,0.2607449856733524,0.23636363636363636,25.8,3.391472868217054,689631.0,1.1538101825529188,6.5,21.0,81.5,0.23636363636363636,0.2607449856733524,0.5853515942028986
2024-12-03,2024-12-03 10:03:00,2024-12-03 10:09:00,2024-12-03 10:14:00,long,6087.5,6076.0,6076.0,6093.0,-11.5,-115.0,limit_touch,stop_loss,1.0,2024-12-03 10:03:00,1,9.5,24.0,26.0,28.0,33.0,0.8875968992248062,0.7272727272727273,25.8,1.9573643410852712,229254.0,0.9944240928234414,24.0,26.0,28.0,0.7272727272727273,0.8875968992248062,0.7303270289855073
2024-12-03,2024-12-03 11:40:00,2024-12-03 11:54:00,2024-12-03 12:17:00,long,6097.0,6085.5,6085.5,6102.0,-11.5,-115.0,limit_touch,stop_loss,1.0,2024-12-03 11:40:00,2,4.0,9.5,17.5,40.5,29.5,0.5469255663430421,0.3220338983050847,25.8,2.4612403100775193,487201.0,1.0186843797693015,9.5,17.5,40.5,0.3220338983050847,0.5469255663430421,0.5570392028985507
2024-12-04,2024-12-04 10:09:00,2024-12-04 10:10:00,2024-12-04 10:16:00,short,6069.5,6064.5,6080.0,6064.5,5.0,50.0,limit_touch,take_profit,-1.0,2024-12-04 10:09:00,1,-16.0,-13.5,-18.0,-2.5,36.5,-0.45073375262054505,-0.3698630136986301,25.8,1.0271317829457365,220330.0,0.8836400263438333,13.5,18.0,2.5,0.3698630136986301,0.45073375262054505,0.3288742753623189
2024-12-04,2024-12-04 10:23:00,2024-12-04 10:24:00,2024-12-04 11:01:00,short,6068.0,6078.5,6078.5,6063.0,-10.5,-105.0,limit_touch,stop_loss,-1.0,2024-12-04 10:23:00,2,-5.0,-6.0,-15.5,-7.0,30.0,-0.09210526315789473,-0.2,25.8,1.1046511627906976,268692.0,0.9246911768172642,6.0,15.5,7.0,0.2,0.09210526315789473,0.19684804347826085
2024-12-04,2024-12-04 12:26:00,2024-12-04 12:29:00,2024-12-04 12:29:00,short,6067.0,6062.5,6077.0,6062.5,4.5,45.0,limit_touch,take_profit,-1.0,2024-12-04 12:26:00,3,-7.5,-14.0,-13.5,-7.0,33.0,-0.6233766233766234,-0.42424242424242425,25.8,1.1627906976744187,490433.0,0.8905949944931738,14.0,13.5,7.0,0.42424242424242425,0.6233766233766234,0.37568717391304346
2024-12-04,2024-12-04 13:07:00,2024-12-04 13:12:00,2024-12-04 13:21:00,short,6056.0,6051.5,6066.0,6051.5,4.5,45.0,limit_touch,take_profit,-1.0,2024-12-04 13:07:00,4,-4.0,-6.5,-9.5,-22.0,19.5,-0.5642458100558659,-0.3333333333333333,25.8,1.7248062015503876,578540.0,0.9627274671201795,6.5,9.5,22.0,0.3333333333333333,0.5642458100558659,0.370331884057971
2024-12-04,2024-12-04 13:30:00,2024-12-04 13:36:00,2024-12-04 13:49:00,short,6055.0,6050.5,6065.0,6050.5,4.5,45.0,limit_touch,take_profit,-1.0,2024-12-04 13:30:00,5,-7.5,-11.5,-5.5,-25.0,19.5,-0.6729559748427673,-0.5897435897435898,25.8,1.7829457364341086,608284.0,0.9732106444494256,11.5,5.5,25.0,0.5897435897435898,0.6729559748427673,0.5655279710144928
2024-12-05,2024-12-05 10:03:00,2024-12-05 10:05:00,2024-12-05 10:07:00,short,6017.0,6012.5,6026.5,6012.5,4.5,45.0,limit_touch,take_profit,-1.0,2024-12-05 10:03:00,1,-12.0,-21.0,-34.5,-38.5,37.0,-0.6867469879518072,-0.5675675675675675,25.8,1.8410852713178294,215225.0,0.9398195278683218,21.0,34.5,38.5,0.5675675675675675,0.6867469879518072,0.7037202898550723
2024-12-05,2024-12-05 11:14:00,2024-12-05 11:25:00,2024-12-05 11:28:00,short,6004.5,6000.0,6014.0,6000.0,4.5,45.0,limit_touch,take_profit,-1.0,2024-12-05 11:14:00,2,-4.5,-15.0,-18.5,-53.5,29.0,-0.6363636363636364,-0.5172413793103449,25.8,2.4806201550387597,391967.0,0.9319509920526261,15.0,18.5,53.5,0.5172413793103449,0.6363636363636364,0.704890652173913
2024-12-05,2024-12-05 12:01:00,2024-12-05 12:29:00,2024-12-05 12:32:00,short,5995.0,5990.5,6004.5,5990.5,4.5,45.0,limit_touch,take_profit,-1.0,2024-12-05 12:01:00,3,-2.0,-9.0,-22.0,-73.0,31.0,-0.5721925133689839,-0.2903225806451613,25.8,2.9844961240310077,502869.0,0.9816059059269208,9.0,22.0,73.0,0.2903225806451613,0.5721925133689839,0.5894509420289854
2024-12-06,2024-12-06 10:44:00,2024-12-06 10:46:00,2024-12-06 10:59:00,short,6010.0,6019.5,6019.5,6005.5,-9.5,-95.0,limit_touch,stop_loss,-1.0,2024-12-06 10:44:00,1,-8.5,-14.5,-17.5,-31.5,54.5,-0.47912772585669783,-0.26605504587155965,25.8,1.8023255813953487,323333.0,0.929869282292596,14.5,17.5,31.5,0.26605504587155965,0.47912772585669783,0.5104297101449276
2024-12-09,2024-12-09 10:11:00,2024-12-09 10:17:00,2024-12-09 10:45:00,short,6064.0,6073.0,6073.0,6060.0,-9.0,-90.0,limit_touch,stop_loss,-1.0,2024-12-09 10:11:00,1,-3.0,-13.5,-5.0,-35.0,22.5,-0.6484848484848484,-0.6,23.49,1.8305661983822905,213063.0,0.8420359705198028,13.5,5.0,35.0,0.6,0.6484848484848484,0.6025103623188406
2024-12-09,2024-12-09 11:54:00,2024-12-09 11:59:00,2024-12-09 12:19:00,short,6062.0,6071.5,6071.5,6057.5,-9.5,-95.0,limit_touch,stop_loss,-1.0,2024-12-09 11:54:00,2,-8.5,-8.0,-21.5,-40.5,25.0,-0.23275862068965517,-0.32,23.49,1.9369944657300981,419900.0,0.8447745676783831,8.0,21.5,40.5,0.32,0.23275862068965517,0.45200826086956525
2024-12-11,2024-12-11 10:05:00,2024-12-11 10:05:00,2024-12-11 10:05:00,short,6057.0,6053.0,6066.0,6053.0,4.0,40.0,limit_touch,take_profit,-1.0,2024-12-11 10:05:00,1,-15.0,-19.5,-12.0,-23.0,32.5,-0.7678207739307535,-0.6,21.385714285714286,1.6833667334669338,216120.0,0.919844652431131,19.5,12.0,23.0,0.6,0.7678207739307535,0.6144915217391305
2024-12-11,2024-12-11 10:07:00,2024-12-11 10:18:00,2024-12-11 10:23:00,short,6054.0,6049.5,6063.5,6049.5,4.5,45.0,limit_touch,take_profit,-1.0,2024-12-11 10:07:00,2,-17.0,-30.5,-27.5,-34.5,41.5,-0.871825876662636,-0.7349397590361446,21.385714285714286,1.8704074816299265,229600.0,0.9493791270012355,30.5,27.5,34.5,0.7349397590361446,0.871825876662636,0.754588768115942
2024-12-11,2024-12-11 10:24:00,2024-12-11 10:25:00,2024-12-11 10:27:00,short,6053.5,6049.0,6063.0,6049.0,4.5,45.0,limit_touch,take_profit,-1.0,2024-12-11 10:24:00,3,-5.5,-2.0,-33.0,-32.0,31.0,-0.24083769633507854,-0.06451612903225806,21.385714285714286,1.9171676686706747,281460.0,0.9662803208529468,2.0,33.0,32.0,0.06451612903225806,0.24083769633507854,0.30475927536231884
2024-12-11,2024-12-11 11:17:00,2024-12-11 11:41:00,2024-12-11 12:07:00,short,6038.5,6048.0,6048.0,6034.0,-9.5,-95.0,limit_touch,stop_loss,-1.0,2024-12-11 11:17:00,4,-3.0,-8.0,-18.0,-52.5,25.0,-0.16216216216216217,-0.32,21.385714285714286,2.852371409485638,437286.0,1.030239021298924,8.0,18.0,52.5,0.32,0.16216216216216217,0.5777042753623188
2024-12-12,2024-12-12 10:35:00,2024-12-12 10:37:00,2024-12-12 10:41:00,long,5916.5,5923.5,5901.0,5923.5,7.0,70.0,limit_touch,take_profit,1.0,2024-12-12 10:35:00,1,5.0,19.5,3.5,18.5,34.5,0.806993006993007,0.5652173913043478,23.8125,2.204724409448819,375635.0,1.166734516220944,19.5,3.5,18.5,0.5652173913043478,0.806993006993007,0.6727702173913044
2024-12-13,2024-12-13 10:03:00,2024-12-13 10:23:00,2024-12-13 10:38:00,long,6034.5,6020.0,6020.0,6041.5,-14.5,-145.0,limit_touch,stop_loss,1.0,2024-12-13 10:03:00,1,5.0,14.0,29.0,56.0,38.0,0.2222222222222222,0.3684210526315789,27.23333333333333,2.6438188494492048,239732.0,1.0486430480571929,14.0,29.0,56.0,0.3684210526315789,0.2222222222222222,0.6820310144927536
2024-12-13,2024-12-13 14:37:00,2024-12-13 14:41:00,2024-12-13 14:42:00,long,6059.5,6047.0,6047.0,6065.5,-12.5,-125.0,limit_touch,stop_loss,1.0,2024-12-13 14:37:00,2,2.5,16.0,13.5,90.0,32.0,0.7313432835820896,0.5,27.23333333333333,3.855569155446757,827248.0,1.186901397679909,16.0,13.5,90.0,0.5,0.7313432835820896,0.8239983333333333
2024-12-16,2024-12-16 10:14:00,2024-12-16 10:16:00,2024-12-16 10:24:00,short,6051.0,6043.0,6068.0,6043.0,8.0,80.0,limit_touch,take_profit,-1.0,2024-12-16 10:14:00,1,-12.5,-20.5,-26.0,-42.5,46.5,-0.6527068437180796,-0.44086021505376344,27.66,2.693420101229212,380213.0,1.4371383101942994,20.5,26.0,42.5,0.44086021505376344,0.6527068437180796,0.7918766666666668
2024-12-17,2024-12-17 10:29:00,2024-12-17 10:36:00,2024-12-17 10:36:00,long,6164.0,6170.5,6150.0,6170.5,6.5,65.0,limit_touch,take_profit,1.0,2024-12-17 10:29:00,1,6.0,20.0,31.5,25.0,40.0,0.7683741648106904,0.5,28.65,2.7923211169284468,491500.0,1.6009340030293429,20.0,31.5,25.0,0.5,0.7683741648106904,0.7440335507246376
2024-12-17,2024-12-17 12:15:00,2024-12-17 12:17:00,2024-12-17 12:17:00,long,6189.0,6175.5,6175.5,6195.5,-13.5,-135.0,limit_touch,stop_loss,1.0,2024-12-17 12:15:00,2,1.0,7.5,13.5,48.0,29.5,0.5447941888619855,0.2542372881355932,28.65,3.9616055846422342,796162.0,1.4811864804244883,7.5,13.5,48.0,0.2542372881355932,0.5447941888619855,0.6118149275362319
2024-12-18,2024-12-18 11:06:00,2024-12-18 11:28:00,2024-12-18 11:31:00,long,6156.5,6142.5,6142.5,6163.0,-14.0,-140.0,limit_touch,stop_loss,1.0,2024-12-18 11:06:00,1,3.0,6.0,14.0,63.0,27.0,0.5508982035928144,0.2222222222222222,30.0125,2.4989587671803415,472061.0,1.1650376414425696,6.0,14.0,63.0,0.2222222222222222,0.5508982035928144,0.5451626086956521
2024-12-19,2024-12-19 10:11:00,2024-12-19 10:18:00,2024-12-19 10:22:00,long,6291.5,6272.5,6272.5,6300.0,-19.0,-190.0,limit_touch,stop_loss,1.0,2024-12-19 10:11:00,1,21.0,32.0,19.0,51.5,57.0,0.7375,0.5614035087719298,32.88461538461538,2.0526315789473686,393213.0,1.5108435558876443,32.0,19.0,51.5,0.5614035087719298,0.7375,0.8635071014492753
2024-12-19,2024-12-19 10:25:00,2024-12-19 10:25:00,2024-12-19 10:35:00,short,6255.5,6246.0,6276.0,6246.0,9.5,95.0,limit_touch,take_profit,-1.0,2024-12-19 10:25:00,2,-44.5,-44.0,-26.5,-0.5,79.0,-0.7526218383713756,-0.5569620253164557,32.88461538461538,2.1590643274853805,502962.0,1.6779016171623273,44.0,26.5,0.5,0.5569620253164557,0.7526218383713756,0.6566796376811593
2024-12-19,2024-12-19 10:39:00,2024-12-19 10:41:00,2024-12-19 10:42:00,short,6249.5,6239.5,6270.5,6239.5,10.0,100.0,limit_touch,take_profit,-1.0,2024-12-19 10:39:00,3,-22.5,-18.5,-53.5,-13.5,73.5,-0.2522395096652522,-0.25170068027210885,32.88461538461538,2.3871345029239768,593127.0,1.7482865866697963,18.5,53.5,13.5,0.25170068027210885,0.2522395096652522,0.565426304347826
2024-12-19,2024-12-19 10:49:00,2024-12-19 10:49:00,2024-12-19 10:51:00,short,6237.0,6259.5,6259.5,6226.5,-22.5,-225.0,limit_touch,stop_loss,-1.0,2024-12-19 10:49:00,4,-29.5,-36.5,-68.5,-27.5,116.5,-0.7508160029842395,-0.3133047210300429,32.88461538461538,2.9040935672514623,667198.0,1.830680145534752,36.5,68.5,27.5,0.3133047210300429,0.7508160029842395,0.7279375362318841
2024-12-20,2024-12-20 10:25:00,2024-12-20 10:28:00,2024-12-20 10:36:00,long,6105.5,6114.5,6086.0,6114.5,9.0,90.0,limit_touch,take_profit,1.0,2024-12-20 10:25:00,1,13.5,23.0,40.5,4.5,32.0,0.8836206896551724,0.71875,34.74642857142857,1.8706958577448867,408972.0,1.3504068585553388,23.0,40.5,4.5,0.71875,0.8836206896551724,0.6519948550724638
2024-12-23,2024-12-23 10:01:00,2024-12-23 10:05:00,2024-12-23 10:39:00,long,6153.0,6159.5,6138.5,6159.5,6.5,65.0,limit_touch,take_profit,1.0,2024-12-23 10:01:00,1,10.0,8.5,14.5,40.0,39.5,0.23348017621145375,0.21518987341772153,33.839999999999996,1.566193853427896,235721.0,1.0255295087917797,8.5,14.5,40.0,0.21518987341772153,0.23348017621145375,0.466316884057971
2024-12-23,2024-12-23 11:10:00,2024-12-23 11:24:00,2024-12-23 11:37:00,long,6159.0,6165.5,6145.0,6165.5,6.5,65.0,limit_touch,take_profit,1.0,2024-12-23 11:10:00,2,1.5,15.0,12.5,48.5,33.0,0.3804347826086957,0.45454545454545453,33.839999999999996,1.802600472813239,381554.0,0.8941422171541806,15.0,12.5,48.5,0.45454545454545453,0.3804347826086957,0.6277839130434782
2024-12-26,2024-12-26 10:23:00,2024-12-26 10:26:00,2024-12-26 10:55:00,long,6189.5,6177.5,6177.5,6195.0,-12.0,-120.0,limit_touch,stop_loss,1.0,2024-12-26 10:23:00,1,8.5,13.5,27.5,33.0,45.5,0.4939434724091521,0.2967032967032967,33.46875,1.4939309056956116,318711.0,1.0652300242562365,13.5,27.5,33.0,0.2967032967032967,0.4939434724091521,0.5371737681159421
2024-12-26,2024-12-26 12:53:00,2024-12-26 13:13:00,2024-12-26 13:22:00,short,6163.5,6158.0,6175.0,6158.0,5.5,55.0,limit_touch,take_profit,-1.0,2024-12-26 12:53:00,2,-5.0,-19.5,-14.5,-13.0,28.5,-0.7435897435897436,-0.6842105263157895,33.46875,1.53874883286648,616665.0,1.0016818283352569,19.5,14.5,13.0,0.6842105263157895,0.7435897435897436,0.5928686956521739
2024-12-30,2024-12-30 10:45:00,2024-12-30 10:58:00,2024-12-30 11:25:00,short,6203.5,6215.0,6215.0,6198.0,-11.5,-115.0,limit_touch,stop_gap_open,-1.0,2024-12-30 10:45:00,1,-2.0,-25.0,-34.5,-49.0,45.0,-0.6296296296296297,-0.5555555555555556,31.374999999999996,2.167330677290837,322463.0,0.8865989557277909,25.0,34.5,49.0,0.5555555555555556,0.6296296296296297,0.7471089130434783
2024-12-30,2024-12-30 13:13:00,2024-12-30 13:56:00,2024-12-30 13:56:00,long,6255.0,6242.0,6242.0,6261.0,-13.0,-130.0,limit_touch,stop_loss,1.0,2024-12-30 13:13:00,2,6.0,14.0,32.5,30.5,29.0,0.6936416184971098,0.4827586206896552,31.374999999999996,2.9003984063745025,609614.0,0.9381493054851107,14.0,32.5,30.5,0.4827586206896552,0.6936416184971098,0.6257332608695652
2025-01-02,2025-01-02 13:59:00,2025-01-02 14:28:00,2025-01-02 14:56:00,short,6203.5,6198.5,6214.5,6198.5,5.0,50.0,limit_touch,take_profit,-1.0,2025-01-02 13:59:00,1,-8.5,-3.0,-0.5,-33.0,28.0,0.013986013986013986,-0.10714285714285714,31.160526315789472,2.4710750781184023,677121.0,0.9646119529155944,3.0,0.5,33.0,0.10714285714285714,-0.013986013986013986,0.35267014492753623
2025-01-03,2025-01-03 10:30:00,2025-01-03 10:36:00,2025-01-03 10:50:00,short,6183.0,6178.0,6194.0,6178.0,5.0,50.0,limit_touch,take_profit,-1.0,2025-01-03 10:30:00,1,-13.5,-18.5,-50.0,-12.0,36.5,-0.6645702306079665,-0.5068493150684932,31.160526315789472,2.1020184106072124,337471.0,1.05195411423437,18.5,50.0,12.0,0.5068493150684932,0.6645702306079665,0.5810550000000001
2025-01-06,2025-01-06 10:23:00,2025-01-06 10:23:00,2025-01-06 10:23:00,short,6137.5,6132.5,6148.5,6132.5,5.0,50.0,limit_touch,take_profit,-1.0,2025-01-06 10:23:00,1,-3.5,3.5,-21.5,-42.0,17.5,0.226890756302521,0.2,31.160526315789472,1.797145511358838,353366.0,1.1681334017252618,-3.5,21.5,42.0,-0.2,-0.226890756302521,0.35754963768115944
2025-01-06,2025-01-06 10:33:00,2025-01-06 10:51:00,2025-01-06 11:15:00,short,6135.5,6146.5,6146.5,6130.5,-11.0,-110.0,limit_touch,stop_loss,-1.0,2025-01-06 10:33:00,2,-1.5,-13.0,-13.0,-51.5,22.0,-0.8516129032258064,-0.5909090909090909,31.160526315789472,1.8773752216873576,385777.0,1.1622322496198718,13.0,13.0,51.5,0.5909090909090909,0.8516129032258064,0.7333165217391304
2025-01-06,2025-01-06 11:26:00,2025-01-06 11:29:00,2025-01-06 11:42:00,long,6168.0,6173.5,6156.0,6173.5,5.5,55.0,limit_touch,take_profit,1.0,2025-01-06 11:26:00,3,1.0,34.5,39.5,-2.5,76.5,0.6669577874818049,0.45098039215686275,31.160526315789472,2.005742758212989,561415.0,1.2024324726054476,34.5,39.5,-2.5,0.45098039215686275,0.6669577874818049,0.5839182608695652
2025-01-07,2025-01-07 10:20:00,2025-01-07 10:48:00,2025-01-07 10:51:00,short,6107.0,6102.5,6117.0,6102.5,4.5,45.0,limit_touch,take_profit,-1.0,2025-01-07 10:20:00,1,-1.0,-17.5,-18.5,-47.5,37.5,-0.4411302982731554,-0.4666666666666667,31.160526315789472,1.7169158010303185,339174.0,1.155083688686532,17.5,18.5,47.5,0.4666666666666667,0.4411302982731554,0.7242346376811595
2025-01-07,2025-01-07 10:58:00,2025-01-07 11:17:00,2025-01-07 11:24:00,short,6104.5,6099.5,6115.0,6099.5,5.0,50.0,limit_touch,take_profit,-1.0,2025-01-07 10:58:00,2,-3.0,-6.5,-5.5,-46.5,18.5,-0.5151515151515151,-0.35135135135135137,31.160526315789472,1.8292373954902459,428749.0,1.0767300780194784,6.5,5.5,46.5,0.35135135135135137,0.5151515151515151,0.5166091304347826
2025-01-07,2025-01-07 13:06:00,2025-01-07 13:23:00,2025-01-07 13:31:00,short,6097.0,6092.0,6107.5,6092.0,5.0,50.0,limit_touch,take_profit,-1.0,2025-01-07 13:06:00,3,-1.5,-3.0,-1.5,-55.0,19.0,-0.08823529411764706,-0.15789473684210525,31.160526315789472,2.1341102947386204,720134.0,1.1149260980249507,3.0,1.5,55.0,0.15789473684210525,0.08823529411764706,0.4493967391304347
2025-01-08,2025-01-08 10:44:00,2025-01-08 10:46:00,2025-01-08 11:20:00,long,6174.0,6163.5,6163.5,6179.0,-10.5,-105.0,limit_touch,stop_loss,1.0,2025-01-08 10:44:00,1,1.5,14.0,18.5,26.5,24.0,0.8113207547169812,0.5833333333333334,31.160526315789472,1.059032176336458,398108.0,1.0942514746054788,14.0,18.5,26.5,0.5833333333333334,0.8113207547169812,0.602840652173913
2025-01-08,2025-01-08 11:51:00,2025-01-08 11:52:00,2025-01-08 12:16:00,short,6154.5,6149.5,6165.5,6149.5,5.0,50.0,limit_touch,take_profit,-1.0,2025-01-08 11:51:00,2,-10.5,-7.0,-4.0,0.5,31.0,-0.26595744680851063,-0.22580645161290322,31.160526315789472,1.1873997128620895,576367.0,1.1044665300717045,7.0,4.0,-0.5,0.22580645161290322,0.26595744680851063,0.256586884057971
2025-01-09,2025-01-09 11:39:00,2025-01-09 11:51:00,2025-01-09 11:53:00,short,6119.5,6115.0,6129.0,6115.0,4.5,45.0,limit_touch,take_profit,-1.0,2025-01-09 11:39:00,1,-6.5,-13.0,-27.5,-21.0,35.0,-0.5230769230769231,-0.37142857142857144,20.099999999999998,1.865671641791045,449094.0,0.8986933652357176,13.0,27.5,21.0,0.37142857142857144,0.5230769230769231,0.4597709420289855
2025-01-09,2025-01-09 11:59:00,2025-01-09 12:01:00,2025-01-09 12:02:00,short,6112.0,6107.5,6121.5,6107.5,4.5,45.0,limit_touch,take_profit,-1.0,2025-01-09 11:59:00,2,-5.5,-11.5,-27.5,-29.0,29.5,-0.5490605427974948,-0.3898305084745763,20.099999999999998,2.3631840796019903,496935.0,0.9243446470824851,11.5,27.5,29.0,0.3898305084745763,0.5490605427974948,0.5251634782608695
2025-01-09,2025-01-09 12:42:00,2025-01-09 13:01:00,2025-01-09 13:30:00,short,6097.5,6093.0,6107.0,6093.0,4.5,45.0,limit_touch,take_profit,-1.0,2025-01-09 12:42:00,3,-5.0,-12.5,-19.0,-49.0,19.5,-0.7801047120418848,-0.6410256410256411,20.099999999999998,3.3333333333333335,580312.0,0.9466884425701149,12.5,19.0,49.0,0.6410256410256411,0.7801047120418848,0.7283335507246378
2025-01-14,2025-01-14 10:20:00,2025-01-14 10:22:00,2025-01-14 10:30:00,short,6093.5,6089.5,6102.5,6089.5,4.0,40.0,limit_touch,take_profit,-1.0,2025-01-14 10:20:00,1,-14.5,-11.5,-12.0,-24.0,31.5,-0.506426735218509,-0.36507936507936506,21.8625,1.234991423670669,263603.0,0.8969765835970847,11.5,12.0,24.0,0.36507936507936506,0.506426735218509,0.4233915217391304
2025-01-14,2025-01-14 10:46:00,2025-01-14 10:46:00,2025-01-14 10:46:00,short,6081.5,6077.5,6090.5,6077.5,4.0,40.0,limit_touch,take_profit,-1.0,2025-01-14 10:46:00,2,-15.0,-6.5,-20.5,-34.0,47.5,-0.49388523047977423,-0.1368421052631579,21.8625,1.9668381932532875,368992.0,1.0002199718441462,6.5,20.5,34.0,0.1368421052631579,0.49388523047977423,0.4062789855072464
2025-01-14,2025-01-14 10:50:00,2025-01-14 10:51:00,2025-01-14 10:54:00,short,6074.5,6070.0,6084.0,6070.0,4.5,45.0,limit_touch,take_profit,-1.0,2025-01-14 10:50:00,3,-14.5,-20.0,-25.5,-49.5,54.0,-0.672992700729927,-0.37037037037037035,21.8625,2.3785020011435103,399590.0,1.0521299648241191,20.0,25.5,49.5,0.37037037037037035,0.672992700729927,0.7180965217391305
2025-01-15,2025-01-15 10:18:00,2025-01-15 10:21:00,2025-01-15 10:22:00,long,6078.5,6082.5,6070.0,6082.5,4.0,40.0,limit_touch,take_profit,1.0,2025-01-15 10:18:00,1,10.0,14.0,11.0,21.0,33.0,0.642570281124498,0.42424242424242425,21.2,1.650943396226415,251293.0,0.8710165753675913,14.0,11.0,21.0,0.42424242424242425,0.642570281124498,0.47325608695652177
2025-01-15,2025-01-15 10:43:00,2025-01-15 10:44:00,2025-01-15 10:49:00,short,6044.5,6040.0,6054.5,6040.0,4.5,45.0,limit_touch,take_profit,-1.0,2025-01-15 10:43:00,2,-5.5,-47.0,-38.5,-27.5,75.0,-0.8333333333333334,-0.6266666666666667,21.2,2.6650943396226414,387166.0,1.0695381967370787,47.0,38.5,27.5,0.6266666666666667,0.8333333333333334,0.7843653623188406
2025-01-15,2025-01-15 11:03:00,2025-01-15 11:12:00,2025-01-15 11:18:00,short,6043.0,6038.0,6053.5,6038.0,5.0,50.0,limit_touch,take_profit,-1.0,2025-01-15 11:03:00,3,-5.0,-15.5,-19.0,-31.5,43.5,-0.5521235521235521,-0.3563218390804598,21.2,2.7830188679245285,471791.0,1.1365984702605674,15.5,19.0,31.5,0.3563218390804598,0.5521235521235521,0.6476610144927536
2025-01-16,2025-01-16 10:30:00,2025-01-16 10:30:00,2025-01-16 10:30:00,long,6051.0,6055.5,6041.0,6055.5,4.5,45.0,limit_touch,take_profit,1.0,2025-01-16 10:30:00,1,-1.0,9.5,16.0,19.5,30.5,0.4523076923076923,0.3114754098360656,21.09,2.536747273589379,341574.0,1.0606811596400592,9.5,16.0,19.5,0.3114754098360656,0.4523076923076923,0.46606217391304344
2025-01-16,2025-01-16 10:57:00,2025-01-16 11:21:00,2025-01-16 11:30:00,long,6051.5,6056.0,6041.5,6056.0,4.5,45.0,limit_touch,take_profit,1.0,2025-01-16 10:57:00,2,3.5,5.5,6.0,22.5,35.5,0.3375796178343949,0.15492957746478872,21.09,2.5604551920341394,420273.0,1.0535053236185807,5.5,6.0,22.5,0.15492957746478872,0.3375796178343949,0.3764286956521739
2025-01-16,2025-01-16 13:54:00,2025-01-16 14:19:00,2025-01-16 14:30:00,long,6053.5,6058.0,6043.5,6058.0,4.5,45.0,limit_touch,take_profit,1.0,2025-01-16 13:54:00,3,2.5,8.0,6.5,22.0,23.0,0.45,0.34782608695652173,21.09,2.678994784257942,799969.0,1.114339674295608,8.0,6.5,22.0,0.34782608695652173,0.45,0.48352855072463763
2025-01-17,2025-01-17 10:39:00,2025-01-17 10:45:00,2025-01-17 10:53:00,long,6083.5,6087.5,6074.5,6087.5,4.0,40.0,limit_touch,take_profit,1.0,2025-01-17 10:39:00,1,3.0,9.5,10.0,24.5,23.5,0.5215311004784688,0.40425531914893614,21.21818181818182,2.6392459297343613,303452.0,0.8663061514420878,9.5,10.0,24.5,0.40425531914893614,0.5215311004784688,0.4692111594202898
2025-01-17,2025-01-17 11:01:00,2025-01-17 11:25:00,2025-01-17 11:30:00,long,6089.0,6079.5,6079.5,6093.5,-9.5,-95.0,limit_touch,stop_loss,1.0,2025-01-17 11:01:00,2,11.5,17.0,5.5,28.0,30.0,0.47761194029850745,0.5666666666666667,21.21818181818182,2.969151670951157,376303.0,0.9197669241692069,17.0,5.5,28.0,0.5666666666666667,0.47761194029850745,0.6687833333333334
2025-01-20,2025-01-20 11:03:00,2025-01-20 11:11:00,2025-01-20 11:19:00,short,6066.5,6062.0,6076.5,6062.0,4.5,45.0,limit_touch,take_profit,-1.0,2025-01-20 11:03:00,1,2.0,-11.5,-19.0,-21.0,35.5,-0.44282744282744285,-0.323943661971831,21.025,2.1403091557669445,405528.0,0.9774028259332015,11.5,19.0,21.0,0.323943661971831,0.44282744282744285,0.4681214492753623
2025-01-20,2025-01-20 11:44:00,2025-01-20 12:50:00,2025-01-20 13:16:00,short,6057.0,6052.0,6068.0,6052.0,5.0,50.0,limit_touch,take_profit,-1.0,2025-01-20 11:44:00,2,-14.0,-18.0,-22.0,-33.5,36.0,-0.7212543554006968,-0.5,21.025,2.7348394768133177,510461.0,0.9962811769077753,18.0,22.0,33.5,0.5,0.7212543554006968,0.7038264492753623
2025-01-21,2025-01-21 12:31:00,2025-01-21 12:42:00,2025-01-21 12:56:00,short,6049.0,6044.5,6058.5,6044.5,4.5,45.0,limit_touch,take_profit,-1.0,2025-01-21 12:31:00,1,-5.0,-8.0,-24.5,-25.5,16.0,-0.8360655737704918,-0.5,20.907692307692308,1.984915378955114,558126.0,0.9227349752287263,8.0,24.5,25.5,0.5,0.8360655737704918,0.47899130434782605
2025-01-21,2025-01-21 13:57:00,2025-01-21 14:58:00,2025-01-21 15:10:00,short,6046.5,6042.5,6055.5,6042.5,4.0,40.0,limit_touch,take_profit,-1.0,2025-01-21 13:57:00,2,-2.5,-5.0,-6.0,-29.0,19.0,0.15492957746478872,-0.2631578947368421,20.907692307692308,2.152317880794702,659235.0,0.9066474136569168,5.0,6.0,29.0,0.2631578947368421,-0.15492957746478872,0.3651202173913043
2025-01-22,2025-01-22 11:10:00,2025-01-22 11:16:00,2025-01-22 11:17:00,short,6002.0,5998.0,6010.5,5998.0,4.0,40.0,limit_touch,take_profit,-1.0,2025-01-22 11:10:00,1,-3.0,-11.5,-25.0,-26.5,24.5,-0.6289592760180995,-0.46938775510204084,20.507142857142856,1.8286311389759666,407621.0,0.9401979780557196,11.5,25.0,26.5,0.46938775510204084,0.6289592760180995,0.5235945652173912
2025-01-23,2025-01-23 11:48:00,2025-01-23 11:53:00,2025-01-23 11:57:00,short,5955.5,5951.5,5963.5,5951.5,4.0,40.0,limit_touch,take_profit,-1.0,2025-01-23 11:48:00,1,-5.5,-12.0,-10.0,-3.5,19.0,-0.8131868131868132,-0.631578947368421,21.24,1.5536723163841808,460716.0,0.8830301378114225,12.0,10.0,3.5,0.631578947368421,0.8131868131868132,0.4235660869565217
2025-01-23,2025-01-23 12:30:00,2025-01-23 13:06:00,2025-01-23 13:10:00,short,5935.0,5931.0,5943.5,5931.0,4.0,40.0,limit_touch,take_profit,-1.0,2025-01-23 12:30:00,2,-10.5,-15.5,-27.5,-28.0,39.5,-0.4453507340946166,-0.3924050632911392,21.24,2.824858757062147,563205.0,0.9309980675184154,15.5,27.5,28.0,0.3924050632911392,0.4453507340946166,0.588379420289855
2025-01-24,2025-01-24 10:29:00,2025-01-24 10:32:00,2025-01-24 10:47:00,short,5891.5,5886.5,5902.5,5886.5,5.0,50.0,limit_touch,take_profit,-1.0,2025-01-24 10:29:00,1,-2.5,-16.0,-20.5,-24.0,29.0,-0.8253968253968254,-0.5517241379310345,21.740624999999998,1.8398735086962774,291829.0,0.9166790742147279,16.0,20.5,24.0,0.5517241379310345,0.8253968253968254,0.5859102173913043
2025-01-24,2025-01-24 10:50:00,2025-01-24 10:56:00,2025-01-24 11:08:00,short,5890.0,5901.0,5901.0,5885.0,-11.0,-110.0,limit_touch,stop_loss,-1.0,2025-01-24 10:50:00,2,-12.5,-11.0,-22.5,-30.5,21.0,-0.808695652173913,-0.5238095238095238,21.740624999999998,1.9318671841310913,351887.0,0.9244022577719604,11.0,22.5,30.5,0.5238095238095238,0.808695652173913,0.5562301449275363
2025-01-24,2025-01-24 12:14:00,2025-01-24 12:28:00,2025-01-24 13:24:00,short,5886.5,5881.0,5898.0,5881.0,5.5,55.0,limit_touch,take_profit,-1.0,2025-01-24 12:14:00,3,-6.0,-15.5,-10.5,-30.0,24.5,-0.6778115501519757,-0.6326530612244898,21.740624999999998,2.1388529538594225,530072.0,0.920000560024891,15.5,10.5,30.0,0.6326530612244898,0.6778115501519757,0.6516130434782609
2025-01-27,2025-01-27 10:19:00,2025-01-27 10:25:00,2025-01-27 10:27:00,short,5927.5,5923.0,5937.0,5923.0,4.5,45.0,limit_touch,take_profit,-1.0,2025-01-27 10:19:00,1,1.0,-18.0,-19.0,-29.0,30.0,-0.8288288288288288,-0.6,21.476470588235294,2.141878937277458,278853.0,0.9631244893655933,18.0,19.0,29.0,0.6,0.8288288288288288,0.6806534057971015
2025-01-27,2025-01-27 10:46:00,2025-01-27 11:06:00,2025-01-27 11:31:00,short,5922.0,5931.5,5931.5,5917.5,-9.5,-95.0,limit_touch,stop_loss,-1.0,2025-01-27 10:46:00,2,-6.5,-7.0,-5.0,-33.5,16.0,-0.7222222222222222,-0.4375,21.476470588235294,2.49109832922487,338644.0,0.9165947596863304,7.0,5.0,33.5,0.4375,0.7222222222222222,0.4961502173913044
2025-01-28,2025-01-28 14:16:00,2025-01-28 14:38:00,2025-01-28 14:41:00,short,5877.0,5873.5,5885.0,5873.5,3.5,35.0,limit_touch,take_profit,-1.0,2025-01-28 14:16:00,1,-3.0,-1.5,-11.0,-52.0,7.5,-0.1724137931034483,-0.2,21.341666666666665,2.998828582584928,670371.0,0.8798980793136078,1.5,11.0,52.0,0.2,0.1724137931034483,0.4013847826086956
2025-01-29,2025-01-29 10:04:00,2025-01-29 10:12:00,2025-01-29 10:14:00,short,5853.0,5849.5,5860.5,5849.5,3.5,35.0,limit_touch,take_profit,-1.0,2025-01-29 10:04:00,1,-0.5,-5.0,-14.5,-16.5,16.0,-0.547945205479452,-0.3125,21.24473684210526,1.529790660225443,186866.0,0.7752684338498397,5.0,14.5,16.5,0.3125,0.547945205479452,0.24107528985507243
2025-01-29,2025-01-29 10:55:00,2025-01-29 11:00:00,2025-01-29 11:07:00,long,5879.5,5883.5,5871.0,5883.5,4.0,40.0,limit_touch,take_profit,1.0,2025-01-29 10:55:00,2,7.5,23.0,31.5,23.5,27.0,0.9487179487179487,0.8518518518518519,21.24473684210526,2.1652421652421654,331901.0,0.8409748894117551,23.0,31.5,23.5,0.8518518518518519,0.9487179487179487,0.6750924637681159
2025-01-31,2025-01-31 10:07:00,2025-01-31 10:11:00,2025-01-31 10:16:00,short,5873.0,5867.5,5885.0,5867.5,5.5,55.0,limit_touch,take_profit,-1.0,2025-01-31 10:07:00,1,-10.5,-34.5,-33.5,-35.5,51.5,-0.8461538461538461,-0.6699029126213593,21.414285714285715,2.008005336891261,225512.0,0.8923062171309325,34.5,33.5,35.5,0.6699029126213593,0.8461538461538461,0.7410517391304348
2025-01-31,2025-01-31 10:18:00,2025-01-31 10:23:00,2025-01-31 10:29:00,short,5870.5,5865.0,5882.5,5865.0,5.5,55.0,limit_touch,take_profit,-1.0,2025-01-31 10:18:00,2,-12.0,-13.0,-38.5,-39.0,40.0,-0.303125,-0.325,21.414285714285715,2.1480987324883256,268704.0,0.9343763666688187,13.0,38.5,39.0,0.325,0.303125,0.5608052898550725
2025-01-31,2025-01-31 10:57:00,2025-01-31 11:13:00,2025-01-31 11:47:00,short,5858.0,5852.0,5870.5,5852.0,6.0,60.0,limit_touch,take_profit,-1.0,2025-01-31 10:57:00,3,-9.5,-22.5,-22.5,-54.5,40.5,-0.512781954887218,-0.5555555555555556,21.414285714285715,2.941961307538359,369990.0,0.9252381531513921,22.5,22.5,54.5,0.5555555555555556,0.512781954887218,0.7866659420289854
2025-02-03,2025-02-03 10:05:00,2025-02-03 10:07:00,2025-02-03 10:17:00,short,5884.5,5895.5,5895.5,5879.5,-11.0,-110.0,limit_touch,stop_loss,-1.0,2025-02-03 10:05:00,1,-10.0,-8.0,-8.0,-18.5,34.0,-0.44954128440366975,-0.23529411764705882,21.3,2.136150234741784,164739.0,0.671426949881713,8.0,8.0,18.5,0.23529411764705882,0.44954128440366975,0.3025217391304348
2025-02-03,2025-02-03 10:35:00,2025-02-03 10:45:00,2025-02-03 11:01:00,long,5911.5,5917.0,5900.0,5917.0,5.5,55.0,limit_touch,take_profit,1.0,2025-02-03 10:35:00,2,4.0,14.5,35.5,17.0,19.5,0.7988165680473372,0.7435897435897436,21.3,2.3943661971830985,264822.0,0.781689903873117,14.5,35.5,17.0,0.7435897435897436,0.7988165680473372,0.5607232608695653
2025-02-03,2025-02-03 11:06:00,2025-02-03 11:14:00,2025-02-03 11:23:00,long,5913.0,5918.5,5901.5,5918.5,5.5,55.0,limit_touch,take_profit,1.0,2025-02-03 11:06:00,3,9.0,7.5,4.0,26.5,35.5,0.2781316348195329,0.2112676056338028,21.3,2.488262910798122,354178.0,0.8312595863166611,7.5,4.0,26.5,0.2112676056338028,0.2781316348195329,0.3768776811594202
2025-02-03,2025-02-03 11:52:00,2025-02-03 12:20:00,2025-02-03 12:21:00,long,5919.5,5908.0,5908.0,5924.5,-11.5,-115.0,limit_touch,stop_loss,1.0,2025-02-03 11:52:00,4,0.5,6.5,17.0,34.5,30.5,0.4028169014084507,0.21311475409836064,21.3,2.9107981220657275,468574.0,0.8762951442027472,6.5,17.0,34.5,0.21311475409836064,0.4028169014084507,0.4203722463768116
2025-02-03,2025-02-03 12:29:00,2025-02-03 12:29:00,2025-02-03 12:29:00,short,5883.5,5877.5,5896.5,5877.5,6.0,60.0,limit_touch,take_profit,-1.0,2025-02-03 12:29:00,5,-18.5,-39.0,-45.5,-14.5,57.0,-0.897025171624714,-0.6842105263157895,21.3,3.2394366197183095,600865.0,0.9836646066550284,39.0,45.5,14.5,0.6842105263157895,0.897025171624714,0.7092185507246378
2025-02-03,2025-02-03 13:13:00,2025-02-03 14:55:00,2025-02-03 14:56:00,short,5868.0,5862.0,5881.5,5862.0,6.0,60.0,limit_touch,take_profit,-1.0,2025-02-03 13:13:00,6,-8.0,-8.0,-10.0,-47.0,46.0,-0.09462915601023018,-0.17391304347826086,21.3,4.2018779342723,761002.0,1.109619875995566,8.0,10.0,47.0,0.17391304347826086,0.09462915601023018,0.5642836231884059
2025-02-04,2025-02-04 11:19:00,2025-02-04 11:23:00,2025-02-04 11:23:00,short,5832.5,5828.0,5842.0,5828.0,4.5,45.0,limit_touch,take_profit,-1.0,2025-02-04 11:19:00,1,-3.0,-12.0,-13.0,-1.5,28.0,-0.5753424657534246,-0.42857142857142855,21.3,1.3849765258215962,387464.0,0.848147468351036,12.0,13.0,1.5,0.42857142857142855,0.5753424657534246,0.3345895652173913
2025-02-04,2025-02-04 12:45:00,2025-02-04 14:16:00,2025-02-04 14:17:00,short,5801.0,5796.5,5811.5,5796.5,4.5,45.0,limit_touch,take_profit,-1.0,2025-02-04 12:45:00,2,-6.5,-12.5,-20.0,-41.5,33.5,-0.24105011933174225,-0.373134328358209,21.3,3.356807511737089,624154.0,0.9756776218598534,12.5,20.0,41.5,0.373134328358209,0.24105011933174225,0.6293595652173913
2025-02-05,2025-02-05 11:06:00,2025-02-05 11:39:00,2025-02-05 12:00:00,long,5827.0,5818.5,5818.5,5831.0,-8.5,-85.0,limit_touch,stop_loss,1.0,2025-02-05 11:06:00,1,8.0,13.5,11.5,54.5,23.5,0.7563451776649747,0.574468085106383,21.3,3.2394366197183095,382674.0,0.9013716525146963,13.5,11.5,54.5,0.574468085106383,0.7563451776649747,0.7150379710144927
2025-02-06,2025-02-06 10:03:00,2025-02-06 10:03:00,2025-02-06 10:03:00,short,5828.5,5824.5,5837.0,5824.5,4.0,40.0,limit_touch,take_profit,-1.0,2025-02-06 10:03:00,1,-7.0,-6.5,-10.0,-3.0,19.5,-0.6470588235294118,-0.3333333333333333,21.3,1.3380281690140845,216245.0,0.9162927611410006,6.5,10.0,3.0,0.3333333333333333,0.6470588235294118,0.2348953623188406
2025-02-06,2025-02-06 10:59:00,2025-02-06 11:03:00,2025-02-06 11:09:00,short,5820.0,5816.0,5829.0,5816.0,4.0,40.0,limit_touch,take_profit_gap_open,-1.0,2025-02-06 10:59:00,2,-1.0,-9.5,-19.0,-13.5,24.5,-0.5749128919860628,-0.3877551020408163,21.3,1.8779342723004695,379593.0,0.9405138002380564,9.5,19.0,13.5,0.3877551020408163,0.5749128919860628,0.38781246376811596
2025-02-06,2025-02-06 11:39:00,2025-02-06 11:59:00,2025-02-06 12:11:00,short,5803.5,5813.0,5813.0,5799.0,-9.5,-95.0,limit_touch,stop_loss,-1.0,2025-02-06 11:39:00,3,-12.0,-9.5,-25.0,-39.5,30.5,-0.04884318766066838,-0.3114754098360656,21.3,2.9107981220657275,502295.0,0.9982106024084414,9.5,25.0,39.5,0.3114754098360656,0.04884318766066838,0.5584313768115942
2025-02-07,2025-02-07 12:14:00,2025-02-07 12:28:00,2025-02-07 12:35:00,short,5769.0,5764.5,5779.0,5764.5,4.5,45.0,limit_touch,take_profit,-1.0,2025-02-07 12:14:00,1,-3.0,-10.0,-19.0,-35.5,40.0,-0.07033639143730887,-0.25,21.3,2.0187793427230045,563916.0,0.9760693814072569,10.0,19.0,35.5,0.25,0.07033639143730887,0.49205898550724636
2025-02-07,2025-02-07 13:58:00,2025-02-07 14:07:00,2025-02-07 14:16:00,long,5800.5,5805.5,5789.5,5805.5,5.0,50.0,limit_touch,take_profit,1.0,2025-02-07 13:58:00,2,3.0,2.5,6.5,15.0,21.5,0.07975460122699386,0.11627906976744186,21.3,2.652582159624413,808339.0,1.0893853751016183,2.5,6.5,15.0,0.11627906976744186,0.07975460122699386,0.29141057971014495
2025-02-10,2025-02-10 10:25:00,2025-02-10 10:39:00,2025-02-10 11:05:00,short,5800.5,5810.5,5810.5,5796.0,-10.0,-100.0,limit_touch,stop_loss,-1.0,2025-02-10 10:25:00,1,-3.0,-10.5,-31.5,-44.5,27.5,-0.5774647887323944,-0.38181818181818183,24.84,2.4355877616747184,285845.0,0.9502452502281465,10.5,31.5,44.5,0.38181818181818183,0.5774647887323944,0.5783518115942029
2025-02-11,2025-02-11 10:15:00,2025-02-11 10:17:00,2025-02-11 10:20:00,long,5819.0,5822.5,5811.5,5822.5,3.5,35.0,limit_touch,take_profit,1.0,2025-02-11 10:15:00,1,3.0,15.5,15.5,6.5,27.5,0.8233438485804416,0.5636363636363636,23.724999999999998,1.2223393045310855,266891.0,0.9848358819040236,15.5,15.5,6.5,0.5636363636363636,0.8233438485804416,0.47628978260869564
2025-02-11,2025-02-11 11:29:00,2025-02-11 11:37:00,2025-02-11 11:49:00,short,5793.0,5789.0,5801.5,5789.0,4.0,40.0,limit_touch,take_profit,-1.0,2025-02-11 11:29:00,2,-6.0,-14.0,-25.0,-35.0,28.0,-0.6326530612244898,-0.5,23.724999999999998,1.8545837723919918,486964.0,1.0292475151275695,14.0,25.0,35.0,0.5,0.6326530612244898,0.6387054347826085
2025-02-11,2025-02-11 12:47:00,2025-02-11 14:56:00,2025-02-11 15:00:00,short,5788.5,5784.5,5797.0,5784.5,4.0,40.0,limit_touch,take_profit,-1.0,2025-02-11 12:47:00,3,-3.0,-3.5,-12.0,-40.0,18.5,-0.32231404958677684,-0.1891891891891892,23.724999999999998,2.107481559536354,633906.0,0.9941224900271776,3.5,12.0,40.0,0.1891891891891892,0.32231404958677684,0.4005121739130435
2025-02-12,2025-02-12 10:04:00,2025-02-12 10:06:00,2025-02-12 10:07:00,long,5790.5,5784.0,5784.0,5793.5,-6.5,-65.0,limit_touch,stop_loss,1.0,2025-02-12 10:04:00,1,10.0,13.5,11.5,6.5,33.5,0.4140127388535032,0.40298507462686567,22.478571428571428,1.0009532888465205,202247.0,0.8559837928509656,13.5,11.5,6.5,0.40298507462686567,0.4140127388535032,0.3458794202898551
2025-02-12,2025-02-12 10:33:00,2025-02-12 10:34:00,2025-02-12 10:36:00,long,5795.0,5787.0,5787.0,5798.5,-8.0,-80.0,limit_touch,stop_loss,1.0,2025-02-12 10:33:00,2,22.0,16.0,2.0,8.5,58.0,0.7868162692847125,0.27586206896551724,22.478571428571428,1.757229107086114,333594.0,1.02487953122183,16.0,2.0,8.5,0.27586206896551724,0.7868162692847125,0.42885021739130436
2025-02-13,2025-02-13 10:13:00,2025-02-13 10:20:00,2025-02-13 10:25:00,long,5798.5,5802.0,5790.5,5802.0,3.5,35.0,limit_touch,take_profit,1.0,2025-02-13 10:13:00,1,10.0,15.5,11.5,27.5,22.5,0.8938775510204081,0.6888888888888889,21.35625,1.755926251097454,229677.0,0.861953855143475,15.5,11.5,27.5,0.6888888888888889,0.8938775510204081,0.6081422463768116
2025-02-13,2025-02-13 11:04:00,2025-02-13 11:35:00,2025-02-13 11:38:00,long,5803.0,5807.0,5794.5,5807.0,4.0,40.0,limit_touch,take_profit,1.0,2025-02-13 11:04:00,2,9.0,8.5,15.5,37.0,18.5,0.5102040816326531,0.4594594594594595,21.35625,2.0368744512730466,384324.0,0.9245973363010983,8.5,15.5,37.0,0.4594594594594595,0.5102040816326531,0.526605
2025-02-14,2025-02-14 10:32:00,2025-02-14 10:43:00,2025-02-14 10:49:00,short,5745.5,5742.0,5753.5,5742.0,3.5,35.0,limit_touch,take_profit,-1.0,2025-02-14 10:32:00,1,-9.0,-14.0,-16.0,-40.5,38.0,-0.43103448275862066,-0.3684210526315789,20.433333333333334,2.4714518760195756,265748.0,0.8213723465725953,14.0,16.0,40.5,0.3684210526315789,0.43103448275862066,0.5726453623188406
2025-02-14,2025-02-14 12:11:00,2025-02-14 12:28:00,2025-02-14 12:35:00,short,5736.0,5732.5,5744.0,5732.5,3.5,35.0,limit_touch,take_profit,-1.0,2025-02-14 12:11:00,2,-7.0,-16.0,-12.0,-54.5,20.0,-0.9354838709677419,-0.8,20.433333333333334,3.107667210440457,451010.0,0.7885579227245523,16.0,12.0,54.5,0.8,0.9354838709677419,0.7535666666666666
2025-02-17,2025-02-17 10:19:00,2025-02-17 10:27:00,2025-02-17 10:37:00,short,5717.5,5714.5,5724.5,5714.5,3.0,30.0,limit_touch,take_profit,-1.0,2025-02-17 10:19:00,1,-3.0,-13.0,-2.5,-10.5,24.0,-0.6086956521739131,-0.5416666666666666,20.745,1.108700891781152,191653.0,0.6774527585869872,13.0,2.5,10.5,0.5416666666666666,0.6086956521739131,0.38482572463768105
2025-02-17,2025-02-17 10:45:00,2025-02-17 10:47:00,2025-02-17 11:17:00,short,5714.5,5711.5,5721.5,5711.5,3.0,30.0,limit_touch,take_profit,-1.0,2025-02-17 10:45:00,2,-4.5,-10.0,-7.5,-16.0,13.0,-0.8809523809523809,-0.7692307692307693,20.745,1.3015184381778742,241685.0,0.6703696928603693,10.0,7.5,16.0,0.7692307692307693,0.8809523809523809,0.428466884057971
2025-02-18,2025-02-18 11:07:00,2025-02-18 11:11:00,2025-02-18 11:11:00,long,5729.0,5731.5,5723.5,5731.5,2.5,25.0,limit_touch,take_profit,1.0,2025-02-18 11:07:00,1,7.5,15.0,9.5,8.5,20.0,0.6527777777777778,0.75,19.595454545454544,1.2502899559266993,307372.0,0.729515889835914,15.0,9.5,8.5,0.75,0.6527777777777778,0.4502137681159421
2025-02-18,2025-02-18 11:47:00,2025-02-18 11:51:00,2025-02-18 11:53:00,short,5715.5,5713.0,5721.5,5713.0,2.5,25.0,limit_touch,take_profit,-1.0,2025-02-18 11:47:00,2,0.0,-7.5,-14.0,-11.0,22.5,-0.47692307692307695,-0.3333333333333333,19.595454545454544,1.3268383205752727,402758.0,0.7820107129941775,7.5,14.0,11.0,0.3333333333333333,0.47692307692307695,0.25176326086956524
2025-02-18,2025-02-18 12:17:00,2025-02-18 13:39:00,2025-02-18 13:46:00,short,5698.5,5695.5,5705.0,5695.5,3.0,30.0,limit_touch,take_profit,-1.0,2025-02-18 12:17:00,3,-7.5,-10.0,-23.5,-34.5,22.0,-0.7730496453900709,-0.45454545454545453,19.595454545454544,2.5005799118533987,489895.0,0.8439544847950403,10.0,23.5,34.5,0.45454545454545453,0.7730496453900709,0.5374749275362318
2025-02-19,2025-02-19 10:04:00,2025-02-19 10:30:00,2025-02-19 10:31:00,long,5729.5,5732.5,5723.0,5732.5,3.0,30.0,limit_touch,take_profit,1.0,2025-02-19 10:04:00,1,12.5,14.0,32.0,29.0,34.0,0.36796536796536794,0.4117647058823529,19.1875,2.47557003257329,216849.0,0.9264277937309793,14.0,32.0,29.0,0.4117647058823529,0.36796536796536794,0.5713623188405798
2025-02-19,2025-02-19 12:38:00,2025-02-19 12:42:00,2025-02-19 12:49:00,short,5703.5,5700.0,5711.0,5700.0,3.5,35.0,limit_touch,take_profit,-1.0,2025-02-19 12:38:00,2,-8.0,-13.5,-8.5,-18.5,15.5,-0.9699248120300752,-0.8709677419354839,19.1875,2.6319218241042344,535199.0,0.8625147288121795,13.5,8.5,18.5,0.8709677419354839,0.9699248120300752,0.5932668115942029
2025-02-20,2025-02-20 10:48:00,2025-02-20 10:52:00,2025-02-20 10:53:00,long,5718.0,5721.5,5711.0,5721.5,3.5,35.0,limit_touch,take_profit,1.0,2025-02-20 10:48:00,1,-0.5,8.5,12.0,8.5,31.5,0.28052805280528054,0.2698412698412698,18.876923076923074,1.2978810105949472,293038.0,0.7996635481255211,8.5,12.0,8.5,0.2698412698412698,0.28052805280528054,0.23397804347826084
2025-02-20,2025-02-20 10:54:00,2025-02-20 10:59:00,2025-02-20 11:02:00,long,5718.5,5722.0,5711.5,5722.0,3.5,35.0,limit_touch,take_profit,1.0,2025-02-20 10:54:00,2,1.0,1.5,12.5,10.5,30.5,0.22118380062305296,0.04918032786885246,18.876923076923074,1.3508557457212715,308158.0,0.805855285153745,1.5,12.5,10.5,0.04918032786885246,0.22118380062305296,0.1008336231884058
2025-02-20,2025-02-20 11:53:00,2025-02-20 11:55:00,2025-02-20 12:00:00,short,5705.5,5702.0,5713.0,5702.0,3.5,35.0,limit_touch,take_profit,-1.0,2025-02-20 11:53:00,3,-8.0,-5.0,-8.5,-11.0,22.0,-0.1,-0.22727272727272727,18.876923076923074,1.3773431132844338,443046.0,0.8423074546609652,5.0,8.5,11.0,0.22727272727272727,0.1,0.1904036956521739
2025-02-20,2025-02-20 12:06:00,2025-02-20 12:10:00,2025-02-20 12:11:00,short,5705.0,5701.5,5712.5,5701.5,3.5,35.0,limit_touch,take_profit,-1.0,2025-02-20 12:06:00,4,-6.0,-3.5,-7.5,-12.0,27.5,-0.14590747330960854,-0.12727272727272726,18.876923076923074,1.403830480847596,471925.0,0.8480841409209111,3.5,7.5,12.0,0.12727272727272726,0.14590747330960854,0.15477623188405798
2025-02-20,2025-02-20 12:44:00,2025-02-20 12:48:00,2025-02-20 14:23:00,short,5705.0,5701.5,5713.0,5701.5,3.5,35.0,limit_touch,take_profit,-1.0,2025-02-20 12:44:00,5,-8.5,-10.0,-3.0,-11.5,20.0,-0.5,-0.5,18.876923076923074,1.4303178484107582,533653.0,0.8464473691480325,10.0,3.0,11.5,0.5,0.5,0.37532710144927534
2025-02-20,2025-02-20 14:43:00,2025-02-20 14:48:00,2025-02-20 14:50:00,short,5702.5,5699.5,5709.5,5699.5,3.0,30.0,limit_touch,take_profit,-1.0,2025-02-20 14:43:00,6,-4.0,-5.5,-10.0,-14.5,16.5,-0.7237569060773481,-0.3333333333333333,18.876923076923074,1.5892420537897314,625941.0,0.7892413988062797,5.5,10.0,14.5,0.3333333333333333,0.7237569060773481,0.25228818840579714
2025-02-21,2025-02-21 10:58:00,2025-02-21 11:02:00,2025-02-21 11:06:00,short,5711.0,5717.5,5717.5,5708.0,-6.5,-65.0,limit_touch,stop_loss,-1.0,2025-02-21 10:58:00,1,-1.5,-14.5,-10.5,-3.5,15.5,-0.9881656804733728,-0.9354838709677419,18.17142857142857,1.0455974842767295,257512.0,0.6571448755742466,14.5,10.5,3.5,0.9354838709677419,0.9881656804733728,0.4242040579710145
2025-02-21,2025-02-21 11:30:00,2025-02-21 11:33:00,2025-02-21 11:39:00,short,5709.5,5716.0,5716.0,5706.5,-6.5,-65.0,limit_touch,stop_loss,-1.0,2025-02-21 11:30:00,2,-7.0,-4.0,-2.0,-4.5,16.0,-0.16279069767441862,-0.25,18.17142857142857,1.1281446540880504,318822.0,0.6782448922674461,4.0,2.0,4.5,0.25,0.16279069767441862,0.11605391304347827
2025-02-21,2025-02-21 11:48:00,2025-02-21 11:50:00,2025-02-21 11:50:00,short,5709.0,5706.0,5716.0,5706.0,3.0,30.0,limit_touch,take_profit,-1.0,2025-02-21 11:48:00,3,-2.0,0.0,-7.5,-3.5,26.0,-0.015873015873015872,0.0,18.17142857142857,1.1831761006289307,357852.0,0.6959734992821021,-0.0,7.5,3.5,-0.0,0.015873015873015872,0.03971557971014492
2025-02-21,2025-02-21 12:06:00,2025-02-21 12:07:00,2025-02-21 12:22:00,short,5708.5,5715.0,5715.0,5705.5,-6.5,-65.0,limit_touch,stop_loss,-1.0,2025-02-21 12:06:00,4,-3.0,-2.0,-8.5,-8.0,19.0,0.06578947368421052,-0.10526315789473684,18.17142857142857,1.2106918238993711,389201.0,0.7006762624742378,2.0,8.5,8.0,0.10526315789473684,-0.06578947368421052,0.0742595652173913
2025-02-24,2025-02-24 10:18:00,2025-02-24 10:23:00,2025-02-24 10:28:00,long,5727.0,5730.0,5720.0,5730.0,3.0,30.0,limit_touch,take_profit,1.0,2025-02-24 10:18:00,1,4.0,10.5,6.0,4.5,14.5,0.8130841121495327,0.7241379310344828,17.81,1.0668163952835485,180791.0,0.6572070110660194,10.5,6.0,4.5,0.7241379310344828,0.8130841121495327,0.3606040579710145
2025-02-24,2025-02-24 10:36:00,2025-02-24 10:37:00,2025-02-24 10:38:00,long,5729.5,5732.5,5722.5,5732.5,3.0,30.0,limit_touch,take_profit,1.0,2025-02-24 10:36:00,2,3.0,4.5,11.5,9.0,17.5,0.536,0.2571428571428571,17.81,1.2633352049410445,217467.0,0.6607833004799079,4.5,11.5,9.0,0.2571428571428571,0.536,0.14399376811594203
2025-02-24,2025-02-24 11:18:00,2025-02-24 11:31:00,2025-02-24 11:46:00,long,5732.0,5735.0,5725.5,5735.0,3.0,30.0,limit_touch,take_profit,1.0,2025-02-24 11:18:00,3,1.0,3.0,4.5,12.5,9.0,0.52,0.3333333333333333,17.81,1.4598540145985404,291054.0,0.658368043300365,3.0,4.5,12.5,0.3333333333333333,0.52,0.1755373913043478
2025-02-24,2025-02-24 12:03:00,2025-02-24 12:36:00,2025-02-24 12:47:00,long,5734.0,5737.0,5727.5,5737.0,3.0,30.0,limit_touch,take_profit,1.0,2025-02-24 12:03:00,4,2.5,4.0,8.0,16.0,14.0,0.5897435897435898,0.2857142857142857,17.81,1.600224592925323,360019.0,0.6596065416446415,4.0,8.0,16.0,0.2857142857142857,0.5897435897435898,0.2021522463768116
2025-02-24,2025-02-24 13:30:00,2025-02-24 13:36:00,2025-02-24 14:01:00,long,5738.0,5741.0,5731.5,5741.0,3.0,30.0,limit_touch,take_profit,1.0,2025-02-24 13:30:00,5,8.0,9.0,9.0,21.0,16.0,0.8088235294117647,0.5625,17.81,1.9090398652442448,457354.0,0.6557812691666656,9.0,9.0,21.0,0.5625,0.8088235294117647,0.431962536231884
2025-02-25,2025-02-25 12:59:00,2025-02-25 13:28:00,2025-02-25 13:39:00,short,5773.5,5769.5,5782.0,5769.5,4.0,40.0,limit_touch,take_profit,-1.0,2025-02-25 12:59:00,1,-5.0,-11.0,-9.5,-6.5,23.0,-0.696969696969697,-0.4782608695652174,18.140625,3.169681309216193,637829.0,0.9810690330954235,11.0,9.5,6.5,0.4782608695652174,0.696969696969697,0.47150275362318844
2025-02-26,2025-02-26 11:57:00,2025-02-26 12:49:00,2025-02-26 12:56:00,long,5788.5,5780.5,5780.5,5792.0,-8.0,-80.0,limit_touch,stop_loss,1.0,2025-02-26 11:57:00,1,4.5,14.0,18.0,61.0,19.0,0.9210526315789473,0.7368421052631579,18.388235294117646,3.8883557261676267,463400.0,0.8714347852169007,14.0,18.0,61.0,0.7368421052631579,0.9210526315789473,0.7591006521739131
2025-02-27,2025-02-27 10:58:00,2025-02-27 11:01:00,2025-02-27 11:04:00,long,5821.5,5825.5,5813.0,5825.5,4.0,40.0,limit_touch,take_profit,1.0,2025-02-27 10:58:00,1,1.5,14.5,21.0,8.5,39.5,0.5159817351598174,0.3670886075949367,18.766666666666666,1.705150976909414,382041.0,0.9839699648358633,14.5,21.0,8.5,0.3670886075949367,0.5159817351598174,0.4226867391304348
2025-02-27,2025-02-27 11:08:00,2025-02-27 11:11:00,2025-02-27 11:17:00,long,5823.5,5815.0,5815.0,5827.5,-8.5,-85.0,limit_touch,stop_loss,1.0,2025-02-27 11:08:00,2,8.0,0.5,21.0,7.5,29.5,0.08262108262108261,0.01694915254237288,18.766666666666666,1.838365896980462,421855.0,1.0129140508734464,0.5,21.0,7.5,0.01694915254237288,0.08262108262108261,0.16526782608695653
2025-02-27,2025-02-27 12:01:00,2025-02-27 12:05:00,2025-02-27 12:08:00,long,5826.0,5830.0,5817.0,5830.0,4.0,40.0,limit_touch,take_profit,1.0,2025-02-27 12:01:00,3,13.0,14.5,19.0,12.0,26.5,0.6441281138790036,0.5471698113207547,18.766666666666666,2.024866785079929,553273.0,1.0238728097797425,14.5,19.0,12.0,0.5471698113207547,0.6441281138790036,0.5438292753623188
2025-02-27,2025-02-27 12:17:00,2025-02-27 12:34:00,2025-02-27 12:34:00,long,5827.0,5831.0,5818.0,5831.0,4.0,40.0,limit_touch,take_profit,1.0,2025-02-27 12:17:00,4,6.0,1.5,17.0,15.5,22.5,0.2484076433121019,0.06666666666666667,18.766666666666666,2.104795737122558,589919.0,1.023920801290433,1.5,17.0,15.5,0.06666666666666667,0.2484076433121019,0.24023079710144923
2025-02-27,2025-02-27 13:26:00,2025-02-27 14:01:00,2025-02-27 14:33:00,long,5828.5,5832.5,5820.0,5832.5,4.0,40.0,limit_touch,take_profit,1.0,2025-02-27 13:26:00,5,5.5,8.0,6.5,19.0,17.0,0.6885245901639344,0.47058823529411764,18.766666666666666,2.2113676731793963,685232.0,0.9879067569334963,8.0,6.5,19.0,0.47058823529411764,0.6885245901639344,0.4642623188405797
2025-02-28,2025-02-28 10:13:00,2025-02-28 10:16:00,2025-02-28 10:20:00,short,5865.0,5860.5,5874.0,5860.5,4.5,45.0,limit_touch,take_profit,-1.0,2025-02-28 10:13:00,1,-9.0,-14.5,-21.0,-7.5,22.5,-0.7269076305220884,-0.6444444444444445,18.49736842105263,2.108408023900982,219600.0,0.8529533867059291,14.5,21.0,7.5,0.6444444444444445,0.7269076305220884,0.4928242028985507
2025-02-28,2025-02-28 12:51:00,2025-02-28 13:04:00,2025-02-28 13:15:00,long,5893.0,5897.5,5883.5,5897.5,4.5,45.0,limit_touch,take_profit,1.0,2025-02-28 12:51:00,2,6.5,14.5,14.5,35.0,23.5,0.511520737327189,0.6170212765957447,18.49736842105263,2.7301180822307582,520791.0,0.8215835149552975,14.5,14.5,35.0,0.6170212765957447,0.511520737327189,0.6523520289855073
2025-02-28,2025-02-28 13:48:00,2025-02-28 14:06:00,2025-02-28 14:44:00,long,5908.5,5913.0,5899.0,5913.0,4.5,45.0,limit_touch,take_profit,1.0,2025-02-28 13:48:00,3,7.0,14.5,24.5,56.0,27.5,0.7003484320557491,0.5272727272727272,18.49736842105263,3.8383838383838387,626480.0,0.8778736273765935,14.5,24.5,56.0,0.5272727272727272,0.7003484320557491,0.7147844202898552
2025-03-05,2025-03-05 13:05:00,2025-03-05 13:05:00,2025-03-05 13:05:00,short,5848.0,5842.5,5860.0,5842.5,5.5,55.0,limit_touch,take_profit,-1.0,2025-03-05 13:05:00,1,,,,-25.0,,,,19.0125,1.7882971729125576,26976.0,0.041076961718934414,,,25.0,,,0.41
2025-03-05,2025-03-05 13:12:00,2025-03-05 13:14:00,2025-03-05 13:15:00,short,5836.0,5830.0,5849.0,5830.0,6.0,60.0,limit_touch,take_profit,-1.0,2025-03-05 13:12:00,2,-9.0,,,-37.5,,,,19.0125,2.629848783694938,71970.0,0.10781734420578526,,,37.5,,,0.5069066666666667
2025-03-06,2025-03-06 10:00:00,2025-03-06 10:04:00,2025-03-06 10:16:00,short,5778.0,5773.5,5788.0,5773.5,4.5,45.0,limit_touch,take_profit,-1.0,2025-03-06 10:00:00,1,-3.5,-10.5,-13.0,-7.0,30.5,-0.5102040816326531,-0.3442622950819672,19.0125,1.2886259040105195,181065.0,0.8542528525223141,10.5,13.0,7.0,0.3442622950819672,0.5102040816326531,0.29224210144927537
2025-03-06,2025-03-06 11:04:00,2025-03-06 11:07:00,2025-03-06 11:15:00,short,5770.5,5766.0,5781.0,5766.0,4.5,45.0,limit_touch,take_profit,-1.0,2025-03-06 11:04:00,2,-7.0,-11.0,-9.5,-16.0,19.0,-0.6585365853658537,-0.5789473684210527,19.0125,1.814595660749507,338082.0,0.8396384072694056,11.0,9.5,16.0,0.5789473684210527,0.6585365853658537,0.46023456521739126
2025-03-06,2025-03-06 13:44:00,2025-03-06 14:03:00,2025-03-06 14:06:00,long,5798.5,5803.5,5787.5,5803.5,5.0,50.0,limit_touch,take_profit,1.0,2025-03-06 13:44:00,3,5.5,14.0,21.5,28.0,28.0,0.5232558139534884,0.5,19.0125,2.5509533201840897,697904.0,0.9996602406504588,14.0,21.5,28.0,0.5,0.5232558139534884,0.6323589855072465
2025-03-07,2025-03-07 11:19:00,2025-03-07 11:28:00,2025-03-07 11:32:00,long,5802.5,5806.5,5793.5,5806.5,4.0,40.0,limit_touch,take_profit,1.0,2025-03-07 11:19:00,1,4.5,13.5,17.5,20.0,39.5,0.41480206540447506,0.34177215189873417,19.0125,1.5516107823800132,375292.0,0.8552934746986809,13.5,17.5,20.0,0.34177215189873417,0.41480206540447506,0.41992514492753624
2025-03-07,2025-03-07 12:21:00,2025-03-07 12:23:00,2025-03-07 12:48:00,long,5804.5,5796.0,5796.0,5808.5,-8.5,-85.0,limit_touch,stop_loss,1.0,2025-03-07 12:21:00,2,8.5,8.5,0.5,19.5,13.5,0.8823529411764706,0.6296296296296297,19.0125,1.68310322156476,493515.0,0.8524375056496378,8.5,0.5,19.5,0.6296296296296297,0.8823529411764706,0.4510908695652174
2025-03-07,2025-03-07 14:12:00,2025-03-07 14:23:00,2025-03-07 14:30:00,long,5813.0,5817.0,5804.5,5817.0,4.0,40.0,limit_touch,take_profit,1.0,2025-03-07 14:12:00,3,3.0,5.5,7.0,33.5,16.5,0.6648648648648648,0.3333333333333333,19.0125,2.2616699539776466,661392.0,0.9000778970093753,5.5,7.0,33.5,0.3333333333333333,0.6648648648648648,0.41825855072463775
2025-03-10,2025-03-10 11:12:00,2025-03-10 11:19:00,2025-03-10 11:21:00,short,5814.0,5810.5,5821.0,5810.5,3.5,35.0,limit_touch,take_profit,-1.0,2025-03-10 11:12:00,1,-9.5,-8.5,-6.0,-11.0,21.5,-0.5678391959798995,-0.3953488372093023,19.0125,1.7882971729125576,333256.0,0.7888593835235077,8.5,6.0,11.0,0.3953488372093023,0.5678391959798995,0.3116215217391304
2025-03-10,2025-03-10 11:31:00,2025-03-10 11:36:00,2025-03-10 11:43:00,short,5812.5,5809.5,5819.5,5809.5,3.0,30.0,limit_touch,take_profit,-1.0,2025-03-10 11:31:00,2,-2.5,-1.5,-6.5,-10.0,11.5,-0.25333333333333335,-0.13043478260869565,19.0125,1.8934911242603552,365240.0,0.7856441619609182,1.5,6.5,10.0,0.13043478260869565,0.25333333333333335,0.13190420289855073
2025-03-10,2025-03-10 11:53:00,2025-03-10 12:05:00,2025-03-10 12:19:00,short,5808.5,5805.0,5816.0,5805.0,3.5,35.0,limit_touch,take_profit,-1.0,2025-03-10 11:53:00,3,-11.0,-10.5,-10.5,-17.5,20.5,-0.656441717791411,-0.5121951219512195,19.0125,2.182774490466798,409354.0,0.7916223254846138,10.5,10.5,17.5,0.5121951219512195,0.656441717791411,0.45042913043478267
2025-03-11,2025-03-11 10:18:00,2025-03-11 10:20:00,2025-03-11 10:23:00,short,5856.5,5864.0,5864.0,5853.0,-7.5,-75.0,limit_touch,stop_loss,-1.0,2025-03-11 10:18:00,1,-4.5,-9.5,-16.5,-9.5,23.5,-0.568075117370892,-0.40425531914893614,19.0125,1.183431952662722,213824.0,0.797996847183962,9.5,16.5,9.5,0.40425531914893614,0.568075117370892,0.2943201449275362
2025-03-11,2025-03-11 10:48:00,2025-03-11 10:54:00,2025-03-11 10:56:00,short,5853.5,5850.0,5861.5,5850.0,3.5,35.0,limit_touch,take_profit,-1.0,2025-03-11 10:48:00,2,-6.5,-15.0,-3.5,-13.0,30.0,-0.46794871794871795,-0.5,19.0125,1.393819855358317,305069.0,0.8573410648943299,15.0,3.5,13.0,0.5,0.46794871794871795,0.45204246376811585
2025-03-11,2025-03-11 12:54:00,2025-03-11 13:00:00,2025-03-11 13:08:00,short,5852.0,5848.0,5860.0,5848.0,4.0,40.0,limit_touch,take_profit,-1.0,2025-03-11 12:54:00,3,-1.5,-6.0,-1.5,-13.0,10.0,-0.8666666666666667,-0.6,19.0125,1.525312294543064,542992.0,0.8561907616917159,6.0,1.5,13.0,0.6,0.8666666666666667,0.3563342753623189
2025-03-12,2025-03-12 10:04:00,2025-03-12 10:15:00,2025-03-12 10:19:00,long,5858.5,5862.0,5850.5,5862.0,3.5,35.0,limit_touch,take_profit,1.0,2025-03-12 10:04:00,1,4.0,20.5,32.0,32.5,33.5,0.4939759036144578,0.6119402985074627,20.849999999999998,2.2062350119904077,216837.0,0.9618513721527814,20.5,32.0,32.5,0.6119402985074627,0.4939759036144578,0.715789420289855
2025-03-13,2025-03-13 10:14:00,2025-03-13 10:17:00,2025-03-13 10:20:00,long,5847.0,5850.5,5839.5,5850.5,3.5,35.0,limit_touch,take_profit,1.0,2025-03-13 10:14:00,1,5.5,12.5,11.0,5.0,28.5,0.554006968641115,0.43859649122807015,20.474999999999998,1.0012210012210012,185175.0,0.7211667654575237,12.5,11.0,5.0,0.43859649122807015,0.554006968641115,0.31735057971014496
2025-03-13,2025-03-13 10:23:00,2025-03-13 10:27:00,2025-03-13 10:44:00,long,5851.5,5855.0,5844.0,5855.0,3.5,35.0,limit_touch,take_profit,1.0,2025-03-13 10:23:00,2,9.0,10.0,14.0,11.0,27.0,0.5546875,0.37037037037037035,20.474999999999998,1.2942612942612943,210209.0,0.7447875958137784,10.0,14.0,11.0,0.37037037037037035,0.5546875,0.29350818840579707
2025-03-13,2025-03-13 12:25:00,2025-03-13 12:37:00,2025-03-13 12:50:00,short,5827.5,5824.0,5835.0,5824.0,3.5,35.0,limit_touch,take_profit,-1.0,2025-03-13 12:25:00,3,-6.0,-11.5,-9.0,-22.5,18.5,-0.6830601092896175,-0.6216216216216216,20.474999999999998,2.0024420024420024,425883.0,0.7271680562588849,11.5,9.0,22.5,0.6216216216216216,0.6830601092896175,0.5056713043478261
2025-03-18,2025-03-18 10:03:00,2025-03-18 10:07:00,2025-03-18 10:08:00,short,5705.5,5702.0,5712.5,5702.0,3.5,35.0,limit_touch,take_profit,-1.0,2025-03-18 10:03:00,1,-10.0,-13.5,-22.0,-19.5,27.5,-0.7587301587301587,-0.4909090909090909,20.383333333333333,1.643499591169256,200990.0,0.9223936188602319,13.5,22.0,19.5,0.4909090909090909,0.7587301587301587,0.5009364492753623
2025-03-18,2025-03-18 10:22:00,2025-03-18 10:28:00,2025-03-18 10:30:00,short,5704.5,5701.0,5712.0,5701.0,3.5,35.0,limit_touch,take_profit,-1.0,2025-03-18 10:22:00,2,-5.5,-4.0,-14.5,-18.5,17.0,-0.3,-0.23529411764705882,20.383333333333333,1.7170891251022078,252413.0,0.9190916341905113,4.0,14.5,18.5,0.23529411764705882,0.3,0.258938768115942
2025-03-18,2025-03-18 13:20:00,2025-03-18 14:02:00,2025-03-18 14:03:00,short,5686.0,5682.5,5693.5,5682.5,3.5,35.0,limit_touch,take_profit,-1.0,2025-03-18 13:20:00,3,-8.5,-12.0,-17.0,-45.0,27.0,-0.6418918918918919,-0.4444444444444444,20.383333333333333,2.9190515126737533,572993.0,0.8735243502206693,12.0,17.0,45.0,0.4444444444444444,0.6418918918918919,0.6187364492753622
2025-03-19,2025-03-19 13:23:00,2025-03-19 13:50:00,2025-03-19 14:35:00,short,5671.0,5677.5,5677.5,5668.0,-6.5,-65.0,limit_touch,stop_loss,-1.0,2025-03-19 13:23:00,1,-1.0,-1.0,-3.0,-36.5,13.0,-0.058823529411764705,-0.07692307692307693,20.13,2.2106308991554893,476450.0,0.725830875388547,1.0,3.0,36.5,0.07692307692307693,0.058823529411764705,0.27372007246376817
2025-03-20,2025-03-20 10:33:00,2025-03-20 10:36:00,2025-03-20 10:38:00,long,5683.5,5686.5,5676.5,5686.5,3.0,30.0,limit_touch,take_profit,1.0,2025-03-20 10:33:00,1,8.5,14.5,26.5,12.5,20.5,0.8952879581151832,0.7073170731707317,19.909090909090907,1.5570776255707766,247946.0,0.819262275378665,14.5,26.5,12.5,0.7073170731707317,0.8952879581151832,0.49194442028985513
2025-03-20,2025-03-20 10:39:00,2025-03-20 10:42:00,2025-03-20 10:46:00,long,5684.0,5687.0,5677.0,5687.0,3.0,30.0,limit_touch,take_profit,1.0,2025-03-20 10:39:00,2,-1.5,11.5,20.0,13.0,25.5,0.663003663003663,0.45098039215686275,19.909090909090907,1.6073059360730595,268600.0,0.8373579268688706,11.5,20.0,13.0,0.45098039215686275,0.663003663003663,0.39279840579710146
2025-03-20,2025-03-20 13:14:00,2025-03-20 13:26:00,2025-03-20 13:47:00,long,5686.5,5679.5,5679.5,5689.5,-7.0,-70.0,limit_touch,stop_loss,1.0,2025-03-20 13:14:00,3,3.5,7.0,9.0,18.0,17.0,0.53125,0.4117647058823529,19.909090909090907,1.757990867579909,511750.0,0.8066166894444047,7.0,9.0,18.0,0.4117647058823529,0.53125,0.33697304347826085
2025-03-21,2025-03-21 10:02:00,2025-03-21 10:08:00,2025-03-21 10:09:00,long,5724.5,5728.0,5717.0,5728.0,3.5,35.0,limit_touch,take_profit,1.0,2025-03-21 10:02:00,1,9.5,18.5,4.5,34.5,29.5,0.6802168021680217,0.6271186440677966,19.125,2.2222222222222223,217832.0,1.0528072669439372,18.5,4.5,34.5,0.6271186440677966,0.6802168021680217,0.7454123188405797
2025-03-21,2025-03-21 12:09:00,2025-03-21 13:04:00,2025-03-21 13:15:00,long,5732.5,5736.0,5725.0,5736.0,3.5,35.0,limit_touch,take_profit,1.0,2025-03-21 12:09:00,2,-0.5,2.0,6.0,42.0,13.0,0.27586206896551724,0.15384615384615385,19.125,2.7712418300653594,446195.0,0.8362465005681086,2.0,6.0,42.0,0.15384615384615385,0.27586206896551724,0.3519138405797102
2025-03-25,2025-03-25 10:01:00,2025-03-25 10:07:00,2025-03-25 10:22:00,short,5738.5,5735.5,5745.5,5735.5,3.0,30.0,limit_touch,take_profit,-1.0,2025-03-25 10:01:00,1,-5.5,-8.5,-15.0,-27.5,21.5,-0.558974358974359,-0.3953488372093023,19.082142857142856,1.624555493168632,184437.0,0.9246398417264636,8.5,15.0,27.5,0.3953488372093023,0.558974358974359,0.4346598550724638
2025-03-25,2025-03-25 12:06:00,2025-03-25 13:48:00,2025-03-25 14:20:00,short,5704.0,5711.5,5711.5,5700.5,-7.5,-75.0,limit_touch,stop_loss,-1.0,2025-03-25 12:06:00,2,-4.0,-6.5,-18.5,-74.5,15.5,-0.44761904761904764,-0.41935483870967744,19.082142857142856,4.035186224967247,490107.0,0.9546321805008823,6.5,18.5,74.5,0.41935483870967744,0.44761904761904764,0.5957140579710145
2025-03-26,2025-03-26 10:03:00,2025-03-26 10:08:00,2025-03-26 10:22:00,long,5728.5,5731.5,5722.0,5731.5,3.0,30.0,limit_touch,take_profit,1.0,2025-03-26 10:03:00,1,8.5,8.5,10.5,26.5,24.5,0.5879828326180258,0.3469387755102041,19.349999999999998,2.0155038759689923,179997.0,0.8806438592414105,8.5,10.5,26.5,0.3469387755102041,0.5879828326180258,0.4193108695652174
2025-03-26,2025-03-26 10:43:00,2025-03-26 10:47:00,2025-03-26 10:51:00,long,5731.5,5734.5,5724.5,5734.5,3.0,30.0,limit_touch,take_profit,1.0,2025-03-26 10:43:00,2,8.5,13.0,10.0,29.0,21.0,0.7064220183486238,0.6190476190476191,19.349999999999998,2.2480620155038764,277744.0,0.8753568410286645,13.0,10.0,29.0,0.6190476190476191,0.7064220183486238,0.604234347826087
2025-03-26,2025-03-26 13:16:00,2025-03-26 13:38:00,2025-03-26 14:16:00,long,5739.0,5742.0,5732.0,5742.0,3.0,30.0,limit_touch,take_profit,1.0,2025-03-26 13:16:00,3,6.0,8.0,10.5,38.5,18.0,0.38181818181818183,0.4444444444444444,19.349999999999998,2.764857881136951,503152.0,0.8238230482390425,8.0,10.5,38.5,0.4444444444444444,0.38181818181818183,0.5206529710144927
2025-03-27,2025-03-27 10:19:00,2025-03-27 10:43:00,2025-03-27 10:51:00,long,5763.0,5756.5,5756.5,5766.0,-6.5,-65.0,limit_touch,stop_loss,1.0,2025-03-27 10:19:00,1,5.5,10.5,16.0,45.0,21.5,0.7444933920704846,0.4883720930232558,19.14375,2.5857002938295786,226485.0,0.9090653059173903,10.5,16.0,45.0,0.4883720930232558,0.7444933920704846,0.6142257246376812
2025-03-28,2025-03-28 11:25:00,2025-03-28 11:29:00,2025-03-28 11:44:00,long,5775.5,5767.0,5767.0,5779.5,-8.5,-85.0,limit_touch,stop_loss,1.0,2025-03-28 11:25:00,1,11.5,19.0,23.0,31.5,27.0,0.8883720930232558,0.7037037037037037,18.891176470588235,1.8262494161606726,398865.0,0.9569284435892884,19.0,23.0,31.5,0.7037037037037037,0.8883720930232558,0.6984683333333332
2025-03-31,2025-03-31 10:32:00,2025-03-31 10:38:00,2025-03-31 10:49:00,short,5778.0,5774.0,5786.5,5774.0,4.0,40.0,limit_touch,take_profit,-1.0,2025-03-31 10:32:00,1,-6.0,-11.0,-21.0,-28.0,23.0,-0.552,-0.4782608695652174,18.441666666666666,2.8197017623136014,300618.0,1.0604829482718032,11.0,21.0,28.0,0.4782608695652174,0.552,0.6083021739130434
2025-03-31,2025-03-31 11:57:00,2025-03-31 12:07:00,2025-03-31 12:11:00,short,5769.0,5764.5,5778.5,5764.5,4.5,45.0,limit_touch,take_profit,-1.0,2025-03-31 11:57:00,2,-4.0,-8.0,-23.5,-41.5,19.0,-0.5394736842105263,-0.42105263157894735,18.441666666666666,3.4704021690013556,482945.0,0.9955941145784462,8.0,23.5,41.5,0.42105263157894735,0.5394736842105263,0.5886249275362319
2025-04-01,2025-04-01 10:07:00,2025-04-01 10:11:00,2025-04-01 10:11:00,long,5755.0,5758.0,5748.0,5758.0,3.0,30.0,limit_touch,take_profit,1.0,2025-04-01 10:07:00,1,0.5,9.5,15.5,14.0,17.5,0.643312101910828,0.5428571428571428,18.844736842105263,1.5388912163105712,185231.0,0.8609989743648542,9.5,15.5,14.0,0.5428571428571428,0.643312101910828,0.4039792028985507
2025-04-01,2025-04-01 11:29:00,2025-04-01 11:34:00,2025-04-01 11:38:00,short,5739.5,5735.5,5747.5,5735.5,4.0,40.0,limit_touch,take_profit,-1.0,2025-04-01 11:29:00,2,-6.5,-15.0,-16.0,-11.0,35.0,-0.4596774193548387,-0.42857142857142855,18.844736842105263,1.591956430666108,398473.0,0.9383237012254961,15.0,16.0,11.0,0.42857142857142855,0.4596774193548387,0.4450163043478261
2025-04-01,2025-04-01 13:20:00,2025-04-01 13:42:00,2025-04-01 14:02:00,short,5717.0,5713.5,5725.0,5713.5,3.5,35.0,limit_touch,take_profit,-1.0,2025-04-01 13:20:00,3,-4.5,-11.0,-10.5,-38.0,18.0,-0.8026315789473685,-0.6111111111111112,18.844736842105263,3.183912861332216,576634.0,0.944699896483969,11.0,10.5,38.0,0.6111111111111112,0.8026315789473685,0.6653392753623188
2025-04-02,2025-04-02 10:18:00,2025-04-02 10:18:00,2025-04-02 10:18:00,short,5696.0,5693.0,5703.0,5693.0,3.0,30.0,limit_touch,take_profit,-1.0,2025-04-02 10:18:00,1,-7.5,-7.0,-14.5,-14.5,18.0,-0.4657534246575342,-0.3888888888888889,18.844736842105263,1.353162966066192,241896.0,0.9902305056488215,7.0,14.5,14.5,0.3888888888888889,0.4657534246575342,0.34278268115942034
2025-04-02,2025-04-02 10:19:00,2025-04-02 10:25:00,2025-04-02 10:32:00,short,5695.0,5702.0,5702.0,5692.0,-7.0,-70.0,limit_touch,stop_loss,-1.0,2025-04-02 10:19:00,2,-11.0,-13.0,-17.0,-20.0,23.0,-0.7142857142857143,-0.5652173913043478,18.844736842105263,1.4327607875994972,251302.0,1.0179050764826914,13.0,17.0,20.0,0.5652173913043478,0.7142857142857143,0.5445279710144928
2025-04-02,2025-04-02 11:36:00,2025-04-02 11:55:00,2025-04-02 11:57:00,long,5728.5,5732.0,5721.0,5732.0,3.5,35.0,limit_touch,take_profit,1.0,2025-04-02 11:36:00,3,5.5,17.0,14.0,31.0,20.0,0.9642857142857143,0.85,18.844736842105263,2.8655215751989944,459735.0,1.0422631174330494,17.0,14.0,31.0,0.85,0.9642857142857143,0.7656554347826087
2025-04-03,2025-04-03 10:45:00,2025-04-03 10:48:00,2025-04-03 11:03:00,short,5637.0,5630.5,5651.5,5630.5,6.5,65.0,limit_touch,take_profit,-1.0,2025-04-03 10:45:00,1,-5.0,-15.5,-21.5,-24.5,28.5,-0.6344086021505376,-0.543859649122807,18.844736842105263,2.494065074710236,416430.0,1.3054675315514894,15.5,21.5,24.5,0.543859649122807,0.6344086021505376,0.696583115942029
2025-04-03,2025-04-03 11:42:00,2025-04-03 12:10:00,2025-04-03 13:42:00,short,5632.5,5626.0,5647.0,5626.0,6.5,65.0,limit_touch,take_profit,-1.0,2025-04-03 11:42:00,2,-2.0,-8.0,-11.0,-31.5,27.0,-0.46794871794871795,-0.2962962962962963,18.844736842105263,2.7859237536656893,575230.0,1.2686407351380822,8.0,11.0,31.5,0.2962962962962963,0.46794871794871795,0.5455073913043478
2025-04-04,2025-04-04 10:17:00,2025-04-04 10:30:00,2025-04-04 10:31:00,long,5768.5,5774.5,5756.0,5774.5,6.0,60.0,limit_touch,take_profit,1.0,2025-04-04 10:17:00,1,5.0,24.0,24.5,53.0,25.0,0.9929577464788732,0.96,18.844736842105263,3.1573802541544476,353477.0,1.4690553587990782,24.0,24.5,53.0,0.96,0.9929577464788732,0.9329852173913042
2025-04-04,2025-04-04 11:48:00,2025-04-04 12:02:00,2025-04-04 12:04:00,long,5817.5,5824.0,5804.0,5824.0,6.5,65.0,limit_touch,take_profit,1.0,2025-04-04 11:48:00,2,10.5,23.0,28.5,114.0,38.0,0.8131147540983606,0.6052631578947368,18.844736842105263,6.606619187264348,670962.0,1.4405204201576933,23.0,28.5,114.0,0.6052631578947368,0.8131147540983606,0.9309478985507246
2025-04-07,2025-04-07 10:26:00,2025-04-07 10:31:00,2025-04-07 10:32:00,long,5916.5,5922.5,5903.0,5922.5,6.0,60.0,limit_touch,take_profit,1.0,2025-04-07 10:26:00,1,8.0,14.0,39.0,19.5,24.0,0.7230769230769231,0.5833333333333334,18.844736842105263,2.4675324675324677,378157.0,1.4259980481741983,14.0,39.0,19.5,0.5833333333333334,0.7230769230769231,0.6662439130434783
2025-04-07,2025-04-07 10:44:00,2025-04-07 10:49:00,2025-04-07 11:00:00,long,5920.0,5906.5,5906.5,5926.0,-13.5,-135.0,limit_touch,stop_loss,1.0,2025-04-07 10:44:00,2,-2.0,1.5,20.5,21.5,36.5,0.15968992248062017,0.0410958904109589,18.844736842105263,2.7328585393101523,448811.0,1.4153685983511213,1.5,20.5,21.5,0.0410958904109589,0.15968992248062017,0.3515993478260869
2025-04-07,2025-04-07 11:14:00,2025-04-07 11:19:00,2025-04-07 11:23:00,short,5863.0,5879.0,5879.0,5855.5,-16.0,-160.0,limit_touch,stop_loss,-1.0,2025-04-07 11:14:00,3,-69.0,-61.0,-77.0,-55.5,123.0,-0.8161726012980179,-0.4959349593495935,18.844736842105263,4.961597542242703,623460.0,1.5839729088956434,61.0,77.0,55.5,0.4959349593495935,0.8161726012980179,0.9041653623188406
2025-04-07,2025-04-07 13:05:00,2025-04-07 14:00:00,2025-04-07 14:02:00,long,5929.0,5937.0,5911.0,5937.0,8.0,80.0,limit_touch,take_profit,1.0,2025-04-07 13:05:00,4,2.0,10.5,5.5,46.0,22.5,0.42857142857142855,0.4666666666666667,18.844736842105263,6.314760508308895,1021740.0,1.7326307892564476,10.5,5.5,46.0,0.4666666666666667,0.42857142857142855,0.7336129710144927
2025-04-08,2025-04-08 10:04:00,2025-04-08 10:09:00,2025-04-08 10:18:00,long,5920.5,5907.5,5907.5,5926.5,-13.0,-130.0,limit_touch,stop_loss,1.0,2025-04-08 10:04:00,1,8.5,21.0,23.5,30.5,40.0,0.7401315789473685,0.525,27.54,1.7792302106027598,224546.0,1.0909484002903742,21.0,23.5,30.5,0.525,0.7401315789473685,0.6980269565217392
2025-04-09,2025-04-09 14:02:00,2025-04-09 14:08:00,2025-04-09 14:14:00,short,6037.0,6030.0,6052.0,6030.0,7.0,70.0,limit_touch,take_profit,-1.0,2025-04-09 14:02:00,1,0.5,-7.0,-12.0,-15.0,20.0,-0.6021505376344086,-0.35,30.875,3.4817813765182186,1027104.0,1.5441806695873666,7.0,12.0,15.0,0.35,0.6021505376344086,0.476765
2025-04-09,2025-04-09 14:20:00,2025-04-09 14:20:00,2025-04-09 14:20:00,short,6013.5,6005.5,6030.5,6005.5,8.0,80.0,limit_touch,take_profit,-1.0,2025-04-09 14:20:00,2,-21.5,-18.5,-35.0,-44.0,82.5,-0.6622504857798975,-0.22424242424242424,30.875,4.48582995951417,1118144.0,1.6322349905480997,18.5,35.0,44.0,0.22424242424242424,0.6622504857798975,0.7372099275362319
2025-04-09,2025-04-09 14:27:00,2025-04-09 14:38:00,2025-04-09 14:41:00,short,5945.5,5936.0,5966.0,5936.0,9.5,95.0,limit_touch,take_profit,-1.0,2025-04-09 14:27:00,3,-59.5,-121.0,-119.5,-135.0,209.0,-0.7873338545738858,-0.5789473684210527,30.875,7.433198380566802,1199213.0,1.7295818729708095,121.0,119.5,135.0,0.5789473684210527,0.7873338545738858,0.955266304347826
2025-04-10,2025-04-10 10:14:00,2025-04-10 10:30:00,2025-04-10 10:53:00,long,5908.0,5916.5,5890.0,5916.5,8.5,85.0,limit_touch,take_profit,1.0,2025-04-10 10:14:00,1,3.5,26.0,51.0,48.0,43.0,0.6484375,0.6046511627906976,38.528571428571425,2.271041898405636,320810.0,1.359044225174069,26.0,51.0,48.0,0.6046511627906976,0.6484375,0.8611727536231885
2025-04-10,2025-04-10 13:27:00,2025-04-10 14:02:00,2025-04-10 14:02:00,long,5942.0,5949.0,5926.5,5949.0,7.0,70.0,limit_touch,take_profit,1.0,2025-04-10 13:27:00,2,2.0,13.0,5.5,89.0,31.0,0.3172690763052209,0.41935483870967744,38.528571428571425,3.4390063032999634,835134.0,1.3247394363495701,13.0,5.5,89.0,0.41935483870967744,0.3172690763052209,0.7676863043478261
2025-04-11,2025-04-11 10:34:00,2025-04-11 10:39:00,2025-04-11 10:46:00,long,5910.0,5894.0,5894.0,5917.5,-16.0,-160.0,limit_touch,stop_loss,1.0,2025-04-11 10:34:00,1,7.0,26.0,58.5,89.5,42.0,0.8295218295218295,0.6190476190476191,38.68125,2.649862659557279,436287.0,1.4838969594511289,26.0,58.5,89.5,0.6190476190476191,0.8295218295218295,0.9143497826086957
2025-04-14,2025-04-14 13:12:00,2025-04-14 13:31:00,2025-04-14 13:55:00,long,5877.0,5866.5,5866.5,5882.0,-10.5,-105.0,limit_touch,stop_loss,1.0,2025-04-14 13:12:00,1,10.0,6.5,5.5,28.5,20.5,0.5378486055776892,0.3170731707317073,37.8,1.2433862433862435,644838.0,1.0473445014622111,6.5,5.5,28.5,0.3170731707317073,0.5378486055776892,0.40124855072463766
2025-04-15,2025-04-15 10:39:00,2025-04-15 10:53:00,2025-04-15 11:09:00,long,5877.0,5881.0,5868.5,5881.0,4.0,40.0,limit_touch,take_profit,1.0,2025-04-15 10:39:00,1,1.0,7.0,15.0,15.5,21.0,0.2641509433962264,0.3333333333333333,35.43,1.1995484053062377,332514.0,1.0707609553554953,7.0,15.0,15.5,0.3333333333333333,0.2641509433962264,0.3483493478260869
2025-04-15,2025-04-15 11:46:00,2025-04-15 11:54:00,2025-04-15 11:55:00,long,5891.0,5895.0,5882.0,5895.0,4.0,40.0,limit_touch,take_profit,1.0,2025-04-15 11:46:00,2,-3.0,13.0,24.5,31.5,30.0,0.445859872611465,0.43333333333333335,35.43,1.7358171041490262,506872.0,1.0703065245814394,13.0,24.5,31.5,0.43333333333333335,0.445859872611465,0.5879478260869564
2025-04-15,2025-04-15 12:13:00,2025-04-15 12:51:00,2025-04-15 13:04:00,long,5893.5,5898.0,5884.0,5898.0,4.5,45.0,limit_touch,take_profit,1.0,2025-04-15 12:13:00,3,9.5,15.0,6.5,35.5,22.0,0.8090909090909091,0.6818181818181818,35.43,1.8204911092294667,566474.0,1.0644272352925277,15.0,6.5,35.5,0.6818181818181818,0.8090909090909091,0.7059425362318841
2025-04-16,2025-04-16 10:14:00,2025-04-16 10:22:00,2025-04-16 10:32:00,long,5915.5,5919.5,5907.0,5919.5,4.0,40.0,limit_touch,take_profit,1.0,2025-04-16 10:14:00,1,4.5,9.5,20.0,48.5,35.5,0.42857142857142855,0.2676056338028169,34.131818181818176,1.582101478226129,266701.0,1.1165378719964811,9.5,20.0,48.5,0.2676056338028169,0.42857142857142855,0.5405273913043478
2025-04-16,2025-04-16 14:06:00,2025-04-16 14:33:00,2025-04-16 14:33:00,short,5881.0,5877.5,5889.0,5877.5,3.5,35.0,limit_touch,take_profit,-1.0,2025-04-16 14:06:00,2,-3.0,-5.5,-6.0,-12.0,13.5,-0.711340206185567,-0.4074074074074074,34.131818181818176,1.87508323345319,705583.0,1.0410808458002014,5.5,6.0,12.0,0.4074074074074074,0.711340206185567,0.3519708695652174
2025-04-17,2025-04-17 10:34:00,2025-04-17 10:37:00,2025-04-17 10:41:00,short,5873.0,5869.0,5881.5,5869.0,4.0,40.0,limit_touch,take_profit,-1.0,2025-04-17 10:34:00,1,-2.0,-12.5,-17.0,-15.0,29.5,-0.5013404825737265,-0.423728813559322,32.887499999999996,1.079437476244774,289821.0,0.9802183629374883,12.5,17.0,15.0,0.423728813559322,0.5013404825737265,0.4314745652173913
2025-04-17,2025-04-17 11:04:00,2025-04-17 11:06:00,2025-04-17 11:32:00,short,5870.0,5878.5,5878.5,5866.0,-8.5,-85.0,limit_touch,stop_loss,-1.0,2025-04-17 11:04:00,2,-4.5,-1.0,-4.0,-19.0,22.0,0.12121212121212122,-0.045454545454545456,32.887499999999996,1.201064234131509,365311.0,0.972547157776804,1.0,4.0,19.0,0.045454545454545456,-0.12121212121212122,0.19320340579710146
2025-04-22,2025-04-22 10:05:00,2025-04-22 10:08:00,2025-04-22 10:14:00,short,5782.5,5778.5,5790.5,5778.5,4.0,40.0,limit_touch,take_profit,-1.0,2025-04-22 10:05:00,1,-5.0,-10.5,-26.0,-27.5,27.5,-0.3169230769230769,-0.38181818181818183,32.49230769230769,1.1541193181818183,187696.0,0.8775349764984394,10.5,26.0,27.5,0.38181818181818183,0.3169230769230769,0.4245383333333334
2025-04-22,2025-04-22 11:09:00,2025-04-22 11:31:00,2025-04-22 11:40:00,short,5772.5,5769.0,5780.5,5769.0,3.5,35.0,limit_touch,take_profit,-1.0,2025-04-22 11:09:00,2,-3.0,-6.5,-8.0,-44.0,16.5,-0.5968992248062015,-0.3939393939393939,32.49230769230769,1.5696022727272727,345488.0,0.8910352422481432,6.5,8.0,44.0,0.3939393939393939,0.5968992248062015,0.4538205072463768
2025-04-22,2025-04-22 13:33:00,2025-04-22 14:21:00,2025-04-22 14:23:00,short,5752.0,5748.5,5759.5,5748.5,3.5,35.0,limit_touch,take_profit,-1.0,2025-04-22 13:33:00,3,-2.5,-3.0,-7.5,-68.0,15.0,-0.09803921568627451,-0.2,32.49230769230769,2.400568181818182,578666.0,0.9036022619335169,3.0,7.5,68.0,0.2,0.09803921568627451,0.42056862318840577
2025-04-23,2025-04-23 10:19:00,2025-04-23 10:20:00,2025-04-23 10:28:00,short,5691.0,5687.5,5699.0,5687.5,3.5,35.0,limit_touch,take_profit,-1.0,2025-04-23 10:19:00,1,-6.5,-1.0,-12.5,-19.0,32.0,-0.3318777292576419,-0.03125,31.99285714285714,1.0627372181290466,270994.0,1.0734662643213704,1.0,12.5,19.0,0.03125,0.3318777292576419,0.2169481884057971
2025-04-23,2025-04-23 10:38:00,2025-04-23 10:39:00,2025-04-23 10:42:00,short,5678.5,5674.5,5687.0,5674.5,4.0,40.0,limit_touch,take_profit,-1.0,2025-04-23 10:38:00,2,-18.5,-21.5,-26.0,-37.5,39.5,-0.8767234387672344,-0.5443037974683544,31.99285714285714,1.5941058271935702,339534.0,1.1082214891514783,21.5,26.0,37.5,0.5443037974683544,0.8767234387672344,0.7302539130434782
2025-04-23,2025-04-23 10:45:00,2025-04-23 10:54:00,2025-04-23 10:55:00,short,5677.0,5685.5,5685.5,5673.0,-8.5,-85.0,limit_touch,stop_loss,-1.0,2025-04-23 10:45:00,3,-7.0,-18.5,-24.5,-37.0,49.5,-0.6525821596244131,-0.37373737373737376,31.99285714285714,1.6409912926992634,372313.0,1.14588914440546,18.5,24.5,37.0,0.37373737373737376,0.6525821596244131,0.6556236231884058
2025-04-23,2025-04-23 12:30:00,2025-04-23 12:58:00,2025-04-23 13:26:00,long,5705.0,5709.5,5695.5,5709.5,4.5,45.0,limit_touch,take_profit,1.0,2025-04-23 12:30:00,4,11.0,16.5,16.5,9.0,42.5,0.46142208774583965,0.38823529411764707,31.99285714285714,1.7035052467068543,655522.0,1.1703605035719942,16.5,16.5,9.0,0.38823529411764707,0.46142208774583965,0.5009423913043478
2025-04-24,2025-04-24 10:27:00,2025-04-24 10:40:00,2025-04-24 10:42:00,short,5679.5,5688.0,5688.0,5675.5,-8.5,-85.0,limit_touch,stop_loss,-1.0,2025-04-24 10:27:00,1,-5.0,-3.0,-5.0,-39.0,22.0,-0.28448275862068967,-0.13636363636363635,31.279999999999998,1.3427109974424554,272834.0,0.9950453911609914,3.0,5.0,39.0,0.13636363636363635,0.28448275862068967,0.33582340579710146
2025-04-24,2025-04-24 12:50:00,2025-04-24 12:58:00,2025-04-24 13:03:00,short,5678.5,5674.5,5687.5,5674.5,4.0,40.0,limit_touch,take_profit,-1.0,2025-04-24 12:50:00,2,-3.5,-8.5,-9.0,-38.0,15.5,-0.5726495726495726,-0.5483870967741935,31.279999999999998,1.3906649616368287,590780.0,1.003809837635455,8.5,9.0,38.0,0.5483870967741935,0.5726495726495726,0.5548305797101448
2025-04-25,2025-04-25 10:58:00,2025-04-25 11:02:00,2025-04-25 11:22:00,short,5689.0,5697.0,5697.0,5685.0,-8.0,-80.0,better_open,stop_loss,-1.0,2025-04-25 10:58:00,1,-4.0,-14.5,-2.5,-17.5,19.5,-0.9271255060728745,-0.7435897435897436,30.140625,1.0119232763089683,354618.0,0.9854238679906566,14.5,2.5,17.5,0.7435897435897436,0.9271255060728745,0.5577061594202899
2025-04-25,2025-04-25 12:01:00,2025-04-25 12:05:00,2025-04-25 12:25:00,short,5688.0,5695.5,5695.5,5684.5,-7.5,-75.0,limit_touch,stop_loss,-1.0,2025-04-25 12:01:00,2,-6.0,-3.0,-9.0,-24.0,15.0,-0.3333333333333333,-0.2,30.140625,1.0616899948159668,465110.0,0.9237165123139528,3.0,9.0,24.0,0.2,0.3333333333333333,0.2461440579710145
2025-04-25,2025-04-25 13:34:00,2025-04-25 14:08:00,2025-04-25 14:46:00,short,5680.0,5687.5,5687.5,5676.5,-7.5,-75.0,limit_touch,stop_loss,-1.0,2025-04-25 13:34:00,3,-3.0,-7.5,-19.5,-33.0,15.5,-0.6831683168316832,-0.4838709677419355,30.140625,1.4266459305339554,580191.0,0.9077600844564796,7.5,19.5,33.0,0.4838709677419355,0.6831683168316832,0.46448478260869563
2025-04-28,2025-04-28 10:07:00,2025-04-28 10:24:00,2025-04-28 10:25:00,short,5673.5,5670.5,5680.0,5670.5,3.0,30.0,limit_touch,take_profit,-1.0,2025-04-28 10:07:00,1,-3.0,-7.5,-20.0,-31.5,23.5,-0.17050691244239632,-0.3191489361702128,29.126470588235293,1.3389881853983643,212676.0,0.973402338122705,7.5,20.0,31.5,0.3191489361702128,0.17050691244239632,0.4168613043478261
2025-04-28,2025-04-28 11:02:00,2025-04-28 11:16:00,2025-04-28 11:20:00,short,5663.0,5660.0,5670.0,5660.0,3.0,30.0,limit_touch,take_profit,-1.0,2025-04-28 11:02:00,2,-4.0,-10.0,-17.5,-49.0,19.0,-0.8111111111111111,-0.5263157894736842,29.126470588235293,1.8024840957285673,361294.0,0.9776524370279089,10.0,17.5,49.0,0.5263157894736842,0.8111111111111111,0.6184978260869565
2025-04-29,2025-04-29 12:21:00,2025-04-29 12:34:00,2025-04-29 13:56:00,short,5631.5,5639.0,5639.0,5628.0,-7.5,-75.0,limit_touch,stop_loss,-1.0,2025-04-29 12:21:00,1,-7.0,-20.0,-27.5,-40.0,26.0,-0.8625954198473282,-0.7692307692307693,28.416666666666668,1.530791788856305,553081.0,1.019975811856223,20.0,27.5,40.0,0.7692307692307693,0.8625954198473282,0.7527771014492753
2025-04-30,2025-04-30 10:30:00,2025-04-30 10:43:00,2025-04-30 10:46:00,long,5699.5,5703.5,5690.5,5703.5,4.0,40.0,limit_touch,take_profit,1.0,2025-04-30 10:30:00,1,11.0,16.5,44.5,54.0,30.5,0.6845070422535211,0.5409836065573771,27.710526315789473,2.6524216524216526,343843.0,1.2269287530073925,16.5,44.5,54.0,0.5409836065573771,0.6845070422535211,0.8075776086956521
2025-05-02,2025-05-02 10:11:00,2025-05-02 10:18:00,2025-05-02 10:20:00,short,5683.0,5679.0,5691.5,5679.0,4.0,40.0,limit_touch,take_profit,-1.0,2025-05-02 10:11:00,1,-3.5,-5.0,-9.0,-35.5,32.0,-0.14349775784753363,-0.15625,27.5625,1.5419501133786848,238523.0,1.0285984609453453,5.0,9.0,35.5,0.15625,0.14349775784753363,0.3729721014492754
2025-05-02,2025-05-02 10:52:00,2025-05-02 11:04:00,2025-05-02 11:24:00,short,5677.0,5673.0,5686.0,5673.0,4.0,40.0,limit_touch,take_profit,-1.0,2025-05-02 10:52:00,2,-4.0,-7.5,-12.5,-44.0,23.5,-0.33649289099526064,-0.3191489361702128,27.5625,1.8503401360544218,341110.0,0.9856722440646725,7.5,12.5,44.0,0.3191489361702128,0.33649289099526064,0.49445434782608694
2025-05-06,2025-05-06 10:43:00,2025-05-06 11:10:00,2025-05-06 11:25:00,long,5760.5,5763.5,5753.5,5763.5,3.0,30.0,limit_touch,take_profit,1.0,2025-05-06 10:43:00,1,5.5,18.5,21.5,36.5,23.5,0.9515570934256056,0.7872340425531915,27.5625,1.6507936507936507,358748.0,1.1215742164776923,18.5,21.5,36.5,0.7872340425531915,0.9515570934256056,0.7623856521739132
2025-05-07,2025-05-07 10:13:00,2025-05-07 10:25:00,2025-05-07 10:44:00,long,5761.5,5765.0,5754.5,5765.0,3.5,35.0,limit_touch,take_profit,1.0,2025-05-07 10:13:00,1,1.0,11.5,18.0,29.0,16.5,0.888,0.696969696969697,27.5625,1.5238095238095237,235801.0,0.9985723750514088,11.5,18.0,29.0,0.696969696969697,0.888,0.6016313768115942
2025-05-07,2025-05-07 10:59:00,2025-05-07 11:03:00,2025-05-07 11:09:00,long,5764.0,5767.5,5756.5,5767.5,3.5,35.0,limit_touch,take_profit,1.0,2025-05-07 10:59:00,2,-1.5,6.0,7.0,30.0,18.0,0.6068376068376068,0.3333333333333333,27.5625,1.6326530612244898,337505.0,0.9329738910779025,6.0,7.0,30.0,0.3333333333333333,0.6068376068376068,0.39065978260869566
2025-05-07,2025-05-07 11:54:00,2025-05-07 12:03:00,2025-05-07 12:09:00,long,5765.0,5768.5,5757.5,5768.5,3.5,35.0,limit_touch,take_profit,1.0,2025-05-07 11:54:00,3,3.0,5.5,13.5,34.5,20.5,0.3128205128205128,0.2682926829268293,27.5625,1.6870748299319729,441156.0,0.9093824669638304,5.5,13.5,34.5,0.2682926829268293,0.3128205128205128,0.3735339130434782
2025-05-07,2025-05-07 13:39:00,2025-05-07 14:12:00,2025-05-07 14:20:00,long,5769.5,5772.5,5762.5,5772.5,3.0,30.0,limit_touch,take_profit_gap_open,1.0,2025-05-07 13:39:00,4,0.5,4.0,4.5,42.0,12.0,0.5151515151515151,0.3333333333333333,27.5625,1.9047619047619047,574987.0,0.9030350831564916,4.0,4.5,42.0,0.3333333333333333,0.5151515151515151,0.40712557971014496
2025-05-08,2025-05-08 12:43:00,2025-05-08 13:10:00,2025-05-08 13:39:00,short,5714.5,5711.0,5722.5,5711.0,3.5,35.0,limit_touch,take_profit,-1.0,2025-05-08 12:43:00,1,-2.5,-9.0,-18.5,-58.0,16.0,-0.7903225806451613,-0.5625,27.5625,3.1927437641723357,590489.0,1.03149780755322,9.0,18.5,58.0,0.5625,0.7903225806451613,0.6964570289855073
2025-05-09,2025-05-09 12:06:00,2025-05-09 12:10:00,2025-05-09 12:16:00,short,5677.0,5684.0,5684.0,5673.5,-7.0,-70.0,limit_touch,stop_loss,-1.0,2025-05-09 12:06:00,1,-3.0,-11.0,-8.0,-25.5,18.0,-0.7236842105263158,-0.6111111111111112,19.679999999999996,1.473577235772358,453179.0,0.8846468783584108,11.0,8.0,25.5,0.6111111111111112,0.7236842105263158,0.5165100724637681
2025-05-09,2025-05-09 12:25:00,2025-05-09 12:36:00,2025-05-09 13:46:00,short,5674.5,5682.0,5682.0,5671.0,-7.5,-75.0,limit_touch,stop_loss,-1.0,2025-05-09 12:25:00,2,-9.5,-6.5,-14.0,-28.0,21.5,-0.20430107526881722,-0.3023255813953488,19.679999999999996,1.626016260162602,493530.0,0.9019293535883611,6.5,14.0,28.0,0.3023255813953488,0.20430107526881722,0.3641876811594203
2025-05-12,2025-05-12 10:35:00,2025-05-12 10:47:00,2025-05-12 10:54:00,short,5696.5,5704.0,5704.0,5693.0,-7.5,-75.0,limit_touch,stop_loss,-1.0,2025-05-12 10:35:00,1,-10.0,-12.5,-7.0,-9.5,28.5,-0.7544554455445545,-0.43859649122807015,18.0,2.111111111111111,328133.0,1.101229050729302,12.5,7.0,9.5,0.43859649122807015,0.7544554455445545,0.4868947101449275
2025-05-13,2025-05-13 10:02:00,2025-05-13 10:19:00,2025-05-13 10:22:00,short,5667.0,5664.0,5673.5,5664.0,3.0,30.0,limit_touch,take_profit,-1.0,2025-05-13 10:02:00,1,-7.0,-8.5,-12.0,-26.0,29.5,-0.4201954397394137,-0.288135593220339,17.4,2.4712643678160924,225039.0,1.0941581110227292,8.5,12.0,26.0,0.288135593220339,0.4201954397394137,0.48510731884057967
2025-05-13,2025-05-13 10:45:00,2025-05-13 11:00:00,2025-05-13 11:06:00,short,5659.5,5666.0,5666.0,5656.5,-6.5,-65.0,limit_touch,stop_loss,-1.0,2025-05-13 10:45:00,2,-5.0,-11.5,-11.5,-39.0,30.5,-0.5153203342618384,-0.3770491803278688,17.4,3.017241379310345,359254.0,1.0983995546320937,11.5,11.5,39.0,0.3770491803278688,0.5153203342618384,0.6362471014492754
2025-05-14,2025-05-14 11:37:00,2025-05-14 11:49:00,2025-05-14 11:51:00,long,5631.0,5634.5,5623.5,5634.5,3.5,35.0,limit_touch,take_profit,1.0,2025-05-14 11:37:00,1,7.0,10.5,14.5,12.0,29.5,0.5221238938053098,0.3559322033898305,18.224999999999998,1.9204389574759948,516090.0,1.146455428858204,10.5,14.5,12.0,0.3559322033898305,0.5221238938053098,0.43978514492753623
2025-05-14,2025-05-14 12:05:00,2025-05-14 12:24:00,2025-05-14 12:33:00,long,5633.5,5626.0,5626.0,5637.0,-7.5,-75.0,limit_touch,stop_loss,1.0,2025-05-14 12:05:00,2,4.0,8.5,6.5,13.0,19.5,0.34806629834254144,0.4358974358974359,18.224999999999998,2.1124828532235944,569032.0,1.1187867083292427,8.5,6.5,13.0,0.4358974358974359,0.34806629834254144,0.4503765217391304
2025-05-15,2025-05-15 12:22:00,2025-05-15 12:42:00,2025-05-15 13:01:00,long,5664.0,5657.0,5657.0,5667.0,-7.0,-70.0,limit_touch,stop_loss,1.0,2025-05-15 12:22:00,1,4.0,7.0,8.5,17.5,23.0,0.4336283185840708,0.30434782608695654,18.216666666666665,2.1134492223238794,513913.0,0.951048372142717,7.0,8.5,17.5,0.30434782608695654,0.4336283185840708,0.3595578985507246
2025-05-16,2025-05-16 10:07:00,2025-05-16 10:09:00,2025-05-16 10:52:00,long,5722.0,5713.0,5713.0,5726.0,-9.0,-90.0,limit_touch,stop_loss,1.0,2025-05-16 10:07:00,1,7.5,13.0,11.5,39.5,28.0,0.7203791469194313,0.4642857142857143,18.915,2.352630187681734,259876.0,1.1716735401326983,13.0,11.5,39.5,0.4642857142857143,0.7203791469194313,0.6874566666666666
2025-05-16,2025-05-16 13:49:00,2025-05-16 14:11:00,2025-05-16 14:21:00,short,5698.5,5695.0,5706.5,5695.0,3.5,35.0,better_open,take_profit,-1.0,2025-05-16 13:49:00,2,-1.0,-5.5,-5.5,-4.5,13.5,-0.6767676767676768,-0.4074074074074074,18.915,2.4319323288395456,609603.0,0.951661277692645,5.5,5.5,4.5,0.4074074074074074,0.6767676767676768,0.3155357971014493
2025-05-19,2025-05-19 12:24:00,2025-05-19 14:19:00,2025-05-19 15:58:00,short,5664.5,5661.0,5672.0,5661.0,3.5,35.0,limit_touch,take_profit,-1.0,2025-05-19 12:24:00,1,-1.5,-9.5,-20.0,-25.0,25.5,-0.5884244372990354,-0.37254901960784315,18.64090909090909,3.1382589612289684,612624.0,1.131753852010538,9.5,20.0,25.0,0.37254901960784315,0.5884244372990354,0.5491406521739131
2025-05-20,2025-05-20 10:28:00,2025-05-20 10:29:00,2025-05-20 10:29:00,long,5675.0,5678.0,5668.0,5678.0,3.0,30.0,limit_touch,take_profit,1.0,2025-05-20 10:28:00,1,11.0,17.0,11.0,16.0,25.0,0.8014184397163121,0.68,18.55,1.2668463611859837,322715.0,1.1567189300662033,17.0,11.0,16.0,0.68,0.8014184397163121,0.6168494927536233
2025-05-20,2025-05-20 10:30:00,2025-05-20 10:34:00,2025-05-20 10:37:00,long,5676.5,5679.5,5669.5,5679.5,3.0,30.0,limit_touch,take_profit,1.0,2025-05-20 10:30:00,2,9.0,15.0,11.0,15.5,29.0,0.621301775147929,0.5172413793103449,18.55,1.3746630727762803,331057.0,1.1676203726313175,15.0,11.0,15.5,0.5172413793103449,0.621301775147929,0.5555732608695652
2025-05-20,2025-05-20 10:40:00,2025-05-20 10:52:00,2025-05-20 11:16:00,long,5678.0,5681.5,5671.0,5681.5,3.5,35.0,limit_touch,take_profit,1.0,2025-05-20 10:40:00,3,4.0,12.0,13.5,18.5,35.0,0.42021276595744683,0.34285714285714286,18.55,1.4555256064690025,361130.0,1.1508363770478152,12.0,13.5,18.5,0.34285714285714286,0.42021276595744683,0.4704936956521739
2025-05-20,2025-05-20 11:21:00,2025-05-20 11:27:00,2025-05-20 11:29:00,long,5679.5,5682.5,5672.5,5682.5,3.0,30.0,limit_touch,take_profit,1.0,2025-05-20 11:21:00,4,3.5,7.5,2.0,21.0,20.5,0.3399014778325123,0.36585365853658536,18.55,1.5633423180592991,455810.0,1.0940399691860971,7.5,2.0,21.0,0.36585365853658536,0.3399014778325123,0.41921246376811594
2025-05-20,2025-05-20 11:51:00,2025-05-20 11:59:00,2025-05-20 12:24:00,long,5682.5,5686.0,5675.5,5686.0,3.5,35.0,limit_touch,take_profit,1.0,2025-05-20 11:51:00,5,9.0,5.5,4.5,25.5,26.5,0.5903614457831325,0.20754716981132076,18.55,1.778975741239892,504803.0,1.056325296036474,5.5,4.5,25.5,0.20754716981132076,0.5903614457831325,0.36909992753623194
2025-05-21,2025-05-21 11:56:00,2025-05-21 12:05:00,2025-05-21 12:31:00,short,5666.0,5672.5,5672.5,5663.0,-6.5,-65.0,limit_touch,stop_loss,-1.0,2025-05-21 11:56:00,1,-1.0,-9.0,-15.0,-24.0,20.0,-0.6947368421052632,-0.45,18.06923076923077,1.853980417198808,423495.0,0.8624718878704065,9.0,15.0,24.0,0.45,0.6947368421052632,0.44020014492753623
2025-05-22,2025-05-22 10:07:00,2025-05-22 10:20:00,2025-05-22 10:21:00,short,5663.5,5660.0,5670.5,5660.0,3.5,35.0,limit_touch,take_profit,-1.0,2025-05-22 10:07:00,1,-5.5,-16.0,-32.5,-4.5,31.0,-0.7312775330396476,-0.5161290322580645,17.603571428571428,2.0734428890241428,272880.0,1.212405384499297,16.0,32.5,4.5,0.5161290322580645,0.7312775330396476,0.5548477536231884
2025-05-22,2025-05-22 10:29:00,2025-05-22 10:50:00,2025-05-22 10:52:00,short,5659.0,5655.5,5666.5,5655.5,3.5,35.0,limit_touch,take_profit,-1.0,2025-05-22 10:29:00,2,-7.5,-4.5,-13.5,-6.5,25.5,-0.19272727272727272,-0.17647058823529413,17.603571428571428,2.4142828159870158,328438.0,1.1567861455313269,4.5,13.5,6.5,0.17647058823529413,0.19272727272727272,0.28778282608695654
2025-05-22,2025-05-22 11:11:00,2025-05-22 11:28:00,2025-05-22 11:40:00,short,5656.5,5653.0,5664.0,5653.0,3.5,35.0,limit_touch,take_profit,-1.0,2025-05-22 11:11:00,3,-5.5,-6.0,-6.0,-13.0,21.0,-0.6990291262135923,-0.2857142857142857,17.603571428571428,2.613106106715358,433299.0,1.0922040740003367,6.0,6.0,13.0,0.2857142857142857,0.6990291262135923,0.3726981884057971
2025-05-22,2025-05-22 12:26:00,2025-05-22 14:13:00,2025-05-22 14:17:00,short,5641.0,5637.5,5649.0,5637.5,3.5,35.0,limit_touch,take_profit,-1.0,2025-05-22 12:26:00,4,-8.0,-14.0,-24.0,-34.0,19.0,-0.9222222222222223,-0.7368421052631579,17.603571428571428,3.777642523838507,576027.0,1.0474478928190993,14.0,24.0,34.0,0.7368421052631579,0.9222222222222223,0.7497285507246376
2025-05-23,2025-05-23 10:26:00,2025-05-23 10:28:00,2025-05-23 10:38:00,long,5737.0,5720.0,5720.0,5745.0,-17.0,-170.0,limit_touch,stop_loss,1.0,2025-05-23 10:26:00,1,8.5,28.5,43.5,10.5,44.5,0.8020989505247377,0.6404494382022472,20.01,3.12343828085957,386150.0,1.3897959976946506,28.5,43.5,10.5,0.6404494382022472,0.8020989505247377,0.727244347826087
2025-05-26,2025-05-26 10:16:00,2025-05-26 10:24:00,2025-05-26 10:45:00,long,5665.5,5657.0,5657.0,5669.5,-8.5,-85.0,limit_touch,stop_loss,1.0,2025-05-26 10:16:00,1,5.0,11.0,12.5,21.5,26.0,0.5098039215686274,0.4230769230769231,20.671875,1.4996220710506425,197747.0,0.7792761035840151,11.0,12.5,21.5,0.4230769230769231,0.5098039215686274,0.4065289855072464
2025-05-26,2025-05-26 11:48:00,2025-05-26 12:07:00,2025-05-26 12:09:00,long,5669.0,5673.0,5660.5,5673.0,4.0,40.0,limit_touch,take_profit,1.0,2025-05-26 11:48:00,2,7.5,13.0,9.0,26.0,20.0,0.7264150943396226,0.65,20.671875,1.7414965986394557,344573.0,0.7203833843772643,13.0,9.0,26.0,0.65,0.7264150943396226,0.5367905797101449
2025-05-26,2025-05-26 12:56:00,2025-05-26 13:42:00,2025-05-26 14:10:00,long,5672.5,5676.0,5664.5,5676.0,3.5,35.0,limit_touch,take_profit,1.0,2025-05-26 12:56:00,3,-1.0,1.0,4.5,29.0,9.0,0.25,0.1111111111111111,20.671875,1.9591836734693877,397653.0,0.6714947088141551,1.0,4.5,29.0,0.1111111111111111,0.25,0.22654840579710142
2025-05-27,2025-05-27 10:49:00,2025-05-27 10:54:00,2025-05-27 10:57:00,long,5670.0,5663.0,5663.0,5673.0,-7.0,-70.0,limit_touch,stop_loss,1.0,2025-05-27 10:49:00,1,7.5,4.0,7.5,9.5,19.0,0.4943820224719101,0.21052631578947367,20.23235294117647,1.4086349760139556,317584.0,0.9172291372206086,4.0,7.5,9.5,0.21052631578947367,0.4943820224719101,0.18287326086956524
2025-05-28,2025-05-28 10:18:00,2025-05-28 10:34:00,2025-05-28 10:48:00,long,5679.5,5682.5,5673.0,5682.5,3.0,30.0,limit_touch,take_profit,1.0,2025-05-28 10:18:00,1,7.0,7.5,27.5,34.0,19.5,0.5393939393939394,0.38461538461538464,19.724999999999998,2.1799746514575413,221236.0,0.8483039429873002,7.5,27.5,34.0,0.38461538461538464,0.5393939393939394,0.4545141304347826
2025-05-28,2025-05-28 13:14:00,2025-05-28 14:13:00,2025-05-28 14:27:00,long,5702.5,5695.5,5695.5,5706.0,-7.0,-70.0,limit_touch,stop_loss,1.0,2025-05-28 13:14:00,2,4.0,7.5,13.0,65.5,20.5,0.3114754098360656,0.36585365853658536,19.724999999999998,3.751584283903676,585410.0,0.9633702043879332,7.5,13.0,65.5,0.36585365853658536,0.3114754098360656,0.5895364492753623
2025-05-29,2025-05-29 10:14:00,2025-05-29 10:27:00,2025-05-29 10:30:00,short,5672.5,5679.5,5679.5,5669.0,-7.0,-70.0,limit_touch,stop_loss,-1.0,2025-05-29 10:14:00,1,-0.5,-4.0,-22.5,-36.5,17.0,-0.07017543859649122,-0.23529411764705882,19.855263157894736,2.2664015904572565,235786.0,0.9509223546767852,4.0,22.5,36.5,0.23529411764705882,0.07017543859649122,0.392571231884058
2025-05-29,2025-05-29 12:02:00,2025-05-29 14:09:00,2025-05-29 14:11:00,short,5660.5,5657.0,5668.0,5657.0,3.5,35.0,limit_touch,take_profit,-1.0,2025-05-29 12:02:00,2,-1.5,-4.0,-16.0,-53.5,14.0,-0.14893617021276595,-0.2857142857142857,19.855263157894736,3.072233267064281,489340.0,0.9632605426462211,4.0,16.0,53.5,0.2857142857142857,0.14893617021276595,0.48281340579710147
2025-05-30,2025-05-30 10:13:00,2025-05-30 10:14:00,2025-05-30 10:16:00,long,5721.5,5725.5,5713.0,5725.5,4.0,40.0,limit_touch,take_profit,1.0,2025-05-30 10:13:00,1,7.5,23.5,16.5,21.5,31.5,0.8985200845665962,0.746031746031746,19.7775,1.7191252686133232,251371.0,1.0227533956359929,23.5,16.5,21.5,0.746031746031746,0.8985200845665962,0.6884928985507247
2025-05-30,2025-05-30 11:55:00,2025-05-30 12:05:00,2025-05-30 12:13:00,long,5757.0,5747.5,5747.5,5761.5,-9.5,-95.0,limit_touch,stop_loss,1.0,2025-05-30 11:55:00,2,3.0,17.5,18.5,67.5,22.5,0.8201058201058201,0.7777777777777778,19.7775,4.120844393881937,483595.0,0.9824965428908905,17.5,18.5,67.5,0.7777777777777778,0.8201058201058201,0.8447873188405797
2025-06-02,2025-06-02 10:25:00,2025-06-02 10:32:00,2025-06-02 10:53:00,short,5712.5,5721.5,5721.5,5708.5,-9.0,-90.0,limit_touch,stop_loss,-1.0,2025-06-02 10:25:00,1,-5.5,-14.5,-19.5,-34.5,32.5,-0.6484560570071259,-0.4461538461538462,20.0,2.175,287499.0,1.0312519448134212,14.5,19.5,34.5,0.4461538461538462,0.6484560570071259,0.6388303623188407
2025-06-04,2025-06-04 10:58:00,2025-06-04 11:00:00,2025-06-04 11:01:00,long,5664.5,5668.0,5657.0,5668.0,3.5,35.0,limit_touch,take_profit,1.0,2025-06-04 10:58:00,1,5.0,5.0,3.5,-1.5,21.0,0.32,0.23809523809523808,20.0,1.525,342722.0,0.9282272106680506,5.0,3.5,-1.5,0.23809523809523808,0.32,0.18487239130434785
2025-06-04,2025-06-04 11:05:00,2025-06-04 11:07:00,2025-06-04 11:08:00,long,5666.5,5658.5,5658.5,5670.0,-8.0,-80.0,limit_touch,stop_loss,1.0,2025-06-04 11:05:00,2,-0.5,4.0,5.0,-1.5,25.0,0.09448818897637795,0.16,20.0,1.65,359659.0,0.9292104389157493,4.0,5.0,-1.5,0.16,0.09448818897637795,0.15717333333333333
2025-06-04,2025-06-04 12:25:00,2025-06-04 12:36:00,2025-06-04 12:50:00,long,5668.0,5671.5,5660.0,5671.5,3.5,35.0,limit_touch,take_profit,1.0,2025-06-04 12:25:00,3,2.0,11.5,14.5,5.0,19.5,0.8407960199004975,0.5897435897435898,20.0,1.75,519474.0,0.9429402159897993,11.5,14.5,5.0,0.5897435897435898,0.8407960199004975,0.44167681159420297
2025-06-04,2025-06-04 13:44:00,2025-06-04 14:06:00,2025-06-04 14:16:00,long,5669.5,5673.0,5662.0,5673.0,3.5,35.0,limit_touch,take_profit,1.0,2025-06-04 13:44:00,4,5.0,2.0,7.0,7.5,21.0,-0.3177570093457944,0.09523809523809523,20.0,1.85,592324.0,0.9178382847795944,2.0,7.0,7.5,0.09523809523809523,-0.3177570093457944,0.14975782608695654
2025-06-05,2025-06-05 10:42:00,2025-06-05 10:54:00,2025-06-05 10:55:00,short,5631.5,5628.0,5638.5,5628.0,3.5,35.0,limit_touch,take_profit,-1.0,2025-06-05 10:42:00,1,-2.5,-6.0,-8.5,-44.5,33.0,-0.39344262295081966,-0.18181818181818182,20.0,2.475,359466.0,1.091801114248684,6.0,8.5,44.5,0.18181818181818182,0.39344262295081966,0.4933115217391304
2025-06-06,2025-06-06 10:23:00,2025-06-06 10:31:00,2025-06-06 10:37:00,long,5620.0,5623.5,5612.0,5623.5,3.5,35.0,limit_touch,take_profit,1.0,2025-06-06 10:23:00,1,8.5,7.0,23.5,4.5,33.0,0.08181818181818182,0.21212121212121213,20.0,1.9,328114.0,1.187926819444457,7.0,23.5,4.5,0.21212121212121213,0.08181818181818182,0.314536231884058
2025-06-06,2025-06-06 10:46:00,2025-06-06 10:56:00,2025-06-06 11:26:00,long,5623.5,5615.5,5615.5,5627.0,-8.0,-80.0,limit_touch,stop_loss,1.0,2025-06-06 10:46:00,2,3.5,8.5,14.0,7.5,38.5,0.16460176991150444,0.22077922077922077,20.0,2.125,386229.0,1.131676319360941,8.5,14.0,7.5,0.22077922077922077,0.16460176991150444,0.352260652173913
2025-06-06,2025-06-06 12:15:00,2025-06-06 12:34:00,2025-06-06 13:04:00,long,5632.0,5623.5,5623.5,5636.0,-8.5,-85.0,limit_touch,stop_loss,1.0,2025-06-06 12:15:00,3,1.5,4.5,18.0,18.5,26.5,-0.12386706948640483,0.16981132075471697,20.0,2.7,576083.0,1.0749048826023753,4.5,18.0,18.5,0.16981132075471697,-0.12386706948640483,0.3474030434782609
2025-06-09,2025-06-09 10:29:00,2025-06-09 10:37:00,2025-06-09 10:50:00,long,5613.0,5604.5,5604.5,5617.0,-8.5,-85.0,limit_touch,stop_loss,1.0,2025-06-09 10:29:00,1,7.5,18.5,26.5,27.0,30.5,0.8706697459584296,0.6065573770491803,17.61,2.6689381033503694,274948.0,0.9376929028573325,18.5,26.5,27.0,0.6065573770491803,0.8706697459584296,0.6858917391304348
2025-06-10,2025-06-10 10:32:00,2025-06-10 10:36:00,2025-06-10 10:45:00,short,5574.5,5581.0,5581.0,5571.5,-6.5,-65.0,limit_touch,stop_loss,-1.0,2025-06-10 10:32:00,1,-3.5,-0.5,-3.5,-10.0,18.5,-0.3442622950819672,-0.02702702702702703,17.025,1.6446402349486051,273872.0,0.9043897271429194,0.5,3.5,10.0,0.02702702702702703,0.3442622950819672,0.12942804347826087
2025-06-10,2025-06-10 11:18:00,2025-06-10 11:20:00,2025-06-10 11:29:00,short,5570.0,5567.0,5577.0,5567.0,3.0,30.0,limit_touch,take_profit,-1.0,2025-06-10 11:18:00,2,-0.5,-11.0,-18.0,-18.0,19.0,-0.6829268292682927,-0.5789473684210527,17.025,1.997063142437592,384117.0,0.9099381529230933,11.0,18.0,18.0,0.5789473684210527,0.6829268292682927,0.49986304347826094
2025-06-10,2025-06-10 13:32:00,2025-06-10 13:43:00,2025-06-10 13:59:00,long,5589.0,5582.0,5582.0,5592.0,-7.0,-70.0,limit_touch,stop_loss,1.0,2025-06-10 13:32:00,3,3.5,5.0,7.5,12.0,10.0,0.8484848484848485,0.5,17.025,2.143906020558003,564259.0,0.8881110699554364,5.0,7.5,12.0,0.5,0.8484848484848485,0.3458068115942029
2025-06-11,2025-06-11 11:05:00,2025-06-11 11:37:00,2025-06-11 11:44:00,short,5564.5,5561.0,5572.5,5561.0,3.5,35.0,limit_touch,take_profit,-1.0,2025-06-11 11:05:00,1,-5.5,-19.5,-28.5,-36.0,21.5,-0.9808612440191388,-0.9069767441860465,16.285714285714285,3.0701754385964914,418052.0,1.0684588644027273,19.5,28.5,36.0,0.9069767441860465,0.9808612440191388,0.8178853623188405
2025-06-12,2025-06-12 13:47:00,2025-06-12 14:03:00,2025-06-12 14:16:00,long,5571.0,5574.0,5564.5,5574.0,3.0,30.0,limit_touch,take_profit,1.0,2025-06-12 13:47:00,1,3.5,9.0,12.0,29.0,18.0,0.7323943661971831,0.5,16.48125,2.1236253318164584,546048.0,0.8366692672808155,9.0,12.0,29.0,0.5,0.7323943661971831,0.4958353623188405
2025-06-13,2025-06-13 10:07:00,2025-06-13 10:11:00,2025-06-13 10:14:00,long,5603.0,5606.0,5596.5,5606.0,3.0,30.0,limit_touch,take_profit,1.0,2025-06-13 10:07:00,1,3.0,15.5,23.5,22.0,29.5,0.6345679012345679,0.5254237288135594,15.816666666666666,2.2760800842992626,215585.0,0.9203011819749005,15.5,23.5,22.0,0.5254237288135594,0.6345679012345679,0.582469420289855
2025-06-13,2025-06-13 11:41:00,2025-06-13 12:03:00,2025-06-13 12:07:00,short,5575.5,5572.0,5583.0,5572.0,3.5,35.0,limit_touch,take_profit,-1.0,2025-06-13 11:41:00,2,-2.0,-4.0,-18.5,-21.5,16.0,-0.07407407407407407,-0.25,15.816666666666666,3.066385669125395,458235.0,0.9721780375617762,4.0,18.5,21.5,0.25,0.07407407407407407,0.3577634057971014
2025-06-13,2025-06-13 12:48:00,2025-06-13 13:06:00,2025-06-13 13:16:00,short,5569.0,5565.5,5576.0,5565.5,3.5,35.0,limit_touch,take_profit,-1.0,2025-06-13 12:48:00,3,-2.0,-1.0,-4.0,-27.5,14.0,-0.1702127659574468,-0.07142857142857142,15.816666666666666,3.6354056902002108,558430.0,0.9539779617987999,1.0,4.0,27.5,0.07142857142857142,0.1702127659574468,0.324373115942029
2025-06-16,2025-06-16 11:07:00,2025-06-16 11:15:00,2025-06-16 11:16:00,short,5525.5,5522.0,5533.0,5522.0,3.5,35.0,limit_touch,take_profit,-1.0,2025-06-16 11:07:00,1,-2.0,-6.0,-11.0,-24.5,17.0,-0.46,-0.35294117647058826,16.139999999999997,2.3234200743494426,353608.0,0.8884412910666057,6.0,11.0,24.5,0.35294117647058826,0.46,0.38700833333333334
2025-06-16,2025-06-16 11:38:00,2025-06-16 12:04:00,2025-06-16 12:13:00,short,5523.0,5530.5,5530.5,5519.5,-7.5,-75.0,limit_touch,stop_loss,-1.0,2025-06-16 11:38:00,2,-3.0,-6.0,-3.0,-29.0,22.0,-0.22,-0.2727272727272727,16.139999999999997,2.5402726146220576,406011.0,0.8715412048043802,6.0,3.0,29.0,0.2727272727272727,0.22,0.3925673188405797
2025-06-17,2025-06-17 11:06:00,2025-06-17 11:16:00,2025-06-17 11:19:00,short,5490.0,5487.0,5496.5,5487.0,3.0,30.0,limit_touch,take_profit,-1.0,2025-06-17 11:06:00,1,-3.5,-6.0,-3.0,-25.5,21.0,-0.16,-0.2857142857142857,16.186363636363634,2.471215950575681,367113.0,0.9247438173329127,6.0,3.0,25.5,0.2857142857142857,0.16,0.3898613768115942
2025-06-18,2025-06-18 10:16:00,2025-06-18 10:26:00,2025-06-18 10:32:00,short,5497.0,5493.5,5504.5,5493.5,3.5,35.0,limit_touch,take_profit,-1.0,2025-06-18 10:16:00,1,-0.5,-20.0,-24.5,-12.5,27.0,-0.8581081081081081,-0.7407407407407407,15.862499999999999,2.3010244286840034,261428.0,0.9971100002078679,20.0,24.5,12.5,0.7407407407407407,0.8581081081081081,0.6408473913043478
2025-06-20,2025-06-20 12:30:00,2025-06-20 12:52:00,2025-06-20 13:49:00,long,5514.0,5517.5,5507.0,5517.5,3.5,35.0,limit_touch,take_profit,1.0,2025-06-20 12:30:00,1,6.5,5.0,9.5,40.5,17.0,0.6585365853658537,0.29411764705882354,15.484615384615383,2.906110283159464,448838.0,0.7917307595403152,5.0,9.5,40.5,0.29411764705882354,0.6585365853658537,0.41984246376811596
2025-06-23,2025-06-23 10:00:00,2025-06-23 10:01:00,2025-06-23 10:04:00,short,5534.0,5531.0,5541.0,5531.0,3.0,30.0,limit_touch,take_profit,-1.0,2025-06-23 10:00:00,1,-5.0,-9.5,-14.0,-15.5,30.5,-0.24250681198910082,-0.3114754098360656,15.62142857142857,1.568358481938729,201750.0,0.9653666634846649,9.5,14.0,15.5,0.3114754098360656,0.24250681198910082,0.36411623188405795
2025-06-23,2025-06-23 10:13:00,2025-06-23 10:29:00,2025-06-23 10:50:00,short,5528.0,5535.5,5535.5,5524.5,-7.5,-75.0,limit_touch,stop_loss,-1.0,2025-06-23 10:13:00,2,-4.5,-12.0,-20.5,-22.0,26.0,-0.6453900709219859,-0.46153846153846156,15.62142857142857,2.0804755372656607,245716.0,0.9693632259822399,12.0,20.5,22.0,0.46153846153846156,0.6453900709219859,0.5274533333333333
2025-06-23,2025-06-23 11:16:00,2025-06-23 11:39:00,2025-06-23 11:46:00,short,5526.5,5523.0,5534.0,5523.0,3.5,35.0,limit_touch,take_profit,-1.0,2025-06-23 11:16:00,3,-5.0,-14.0,-4.5,-22.0,23.0,-0.7973856209150327,-0.6086956521739131,15.62142857142857,2.240512117055327,399003.0,0.9499940615897075,14.0,4.5,22.0,0.6086956521739131,0.7973856209150327,0.5997651449275362
2025-06-23,2025-06-23 12:15:00,2025-06-23 12:42:00,2025-06-23 12:57:00,short,5517.0,5524.5,5524.5,5513.5,-7.5,-75.0,limit_touch,stop_loss,-1.0,2025-06-23 12:15:00,4,-3.5,-14.5,-18.5,-38.0,18.5,-0.9289940828402367,-0.7837837837837838,15.62142857142857,3.0406950160036583,518982.0,0.9584282561097764,14.5,18.5,38.0,0.7837837837837838,0.9289940828402367,0.7407723188405797
2025-06-24,2025-06-24 10:16:00,2025-06-24 10:24:00,2025-06-24 10:31:00,long,5505.5,5508.5,5499.0,5508.5,3.0,30.0,limit_touch,take_profit,1.0,2025-06-24 10:16:00,1,7.5,4.0,11.5,27.5,26.0,0.2542372881355932,0.15384615384615385,15.61,1.985906470211403,231845.0,0.8841227614181632,4.0,11.5,27.5,0.15384615384615385,0.2542372881355932,0.2974403623188406
2025-06-24,2025-06-24 13:47:00,2025-06-24 14:23:00,2025-06-24 14:56:00,long,5507.5,5510.5,5500.5,5510.5,3.0,30.0,limit_touch,take_profit,1.0,2025-06-24 13:47:00,2,4.0,2.5,4.0,31.0,12.5,0.3972602739726027,0.2,15.61,2.1780909673286355,595981.0,0.9095796595631894,2.5,4.0,31.0,0.2,0.3972602739726027,0.3246051449275362
2025-06-25,2025-06-25 11:28:00,2025-06-25 11:44:00,2025-06-25 11:56:00,long,5547.5,5551.0,5540.0,5551.0,3.5,35.0,limit_touch,take_profit,1.0,2025-06-25 11:28:00,1,2.0,2.0,8.5,33.5,17.0,0.1095890410958904,0.11764705882352941,15.534374999999999,2.7680547173606924,407592.0,0.912198295570134,2.0,8.5,33.5,0.11764705882352941,0.1095890410958904,0.33315217391304347
2025-06-25,2025-06-25 12:26:00,2025-06-25 12:32:00,2025-06-25 13:02:00,long,5563.0,5555.0,5555.0,5566.5,-8.0,-80.0,limit_touch,stop_loss,1.0,2025-06-25 12:26:00,2,4.5,12.0,23.5,54.0,22.0,0.7087378640776699,0.5454545454545454,15.534374999999999,4.1198953932810305,524680.0,0.9338976843189214,12.0,23.5,54.0,0.5454545454545454,0.7087378640776699,0.7073104347826086
2025-06-27,2025-06-27 11:26:00,2025-06-27 11:37:00,2025-06-27 12:03:00,long,5495.5,5486.0,5486.0,5500.0,-9.5,-95.0,limit_touch,stop_loss,1.0,2025-06-27 11:26:00,1,3.5,12.5,15.5,15.5,25.5,0.615686274509804,0.49019607843137253,17.466666666666665,2.604961832061069,430883.0,0.9712587143985487,12.5,15.5,15.5,0.49019607843137253,0.615686274509804,0.5301855072463768
2025-06-30,2025-06-30 10:07:00,2025-06-30 10:09:00,2025-06-30 10:16:00,short,5517.5,5513.0,5527.0,5513.0,4.5,45.0,limit_touch,take_profit,-1.0,2025-06-30 10:07:00,1,-6.5,-18.0,-34.0,-16.0,27.0,-0.7862068965517242,-0.6666666666666666,17.26578947368421,2.316720012193263,209401.0,0.8854194231651085,18.0,34.0,16.0,0.6666666666666666,0.7862068965517242,0.603264347826087
2025-06-30,2025-06-30 10:24:00,2025-06-30 10:29:00,2025-06-30 10:37:00,short,5515.5,5525.0,5525.0,5511.0,-9.5,-95.0,limit_touch,stop_loss,-1.0,2025-06-30 10:24:00,2,-5.0,-8.0,-17.5,-18.0,24.0,-0.5384615384615384,-0.3333333333333333,17.26578947368421,2.461515012955342,247639.0,0.8649718852730525,8.0,17.5,18.0,0.3333333333333333,0.5384615384615384,0.3773353623188406
2025-07-01,2025-07-01 10:06:00,2025-07-01 10:08:00,2025-07-01 10:13:00,long,5475.5,5478.5,5469.0,5478.5,3.0,30.0,limit_touch,take_profit,1.0,2025-07-01 10:06:00,1,0.5,3.5,4.5,11.5,18.5,0.43448275862068964,0.1891891891891892,17.639999999999997,1.360544217687075,206873.0,0.8860763559990465,3.5,4.5,11.5,0.1891891891891892,0.43448275862068964,0.17414739130434784
2025-07-01,2025-07-01 10:46:00,2025-07-01 10:50:00,2025-07-01 10:51:00,long,5485.5,5488.5,5479.0,5488.5,3.0,30.0,limit_touch,take_profit,1.0,2025-07-01 10:46:00,2,6.0,9.5,14.5,24.5,22.5,0.4918918918918919,0.4222222222222222,17.639999999999997,2.097505668934241,308827.0,0.8888509186076481,9.5,14.5,24.5,0.4222222222222222,0.4918918918918919,0.46080260869565215
2025-07-01,2025-07-01 11:30:00,2025-07-01 11:49:00,2025-07-01 11:52:00,long,5488.5,5491.5,5481.5,5491.5,3.0,30.0,limit_touch,take_profit,1.0,2025-07-01 11:30:00,3,2.5,3.0,10.5,28.5,18.0,0.21428571428571427,0.16666666666666666,17.639999999999997,2.352607709750567,402216.0,0.8905978791682563,3.0,10.5,28.5,0.16666666666666666,0.21428571428571427,0.3127538405797101
2025-07-01,2025-07-01 12:30:00,2025-07-01 13:28:00,2025-07-01 14:11:00,long,5496.0,5499.0,5489.0,5499.0,3.0,30.0,limit_touch,take_profit,1.0,2025-07-01 12:30:00,4,1.5,5.5,16.0,39.5,16.5,0.5575221238938053,0.3333333333333333,17.639999999999997,2.9195011337868486,501390.0,0.8799515777126319,5.5,16.0,39.5,0.3333333333333333,0.5575221238938053,0.461918115942029
2025-07-03,2025-07-03 10:16:00,2025-07-03 10:16:00,2025-07-03 10:16:00,short,5464.0,5461.0,5470.5,5461.0,3.0,30.0,limit_touch,take_profit,-1.0,2025-07-03 10:16:00,1,-7.0,-6.0,-9.5,-2.0,26.0,-0.40939597315436244,-0.23076923076923078,17.639999999999997,1.4172335600907031,208992.0,0.79380479377694,6.0,9.5,2.0,0.23076923076923078,0.40939597315436244,0.164813115942029
2025-07-03,2025-07-03 10:17:00,2025-07-03 10:19:00,2025-07-03 10:22:00,short,5463.0,5460.0,5469.5,5460.0,3.0,30.0,limit_touch,take_profit,-1.0,2025-07-03 10:17:00,2,-9.5,-11.0,-14.5,-7.0,31.0,-0.5577889447236181,-0.3548387096774194,17.639999999999997,1.4739229024943312,219031.0,0.8230585097371764,11.0,14.5,7.0,0.3548387096774194,0.5577889447236181,0.30224840579710144
2025-07-03,2025-07-03 10:48:00,2025-07-03 10:59:00,2025-07-03 11:00:00,short,5450.5,5447.5,5457.0,5447.5,3.0,30.0,limit_touch,take_profit,-1.0,2025-07-03 10:48:00,3,-4.0,-10.5,-18.0,-22.0,26.5,-0.4103585657370518,-0.39622641509433965,17.639999999999997,2.409297052154195,315637.0,0.8997427510571665,10.5,18.0,22.0,0.39622641509433965,0.4103585657370518,0.4678006521739131
2025-07-04,2025-07-04 10:22:00,2025-07-04 10:25:00,2025-07-04 10:30:00,short,5446.5,5444.0,5452.0,5444.0,2.5,25.0,limit_touch,take_profit,-1.0,2025-07-04 10:22:00,1,-2.0,-5.0,-8.0,-11.0,15.0,-0.5,-0.3333333333333333,17.639999999999997,1.0204081632653064,146616.0,0.5287159200711561,5.0,8.0,11.0,0.3333333333333333,0.5,0.1774064492753623
2025-07-04,2025-07-04 10:52:00,2025-07-04 10:58:00,2025-07-04 11:02:00,short,5443.0,5440.5,5448.5,5440.5,2.5,25.0,limit_touch,take_profit,-1.0,2025-07-04 10:52:00,2,-3.5,-10.0,-6.0,-17.0,16.0,-0.7446808510638298,-0.625,17.639999999999997,1.2755102040816328,194437.0,0.5431153076392713,10.0,6.0,17.0,0.625,0.7446808510638298,0.40522434782608696
2025-07-07,2025-07-07 10:20:00,2025-07-07 10:20:00,2025-07-07 10:20:00,long,5486.0,5488.5,5480.5,5488.5,2.5,25.0,limit_touch,take_profit,1.0,2025-07-07 10:20:00,1,6.5,7.0,7.5,12.0,27.0,0.25153374233128833,0.25925925925925924,17.639999999999997,1.1621315192743766,215277.0,0.8031319897995445,7.0,7.5,12.0,0.25925925925925924,0.25153374233128833,0.22372963768115942
2025-07-07,2025-07-07 11:49:00,2025-07-07 11:52:00,2025-07-07 11:55:00,long,5494.0,5488.0,5488.0,5497.0,-6.0,-60.0,limit_touch,stop_loss,1.0,2025-07-07 11:49:00,2,14.5,15.0,17.5,25.5,22.0,0.924,0.6818181818181818,17.639999999999997,1.785714285714286,406941.0,0.8600653596497949,15.0,17.5,25.5,0.6818181818181818,0.924,0.5939479710144928
2025-07-07,2025-07-07 12:19:00,2025-07-07 13:14:00,2025-07-07 13:20:00,long,5495.5,5498.5,5489.0,5498.5,3.0,30.0,limit_touch,take_profit,1.0,2025-07-07 12:19:00,3,10.5,9.5,3.0,28.5,20.5,0.6684491978609626,0.4634146341463415,17.639999999999997,1.8707482993197282,486122.0,0.9135471635199535,9.5,3.0,28.5,0.4634146341463415,0.6684491978609626,0.49268130434782614
2025-07-08,2025-07-08 10:05:00,2025-07-08 10:14:00,2025-07-08 10:25:00,short,5487.5,5494.0,5494.0,5484.5,-6.5,-65.0,limit_touch,stop_loss,-1.0,2025-07-08 10:05:00,1,-4.5,-7.5,-4.5,-25.5,27.5,-0.4220532319391635,-0.2727272727272727,14.58,2.1262002743484225,201238.0,0.9018413224807157,7.5,4.5,25.5,0.2727272727272727,0.4220532319391635,0.39069434782608703
2025-07-09,2025-07-09 10:18:00,2025-07-09 10:24:00,2025-07-09 10:31:00,short,5486.5,5483.5,5493.0,5483.5,3.0,30.0,limit_touch,take_profit,-1.0,2025-07-09 10:18:00,1,-6.5,-16.5,-20.5,-6.0,19.5,-0.9401197604790419,-0.8461538461538461,14.325,1.8848167539267016,184094.0,0.7101799702018163,16.5,20.5,6.0,0.8461538461538461,0.9401197604790419,0.49558144927536224
2025-07-09,2025-07-09 14:14:00,2025-07-09 14:31:00,2025-07-09 14:32:00,short,5485.0,5491.0,5491.0,5482.5,-6.0,-60.0,limit_touch,stop_loss,-1.0,2025-07-09 14:14:00,2,-2.0,-4.0,-6.5,-9.0,11.0,-0.5517241379310345,-0.36363636363636365,14.325,1.9895287958115184,430991.0,0.663420286220265,4.0,6.5,9.0,0.36363636363636365,0.5517241379310345,0.20661014492753624
2025-07-09,2025-07-09 14:37:00,2025-07-09 14:42:00,2025-07-09 14:42:00,long,5509.5,5512.5,5502.5,5512.5,3.0,30.0,limit_touch,take_profit,1.0,2025-07-09 14:37:00,3,22.5,30.0,31.5,23.5,34.0,0.9900744416873449,0.8823529411764706,14.325,2.931937172774869,472512.0,0.7019762916314295,30.0,31.5,23.5,0.8823529411764706,0.9900744416873449,0.6973277536231883
2025-07-10,2025-07-10 10:04:00,2025-07-10 10:06:00,2025-07-10 10:14:00,short,5587.5,5579.5,5605.5,5579.5,8.0,80.0,limit_touch,take_profit,-1.0,2025-07-10 10:04:00,1,-29.0,-59.5,-34.5,-66.5,64.5,-0.9763369616658779,-0.9224806201550387,19.135714285714286,4.912280701754386,335383.0,1.5558674733299478,59.5,34.5,66.5,0.9224806201550387,0.9763369616658779,0.9827428985507246
2025-07-10,2025-07-10 10:44:00,2025-07-10 11:00:00,2025-07-10 11:11:00,short,5579.5,5571.0,5598.0,5571.0,8.5,85.0,limit_touch,take_profit,-1.0,2025-07-10 10:44:00,2,-7.5,-26.0,-23.0,-82.5,45.0,-0.7917620137299771,-0.5777777777777777,19.135714285714286,5.487122060470325,511319.0,1.5704529122736177,26.0,23.0,82.5,0.5777777777777777,0.7917620137299771,0.927575652173913
2025-07-11,2025-07-11 10:36:00,2025-07-11 10:43:00,2025-07-11 10:47:00,long,5600.5,5605.5,5590.0,5605.5,5.0,50.0,limit_touch,take_profit,1.0,2025-07-11 10:36:00,1,10.0,10.0,20.5,28.0,24.0,0.6363636363636364,0.4166666666666667,20.68125,1.5231187669990935,266876.0,0.874233045934448,10.0,20.5,28.0,0.4166666666666667,0.6363636363636364,0.4492713043478261
2025-07-11,2025-07-11 10:51:00,2025-07-11 10:51:00,2025-07-11 10:51:00,long,5604.5,5609.5,5594.0,5609.5,5.0,50.0,limit_touch,take_profit,1.0,2025-07-11 10:51:00,2,0.5,-3.5,6.5,24.5,21.5,-0.027624309392265192,-0.16279069767441862,20.68125,1.7648836506497432,299938.0,0.875574550368861,-3.5,6.5,24.5,-0.16279069767441862,-0.027624309392265192,0.1987410144927536
2025-07-11,2025-07-11 10:54:00,2025-07-11 11:00:00,2025-07-11 11:01:00,long,5608.5,5613.5,5598.0,5613.5,5.0,50.0,limit_touch,take_profit,1.0,2025-07-11 10:54:00,3,10.5,11.0,21.5,36.5,32.0,0.7011070110701108,0.34375,20.68125,2.030825022665458,317682.0,0.909051845073947,11.0,21.5,36.5,0.34375,0.7011070110701108,0.5117457246376812
2025-07-14,2025-07-14 10:01:00,2025-07-14 10:01:00,2025-07-14 10:01:00,short,5577.5,5574.0,5585.5,5574.0,3.5,35.0,limit_touch,take_profit,-1.0,2025-07-14 10:01:00,1,-8.5,-18.5,-4.5,-15.5,31.5,-0.5166994106090373,-0.5873015873015873,20.099999999999998,1.4676616915422886,191698.0,0.9372294956093086,18.5,4.5,15.5,0.5873015873015873,0.5166994106090373,0.5546605072463768
2025-07-14,2025-07-14 10:04:00,2025-07-14 10:08:00,2025-07-14 10:15:00,short,5576.5,5572.5,5584.5,5572.5,4.0,40.0,limit_touch,take_profit,-1.0,2025-07-14 10:04:00,2,-11.5,-20.5,-10.0,-21.0,35.5,-0.5427574171029669,-0.5774647887323944,20.099999999999998,1.5422885572139304,206485.0,0.9579610880259309,20.5,10.0,21.0,0.5774647887323944,0.5427574171029669,0.6069559420289855
2025-07-14,2025-07-14 12:47:00,2025-07-14 13:04:00,2025-07-14 13:08:00,long,5593.0,5596.5,5585.5,5596.5,3.5,35.0,limit_touch,take_profit,1.0,2025-07-14 12:47:00,3,1.5,-0.5,1.0,6.5,17.5,-0.05982905982905983,-0.02857142857142857,20.099999999999998,1.6169154228855722,478076.0,0.8673568354708758,-0.5,1.0,6.5,-0.02857142857142857,-0.05982905982905983,0.09340086956521738
2025-07-15,2025-07-15 10:14:00,2025-07-15 10:19:00,2025-07-15 10:29:00,short,5573.0,5569.0,5581.5,5569.0,4.0,40.0,limit_touch,take_profit,-1.0,2025-07-15 10:14:00,1,-8.0,-7.5,-30.0,-37.0,27.5,-0.43175487465181056,-0.2727272727272727,19.679999999999996,3.3790650406504072,298765.0,1.2185618334189625,7.5,30.0,37.0,0.2727272727272727,0.43175487465181056,0.5611235507246376
2025-07-15,2025-07-15 13:29:00,2025-07-15 14:07:00,2025-07-15 14:08:00,long,5609.5,5600.0,5600.0,5614.0,-9.5,-95.0,limit_touch,stop_loss,1.0,2025-07-15 13:29:00,2,16.0,22.0,35.5,25.5,38.0,0.7209302325581395,0.5789473684210527,19.679999999999996,3.5823170731707323,689748.0,1.160795997863355,22.0,35.5,25.5,0.5789473684210527,0.7209302325581395,0.7648616666666666
2025-07-16,2025-07-16 10:11:00,2025-07-16 10:14:00,2025-07-16 10:28:00,long,5597.5,5601.5,5589.0,5601.5,4.0,40.0,limit_touch,take_profit,1.0,2025-07-16 10:11:00,1,9.0,12.0,17.5,19.0,31.0,0.5679611650485437,0.3870967741935484,19.813636363636363,1.4131681578343658,227972.0,0.9579684540342079,12.0,17.5,19.0,0.3870967741935484,0.5679611650485437,0.4363159420289855
2025-07-16,2025-07-16 10:48:00,2025-07-16 10:57:00,2025-07-16 11:15:00,long,5604.5,5596.0,5596.0,5608.5,-8.5,-85.0,limit_touch,stop_loss,1.0,2025-07-16 10:48:00,2,4.5,11.0,13.0,24.0,20.0,0.8023255813953488,0.55,19.813636363636363,1.867400779995412,316309.0,0.9470584536709074,11.0,13.0,24.0,0.55,0.8023255813953488,0.5355350724637682
2025-07-16,2025-07-16 12:18:00,2025-07-16 12:24:00,2025-07-16 12:25:00,short,5581.5,5577.5,5590.5,5577.5,4.0,40.0,limit_touch,take_profit,-1.0,2025-07-16 12:18:00,3,-8.0,-20.0,-26.5,-13.0,41.0,-0.7486187845303868,-0.4878048780487805,19.813636363636363,2.1449873824271624,533711.0,1.0410744868858919,20.0,26.5,13.0,0.4878048780487805,0.7486187845303868,0.589677536231884
2025-07-17,2025-07-17 10:05:00,2025-07-17 10:05:00,2025-07-17 10:05:00,short,5604.5,5600.5,5613.5,5600.5,4.0,40.0,limit_touch,take_profit,-1.0,2025-07-17 10:05:00,1,-2.5,1.5,-22.0,1.5,20.5,0.424390243902439,0.07317073170731707,19.5,1.6666666666666667,222128.0,1.0132692188972556,-1.5,22.0,-1.5,-0.07317073170731707,-0.424390243902439,0.12393601449275363
2025-07-17,2025-07-17 10:44:00,2025-07-17 10:51:00,2025-07-17 10:56:00,short,5603.5,5599.5,5612.5,5599.5,4.0,40.0,limit_touch,take_profit,-1.0,2025-07-17 10:44:00,2,-4.5,-12.0,-4.5,-3.5,25.0,-0.5681818181818182,-0.48,19.5,1.7435897435897436,307444.0,0.9480101343012302,12.0,4.5,3.5,0.48,0.5681818181818182,0.4100478260869565
2025-07-17,2025-07-17 11:48:00,2025-07-17 13:04:00,2025-07-17 13:11:00,short,5589.0,5585.0,5598.0,5585.0,4.0,40.0,limit_touch,take_profit,-1.0,2025-07-17 11:48:00,3,-2.5,-11.5,-22.0,-24.5,20.5,-0.8034682080924855,-0.5609756097560976,19.5,2.7435897435897436,436286.0,0.9557140228461608,11.5,22.0,24.5,0.5609756097560976,0.8034682080924855,0.5901704347826087
2025-07-18,2025-07-18 10:17:00,2025-07-18 10:31:00,2025-07-18 10:38:00,short,5556.0,5552.5,5563.5,5552.5,3.5,35.0,limit_touch,take_profit,-1.0,2025-07-18 10:17:00,1,-8.5,-25.5,-29.0,-32.5,44.5,-0.6460431654676259,-0.5730337078651685,19.673076923076923,1.9824046920821115,249140.0,0.9790952257285298,25.5,29.0,32.5,0.5730337078651685,0.6460431654676259,0.7208863768115943
2025-07-18,2025-07-18 11:05:00,2025-07-18 11:17:00,2025-07-18 11:27:00,short,5551.0,5559.0,5559.0,5547.5,-8.0,-80.0,limit_touch,stop_loss,-1.0,2025-07-18 11:05:00,2,-2.0,-10.5,-11.0,-38.0,21.5,-0.6157635467980296,-0.4883720930232558,19.673076923076923,2.312805474095797,342840.0,0.914380895936276,10.5,11.0,38.0,0.4883720930232558,0.6157635467980296,0.583143768115942
2025-07-21,2025-07-21 10:11:00,2025-07-21 10:30:00,2025-07-21 10:37:00,short,5584.0,5580.5,5591.5,5580.5,3.5,35.0,limit_touch,take_profit,-1.0,2025-07-21 10:11:00,1,-5.0,-9.0,-14.5,-38.0,30.0,-0.3640776699029126,-0.3,19.885714285714286,2.841235632183908,220429.0,0.9261585192152609,9.0,14.5,38.0,0.3,0.3640776699029126,0.5128823188405797
2025-07-21,2025-07-21 12:54:00,2025-07-21 14:38:00,2025-07-21 14:53:00,short,5580.5,5577.0,5588.0,5577.0,3.5,35.0,limit_touch,take_profit,-1.0,2025-07-21 12:54:00,2,-3.0,-0.5,-1.0,-42.0,12.5,-0.24210526315789474,-0.04,19.885714285714286,3.092672413793103,479801.0,0.8660306242326584,0.5,1.0,42.0,0.04,0.24210526315789474,0.3433917391304348
2025-07-22,2025-07-22 11:07:00,2025-07-22 11:16:00,2025-07-22 11:19:00,long,5596.0,5599.0,5589.0,5599.0,3.0,30.0,limit_touch,take_profit,1.0,2025-07-22 11:07:00,1,3.5,15.0,19.5,14.5,25.0,0.7162162162162162,0.6,19.79,1.5411824153612936,347777.0,0.9229993855110477,15.0,19.5,14.5,0.6,0.7162162162162162,0.5181158695652174
2025-07-22,2025-07-22 13:16:00,2025-07-22 13:25:00,2025-07-22 13:28:00,short,5574.0,5571.0,5580.5,5571.0,3.0,30.0,limit_touch,take_profit,-1.0,2025-07-22 13:16:00,2,-1.0,-4.5,-7.5,-19.5,14.5,-0.4606741573033708,-0.3103448275862069,19.79,1.9959575543203638,543253.0,0.9401411037429236,4.5,7.5,19.5,0.3103448275862069,0.4606741573033708,0.31791456521739125
2025-07-23,2025-07-23 10:02:00,2025-07-23 10:07:00,2025-07-23 10:10:00,short,5572.5,5570.0,5578.5,5570.0,2.5,25.0,limit_touch,take_profit,-1.0,2025-07-23 10:02:00,1,-6.0,-8.5,-8.5,-4.5,28.5,-0.6314363143631436,-0.2982456140350877,19.29375,1.1143505021056042,170062.0,0.8201450645267077,8.5,8.5,4.5,0.2982456140350877,0.6314363143631436,0.22517108695652174
2025-07-23,2025-07-23 10:11:00,2025-07-23 10:12:00,2025-07-23 10:32:00,short,5571.5,5569.0,5577.5,5569.0,2.5,25.0,limit_touch,take_profit,-1.0,2025-07-23 10:11:00,2,-2.5,-10.5,-12.5,-6.5,24.5,-0.5911111111111111,-0.42857142857142855,19.29375,1.1661807580174928,195059.0,0.8216023068107429,10.5,12.5,6.5,0.42857142857142855,0.5911111111111111,0.3110986956521739
2025-07-23,2025-07-23 10:33:00,2025-07-23 10:39:00,2025-07-23 10:43:00,short,5571.0,5577.0,5577.0,5568.5,-6.0,-60.0,limit_touch,stop_loss,-1.0,2025-07-23 10:33:00,3,-4.5,-5.5,2.0,-5.0,20.5,-0.5085714285714286,-0.2682926829268293,19.29375,1.2180110139293814,235492.0,0.7995971206508546,5.5,-2.0,5.0,0.2682926829268293,0.5085714285714286,0.16877804347826086
2025-07-23,2025-07-23 12:32:00,2025-07-23 12:40:00,2025-07-23 12:44:00,short,5567.5,5564.5,5573.5,5564.5,3.0,30.0,limit_touch,take_profit,-1.0,2025-07-23 12:32:00,4,-1.0,-6.0,-5.0,-12.5,15.0,-0.6909090909090909,-0.4,19.29375,1.4512471655328798,416036.0,0.7881630925752905,6.0,5.0,12.5,0.4,0.6909090909090909,0.26327333333333336
2025-07-24,2025-07-24 10:03:00,2025-07-24 10:04:00,2025-07-24 10:05:00,short,5532.0,5529.0,5538.0,5529.0,3.0,30.0,limit_touch,take_profit,-1.0,2025-07-24 10:03:00,1,-11.0,-8.0,-12.0,-3.0,30.0,-0.4536082474226804,-0.26666666666666666,19.358823529411765,1.1880887268307505,157413.0,0.7479795765537114,8.0,12.0,3.0,0.26666666666666666,0.4536082474226804,0.19474855072463765
2025-07-25,2025-07-25 10:13:00,2025-07-25 10:16:00,2025-07-25 10:18:00,long,5547.5,5541.0,5541.0,5550.5,-6.5,-65.0,limit_touch,stop_loss,1.0,2025-07-25 10:13:00,1,7.0,14.0,8.0,11.0,22.0,0.7777777777777778,0.6363636363636364,18.741666666666667,1.3606047132058692,180913.0,0.7503513001007033,14.0,8.0,11.0,0.6363636363636364,0.7777777777777778,0.44227615942028986
2025-07-25,2025-07-25 12:37:00,2025-07-25 12:37:00,2025-07-25 12:37:00,long,5566.5,5570.0,5559.0,5570.0,3.5,35.0,limit_touch,take_profit,1.0,2025-07-25 12:37:00,2,6.5,14.5,14.0,26.5,17.5,0.9224806201550387,0.8285714285714286,18.741666666666667,2.694530902623388,402229.0,0.7606366812560417,14.5,14.0,26.5,0.8285714285714286,0.9224806201550387,0.6308117391304349
2025-07-25,2025-07-25 12:41:00,2025-07-25 12:49:00,2025-07-25 12:57:00,long,5568.0,5571.5,5560.5,5571.5,3.5,35.0,limit_touch,take_profit,1.0,2025-07-25 12:41:00,3,12.5,21.0,26.5,35.5,28.0,0.8917525773195877,0.75,18.741666666666667,2.8012449977767897,425056.0,0.7977263727374925,21.0,26.5,35.5,0.75,0.8917525773195877,0.7280801449275363
2025-07-28,2025-07-28 10:04:00,2025-07-28 10:05:00,2025-07-28 10:16:00,short,5580.0,5577.0,5586.5,5577.0,3.0,30.0,limit_touch,take_profit,-1.0,2025-07-28 10:04:00,1,-1.5,-7.5,-12.0,-15.5,11.5,-0.7538461538461538,-0.6521739130434783,18.58421052631579,1.3721325403568394,157714.0,0.7442805910551423,7.5,12.0,15.5,0.6521739130434783,0.7538461538461538,0.3788384782608695
2025-07-28,2025-07-28 10:47:00,2025-07-28 10:52:00,2025-07-28 10:53:00,long,5602.0,5605.5,5595.0,5605.5,3.5,35.0,limit_touch,take_profit,1.0,2025-07-28 10:47:00,2,5.0,17.0,31.5,17.5,24.0,0.8015873015873016,0.7083333333333334,18.58421052631579,2.044746530727839,272376.0,0.8387943516819684,17.0,31.5,17.5,0.7083333333333334,0.8015873015873016,0.5830284782608697
2025-07-29,2025-07-29 10:06:00,2025-07-29 10:11:00,2025-07-29 10:12:00,short,5590.5,5588.0,5596.5,5588.0,2.5,25.0,limit_touch,take_profit,-1.0,2025-07-29 10:06:00,1,-7.5,-10.5,-5.5,-16.5,22.5,-0.5486381322957199,-0.4666666666666667,18.224999999999998,1.234567901234568,169453.0,0.7774396468389804,10.5,5.5,16.5,0.4666666666666667,0.5486381322957199,0.37700289855072466
2025-07-29,2025-07-29 11:20:00,2025-07-29 11:26:00,2025-07-29 11:31:00,short,5581.5,5578.5,5588.0,5578.5,3.0,30.0,limit_touch,take_profit,-1.0,2025-07-29 11:20:00,2,-2.0,-12.5,-24.5,-29.0,29.5,-0.5276967930029155,-0.423728813559322,18.224999999999998,1.8930041152263377,345899.0,0.8728024116230332,12.5,24.5,29.0,0.423728813559322,0.5276967930029155,0.5133170289855072
2025-07-29,2025-07-29 13:15:00,2025-07-29 13:57:00,2025-07-29 14:02:00,short,5573.5,5570.0,5581.0,5570.0,3.5,35.0,limit_touch,take_profit,-1.0,2025-07-29 13:15:00,3,0.5,-8.0,-22.5,-39.0,21.0,-0.6451612903225806,-0.38095238095238093,18.224999999999998,2.496570644718793,534711.0,0.9423893039927557,8.0,22.5,39.0,0.38095238095238093,0.6451612903225806,0.5247404347826087
2025-07-30,2025-07-30 10:26:00,2025-07-30 10:34:00,2025-07-30 10:45:00,long,5596.5,5599.5,5590.0,5599.5,3.0,30.0,limit_touch,take_profit,1.0,2025-07-30 10:26:00,1,5.0,4.5,15.5,19.0,12.5,0.4782608695652174,0.36,18.007142857142856,1.193970646568822,209529.0,0.7713067938674321,4.5,15.5,19.0,0.36,0.4782608695652174,0.2442036956521739
2025-07-30,2025-07-30 10:52:00,2025-07-30 10:56:00,2025-07-30 11:04:00,long,5599.5,5593.0,5593.0,5602.5,-6.5,-65.0,limit_touch,stop_loss,1.0,2025-07-30 10:52:00,2,3.5,12.5,10.0,24.0,19.5,0.6994818652849741,0.6410256410256411,18.007142857142856,1.3883379611265372,266444.0,0.7960428306281275,12.5,10.0,24.0,0.6410256410256411,0.6994818652849741,0.5121022463768117
2025-07-30,2025-07-30 11:25:00,2025-07-30 11:32:00,2025-07-30 11:36:00,long,5607.0,5610.0,5600.5,5610.0,3.0,30.0,limit_touch,take_profit,1.0,2025-07-30 11:25:00,3,10.0,17.0,12.0,33.5,25.0,0.8275862068965517,0.68,18.007142857142856,1.9714399047996827,342717.0,0.8448992753505283,17.0,12.0,33.5,0.68,0.8275862068965517,0.6601713043478261
2025-07-30,2025-07-30 13:08:00,2025-07-30 13:43:00,2025-07-30 13:44:00,long,5619.0,5612.0,5612.0,5622.0,-7.0,-70.0,limit_touch,stop_loss,1.0,2025-07-30 13:08:00,4,3.0,9.5,11.5,44.5,28.5,0.37995337995337997,0.3333333333333333,18.007142857142856,2.8599761999206668,498046.0,0.8872881171739242,9.5,11.5,44.5,0.3333333333333333,0.37995337995337997,0.5419371014492753
2025-07-31,2025-07-31 10:22:00,2025-07-31 10:34:00,2025-07-31 10:35:00,long,5652.5,5658.0,5640.5,5658.0,5.5,55.0,limit_touch,take_profit,1.0,2025-07-31 10:22:00,1,3.5,7.0,21.0,53.5,24.0,0.4391891891891892,0.2916666666666667,18.49772727272727,3.3517631158618997,234442.0,0.9012800959142881,7.0,21.0,53.5,0.2916666666666667,0.4391891891891892,0.5184779710144928
2025-08-01,2025-08-01 10:31:00,2025-08-01 10:46:00,2025-08-01 10:58:00,short,5593.5,5589.0,5603.5,5589.0,4.5,45.0,limit_touch,take_profit,-1.0,2025-08-01 10:31:00,1,-4.0,-5.0,-7.0,-88.5,36.0,0.050473186119873815,-0.1388888888888889,18.502173913043478,5.485841851721302,381005.0,1.3520964317188435,5.0,7.0,88.5,0.1388888888888889,-0.050473186119873815,0.5709548550724638
2025-08-04,2025-08-04 10:02:00,2025-08-04 10:07:00,2025-08-04 10:11:00,short,5559.5,5556.0,5567.5,5556.0,3.5,35.0,limit_touch,take_profit,-1.0,2025-08-04 10:02:00,1,-4.5,-11.0,-12.0,-17.5,21.0,-0.4489795918367347,-0.5238095238095238,18.502173913043478,1.7025026436376454,158915.0,0.7885301932493995,11.0,12.0,17.5,0.5238095238095238,0.4489795918367347,0.4346866666666667
2025-08-04,2025-08-04 11:36:00,2025-08-04 11:55:00,2025-08-04 12:58:00,short,5546.5,5554.5,5554.5,5543.0,-8.0,-80.0,limit_touch,stop_loss,-1.0,2025-08-04 11:36:00,2,-6.0,-4.0,-2.5,-35.0,13.0,-0.41025641025641024,-0.3076923076923077,18.502173913043478,2.6483374456585596,340670.0,0.8035423448126856,4.0,2.5,35.0,0.3076923076923077,0.41025641025641024,0.3785844927536232
2025-08-05,2025-08-05 10:52:00,2025-08-05 10:55:00,2025-08-05 10:58:00,short,5544.5,5541.0,5551.5,5541.0,3.5,35.0,limit_touch,take_profit,-1.0,2025-08-05 10:52:00,1,-4.0,-1.5,-8.0,-33.0,22.5,-0.08875739644970414,-0.06666666666666667,18.502173913043478,2.053812712959699,305489.0,0.9185465894785795,1.5,8.0,33.0,0.06666666666666667,0.08875739644970414,0.2958926811594203
2025-08-06,2025-08-06 10:53:00,2025-08-06 10:56:00,2025-08-06 10:58:00,short,5507.0,5504.0,5513.0,5504.0,3.0,30.0,limit_touch,take_profit,-1.0,2025-08-06 10:53:00,1,-8.5,-17.0,-19.0,-41.5,21.0,-0.974025974025974,-0.8095238095238095,18.502173913043478,2.7834567030901187,290050.0,0.868395407079995,17.0,19.0,41.5,0.8095238095238095,0.974025974025974,0.747670579710145
2025-08-07,2025-08-07 10:04:00,2025-08-07 10:09:00,2025-08-07 10:24:00,short,5489.5,5495.0,5495.0,5487.0,-5.5,-55.0,limit_touch,stop_loss,-1.0,2025-08-07 10:04:00,1,-6.0,-2.0,-7.0,-10.5,23.0,-0.26811594202898553,-0.08695652173913043,18.502173913043478,1.0809540594524734,184345.0,0.8952193456150301,2.0,7.0,10.5,0.08695652173913043,0.26811594202898553,0.12229514492753624
2025-08-07,2025-08-07 10:32:00,2025-08-07 10:36:00,2025-08-07 10:39:00,short,5489.0,5494.5,5494.5,5486.5,-5.5,-55.0,limit_touch,stop_loss,-1.0,2025-08-07 10:32:00,2,-7.0,-6.5,-10.0,-12.5,21.5,-0.4660633484162896,-0.3023255813953488,18.502173913043478,1.107977910938785,243274.0,0.859512054946815,6.5,10.0,12.5,0.3023255813953488,0.4660633484162896,0.24037463768115944
2025-08-07,2025-08-07 11:12:00,2025-08-07 11:15:00,2025-08-07 11:18:00,long,5501.5,5504.0,5495.5,5504.0,2.5,25.0,limit_touch,take_profit,1.0,2025-08-07 11:12:00,3,7.5,9.0,12.5,6.5,24.0,0.528,0.375,18.502173913043478,1.2430971683703442,336068.0,0.8928693436316072,9.0,12.5,6.5,0.375,0.528,0.287188115942029
2025-08-07,2025-08-07 11:25:00,2025-08-07 11:36:00,2025-08-07 11:45:00,long,5502.0,5505.0,5496.0,5505.0,3.0,30.0,limit_touch,take_profit,1.0,2025-08-07 11:25:00,4,6.0,4.0,11.0,8.0,17.0,0.4788732394366197,0.23529411764705882,18.502173913043478,1.2971448713429679,364772.0,0.9113842327419597,4.0,11.0,8.0,0.23529411764705882,0.4788732394366197,0.17229884057971012
2025-08-07,2025-08-07 12:04:00,2025-08-07 12:17:00,2025-08-07 12:26:00,long,5503.0,5505.5,5497.0,5505.5,2.5,25.0,limit_touch,take_profit,1.0,2025-08-07 12:04:00,5,1.5,3.0,0.0,7.0,14.0,0.2894736842105263,0.21428571428571427,18.502173913043478,1.3511925743155917,419458.0,0.8899311866152263,3.0,0.0,7.0,0.21428571428571427,0.2894736842105263,0.14803231884057974
2025-08-08,2025-08-08 10:06:00,2025-08-08 10:08:00,2025-08-08 10:11:00,long,5463.5,5457.5,5457.5,5466.5,-6.0,-60.0,limit_touch,stop_loss,1.0,2025-08-08 10:06:00,1,6.0,5.0,16.0,8.0,21.0,0.12,0.23809523809523808,18.48,1.1363636363636362,165982.0,0.7850143737846131,5.0,16.0,8.0,0.23809523809523808,0.12,0.1542242028985507
2025-08-08,2025-08-08 10:37:00,2025-08-08 10:42:00,2025-08-08 10:56:00,short,5451.0,5457.5,5457.5,5448.0,-6.5,-65.0,limit_touch,stop_loss,-1.0,2025-08-08 10:37:00,2,-4.0,-5.5,-18.5,-7.0,18.5,-0.5172413793103449,-0.2972972972972973,18.48,1.2716450216450217,237010.0,0.8056426598682813,5.5,18.5,7.0,0.2972972972972973,0.5172413793103449,0.1844869565217391
2025-08-11,2025-08-11 11:48:00,2025-08-11 11:53:00,2025-08-11 12:08:00,long,5481.0,5484.0,5475.0,5484.0,3.0,30.0,limit_touch,take_profit,1.0,2025-08-11 11:48:00,1,4.0,7.5,6.0,14.5,16.5,0.5267175572519084,0.45454545454545453,16.825,1.3372956909361071,286691.0,0.6562566240049591,7.5,6.0,14.5,0.45454545454545453,0.5267175572519084,0.3023373913043479
2025-08-11,2025-08-11 12:17:00,2025-08-11 12:24:00,2025-08-11 12:34:00,long,5481.5,5475.5,5475.5,5484.5,-6.0,-60.0,limit_touch,stop_loss,1.0,2025-08-11 12:17:00,2,1.5,8.5,6.0,17.0,13.5,0.6949152542372882,0.6296296296296297,16.825,1.3967310549777119,322453.0,0.6618668906280869,8.5,6.0,17.0,0.6296296296296297,0.6949152542372882,0.38975528985507246
2025-08-11,2025-08-11 13:18:00,2025-08-11 13:30:00,2025-08-11 13:32:00,short,5468.5,5474.5,5474.5,5465.5,-6.0,-60.0,limit_touch,stop_loss,-1.0,2025-08-11 13:18:00,3,-3.0,-3.0,-9.5,-4.5,12.0,-0.14705882352941177,-0.25,16.825,1.5156017830609214,379570.0,0.681131853305693,3.0,9.5,4.5,0.25,0.14705882352941177,0.11851333333333333
2025-08-12,2025-08-12 10:01:00,2025-08-12 10:14:00,2025-08-12 10:15:00,short,5440.5,5438.0,5446.5,5438.0,2.5,25.0,limit_touch,take_profit,-1.0,2025-08-12 10:01:00,1,-6.0,-7.5,-23.0,-37.0,31.5,-0.43202416918429004,-0.23809523809523808,15.514285714285714,2.578268876611418,199941.0,1.0434879273267579,7.5,23.0,37.0,0.23809523809523808,0.43202416918429004,0.4994200000000001
2025-08-13,2025-08-13 10:40:00,2025-08-13 10:47:00,2025-08-13 11:00:00,long,5422.0,5416.0,5416.0,5425.0,-6.0,-60.0,limit_touch,stop_loss,1.0,2025-08-13 10:40:00,1,4.0,3.0,14.0,12.5,11.0,0.5714285714285714,0.2727272727272727,15.7875,1.520190023752969,239747.0,0.8058643682765014,3.0,14.0,12.5,0.2727272727272727,0.5714285714285714,0.18062028985507245
2025-08-13,2025-08-13 12:44:00,2025-08-13 12:47:00,2025-08-13 12:53:00,long,5423.0,5426.0,5417.0,5426.0,3.0,30.0,limit_touch,take_profit,1.0,2025-08-13 12:44:00,2,8.5,11.5,10.0,13.5,16.5,0.9227467811158798,0.696969696969697,15.7875,1.6152019002375297,395626.0,0.7703389161385619,11.5,10.0,13.5,0.696969696969697,0.9227467811158798,0.45281094202898553
2025-08-13,2025-08-13 12:56:00,2025-08-13 13:05:00,2025-08-13 13:18:00,long,5427.5,5421.0,5421.0,5430.5,-6.5,-65.0,limit_touch,stop_loss,1.0,2025-08-13 12:56:00,3,8.0,12.0,16.5,18.0,25.0,0.7570621468926554,0.48,15.7875,1.9635787806809184,417777.0,0.793756879415017,12.0,16.5,18.0,0.48,0.7570621468926554,0.4524915942028986
2025-08-14,2025-08-14 11:06:00,2025-08-14 11:11:00,2025-08-14 11:15:00,long,5439.5,5434.0,5434.0,5442.0,-5.5,-55.0,limit_touch,stop_loss,1.0,2025-08-14 11:06:00,1,2.5,0.0,10.0,20.5,23.0,-0.27884615384615385,0.0,15.066666666666666,1.9579646017699115,304893.0,0.8606356834784593,0.0,10.0,20.5,0.0,-0.27884615384615385,0.19656434782608695
2025-08-14,2025-08-14 13:57:00,2025-08-14 14:05:00,2025-08-14 14:06:00,long,5440.5,5443.5,5434.0,5443.5,3.0,30.0,limit_touch,take_profit,1.0,2025-08-14 13:57:00,2,8.0,10.5,8.5,20.5,14.5,0.8991596638655462,0.7241379310344828,15.066666666666666,2.024336283185841,528614.0,0.9084771598059974,10.5,8.5,20.5,0.7241379310344828,0.8991596638655462,0.5384078260869566
2025-08-15,2025-08-15 10:08:00,2025-08-15 10:18:00,2025-08-15 10:55:00,short,5411.5,5417.0,5417.0,5409.0,-5.5,-55.0,limit_touch,stop_loss,-1.0,2025-08-15 10:08:00,1,0.0,-4.0,-7.0,-19.5,19.0,-0.4507042253521127,-0.21052631578947367,14.7,1.6326530612244898,157249.0,0.7383630196023129,4.0,7.0,19.5,0.21052631578947367,0.4507042253521127,0.21388992753623187
2025-08-18,2025-08-18 11:47:00,2025-08-18 11:47:00,2025-08-18 11:47:00,long,5435.0,5437.5,5430.0,5437.5,2.5,25.0,limit_touch,take_profit,1.0,2025-08-18 11:47:00,1,5.0,4.0,7.5,13.0,11.0,0.5925925925925926,0.36363636363636365,14.018181818181818,1.248378728923476,263787.0,0.6222831028325538,4.0,7.5,13.0,0.36363636363636365,0.5925925925925926,0.18982847826086957
2025-08-18,2025-08-18 11:48:00,2025-08-18 11:51:00,2025-08-18 11:53:00,long,5436.5,5431.5,5431.5,5439.0,-5.0,-50.0,limit_touch,stop_loss,1.0,2025-08-18 11:48:00,2,7.5,7.5,10.0,16.0,13.5,0.7752808988764045,0.5555555555555556,14.018181818181818,1.3553826199740597,272373.0,0.6398583151241064,7.5,10.0,16.0,0.5555555555555556,0.7752808988764045,0.34723188405797095
2025-08-18,2025-08-18 14:05:00,2025-08-18 14:27:00,2025-08-18 15:01:00,long,5450.0,5452.5,5445.0,5452.5,2.5,25.0,limit_touch,take_profit,1.0,2025-08-18 14:05:00,3,0.5,9.0,11.0,31.5,23.0,0.49122807017543857,0.391304347826087,14.018181818181818,2.6394293125810635,409541.0,0.7008266188201452,9.0,11.0,31.5,0.391304347826087,0.49122807017543857,0.461326231884058
2025-08-19,2025-08-19 10:26:00,2025-08-19 10:49:00,2025-08-19 10:58:00,long,5491.5,5494.0,5485.5,5494.0,2.5,25.0,limit_touch,take_profit_gap_open,1.0,2025-08-19 10:26:00,1,5.0,13.0,24.5,51.5,27.0,0.6167664670658682,0.48148148148148145,13.799999999999999,4.384057971014493,248365.0,0.9742532467426335,13.0,24.5,51.5,0.48148148148148145,0.6167664670658682,0.710412536231884
2025-08-20,2025-08-20 10:03:00,2025-08-20 10:16:00,2025-08-20 10:17:00,short,5491.5,5488.5,5498.0,5488.5,3.0,30.0,limit_touch,take_profit,-1.0,2025-08-20 10:03:00,1,-2.5,-9.5,-5.0,-27.0,24.5,-0.6382252559726962,-0.3877551020408163,14.561538461538461,2.5752773375594296,195382.0,1.016961944474349,9.5,5.0,27.0,0.3877551020408163,0.6382252559726962,0.5247679710144928
2025-08-20,2025-08-20 10:45:00,2025-08-20 10:51:00,2025-08-20 11:11:00,short,5489.5,5486.5,5496.0,5486.5,3.0,30.0,limit_touch,take_profit,-1.0,2025-08-20 10:45:00,2,-2.5,-8.0,-7.0,-31.0,21.0,-0.6304347826086957,-0.38095238095238093,14.561538461538461,2.7469624933967247,273040.0,0.9105148390508957,8.0,7.0,31.0,0.38095238095238093,0.6304347826086957,0.48546760869565214
2025-08-20,2025-08-20 12:12:00,2025-08-20 12:48:00,2025-08-20 13:07:00,short,5489.0,5486.0,5496.0,5486.0,3.0,30.0,limit_touch,take_profit_gap_open,-1.0,2025-08-20 12:12:00,3,-4.5,-6.0,-6.5,-32.5,10.0,-0.8181818181818182,-0.6,14.561538461538461,2.781299524564184,397642.0,0.8581473248367162,6.0,6.5,32.5,0.6,0.8181818181818182,0.5242352173913043
2025-08-20,2025-08-20 14:00:00,2025-08-20 14:06:00,2025-08-20 14:06:00,short,5487.5,5493.5,5493.5,5485.0,-6.0,-60.0,limit_touch,stop_loss,-1.0,2025-08-20 14:00:00,4,-4.0,-3.0,-1.5,-32.5,10.0,-0.3125,-0.3,14.561538461538461,2.952984680401479,467738.0,0.811953300768151,3.0,1.5,32.5,0.3,0.3125,0.36328463768115943
2025-08-21,2025-08-21 10:00:00,2025-08-21 10:00:00,2025-08-21 10:00:00,short,5496.5,5493.5,5502.5,5493.5,3.0,30.0,limit_touch,take_profit,-1.0,2025-08-21 10:00:00,1,-11.5,-10.5,-11.5,-8.0,20.5,-0.6328502415458938,-0.5121951219512195,14.442857142857143,1.3155291790306627,140430.0,0.7755477769848663,10.5,11.5,8.0,0.5121951219512195,0.6328502415458938,0.3440886231884058
2025-08-21,2025-08-21 10:02:00,2025-08-21 10:04:00,2025-08-21 10:06:00,short,5496.0,5493.0,5502.0,5493.0,3.0,30.0,limit_touch,take_profit,-1.0,2025-08-21 10:02:00,2,-10.0,-11.5,-15.0,-9.0,19.5,-0.6616915422885572,-0.5897435897435898,14.442857142857143,1.3501483679525221,149577.0,0.7921477752238696,11.5,15.0,9.0,0.5897435897435898,0.6616915422885572,0.3941891304347826
2025-08-21,2025-08-21 10:08:00,2025-08-21 10:09:00,2025-08-21 10:19:00,short,5495.0,5492.0,5501.0,5492.0,3.0,30.0,limit_touch,take_profit,-1.0,2025-08-21 10:08:00,3,0.0,-13.0,-11.5,-11.0,25.0,-0.4307692307692308,-0.52,14.442857142857143,1.4193867457962412,166482.0,0.8000029472764283,13.0,11.5,11.0,0.52,0.4307692307692308,0.40816623188405793
2025-08-21,2025-08-21 10:20:00,2025-08-21 10:24:00,2025-08-21 10:26:00,short,5491.5,5488.5,5498.0,5488.5,3.0,30.0,limit_touch,take_profit,-1.0,2025-08-21 10:20:00,4,-3.0,-6.0,-12.0,-12.5,29.0,-0.1830065359477124,-0.20689655172413793,14.442857142857143,1.7655786350148368,203513.0,0.8479830230892903,6.0,12.0,12.5,0.20689655172413793,0.1830065359477124,0.235416231884058
2025-08-21,2025-08-21 10:37:00,2025-08-21 10:40:00,2025-08-21 10:43:00,short,5487.5,5484.5,5494.0,5484.5,3.0,30.0,limit_touch,take_profit,-1.0,2025-08-21 10:37:00,5,-6.5,-7.5,-12.0,-22.0,23.5,-0.49344978165938863,-0.3191489361702128,14.442857142857143,2.111770524233432,254684.0,0.9052198068281034,7.5,12.0,22.0,0.3191489361702128,0.49344978165938863,0.38284594202898553
2025-08-22,2025-08-22 11:01:00,2025-08-22 11:01:00,2025-08-22 11:01:00,short,5454.5,5451.5,5461.5,5451.5,3.0,30.0,limit_touch,take_profit,-1.0,2025-08-22 11:01:00,1,-33.0,-25.5,-26.0,-33.0,50.5,-0.9557987792043781,-0.504950495049505,14.09,3.229240596167495,253753.0,0.7600307523027412,25.5,26.0,33.0,0.504950495049505,0.9557987792043781,0.6825968840579711
2025-08-22,2025-08-22 11:19:00,2025-08-22 11:23:00,2025-08-22 11:25:00,short,5450.5,5447.0,5457.5,5447.0,3.5,35.0,limit_touch,take_profit,-1.0,2025-08-22 11:19:00,2,-6.0,-8.0,-39.5,-45.5,38.0,-0.39436619718309857,-0.21052631578947367,14.09,3.5841022001419445,349968.0,0.94345496673141,8.0,39.5,45.5,0.21052631578947367,0.39436619718309857,0.5183716666666667
2025-08-25,2025-08-25 10:49:00,2025-08-25 10:52:00,2025-08-25 11:02:00,short,5434.0,5431.5,5439.0,5431.5,2.5,25.0,limit_touch,take_profit,-1.0,2025-08-25 10:49:00,1,-2.5,-5.0,-3.5,-7.0,13.0,-0.6842105263157895,-0.38461538461538464,14.428125,1.143599740090968,167378.0,0.549686980974521,5.0,3.5,7.0,0.38461538461538464,0.6842105263157895,0.17581101449275363
2025-08-25,2025-08-25 11:10:00,2025-08-25 11:10:00,2025-08-25 11:10:00,short,5431.0,5428.5,5436.0,5428.5,2.5,25.0,limit_touch,take_profit,-1.0,2025-08-25 11:10:00,2,-1.5,-3.0,-2.5,-8.0,12.0,-0.19444444444444445,-0.25,14.428125,1.4208360407190816,189234.0,0.5375028078670933,3.0,2.5,8.0,0.25,0.19444444444444445,0.11748949275362319
2025-08-25,2025-08-25 11:51:00,2025-08-25 12:10:00,2025-08-25 12:11:00,short,5419.5,5417.0,5424.5,5417.0,2.5,25.0,limit_touch,take_profit,-1.0,2025-08-25 11:51:00,3,-3.0,-1.5,-7.5,-25.5,14.5,-0.22666666666666666,-0.10344827586206896,14.428125,2.4951267056530213,261784.0,0.6177105707521809,1.5,7.5,25.5,0.10344827586206896,0.22666666666666666,0.231398768115942
2025-08-26,2025-08-26 10:41:00,2025-08-26 10:45:00,2025-08-26 10:47:00,long,5420.5,5422.5,5416.0,5422.5,2.0,20.0,limit_touch,take_profit,1.0,2025-08-26 10:41:00,1,6.0,5.0,8.5,13.0,21.0,0.37662337662337664,0.23809523809523808,14.214705882352941,1.4069935857645355,178139.0,0.6242578850642758,5.0,8.5,13.0,0.23809523809523808,0.37662337662337664,0.17647608695652175
2025-08-26,2025-08-26 11:16:00,2025-08-26 11:26:00,2025-08-26 11:32:00,long,5422.0,5424.0,5417.5,5424.0,2.0,20.0,limit_touch,take_profit,1.0,2025-08-26 11:16:00,2,2.5,1.5,4.0,14.0,15.5,-0.01098901098901099,0.0967741935483871,14.214705882352941,1.547692944340989,228966.0,0.634313974141911,1.5,4.0,14.0,0.0967741935483871,-0.01098901098901099,0.11496065217391303
2025-08-26,2025-08-26 11:54:00,2025-08-26 12:06:00,2025-08-26 12:07:00,long,5431.5,5434.0,5426.5,5434.0,2.5,25.0,limit_touch,take_profit,1.0,2025-08-26 11:54:00,3,2.5,4.5,12.5,26.5,17.5,0.4095238095238095,0.2571428571428571,14.214705882352941,2.4270639354438237,296913.0,0.6980310813589076,4.5,12.5,26.5,0.2571428571428571,0.4095238095238095,0.308975
2025-08-26,2025-08-26 13:33:00,2025-08-26 14:57:00,2025-08-26 15:02:00,long,5443.5,5446.0,5438.5,5446.0,2.5,25.0,limit_touch,take_profit,1.0,2025-08-26 13:33:00,4,4.0,11.0,12.5,45.5,14.0,0.9375,0.7857142857142857,14.214705882352941,3.552658804055452,399584.0,0.7342238001057525,11.0,12.5,45.5,0.7857142857142857,0.9375,0.6704705072463768
2025-08-27,2025-08-27 11:30:00,2025-08-27 11:53:00,2025-08-27 11:55:00,long,5455.0,5449.5,5449.5,5457.5,-5.5,-55.0,better_open,stop_loss,1.0,2025-08-27 11:30:00,1,4.0,11.5,11.0,7.0,16.5,0.900709219858156,0.696969696969697,14.266666666666667,2.102803738317757,316052.0,0.8243545563765527,11.5,11.0,7.0,0.696969696969697,0.900709219858156,0.45326630434782605
2025-08-28,2025-08-28 10:08:00,2025-08-28 10:11:00,2025-08-28 10:19:00,long,5418.0,5420.5,5413.0,5420.5,2.5,25.0,limit_touch,take_profit,1.0,2025-08-28 10:08:00,1,2.5,6.0,10.0,3.0,24.0,0.39344262295081966,0.25,14.194736842105263,1.0919540229885059,149573.0,0.738696240702382,6.0,10.0,3.0,0.25,0.39344262295081966,0.1518632608695652
2025-08-28,2025-08-28 10:38:00,2025-08-28 10:46:00,2025-08-28 10:50:00,long,5427.0,5421.5,5421.5,5429.5,-5.5,-55.0,limit_touch,stop_loss,1.0,2025-08-28 10:38:00,2,0.5,8.5,11.0,14.0,14.5,0.7281553398058253,0.5862068965517241,14.194736842105263,1.9373377827215426,228210.0,0.8285142103141868,8.5,11.0,14.0,0.5862068965517241,0.7281553398058253,0.4145691304347826
2025-08-28,2025-08-28 14:06:00,2025-08-28 14:31:00,2025-08-28 15:21:00,short,5407.5,5405.0,5413.0,5405.0,2.5,25.0,limit_touch,take_profit,-1.0,2025-08-28 14:06:00,3,-2.0,-1.0,-5.0,-12.0,12.0,0.0,-0.08333333333333333,14.194736842105263,2.5009269558769005,486239.0,0.8565584087400705,1.0,5.0,12.0,0.08333333333333333,-0.0,0.18209427536231884
2025-08-29,2025-08-29 10:55:00,2025-08-29 11:02:00,2025-08-29 11:06:00,short,5460.0,5468.0,5468.0,5456.5,-8.0,-80.0,limit_touch,stop_loss,-1.0,2025-08-29 10:55:00,1,1.5,-2.5,-7.0,-3.0,31.5,-0.053164556962025315,-0.07936507936507936,14.0175,2.211521312644908,295263.0,0.9528452972230099,2.5,7.0,3.0,0.07936507936507936,0.053164556962025315,0.17220550724637682
2025-09-01,2025-09-01 10:19:00,2025-09-01 10:25:00,2025-09-01 10:35:00,long,5470.5,5465.0,5465.0,5473.0,-5.5,-55.0,limit_touch,stop_loss,1.0,2025-09-01 10:19:00,1,3.0,9.0,12.5,9.5,15.0,0.7272727272727273,0.6,13.792857142857143,1.5587778353184878,123071.0,0.5379339343644634,9.0,12.5,9.5,0.6,0.7272727272727273,0.3494894927536232
2025-09-01,2025-09-01 12:06:00,2025-09-01 12:28:00,2025-09-01 12:34:00,long,5480.5,5483.0,5475.0,5483.0,2.5,25.0,limit_touch,take_profit,1.0,2025-09-01 12:06:00,2,9.0,12.5,17.0,25.0,18.5,0.8453038674033149,0.6756756756756757,13.792857142857143,2.5012946659761783,249488.0,0.5690893436829698,12.5,17.0,25.0,0.6756756756756757,0.8453038674033149,0.5593401449275363
2025-09-02,2025-09-02 10:04:00,2025-09-02 10:07:00,2025-09-02 10:11:00,long,5529.0,5523.5,5523.5,5531.5,-5.5,-55.0,limit_touch,stop_loss,1.0,2025-09-02 10:04:00,1,1.0,6.0,10.5,31.0,15.0,0.5490196078431373,0.4,13.792857142857143,2.863801139306059,210559.0,1.136147209174979,6.0,10.5,31.0,0.4,0.5490196078431373,0.5280846376811594
2025-09-02,2025-09-02 11:28:00,2025-09-02 12:16:00,2025-09-02 12:18:00,short,5503.5,5500.5,5510.5,5500.5,3.0,30.0,limit_touch,take_profit,-1.0,2025-09-02 11:28:00,2,-3.5,-3.5,-14.5,-12.0,12.5,-0.4647887323943662,-0.28,13.792857142857143,3.4438114966338684,420123.0,1.1368111041865108,3.5,14.5,12.0,0.28,0.4647887323943662,0.3508358695652174
2025-09-02,2025-09-02 13:56:00,2025-09-02 14:59:00,2025-09-02 15:08:00,short,5496.5,5503.0,5503.0,5493.5,-6.5,-65.0,limit_touch,stop_loss,-1.0,2025-09-02 13:56:00,3,1.5,-4.5,-8.5,-18.5,13.5,-0.23076923076923078,-0.3333333333333333,13.792857142857143,4.096323148627654,578977.0,1.0592569886066805,4.5,8.5,18.5,0.3333333333333333,0.23076923076923078,0.4079951449275362
2025-09-03,2025-09-03 11:11:00,2025-09-03 11:50:00,2025-09-03 12:18:00,short,5477.0,5483.5,5483.5,5474.0,-6.5,-65.0,limit_touch,stop_gap_open,-1.0,2025-09-03 11:11:00,1,-2.5,-12.0,-15.5,-27.0,25.0,-0.8142292490118577,-0.48,13.792857142857143,2.2475401346452615,283035.0,0.8331961199253689,12.0,15.5,27.0,0.48,0.8142292490118577,0.526675
2025-09-03,2025-09-03 13:19:00,2025-09-03 13:39:00,2025-09-03 13:42:00,long,5495.5,5498.5,5489.5,5498.5,3.0,30.0,limit_touch,take_profit,1.0,2025-09-03 13:19:00,2,0.5,5.0,16.0,2.0,10.0,0.7916666666666666,0.5,13.792857142857143,2.5375453133091663,438372.0,0.8505176366115611,5.0,16.0,2.0,0.5,0.7916666666666666,0.31121811594202897
2025-09-04,2025-09-04 12:11:00,2025-09-04 12:20:00,2025-09-04 12:41:00,long,5497.0,5499.5,5491.5,5499.5,2.5,25.0,limit_touch,take_profit,1.0,2025-09-04 12:11:00,1,4.0,4.0,5.5,0.5,17.0,0.328125,0.23529411764705882,13.792857142857143,1.5225271879854998,328003.0,0.7479443973795278,4.0,5.5,0.5,0.23529411764705882,0.328125,0.12466855072463767
2025-09-04,2025-09-04 13:38:00,2025-09-04 14:26:00,2025-09-04 14:47:00,long,5500.5,5495.5,5495.5,5503.0,-5.0,-50.0,limit_touch,stop_loss,1.0,2025-09-04 13:38:00,2,2.0,4.0,7.0,6.0,14.0,0.40425531914893614,0.2857142857142857,13.792857142857143,1.8850336613153806,393875.0,0.7438106269002461,4.0,7.0,6.0,0.2857142857142857,0.40425531914893614,0.17350514492753624
2025-09-05,2025-09-05 10:59:00,2025-09-05 11:19:00,2025-09-05 11:20:00,short,5429.5,5426.5,5436.0,5426.5,3.0,30.0,limit_touch,take_profit,-1.0,2025-09-05 10:59:00,1,0.5,-0.5,-11.0,-45.0,17.5,0.14074074074074075,-0.02857142857142857,13.792857142857143,4.16882444329363,341393.0,1.1073113400704264,0.5,11.0,45.0,0.02857142857142857,-0.14074074074074075,0.4327042028985507
2025-09-08,2025-09-08 10:20:00,2025-09-08 10:25:00,2025-09-08 10:26:00,long,5446.0,5448.5,5441.0,5448.5,2.5,25.0,limit_touch,take_profit,1.0,2025-09-08 10:20:00,1,3.0,6.0,7.0,10.0,13.0,0.6428571428571429,0.46153846153846156,12.839999999999998,1.3239875389408102,147623.0,0.655564804763384,6.0,7.0,10.0,0.46153846153846156,0.6428571428571429,0.2502292028985507
2025-09-08,2025-09-08 11:23:00,2025-09-08 12:05:00,2025-09-08 12:08:00,long,5467.0,5461.5,5461.5,5469.5,-5.5,-55.0,limit_touch,stop_loss,1.0,2025-09-08 11:23:00,2,5.0,8.0,12.5,36.0,15.0,0.576271186440678,0.5333333333333333,12.839999999999998,3.5436137071651097,272275.0,0.7626662043004262,8.0,12.5,36.0,0.5333333333333333,0.576271186440678,0.5443629710144928
2025-09-09,2025-09-09 10:06:00,2025-09-09 10:13:00,2025-09-09 10:27:00,long,5462.0,5458.0,5458.0,5464.0,-4.0,-40.0,limit_touch,stop_loss,1.0,2025-09-09 10:06:00,1,3.0,7.5,9.0,15.5,21.5,0.5279503105590062,0.3488372093023256,12.975,1.5414258188824663,136786.0,0.729361437714263,7.5,9.0,15.5,0.3488372093023256,0.5279503105590062,0.2819204347826087
2025-09-09,2025-09-09 10:46:00,2025-09-09 10:46:00,2025-09-09 10:46:00,short,5451.5,5449.5,5456.0,5449.5,2.0,20.0,limit_touch,take_profit,-1.0,2025-09-09 10:46:00,2,3.0,-7.0,-10.0,1.0,19.0,-0.5217391304347826,-0.3684210526315789,12.975,1.579961464354528,216946.0,0.773126467160288,7.0,10.0,-1.0,0.3684210526315789,0.5217391304347826,0.2227964492753623
2025-09-09,2025-09-09 13:23:00,2025-09-09 13:33:00,2025-09-09 13:50:00,long,5461.0,5463.5,5456.0,5463.5,2.5,25.0,limit_touch,take_profit,1.0,2025-09-09 13:23:00,3,5.5,5.5,5.5,11.5,8.5,0.8775510204081632,0.6470588235294118,12.975,2.0423892100192678,424922.0,0.8330992330453036,5.5,5.5,11.5,0.6470588235294118,0.8775510204081632,0.3714201449275362
2025-09-10,2025-09-10 10:38:00,2025-09-10 10:54:00,2025-09-10 11:00:00,short,5439.0,5436.5,5445.0,5436.5,2.5,25.0,limit_touch,take_profit,-1.0,2025-09-10 10:38:00,1,-6.0,-16.0,-20.5,-25.5,18.0,-0.9661016949152542,-0.8888888888888888,12.45,2.771084337349398,255602.0,0.9742258424087685,16.0,20.5,25.5,0.8888888888888888,0.9661016949152542,0.7054525362318841
2025-09-10,2025-09-10 12:08:00,2025-09-10 12:37:00,2025-09-10 13:01:00,short,5434.5,5432.0,5440.5,5432.0,2.5,25.0,limit_touch,take_profit,-1.0,2025-09-10 12:08:00,2,-4.0,-3.5,0.0,-34.0,11.5,-0.2558139534883721,-0.30434782608695654,12.45,3.2931726907630523,399275.0,0.9355251667653226,3.5,-0.0,34.0,0.30434782608695654,0.2558139534883721,0.4194216666666667
2025-09-11,2025-09-11 10:22:00,2025-09-11 10:33:00,2025-09-11 10:33:00,short,5425.0,5422.5,5430.0,5422.5,2.5,25.0,limit_touch,take_profit,-1.0,2025-09-11 10:22:00,1,1.5,-1.5,-11.0,-14.5,19.5,0.04964539007092199,-0.07692307692307693,12.43125,2.574157868275515,218515.0,0.9666108636506497,1.5,11.0,14.5,0.07692307692307693,-0.04964539007092199,0.2373726086956522
2025-09-15,2025-09-15 10:02:00,2025-09-15 10:07:00,2025-09-15 10:12:00,short,5349.0,5346.5,5354.5,5346.5,2.5,25.0,limit_touch,take_profit,-1.0,2025-09-15 10:02:00,1,-5.5,-15.5,-16.0,-27.5,25.5,-0.6731517509727627,-0.6078431372549019,13.485000000000001,2.2246941045606228,160331.0,0.9254631519848106,15.5,16.0,27.5,0.6078431372549019,0.6731517509727627,0.6370659420289855
2025-09-15,2025-09-15 12:59:00,2025-09-15 13:59:00,2025-09-15 14:01:00,short,5339.5,5337.0,5345.0,5337.0,2.5,25.0,limit_touch,take_profit,-1.0,2025-09-15 12:59:00,2,0.0,-2.5,-3.5,-38.0,17.5,-0.2713178294573643,-0.14285714285714285,13.485000000000001,3.1516499814608823,405225.0,0.844108488328712,2.5,3.5,38.0,0.14285714285714285,0.2713178294573643,0.35462159420289857
2025-09-16,2025-09-16 10:04:00,2025-09-16 10:04:00,2025-09-16 10:04:00,long,5331.0,5333.5,5326.0,5333.5,2.5,25.0,limit_touch,take_profit,1.0,2025-09-16 10:04:00,1,15.0,2.0,4.0,7.5,29.0,0.3475609756097561,0.06896551724137931,13.418181818181818,1.527777777777778,156323.0,0.8762794712826665,2.0,4.0,7.5,0.06896551724137931,0.3475609756097561,0.1146122463768116
2025-09-16,2025-09-16 11:02:00,2025-09-16 11:07:00,2025-09-16 11:09:00,long,5334.0,5336.5,5328.5,5336.5,2.5,25.0,better_open,take_profit,1.0,2025-09-16 11:02:00,2,4.5,7.5,14.0,12.5,21.5,0.35135135135135137,0.3488372093023256,13.418181818181818,1.825880758807588,270162.0,0.8736676338440433,7.5,14.0,12.5,0.3488372093023256,0.35135135135135137,0.3097497826086956
2025-09-17,2025-09-17 10:59:00,2025-09-17 11:00:00,2025-09-17 11:05:00,short,5314.0,5318.0,5318.0,5312.0,-4.0,-40.0,limit_touch,stop_loss,-1.0,2025-09-17 10:59:00,1,-4.0,-2.5,-5.0,-5.5,10.5,-0.3488372093023256,-0.23809523809523808,13.049999999999999,1.0727969348659006,169784.0,0.5663065859635236,2.5,5.0,5.5,0.23809523809523808,0.3488372093023256,0.0875268115942029
2025-09-17,2025-09-17 11:21:00,2025-09-17 11:25:00,2025-09-17 11:31:00,short,5312.5,5316.5,5316.5,5310.5,-4.0,-40.0,limit_touch,stop_loss,-1.0,2025-09-17 11:21:00,2,-2.5,-5.5,-4.5,-7.0,9.5,-0.7575757575757576,-0.5789473684210527,13.049999999999999,1.2260536398467434,200636.0,0.5817949978474162,5.5,4.5,7.0,0.5789473684210527,0.7575757575757576,0.2580441304347826
2025-09-17,2025-09-17 12:52:00,2025-09-17 13:00:00,2025-09-17 13:08:00,long,5321.5,5323.5,5317.5,5323.5,2.0,20.0,limit_touch,take_profit,1.0,2025-09-17 12:52:00,3,0.0,3.5,7.5,7.0,7.5,0.6190476190476191,0.4666666666666667,13.049999999999999,1.3409961685823757,286660.0,0.6131560976298399,3.5,7.5,7.0,0.4666666666666667,0.6190476190476191,0.1946490579710145
2025-09-17,2025-09-17 13:54:00,2025-09-17 13:58:00,2025-09-17 14:36:00,long,5323.5,5319.5,5319.5,5325.5,-4.0,-40.0,limit_touch,stop_loss,1.0,2025-09-17 13:54:00,4,1.0,2.0,5.0,9.5,7.0,0.5625,0.2857142857142857,13.049999999999999,1.5325670498084292,321652.0,0.6150175785137604,2.0,5.0,9.5,0.2857142857142857,0.5625,0.13043876811594204
2025-09-18,2025-09-18 10:06:00,2025-09-18 10:16:00,2025-09-18 10:19:00,long,5309.5,5313.0,5302.5,5313.0,3.5,35.0,limit_touch,take_profit,1.0,2025-09-18 10:06:00,1,5.0,17.0,23.0,4.5,22.0,0.9326923076923077,0.7727272727272727,12.923076923076923,2.5535714285714284,187876.0,1.0333588176732982,17.0,23.0,4.5,0.7727272727272727,0.9326923076923077,0.6075358695652174
2025-09-18,2025-09-18 10:43:00,2025-09-18 11:02:00,2025-09-18 11:06:00,long,5318.0,5310.5,5310.5,5321.5,-7.5,-75.0,limit_touch,stop_loss,1.0,2025-09-18 10:43:00,2,7.5,13.5,12.0,16.5,20.5,0.6793893129770993,0.6585365853658537,12.923076923076923,3.443452380952381,267895.0,1.00742407811048,13.5,12.0,16.5,0.6585365853658537,0.6793893129770993,0.6248770289855072
2025-09-22,2025-09-22 10:18:00,2025-09-22 10:24:00,2025-09-22 10:30:00,long,5351.5,5346.5,5346.5,5354.0,-5.0,-50.0,limit_touch,stop_loss,1.0,2025-09-22 10:18:00,1,7.0,7.5,10.0,19.5,16.5,0.29292929292929293,0.45454545454545453,12.66,2.132701421800948,175280.0,0.8380987475536726,7.5,10.0,19.5,0.45454545454545453,0.29292929292929293,0.4032905797101449
2025-09-22,2025-09-22 11:14:00,2025-09-22 11:20:00,2025-09-22 11:21:00,long,5362.0,5364.5,5356.0,5364.5,2.5,25.0,limit_touch,take_profit,1.0,2025-09-22 11:14:00,2,7.0,11.0,17.0,33.0,22.0,0.5794392523364486,0.5,12.66,3.278041074249605,286715.0,0.8796983184333128,11.0,17.0,33.0,0.5,0.5794392523364486,0.5918647826086957
2025-09-22,2025-09-22 11:31:00,2025-09-22 11:58:00,2025-09-22 12:34:00,long,5365.0,5359.0,5359.0,5367.5,-6.0,-60.0,limit_touch,stop_loss,1.0,2025-09-22 11:31:00,3,6.0,3.5,17.0,37.5,19.5,0.18407960199004975,0.1794871794871795,12.66,3.5545023696682465,322841.0,0.9123662634467795,3.5,17.0,37.5,0.1794871794871795,0.18407960199004975,0.3981152173913044
2025-09-23,2025-09-23 10:06:00,2025-09-23 10:06:00,2025-09-23 10:06:00,short,5340.0,5338.0,5344.5,5338.0,2.0,20.0,limit_touch,take_profit,-1.0,2025-09-23 10:06:00,1,-2.5,-9.5,-10.5,-8.5,19.5,-0.6241610738255033,-0.48717948717948717,12.7125,1.5339233038348081,124138.0,0.6927009382638617,9.5,10.5,8.5,0.48717948717948717,0.6241610738255033,0.32053463768115936
2025-09-23,2025-09-23 10:17:00,2025-09-23 10:20:00,2025-09-23 10:31:00,short,5336.0,5334.0,5340.5,5334.0,2.0,20.0,limit_touch,take_profit,-1.0,2025-09-23 10:17:00,2,-5.5,-7.0,-14.0,-16.0,18.0,-0.6268656716417911,-0.3888888888888889,12.7125,1.927236971484759,155305.0,0.7540936669420042,7.0,14.0,16.0,0.3888888888888889,0.6268656716417911,0.318475
2025-09-23,2025-09-23 12:02:00,2025-09-23 12:06:00,2025-09-23 12:15:00,short,5304.0,5310.5,5310.5,5301.0,-6.5,-65.0,limit_touch,stop_loss,-1.0,2025-09-23 12:02:00,3,-19.5,-17.0,-25.0,-52.0,35.0,-0.8213256484149856,-0.4857142857142857,12.7125,5.3097345132743365,383088.0,0.9600866536047462,17.0,25.0,52.0,0.4857142857142857,0.8213256484149856,0.7537963043478261
2025-09-24,2025-09-24 10:31:00,2025-09-24 10:35:00,2025-09-24 10:43:00,long,5314.5,5317.0,5309.5,5317.0,2.5,25.0,limit_touch,take_profit,1.0,2025-09-24 10:31:00,1,3.0,4.5,5.5,15.5,13.5,0.5421686746987951,0.3333333333333333,13.2,1.4393939393939394,158850.0,0.6814085216745248,4.5,5.5,15.5,0.3333333333333333,0.5421686746987951,0.21598152173913043
2025-09-24,2025-09-24 10:46:00,2025-09-24 10:52:00,2025-09-24 10:58:00,long,5316.0,5318.5,5310.5,5318.5,2.5,25.0,limit_touch,take_profit,1.0,2025-09-24 10:46:00,2,4.5,1.5,6.0,17.0,13.5,0.06172839506172839,0.1111111111111111,13.2,1.590909090909091,184247.0,0.6933526375551241,1.5,6.0,17.0,0.1111111111111111,0.06172839506172839,0.1421613043478261
2025-09-24,2025-09-24 11:18:00,2025-09-24 11:28:00,2025-09-24 11:29:00,long,5318.0,5313.0,5313.0,5320.5,-5.0,-50.0,limit_touch,stop_loss,1.0,2025-09-24 11:18:00,3,0.0,1.0,2.0,19.0,9.0,0.25,0.1111111111111111,13.2,1.8181818181818183,225995.0,0.6851728745578364,1.0,2.0,19.0,0.1111111111111111,0.25,0.1632721739130435
2025-09-25,2025-09-25 11:14:00,2025-09-25 11:31:00,2025-09-25 11:39:00,long,5347.5,5350.5,5340.5,5350.5,3.0,30.0,limit_touch,take_profit,1.0,2025-09-25 11:14:00,1,5.5,9.5,11.0,24.5,19.5,0.5612903225806452,0.48717948717948717,13.15,3.3460076045627374,338157.0,1.0568413551916667,9.5,11.0,24.5,0.48717948717948717,0.5612903225806452,0.5782778260869564
2025-09-25,2025-09-25 12:12:00,2025-09-25 13:29:00,2025-09-25 13:37:00,long,5349.0,5352.0,5342.0,5352.0,3.0,30.0,limit_touch,take_profit,1.0,2025-09-25 12:12:00,2,3.5,6.0,6.0,29.0,10.0,0.7391304347826086,0.6,13.15,3.498098859315589,426813.0,1.042052249792597,6.0,6.0,29.0,0.6,0.7391304347826086,0.5802405797101449
2025-09-26,2025-09-26 10:10:00,2025-09-26 10:17:00,2025-09-26 10:20:00,short,5347.5,5345.0,5353.5,5345.0,2.5,25.0,limit_touch,take_profit,-1.0,2025-09-26 10:10:00,1,-4.5,-14.0,-23.5,-28.5,22.0,-0.8082191780821918,-0.6363636363636364,13.444736842105263,2.231356429829712,185004.0,0.9960977145346179,14.0,23.5,28.5,0.6363636363636364,0.8082191780821918,0.6582264492753623
2025-09-29,2025-09-29 10:42:00,2025-09-29 10:51:00,2025-09-29 11:20:00,short,5316.5,5322.5,5322.5,5314.0,-6.0,-60.0,limit_touch,stop_loss,-1.0,2025-09-29 10:42:00,1,-0.5,-17.0,-20.0,-35.0,26.0,-0.7401574803149606,-0.6538461538461539,13.2525,3.0182984342576873,247227.0,0.9653523724041417,17.0,20.0,35.0,0.6538461538461539,0.7401574803149606,0.7393162318840578
2025-09-30,2025-09-30 12:00:00,2025-09-30 12:02:00,2025-09-30 12:10:00,long,5365.0,5368.0,5359.0,5368.0,3.0,30.0,limit_touch,take_profit,1.0,2025-09-30 12:00:00,1,4.5,10.5,5.0,15.0,18.5,0.7410071942446043,0.5675675675675675,13.192857142857141,1.894964807796427,330690.0,0.8463666664946183,10.5,5.0,15.0,0.5675675675675675,0.7410071942446043,0.4500189130434783
2025-09-30,2025-09-30 12:57:00,2025-09-30 13:01:00,2025-09-30 13:50:00,long,5368.5,5362.5,5362.5,5371.5,-6.0,-60.0,limit_touch,stop_loss,1.0,2025-09-30 12:57:00,2,6.0,6.5,4.0,20.0,12.5,0.7922077922077922,0.52,13.192857142857141,2.2739577693557123,393161.0,0.8661340275625518,6.5,4.0,20.0,0.52,0.7922077922077922,0.4249932608695652
2025-10-01,2025-10-01 10:00:00,2025-10-01 10:05:00,2025-10-01 10:06:00,long,5351.5,5354.0,5345.5,5354.0,2.5,25.0,limit_touch,take_profit_gap_open,1.0,2025-10-01 10:00:00,1,3.5,11.0,10.0,5.5,19.0,0.6410256410256411,0.5789473684210527,13.002272727272727,1.8073763328089496,180095.0,1.1516449177434551,11.0,10.0,5.5,0.5789473684210527,0.6410256410256411,0.4901752173913043
2025-10-01,2025-10-01 10:39:00,2025-10-01 10:46:00,2025-10-01 11:14:00,long,5353.0,5356.0,5347.0,5356.0,3.0,30.0,limit_touch,take_profit,1.0,2025-10-01 10:39:00,2,6.5,4.5,1.5,10.0,19.5,0.17647058823529413,0.23076923076923078,13.002272727272727,1.9611955951756685,263345.0,1.060369816447379,4.5,1.5,10.0,0.23076923076923078,0.17647058823529413,0.27472884057971014
2025-10-01,2025-10-01 11:47:00,2025-10-01 11:51:00,2025-10-01 11:53:00,long,5358.5,5361.5,5352.0,5361.5,3.0,30.0,limit_touch,take_profit,1.0,2025-10-01 11:47:00,3,1.5,7.0,1.5,12.0,12.0,0.5925925925925926,0.5833333333333334,13.002272727272727,2.4995630134591855,348500.0,0.9410679063979925,7.0,1.5,12.0,0.5833333333333334,0.5925925925925926,0.4378155072463768
2025-10-02,2025-10-02 10:00:00,2025-10-02 10:07:00,2025-10-02 10:15:00,long,5366.0,5368.5,5360.5,5368.5,2.5,25.0,limit_touch,take_profit,1.0,2025-10-02 10:00:00,1,1.0,1.5,11.0,9.0,22.5,0.14619883040935672,0.06666666666666667,13.002272727272727,1.9611955951756685,124315.0,0.7920072348744392,1.5,11.0,9.0,0.06666666666666667,0.14619883040935672,0.12474913043478261
2025-10-02,2025-10-02 10:43:00,2025-10-02 10:48:00,2025-10-02 10:50:00,long,5369.0,5371.5,5363.5,5371.5,2.5,25.0,limit_touch,take_profit,1.0,2025-10-02 10:43:00,2,7.5,9.0,7.5,15.5,23.0,0.47058823529411764,0.391304347826087,13.002272727272727,2.230379304317427,208495.0,0.8096520082699101,9.0,7.5,15.5,0.391304347826087,0.47058823529411764,0.37413188405797104
2025-10-02,2025-10-02 12:30:00,2025-10-02 13:16:00,2025-10-02 13:28:00,long,5396.5,5390.0,5390.0,5399.5,-6.5,-65.0,limit_touch,stop_loss,1.0,2025-10-02 12:30:00,3,14.0,20.5,23.0,51.5,28.5,0.8557377049180328,0.7192982456140351,13.002272727272727,5.0760356581017305,413034.0,0.9656963256642911,20.5,23.0,51.5,0.7192982456140351,0.8557377049180328,0.839264420289855
2025-10-03,2025-10-03 11:01:00,2025-10-03 11:06:00,2025-10-03 11:08:00,long,5386.0,5388.5,5380.5,5388.5,2.5,25.0,limit_touch,take_profit,1.0,2025-10-03 11:01:00,1,-1.0,2.0,2.5,19.5,14.0,0.23404255319148937,0.14285714285714285,13.002272727272727,2.4995630134591855,285106.0,0.9930256307373799,2.0,2.5,19.5,0.14285714285714285,0.23404255319148937,0.2872778985507246
2025-10-03,2025-10-03 12:10:00,2025-10-03 12:26:00,2025-10-03 12:36:00,long,5389.5,5384.0,5384.0,5392.0,-5.5,-55.0,limit_touch,stop_loss,1.0,2025-10-03 12:10:00,2,2.5,3.0,3.0,27.0,10.0,0.56,0.3,13.002272727272727,2.8841111693759833,392992.0,0.9822534268762005,3.0,3.0,27.0,0.3,0.56,0.38686731884057973
2025-10-06,2025-10-06 10:19:00,2025-10-06 10:32:00,2025-10-06 10:34:00,short,5361.5,5359.0,5367.0,5359.0,2.5,25.0,limit_touch,take_profit,-1.0,2025-10-06 10:19:00,1,-4.5,-2.5,-5.0,-26.0,15.5,-0.3008130081300813,-0.16129032258064516,13.002272727272727,2.4995630134591855,190958.0,0.9393987345664082,2.5,5.0,26.0,0.16129032258064516,0.3008130081300813,0.3137454347826087
2025-10-06,2025-10-06 10:48:00,2025-10-06 11:05:00,2025-10-06 11:11:00,short,5358.0,5355.5,5363.5,5355.5,2.5,25.0,limit_touch,take_profit,-1.0,2025-10-06 10:48:00,2,0.0,-6.5,-4.0,-29.5,22.5,-0.47738693467336685,-0.28888888888888886,13.002272727272727,2.8841111693759833,247972.0,0.9498914620078083,6.5,4.0,29.5,0.28888888888888886,0.47738693467336685,0.4426687681159421
2025-10-08,2025-10-08 10:13:00,2025-10-08 10:53:00,2025-10-08 11:00:00,short,5369.0,5374.0,5374.0,5366.5,-5.0,-50.0,limit_touch,stop_loss,-1.0,2025-10-08 10:13:00,1,-5.0,-8.5,-7.5,-25.5,19.5,-0.5272727272727272,-0.4358974358974359,13.739999999999998,2.547307132459971,183533.0,0.9804710329582036,8.5,7.5,25.5,0.4358974358974359,0.5272727272727272,0.507289420289855
2025-10-09,2025-10-09 10:21:00,2025-10-09 10:30:00,2025-10-09 10:37:00,long,5372.0,5374.5,5366.5,5374.5,2.5,25.0,limit_touch,take_profit,1.0,2025-10-09 10:21:00,1,4.0,10.0,15.0,17.5,24.0,0.5,0.4166666666666667,13.2,1.9696969696969697,216242.0,1.0627493355420772,10.0,15.0,17.5,0.4166666666666667,0.5,0.47526826086956525
2025-10-10,2025-10-10 10:57:00,2025-10-10 11:13:00,2025-10-10 11:14:00,long,5456.5,5460.0,5449.0,5460.0,3.5,35.0,limit_touch,take_profit,1.0,2025-10-10 10:57:00,1,28.0,30.0,46.0,69.0,42.0,0.9561200923787528,0.7142857142857143,13.757142857142856,6.687435098650052,352293.0,1.2934853440327547,30.0,46.0,69.0,0.7142857142857143,0.9561200923787528,0.9523042753623188
2025-10-14,2025-10-14 10:51:00,2025-10-14 10:55:00,2025-10-14 11:17:00,long,5534.0,5525.5,5525.5,5538.0,-8.5,-85.0,limit_touch,stop_loss,1.0,2025-10-14 10:51:00,1,7.0,17.0,12.0,35.5,22.0,0.8828828828828829,0.7727272727272727,18.383333333333333,2.012692656391659,348931.0,1.335434815916581,17.0,12.0,35.5,0.7727272727272727,0.8828828828828829,0.789609347826087
2025-10-14,2025-10-14 13:02:00,2025-10-14 13:13:00,2025-10-14 13:17:00,short,5511.0,5507.0,5519.0,5507.0,4.0,40.0,limit_touch,take_profit,-1.0,2025-10-14 13:02:00,2,-0.5,-16.0,-26.5,-4.0,22.0,-0.6635514018691588,-0.7272727272727273,18.383333333333333,2.3390752493200364,575033.0,1.2828561983254743,16.0,26.5,4.0,0.7272727272727273,0.6635514018691588,0.6245496376811595
2025-10-15,2025-10-15 10:12:00,2025-10-15 10:16:00,2025-10-15 10:25:00,short,5478.0,5474.5,5485.0,5474.5,3.5,35.0,limit_touch,take_profit,-1.0,2025-10-15 10:12:00,1,-2.5,-11.5,-12.0,-8.0,25.5,-0.6521739130434783,-0.45098039215686275,18.419999999999998,1.1129207383279045,171281.0,0.9340118075896742,11.5,12.0,8.0,0.45098039215686275,0.6521739130434783,0.3702986231884058
2025-10-15,2025-10-15 10:34:00,2025-10-15 10:43:00,2025-10-15 10:52:00,short,5472.5,5469.0,5479.5,5469.0,3.5,35.0,limit_touch,take_profit,-1.0,2025-10-15 10:34:00,2,-5.5,-12.0,-13.5,-15.5,23.0,-0.5288461538461539,-0.5217391304347826,18.419999999999998,1.5200868621064063,229147.0,1.0040405328341764,12.0,13.5,15.5,0.5217391304347826,0.5288461538461539,0.49016695652173914
2025-10-15,2025-10-15 11:13:00,2025-10-15 11:19:00,2025-10-15 11:33:00,short,5469.0,5465.5,5476.5,5465.5,3.5,35.0,limit_touch,take_profit,-1.0,2025-10-15 11:13:00,3,-1.0,-3.0,-5.0,-17.5,15.0,-0.23404255319148937,-0.2,18.419999999999998,1.7643865363735072,302746.0,0.9806837040283931,3.0,5.0,17.5,0.2,0.23404255319148937,0.26043608695652176
2025-10-15,2025-10-15 11:59:00,2025-10-15 12:05:00,2025-10-15 12:10:00,short,5464.5,5461.0,5472.0,5461.0,3.5,35.0,limit_touch,take_profit,-1.0,2025-10-15 11:59:00,4,-5.0,-12.5,-11.5,-24.0,17.5,-0.8666666666666667,-0.7142857142857143,18.419999999999998,2.1172638436482085,371357.0,0.9809715966065125,12.5,11.5,24.0,0.7142857142857143,0.8666666666666667,0.6193960869565218
2025-10-16,2025-10-16 10:56:00,2025-10-16 11:00:00,2025-10-16 11:11:00,short,5460.0,5457.0,5466.0,5457.0,3.0,30.0,limit_touch,take_profit,-1.0,2025-10-16 10:56:00,1,-3.5,-9.5,-9.5,-13.0,22.5,-0.5794871794871795,-0.4222222222222222,17.80909090909091,1.010719754977029,243894.0,0.8962837485867748,9.5,9.5,13.0,0.4222222222222222,0.5794871794871795,0.34307000000000004
2025-10-16,2025-10-16 11:21:00,2025-10-16 11:25:00,2025-10-16 11:28:00,short,5453.5,5450.5,5460.0,5450.5,3.0,30.0,limit_touch,take_profit,-1.0,2025-10-16 11:21:00,2,-5.5,-8.5,-10.0,-19.5,20.5,-0.630057803468208,-0.4146341463414634,17.80909090909091,1.4880040837161819,290942.0,0.9026817941341807,8.5,10.0,19.5,0.4146341463414634,0.630057803468208,0.38067072463768115
2025-10-16,2025-10-16 11:39:00,2025-10-16 12:25:00,2025-10-16 12:36:00,short,5450.0,5456.5,5456.5,5447.0,-6.5,-65.0,limit_touch,stop_loss,-1.0,2025-10-16 11:39:00,3,0.0,-5.5,-13.5,-26.0,20.5,-0.1497005988023952,-0.2682926829268293,17.80909090909091,1.768759571209801,325868.0,0.9301590074437155,5.5,13.5,26.0,0.2682926829268293,0.1497005988023952,0.3468327536231884
2025-10-16,2025-10-16 13:40:00,2025-10-16 13:55:00,2025-10-16 13:59:00,long,5470.0,5463.5,5463.5,5473.0,-6.5,-65.0,limit_touch,stop_loss,1.0,2025-10-16 13:40:00,4,1.5,16.0,19.0,6.0,32.0,0.6417910447761194,0.5,17.80909090909091,2.105666156202144,471242.0,0.9847928681604843,16.0,19.0,6.0,0.5,0.6417910447761194,0.5073031159420289
2025-10-17,2025-10-17 10:03:00,2025-10-17 10:10:00,2025-10-17 10:13:00,long,5469.5,5472.5,5463.5,5472.5,3.0,30.0,limit_touch,take_profit,1.0,2025-10-17 10:03:00,1,2.0,5.5,12.5,4.0,18.5,0.4967741935483871,0.2972972972972973,17.2625,1.4771904417089066,152872.0,0.9509693494153381,5.5,12.5,4.0,0.2972972972972973,0.4967741935483871,0.22649123188405795
2025-10-17,2025-10-17 10:19:00,2025-10-17 10:26:00,2025-10-17 10:27:00,long,5472.0,5474.5,5466.0,5474.5,2.5,25.0,limit_touch,take_profit,1.0,2025-10-17 10:19:00,2,2.5,2.0,9.0,7.0,17.0,0.19672131147540983,0.11764705882352941,17.2625,1.6509775524981898,182965.0,0.9254067173439219,2.0,9.0,7.0,0.11764705882352941,0.19672131147540983,0.1415726086956522
2025-10-17,2025-10-17 11:52:00,2025-10-17 11:57:00,2025-10-17 12:00:00,short,5450.0,5447.0,5456.5,5447.0,3.0,30.0,limit_touch,take_profit,-1.0,2025-10-17 11:52:00,3,-5.5,-16.5,-19.0,-26.5,24.5,-0.7709251101321586,-0.673469387755102,17.2625,2.2302679217958,367525.0,0.9982691055370289,16.5,19.0,26.5,0.673469387755102,0.7709251101321586,0.6840847101449276
2025-10-20,2025-10-20 10:39:00,2025-10-20 10:57:00,2025-10-20 11:02:00,short,5397.5,5395.0,5402.5,5395.0,2.5,25.0,limit_touch,take_profit,-1.0,2025-10-20 10:39:00,1,-2.0,-6.5,-8.5,-41.0,19.5,-0.3413173652694611,-0.3333333333333333,17.273076923076925,2.489423291026497,198654.0,0.8366790931729653,6.5,8.5,41.0,0.3333333333333333,0.3413173652694611,0.45847536231884056
2025-10-20,2025-10-20 11:16:00,2025-10-20 11:29:00,2025-10-20 11:47:00,short,5394.5,5392.0,5400.0,5392.0,2.5,25.0,limit_touch,take_profit,-1.0,2025-10-20 11:16:00,2,-7.0,-12.5,-3.5,-45.0,19.5,-0.798941798941799,-0.6410256410256411,17.273076923076925,2.6920507682030728,260381.0,0.8312495154814227,12.5,3.5,45.0,0.6410256410256411,0.798941798941799,0.6696510144927537
2025-10-21,2025-10-21 10:13:00,2025-10-21 10:15:00,2025-10-21 10:25:00,long,5407.0,5409.5,5402.0,5409.5,2.5,25.0,limit_touch,take_profit,1.0,2025-10-21 10:13:00,1,3.5,6.5,12.5,3.0,13.5,0.7471264367816092,0.48148148148148145,17.035714285714285,1.1153039832285117,154431.0,0.8392380986885007,6.5,12.5,3.0,0.48148148148148145,0.7471264367816092,0.2601751449275363
2025-10-21,2025-10-21 10:47:00,2025-10-21 10:55:00,2025-10-21 10:57:00,long,5413.0,5415.5,5408.0,5415.5,2.5,25.0,limit_touch,take_profit,1.0,2025-10-21 10:47:00,2,0.5,3.5,12.0,12.5,17.5,0.03759398496240601,0.2,17.035714285714285,1.5849056603773586,227243.0,0.9001118391227788,3.5,12.0,12.5,0.2,0.03759398496240601,0.19807188405797102
2025-10-21,2025-10-21 12:47:00,2025-10-21 13:02:00,2025-10-21 13:02:00,short,5393.0,5390.5,5398.5,5390.5,2.5,25.0,limit_touch,take_profit,-1.0,2025-10-21 12:47:00,3,-3.0,-5.5,-8.5,-18.0,18.5,-0.4634146341463415,-0.2972972972972973,17.035714285714285,2.0838574423480085,412131.0,0.9549385252913009,5.5,8.5,18.0,0.2972972972972973,0.4634146341463415,0.3332340579710145
2025-10-22,2025-10-22 11:43:00,2025-10-22 11:49:00,2025-10-22 11:52:00,long,5408.0,5410.5,5402.5,5410.5,2.5,25.0,limit_touch,take_profit,1.0,2025-10-22 11:43:00,1,8.5,8.0,7.0,2.5,21.0,0.5196078431372549,0.38095238095238093,16.61,1.5051173991571343,289015.0,0.8180747972161991,8.0,7.0,2.5,0.38095238095238093,0.5196078431372549,0.2539413768115942
2025-10-22,2025-10-22 13:32:00,2025-10-22 13:33:00,2025-10-22 13:45:00,long,5417.0,5411.0,5411.0,5419.5,-6.0,-60.0,limit_touch,stop_loss,1.0,2025-10-22 13:32:00,2,14.5,16.0,16.5,15.0,22.0,0.953757225433526,0.7272727272727273,16.61,2.227573750752559,413846.0,0.8818421021790386,16.0,16.5,15.0,0.7272727272727273,0.953757225433526,0.580171811594203
2025-10-23,2025-10-23 10:36:00,2025-10-23 11:11:00,2025-10-23 11:30:00,short,5396.5,5394.0,5401.5,5394.0,2.5,25.0,limit_touch,take_profit,-1.0,2025-10-23 10:36:00,1,0.5,-1.5,-1.5,-21.5,13.5,-0.14666666666666667,-0.1111111111111111,16.265625,1.506243996157541,173605.0,0.7585872244219599,1.5,1.5,21.5,0.1111111111111111,0.14666666666666667,0.17237898550724637
2025-10-23,2025-10-23 14:37:00,2025-10-23 14:53:00,2025-10-23 14:57:00,short,5396.0,5394.0,5400.5,5394.0,2.0,20.0,limit_touch,take_profit,-1.0,2025-10-23 14:37:00,2,-6.0,-6.0,-7.5,-23.0,12.0,-0.7575757575757576,-0.5,16.265625,1.5677233429394812,371312.0,0.7200781142178025,6.0,7.5,23.0,0.5,0.7575757575757576,0.3597505797101449
2025-10-24,2025-10-24 10:06:00,2025-10-24 10:15:00,2025-10-24 10:20:00,short,5379.5,5384.5,5384.5,5377.5,-5.0,-50.0,limit_touch,stop_loss,-1.0,2025-10-24 10:06:00,1,-4.5,0.0,-3.0,-20.5,28.0,0.06578947368421052,0.0,15.758823529411764,1.8719671519223593,149692.0,0.8995401703909472,-0.0,3.0,20.5,-0.0,-0.06578947368421052,0.2024939855072464
2025-10-27,2025-10-27 11:03:00,2025-10-27 11:05:00,2025-10-27 11:07:00,long,5385.0,5387.5,5380.0,5387.5,2.5,25.0,limit_touch,take_profit,1.0,2025-10-27 11:03:00,1,2.0,1.5,7.5,14.5,14.5,-0.0136986301369863,0.10344827586206896,15.433333333333332,1.4578833693304538,208168.0,0.7467235695477675,1.5,7.5,14.5,0.10344827586206896,-0.0136986301369863,0.12597369565217392
2025-10-27,2025-10-27 11:24:00,2025-10-27 11:30:00,2025-10-27 11:32:00,long,5387.0,5389.5,5382.0,5389.5,2.5,25.0,limit_touch,take_profit,1.0,2025-10-27 11:24:00,2,2.5,6.0,9.5,20.0,14.0,0.6585365853658537,0.42857142857142855,15.433333333333332,1.652267818574514,239636.0,0.7555818659217084,6.0,9.5,20.0,0.42857142857142855,0.6585365853658537,0.32511652173913047
2025-10-28,2025-10-28 10:33:00,2025-10-28 11:13:00,2025-10-28 11:17:00,short,5380.5,5378.5,5384.5,5378.5,2.0,20.0,limit_touch,take_profit,-1.0,2025-10-28 10:33:00,1,-3.5,-7.5,-4.5,-7.5,12.5,-0.4426229508196721,-0.6,15.023684210526316,1.1648274654055002,137994.0,0.6383181466629003,7.5,4.5,7.5,0.6,0.4426229508196721,0.30282884057971016
2025-10-28,2025-10-28 13:30:00,2025-10-28 14:21:00,2025-10-28 14:26:00,short,5370.5,5368.5,5375.0,5368.5,2.0,20.0,limit_touch,take_profit,-1.0,2025-10-28 13:30:00,2,1.0,2.0,0.0,-17.0,7.0,0.5833333333333334,0.2857142857142857,15.023684210526316,2.0634086530040285,332439.0,0.7305186297204237,-2.0,-0.0,17.0,-0.2857142857142857,-0.5833333333333334,0.14349528985507248
2025-10-29,2025-10-29 10:27:00,2025-10-29 10:40:00,2025-10-29 10:45:00,short,5347.5,5345.5,5352.0,5345.5,2.0,20.0,limit_touch,take_profit,-1.0,2025-10-29 10:27:00,1,-1.0,-4.5,-15.0,-24.5,10.5,-0.6307692307692307,-0.42857142857142855,14.7975,1.9597905051528974,166229.0,0.8213246944039105,4.5,15.0,24.5,0.42857142857142855,0.6307692307692307,0.3527786956521739
2025-10-29,2025-10-29 12:07:00,2025-10-29 12:28:00,2025-10-29 12:35:00,short,5346.0,5350.5,5350.5,5344.0,-4.5,-45.0,limit_touch,stop_gap_open,-1.0,2025-10-29 12:07:00,2,-3.0,-7.0,-8.0,-27.5,11.0,-0.6666666666666666,-0.6363636363636364,14.7975,2.094948471025511,286133.0,0.7606198030750909,7.0,8.0,27.5,0.6363636363636364,0.6666666666666666,0.47758507246376813
2025-10-30,2025-10-30 10:10:00,2025-10-30 10:18:00,2025-10-30 10:23:00,long,5390.0,5384.5,5384.5,5392.5,-5.5,-55.0,limit_touch,stop_loss,1.0,2025-10-30 10:10:00,1,2.0,9.0,15.0,29.5,21.0,0.40476190476190477,0.42857142857142855,14.564285714285715,2.2314860225600786,136228.0,0.8025852623120014,9.0,15.0,29.5,0.42857142857142855,0.40476190476190477,0.4680763043478261
2025-10-31,2025-10-31 12:24:00,2025-10-31 12:28:00,2025-10-31 12:45:00,long,5427.5,5421.5,5421.5,5430.0,-6.0,-60.0,limit_touch,stop_loss,1.0,2025-10-31 12:24:00,1,4.0,1.5,9.0,8.0,20.5,0.34104046242774566,0.07317073170731707,14.345454545454546,1.9518377693282636,319426.0,0.8152923185287408,1.5,9.0,8.0,0.07317073170731707,0.34104046242774566,0.12303318840579709
2025-11-03,2025-11-03 10:02:00,2025-11-03 10:08:00,2025-11-03 10:36:00,short,5392.0,5389.5,5397.5,5389.5,2.5,25.0,limit_touch,take_profit,-1.0,2025-11-03 10:02:00,1,-4.0,-7.0,-10.0,-24.0,22.0,-0.24793388429752067,-0.3181818181818182,14.08695652173913,2.378086419753086,125139.0,0.8369240221540745,7.0,10.0,24.0,0.3181818181818182,0.24793388429752067,0.3782620289855072
2025-11-03,2025-11-03 10:47:00,2025-11-03 11:28:00,2025-11-03 11:37:00,short,5389.5,5387.0,5395.0,5387.0,2.5,25.0,limit_touch,take_profit,-1.0,2025-11-03 10:47:00,2,-6.0,-12.5,-8.5,-27.5,18.5,-0.8067632850241546,-0.6756756756756757,14.08695652173913,2.626543209876543,191793.0,0.8047860923859338,12.5,8.5,27.5,0.6756756756756757,0.8067632850241546,0.5997639130434783
2025-11-03,2025-11-03 12:00:00,2025-11-03 12:20:00,2025-11-03 12:24:00,short,5388.0,5393.0,5393.0,5385.5,-5.0,-50.0,limit_touch,stop_loss,-1.0,2025-11-03 12:00:00,3,-0.5,-4.0,-2.0,-23.0,12.0,-0.25925925925925924,-0.3333333333333333,14.08695652173913,2.7685185185185186,261988.0,0.7295201843858544,4.0,2.0,23.0,0.3333333333333333,0.25925925925925924,0.32053376811594203
2025-11-04,2025-11-04 10:05:00,2025-11-04 10:09:00,2025-11-04 10:16:00,short,5417.0,5422.5,5422.5,5414.5,-5.5,-55.0,limit_touch,stop_loss,-1.0,2025-11-04 10:05:00,1,-5.0,-11.0,-13.5,-1.0,22.0,-0.8017241379310345,-0.5,14.08695652173913,1.3842592592592593,151159.0,0.9617453031416946,11.0,13.5,1.0,0.5,0.8017241379310345,0.3827745652173913
2025-11-04,2025-11-04 12:17:00,2025-11-04 12:36:00,2025-11-04 12:41:00,short,5416.0,5413.5,5421.5,5413.5,2.5,25.0,limit_touch,take_profit,-1.0,2025-11-04 12:17:00,2,0.0,-3.0,-9.5,-5.0,12.0,-0.6511627906976745,-0.25,14.08695652173913,1.4552469135802468,333187.0,0.870249571823291,3.0,9.5,5.0,0.25,0.6511627906976745,0.15069152173913042
2025-11-04,2025-11-04 12:47:00,2025-11-04 12:53:00,2025-11-04 12:55:00,short,5416.0,5413.5,5421.5,5413.5,2.5,25.0,limit_touch,take_profit,-1.0,2025-11-04 12:47:00,3,-1.5,-1.0,-0.5,-5.5,16.0,-0.06818181818181818,-0.0625,14.08695652173913,1.4907407407407407,353729.0,0.8596935339714549,1.0,0.5,5.5,0.0625,0.06818181818181818,0.09642797101449276
2025-11-05,2025-11-05 11:37:00,2025-11-05 12:13:00,2025-11-05 12:16:00,short,5406.0,5403.5,5411.0,5403.5,2.5,25.0,limit_touch,take_profit,-1.0,2025-11-05 11:37:00,1,-4.0,-3.5,-17.0,-35.5,11.5,-0.5949367088607594,-0.30434782608695654,14.08695652173913,2.8040123456790123,252529.0,0.7757778263614361,3.5,17.0,35.5,0.30434782608695654,0.5949367088607594,0.37393014492753623
2025-11-06,2025-11-06 10:02:00,2025-11-06 10:07:00,2025-11-06 10:08:00,short,5369.0,5367.0,5373.5,5367.0,2.0,20.0,limit_touch,take_profit,-1.0,2025-11-06 10:02:00,1,-2.5,-4.5,-10.5,-13.5,23.5,-0.6984615384615385,-0.19148936170212766,14.08695652173913,1.3842592592592593,122606.0,0.8334062169333148,4.5,10.5,13.5,0.19148936170212766,0.6984615384615385,0.18686166666666665
2025-11-06,2025-11-06 10:48:00,2025-11-06 10:48:00,2025-11-06 10:48:00,short,5365.5,5363.5,5370.0,5363.5,2.0,20.0,limit_touch,take_profit,-1.0,2025-11-06 10:48:00,2,-3.5,-2.5,-2.5,-14.5,13.5,-0.3150684931506849,-0.18518518518518517,14.08695652173913,1.7037037037037037,180838.0,0.7640997053256867,2.5,2.5,14.5,0.18518518518518517,0.3150684931506849,0.16813057971014492
2025-11-06,2025-11-06 12:15:00,2025-11-06 12:20:00,2025-11-06 12:29:00,long,5378.0,5380.0,5373.0,5380.0,2.0,20.0,limit_touch,take_profit,1.0,2025-11-06 12:15:00,3,1.0,3.5,10.0,3.0,23.5,0.14136125654450263,0.14893617021276595,14.08695652173913,1.7391975308641976,316127.0,0.8376329787762568,3.5,10.0,3.0,0.14893617021276595,0.14136125654450263,0.1352844927536232
2025-11-06,2025-11-06 12:51:00,2025-11-06 12:55:00,2025-11-06 13:27:00,long,5384.0,5386.5,5379.0,5386.5,2.5,25.0,limit_touch,take_profit,1.0,2025-11-06 12:51:00,4,2.0,13.5,13.5,11.0,21.5,0.7595628415300546,0.627906976744186,14.08695652173913,2.307098765432099,362321.0,0.8805220871740869,13.5,13.5,11.0,0.627906976744186,0.7595628415300546,0.5124842028985507
2025-11-06,2025-11-06 14:26:00,2025-11-06 14:46:00,2025-11-06 15:05:00,long,5384.5,5387.0,5379.0,5387.0,2.5,25.0,limit_touch,take_profit,1.0,2025-11-06 14:26:00,5,5.0,9.0,5.0,11.0,15.0,0.7142857142857143,0.6,14.08695652173913,2.378086419753086,442435.0,0.9121157173823566,9.0,5.0,11.0,0.6,0.7142857142857143,0.4530721739130435
2025-11-07,2025-11-07 12:40:00,2025-11-07 12:50:00,2025-11-07 13:21:00,short,5372.5,5370.0,5377.5,5370.0,2.5,25.0,limit_touch,take_profit,-1.0,2025-11-07 12:40:00,1,-3.5,-4.5,-5.5,-7.0,13.5,-0.4774774774774775,-0.3333333333333333,14.08695652173913,1.7037037037037037,313613.0,0.7829147912711116,4.5,5.5,7.0,0.3333333333333333,0.4774774774774775,0.19523144927536235
2025-11-07,2025-11-07 13:45:00,2025-11-07 13:58:00,2025-11-07 14:22:00,short,5368.5,5366.5,5373.5,5366.5,2.0,20.0,better_open,take_profit,-1.0,2025-11-07 13:45:00,2,-3.0,-7.5,-11.5,-13.5,10.5,-0.8604651162790697,-0.7142857142857143,14.08695652173913,2.0941358024691357,373928.0,0.8242137740370794,7.5,11.5,13.5,0.7142857142857143,0.8604651162790697,0.4311863043478261
2025-11-10,2025-11-10 10:41:00,2025-11-10 10:43:00,2025-11-10 10:44:00,long,5342.0,5344.5,5337.0,5344.5,2.5,25.0,limit_touch,take_profit,1.0,2025-11-10 10:41:00,1,7.5,11.0,12.5,6.5,17.0,0.7971014492753623,0.6470588235294118,11.819999999999999,1.6920473773265654,164082.0,0.7396000643070391,11.0,12.5,6.5,0.6470588235294118,0.7971014492753623,0.39749449275362314
2025-11-11,2025-11-11 11:06:00,2025-11-11 11:13:00,2025-11-11 11:23:00,short,5295.5,5293.0,5300.5,5293.0,2.5,25.0,limit_touch,take_profit,-1.0,2025-11-11 11:06:00,1,-4.5,-10.5,-14.5,-25.5,18.5,-0.7985611510791367,-0.5675675675675675,11.775,2.9723991507430996,239836.0,0.8872010130378875,10.5,14.5,25.5,0.5675675675675675,0.7985611510791367,0.5656704347826087
2025-11-11,2025-11-11 12:00:00,2025-11-11 12:17:00,2025-11-11 12:37:00,short,5295.0,5300.0,5300.0,5293.0,-5.0,-50.0,limit_touch,stop_loss,-1.0,2025-11-11 12:00:00,2,-2.5,-3.5,-5.0,-26.0,14.5,-0.3577981651376147,-0.2413793103448276,11.775,3.0148619957537153,305801.0,0.8688137236889707,3.5,5.0,26.0,0.2413793103448276,0.3577981651376147,0.3379905797101449
2025-11-12,2025-11-12 10:02:00,2025-11-12 10:08:00,2025-11-12 10:14:00,short,5289.5,5293.5,5293.5,5287.5,-4.0,-40.0,limit_touch,stop_loss,-1.0,2025-11-12 10:02:00,1,-4.0,-3.5,-6.0,-11.0,10.5,-0.45454545454545453,-0.3333333333333333,11.614285714285714,1.2484624846248462,78323.0,0.5412563133785346,3.5,6.0,11.0,0.3333333333333333,0.45454545454545453,0.1613310144927536
2025-11-12,2025-11-12 12:58:00,2025-11-12 14:16:00,2025-11-12 14:17:00,long,5313.5,5315.5,5309.0,5315.5,2.0,20.0,limit_touch,take_profit,1.0,2025-11-12 12:58:00,2,2.5,3.5,7.0,22.5,8.5,0.5172413793103449,0.4117647058823529,11.614285714285714,3.1426814268142684,302714.0,0.7337835458043861,3.5,7.0,22.5,0.4117647058823529,0.5172413793103449,0.3476689855072464
2025-11-14,2025-11-14 11:30:00,2025-11-14 11:33:00,2025-11-14 11:35:00,short,5315.0,5312.5,5320.5,5312.5,2.5,25.0,limit_touch,take_profit,-1.0,2025-11-14 11:30:00,1,-4.5,-11.0,-13.0,-15.0,18.0,-0.7123287671232876,-0.6111111111111112,11.333333333333334,2.161764705882353,272863.0,0.9005401828552381,11.0,13.0,15.0,0.6111111111111112,0.7123287671232876,0.49740826086956524
2025-11-14,2025-11-14 11:37:00,2025-11-14 11:40:00,2025-11-14 11:41:00,short,5314.0,5311.5,5320.0,5311.5,2.5,25.0,limit_touch,take_profit,-1.0,2025-11-14 11:37:00,2,1.0,-4.5,-16.0,-14.5,23.5,0.07389162561576355,-0.19148936170212766,11.333333333333334,2.2941176470588234,291365.0,0.9269485397454658,4.5,16.0,14.5,0.19148936170212766,-0.07389162561576355,0.26811050724637686
2025-11-14,2025-11-14 12:47:00,2025-11-14 13:37:00,2025-11-14 14:38:00,short,5300.0,5297.5,5306.0,5297.5,2.5,25.0,limit_touch,take_profit,-1.0,2025-11-14 12:47:00,3,-3.5,-6.5,-9.0,-33.5,13.5,-0.31645569620253167,-0.48148148148148145,11.333333333333334,3.926470588235294,393836.0,0.98959317693735,6.5,9.0,33.5,0.48148148148148145,0.31645569620253167,0.5580047826086957
2025-11-17,2025-11-17 10:50:00,2025-11-17 11:16:00,2025-11-17 11:26:00,long,5321.5,5323.5,5316.5,5323.5,2.0,20.0,limit_touch,take_profit,1.0,2025-11-17 10:50:00,1,0.0,3.0,6.0,7.0,9.0,0.4117647058823529,0.3333333333333333,11.535,1.517121803207629,149547.0,0.6434594012215146,3.0,6.0,7.0,0.3333333333333333,0.4117647058823529,0.14726007246376813
2025-11-17,2025-11-17 12:09:00,2025-11-17 12:12:00,2025-11-17 12:13:00,long,5324.5,5326.5,5320.0,5326.5,2.0,20.0,limit_touch,take_profit,1.0,2025-11-17 12:09:00,2,1.5,0.5,2.0,11.0,7.5,0.28,0.06666666666666667,11.535,1.8205461638491547,221588.0,0.6181240379354189,0.5,2.0,11.0,0.06666666666666667,0.28,0.10132028985507247
2025-11-18,2025-11-18 10:15:00,2025-11-18 10:15:00,2025-11-18 10:15:00,short,5347.5,5345.5,5352.0,5345.5,2.0,20.0,limit_touch,take_profit,-1.0,2025-11-18 10:15:00,1,-5.5,-9.5,-9.0,-4.0,17.5,-0.5555555555555556,-0.5428571428571428,11.577272727272728,1.2956419316843344,113365.0,0.6723540497274514,9.5,9.0,4.0,0.5428571428571428,0.5555555555555556,0.3129232608695652
2025-11-18,2025-11-18 10:33:00,2025-11-18 10:37:00,2025-11-18 10:40:00,short,5340.0,5337.5,5345.0,5337.5,2.5,25.0,limit_touch,take_profit,-1.0,2025-11-18 10:33:00,2,-2.0,-6.0,-21.0,-16.0,23.0,-0.47058823529411764,-0.2608695652173913,11.577272727272728,2.116215155084413,153761.0,0.7666219163229511,6.0,21.0,16.0,0.2608695652173913,0.47058823529411764,0.2730936231884058
2025-11-18,2025-11-18 10:54:00,2025-11-18 10:59:00,2025-11-18 11:02:00,short,5336.0,5333.5,5341.0,5333.5,2.5,25.0,limit_touch,take_profit,-1.0,2025-11-18 10:54:00,3,-2.5,-6.0,-6.0,-17.5,12.0,-0.5172413793103449,-0.5,11.577272727272728,2.591283863368669,178282.0,0.7444627860821652,6.0,6.0,17.5,0.5,0.5172413793103449,0.3838518115942029
2025-11-19,2025-11-19 10:02:00,2025-11-19 10:04:00,2025-11-19 10:10:00,long,5347.0,5349.0,5342.5,5349.0,2.0,20.0,limit_touch,take_profit,1.0,2025-11-19 10:02:00,1,2.5,8.5,9.5,12.5,19.5,0.46107784431137727,0.4358974358974359,11.374999999999998,1.7142857142857146,101856.0,0.7209436479652326,8.5,9.5,12.5,0.4358974358974359,0.46107784431137727,0.3211372463768116
2025-11-19,2025-11-19 10:12:00,2025-11-19 10:16:00,2025-11-19 10:35:00,long,5348.0,5350.0,5343.0,5350.0,2.0,20.0,limit_touch,take_profit,1.0,2025-11-19 10:12:00,2,4.5,4.5,8.0,14.5,25.5,0.004329004329004329,0.17647058823529413,11.374999999999998,1.8021978021978025,122705.0,0.7522416131849646,4.5,8.0,14.5,0.17647058823529413,0.004329004329004329,0.19652072463768117
2025-11-19,2025-11-19 11:21:00,2025-11-19 11:35:00,2025-11-19 11:53:00,long,5349.5,5345.0,5345.0,5351.5,-4.5,-45.0,limit_touch,stop_loss,1.0,2025-11-19 11:21:00,3,4.0,7.0,6.0,17.5,10.0,0.8148148148148148,0.7,11.374999999999998,1.9780219780219783,179607.0,0.6250189945938196,7.0,6.0,17.5,0.7,0.8148148148148148,0.4124760869565217
2025-11-19,2025-11-19 14:40:00,2025-11-19 14:47:00,2025-11-19 14:49:00,long,5353.0,5355.0,5348.5,5355.0,2.0,20.0,limit_touch,take_profit,1.0,2025-11-19 14:40:00,4,1.5,1.0,5.0,21.5,11.0,0.21428571428571427,0.09090909090909091,11.374999999999998,2.373626373626374,346704.0,0.72315937950568,1.0,5.0,21.5,0.09090909090909091,0.21428571428571427,0.20776427536231884
2025-11-21,2025-11-21 12:37:00,2025-11-21 12:49:00,2025-11-21 12:50:00,long,5422.5,5426.0,5414.5,5426.0,3.5,35.0,limit_touch,take_profit,1.0,2025-11-21 12:37:00,1,6.0,7.0,25.0,65.5,21.0,0.3563218390804598,0.3333333333333333,11.123076923076924,7.4170124481327795,424886.0,1.1068862542462647,7.0,25.0,65.5,0.3333333333333333,0.3563218390804598,0.617557536231884
2025-11-24,2025-11-24 10:25:00,2025-11-24 10:34:00,2025-11-24 10:47:00,long,5405.0,5408.0,5398.0,5408.0,3.0,30.0,limit_touch,take_profit,1.0,2025-11-24 10:25:00,1,0.0,6.0,13.5,-1.0,15.0,0.7213114754098361,0.4,12.09642857142857,2.025391201653381,164281.0,0.885081606096186,6.0,13.5,-1.0,0.4,0.7213114754098361,0.2707249275362319
2025-11-24,2025-11-24 11:06:00,2025-11-24 11:22:00,2025-11-24 11:26:00,long,5408.0,5401.5,5401.5,5411.0,-6.5,-65.0,limit_touch,stop_loss,1.0,2025-11-24 11:06:00,2,0.5,5.5,8.5,5.0,16.5,0.5257731958762887,0.3333333333333333,12.09642857142857,2.356067316209035,229442.0,0.8795471608522124,5.5,8.5,5.0,0.3333333333333333,0.5257731958762887,0.2661565942028986
2025-11-25,2025-11-25 10:09:00,2025-11-25 10:10:00,2025-11-25 10:10:00,short,5372.5,5370.0,5377.5,5370.0,2.5,25.0,limit_touch,take_profit,-1.0,2025-11-25 10:09:00,1,-4.0,-10.5,-14.0,-23.0,14.5,-0.9008264462809917,-0.7241379310344828,11.86,2.1922428330522767,146876.0,0.9427848750199388,10.5,14.0,23.0,0.7241379310344828,0.9008264462809917,0.5745834782608696
2025-11-25,2025-11-25 10:30:00,2025-11-25 10:34:00,2025-11-25 10:40:00,short,5367.0,5364.5,5372.0,5364.5,2.5,25.0,limit_touch,take_profit,-1.0,2025-11-25 10:30:00,2,-3.0,-8.0,-11.0,-29.0,14.0,-0.6086956521739131,-0.5714285714285714,11.86,2.824620573355818,189069.0,0.9867904454046047,8.0,11.0,29.0,0.5714285714285714,0.6086956521739131,0.5773983333333333
2025-11-25,2025-11-25 11:48:00,2025-11-25 11:58:00,2025-11-25 12:07:00,long,5401.5,5395.5,5395.5,5404.5,-6.0,-60.0,limit_touch,stop_loss,1.0,2025-11-25 11:48:00,3,14.5,22.0,22.5,20.0,28.0,0.9154929577464789,0.7857142857142857,11.86,4.8060708263069145,351930.0,1.0939931147619801,22.0,22.5,20.0,0.7857142857142857,0.9154929577464789,0.764012463768116
2025-11-26,2025-11-26 10:07:00,2025-11-26 10:10:00,2025-11-26 10:27:00,short,5379.5,5377.0,5385.0,5377.0,2.5,25.0,limit_touch,take_profit,-1.0,2025-11-26 10:07:00,1,-4.0,-10.0,-7.5,-7.0,18.0,-0.8526315789473684,-0.5555555555555556,12.1875,1.435897435897436,120210.0,0.7884697962042907,10.0,7.5,7.0,0.5555555555555556,0.8526315789473684,0.35620666666666667
2025-11-26,2025-11-26 10:29:00,2025-11-26 10:30:00,2025-11-26 10:36:00,short,5378.5,5384.0,5384.0,5376.0,-5.5,-55.0,limit_touch,stop_loss,-1.0,2025-11-26 10:29:00,2,-2.5,-4.0,-10.5,-9.5,16.0,-0.3584905660377358,-0.25,12.1875,1.5179487179487179,153679.0,0.8039945381587735,4.0,10.5,9.5,0.25,0.3584905660377358,0.16893268115942028
2025-11-26,2025-11-26 11:32:00,2025-11-26 11:32:00,2025-11-26 11:32:00,short,5378.5,5376.0,5384.0,5376.0,2.5,25.0,limit_touch,take_profit,-1.0,2025-11-26 11:32:00,3,-3.5,-3.0,-5.0,-7.5,11.0,-0.5263157894736842,-0.2727272727272727,12.1875,1.558974358974359,243610.0,0.8095929503167618,3.0,5.0,7.5,0.2727272727272727,0.5263157894736842,0.1550636956521739
2025-11-26,2025-11-26 11:34:00,2025-11-26 11:38:00,2025-11-26 11:39:00,short,5377.0,5374.5,5382.5,5374.5,2.5,25.0,limit_touch,take_profit,-1.0,2025-11-26 11:34:00,4,-6.0,-6.0,-6.0,-10.5,16.0,-0.6944444444444444,-0.375,12.1875,1.7230769230769232,251163.0,0.8248331043252318,6.0,6.0,10.5,0.375,0.6944444444444444,0.26214934782608695
2025-11-27,2025-11-27 11:37:00,2025-11-27 11:46:00,2025-11-27 11:47:00,long,5351.0,5353.0,5346.5,5353.0,2.0,20.0,limit_touch,take_profit,1.0,2025-11-27 11:37:00,1,0.5,3.0,7.0,16.0,11.0,0.30434782608695654,0.2727272727272727,12.54705882352941,2.1518987341772156,157696.0,0.5153862381847486,3.0,7.0,16.0,0.2727272727272727,0.30434782608695654,0.21319159420289854
2025-11-28,2025-11-28 10:00:00,2025-11-28 10:06:00,2025-11-28 10:07:00,short,5378.0,5375.5,5383.0,5375.5,2.5,25.0,limit_touch,take_profit,-1.0,2025-11-28 10:00:00,1,-2.5,-8.0,-13.5,-11.5,27.0,-0.4015151515151515,-0.2962962962962963,12.35,1.9433198380566803,86778.0,0.6634157678404126,8.0,13.5,11.5,0.2962962962962963,0.4015151515151515,0.2653834782608696
2025-11-28,2025-11-28 11:00:00,2025-11-28 11:08:00,2025-11-28 11:12:00,short,5370.0,5367.5,5375.5,5367.5,2.5,25.0,limit_touch,take_profit,-1.0,2025-11-28 11:00:00,2,-2.5,-14.5,-11.5,-21.5,24.5,-0.6872427983539094,-0.5918367346938775,12.35,2.7935222672064777,173138.0,0.7133663660395122,14.5,11.5,21.5,0.5918367346938775,0.6872427983539094,0.5628896376811594
2025-12-01,2025-12-01 10:05:00,2025-12-01 10:10:00,2025-12-01 10:14:00,long,5379.5,5381.5,5374.5,5381.5,2.0,20.0,limit_touch,take_profit,1.0,2025-12-01 10:05:00,1,6.0,9.5,10.0,11.5,18.5,0.7548387096774194,0.5135135135135135,12.244736842105263,1.9191919191919191,126144.0,0.872384149447239,9.5,10.0,11.5,0.5135135135135135,0.7548387096774194,0.40275550724637676
2025-12-02,2025-12-02 11:14:00,2025-12-02 11:28:00,2025-12-02 11:49:00,short,5377.0,5374.5,5382.0,5374.5,2.5,25.0,limit_touch,take_profit,-1.0,2025-12-02 11:14:00,1,-5.5,-6.5,-15.5,-14.5,14.5,-0.43529411764705883,-0.4482758620689655,12.244736842105263,2.1233612722974424,212988.0,0.8034489138965449,6.5,15.5,14.5,0.4482758620689655,0.43529411764705883,0.3437311594202899
2025-12-02,2025-12-02 12:05:00,2025-12-02 12:09:00,2025-12-02 12:12:00,short,5375.0,5372.5,5380.0,5372.5,2.5,25.0,limit_touch,take_profit,-1.0,2025-12-02 12:05:00,2,-2.0,-3.0,-5.5,-17.5,11.0,-0.36363636363636365,-0.2727272727272727,12.244736842105263,2.3275306254029657,273174.0,0.807270976747526,3.0,5.5,17.5,0.2727272727272727,0.36363636363636365,0.2555376086956522
2025-12-03,2025-12-03 10:39:00,2025-12-03 10:42:00,2025-12-03 10:52:00,short,5338.0,5343.0,5343.0,5336.0,-5.0,-50.0,limit_touch,stop_loss,-1.0,2025-12-03 10:39:00,1,-8.5,-13.0,-13.5,-15.0,22.0,-0.782608695652174,-0.5909090909090909,12.244736842105263,1.9191919191919191,166330.0,0.819130343568044,13.0,13.5,15.0,0.5909090909090909,0.782608695652174,0.4863428985507246
2025-12-03,2025-12-03 11:46:00,2025-12-03 11:51:00,2025-12-03 12:00:00,short,5337.0,5342.0,5342.0,5334.5,-5.0,-50.0,limit_touch,stop_loss,-1.0,2025-12-03 11:46:00,2,-2.0,-11.5,-13.5,-16.0,17.5,-0.7522123893805309,-0.6571428571428571,12.244736842105263,2.0008596604341284,276609.0,0.8912831573425009,11.5,13.5,16.0,0.6571428571428571,0.7522123893805309,0.511796884057971
2025-12-03,2025-12-03 13:00:00,2025-12-03 13:40:00,2025-12-03 13:51:00,short,5336.5,5341.5,5341.5,5334.0,-5.0,-50.0,limit_touch,stop_loss,-1.0,2025-12-03 13:00:00,3,-2.0,-5.5,-5.5,-17.0,11.5,-0.6721311475409836,-0.4782608695652174,12.244736842105263,2.0825274016763378,356747.0,0.9030881825244955,5.5,5.5,17.0,0.4782608695652174,0.6721311475409836,0.37635224637681164
2025-12-04,2025-12-04 10:27:00,2025-12-04 10:30:00,2025-12-04 10:30:00,short,5325.0,5323.0,5329.5,5323.0,2.0,20.0,limit_touch,take_profit,-1.0,2025-12-04 10:27:00,1,-4.5,-13.5,-17.0,-14.5,18.5,-0.8947368421052632,-0.7297297297297297,12.244736842105263,1.7966903073286051,143525.0,0.7934997064286055,13.5,17.0,14.5,0.7297297297297297,0.8947368421052632,0.5037136956521739
2025-12-04,2025-12-04 11:01:00,2025-12-04 11:35:00,2025-12-04 11:53:00,short,5324.5,5322.5,5329.0,5322.5,2.0,20.0,limit_touch,take_profit,-1.0,2025-12-04 11:01:00,2,-2.0,-2.0,0.5,-14.5,11.0,-0.3448275862068966,-0.18181818181818182,12.244736842105263,1.8783580485708145,188126.0,0.7820449665671059,2.0,-0.5,14.5,0.18181818181818182,0.3448275862068966,0.17488326086956524
2025-12-05,2025-12-05 10:04:00,2025-12-05 10:09:00,2025-12-05 10:11:00,long,5339.0,5341.0,5335.0,5341.0,2.0,20.0,limit_touch,take_profit,1.0,2025-12-05 10:04:00,1,5.0,4.0,6.0,14.0,13.0,0.65,0.3076923076923077,12.244736842105263,1.4291854717386632,84440.0,0.6093240873157665,4.0,6.0,14.0,0.3076923076923077,0.65,0.18435115942028985
2025-12-05,2025-12-05 11:56:00,2025-12-05 12:09:00,2025-12-05 12:25:00,long,5365.5,5368.0,5360.0,5368.0,2.5,25.0,limit_touch,take_profit,1.0,2025-12-05 11:56:00,2,2.0,7.0,14.5,45.0,21.0,0.5777777777777777,0.3333333333333333,12.244736842105263,4.28755641521599,258845.0,0.8099784851665098,7.0,14.5,45.0,0.3333333333333333,0.5777777777777777,0.5003452173913043
2025-12-05,2025-12-05 12:54:00,2025-12-05 12:54:00,2025-12-05 12:54:00,long,5381.0,5384.0,5374.5,5384.0,3.0,30.0,limit_touch,take_profit,1.0,2025-12-05 12:54:00,3,14.0,16.5,16.0,54.0,23.5,0.9007832898172323,0.7021276595744681,12.244736842105263,5.961745110681281,340039.0,0.8829217723660303,16.5,16.0,54.0,0.7021276595744681,0.9007832898172323,0.7831378985507246
2025-12-05,2025-12-05 13:14:00,2025-12-05 13:21:00,2025-12-05 13:23:00,long,5412.0,5416.0,5403.5,5416.0,4.0,40.0,limit_touch,take_profit,1.0,2025-12-05 13:14:00,4,5.5,15.5,54.5,93.5,52.5,0.7031136857349747,0.29523809523809524,12.244736842105263,9.350956372232968,475019.0,1.172809149487723,15.5,54.5,93.5,0.29523809523809524,0.7031136857349747,0.7461278985507246
2025-12-05,2025-12-05 13:32:00,2025-12-05 14:01:00,2025-12-05 14:07:00,long,5427.5,5432.0,5417.5,5432.0,4.5,45.0,limit_touch,take_profit,1.0,2025-12-05 13:32:00,5,20.0,17.0,42.5,119.5,75.0,0.37488015340364333,0.22666666666666666,12.244736842105263,11.02514506769826,582795.0,1.392167873762638,17.0,42.5,119.5,0.22666666666666666,0.37488015340364333,0.7663658695652175
2025-12-08,2025-12-08 10:53:00,2025-12-08 11:34:00,2025-12-08 11:45:00,short,5427.0,5441.0,5441.0,5420.5,-14.0,-140.0,limit_touch,stop_loss,-1.0,2025-12-08 10:53:00,1,-2.0,-16.0,-19.5,-35.5,34.0,-0.5040650406504065,-0.47058823529411764,19.02,2.6813880126182967,312244.0,1.4091595854441359,16.0,19.5,35.5,0.47058823529411764,0.5040650406504065,0.7400450724637682
2025-12-08,2025-12-08 12:33:00,2025-12-08 12:51:00,2025-12-08 13:17:00,long,5475.0,5461.5,5461.5,5481.5,-13.5,-135.0,limit_touch,stop_loss,1.0,2025-12-08 12:33:00,2,6.5,10.5,33.0,39.0,33.5,0.4457831325301205,0.31343283582089554,19.02,4.2586750788643535,523155.0,1.4380966670828184,10.5,33.0,39.0,0.31343283582089554,0.4457831325301205,0.6498263768115942
2025-12-09,2025-12-09 10:02:00,2025-12-09 10:17:00,2025-12-09 10:19:00,long,5484.5,5489.0,5475.0,5489.0,4.5,45.0,limit_touch,take_profit,1.0,2025-12-09 10:02:00,1,7.0,9.5,26.5,46.5,26.5,0.4809688581314879,0.3584905660377358,19.9,2.5879396984924625,196068.0,1.4776835997454143,9.5,26.5,46.5,0.3584905660377358,0.4809688581314879,0.6467749275362319
2025-12-09,2025-12-09 10:35:00,2025-12-09 10:47:00,2025-12-09 10:52:00,long,5503.0,5492.5,5492.5,5508.0,-10.5,-105.0,limit_touch,stop_loss,1.0,2025-12-09 10:35:00,2,25.0,29.5,27.0,70.0,50.5,0.7240684793554885,0.5841584158415841,19.9,3.819095477386935,302946.0,1.5716617440444542,29.5,27.0,70.0,0.5841584158415841,0.7240684793554885,0.928375652173913
2025-12-10,2025-12-10 10:20:00,2025-12-10 10:48:00,2025-12-10 10:49:00,long,5480.5,5484.0,5472.5,5484.0,3.5,35.0,limit_touch,take_profit,1.0,2025-12-10 10:20:00,1,9.5,14.0,26.0,42.0,22.0,0.7608695652173914,0.6363636363636364,20.314285714285713,2.485935302390999,187672.0,1.1115579591902007,14.0,26.0,42.0,0.6363636363636364,0.7608695652173914,0.7541045652173912
2025-12-10,2025-12-10 12:39:00,2025-12-10 13:41:00,2025-12-10 14:02:00,long,5497.0,5501.0,5489.0,5501.0,4.0,40.0,limit_touch,take_profit,1.0,2025-12-10 12:39:00,2,10.5,18.5,25.5,63.0,30.5,0.71671388101983,0.6065573770491803,20.314285714285713,3.568917018284107,392839.0,1.0489588354793438,18.5,25.5,63.0,0.6065573770491803,0.71671388101983,0.8383776811594202
2025-12-11,2025-12-11 10:03:00,2025-12-11 10:07:00,2025-12-11 10:08:00,short,5472.5,5469.0,5480.5,5469.0,3.5,35.0,limit_touch,take_profit,-1.0,2025-12-11 10:03:00,1,-2.5,-10.0,-14.0,-32.0,19.0,-0.29333333333333333,-0.5263157894736842,20.49375,1.781030802073803,140261.0,1.0319330962505324,10.0,14.0,32.0,0.5263157894736842,0.29333333333333333,0.5762985507246375
2025-12-12,2025-12-12 10:04:00,2025-12-12 10:10:00,2025-12-12 10:14:00,short,5422.0,5419.5,5428.0,5419.5,2.5,25.0,limit_touch,take_profit,-1.0,2025-12-12 10:04:00,1,-8.0,-13.5,-12.5,-12.0,26.5,-0.5813953488372093,-0.5094339622641509,20.966666666666665,1.1446740858505566,127864.0,0.9200251021468618,13.5,12.5,12.0,0.5094339622641509,0.5813953488372093,0.438121231884058
2025-12-12,2025-12-12 10:16:00,2025-12-12 10:16:00,2025-12-12 10:16:00,short,5412.0,5409.0,5418.0,5409.0,3.0,30.0,limit_touch,take_profit,-1.0,2025-12-12 10:16:00,2,-11.0,-12.0,-23.0,-18.5,27.0,-0.7861271676300579,-0.4444444444444444,20.966666666666665,1.7885532591414945,158419.0,0.9778162931936657,12.0,23.0,18.5,0.4444444444444444,0.7861271676300579,0.48609782608695656
2025-12-12,2025-12-12 10:20:00,2025-12-12 10:32:00,2025-12-12 10:36:00,short,5409.5,5416.0,5416.0,5406.5,-6.5,-65.0,limit_touch,stop_loss,-1.0,2025-12-12 10:20:00,3,-8.0,-13.0,-25.5,-23.5,27.0,-0.8412698412698413,-0.48148148148148145,20.966666666666665,1.9554848966613674,173440.0,1.0219493636974644,13.0,25.5,23.5,0.48148148148148145,0.8412698412698413,0.5679031884057971
2025-12-12,2025-12-12 12:35:00,2025-12-12 12:42:00,2025-12-12 12:58:00,long,5434.5,5438.0,5427.0,5438.0,3.5,35.0,limit_touch,take_profit,1.0,2025-12-12 12:35:00,4,0.0,17.5,22.5,8.0,44.5,0.5303197353914002,0.39325842696629215,20.966666666666665,2.2416534181240064,389012.0,1.0463017735299016,17.5,22.5,8.0,0.39325842696629215,0.5303197353914002,0.5096470289855072
2025-12-15,2025-12-15 10:02:00,2025-12-15 10:07:00,2025-12-15 10:46:00,short,5407.0,5403.5,5414.0,5403.5,3.5,35.0,limit_touch,take_profit,-1.0,2025-12-15 10:02:00,1,-10.0,-11.0,-23.0,-18.5,24.0,-0.7401574803149606,-0.4583333333333333,20.279999999999998,1.5532544378698228,120026.0,0.9029515983608459,11.0,23.0,18.5,0.4583333333333333,0.7401574803149606,0.4348322463768116
2025-12-15,2025-12-15 12:29:00,2025-12-15 12:46:00,2025-12-15 13:04:00,long,5423.0,5416.0,5416.0,5426.0,-7.0,-70.0,limit_touch,stop_loss,1.0,2025-12-15 12:29:00,2,5.5,5.5,4.0,10.0,20.5,0.18974358974358974,0.2682926829268293,20.279999999999998,1.5779092702169628,333751.0,0.9165108488471495,5.5,4.0,10.0,0.2682926829268293,0.18974358974358974,0.23591021739130436
2025-12-16,2025-12-16 12:37:00,2025-12-16 13:57:00,2025-12-16 14:03:00,long,5477.0,5469.0,5469.0,5481.0,-8.0,-80.0,limit_touch,stop_loss,1.0,2025-12-16 12:37:00,1,10.5,12.5,20.0,51.0,20.5,0.6208530805687204,0.6097560975609756,19.663636363636364,3.00046232085067,513615.0,1.3757324157170874,12.5,20.0,51.0,0.6097560975609756,0.6208530805687204,0.7953388405797102
2025-12-17,2025-12-17 13:03:00,2025-12-17 13:19:00,2025-12-17 13:27:00,long,5533.5,5538.0,5524.0,5538.0,4.5,45.0,limit_touch,take_profit,1.0,2025-12-17 13:03:00,1,3.0,6.5,11.5,24.0,17.5,0.45132743362831856,0.37142857142857144,20.724999999999998,2.2436670687575395,528280.0,1.303309131687684,6.5,11.5,24.0,0.37142857142857144,0.45132743362831856,0.4882615942028986
2025-12-18,2025-12-18 12:55:00,2025-12-18 13:00:00,2025-12-18 13:01:00,short,5529.0,5524.5,5538.5,5524.5,4.5,45.0,limit_touch,take_profit,-1.0,2025-12-18 12:55:00,1,-5.0,-7.0,-8.0,4.0,15.0,-0.6785714285714286,-0.4666666666666667,20.20384615384615,2.8212450028555116,494288.0,1.2541261829236794,7.0,8.0,-4.0,0.4666666666666667,0.6785714285714286,0.43261753623188404
2025-12-18,2025-12-18 13:05:00,2025-12-18 13:18:00,2025-12-18 14:13:00,short,5528.0,5538.0,5538.0,5523.5,-10.0,-100.0,limit_touch,stop_loss,-1.0,2025-12-18 13:05:00,2,-6.5,-9.5,-12.5,-0.5,31.5,-0.41950113378684806,-0.30158730158730157,20.20384615384615,2.870740529221398,521628.0,1.2760229101007432,9.5,12.5,0.5,0.30158730158730157,0.41950113378684806,0.4192086956521739
2025-12-19,2025-12-19 10:47:00,2025-12-19 10:48:00,2025-12-19 10:50:00,short,5536.5,5533.0,5543.5,5533.0,3.5,35.0,limit_touch,take_profit,-1.0,2025-12-19 10:47:00,1,-7.0,-4.5,-8.0,-4.0,22.5,-0.3507853403141361,-0.2,20.00357142857143,1.349758971612212,228341.0,1.0446904323981026,4.5,8.0,4.0,0.2,0.3507853403141361,0.20883942028985508
2025-12-19,2025-12-19 11:01:00,2025-12-19 11:05:00,2025-12-19 11:20:00,short,5525.5,5522.0,5533.0,5522.0,3.5,35.0,limit_touch,take_profit,-1.0,2025-12-19 11:01:00,2,-14.0,-15.0,-20.0,-18.5,26.0,-0.7873563218390804,-0.5769230769230769,20.00357142857143,2.0746295304409927,260788.0,1.0718052852268256,15.0,20.0,18.5,0.5769230769230769,0.7873563218390804,0.6107508695652174
2025-12-19,2025-12-19 11:38:00,2025-12-19 12:11:00,2025-12-19 12:31:00,short,5520.0,5516.5,5528.0,5516.5,3.5,35.0,limit_touch,take_profit,-1.0,2025-12-19 11:38:00,3,-6.5,-11.5,-13.0,-24.5,24.5,-0.5483870967741935,-0.46938775510204084,20.00357142857143,2.424567041599714,326588.0,1.0895147422387848,11.5,13.0,24.5,0.46938775510204084,0.5483870967741935,0.5868505797101449
2025-12-22,2025-12-22 10:05:00,2025-12-22 10:09:00,2025-12-22 10:09:00,short,5532.0,5539.0,5539.0,5529.0,-7.0,-70.0,limit_touch,stop_loss,-1.0,2025-12-22 10:05:00,1,-9.5,-10.5,-6.5,-12.5,32.5,-0.13381995133819952,-0.3230769230769231,19.72,1.3691683569979718,130285.0,0.9143886103050056,10.5,6.5,12.5,0.3230769230769231,0.13381995133819952,0.3362371014492754
2025-12-22,2025-12-22 11:30:00,2025-12-22 11:44:00,2025-12-22 11:46:00,long,5551.5,5554.5,5544.5,5554.5,3.0,30.0,limit_touch,take_profit,1.0,2025-12-22 11:30:00,2,3.0,12.5,16.5,20.0,26.5,0.5020746887966805,0.4716981132075472,19.72,1.8002028397565923,270845.0,0.9470654038506311,12.5,16.5,20.0,0.4716981132075472,0.5020746887966805,0.5020950724637682
2025-12-23,2025-12-23 10:50:00,2025-12-23 10:51:00,2025-12-23 11:05:00,short,5582.5,5579.0,5590.5,5579.0,3.5,35.0,limit_touch,take_profit,-1.0,2025-12-23 10:50:00,1,-12.5,-16.0,-8.0,-10.0,40.0,-0.6537102473498233,-0.4,20.15625,1.3643410852713178,218180.0,0.9837133623920583,16.0,8.0,10.0,0.4,0.6537102473498233,0.4442852173913044
2025-12-26,2025-12-26 11:50:00,2025-12-26 11:56:00,2025-12-26 11:57:00,short,5548.5,5545.5,5555.0,5545.5,3.0,30.0,limit_touch,take_profit,-1.0,2025-12-26 11:50:00,1,-3.5,-3.0,-2.0,-7.5,10.0,-0.5357142857142857,-0.3,20.382352941176467,1.422799422799423,246023.0,0.7834674524386568,3.0,2.0,7.5,0.3,0.5357142857142857,0.14912478260869566
2025-12-26,2025-12-26 12:13:00,2025-12-26 12:26:00,2025-12-26 12:27:00,short,5535.0,5531.5,5542.0,5531.5,3.5,35.0,limit_touch,take_profit,-1.0,2025-12-26 12:13:00,2,-6.5,-19.0,-18.0,-23.0,23.0,-0.9491525423728814,-0.8260869565217391,20.382352941176467,2.3059163059163064,284906.0,0.8174781507095923,19.0,18.0,23.0,0.8260869565217391,0.9491525423728814,0.6500213768115941
2025-12-29,2025-12-29 10:13:00,2025-12-29 11:22:00,2025-12-29 11:25:00,long,5572.0,5575.0,5565.5,5575.0,3.0,30.0,limit_touch,take_profit,1.0,2025-12-29 10:13:00,1,11.0,18.5,15.0,34.0,21.5,0.9368421052631579,0.8604651162790697,20.03333333333333,1.9217970049916808,131152.0,0.8436065802239505,18.5,15.0,34.0,0.8604651162790697,0.9368421052631579,0.6910482608695653
2025-12-29,2025-12-29 12:22:00,2025-12-29 12:26:00,2025-12-29 12:40:00,long,5572.5,5566.5,5566.5,5575.5,-6.0,-60.0,limit_touch,stop_loss,1.0,2025-12-29 12:22:00,2,9.0,7.5,12.0,35.0,17.5,0.6994219653179191,0.42857142857142855,20.03333333333333,1.9467554076539104,279331.0,0.7809664036723248,7.5,12.0,35.0,0.42857142857142855,0.6994219653179191,0.4492535507246377
2026-01-02,2026-01-02 10:54:00,2026-01-02 11:01:00,2026-01-02 11:13:00,short,5471.5,5468.0,5479.0,5468.0,3.5,35.0,limit_touch,take_profit,-1.0,2026-01-02 10:54:00,1,-8.0,-12.5,-15.0,-45.0,28.5,-0.6796338672768879,-0.43859649122807015,20.099999999999998,2.437810945273632,196177.0,0.86943014182857,12.5,15.0,45.0,0.43859649122807015,0.6796338672768879,0.6054572463768115
2026-01-02,2026-01-02 11:24:00,2026-01-02 11:33:00,2026-01-02 11:39:00,short,5470.0,5477.5,5477.5,5466.5,-7.5,-75.0,limit_touch,stop_loss,-1.0,2026-01-02 11:24:00,2,-6.5,-11.5,-2.5,-47.5,30.5,-0.49682875264270615,-0.3770491803278688,20.099999999999998,2.537313432835821,240133.0,0.8772274945445666,11.5,2.5,47.5,0.3770491803278688,0.49682875264270615,0.5800034782608695
2026-01-05,2026-01-05 10:07:00,2026-01-05 10:09:00,2026-01-05 10:13:00,long,5479.5,5482.5,5473.0,5482.5,3.0,30.0,limit_touch,take_profit,1.0,2026-01-05 10:07:00,1,6.5,5.5,18.0,28.0,19.5,0.35403726708074534,0.28205128205128205,20.099999999999998,1.6169154228855722,137947.0,0.9677671686529691,5.5,18.0,28.0,0.28205128205128205,0.35403726708074534,0.3662663043478261
2026-01-05,2026-01-05 10:23:00,2026-01-05 10:43:00,2026-01-05 10:47:00,long,5481.0,5484.0,5474.5,5484.0,3.0,30.0,limit_touch,take_profit,1.0,2026-01-05 10:23:00,2,1.0,1.5,10.0,32.0,21.5,-0.2532188841201717,0.06976744186046512,20.099999999999998,1.7164179104477615,172605.0,1.0062134503989324,1.5,10.0,32.0,0.06976744186046512,-0.2532188841201717,0.30260275362318845
2026-01-05,2026-01-05 12:28:00,2026-01-05 12:36:00,2026-01-05 12:38:00,short,5461.0,5457.5,5468.0,5457.5,3.5,35.0,limit_touch,take_profit,-1.0,2026-01-05 12:28:00,3,-8.0,-15.5,-18.0,-3.0,21.5,-0.7551020408163265,-0.7209302325581395,20.099999999999998,1.8905472636815923,364698.0,1.0116517193480956,15.5,18.0,3.0,0.7209302325581395,0.7551020408163265,0.5409623188405798
2026-01-06,2026-01-06 10:16:00,2026-01-06 10:29:00,2026-01-06 10:35:00,short,5428.0,5425.5,5434.0,5425.5,2.5,25.0,limit_touch,take_profit,-1.0,2026-01-06 10:16:00,1,-10.5,-13.0,-19.0,-27.0,26.0,-0.6433566433566433,-0.5,20.099999999999998,1.592039800995025,173849.0,1.0968745258127681,13.0,19.0,27.0,0.5,0.6433566433566433,0.5908528260869566
2026-01-06,2026-01-06 11:51:00,2026-01-06 12:23:00,2026-01-06 12:31:00,short,5411.0,5417.5,5417.5,5408.0,-6.5,-65.0,limit_touch,stop_loss,-1.0,2026-01-06 11:51:00,2,-1.0,-11.5,-9.0,-47.5,19.5,-0.785234899328859,-0.5897435897435898,20.099999999999998,2.711442786069652,332456.0,1.0738844699468784,11.5,9.0,47.5,0.5897435897435898,0.785234899328859,0.7250281884057971
2026-01-07,2026-01-07 10:06:00,2026-01-07 10:15:00,2026-01-07 10:22:00,long,5418.5,5413.0,5413.0,5421.0,-5.5,-55.0,limit_touch,stop_loss,1.0,2026-01-07 10:06:00,1,6.0,4.5,7.0,19.0,17.5,0.5238095238095238,0.2571428571428571,20.099999999999998,1.1442786069651742,121205.0,0.8689384870220812,4.5,7.0,19.0,0.2571428571428571,0.5238095238095238,0.23444391304347825
2026-01-07,2026-01-07 11:37:00,2026-01-07 11:45:00,2026-01-07 11:53:00,long,5424.5,5427.5,5418.5,5427.5,3.0,30.0,limit_touch,take_profit,1.0,2026-01-07 11:37:00,2,2.5,6.0,9.0,25.5,18.0,0.4482758620689655,0.3333333333333333,20.099999999999998,1.5671641791044777,266432.0,0.9184799832873267,6.0,9.0,25.5,0.3333333333333333,0.4482758620689655,0.3567178260869565
2026-01-07,2026-01-07 12:18:00,2026-01-07 12:21:00,2026-01-07 12:24:00,long,5426.0,5429.0,5419.5,5429.0,3.0,30.0,better_open,take_profit,1.0,2026-01-07 12:18:00,3,4.5,3.0,8.0,28.0,24.0,0.09016393442622951,0.125,20.099999999999998,1.6417910447761195,330238.0,0.949691186972112,3.0,8.0,28.0,0.125,0.09016393442622951,0.28384210144927535
2026-01-08,2026-01-08 10:03:00,2026-01-08 10:03:00,2026-01-08 10:03:00,short,5412.0,5410.0,5417.0,5410.0,2.0,20.0,limit_touch,take_profit,-1.0,2026-01-08 10:03:00,1,0.0,-2.5,-8.0,-12.5,24.5,0.12340425531914893,-0.10204081632653061,20.099999999999998,1.0447761194029852,111581.0,0.846279446431919,2.5,8.0,12.5,0.10204081632653061,-0.12340425531914893,0.12796253623188408
2026-01-08,2026-01-08 11:15:00,2026-01-08 11:18:00,2026-01-08 11:21:00,long,5423.0,5425.5,5418.0,5425.5,2.5,25.0,limit_touch,take_profit,1.0,2026-01-08 11:15:00,2,2.5,10.0,9.5,3.5,16.0,0.84375,0.625,20.099999999999998,1.0945273631840797,223409.0,0.8687909534272532,10.0,9.5,3.5,0.625,0.84375,0.37100391304347824
2026-01-09,2026-01-09 10:29:00,2026-01-09 10:29:00,2026-01-09 10:29:00,short,5405.0,5402.5,5410.0,5402.5,2.5,25.0,limit_touch,take_profit,-1.0,2026-01-09 10:29:00,1,-1.0,-13.5,-14.0,-25.5,23.5,-0.7320574162679426,-0.574468085106383,13.41,2.348993288590604,147625.0,0.8302510390440607,13.5,14.0,25.5,0.574468085106383,0.7320574162679426,0.572524927536232
2026-01-09,2026-01-09 10:32:00,2026-01-09 10:33:00,2026-01-09 10:34:00,short,5399.5,5397.0,5405.0,5397.0,2.5,25.0,limit_touch,take_profit,-1.0,2026-01-09 10:32:00,2,-4.5,-17.0,-22.5,-33.0,31.0,-0.7684210526315789,-0.5483870967741935,13.41,2.870991797166294,165681.0,0.9036386398088015,17.0,22.5,33.0,0.5483870967741935,0.7684210526315789,0.6791301449275362
2026-01-09,2026-01-09 10:43:00,2026-01-09 10:50:00,2026-01-09 10:52:00,short,5395.0,5392.5,5401.0,5392.5,2.5,25.0,limit_touch,take_profit,-1.0,2026-01-09 10:43:00,3,-8.5,-15.0,-30.0,-42.0,42.0,-0.5854430379746836,-0.35714285714285715,13.41,3.3184190902311705,209867.0,1.0375451154666733,15.0,30.0,42.0,0.35714285714285715,0.5854430379746836,0.6740013768115942
2026-01-09,2026-01-09 13:10:00,2026-01-09 14:54:00,2026-01-09 17:55:00,short,5393.5,5395.5,5399.5,5390.5,-2.0,-20.0,limit_touch,time_cutoff,-1.0,2026-01-09 13:10:00,4,-1.0,1.0,1.0,-43.0,9.0,0.1111111111111111,0.1111111111111111,13.41,3.5048471290082026,412627.0,1.0120741920063143,-1.0,-1.0,43.0,-0.1111111111111111,-0.1111111111111111,0.3874484057971014
2026-01-12,2026-01-12 10:01:00,2026-01-12 10:06:00,2026-01-12 10:08:00,long,5403.5,5406.0,5397.5,5406.0,2.5,25.0,limit_touch,take_profit,1.0,2026-01-12 10:01:00,1,26.5,24.0,22.5,20.5,42.0,0.8597122302158273,0.5714285714285714,13.525,2.587800369685767,123487.0,0.9889819021285371,24.0,22.5,20.5,0.5714285714285714,0.8597122302158273,0.6838684057971015
2026-01-12,2026-01-12 11:05:00,2026-01-12 11:11:00,2026-01-12 11:23:00,long,5404.0,5397.5,5397.5,5407.0,-6.5,-65.0,limit_touch,stop_loss,1.0,2026-01-12 11:05:00,2,5.5,6.0,15.5,23.0,19.0,0.3484848484848485,0.3157894736842105,13.525,2.6617375231053604,254457.0,1.073711535889194,6.0,15.5,23.0,0.3157894736842105,0.3484848484848485,0.43684152173913043
2026-01-13,2026-01-13 10:32:00,2026-01-13 10:32:00,2026-01-13 10:32:00,short,5395.5,5393.0,5400.5,5393.0,2.5,25.0,limit_touch,take_profit,-1.0,2026-01-13 10:32:00,1,-10.0,-14.5,-10.5,-4.5,22.5,-0.9067055393586005,-0.6444444444444445,13.135714285714284,1.5986949429037522,159181.0,0.8802850133865009,14.5,10.5,4.5,0.6444444444444445,0.9067055393586005,0.4627744927536232
2026-01-13,2026-01-13 11:34:00,2026-01-13 11:40:00,2026-01-13 11:49:00,short,5394.0,5399.5,5399.5,5391.5,-5.5,-55.0,limit_touch,stop_loss,-1.0,2026-01-13 11:34:00,2,-1.0,-3.5,-8.0,-5.5,13.5,-0.3972602739726027,-0.25925925925925924,13.135714285714284,1.7128874388254487,261781.0,0.9475409232799916,3.5,8.0,5.5,0.25925925925925924,0.3972602739726027,0.2008417391304348
2026-01-13,2026-01-13 12:27:00,2026-01-13 12:35:00,2026-01-13 12:50:00,long,5408.0,5402.5,5402.5,5410.5,-5.5,-55.0,limit_touch,stop_loss,1.0,2026-01-13 12:27:00,3,6.5,12.0,13.0,15.0,17.0,0.8985507246376812,0.7058823529411765,13.135714285714284,1.9793365959760743,340336.0,0.979765458845711,12.0,13.0,15.0,0.7058823529411765,0.8985507246376812,0.5508063768115943
2026-01-13,2026-01-13 13:27:00,2026-01-13 13:33:00,2026-01-13 14:15:00,long,5411.5,5405.5,5405.5,5414.0,-6.0,-60.0,limit_touch,stop_loss,1.0,2026-01-13 13:27:00,4,0.0,11.0,15.0,19.0,18.0,0.5909090909090909,0.6111111111111112,13.135714285714284,2.321914083741164,403652.0,0.9786756130512225,11.0,15.0,19.0,0.6111111111111112,0.5909090909090909,0.5573648550724638
2026-01-14,2026-01-14 10:44:00,2026-01-14 10:48:00,2026-01-14 10:54:00,short,5386.0,5391.0,5391.0,5383.5,-5.0,-50.0,limit_touch,stop_loss,-1.0,2026-01-14 10:44:00,1,-6.5,-8.0,-4.0,-9.5,18.0,-0.6,-0.4444444444444444,12.6375,1.8991097922848665,173085.0,0.870876907158036,8.0,4.0,9.5,0.4444444444444444,0.6,0.3410145652173913
2026-01-14,2026-01-14 11:08:00,2026-01-14 11:19:00,2026-01-14 11:19:00,long,5406.5,5409.5,5400.5,5409.5,3.0,30.0,limit_touch,take_profit,1.0,2026-01-14 11:08:00,2,15.5,26.5,21.0,19.0,32.5,0.9713408393039918,0.8153846153846154,12.6375,2.7695351137487636,228134.0,0.9615617380472669,26.5,21.0,19.0,0.8153846153846154,0.9713408393039918,0.7152797101449275
2026-01-15,2026-01-15 10:27:00,2026-01-15 10:27:00,2026-01-15 10:31:00,long,5410.5,5413.5,5404.0,5413.5,3.0,30.0,limit_touch,take_profit_gap_open,1.0,2026-01-15 10:27:00,1,10.0,11.0,8.5,1.0,20.0,0.7252747252747253,0.55,13.433333333333334,1.2655086848635235,131764.0,0.7786698835793064,11.0,8.5,1.0,0.55,0.7252747252747253,0.34321775362318846
2026-01-15,2026-01-15 10:47:00,2026-01-15 10:50:00,2026-01-15 10:56:00,long,5417.0,5420.0,5410.5,5420.0,3.0,30.0,limit_touch,take_profit,1.0,2026-01-15 10:47:00,2,7.0,9.0,22.0,10.0,18.0,0.711864406779661,0.5,13.433333333333334,1.935483870967742,169144.0,0.8378022105752568,9.0,22.0,10.0,0.5,0.711864406779661,0.3757942028985507
2026-01-16,2026-01-16 11:30:00,2026-01-16 11:36:00,2026-01-16 11:46:00,long,5405.0,5399.5,5399.5,5407.5,-5.5,-55.0,limit_touch,stop_loss,1.0,2026-01-16 11:30:00,1,2.5,7.5,11.5,21.0,16.5,0.4634146341463415,0.45454545454545453,13.62,2.3127753303964758,173217.0,0.652043880404604,7.5,11.5,21.0,0.45454545454545453,0.4634146341463415,0.39134768115942026
2026-01-19,2026-01-19 10:12:00,2026-01-19 10:15:00,2026-01-19 10:38:00,short,5381.5,5379.0,5386.5,5379.0,2.5,25.0,limit_touch,take_profit,-1.0,2026-01-19 10:12:00,1,-7.5,-8.5,-8.5,-17.5,28.5,-0.32344213649851633,-0.2982456140350877,13.24090909090909,1.8503261242705116,93383.0,0.6586945105499066,8.5,8.5,17.5,0.2982456140350877,0.32344213649851633,0.3048989130434782
2026-01-19,2026-01-19 13:15:00,2026-01-19 13:27:00,2026-01-19 13:30:00,short,5372.0,5370.0,5377.0,5370.0,2.0,20.0,limit_touch,take_profit_gap_open,-1.0,2026-01-19 13:15:00,2,-7.5,-11.0,-16.0,-32.0,21.0,-0.6103896103896104,-0.5238095238095238,13.24090909090909,2.832131822863028,228285.0,0.5759111540019836,11.0,16.0,32.0,0.5238095238095238,0.6103896103896104,0.5427580434782608
2026-01-20,2026-01-20 10:34:00,2026-01-20 10:34:00,2026-01-20 10:34:00,long,5413.5,5416.0,5408.0,5416.0,2.5,25.0,limit_touch,take_profit,1.0,2026-01-20 10:34:00,1,6.5,10.0,9.5,20.5,20.0,0.35714285714285715,0.5,13.075000000000001,2.6768642447418736,216471.0,1.2217202997538172,10.0,9.5,20.5,0.5,0.35714285714285715,0.5866321014492752
2026-01-20,2026-01-20 10:35:00,2026-01-20 10:35:00,2026-01-20 10:41:00,long,5415.0,5417.5,5409.5,5417.5,2.5,25.0,limit_touch,take_profit,1.0,2026-01-20 10:35:00,2,12.0,18.0,19.5,28.0,27.0,0.7295918367346939,0.6666666666666666,13.075000000000001,2.8298279158699806,225606.0,1.2612050560902677,18.0,19.5,28.0,0.6666666666666666,0.7295918367346939,0.7786609420289855
2026-01-20,2026-01-20 12:35:00,2026-01-20 14:39:00,2026-01-20 15:09:00,short,5386.0,5392.5,5392.5,5383.0,-6.5,-65.0,limit_touch,stop_loss,-1.0,2026-01-20 12:35:00,3,-2.5,-11.0,-16.5,-19.5,25.0,-0.639344262295082,-0.44,13.075000000000001,3.8623326959847035,426295.0,1.2271650844265225,11.0,16.5,19.5,0.44,0.639344262295082,0.5900576086956522
2026-01-21,2026-01-21 10:00:00,2026-01-21 10:00:00,2026-01-21 10:00:00,short,5364.5,5362.0,5370.0,5362.0,2.5,25.0,limit_touch,take_profit,-1.0,2026-01-21 10:00:00,1,-5.0,-5.0,-9.5,-20.0,26.0,-0.35772357723577236,-0.19230769230769232,13.234615384615383,2.1156640511479226,114718.0,1.001108726299939,5.0,9.5,20.0,0.19230769230769232,0.35772357723577236,0.32873231884057974
2026-01-21,2026-01-21 10:09:00,2026-01-21 10:20:00,2026-01-21 10:28:00,short,5364.0,5361.5,5369.5,5361.5,2.5,25.0,limit_touch,take_profit,-1.0,2026-01-21 10:09:00,2,0.0,-5.0,-3.5,-22.0,27.0,-0.3333333333333333,-0.18518518518518517,13.234615384615383,2.1912234815460625,138086.0,1.0196029495429966,5.0,3.5,22.0,0.18518518518518517,0.3333333333333333,0.34933557971014495
2026-01-21,2026-01-21 11:06:00,2026-01-21 11:15:00,2026-01-21 11:32:00,short,5362.5,5360.0,5368.5,5360.0,2.5,25.0,limit_touch,take_profit,-1.0,2026-01-21 11:06:00,3,0.0,-5.5,-6.0,-23.0,14.5,-0.46564885496183206,-0.3793103448275862,13.234615384615383,2.3045626271432726,227198.0,0.9962036938786428,5.5,6.0,23.0,0.3793103448275862,0.46564885496183206,0.4145197826086957
2026-01-21,2026-01-21 11:55:00,2026-01-21 12:26:00,2026-01-21 12:42:00,short,5348.0,5345.0,5354.5,5345.0,3.0,30.0,limit_touch,take_profit,-1.0,2026-01-21 11:55:00,4,-3.5,-8.0,-22.5,-42.0,23.0,-0.4322033898305085,-0.34782608695652173,13.234615384615383,3.777971519907004,326212.0,1.0988842064449669,8.0,22.5,42.0,0.34782608695652173,0.4322033898305085,0.5909434782608696
2026-01-21,2026-01-21 13:38:00,2026-01-21 14:32:00,2026-01-21 14:40:00,short,5344.0,5341.0,5350.5,5341.0,3.0,30.0,limit_touch,take_profit,-1.0,2026-01-21 13:38:00,5,0.5,-4.5,-0.5,-49.0,12.5,-0.6144578313253012,-0.36,13.234615384615383,4.193548387096775,454018.0,1.0974554144184292,4.5,0.5,49.0,0.36,0.6144578313253012,0.5534973913043478
2026-01-22,2026-01-22 10:57:00,2026-01-22 10:57:00,2026-01-22 10:57:00,long,5332.0,5334.5,5326.5,5334.5,2.5,25.0,limit_touch,take_profit,1.0,2026-01-22 10:57:00,1,1.0,3.5,5.5,4.5,18.5,0.25217391304347825,0.1891891891891892,13.553571428571429,1.5494071146245059,177985.0,0.8338613729185382,3.5,5.5,4.5,0.1891891891891892,0.25217391304347825,0.13768985507246378
2026-01-22,2026-01-22 12:29:00,2026-01-22 12:34:00,2026-01-22 12:39:00,short,5319.0,5316.5,5324.5,5316.5,2.5,25.0,limit_touch,take_profit,-1.0,2026-01-22 12:29:00,2,-1.5,-9.5,-10.0,-12.0,21.5,-0.5076923076923077,-0.4418604651162791,13.553571428571429,1.7707509881422925,295812.0,0.8665443099231996,9.5,10.0,12.0,0.4418604651162791,0.5076923076923077,0.36958449275362315
2026-01-22,2026-01-22 13:07:00,2026-01-22 13:53:00,2026-01-22 14:02:00,short,5309.5,5307.0,5315.5,5307.0,2.5,25.0,limit_touch,take_profit,-1.0,2026-01-22 13:07:00,3,-2.5,-9.5,-15.5,-24.5,19.5,-0.6546762589928058,-0.48717948717948717,13.553571428571429,2.6930171277997363,353316.0,0.9117227187890283,9.5,15.5,24.5,0.48717948717948717,0.6546762589928058,0.5170188405797101
2026-01-23,2026-01-23 10:06:00,2026-01-23 10:10:00,2026-01-23 10:12:00,short,5291.5,5297.0,5297.0,5289.0,-5.5,-55.0,limit_touch,stop_loss,-1.0,2026-01-23 10:06:00,1,-3.5,-13.5,-17.5,-10.5,21.5,-0.6947791164658634,-0.627906976744186,13.57,1.6212232866617537,102648.0,0.7912345079007442,13.5,17.5,10.5,0.627906976744186,0.6947791164658634,0.4515209420289855
2026-01-23,2026-01-23 11:19:00,2026-01-23 11:23:00,2026-01-23 11:35:00,long,5306.5,5309.0,5301.0,5309.0,2.5,25.0,limit_touch,take_profit,1.0,2026-01-23 11:19:00,2,2.5,8.5,8.0,12.5,21.5,0.38181818181818183,0.3953488372093023,13.57,1.989683124539425,211328.0,0.8547381664648633,8.5,8.0,12.5,0.3953488372093023,0.38181818181818183,0.34765695652173917
2026-01-23,2026-01-23 11:40:00,2026-01-23 11:52:00,2026-01-23 11:52:00,long,5307.5,5310.0,5302.0,5310.0,2.5,25.0,limit_touch,take_profit,1.0,2026-01-23 11:40:00,3,5.5,5.5,8.5,13.5,20.5,0.3526570048309179,0.2682926829268293,13.57,2.1002210759027267,236741.0,0.8543890651365154,5.5,8.5,13.5,0.2682926829268293,0.3526570048309179,0.2697354347826087
2026-01-23,2026-01-23 14:32:00,2026-01-23 14:34:00,2026-01-23 14:44:00,short,5290.5,5296.5,5296.5,5287.5,-6.0,-60.0,limit_touch,stop_loss,-1.0,2026-01-23 14:32:00,4,-3.5,-8.5,-20.5,-14.0,27.5,-0.6339522546419099,-0.3090909090909091,13.57,2.3581429624170966,418226.0,0.9256157302398472,8.5,20.5,14.0,0.3090909090909091,0.6339522546419099,0.36575927536231884
2026-01-26,2026-01-26 12:00:00,2026-01-26 12:14:00,2026-01-26 12:25:00,short,5280.0,5277.0,5286.5,5277.0,3.0,30.0,limit_touch,take_profit,-1.0,2026-01-26 12:00:00,1,-3.5,-4.5,-3.0,-12.0,16.5,-0.5555555555555556,-0.2727272727272727,13.321875,1.8015482054890921,251328.0,0.8309849336699591,4.5,3.0,12.0,0.2727272727272727,0.5555555555555556,0.21938130434782607
2026-01-26,2026-01-26 12:58:00,2026-01-26 13:09:00,2026-01-26 13:44:00,short,5275.5,5282.0,5282.0,5272.5,-6.5,-65.0,limit_touch,stop_loss,-1.0,2026-01-26 12:58:00,2,-3.0,-9.0,-8.5,-20.0,13.0,-0.7560975609756098,-0.6923076923076923,13.321875,2.251935256861365,315878.0,0.84712393150092,9.0,8.5,20.0,0.6923076923076923,0.7560975609756098,0.5027686231884058
2026-01-27,2026-01-27 11:03:00,2026-01-27 11:19:00,2026-01-27 11:25:00,short,5257.5,5255.0,5263.0,5255.0,2.5,25.0,limit_touch,take_profit,-1.0,2026-01-27 11:03:00,1,-2.5,-2.0,-7.5,-31.5,19.0,-0.08653846153846154,-0.10526315789473684,13.06764705882353,2.678370470402881,189140.0,0.8549173265022714,2.0,7.5,31.5,0.10526315789473684,0.08653846153846154,0.30541695652173917
2026-01-28,2026-01-28 10:05:00,2026-01-28 10:12:00,2026-01-28 10:23:00,short,5182.0,5189.5,5189.5,5178.5,-7.5,-75.0,limit_touch,stop_loss,-1.0,2026-01-28 10:05:00,1,-7.5,-18.0,-17.5,-17.0,29.0,-0.7440476190476191,-0.6206896551724138,14.066666666666665,2.3104265402843605,142601.0,1.126426536927534,18.0,17.5,17.0,0.6206896551724138,0.7440476190476191,0.6682454347826087
2026-01-28,2026-01-28 12:08:00,2026-01-28 12:08:00,2026-01-28 12:08:00,long,5199.0,5203.0,5190.5,5203.0,4.0,40.0,limit_touch,take_profit,1.0,2026-01-28 12:08:00,2,10.5,10.5,5.5,8.0,33.5,0.7198538367844093,0.31343283582089554,14.066666666666665,2.345971563981043,374963.0,1.1937479637956228,10.5,5.5,8.0,0.31343283582089554,0.7198538367844093,0.4303708695652174
2026-01-28,2026-01-28 12:09:00,2026-01-28 12:10:00,2026-01-28 12:18:00,long,5200.0,5204.0,5191.5,5204.0,4.0,40.0,limit_touch,take_profit,1.0,2026-01-28 12:09:00,3,21.5,15.0,12.5,14.5,38.0,0.7638603696098563,0.39473684210526316,14.066666666666665,2.4526066350710902,385091.0,1.220511796549145,15.0,12.5,14.5,0.39473684210526316,0.7638603696098563,0.5654526811594204
2026-01-28,2026-01-28 12:20:00,2026-01-28 12:24:00,2026-01-28 12:27:00,long,5201.0,5205.0,5192.5,5205.0,4.0,40.0,limit_touch,take_profit,1.0,2026-01-28 12:20:00,4,7.0,18.5,14.0,12.0,48.5,0.6552330694810906,0.38144329896907214,14.066666666666665,2.5592417061611377,412757.0,1.2543885125590197,18.5,14.0,12.0,0.38144329896907214,0.6552330694810906,0.5872339130434782
2026-01-28,2026-01-28 12:56:00,2026-01-28 13:07:00,2026-01-28 13:10:00,long,5205.5,5209.5,5197.0,5209.5,4.0,40.0,limit_touch,take_profit,1.0,2026-01-28 12:56:00,5,8.0,12.5,12.0,20.5,17.5,0.8967136150234741,0.7142857142857143,14.066666666666665,2.9857819905213274,467082.0,1.2623362471575394,12.5,12.0,20.5,0.7142857142857143,0.8967136150234741,0.6860209420289854
2026-01-28,2026-01-28 13:52:00,2026-01-28 14:32:00,2026-01-28 14:59:00,long,5208.5,5212.0,5200.5,5212.0,3.5,35.0,limit_touch,take_profit,1.0,2026-01-28 13:52:00,6,3.0,2.5,3.0,26.0,14.5,0.4430379746835443,0.1724137931034483,14.066666666666665,3.2701421800947874,542090.0,1.275546849916474,2.5,3.0,26.0,0.1724137931034483,0.4430379746835443,0.4107820289855072
2026-01-29,2026-01-29 11:44:00,2026-01-29 11:51:00,2026-01-29 11:53:00,short,5177.0,5184.5,5184.5,5173.5,-7.5,-75.0,limit_touch,stop_loss,-1.0,2026-01-29 11:44:00,1,-5.0,-7.0,-13.5,-28.0,20.0,-0.5684210526315789,-0.35,14.178947368421053,2.7152932442464737,292184.0,1.0357219575862457,7.0,13.5,28.0,0.35,0.5684210526315789,0.4845316666666667
2026-01-29,2026-01-29 12:17:00,2026-01-29 12:21:00,2026-01-29 12:25:00,long,5231.5,5236.0,5222.0,5236.0,4.5,45.0,limit_touch,take_profit,1.0,2026-01-29 12:17:00,2,20.0,24.0,59.0,32.0,41.0,0.7707423580786026,0.5853658536585366,14.178947368421053,5.994803266518189,417128.0,1.27514303891544,24.0,59.0,32.0,0.5853658536585366,0.7707423580786026,0.8292307971014492
2026-01-30,2026-01-30 10:53:00,2026-01-30 11:06:00,2026-01-30 11:15:00,long,5263.5,5254.0,5254.0,5268.0,-9.5,-95.0,limit_touch,stop_loss,1.0,2026-01-30 10:53:00,1,7.5,13.0,16.0,31.0,24.0,0.5691056910569106,0.5416666666666666,14.745,3.289250593421499,239418.0,1.1642185794634932,13.0,16.0,31.0,0.5416666666666666,0.5691056910569106,0.7028928985507247
2026-02-02,2026-02-02 11:20:00,2026-02-02 11:32:00,2026-02-02 11:38:00,long,5300.5,5291.0,5291.0,5305.0,-9.5,-95.0,limit_touch,stop_loss,1.0,2026-02-02 11:20:00,1,8.0,17.5,16.5,9.0,22.5,0.9146919431279621,0.7777777777777778,15.257142857142856,2.9822097378277155,257039.0,1.0355164509332335,17.5,16.5,9.0,0.7777777777777778,0.9146919431279621,0.6418649999999999
2026-02-03,2026-02-03 10:05:00,2026-02-03 10:21:00,2026-02-03 10:40:00,short,5258.5,5255.5,5265.5,5255.5,3.0,30.0,limit_touch,take_profit,-1.0,2026-02-03 10:05:00,1,-5.0,-1.0,-10.0,-18.5,19.0,-0.13043478260869565,-0.05263157894736842,15.257142857142856,1.704119850187266,125092.0,0.9855325183502501,1.0,10.0,18.5,0.05263157894736842,0.13043478260869565,0.21845434782608697
2026-02-03,2026-02-03 10:58:00,2026-02-03 11:05:00,2026-02-03 11:20:00,short,5249.0,5245.5,5256.0,5245.5,3.5,35.0,limit_touch,take_profit_gap_open,-1.0,2026-02-03 10:58:00,2,-3.0,-11.5,-16.0,-33.0,26.5,-0.46303501945525294,-0.4339622641509434,15.257142857142856,2.5234082397003745,209397.0,0.979205687891719,11.5,16.0,33.0,0.4339622641509434,0.46303501945525294,0.5882463768115942
2026-02-03,2026-02-03 11:36:00,2026-02-03 11:47:00,2026-02-03 11:49:00,short,5246.0,5243.0,5253.0,5243.0,3.0,30.0,limit_touch,take_profit,-1.0,2026-02-03 11:36:00,3,-2.0,-5.5,-12.5,-39.5,15.5,-0.3563218390804598,-0.3548387096774194,15.257142857142856,2.8183520599250937,265844.0,0.9775398546006114,5.5,12.5,39.5,0.3548387096774194,0.3563218390804598,0.4979644927536232
2026-02-04,2026-02-04 10:16:00,2026-02-04 10:18:00,2026-02-04 10:33:00,short,5248.5,5255.0,5255.0,5245.5,-6.5,-65.0,limit_touch,stop_loss,-1.0,2026-02-04 10:16:00,1,0.0,-0.5,-3.5,-22.0,22.5,-0.14754098360655737,-0.022222222222222223,15.257142857142856,1.8352059925093633,110600.0,0.7547404146773126,0.5,3.5,22.0,0.022222222222222223,0.14754098360655737,0.17786166666666664
2026-02-04,2026-02-04 11:41:00,2026-02-04 11:45:00,2026-02-04 11:53:00,long,5265.0,5268.5,5258.0,5268.5,3.5,35.0,limit_touch,take_profit,1.0,2026-02-04 11:41:00,2,11.0,16.0,16.5,-0.5,30.0,0.5822784810126582,0.5333333333333333,15.257142857142856,2.064606741573034,245327.0,0.8773126457035185,16.0,16.5,-0.5,0.5333333333333333,0.5822784810126582,0.4639234782608696
2026-02-04,2026-02-04 12:02:00,2026-02-04 12:11:00,2026-02-04 12:12:00,long,5268.0,5271.5,5261.0,5271.5,3.5,35.0,limit_touch,take_profit,1.0,2026-02-04 12:02:00,3,8.5,11.5,19.0,8.0,29.5,0.29411764705882354,0.3898305084745763,15.257142857142856,2.2940074906367043,287717.0,0.9293736595147742,11.5,19.0,8.0,0.3898305084745763,0.29411764705882354,0.40202666666666664
2026-02-04,2026-02-04 12:36:00,2026-02-04 12:40:00,2026-02-04 12:42:00,long,5272.5,5276.0,5265.5,5276.0,3.5,35.0,limit_touch,take_profit,1.0,2026-02-04 12:36:00,4,7.0,10.0,7.0,13.0,19.0,0.5063291139240507,0.5263157894736842,15.257142857142856,2.720037453183521,335124.0,0.9408196363715992,10.0,7.0,13.0,0.5263157894736842,0.5063291139240507,0.4840273188405797
2026-02-04,2026-02-04 13:42:00,2026-02-04 13:57:00,2026-02-04 14:06:00,long,5274.5,5267.5,5267.5,5278.0,-7.0,-70.0,limit_touch,stop_loss,1.0,2026-02-04 13:42:00,5,3.5,3.0,6.0,16.0,13.0,0.3333333333333333,0.23076923076923078,15.257142857142856,2.8838951310861427,414013.0,0.9660048147061449,3.0,6.0,16.0,0.23076923076923078,0.3333333333333333,0.30014594202898554
2026-02-05,2026-02-05 11:24:00,2026-02-05 11:32:00,2026-02-05 11:37:00,short,5273.5,5270.0,5280.5,5270.0,3.5,35.0,limit_touch,take_profit,-1.0,2026-02-05 11:24:00,1,-4.5,-11.0,-6.5,-9.0,20.0,-0.6704545454545454,-0.55,15.257142857142856,2.3267790262172285,262516.0,1.0365515826717302,11.0,6.5,9.0,0.55,0.6704545454545454,0.49911985507246376
2026-02-05,2026-02-05 11:46:00,2026-02-05 11:58:00,2026-02-05 12:05:00,short,5270.5,5277.5,5277.5,5267.0,-7.0,-70.0,limit_touch,stop_loss,-1.0,2026-02-05 11:46:00,2,-5.0,-8.5,-9.5,-15.0,27.5,-0.46075085324232085,-0.3090909090909091,15.257142857142856,2.5889513108614235,312463.0,1.0903205177489723,8.5,9.5,15.0,0.3090909090909091,0.46075085324232085,0.4305854347826087
2026-02-05,2026-02-05 12:48:00,2026-02-05 12:53:00,2026-02-05 13:05:00,long,5300.5,5304.5,5292.0,5304.5,4.0,40.0,limit_touch,take_profit,1.0,2026-02-05 12:48:00,3,13.0,24.0,32.0,35.5,37.0,0.7201492537313433,0.6486486486486487,15.257142857142856,3.506554307116105,452346.0,1.223787655610907,24.0,32.0,35.5,0.6486486486486487,0.7201492537313433,0.8457818115942028
2026-02-06,2026-02-06 10:01:00,2026-02-06 10:03:00,2026-02-06 10:04:00,long,5271.0,5263.0,5263.0,5274.5,-8.0,-80.0,limit_touch,stop_loss,1.0,2026-02-06 10:01:00,1,7.0,17.5,15.5,4.5,30.5,0.7142857142857143,0.5737704918032787,15.257142857142856,2.0318352059925093,130981.0,1.1185344560721533,17.5,15.5,4.5,0.5737704918032787,0.7142857142857143,0.5711231884057971
2026-02-06,2026-02-06 11:33:00,2026-02-06 11:52:00,2026-02-06 12:02:00,short,5245.0,5253.5,5253.5,5241.0,-8.5,-85.0,limit_touch,stop_loss,-1.0,2026-02-06 11:33:00,2,-5.0,-4.0,-14.0,-31.5,14.0,-0.15,-0.2857142857142857,15.257142857142856,2.949438202247191,308460.0,1.155894128851505,4.0,14.0,31.5,0.2857142857142857,0.15,0.4625013043478261
2026-02-09,2026-02-09 10:08:00,2026-02-09 10:15:00,2026-02-09 10:24:00,short,5217.5,5214.5,5224.5,5214.5,3.0,30.0,limit_touch,take_profit,-1.0,2026-02-09 10:08:00,1,-8.5,-10.5,-8.5,-14.0,18.5,-0.7818181818181819,-0.5675675675675675,15.419999999999998,1.3942931258106357,134196.0,1.0068670832059394,10.5,8.5,14.0,0.5675675675675675,0.7818181818181819,0.46852884057971017
2026-02-09,2026-02-09 10:25:00,2026-02-09 10:28:00,2026-02-09 10:38:00,short,5216.5,5223.5,5223.5,5213.5,-7.0,-70.0,limit_touch,stop_loss,-1.0,2026-02-09 10:25:00,2,-8.0,-3.0,-14.5,-19.0,20.0,-0.5321100917431193,-0.15,15.419999999999998,1.4915693904020755,164936.0,1.0131988102273273,3.0,14.5,19.0,0.15,0.5321100917431193,0.2511093478260869
2026-02-09,2026-02-09 11:45:00,2026-02-09 11:50:00,2026-02-09 11:56:00,short,5214.5,5211.0,5221.5,5211.0,3.5,35.0,limit_touch,take_profit,-1.0,2026-02-09 11:45:00,3,-1.5,-11.5,-14.0,-19.0,26.5,-0.7507598784194529,-0.4339622641509434,15.419999999999998,1.6536964980544748,292889.0,1.019456549036083,11.5,14.0,19.0,0.4339622641509434,0.7507598784194529,0.4826689130434782
2026-02-09,2026-02-09 13:02:00,2026-02-09 13:26:00,2026-02-09 13:30:00,short,5204.5,5211.5,5211.5,5201.5,-7.0,-70.0,limit_touch,stop_loss,-1.0,2026-02-09 13:02:00,4,-4.5,-6.0,-8.5,-33.0,11.0,-0.7666666666666667,-0.5454545454545454,15.419999999999998,2.4967574578469525,394546.0,1.0019957156661774,6.0,8.5,33.0,0.5454545454545454,0.7666666666666667,0.548016884057971
2026-02-10,2026-02-10 10:11:00,2026-02-10 10:14:00,2026-02-10 10:21:00,long,5223.5,5226.0,5217.5,5226.0,2.5,25.0,limit_touch,take_profit,1.0,2026-02-10 10:11:00,1,2.0,6.0,8.0,12.5,16.0,0.64,0.375,14.774999999999999,1.3874788494077837,120187.0,0.862312886741988,6.0,8.0,12.5,0.375,0.64,0.26633195652173913
2026-02-10,2026-02-10 11:34:00,2026-02-10 11:35:00,2026-02-10 11:42:00,short,5208.5,5214.5,5214.5,5205.5,-6.0,-60.0,limit_touch,stop_loss,-1.0,2026-02-10 11:34:00,2,-2.5,-0.5,-15.0,-8.5,13.5,0.13043478260869565,-0.037037037037037035,14.774999999999999,1.7935702199661592,246735.0,0.9107986870412508,0.5,15.0,8.5,0.037037037037037035,-0.13043478260869565,0.1318691304347826
2026-02-10,2026-02-10 12:17:00,2026-02-10 12:19:00,2026-02-10 12:25:00,long,5224.0,5227.0,5217.5,5227.0,3.0,30.0,limit_touch,take_profit,1.0,2026-02-10 12:17:00,3,6.5,10.5,12.5,14.5,21.5,0.675392670157068,0.4883720930232558,14.774999999999999,1.9627749576988158,328192.0,0.9781229317699409,10.5,12.5,14.5,0.4883720930232558,0.675392670157068,0.46874239130434786
2026-02-10,2026-02-10 12:29:00,2026-02-10 12:42:00,2026-02-10 12:55:00,long,5224.0,5217.5,5217.5,5227.0,-6.5,-65.0,limit_touch,stop_loss,1.0,2026-02-10 12:29:00,4,3.0,1.0,13.0,13.0,19.0,-0.07692307692307693,0.05263157894736842,14.774999999999999,1.9966159052453472,341557.0,0.9709792001120443,1.0,13.0,13.0,0.05263157894736842,-0.07692307692307693,0.19874398550724637
2026-02-11,2026-02-11 10:10:00,2026-02-11 10:11:00,2026-02-11 10:25:00,long,5205.0,5199.5,5199.5,5207.5,-5.5,-55.0,limit_touch,stop_loss,1.0,2026-02-11 10:10:00,1,3.0,6.0,3.5,1.0,17.0,0.33962264150943394,0.35294117647058826,13.928571428571429,1.3641025641025641,111104.0,0.8101941260245256,6.0,3.5,1.0,0.35294117647058826,0.33962264150943394,0.19834521739130434
2026-02-11,2026-02-11 11:09:00,2026-02-11 11:22:00,2026-02-11 11:24:00,short,5194.0,5200.5,5200.5,5191.0,-6.5,-65.0,limit_touch,stop_loss,-1.0,2026-02-11 11:09:00,2,-10.5,-12.5,-27.0,-17.0,24.5,-0.7751004016064257,-0.5102040816326531,13.928571428571429,2.5487179487179485,255458.0,1.0945130672641372,12.5,27.0,17.0,0.5102040816326531,0.7751004016064257,0.5772406521739131
2026-02-12,2026-02-12 10:38:00,2026-02-12 10:41:00,2026-02-12 10:57:00,short,5188.0,5185.5,5193.5,5185.5,2.5,25.0,limit_touch,take_profit,-1.0,2026-02-12 10:38:00,1,-3.5,-4.5,-6.0,-7.5,19.5,-0.34759358288770054,-0.23076923076923078,13.518749999999999,1.331484049930652,131076.0,0.7097859187562375,4.5,6.0,7.5,0.23076923076923078,0.34759358288770054,0.13606144927536235
2026-02-12,2026-02-12 10:59:00,2026-02-12 10:59:00,2026-02-12 10:59:00,short,5184.5,5182.0,5190.0,5182.0,2.5,25.0,limit_touch,take_profit,-1.0,2026-02-12 10:59:00,2,-5.0,-4.0,-9.0,-10.0,17.0,-0.3958333333333333,-0.23529411764705882,13.518749999999999,1.7013407304669441,161499.0,0.7438554967691983,4.0,9.0,10.0,0.23529411764705882,0.3958333333333333,0.16598514492753622
2026-02-12,2026-02-12 11:13:00,2026-02-12 11:23:00,2026-02-12 11:25:00,short,5181.0,5178.5,5186.5,5178.5,2.5,25.0,limit_touch,take_profit,-1.0,2026-02-12 11:13:00,3,-5.0,-11.5,-13.0,-19.0,21.5,-0.6380090497737556,-0.5348837209302325,13.518749999999999,2.034211742949607,191185.0,0.7915427455232614,11.5,13.0,19.0,0.5348837209302325,0.6380090497737556,0.4740557971014493
2026-02-12,2026-02-12 11:47:00,2026-02-12 12:10:00,2026-02-12 12:13:00,short,5180.0,5177.5,5185.5,5177.5,2.5,25.0,limit_touch,take_profit,-1.0,2026-02-12 11:47:00,4,-2.0,-8.0,-2.5,-19.0,14.0,-0.75,-0.5714285714285714,13.518749999999999,2.1451687471104948,233701.0,0.7980214706809179,8.0,2.5,19.0,0.5714285714285714,0.75,0.43850681159420296
2026-02-12,2026-02-12 12:16:00,2026-02-12 12:26:00,2026-02-12 12:31:00,short,5178.5,5184.0,5184.0,5176.0,-5.5,-55.0,limit_touch,stop_loss,-1.0,2026-02-12 12:16:00,5,-6.5,-5.0,-4.5,-21.0,12.0,-0.5869565217391305,-0.4166666666666667,13.518749999999999,2.2561257512713824,266448.0,0.7932837091042978,5.0,4.5,21.0,0.4166666666666667,0.5869565217391305,0.3464055072463768
2026-02-12,2026-02-12 13:29:00,2026-02-12 13:36:00,2026-02-12 13:41:00,long,5207.5,5200.5,5200.5,5210.5,-7.0,-70.0,limit_touch,stop_loss,1.0,2026-02-12 13:29:00,6,10.0,22.0,32.5,23.5,29.0,0.9414414414414415,0.7586206896551724,13.518749999999999,3.5876098012020345,391422.0,0.9191009988028174,22.0,32.5,23.5,0.7586206896551724,0.9414414414414415,0.7222454347826087
2026-02-12,2026-02-12 14:19:00,2026-02-12 14:40:00,2026-02-12 14:46:00,long,5209.5,5213.0,5202.5,5213.0,3.5,35.0,limit_touch,take_profit,1.0,2026-02-12 14:19:00,7,3.5,3.5,9.0,25.0,23.5,0.15207373271889402,0.14893617021276595,13.518749999999999,3.7725381414701804,476074.0,1.021220239283761,3.5,9.0,25.0,0.14893617021276595,0.15207373271889402,0.37405862318840577
2026-02-13,2026-02-13 11:42:00,2026-02-13 11:44:00,2026-02-13 11:46:00,long,5252.5,5244.0,5244.0,5256.5,-8.5,-85.0,limit_touch,stop_loss,1.0,2026-02-13 11:42:00,1,13.5,27.0,27.5,24.0,34.0,0.9038461538461539,0.7941176470588235,14.183333333333334,3.2784958871915393,297534.0,1.0440743794301197,27.0,27.5,24.0,0.7941176470588235,0.9038461538461539,0.7825697101449275
2026-02-13,2026-02-13 12:04:00,2026-02-13 12:09:00,2026-02-13 12:16:00,long,5253.0,5257.0,5244.0,5257.0,4.0,40.0,limit_touch,take_profit,1.0,2026-02-13 12:04:00,2,0.0,11.0,20.5,23.5,31.0,0.5601659751037344,0.3548387096774194,14.183333333333334,3.3137485311398356,361990.0,1.1398355505636515,11.0,20.5,23.5,0.3548387096774194,0.5601659751037344,0.5614910869565217
2026-02-18,2026-02-18 13:05:00,2026-02-18 13:05:00,2026-02-18 13:05:00,short,5211.0,5208.0,5218.0,5208.0,3.0,30.0,limit_touch,take_profit,-1.0,2026-02-18 13:05:00,1,,,,-7.0,,,,14.174999999999999,1.3403880070546739,20131.0,0.04996321404281268,,,7.0,,,0.28103999999999996
2026-02-18,2026-02-18 13:18:00,2026-02-18 13:20:00,2026-02-18 13:20:00,long,5224.0,5227.0,5217.0,5227.0,3.0,30.0,better_open,take_profit,1.0,2026-02-18 13:18:00,2,6.0,8.5,,8.5,35.5,0.17416829745596868,0.23943661971830985,14.174999999999999,1.7283950617283952,55350.0,0.13260615170359374,8.5,,8.5,0.23943661971830985,0.17416829745596868,0.22128
2026-02-18,2026-02-18 14:03:00,2026-02-18 14:07:00,2026-02-18 14:09:00,long,5227.0,5230.0,5220.0,5230.0,3.0,30.0,better_open,take_profit,1.0,2026-02-18 14:03:00,3,2.5,4.5,5.5,11.5,17.5,0.3953488372093023,0.2571428571428571,14.174999999999999,2.0105820105820107,112977.0,0.2480094198372632,4.5,5.5,11.5,0.2571428571428571,0.3953488372093023,0.19149789855072463
2026-02-19,2026-02-19 10:40:00,2026-02-19 11:13:00,2026-02-19 11:16:00,short,5237.0,5233.5,5244.5,5233.5,3.5,35.0,limit_touch,take_profit,-1.0,2026-02-19 10:40:00,1,-7.5,-14.5,-17.0,-30.0,22.5,-0.8158995815899581,-0.6444444444444445,14.44090909090909,2.7352848599307524,189404.0,1.015468863454848,14.5,17.0,30.0,0.6444444444444445,0.8158995815899581,0.7010460869565217
2026-02-20,2026-02-20 10:59:00,2026-02-20 11:04:00,2026-02-20 11:05:00,short,5217.5,5214.5,5223.5,5214.5,3.0,30.0,limit_touch,take_profit,-1.0,2026-02-20 10:59:00,1,-1.5,-7.0,-7.0,-9.0,15.0,-0.5686274509803921,-0.4666666666666667,14.362499999999999,1.4969538729329852,182737.0,0.841118935774217,7.0,7.0,9.0,0.4666666666666667,0.5686274509803921,0.3007457971014493
2026-02-20,2026-02-20 11:54:00,2026-02-20 11:57:00,2026-02-20 12:00:00,short,5208.5,5206.0,5214.5,5206.0,2.5,25.0,limit_touch,take_profit,-1.0,2026-02-20 11:54:00,2,-3.0,-7.5,-12.0,-21.0,23.5,-0.4396887159533074,-0.3191489361702128,14.362499999999999,2.332463011314186,258057.0,0.8469988400648303,7.5,12.0,21.0,0.3191489361702128,0.4396887159533074,0.3719419565217391
2026-02-20,2026-02-20 13:07:00,2026-02-20 14:02:00,2026-02-20 14:06:00,short,5198.5,5195.5,5205.5,5195.5,3.0,30.0,limit_touch,take_profit,-1.0,2026-02-20 13:07:00,3,-5.5,-8.0,-13.0,-33.0,17.0,-0.6724137931034483,-0.47058823529411764,14.362499999999999,3.2375979112271542,432091.0,1.0729463075326986,8.0,13.0,33.0,0.47058823529411764,0.6724137931034483,0.5937436231884058
2026-02-23,2026-02-23 10:51:00,2026-02-23 10:57:00,2026-02-23 11:00:00,short,5176.5,5174.0,5182.0,5174.0,2.5,25.0,limit_touch,take_profit,-1.0,2026-02-23 10:51:00,1,-3.0,-4.0,-11.0,-20.0,14.0,-0.4634146341463415,-0.2857142857142857,14.503846153846153,1.9649960222752587,168946.0,0.8249660142089253,4.0,11.0,20.0,0.2857142857142857,0.4634146341463415,0.2707626811594203
2026-02-23,2026-02-23 11:50:00,2026-02-23 12:32:00,2026-02-23 13:01:00,short,5158.5,5164.5,5164.5,5155.5,-6.0,-60.0,limit_touch,stop_loss,-1.0,2026-02-23 11:50:00,2,-3.0,-0.5,-16.5,-40.0,16.5,-0.12380952380952381,-0.030303030303030304,14.503846153846153,3.619729514717582,278945.0,0.9335964876463173,0.5,16.5,40.0,0.030303030303030304,0.12380952380952381,0.36477253623188405
2026-02-24,2026-02-24 12:06:00,2026-02-24 12:09:00,2026-02-24 12:10:00,short,5173.5,5171.0,5179.5,5171.0,2.5,25.0,limit_touch,take_profit,-1.0,2026-02-24 12:06:00,1,-8.0,-7.0,-10.0,-10.0,17.0,-0.6712328767123288,-0.4117647058823529,14.592857142857143,1.5418502202643172,269120.0,0.8285023016860354,7.0,10.0,10.0,0.4117647058823529,0.6712328767123288,0.28048913043478263
2026-02-25,2026-02-25 11:10:00,2026-02-25 11:16:00,2026-02-25 11:34:00,long,5150.0,5143.5,5143.5,5153.0,-6.5,-65.0,limit_touch,stop_loss,1.0,2026-02-25 11:10:00,1,1.0,6.5,15.0,13.5,24.5,0.4666666666666667,0.2653061224489796,14.469999999999999,2.6606772633033864,238032.0,1.009769978738291,6.5,15.0,13.5,0.2653061224489796,0.4666666666666667,0.35980195652173913
2026-02-25,2026-02-25 12:47:00,2026-02-25 12:52:00,2026-02-25 12:53:00,long,5159.5,5152.5,5152.5,5162.5,-7.0,-70.0,limit_touch,stop_loss,1.0,2026-02-25 12:47:00,2,4.0,2.5,16.0,24.5,14.5,0.3786407766990291,0.1724137931034483,14.469999999999999,3.559087767795439,376667.0,0.9948121472794311,2.5,16.0,24.5,0.1724137931034483,0.3786407766990291,0.35174340579710145
2026-02-26,2026-02-26 11:30:00,2026-02-26 11:30:00,2026-02-26 11:30:00,long,5143.5,5146.0,5138.0,5146.0,2.5,25.0,limit_touch,take_profit,1.0,2026-02-26 11:30:00,1,4.0,6.0,8.5,10.5,19.0,0.65625,0.3157894736842105,14.53125,1.8580645161290323,209995.0,0.7955946747686232,6.0,8.5,10.5,0.3157894736842105,0.65625,0.24548739130434785
2026-02-26,2026-02-26 11:31:00,2026-02-26 11:33:00,2026-02-26 11:39:00,long,5143.5,5146.0,5138.0,5146.0,2.5,25.0,limit_touch,take_profit,1.0,2026-02-26 11:31:00,2,8.0,8.5,10.0,15.0,21.5,0.7431906614785992,0.3953488372093023,14.53125,1.89247311827957,217734.0,0.8189903880513029,8.5,10.0,15.0,0.3953488372093023,0.7431906614785992,0.34818137681159417
2026-02-26,2026-02-26 11:51:00,2026-02-26 12:00:00,2026-02-26 12:01:00,long,5147.0,5149.5,5141.5,5149.5,2.5,25.0,limit_touch,take_profit,1.0,2026-02-26 11:51:00,3,3.5,12.5,17.0,21.0,27.5,0.5658362989323843,0.45454545454545453,14.53125,2.2021505376344086,263897.0,0.8802517168272419,12.5,17.0,21.0,0.45454545454545453,0.5658362989323843,0.5005611594202899
2026-02-26,2026-02-26 12:25:00,2026-02-26 12:30:00,2026-02-26 12:30:00,long,5153.0,5155.5,5147.0,5155.5,2.5,25.0,limit_touch,take_profit,1.0,2026-02-26 12:25:00,4,5.5,14.0,8.5,28.0,30.0,0.5796178343949044,0.4666666666666667,14.53125,2.752688172043011,340603.0,0.9693440298591001,14.0,8.5,28.0,0.4666666666666667,0.5796178343949044,0.6147866666666667
2026-02-27,2026-02-27 10:40:00,2026-02-27 10:49:00,2026-02-27 10:54:00,long,5203.0,5206.5,5195.5,5206.5,3.5,35.0,limit_touch,take_profit,1.0,2026-02-27 10:40:00,1,1.0,1.0,9.5,26.5,14.0,0.18604651162790697,0.07142857142857142,14.479411764705882,2.4862888482632544,193597.0,1.0504877708432492,1.0,9.5,26.5,0.07142857142857142,0.18604651162790697,0.32600891304347823
2026-02-27,2026-02-27 13:13:00,2026-02-27 13:40:00,2026-02-27 14:23:00,short,5176.0,5184.0,5184.0,5172.5,-8.0,-80.0,limit_touch,stop_loss,-1.0,2026-02-27 13:13:00,2,-4.0,2.0,-7.5,-10.5,15.0,-0.057692307692307696,0.13333333333333333,14.479411764705882,3.315051797684339,446316.0,1.088484902680874,-2.0,7.5,10.5,-0.13333333333333333,0.057692307692307696,0.23897630434782607
2026-03-02,2026-03-02 10:12:00,2026-03-02 10:23:00,2026-03-02 10:28:00,long,5232.5,5236.5,5224.5,5236.5,4.0,40.0,limit_touch,take_profit,1.0,2026-03-02 10:12:00,1,5.5,10.5,20.5,59.5,33.5,0.44874715261959,0.31343283582089554,14.591666666666665,4.9685893774985725,238740.0,1.7239053284204287,10.5,20.5,59.5,0.31343283582089554,0.44874715261959,0.696226304347826
2026-03-02,2026-03-02 10:43:00,2026-03-02 11:08:00,2026-03-02 11:16:00,long,5236.0,5240.0,5227.0,5240.0,4.0,40.0,limit_touch,take_profit,1.0,2026-03-02 10:43:00,2,2.0,12.0,-1.5,59.5,17.0,0.8977272727272727,0.7058823529411765,14.591666666666665,5.311250713877785,319078.0,1.680609949148958,12.0,-1.5,59.5,0.7058823529411765,0.8977272727272727,0.8406529710144928
2026-03-03,2026-03-03 12:22:00,2026-03-03 12:31:00,2026-03-03 12:33:00,long,5355.0,5361.0,5342.5,5361.0,6.0,60.0,limit_touch,take_profit,1.0,2026-03-03 12:22:00,1,8.5,12.5,42.0,104.5,34.5,0.3704600484261501,0.36231884057971014,14.591666666666665,7.7784123358081105,714291.0,2.0259645150619017,12.5,42.0,104.5,0.36231884057971014,0.3704600484261501,0.7589318115942029
2026-03-04,2026-03-04 10:28:00,2026-03-04 10:31:00,2026-03-04 10:32:00,short,5260.5,5255.0,5273.0,5255.0,5.5,55.0,limit_touch,take_profit,-1.0,2026-03-04 10:28:00,1,-3.5,-4.5,-21.0,-40.5,24.5,-0.3254901960784314,-0.1836734693877551,14.591666666666665,3.1524842946887497,251543.0,1.4827230402002718,4.5,21.0,40.5,0.1836734693877551,0.3254901960784314,0.5122949275362318
2026-03-04,2026-03-04 11:34:00,2026-03-04 11:35:00,2026-03-04 11:55:00,short,5249.5,5244.0,5261.0,5244.0,5.5,55.0,limit_touch,take_profit,-1.0,2026-03-04 11:34:00,2,-9.5,-11.5,-12.5,-54.0,20.5,-0.7218543046357616,-0.5609756097560976,14.591666666666665,4.180468303826386,405013.0,1.4463656616434353,11.5,12.5,54.0,0.5609756097560976,0.7218543046357616,0.7896960869565217
2026-03-04,2026-03-04 13:03:00,2026-03-04 13:14:00,2026-03-04 13:22:00,short,5246.0,5258.0,5258.0,5240.5,-12.0,-120.0,limit_touch,stop_loss,-1.0,2026-03-04 13:03:00,3,-1.0,-16.0,-4.5,-57.0,25.0,-0.7337662337662337,-0.64,14.591666666666665,4.488863506567676,609930.0,1.4712939320090919,16.0,4.5,57.0,0.64,0.7337662337662337,0.8703985507246378
2026-03-05,2026-03-05 11:26:00,2026-03-05 11:30:00,2026-03-05 11:34:00,long,5290.5,5280.5,5280.5,5295.0,-10.0,-100.0,limit_touch,stop_loss,1.0,2026-03-05 11:26:00,1,12.0,20.5,14.0,16.5,35.5,0.6178660049627791,0.5774647887323944,14.591666666666665,2.158766419189035,335589.0,1.2448989219116255,20.5,14.0,16.5,0.5774647887323944,0.6178660049627791,0.6802289855072463
2026-03-05,2026-03-05 12:04:00,2026-03-05 12:08:00,2026-03-05 12:18:00,short,5271.0,5281.0,5281.0,5266.5,-10.0,-100.0,limit_touch,stop_loss,-1.0,2026-03-05 12:04:00,2,-7.5,-17.5,-16.5,-15.5,38.5,-0.6661157024793388,-0.45454545454545453,14.591666666666665,2.501427755568247,436874.0,1.3058837965268717,17.5,16.5,15.5,0.45454545454545453,0.6661157024793388,0.6329564492753623
2026-03-05,2026-03-05 13:23:00,2026-03-05 13:32:00,2026-03-05 13:46:00,long,5307.5,5296.5,5296.5,5312.5,-11.0,-110.0,limit_touch,stop_loss,1.0,2026-03-05 13:23:00,3,6.0,11.0,27.5,36.5,30.0,0.6098654708520179,0.36666666666666664,14.591666666666665,4.146202170188464,626735.0,1.411183384677045,11.0,27.5,36.5,0.36666666666666664,0.6098654708520179,0.6612481159420289
2026-03-06,2026-03-06 10:13:00,2026-03-06 10:22:00,2026-03-06 10:30:00,short,5317.0,5311.5,5329.0,5311.5,5.5,55.0,limit_touch,take_profit,-1.0,2026-03-06 10:13:00,1,-7.0,-18.0,-15.0,-42.5,30.0,-0.7471264367816092,-0.6,14.591666666666665,3.255282695602513,220127.0,1.4974977303889105,18.0,15.0,42.5,0.6,0.7471264367816092,0.8453158695652174
2026-03-06,2026-03-06 10:31:00,2026-03-06 10:40:00,2026-03-06 10:44:00,short,5313.0,5307.5,5325.0,5307.5,5.5,55.0,limit_touch,take_profit,-1.0,2026-03-06 10:31:00,2,-10.5,-2.5,-16.0,-43.0,30.5,-0.4446280991735537,-0.08196721311475409,14.591666666666665,3.632210165619646,256452.0,1.444004102902907,2.5,16.0,43.0,0.08196721311475409,0.4446280991735537,0.47982942028985504
2026-03-06,2026-03-06 11:10:00,2026-03-06 11:12:00,2026-03-06 11:32:00,long,5341.0,5328.0,5328.0,5347.0,-13.0,-130.0,limit_touch,stop_loss,1.0,2026-03-06 11:10:00,3,8.5,12.5,35.5,-4.0,20.5,0.7046979865771812,0.6097560975609756,14.591666666666665,3.769274700171331,406407.0,1.649283452656999,12.5,35.5,-4.0,0.6097560975609756,0.7046979865771812,0.5917181159420289
2026-03-06,2026-03-06 13:46:00,2026-03-06 14:37:00,2026-03-06 15:13:00,short,5307.5,5302.0,5319.5,5302.0,5.5,55.0,limit_touch,take_profit,-1.0,2026-03-06 13:46:00,4,-7.0,-12.5,-8.5,-55.5,34.5,-0.4405010438413361,-0.36231884057971014,14.591666666666665,4.31753283837807,773932.0,1.6433180459005183,12.5,8.5,55.5,0.36231884057971014,0.4405010438413361,0.7343047826086957
2026-03-09,2026-03-09 11:05:00,2026-03-09 11:11:00,2026-03-09 11:15:00,short,5257.5,5252.5,5268.5,5252.5,5.0,50.0,limit_touch,take_profit,-1.0,2026-03-09 11:05:00,1,-7.0,-12.0,-6.0,-74.0,28.0,-0.3448275862068966,-0.42857142857142855,24.96,3.205128205128205,397695.0,1.6559395659818186,12.0,6.0,74.0,0.42857142857142855,0.3448275862068966,0.7595329710144927
2026-03-09,2026-03-09 12:06:00,2026-03-09 12:50:00,2026-03-09 12:51:00,short,5253.5,5248.5,5264.5,5248.5,5.0,50.0,limit_touch,take_profit,-1.0,2026-03-09 12:06:00,2,-2.5,-6.0,-8.0,-78.5,20.0,-0.011494252873563218,-0.3,24.96,3.425480769230769,559601.0,1.6189105150933385,6.0,8.0,78.5,0.3,0.011494252873563218,0.6222750724637681
2026-03-10,2026-03-10 10:15:00,2026-03-10 10:24:00,2026-03-10 10:33:00,long,5205.0,5209.5,5195.0,5209.5,4.5,45.0,limit_touch,take_profit,1.0,2026-03-10 10:15:00,1,3.0,5.5,10.0,24.5,32.5,0.4754653130287648,0.16923076923076924,27.775,1.2241224122412242,206361.0,1.3373696752441993,5.5,10.0,24.5,0.16923076923076924,0.4754653130287648,0.36947601449275363
2026-03-10,2026-03-10 10:41:00,2026-03-10 10:44:00,2026-03-10 11:09:00,long,5206.5,5211.0,5196.0,5211.0,4.5,45.0,limit_touch,take_profit,1.0,2026-03-10 10:41:00,2,-4.0,4.5,4.0,24.5,37.5,0.24236983842010773,0.12,27.775,1.2961296129612963,263582.0,1.3143482258370005,4.5,4.0,24.5,0.12,0.24236983842010773,0.34161775362318836
2026-03-10,2026-03-10 12:43:00,2026-03-10 13:20:00,2026-03-10 13:32:00,short,5180.5,5176.0,5190.0,5176.0,4.5,45.0,limit_touch,take_profit,-1.0,2026-03-10 12:43:00,3,-2.0,-7.0,-10.5,-14.0,13.0,-0.7021276595744681,-0.5384615384615384,27.775,1.6921692169216922,462634.0,1.133059058710033,7.0,10.5,14.0,0.5384615384615384,0.7021276595744681,0.45013036231884057
2026-03-10,2026-03-10 14:18:00,2026-03-10 14:42:00,2026-03-10 14:50:00,short,5173.0,5169.0,5181.5,5169.0,4.0,40.0,limit_touch,take_profit,-1.0,2026-03-10 14:18:00,4,-7.5,-6.5,-16.0,-24.0,20.5,-0.581151832460733,-0.3170731707317073,27.775,2.0522052205220525,562854.0,1.1099917744642638,6.5,16.0,24.0,0.3170731707317073,0.581151832460733,0.4342318115942029
2026-03-11,2026-03-11 11:01:00,2026-03-11 11:03:00,2026-03-11 11:10:00,short,5180.5,5176.5,5189.0,5176.5,4.0,40.0,limit_touch,take_profit,-1.0,2026-03-11 11:01:00,1,-11.5,-18.5,-15.5,-17.0,33.5,-0.7156626506024096,-0.5522388059701493,26.25,1.3904761904761904,290470.0,1.218518869136854,18.5,15.5,17.0,0.5522388059701493,0.7156626506024096,0.6192302173913043
2026-03-12,2026-03-12 10:07:00,2026-03-12 10:10:00,2026-03-12 10:15:00,short,5187.0,5194.5,5194.5,5183.5,-7.5,-75.0,limit_touch,stop_loss,-1.0,2026-03-12 10:07:00,1,-11.5,-8.5,-12.5,-5.5,35.5,-0.21021611001964635,-0.23943661971830985,24.3375,1.0683102208525939,47333.0,0.3373090553035155,8.5,12.5,5.5,0.23943661971830985,0.21021611001964635,0.1820060869565217
2026-03-12,2026-03-12 10:22:00,2026-03-12 10:24:00,2026-03-12 10:25:00,long,5206.5,5210.0,5198.5,5210.0,3.5,35.0,limit_touch,take_profit,1.0,2026-03-12 10:22:00,2,14.5,26.0,17.5,20.5,28.0,0.9866666666666667,0.9285714285714286,24.3375,1.4175654853620956,59833.0,0.35685880986426866,26.0,17.5,20.5,0.9285714285714286,0.9866666666666667,0.5925142753623188
2026-03-12,2026-03-12 10:48:00,2026-03-12 10:50:00,2026-03-12 10:52:00,long,5219.0,5223.0,5210.5,5223.0,4.0,40.0,limit_touch,take_profit,1.0,2026-03-12 10:48:00,3,5.0,14.5,30.5,39.5,29.5,0.7468982630272953,0.4915254237288136,24.3375,2.116076014381099,84598.0,0.3940453954753576,14.5,30.5,39.5,0.4915254237288136,0.7468982630272953,0.5821157971014492
2026-03-12,2026-03-12 10:55:00,2026-03-12 11:01:00,2026-03-12 11:06:00,long,5228.0,5232.0,5219.0,5232.0,4.0,40.0,limit_touch,take_profit,1.0,2026-03-12 10:55:00,4,10.5,16.0,24.0,44.5,38.0,0.4967741935483871,0.42105263157894735,24.3375,2.588597842835131,93054.0,0.4095090620613901,16.0,24.0,44.5,0.42105263157894735,0.4967741935483871,0.603582463768116
2026-03-12,2026-03-12 12:13:00,2026-03-12 12:34:00,2026-03-12 12:36:00,long,5242.5,5247.0,5232.5,5247.0,4.5,45.0,limit_touch,take_profit,1.0,2026-03-12 12:13:00,5,6.5,24.5,22.5,72.0,41.5,0.6671328671328671,0.5903614457831325,24.3375,3.3898305084745766,152788.0,0.418978722225683,24.5,22.5,72.0,0.5903614457831325,0.6671328671328671,0.767982463768116
2026-03-13,2026-03-13 10:45:00,2026-03-13 10:49:00,2026-03-13 10:53:00,short,5246.0,5241.5,5256.0,5241.5,4.5,45.0,limit_touch,take_profit,-1.0,2026-03-13 10:45:00,1,-7.5,-12.5,-22.0,-22.0,21.5,-0.722488038277512,-0.5813953488372093,25.183333333333334,1.2309728656518861,269239.0,1.3125509289348338,12.5,22.0,22.0,0.5813953488372093,0.722488038277512,0.5947880434782609
2026-03-13,2026-03-13 10:55:00,2026-03-13 10:57:00,2026-03-13 11:10:00,short,5245.5,5255.5,5255.5,5241.0,-10.0,-100.0,limit_touch,stop_loss,-1.0,2026-03-13 10:55:00,2,-7.0,-8.0,-20.0,-22.5,22.0,-0.6339869281045751,-0.36363636363636365,25.183333333333334,1.2508272667107876,289691.0,1.30019447420378,8.0,20.0,22.5,0.36363636363636365,0.6339869281045751,0.4508749275362319
2026-03-13,2026-03-13 11:56:00,2026-03-13 12:08:00,2026-03-13 12:17:00,long,5271.5,5276.5,5261.0,5276.5,5.0,50.0,limit_touch,take_profit,1.0,2026-03-13 11:56:00,3,6.0,20.0,24.5,17.5,26.0,0.888,0.7692307692307693,25.183333333333334,1.786896095301125,410018.0,1.2437152795595015,20.0,24.5,17.5,0.7692307692307693,0.888,0.697879275362319
2026-03-13,2026-03-13 12:45:00,2026-03-13 12:47:00,2026-03-13 12:49:00,long,5299.0,5304.5,5287.5,5304.5,5.5,55.0,limit_touch,take_profit,1.0,2026-03-13 12:45:00,4,18.0,20.0,46.5,53.5,40.0,0.6130952380952381,0.5,25.183333333333334,3.256121773659828,539380.0,1.332458279877668,20.0,46.5,53.5,0.5,0.6130952380952381,0.8449944927536233
2026-03-16,2026-03-16 10:57:00,2026-03-16 11:04:00,2026-03-16 11:08:00,short,5280.5,5275.0,5292.0,5275.0,5.5,55.0,limit_touch,take_profit,-1.0,2026-03-16 10:57:00,1,-3.0,-9.5,-18.0,-28.5,21.5,-0.24890829694323144,-0.4418604651162791,26.295,1.3120365088419852,245678.0,1.0838214900416914,9.5,18.0,28.5,0.4418604651162791,0.24890829694323144,0.5079226086956522
2026-03-17,2026-03-17 10:34:00,2026-03-17 10:53:00,2026-03-17 10:59:00,short,5224.0,5220.0,5232.5,5220.0,4.0,40.0,limit_touch,take_profit,-1.0,2026-03-17 10:34:00,1,-1.5,-8.5,-12.5,-39.5,20.5,-0.6180904522613065,-0.4146341463414634,25.554545454545455,1.9370330843116328,229326.0,1.2367286725567155,8.5,12.5,39.5,0.4146341463414634,0.6180904522613065,0.587893768115942
2026-03-17,2026-03-17 11:08:00,2026-03-17 11:17:00,2026-03-17 11:19:00,short,5221.0,5217.0,5229.5,5217.0,4.0,40.0,limit_touch,take_profit,-1.0,2026-03-17 11:08:00,2,-11.5,-11.0,-5.5,-42.5,23.0,-0.7029702970297029,-0.4782608695652174,25.554545454545455,2.093561010316613,286098.0,1.152639674771505,11.0,5.5,42.5,0.4782608695652174,0.7029702970297029,0.6584982608695652
2026-03-18,2026-03-18 10:00:00,2026-03-18 10:20:00,2026-03-18 10:24:00,long,5236.5,5240.0,5228.5,5240.0,3.5,35.0,limit_touch,take_profit,1.0,2026-03-18 10:00:00,1,1.5,9.0,20.5,37.0,27.0,0.6291390728476821,0.3333333333333333,25.0625,1.9551122194513715,162269.0,1.3447523300441058,9.0,20.5,37.0,0.3333333333333333,0.6291390728476821,0.5681754347826087
2026-03-19,2026-03-19 10:12:00,2026-03-19 10:16:00,2026-03-19 10:18:00,long,5311.5,5298.5,5298.5,5317.5,-13.0,-130.0,limit_touch,stop_loss,1.0,2026-03-19 10:12:00,1,10.5,25.5,18.5,68.5,35.5,0.8618042226487524,0.7183098591549296,25.21153846153846,2.9351639969488943,285707.0,1.9189364906016728,25.5,18.5,68.5,0.7183098591549296,0.8618042226487524,0.934528768115942
2026-03-19,2026-03-19 12:17:00,2026-03-19 12:27:00,2026-03-19 12:56:00,short,5268.0,5261.5,5282.0,5261.5,6.5,65.0,limit_touch,take_profit,-1.0,2026-03-19 12:17:00,2,-10.0,-11.5,-22.0,-7.5,32.5,-0.547568710359408,-0.35384615384615387,25.21153846153846,3.292143401983219,691189.0,1.8694168640114173,11.5,22.0,7.5,0.35384615384615387,0.547568710359408,0.5049790579710145
2026-03-20,2026-03-20 10:35:00,2026-03-20 10:43:00,2026-03-20 10:50:00,long,5283.0,5288.5,5271.0,5288.5,5.5,55.0,limit_touch,take_profit,1.0,2026-03-20 10:35:00,1,11.5,17.5,31.5,33.0,29.5,0.6638655462184874,0.5932203389830508,25.86428571428571,1.894504280585474,76932.0,0.4025367229559265,17.5,31.5,33.0,0.5932203389830508,0.6638655462184874,0.6057691304347826
2026-03-20,2026-03-20 11:20:00,2026-03-20 12:00:00,2026-03-20 12:03:00,long,5304.5,5310.0,5292.0,5310.0,5.5,55.0,limit_touch,take_profit,1.0,2026-03-20 11:20:00,2,5.5,20.5,33.5,59.5,33.5,0.672316384180791,0.6119402985074627,25.86428571428571,3.0157415078707546,120220.0,0.4373733369981207,20.5,33.5,59.5,0.6119402985074627,0.672316384180791,0.7417424637681159
