number,value,datetime_start,datetime_complete,duration,params_ATR_Length,params_AllowFriday,params_AllowMonday,params_AllowThursday,params_AllowTuesday,params_AllowWednesday,params_EntryStart_TotalMinutes,params_FilterAsPercOfContractMARange,params_LastEntry_TotalMinutes,params_MinutesBeforeMarketCloseToClosePositions,params_NumDaysToConsiderPreviousContractMARange,params_RetracementLevel,params_SL_ATRMultiplier,params_TP_ATRMultiplier,user_attrs_train_metrics,state
0,2678.823529,2026-03-26 01:57:08.469531,2026-03-26 01:57:11.732240,0 days 00:00:03.262709,26,True,True,True,True,True,675,0.4,885,7,6,0.14,0.65,0.35,"{'start_date': '2021-03-23', 'end_date': '2024-09-16', 'trading_days': 872, 'total_trades': 1490, 'win_rate': 0.7523, 'net_profit_brl': 16800.0, 'avg_profit_brl': 11.28, 'avg_win_brl': 41.15, 'avg_loss_brl': -80.12, 'profit_factor': 1.5729, 'max_drawdown_pct': 6.27, 'expected_payoff': 11.28, 'on_tester_value': 2678.823529}",COMPLETE
1,63.259155,2026-03-26 01:57:11.732311,2026-03-26 01:57:14.579045,0 days 00:00:02.846734,19,False,False,True,False,True,645,0.2,760,2,4,0.21000000000000002,1.5,0.85,"{'start_date': '2021-03-23', 'end_date': '2024-09-16', 'trading_days': 872, 'total_trades': 405, 'win_rate': 0.6469, 'net_profit_brl': 1530.0, 'avg_profit_brl': 3.78, 'avg_win_brl': 102.46, 'avg_loss_brl': -177.03, 'profit_factor': 1.0604, 'max_drawdown_pct': 24.19, 'expected_payoff': 3.78, 'on_tester_value': 63.259155}",COMPLETE
2,679.757143,2026-03-26 01:57:14.579107,2026-03-26 01:57:17.333001,0 days 00:00:02.753894,38,False,True,False,True,False,785,0.15,700,2,5,0.11,1.4,0.65,"{'start_date': '2021-03-23', 'end_date': '2024-09-16', 'trading_days': 872, 'total_trades': 362, 'win_rate': 0.7486, 'net_profit_brl': 6120.0, 'avg_profit_brl': 16.91, 'avg_win_brl': 72.77, 'avg_loss_brl': -151.11, 'profit_factor': 1.45, 'max_drawdown_pct': 9.0, 'expected_payoff': 16.91, 'on_tester_value': 679.757143}",COMPLETE
3,555.838926,2026-03-26 01:57:17.333055,2026-03-26 01:57:20.063075,0 days 00:00:02.730020,31,True,True,False,False,False,610,0.25,555,11,5,0.18,0.5,0.85,"{'start_date': '2021-03-23', 'end_date': '2024-09-16', 'trading_days': 872, 'total_trades': 730, 'win_rate': 0.3945, 'net_profit_brl': 4100.0, 'avg_profit_brl': 5.62, 'avg_win_brl': 95.0, 'avg_loss_brl': -55.25, 'profit_factor': 1.1763, 'max_drawdown_pct': 7.38, 'expected_payoff': 5.62, 'on_tester_value': 555.838926}",COMPLETE
4,373.511836,2026-03-26 01:57:20.063137,2026-03-26 01:57:23.286243,0 days 00:00:03.223106,27,True,True,False,False,False,820,0.25,565,12,3,0.36,1.2000000000000002,0.8,"{'start_date': '2021-03-23', 'end_date': '2024-09-16', 'trading_days': 872, 'total_trades': 713, 'win_rate': 0.6367, 'net_profit_brl': 6745.0, 'avg_profit_brl': 9.46, 'avg_win_brl': 91.37, 'avg_loss_brl': -137.29, 'profit_factor': 1.1942, 'max_drawdown_pct': 18.06, 'expected_payoff': 9.46, 'on_tester_value': 373.511836}",COMPLETE
5,-962.0,2026-03-26 01:57:23.286302,2026-03-26 01:57:26.027688,0 days 00:00:02.741386,38,True,False,False,False,True,720,0.30000000000000004,730,13,3,0.13,0.8,0.25,"{'start_date': '2021-03-23', 'end_date': '2024-09-16', 'trading_days': 872, 'total_trades': 38, 'win_rate': 0.9474, 'net_profit_brl': 1020.0, 'avg_profit_brl': 26.84, 'avg_win_brl': 34.03, 'avg_loss_brl': -102.5, 'profit_factor': 5.9756, 'max_drawdown_pct': 1.13, 'expected_payoff': 26.84, 'on_tester_value': 900.704348}",COMPLETE
6,-983.0,2026-03-26 01:57:26.027748,2026-03-26 01:57:28.810859,0 days 00:00:02.783111,16,True,False,False,True,False,770,0.45000000000000007,855,2,4,0.37,1.0,0.45000000000000007,"{'start_date': '2021-03-23', 'end_date': '2024-09-16', 'trading_days': 872, 'total_trades': 17, 'win_rate': 0.8235, 'net_profit_brl': 440.0, 'avg_profit_brl': 25.88, 'avg_win_brl': 63.93, 'avg_loss_brl': -151.67, 'profit_factor': 1.967, 'max_drawdown_pct': 3.17, 'expected_payoff': 25.88, 'on_tester_value': 138.701538}",COMPLETE
7,5449.276271,2026-03-26 01:57:28.810911,2026-03-26 01:57:31.731250,0 days 00:00:02.920339,38,True,False,True,True,True,660,0.25,880,4,6,0.31,0.55,0.35,"{'start_date': '2021-03-23', 'end_date': '2024-09-16', 'trading_days': 872, 'total_trades': 588, 'win_rate': 0.7823, 'net_profit_brl': 10155.0, 'avg_profit_brl': 17.27, 'avg_win_brl': 40.26, 'avg_loss_brl': -65.87, 'profit_factor': 2.214, 'max_drawdown_pct': 1.86, 'expected_payoff': 17.27, 'on_tester_value': 5449.276271}",COMPLETE
8,5011.65,2026-03-26 01:57:31.731301,2026-03-26 01:57:34.553297,0 days 00:00:02.821996,28,True,True,True,True,False,590,0.5,715,11,4,0.30000000000000004,0.65,0.1,"{'start_date': '2021-03-23', 'end_date': '2024-09-16', 'trading_days': 872, 'total_trades': 611, 'win_rate': 0.9738, 'net_profit_brl': 6290.0, 'avg_profit_brl': 10.29, 'avg_win_brl': 11.81, 'avg_loss_brl': -66.82, 'profit_factor': 9.5578, 'max_drawdown_pct': 1.26, 'expected_payoff': 10.29, 'on_tester_value': 5011.65}",COMPLETE
9,992.979433,2026-03-26 01:57:34.553365,2026-03-26 01:57:37.577180,0 days 00:00:03.023815,26,False,True,True,True,True,545,0.2,725,4,6,0.15000000000000002,1.35,0.6,"{'start_date': '2021-03-23', 'end_date': '2024-09-16', 'trading_days': 872, 'total_trades': 4038, 'win_rate': 0.708, 'net_profit_brl': 25275.0, 'avg_profit_brl': 6.26, 'avg_win_brl': 65.71, 'avg_loss_brl': -139.8, 'profit_factor': 1.1555, 'max_drawdown_pct': 25.45, 'expected_payoff': 6.26, 'on_tester_value': 992.979433}",COMPLETE
10,27660.36,2026-03-26 01:57:37.577279,2026-03-26 01:57:40.375650,0 days 00:00:02.798371,30,True,False,False,True,True,570,0.5,865,1,6,0.2,0.5,0.15000000000000002,"{'start_date': '2021-03-23', 'end_date': '2024-09-16', 'trading_days': 872, 'total_trades': 1270, 'win_rate': 0.9394, 'net_profit_brl': 17680.0, 'avg_profit_brl': 13.92, 'avg_win_brl': 17.49, 'avg_loss_brl': -54.83, 'profit_factor': 6.5597, 'max_drawdown_pct': 0.64, 'expected_payoff': 13.92, 'on_tester_value': 27660.36}",COMPLETE
11,5444.368421,2026-03-26 01:57:40.375726,2026-03-26 01:57:43.123828,0 days 00:00:02.748102,40,False,True,True,False,False,595,0.4,740,6,6,0.16,0.75,0.30000000000000004,"{'start_date': '2021-03-23', 'end_date': '2024-09-16', 'trading_days': 872, 'total_trades': 861, 'win_rate': 0.878, 'net_profit_brl': 17400.0, 'avg_profit_brl': 20.21, 'avg_win_brl': 34.5, 'avg_loss_brl': -86.8, 'profit_factor': 3.0046, 'max_drawdown_pct': 3.2, 'expected_payoff': 20.21, 'on_tester_value': 5444.368421}",COMPLETE
12,912.435,2026-03-26 01:57:43.123876,2026-03-26 01:57:45.915605,0 days 00:00:02.791729,38,True,True,False,True,False,865,0.45000000000000007,770,7,6,0.27,0.8500000000000001,0.1,"{'start_date': '2021-03-23', 'end_date': '2024-09-16', 'trading_days': 872, 'total_trades': 80, 'win_rate': 0.9875, 'net_profit_brl': 885.0, 'avg_profit_brl': 11.06, 'avg_win_brl': 12.47, 'avg_loss_brl': -100.0, 'profit_factor': 9.85, 'max_drawdown_pct': 0.97, 'expected_payoff': 11.06, 'on_tester_value': 912.435}",COMPLETE
13,-1000.0,2026-03-26 01:57:45.915661,2026-03-26 01:57:48.622745,0 days 00:00:02.707084,37,False,True,True,False,True,890,0.45000000000000007,890,12,4,0.21000000000000002,0.6,0.55,"{'start_date': '2021-03-23', 'end_date': '2024-09-16', 'trading_days': 872, 'total_trades': 0, 'win_rate': 0.0, 'net_profit_brl': 0.0, 'avg_profit_brl': 0.0, 'avg_win_brl': 0.0, 'avg_loss_brl': 0.0, 'profit_factor': 0.0, 'max_drawdown_pct': 0.0, 'expected_payoff': 0.0, 'on_tester_value': 0.0}",COMPLETE
14,-1000.0,2026-03-26 01:57:48.622812,2026-03-26 01:57:51.218953,0 days 00:00:02.596141,12,False,False,False,True,False,790,0.25,795,9,4,0.35,0.8500000000000001,0.45000000000000007,"{'start_date': '2021-03-23', 'end_date': '2024-09-16', 'trading_days': 872, 'total_trades': 0, 'win_rate': 0.0, 'net_profit_brl': 0.0, 'avg_profit_brl': 0.0, 'avg_win_brl': 0.0, 'avg_loss_brl': 0.0, 'profit_factor': 0.0, 'max_drawdown_pct': 0.0, 'expected_payoff': 0.0, 'on_tester_value': 0.0}",COMPLETE
15,2300.034713,2026-03-26 01:57:51.219002,2026-03-26 01:57:54.010960,0 days 00:00:02.791958,26,True,False,True,True,False,550,0.35,705,10,4,0.28,0.55,0.6,"{'start_date': '2021-03-23', 'end_date': '2024-09-16', 'trading_days': 872, 'total_trades': 1249, 'win_rate': 0.5661, 'net_profit_brl': 14965.0, 'avg_profit_brl': 11.98, 'avg_win_brl': 66.75, 'avg_loss_brl': -62.57, 'profit_factor': 1.4644, 'max_drawdown_pct': 6.51, 'expected_payoff': 11.98, 'on_tester_value': 2300.034713}",COMPLETE
16,-4.640909,2026-03-26 01:57:54.011019,2026-03-26 01:57:56.916837,0 days 00:00:02.905818,32,True,False,True,True,True,805,0.35,895,10,4,0.33999999999999997,0.75,0.6,"{'start_date': '2021-03-23', 'end_date': '2024-09-16', 'trading_days': 872, 'total_trades': 52, 'win_rate': 0.5192, 'net_profit_brl': -25.0, 'avg_profit_brl': -0.48, 'avg_win_brl': 75.19, 'avg_loss_brl': -82.2, 'profit_factor': 0.9878, 'max_drawdown_pct': 5.39, 'expected_payoff': -0.48, 'on_tester_value': -4.640909}",COMPLETE
17,7470.917188,2026-03-26 01:57:56.916901,2026-03-26 01:57:59.891515,0 days 00:00:02.974614,25,True,True,True,False,False,640,0.4,885,8,6,0.28,0.95,0.15000000000000002,"{'start_date': '2021-03-23', 'end_date': '2024-09-16', 'trading_days': 872, 'total_trades': 592, 'win_rate': 0.9797, 'net_profit_brl': 9335.0, 'avg_profit_brl': 15.77, 'avg_win_brl': 18.16, 'avg_loss_brl': -109.09, 'profit_factor': 8.7792, 'max_drawdown_pct': 1.25, 'expected_payoff': 15.77, 'on_tester_value': 7470.917188}",COMPLETE
18,776.552222,2026-03-26 01:57:59.891560,2026-03-26 01:58:02.847646,0 days 00:00:02.956086,27,True,False,True,True,True,600,0.30000000000000004,695,6,6,0.29000000000000004,1.1,0.9500000000000001,"{'start_date': '2021-03-23', 'end_date': '2024-09-16', 'trading_days': 872, 'total_trades': 820, 'win_rate': 0.5878, 'net_profit_brl': 9970.0, 'avg_profit_brl': 12.16, 'avg_win_brl': 105.05, 'avg_loss_brl': -122.85, 'profit_factor': 1.2452, 'max_drawdown_pct': 12.84, 'expected_payoff': 12.16, 'on_tester_value': 776.552222}",COMPLETE
19,0.0,2026-03-26 01:58:02.847726,2026-03-26 01:58:05.819670,0 days 00:00:02.971944,35,False,True,False,True,True,770,0.35,705,5,8,0.21000000000000002,1.35,0.1,"{'start_date': '2021-03-23', 'end_date': '2024-09-16', 'trading_days': 872, 'total_trades': 188, 'win_rate': 1.0, 'net_profit_brl': 2190.0, 'avg_profit_brl': 11.65, 'avg_win_brl': 11.65, 'avg_loss_brl': 0.0, 'profit_factor': inf, 'max_drawdown_pct': 0.0, 'expected_payoff': 11.65, 'on_tester_value': 0.0}",COMPLETE
20,902.731959,2026-03-26 01:58:05.819734,2026-03-26 01:58:08.929163,0 days 00:00:03.109429,23,True,True,True,False,False,580,0.4,790,12,8,0.32,1.4500000000000002,0.9,"{'start_date': '2021-03-23', 'end_date': '2024-09-16', 'trading_days': 872, 'total_trades': 779, 'win_rate': 0.6573, 'net_profit_brl': 10550.0, 'avg_profit_brl': 13.54, 'avg_win_brl': 108.06, 'avg_loss_brl': -170.25, 'profit_factor': 1.2356, 'max_drawdown_pct': 11.69, 'expected_payoff': 13.54, 'on_tester_value': 902.731959}",COMPLETE
21,2475.416667,2026-03-26 01:58:08.929279,2026-03-26 01:58:11.826486,0 days 00:00:02.897207,19,True,False,False,True,True,815,0.5,575,5,6,0.35,1.15,0.5,"{'start_date': '2021-03-23', 'end_date': '2024-09-16', 'trading_days': 872, 'total_trades': 585, 'win_rate': 0.7915, 'net_profit_brl': 11050.0, 'avg_profit_brl': 18.89, 'avg_win_brl': 59.04, 'avg_loss_brl': -135.71, 'profit_factor': 1.6785, 'max_drawdown_pct': 4.46, 'expected_payoff': 18.89, 'on_tester_value': 2475.416667}",COMPLETE
22,1465.578947,2026-03-26 01:58:11.826539,2026-03-26 01:58:15.442875,0 days 00:00:03.616336,31,True,True,False,True,True,785,0.45000000000000007,810,2,7,0.12000000000000001,0.6,0.15000000000000002,"{'start_date': '2021-03-23', 'end_date': '2024-09-16', 'trading_days': 872, 'total_trades': 83, 'win_rate': 0.9639, 'net_profit_brl': 1300.0, 'avg_profit_brl': 15.66, 'avg_win_brl': 19.31, 'avg_loss_brl': -81.67, 'profit_factor': 6.3061, 'max_drawdown_pct': 0.89, 'expected_payoff': 15.66, 'on_tester_value': 1465.578947}",COMPLETE
23,-993.0,2026-03-26 01:58:15.442933,2026-03-26 01:58:18.389514,0 days 00:00:02.946581,13,True,True,True,False,True,835,0.15,795,8,3,0.4,0.9,0.9500000000000001,"{'start_date': '2021-03-23', 'end_date': '2024-09-16', 'trading_days': 872, 'total_trades': 7, 'win_rate': 0.4286, 'net_profit_brl': -105.0, 'avg_profit_brl': -15.0, 'avg_win_brl': 130.0, 'avg_loss_brl': -123.75, 'profit_factor': 0.7879, 'max_drawdown_pct': 2.55, 'expected_payoff': -15.0, 'on_tester_value': -41.176471}",COMPLETE
24,14787.351408,2026-03-26 01:58:18.389571,2026-03-26 01:58:21.618130,0 days 00:00:03.228559,37,True,False,True,False,True,540,0.15,710,8,3,0.13,1.5,0.1,"{'start_date': '2021-03-23', 'end_date': '2024-09-16', 'trading_days': 872, 'total_trades': 4891, 'win_rate': 0.9409, 'net_profit_brl': 44095.0, 'avg_profit_brl': 9.02, 'avg_win_brl': 15.32, 'avg_loss_brl': -103.96, 'profit_factor': 2.6699, 'max_drawdown_pct': 2.98, 'expected_payoff': 9.02, 'on_tester_value': 14787.351408}",COMPLETE
25,997.002326,2026-03-26 01:58:21.618201,2026-03-26 01:58:24.566602,0 days 00:00:02.948401,18,True,False,False,False,False,900,0.35,565,3,8,0.26,0.95,0.65,"{'start_date': '2021-03-23', 'end_date': '2024-09-16', 'trading_days': 872, 'total_trades': 534, 'win_rate': 0.6517, 'net_profit_brl': 7430.0, 'avg_profit_brl': 13.91, 'avg_win_brl': 78.59, 'avg_loss_brl': -113.18, 'profit_factor': 1.373, 'max_drawdown_pct': 7.45, 'expected_payoff': 13.91, 'on_tester_value': 997.002326}",COMPLETE
26,351.844444,2026-03-26 01:58:24.566663,2026-03-26 01:58:28.615235,0 days 00:00:04.048572,22,False,True,False,True,True,705,0.35,665,14,3,0.4,1.25,0.65,"{'start_date': '2021-03-23', 'end_date': '2024-09-16', 'trading_days': 872, 'total_trades': 46, 'win_rate': 0.7391, 'net_profit_brl': 1115.0, 'avg_profit_brl': 24.24, 'avg_win_brl': 77.06, 'avg_loss_brl': -125.42, 'profit_factor': 1.7409, 'max_drawdown_pct': 3.17, 'expected_payoff': 24.24, 'on_tester_value': 351.844444}",COMPLETE
27,1082.146154,2026-03-26 01:58:28.615310,2026-03-26 01:58:32.607424,0 days 00:00:03.992114,35,True,True,True,True,True,855,0.15,555,15,5,0.35,0.55,0.9,"{'start_date': '2021-03-23', 'end_date': '2024-09-16', 'trading_days': 872, 'total_trades': 2520, 'win_rate': 0.4143, 'net_profit_brl': 15950.0, 'avg_profit_brl': 6.33, 'avg_win_brl': 99.57, 'avg_loss_brl': -60.65, 'profit_factor': 1.1812, 'max_drawdown_pct': 14.74, 'expected_payoff': 6.33, 'on_tester_value': 1082.146154}",COMPLETE
28,-6.885955,2026-03-26 01:58:32.607491,2026-03-26 01:58:35.856154,0 days 00:00:03.248663,33,True,False,True,False,True,900,0.45000000000000007,740,8,8,0.36,1.2000000000000002,0.55,"{'start_date': '2021-03-23', 'end_date': '2024-09-16', 'trading_days': 872, 'total_trades': 108, 'win_rate': 0.6852, 'net_profit_brl': -85.0, 'avg_profit_brl': -0.79, 'avg_win_brl': 67.7, 'avg_loss_brl': -149.85, 'profit_factor': 0.9833, 'max_drawdown_pct': 12.34, 'expected_payoff': -0.79, 'on_tester_value': -6.885955}",COMPLETE
29,313.94012,2026-03-26 01:58:35.856219,2026-03-26 01:58:39.037015,0 days 00:00:03.180796,38,False,True,True,True,True,850,0.35,740,6,8,0.22,0.9,0.5,"{'start_date': '2021-03-23', 'end_date': '2024-09-16', 'trading_days': 872, 'total_trades': 252, 'win_rate': 0.7063, 'net_profit_brl': 2550.0, 'avg_profit_brl': 10.12, 'avg_win_brl': 59.19, 'avg_loss_brl': -107.91, 'profit_factor': 1.3193, 'max_drawdown_pct': 8.12, 'expected_payoff': 10.12, 'on_tester_value': 313.94012}",COMPLETE
30,568.914286,2026-03-26 01:58:39.037092,2026-03-26 01:58:42.066008,0 days 00:00:03.028916,13,False,True,True,True,False,725,0.30000000000000004,825,2,6,0.36,0.75,0.15000000000000002,"{'start_date': '2021-03-23', 'end_date': '2024-09-16', 'trading_days': 872, 'total_trades': 74, 'win_rate': 0.973, 'net_profit_brl': 1140.0, 'avg_profit_brl': 15.41, 'avg_win_brl': 18.75, 'avg_loss_brl': -105.0, 'profit_factor': 6.4286, 'max_drawdown_pct': 2.0, 'expected_payoff': 15.41, 'on_tester_value': 568.914286}",COMPLETE
31,246.602985,2026-03-26 01:58:42.066084,2026-03-26 01:58:44.909960,0 days 00:00:02.843876,16,True,True,False,True,True,595,0.4,590,6,4,0.2,0.6,0.5,"{'start_date': '2021-03-23', 'end_date': '2024-09-16', 'trading_days': 872, 'total_trades': 48, 'win_rate': 0.6667, 'net_profit_brl': 760.0, 'avg_profit_brl': 15.83, 'avg_win_brl': 56.56, 'avg_loss_brl': -65.62, 'profit_factor': 1.7238, 'max_drawdown_pct': 3.08, 'expected_payoff': 15.83, 'on_tester_value': 246.602985}",COMPLETE
32,98.612676,2026-03-26 01:58:44.910006,2026-03-26 01:58:47.984624,0 days 00:00:03.074618,21,False,False,True,True,False,720,0.15,790,7,7,0.29000000000000004,1.0,0.65,"{'start_date': '2021-03-23', 'end_date': '2024-09-16', 'trading_days': 872, 'total_trades': 74, 'win_rate': 0.6622, 'net_profit_brl': 1005.0, 'avg_profit_brl': 13.58, 'avg_win_brl': 78.57, 'avg_loss_brl': -113.8, 'profit_factor': 1.3533, 'max_drawdown_pct': 10.19, 'expected_payoff': 13.58, 'on_tester_value': 98.612676}",COMPLETE
33,2017.122772,2026-03-26 01:58:47.984697,2026-03-26 01:58:51.026241,0 days 00:00:03.041544,13,False,False,False,False,True,810,0.25,550,14,7,0.37,0.7,0.4,"{'start_date': '2021-03-23', 'end_date': '2024-09-16', 'trading_days': 872, 'total_trades': 476, 'win_rate': 0.7752, 'net_profit_brl': 7245.0, 'avg_profit_brl': 15.22, 'avg_win_brl': 42.98, 'avg_loss_brl': -81.27, 'profit_factor': 1.841, 'max_drawdown_pct': 3.59, 'expected_payoff': 15.22, 'on_tester_value': 2017.122772}",COMPLETE
34,630.40303,2026-03-26 01:58:51.026334,2026-03-26 01:58:54.184696,0 days 00:00:03.158362,17,True,False,False,True,False,755,0.45000000000000007,785,2,5,0.12000000000000001,1.5,0.65,"{'start_date': '2021-03-23', 'end_date': '2024-09-16', 'trading_days': 872, 'total_trades': 76, 'win_rate': 0.8158, 'net_profit_brl': 2630.0, 'avg_profit_brl': 34.61, 'avg_win_brl': 78.06, 'avg_loss_brl': -157.86, 'profit_factor': 2.19, 'max_drawdown_pct': 4.17, 'expected_payoff': 34.61, 'on_tester_value': 630.40303}",COMPLETE
35,926.236735,2026-03-26 01:58:54.184757,2026-03-26 01:58:56.942012,0 days 00:00:02.757255,15,True,False,False,False,False,595,0.2,625,11,4,0.18,1.35,0.30000000000000004,"{'start_date': '2021-03-23', 'end_date': '2024-09-16', 'trading_days': 872, 'total_trades': 180, 'win_rate': 0.9333, 'net_profit_brl': 4160.0, 'avg_profit_brl': 23.11, 'avg_win_brl': 35.77, 'avg_loss_brl': -154.17, 'profit_factor': 3.2486, 'max_drawdown_pct': 4.49, 'expected_payoff': 23.11, 'on_tester_value': 926.236735}",COMPLETE
36,323.329825,2026-03-26 01:58:56.942081,2026-03-26 01:58:59.600124,0 days 00:00:02.658043,11,True,False,True,False,True,875,0.35,740,6,4,0.33,1.0,0.6,"{'start_date': '2021-03-23', 'end_date': '2024-09-16', 'trading_days': 872, 'total_trades': 119, 'win_rate': 0.6975, 'net_profit_brl': 1720.0, 'avg_profit_brl': 14.45, 'avg_win_brl': 75.66, 'avg_loss_brl': -126.67, 'profit_factor': 1.3772, 'max_drawdown_pct': 5.32, 'expected_payoff': 14.45, 'on_tester_value': 323.329825}",COMPLETE
37,1510.851832,2026-03-26 01:58:59.600172,2026-03-26 01:59:02.261184,0 days 00:00:02.661012,27,True,False,False,False,True,550,0.5,860,1,6,0.19,0.5,0.45000000000000007,"{'start_date': '2021-03-23', 'end_date': '2024-09-16', 'trading_days': 872, 'total_trades': 927, 'win_rate': 0.6386, 'net_profit_brl': 12130.0, 'avg_profit_brl': 13.09, 'avg_win_brl': 52.62, 'avg_loss_brl': -60.38, 'profit_factor': 1.6377, 'max_drawdown_pct': 8.03, 'expected_payoff': 13.09, 'on_tester_value': 1510.851832}",COMPLETE
38,12467.144828,2026-03-26 01:59:02.261248,2026-03-26 01:59:05.976994,0 days 00:00:03.715746,34,True,False,True,False,True,585,0.25,650,7,4,0.12000000000000001,1.2000000000000002,0.1,"{'start_date': '2021-03-23', 'end_date': '2024-09-16', 'trading_days': 872, 'total_trades': 1515, 'win_rate': 0.9743, 'net_profit_brl': 16990.0, 'avg_profit_brl': 11.21, 'avg_win_brl': 13.29, 'avg_loss_brl': -87.67, 'profit_factor': 7.4601, 'max_drawdown_pct': 1.36, 'expected_payoff': 11.21, 'on_tester_value': 12467.144828}",COMPLETE
39,11890.822917,2026-03-26 01:59:05.977051,2026-03-26 01:59:09.227218,0 days 00:00:03.250167,37,True,False,True,False,False,540,0.15,725,6,3,0.13,1.4,0.15000000000000002,"{'start_date': '2021-03-23', 'end_date': '2024-09-16', 'trading_days': 872, 'total_trades': 3376, 'win_rate': 0.9251, 'net_profit_brl': 41865.0, 'avg_profit_brl': 12.4, 'avg_win_brl': 21.04, 'avg_loss_brl': -106.5, 'profit_factor': 2.755, 'max_drawdown_pct': 3.52, 'expected_payoff': 12.4, 'on_tester_value': 11890.822917}",COMPLETE
40,8997.760638,2026-03-26 01:59:09.227293,2026-03-26 01:59:12.516681,0 days 00:00:03.289388,39,True,False,True,False,False,560,0.15,695,4,5,0.11,1.4,0.25,"{'start_date': '2021-03-23', 'end_date': '2024-09-16', 'trading_days': 872, 'total_trades': 2420, 'win_rate': 0.8921, 'net_profit_brl': 35095.0, 'avg_profit_brl': 14.5, 'avg_win_brl': 31.7, 'avg_loss_brl': -138.92, 'profit_factor': 2.0526, 'max_drawdown_pct': 3.9, 'expected_payoff': 14.5, 'on_tester_value': 8997.760638}",COMPLETE
41,11917.176923,2026-03-26 01:59:12.516730,2026-03-26 01:59:15.708953,0 days 00:00:03.192223,35,True,False,True,False,False,580,0.15,710,6,3,0.11,1.5,0.1,"{'start_date': '2021-03-23', 'end_date': '2024-09-16', 'trading_days': 872, 'total_trades': 1747, 'win_rate': 0.9731, 'net_profit_brl': 19845.0, 'avg_profit_brl': 11.36, 'avg_win_brl': 14.24, 'avg_loss_brl': -109.0, 'profit_factor': 5.5516, 'max_drawdown_pct': 1.67, 'expected_payoff': 11.36, 'on_tester_value': 11917.176923}",COMPLETE
42,302.727885,2026-03-26 01:59:15.709013,2026-03-26 01:59:18.601185,0 days 00:00:02.892172,32,True,False,True,False,True,540,0.30000000000000004,550,7,3,0.18,1.25,0.1,"{'start_date': '2021-03-23', 'end_date': '2024-09-16', 'trading_days': 872, 'total_trades': 152, 'win_rate': 0.875, 'net_profit_brl': 745.0, 'avg_profit_brl': 4.9, 'avg_win_brl': 14.51, 'avg_loss_brl': -74.06, 'profit_factor': 1.6287, 'max_drawdown_pct': 2.46, 'expected_payoff': 4.9, 'on_tester_value': 302.727885}",COMPLETE
43,25539.910714,2026-03-26 01:59:18.601303,2026-03-26 01:59:22.134864,0 days 00:00:03.533561,34,True,True,True,True,True,545,0.15,690,8,4,0.16,1.4,0.1,"{'start_date': '2021-03-23', 'end_date': '2024-09-16', 'trading_days': 872, 'total_trades': 6014, 'win_rate': 0.9604, 'net_profit_brl': 55500.0, 'avg_profit_brl': 9.23, 'avg_win_brl': 13.32, 'avg_loss_brl': -101.49, 'profit_factor': 3.5916, 'max_drawdown_pct': 2.17, 'expected_payoff': 9.23, 'on_tester_value': 25539.910714}",COMPLETE
44,10598.78673,2026-03-26 01:59:22.134956,2026-03-26 01:59:25.740096,0 days 00:00:03.605140,38,True,True,True,True,True,620,0.25,705,4,4,0.1,1.5,0.2,"{'start_date': '2021-03-23', 'end_date': '2024-09-16', 'trading_days': 872, 'total_trades': 2371, 'win_rate': 0.9481, 'net_profit_brl': 37840.0, 'avg_profit_brl': 15.96, 'avg_win_brl': 24.46, 'avg_loss_brl': -151.73, 'profit_factor': 3.2071, 'max_drawdown_pct': 3.57, 'expected_payoff': 15.96, 'on_tester_value': 10598.78673}",COMPLETE
45,26174.538462,2026-03-26 01:59:25.740164,2026-03-26 01:59:28.775409,0 days 00:00:03.035245,33,True,False,False,True,True,570,0.45000000000000007,870,2,4,0.25,0.5,0.15000000000000002,"{'start_date': '2021-03-23', 'end_date': '2024-09-16', 'trading_days': 872, 'total_trades': 1181, 'win_rate': 0.945, 'net_profit_brl': 16845.0, 'avg_profit_brl': 14.26, 'avg_win_brl': 17.25, 'avg_loss_brl': -51.28, 'profit_factor': 7.9896, 'max_drawdown_pct': 0.64, 'expected_payoff': 14.26, 'on_tester_value': 26174.538462}",COMPLETE
46,30473.608065,2026-03-26 01:59:28.775488,2026-03-26 01:59:31.666285,0 days 00:00:02.890797,33,True,False,False,True,True,555,0.4,860,6,4,0.30000000000000004,0.65,0.2,"{'start_date': '2021-03-23', 'end_date': '2024-09-16', 'trading_days': 872, 'total_trades': 1181, 'win_rate': 0.9407, 'net_profit_brl': 21035.0, 'avg_profit_brl': 17.81, 'avg_win_brl': 22.54, 'avg_loss_brl': -72.82, 'profit_factor': 6.2522, 'max_drawdown_pct': 0.69, 'expected_payoff': 17.81, 'on_tester_value': 30473.608065}",COMPLETE
47,5601.432857,2026-03-26 01:59:31.666365,2026-03-26 01:59:34.527524,0 days 00:00:02.861159,29,True,False,False,True,True,620,0.5,840,3,3,0.26,0.75,0.30000000000000004,"{'start_date': '2021-03-23', 'end_date': '2024-09-16', 'trading_days': 872, 'total_trades': 642, 'win_rate': 0.8645, 'net_profit_brl': 12035.0, 'avg_profit_brl': 18.75, 'avg_win_brl': 34.73, 'avg_loss_brl': -88.29, 'profit_factor': 2.6623, 'max_drawdown_pct': 2.15, 'expected_payoff': 18.75, 'on_tester_value': 5601.432857}",COMPLETE
48,13908.38,2026-03-26 01:59:34.527580,2026-03-26 01:59:37.776537,0 days 00:00:03.248957,36,True,False,False,True,True,620,0.45000000000000007,825,1,6,0.18,0.6,0.1,"{'start_date': '2021-03-23', 'end_date': '2024-09-16', 'trading_days': 872, 'total_trades': 1037, 'win_rate': 0.9749, 'net_profit_brl': 10765.0, 'avg_profit_brl': 10.38, 'avg_win_brl': 11.63, 'avg_loss_brl': -58.24, 'profit_factor': 11.8737, 'max_drawdown_pct': 0.77, 'expected_payoff': 10.38, 'on_tester_value': 13908.38}",COMPLETE
49,16854.288889,2026-03-26 01:59:37.776591,2026-03-26 01:59:41.968602,0 days 00:00:04.192011,29,True,True,True,True,True,595,0.15,720,12,5,0.19,1.35,0.1,"{'start_date': '2021-03-23', 'end_date': '2024-09-16', 'trading_days': 872, 'total_trades': 2075, 'win_rate': 0.9894, 'net_profit_brl': 22340.0, 'avg_profit_brl': 10.77, 'avg_win_brl': 11.57, 'avg_loss_brl': -101.43, 'profit_factor': 16.7324, 'max_drawdown_pct': 1.33, 'expected_payoff': 10.77, 'on_tester_value': 16854.288889}",COMPLETE
50,-967.0,2026-03-26 01:59:41.968691,2026-03-26 01:59:45.317537,0 days 00:00:03.348846,34,True,True,True,True,True,620,0.15,625,12,5,0.26,1.25,0.1,"{'start_date': '2021-03-23', 'end_date': '2024-09-16', 'trading_days': 872, 'total_trades': 33, 'win_rate': 1.0, 'net_profit_brl': 400.0, 'avg_profit_brl': 12.12, 'avg_win_brl': 12.12, 'avg_loss_brl': 0.0, 'profit_factor': inf, 'max_drawdown_pct': 0.0, 'expected_payoff': 12.12, 'on_tester_value': 0.0}",COMPLETE
51,23602.425,2026-03-26 01:59:45.317633,2026-03-26 01:59:49.423534,0 days 00:00:04.105901,30,True,True,False,True,True,585,0.30000000000000004,850,8,4,0.35,0.75,0.15000000000000002,"{'start_date': '2021-03-23', 'end_date': '2024-09-16', 'trading_days': 872, 'total_trades': 1130, 'win_rate': 0.9761, 'net_profit_brl': 17080.0, 'avg_profit_brl': 15.12, 'avg_win_brl': 17.03, 'avg_loss_brl': -77.27, 'profit_factor': 11.0471, 'max_drawdown_pct': 0.72, 'expected_payoff': 15.12, 'on_tester_value': 23602.425}",COMPLETE
52,3994.671329,2026-03-26 01:59:49.423622,2026-03-26 01:59:52.577899,0 days 00:00:03.154277,23,True,True,False,True,True,545,0.2,840,6,4,0.31,0.6,0.55,"{'start_date': '2021-03-23', 'end_date': '2024-09-16', 'trading_days': 872, 'total_trades': 2687, 'win_rate': 0.604, 'net_profit_brl': 27730.0, 'avg_profit_brl': 10.32, 'avg_win_brl': 59.39, 'avg_loss_brl': -66.27, 'profit_factor': 1.4039, 'max_drawdown_pct': 6.94, 'expected_payoff': 10.32, 'on_tester_value': 3994.671329}",COMPLETE
53,9091.84186,2026-03-26 01:59:52.577958,2026-03-26 01:59:55.987340,0 days 00:00:03.409382,22,True,True,True,True,True,575,0.35,890,10,3,0.38,0.65,0.1,"{'start_date': '2021-03-23', 'end_date': '2024-09-16', 'trading_days': 872, 'total_trades': 1420, 'win_rate': 0.9768, 'net_profit_brl': 14310.0, 'avg_profit_brl': 10.08, 'avg_win_brl': 11.52, 'avg_loss_brl': -64.04, 'profit_factor': 9.5946, 'max_drawdown_pct': 1.57, 'expected_payoff': 10.08, 'on_tester_value': 9091.84186}",COMPLETE
54,6286.682927,2026-03-26 01:59:55.987398,2026-03-26 01:59:59.301781,0 days 00:00:03.314383,32,True,True,False,False,True,580,0.25,900,7,4,0.33999999999999997,0.5,0.1,"{'start_date': '2021-03-23', 'end_date': '2024-09-16', 'trading_days': 872, 'total_trades': 1028, 'win_rate': 0.9689, 'net_profit_brl': 9975.0, 'avg_profit_brl': 9.7, 'avg_win_brl': 11.49, 'avg_loss_brl': -52.32, 'profit_factor': 7.8089, 'max_drawdown_pct': 1.59, 'expected_payoff': 9.7, 'on_tester_value': 6286.682927}",COMPLETE
55,16189.481818,2026-03-26 01:59:59.301830,2026-03-26 02:00:01.906889,0 days 00:00:02.605059,35,True,False,False,True,False,565,0.45000000000000007,840,7,4,0.29000000000000004,0.5,0.15000000000000002,"{'start_date': '2021-03-23', 'end_date': '2024-09-16', 'trading_days': 872, 'total_trades': 665, 'win_rate': 0.9368, 'net_profit_brl': 9220.0, 'avg_profit_brl': 13.86, 'avg_win_brl': 17.19, 'avg_loss_brl': -51.38, 'profit_factor': 7.1879, 'max_drawdown_pct': 0.57, 'expected_payoff': 13.86, 'on_tester_value': 16189.481818}",COMPLETE
56,6304.8384,2026-03-26 02:00:01.906937,2026-03-26 02:00:04.970768,0 days 00:00:03.063831,22,True,True,True,True,True,545,0.45000000000000007,855,1,5,0.22,0.6,0.45000000000000007,"{'start_date': '2021-03-23', 'end_date': '2024-09-16', 'trading_days': 872, 'total_trades': 2348, 'win_rate': 0.681, 'net_profit_brl': 32920.0, 'avg_profit_brl': 14.02, 'avg_win_brl': 52.45, 'avg_loss_brl': -70.67, 'profit_factor': 1.6461, 'max_drawdown_pct': 5.22, 'expected_payoff': 14.02, 'on_tester_value': 6304.8384}",COMPLETE
57,11488.325,2026-03-26 02:00:04.970826,2026-03-26 02:00:08.105576,0 days 00:00:03.134750,29,False,True,False,True,True,580,0.30000000000000004,785,7,3,0.4,0.65,0.2,"{'start_date': '2021-03-23', 'end_date': '2024-09-16', 'trading_days': 872, 'total_trades': 679, 'win_rate': 0.9647, 'net_profit_brl': 12545.0, 'avg_profit_brl': 18.48, 'avg_win_brl': 21.79, 'avg_loss_brl': -75.0, 'profit_factor': 8.2725, 'max_drawdown_pct': 1.09, 'expected_payoff': 18.48, 'on_tester_value': 11488.325}",COMPLETE
58,39289.025,2026-03-26 02:00:08.105646,2026-03-26 02:00:10.962519,0 days 00:00:02.856873,37,True,True,False,True,True,560,0.30000000000000004,845,8,5,0.30000000000000004,0.95,0.2,"{'start_date': '2021-03-23', 'end_date': '2024-09-16', 'trading_days': 872, 'total_trades': 1866, 'win_rate': 0.955, 'net_profit_brl': 32605.0, 'avg_profit_brl': 17.47, 'avg_win_brl': 22.37, 'avg_loss_brl': -106.76, 'profit_factor': 5.491, 'max_drawdown_pct': 0.83, 'expected_payoff': 17.47, 'on_tester_value': 39289.025}",COMPLETE
59,5609.302069,2026-03-26 02:00:10.962576,2026-03-26 02:00:13.677945,0 days 00:00:02.715369,38,True,False,False,True,True,545,0.25,895,8,5,0.31,1.05,0.4,"{'start_date': '2021-03-23', 'end_date': '2024-09-16', 'trading_days': 872, 'total_trades': 1884, 'win_rate': 0.8275, 'net_profit_brl': 32560.0, 'avg_profit_brl': 17.28, 'avg_win_brl': 43.88, 'avg_loss_brl': -115.63, 'profit_factor': 1.9084, 'max_drawdown_pct': 5.8, 'expected_payoff': 17.28, 'on_tester_value': 5609.302069}",COMPLETE
60,6634.026667,2026-03-26 02:00:13.677996,2026-03-26 02:00:16.449200,0 days 00:00:02.771204,34,True,True,False,True,True,635,0.30000000000000004,850,7,6,0.26,0.8,0.15000000000000002,"{'start_date': '2021-03-23', 'end_date': '2024-09-16', 'trading_days': 872, 'total_trades': 920, 'win_rate': 0.9815, 'net_profit_brl': 14135.0, 'avg_profit_brl': 15.36, 'avg_win_brl': 17.05, 'avg_loss_brl': -78.75, 'profit_factor': 12.2183, 'max_drawdown_pct': 2.13, 'expected_payoff': 15.36, 'on_tester_value': 6634.026667}",COMPLETE
61,4653.202985,2026-03-26 02:00:16.449282,2026-03-26 02:00:19.234303,0 days 00:00:02.785021,21,True,True,True,True,True,670,0.2,720,14,5,0.14,1.35,0.30000000000000004,"{'start_date': '2021-03-23', 'end_date': '2024-09-16', 'trading_days': 872, 'total_trades': 667, 'win_rate': 0.9175, 'net_profit_brl': 13415.0, 'avg_profit_brl': 20.11, 'avg_win_brl': 36.61, 'avg_loss_brl': -163.45, 'profit_factor': 2.4922, 'max_drawdown_pct': 2.88, 'expected_payoff': 20.11, 'on_tester_value': 4653.202985}",COMPLETE
62,5844.154839,2026-03-26 02:00:19.234367,2026-03-26 02:00:21.961223,0 days 00:00:02.726856,31,True,False,False,True,True,645,0.30000000000000004,775,7,4,0.30000000000000004,0.55,0.25,"{'start_date': '2021-03-23', 'end_date': '2024-09-16', 'trading_days': 872, 'total_trades': 406, 'win_rate': 0.9064, 'net_profit_brl': 8220.0, 'avg_profit_brl': 20.25, 'avg_win_brl': 28.57, 'avg_loss_brl': -62.03, 'profit_factor': 4.5817, 'max_drawdown_pct': 1.41, 'expected_payoff': 20.25, 'on_tester_value': 5844.154839}",COMPLETE
63,27016.834091,2026-03-26 02:00:21.961285,2026-03-26 02:00:24.858704,0 days 00:00:02.897419,37,True,True,True,True,True,575,0.25,870,5,3,0.26,0.95,0.25,"{'start_date': '2021-03-23', 'end_date': '2024-09-16', 'trading_days': 872, 'total_trades': 2456, 'win_rate': 0.9406, 'net_profit_brl': 49655.0, 'avg_profit_brl': 20.22, 'avg_win_brl': 28.06, 'avg_loss_brl': -110.66, 'profit_factor': 4.2754, 'max_drawdown_pct': 1.84, 'expected_payoff': 20.22, 'on_tester_value': 27016.834091}",COMPLETE
64,6989.297414,2026-03-26 02:00:24.858745,2026-03-26 02:00:27.795909,0 days 00:00:02.937164,39,True,True,False,True,True,630,0.15,790,8,3,0.24000000000000002,1.5,0.15000000000000002,"{'start_date': '2021-03-23', 'end_date': '2024-09-16', 'trading_days': 872, 'total_trades': 981, 'win_rate': 0.9817, 'net_profit_brl': 14725.0, 'avg_profit_brl': 15.01, 'avg_win_brl': 17.13, 'avg_loss_brl': -136.15, 'profit_factor': 9.3192, 'max_drawdown_pct': 2.11, 'expected_payoff': 15.01, 'on_tester_value': 6989.297414}",COMPLETE
65,8271.75,2026-03-26 02:00:27.795973,2026-03-26 02:00:30.672657,0 days 00:00:02.876684,39,True,True,True,True,True,610,0.25,810,5,3,0.21000000000000002,0.75,0.4,"{'start_date': '2021-03-23', 'end_date': '2024-09-16', 'trading_days': 872, 'total_trades': 1874, 'win_rate': 0.7695, 'net_profit_brl': 30135.0, 'avg_profit_brl': 16.08, 'avg_win_brl': 45.34, 'avg_loss_brl': -84.13, 'profit_factor': 1.8549, 'max_drawdown_pct': 3.64, 'expected_payoff': 16.08, 'on_tester_value': 8271.75}",COMPLETE
66,9657.830189,2026-03-26 02:00:30.672712,2026-03-26 02:00:33.550345,0 days 00:00:02.877633,30,True,True,False,True,True,575,0.35,730,7,4,0.31,1.1,0.25,"{'start_date': '2021-03-23', 'end_date': '2024-09-16', 'trading_days': 872, 'total_trades': 1132, 'win_rate': 0.9461, 'net_profit_brl': 22255.0, 'avg_profit_brl': 19.66, 'avg_win_brl': 27.79, 'avg_loss_brl': -134.02, 'profit_factor': 3.9654, 'max_drawdown_pct': 2.3, 'expected_payoff': 19.66, 'on_tester_value': 9657.830189}",COMPLETE
67,8871.361667,2026-03-26 02:00:33.550389,2026-03-26 02:00:36.522990,0 days 00:00:02.972601,39,False,True,True,True,True,610,0.2,840,2,4,0.38,1.0,0.25,"{'start_date': '2021-03-23', 'end_date': '2024-09-16', 'trading_days': 872, 'total_trades': 786, 'win_rate': 0.93, 'net_profit_brl': 14255.0, 'avg_profit_brl': 18.14, 'avg_win_brl': 27.97, 'avg_loss_brl': -119.04, 'profit_factor': 3.3029, 'max_drawdown_pct': 1.61, 'expected_payoff': 18.14, 'on_tester_value': 8871.361667}",COMPLETE
68,33277.688889,2026-03-26 02:00:36.523058,2026-03-26 02:00:39.323267,0 days 00:00:02.800209,40,False,True,False,True,True,555,0.35,865,9,5,0.25,0.9,0.2,"{'start_date': '2021-03-23', 'end_date': '2024-09-16', 'trading_days': 872, 'total_trades': 1552, 'win_rate': 0.9665, 'net_profit_brl': 29120.0, 'avg_profit_brl': 18.76, 'avg_win_brl': 22.15, 'avg_loss_brl': -89.13, 'profit_factor': 8.1024, 'max_drawdown_pct': 0.88, 'expected_payoff': 18.76, 'on_tester_value': 33277.688889}",COMPLETE
69,7660.646341,2026-03-26 02:00:39.323307,2026-03-26 02:00:41.996270,0 days 00:00:02.672963,33,False,True,False,False,True,570,0.4,885,8,5,0.29000000000000004,1.05,0.2,"{'start_date': '2021-03-23', 'end_date': '2024-09-16', 'trading_days': 872, 'total_trades': 671, 'win_rate': 0.9613, 'net_profit_brl': 11830.0, 'avg_profit_brl': 17.63, 'avg_win_brl': 22.73, 'avg_loss_brl': -117.92, 'profit_factor': 5.1802, 'max_drawdown_pct': 1.54, 'expected_payoff': 17.63, 'on_tester_value': 7660.646341}",COMPLETE
70,41965.63,2026-03-26 02:00:41.996344,2026-03-26 02:00:44.911434,0 days 00:00:02.915090,39,True,True,True,False,True,580,0.2,900,2,4,0.29000000000000004,1.0,0.25,"{'start_date': '2021-03-23', 'end_date': '2024-09-16', 'trading_days': 872, 'total_trades': 1710, 'win_rate': 0.948, 'net_profit_brl': 36115.0, 'avg_profit_brl': 21.12, 'avg_win_brl': 28.36, 'avg_loss_brl': -118.73, 'profit_factor': 4.6646, 'max_drawdown_pct': 0.86, 'expected_payoff': 21.12, 'on_tester_value': 41965.63}",COMPLETE
71,16934.475,2026-03-26 02:00:44.911512,2026-03-26 02:00:47.826305,0 days 00:00:02.914793,38,True,True,True,False,True,625,0.15,850,2,5,0.24000000000000002,1.05,0.25,"{'start_date': '2021-03-23', 'end_date': '2024-09-16', 'trading_days': 872, 'total_trades': 1166, 'win_rate': 0.9494, 'net_profit_brl': 25370.0, 'avg_profit_brl': 21.76, 'avg_win_brl': 28.82, 'avg_loss_brl': -123.3, 'profit_factor': 4.8822, 'max_drawdown_pct': 1.5, 'expected_payoff': 21.76, 'on_tester_value': 16934.475}",COMPLETE
72,3554.368212,2026-03-26 02:00:47.826348,2026-03-26 02:00:50.659286,0 days 00:00:02.832938,39,False,True,False,True,True,585,0.30000000000000004,890,8,4,0.29000000000000004,0.9,0.55,"{'start_date': '2021-03-23', 'end_date': '2024-09-16', 'trading_days': 872, 'total_trades': 1115, 'win_rate': 0.7417, 'net_profit_brl': 20835.0, 'avg_profit_brl': 18.69, 'avg_win_brl': 60.19, 'avg_loss_brl': -100.85, 'profit_factor': 1.7198, 'max_drawdown_pct': 5.86, 'expected_payoff': 18.69, 'on_tester_value': 3554.368212}",COMPLETE
73,11958.6375,2026-03-26 02:00:50.659336,2026-03-26 02:00:53.598700,0 days 00:00:02.939364,37,False,True,False,True,True,600,0.35,885,8,6,0.29000000000000004,0.7,0.1,"{'start_date': '2021-03-23', 'end_date': '2024-09-16', 'trading_days': 872, 'total_trades': 905, 'win_rate': 0.989, 'net_profit_brl': 9525.0, 'avg_profit_brl': 10.52, 'avg_win_brl': 11.22, 'avg_loss_brl': -57.22, 'profit_factor': 19.4951, 'max_drawdown_pct': 0.8, 'expected_payoff': 10.52, 'on_tester_value': 11958.6375}",COMPLETE
74,10037.8125,2026-03-26 02:00:53.598763,2026-03-26 02:00:56.471454,0 days 00:00:02.872691,39,True,True,True,False,False,580,0.2,815,1,3,0.35,0.5,0.25,"{'start_date': '2021-03-23', 'end_date': '2024-09-16', 'trading_days': 872, 'total_trades': 922, 'win_rate': 0.8829, 'net_profit_brl': 17415.0, 'avg_profit_brl': 18.89, 'avg_win_brl': 28.5, 'avg_loss_brl': -57.8, 'profit_factor': 4.013, 'max_drawdown_pct': 1.73, 'expected_payoff': 18.89, 'on_tester_value': 10037.8125}",COMPLETE
75,4700.360995,2026-03-26 02:00:56.471498,2026-03-26 02:00:59.513235,0 days 00:00:03.041737,36,True,True,True,False,False,555,0.2,900,2,3,0.24000000000000002,1.2000000000000002,0.55,"{'start_date': '2021-03-23', 'end_date': '2024-09-16', 'trading_days': 872, 'total_trades': 2249, 'win_rate': 0.7452, 'net_profit_brl': 31915.0, 'avg_profit_brl': 14.19, 'avg_win_brl': 63.28, 'avg_loss_brl': -133.84, 'profit_factor': 1.4304, 'max_drawdown_pct': 6.79, 'expected_payoff': 14.19, 'on_tester_value': 4700.360995}",COMPLETE
76,3312.586667,2026-03-26 02:00:59.513337,2026-03-26 02:01:02.275920,0 days 00:00:02.762583,34,False,False,False,True,True,555,0.5,800,1,6,0.32,0.7,0.35,"{'start_date': '2021-03-23', 'end_date': '2024-09-16', 'trading_days': 872, 'total_trades': 447, 'win_rate': 0.8479, 'net_profit_brl': 9340.0, 'avg_profit_brl': 20.89, 'avg_win_brl': 38.36, 'avg_loss_brl': -78.79, 'profit_factor': 2.7962, 'max_drawdown_pct': 2.82, 'expected_payoff': 20.89, 'on_tester_value': 3312.586667}",COMPLETE
77,9612.273214,2026-03-26 02:01:02.275980,2026-03-26 02:01:05.156875,0 days 00:00:02.880895,35,True,False,True,False,True,595,0.30000000000000004,860,4,3,0.39,1.2000000000000002,0.15000000000000002,"{'start_date': '2021-03-23', 'end_date': '2024-09-16', 'trading_days': 872, 'total_trades': 707, 'win_rate': 0.983, 'net_profit_brl': 11035.0, 'avg_profit_brl': 15.61, 'avg_win_brl': 17.25, 'avg_loss_brl': -106.11, 'profit_factor': 12.555, 'max_drawdown_pct': 1.15, 'expected_payoff': 15.61, 'on_tester_value': 9612.273214}",COMPLETE
78,3058.882192,2026-03-26 02:01:05.156937,2026-03-26 02:01:08.148365,0 days 00:00:02.991428,40,True,True,True,False,True,610,0.15,875,1,3,0.37,1.05,0.1,"{'start_date': '2021-03-23', 'end_date': '2024-09-16', 'trading_days': 872, 'total_trades': 863, 'win_rate': 0.9838, 'net_profit_brl': 8840.0, 'avg_profit_brl': 10.24, 'avg_win_brl': 11.48, 'avg_loss_brl': -90.5, 'profit_factor': 10.768, 'max_drawdown_pct': 2.89, 'expected_payoff': 10.24, 'on_tester_value': 3058.882192}",COMPLETE
79,19121.5,2026-03-26 02:01:08.148443,2026-03-26 02:01:11.201003,0 days 00:00:03.052560,37,True,False,True,True,True,545,0.45000000000000007,890,4,3,0.26,0.55,0.1,"{'start_date': '2021-03-23', 'end_date': '2024-09-16', 'trading_days': 872, 'total_trades': 1677, 'win_rate': 0.96, 'net_profit_brl': 15865.0, 'avg_profit_brl': 9.46, 'avg_win_brl': 11.44, 'avg_loss_brl': -55.43, 'profit_factor': 7.2216, 'max_drawdown_pct': 0.83, 'expected_payoff': 9.46, 'on_tester_value': 19121.5}",COMPLETE
80,45642.85,2026-03-26 02:01:11.201054,2026-03-26 02:01:14.215584,0 days 00:00:03.014530,40,False,True,False,True,True,560,0.4,840,5,3,0.18,0.75,0.15000000000000002,"{'start_date': '2021-03-23', 'end_date': '2024-09-16', 'trading_days': 872, 'total_trades': 1813, 'win_rate': 0.9702, 'net_profit_brl': 26770.0, 'avg_profit_brl': 14.77, 'avg_win_brl': 16.82, 'avg_loss_brl': -64.2, 'profit_factor': 10.4761, 'max_drawdown_pct': 0.59, 'expected_payoff': 14.77, 'on_tester_value': 45642.85}",COMPLETE
81,11696.159091,2026-03-26 02:01:14.215654,2026-03-26 02:01:16.842422,0 days 00:00:02.626768,36,True,False,False,False,True,550,0.5,810,6,4,0.32,0.6,0.25,"{'start_date': '2021-03-23', 'end_date': '2024-09-16', 'trading_days': 872, 'total_trades': 486, 'win_rate': 0.9095, 'net_profit_brl': 10075.0, 'avg_profit_brl': 20.73, 'avg_win_brl': 28.96, 'avg_loss_brl': -71.71, 'profit_factor': 4.6972, 'max_drawdown_pct': 0.86, 'expected_payoff': 20.73, 'on_tester_value': 11696.159091}",COMPLETE
82,34015.95,2026-03-26 02:01:16.842468,2026-03-26 02:01:19.746137,0 days 00:00:02.903669,35,False,True,False,True,True,610,0.4,850,6,3,0.16,0.8500000000000001,0.15000000000000002,"{'start_date': '2021-03-23', 'end_date': '2024-09-16', 'trading_days': 872, 'total_trades': 1393, 'win_rate': 0.9785, 'net_profit_brl': 21565.0, 'avg_profit_brl': 15.48, 'avg_win_brl': 17.2, 'avg_loss_brl': -69.63, 'profit_factor': 12.4707, 'max_drawdown_pct': 0.63, 'expected_payoff': 15.48, 'on_tester_value': 34015.95}",COMPLETE
83,20951.7375,2026-03-26 02:01:19.746187,2026-03-26 02:01:22.555889,0 days 00:00:02.809702,30,False,True,False,True,True,595,0.4,885,6,3,0.17,0.95,0.2,"{'start_date': '2021-03-23', 'end_date': '2024-09-16', 'trading_days': 872, 'total_trades': 1562, 'win_rate': 0.9616, 'net_profit_brl': 28245.0, 'avg_profit_brl': 18.08, 'avg_win_brl': 22.56, 'avg_loss_brl': -98.95, 'profit_factor': 6.008, 'max_drawdown_pct': 1.35, 'expected_payoff': 18.08, 'on_tester_value': 20951.7375}",COMPLETE
84,9004.421154,2026-03-26 02:01:22.555962,2026-03-26 02:01:25.184682,0 days 00:00:02.628720,32,True,False,False,True,True,545,0.4,900,6,4,0.39,0.8500000000000001,0.25,"{'start_date': '2021-03-23', 'end_date': '2024-09-16', 'trading_days': 872, 'total_trades': 905, 'win_rate': 0.9282, 'net_profit_brl': 17995.0, 'avg_profit_brl': 19.88, 'avg_win_brl': 28.03, 'avg_loss_brl': -99.11, 'profit_factor': 4.2423, 'max_drawdown_pct': 2.0, 'expected_payoff': 19.88, 'on_tester_value': 9004.421154}",COMPLETE
85,8060.75443,2026-03-26 02:01:25.184761,2026-03-26 02:01:27.804445,0 days 00:00:02.619684,40,True,True,False,False,False,545,0.2,845,6,6,0.32,1.0,0.30000000000000004,"{'start_date': '2021-03-23', 'end_date': '2024-09-16', 'trading_days': 872, 'total_trades': 1266, 'win_rate': 0.8989, 'net_profit_brl': 25160.0, 'avg_profit_brl': 19.87, 'avg_win_brl': 33.93, 'avg_loss_brl': -117.0, 'profit_factor': 2.8699, 'max_drawdown_pct': 3.12, 'expected_payoff': 19.87, 'on_tester_value': 8060.75443}",COMPLETE
86,13793.123333,2026-03-26 02:01:27.804515,2026-03-26 02:01:30.612077,0 days 00:00:02.807562,36,True,True,False,True,True,610,0.5,815,2,5,0.26,0.5,0.30000000000000004,"{'start_date': '2021-03-23', 'end_date': '2024-09-16', 'trading_days': 872, 'total_trades': 855, 'win_rate': 0.8304, 'net_profit_brl': 16565.0, 'avg_profit_brl': 19.37, 'avg_win_brl': 34.51, 'avg_loss_brl': -57.54, 'profit_factor': 3.0863, 'max_drawdown_pct': 1.2, 'expected_payoff': 19.37, 'on_tester_value': 13793.123333}",COMPLETE
87,19839.465625,2026-03-26 02:01:30.612147,2026-03-26 02:01:33.305819,0 days 00:00:02.693672,40,False,True,False,True,True,575,0.45000000000000007,765,2,3,0.17,0.7,0.1,"{'start_date': '2021-03-23', 'end_date': '2024-09-16', 'trading_days': 872, 'total_trades': 1310, 'win_rate': 0.9794, 'net_profit_brl': 13265.0, 'avg_profit_brl': 10.13, 'avg_win_brl': 11.41, 'avg_loss_brl': -57.08, 'profit_factor': 10.6825, 'max_drawdown_pct': 0.67, 'expected_payoff': 10.13, 'on_tester_value': 19839.465625}",COMPLETE
88,10183.248284,2026-03-26 02:01:33.305866,2026-03-26 02:01:36.102900,0 days 00:00:02.797034,32,True,False,True,True,True,600,0.45000000000000007,865,2,8,0.15000000000000002,0.6,0.35,"{'start_date': '2021-03-23', 'end_date': '2024-09-16', 'trading_days': 872, 'total_trades': 2195, 'win_rate': 0.7809, 'net_profit_brl': 35885.0, 'avg_profit_brl': 16.35, 'avg_win_brl': 40.29, 'avg_loss_brl': -71.05, 'profit_factor': 2.0815, 'max_drawdown_pct': 3.52, 'expected_payoff': 16.35, 'on_tester_value': 10183.248284}",COMPLETE
89,32739.827586,2026-03-26 02:01:36.102960,2026-03-26 02:01:39.051831,0 days 00:00:02.948871,22,True,True,True,True,True,540,0.15,890,6,3,0.24000000000000002,0.9,0.2,"{'start_date': '2021-03-23', 'end_date': '2024-09-16', 'trading_days': 872, 'total_trades': 5656, 'win_rate': 0.9098, 'net_profit_brl': 87750.0, 'avg_profit_brl': 15.51, 'avg_win_brl': 22.97, 'avg_loss_brl': -73.77, 'profit_factor': 3.8804, 'max_drawdown_pct': 2.68, 'expected_payoff': 15.51, 'on_tester_value': 32739.827586}",COMPLETE
90,17409.28,2026-03-26 02:01:39.051897,2026-03-26 02:01:41.547431,0 days 00:00:02.495534,17,True,True,True,False,False,570,0.15,825,6,3,0.24000000000000002,0.8500000000000001,0.1,"{'start_date': '2021-03-23', 'end_date': '2024-09-16', 'trading_days': 872, 'total_trades': 1761, 'win_rate': 0.9688, 'net_profit_brl': 18760.0, 'avg_profit_brl': 10.65, 'avg_win_brl': 12.23, 'avg_loss_brl': -68.06, 'profit_factor': 9.891, 'max_drawdown_pct': 1.08, 'expected_payoff': 10.65, 'on_tester_value': 17409.28}",COMPLETE
91,11052.362195,2026-03-26 02:01:41.547498,2026-03-26 02:01:44.031774,0 days 00:00:02.484276,25,True,False,False,True,True,560,0.5,860,3,6,0.27,0.7,0.2,"{'start_date': '2021-03-23', 'end_date': '2024-09-16', 'trading_days': 872, 'total_trades': 925, 'win_rate': 0.9373, 'net_profit_brl': 16365.0, 'avg_profit_brl': 17.69, 'avg_win_brl': 23.22, 'avg_loss_brl': -80.21, 'profit_factor': 5.3408, 'max_drawdown_pct': 1.48, 'expected_payoff': 17.69, 'on_tester_value': 11052.362195}",COMPLETE
92,10786.5,2026-03-26 02:01:44.031848,2026-03-26 02:01:46.489083,0 days 00:00:02.457235,38,False,True,False,True,False,560,0.30000000000000004,825,12,6,0.26,1.2000000000000002,0.30000000000000004,"{'start_date': '2021-03-23', 'end_date': '2024-09-16', 'trading_days': 872, 'total_trades': 1022, 'win_rate': 0.9217, 'net_profit_brl': 21150.0, 'avg_profit_brl': 20.69, 'avg_win_brl': 32.92, 'avg_loss_brl': -129.74, 'profit_factor': 3.145, 'max_drawdown_pct': 1.96, 'expected_payoff': 20.69, 'on_tester_value': 10786.5}",COMPLETE
93,2091.201408,2026-03-26 02:01:46.489133,2026-03-26 02:01:49.754519,0 days 00:00:03.265386,24,True,True,True,True,True,635,0.15,825,8,3,0.35,1.05,0.65,"{'start_date': '2021-03-23', 'end_date': '2024-09-16', 'trading_days': 872, 'total_trades': 759, 'win_rate': 0.7075, 'net_profit_brl': 14585.0, 'avg_profit_brl': 19.22, 'avg_win_brl': 76.31, 'avg_loss_brl': -118.9, 'profit_factor': 1.5526, 'max_drawdown_pct': 6.97, 'expected_payoff': 19.22, 'on_tester_value': 2091.201408}",COMPLETE
94,40329.981081,2026-03-26 02:01:49.754634,2026-03-26 02:01:54.179795,0 days 00:00:04.425161,24,True,True,True,True,True,630,0.15,890,5,3,0.1,0.8,0.2,"{'start_date': '2021-03-23', 'end_date': '2024-09-16', 'trading_days': 872, 'total_trades': 3677, 'win_rate': 0.9168, 'net_profit_brl': 58335.0, 'avg_profit_brl': 15.86, 'avg_win_brl': 24.23, 'avg_loss_brl': -82.22, 'profit_factor': 3.4983, 'max_drawdown_pct': 1.45, 'expected_payoff': 15.86, 'on_tester_value': 40329.981081}",COMPLETE
95,4498.355488,2026-03-26 02:01:54.179853,2026-03-26 02:01:57.766128,0 days 00:00:03.586275,21,True,True,False,True,True,700,0.15,870,9,3,0.13,1.0,0.25,"{'start_date': '2021-03-23', 'end_date': '2024-09-16', 'trading_days': 872, 'total_trades': 963, 'win_rate': 0.9148, 'net_profit_brl': 17085.0, 'avg_profit_brl': 17.74, 'avg_win_brl': 30.37, 'avg_loss_brl': -117.99, 'profit_factor': 2.7659, 'max_drawdown_pct': 3.8, 'expected_payoff': 17.74, 'on_tester_value': 4498.355488}",COMPLETE
96,30091.25,2026-03-26 02:01:57.766274,2026-03-26 02:02:01.649828,0 days 00:00:03.883554,22,True,True,True,True,True,575,0.2,875,7,4,0.21000000000000002,0.8500000000000001,0.1,"{'start_date': '2021-03-23', 'end_date': '2024-09-16', 'trading_days': 872, 'total_trades': 3130, 'win_rate': 0.985, 'net_profit_brl': 33250.0, 'avg_profit_brl': 10.62, 'avg_win_brl': 11.59, 'avg_loss_brl': -71.29, 'profit_factor': 14.3267, 'max_drawdown_pct': 1.1, 'expected_payoff': 10.62, 'on_tester_value': 30091.25}",COMPLETE
97,4810.546743,2026-03-26 02:02:01.649880,2026-03-26 02:02:05.495365,0 days 00:00:03.845485,20,True,False,True,True,True,555,0.2,855,2,3,0.17,0.9,0.45000000000000007,"{'start_date': '2021-03-23', 'end_date': '2024-09-16', 'trading_days': 872, 'total_trades': 4233, 'win_rate': 0.7255, 'net_profit_brl': 47095.0, 'avg_profit_brl': 11.13, 'avg_win_brl': 51.03, 'avg_loss_brl': -98.21, 'profit_factor': 1.4297, 'max_drawdown_pct': 9.79, 'expected_payoff': 11.13, 'on_tester_value': 4810.546743}",COMPLETE
98,43950.611765,2026-03-26 02:02:05.495461,2026-03-26 02:02:09.542532,0 days 00:00:04.047071,26,True,True,True,True,True,625,0.2,895,6,3,0.14,0.7,0.2,"{'start_date': '2021-03-23', 'end_date': '2024-09-16', 'trading_days': 872, 'total_trades': 2791, 'win_rate': 0.9344, 'net_profit_brl': 48580.0, 'avg_profit_brl': 17.41, 'avg_win_brl': 23.45, 'avg_loss_brl': -75.81, 'profit_factor': 4.8602, 'max_drawdown_pct': 1.11, 'expected_payoff': 17.41, 'on_tester_value': 43950.611765}",COMPLETE
99,23942.798571,2026-03-26 02:02:09.542622,2026-03-26 02:02:13.520979,0 days 00:00:03.978357,24,True,True,True,False,True,610,0.25,815,8,5,0.1,0.7,0.25,"{'start_date': '2021-03-23', 'end_date': '2024-09-16', 'trading_days': 872, 'total_trades': 3149, 'win_rate': 0.8517, 'net_profit_brl': 47105.0, 'avg_profit_brl': 14.96, 'avg_win_brl': 30.03, 'avg_loss_brl': -74.97, 'profit_factor': 2.4089, 'max_drawdown_pct': 1.97, 'expected_payoff': 14.96, 'on_tester_value': 23942.798571}",COMPLETE
100,29040.886111,2026-03-26 02:02:13.521035,2026-03-26 02:02:17.596070,0 days 00:00:04.075035,15,True,True,True,True,True,555,0.2,830,8,4,0.24000000000000002,0.75,0.25,"{'start_date': '2021-03-23', 'end_date': '2024-09-16', 'trading_days': 872, 'total_trades': 3694, 'win_rate': 0.9136, 'net_profit_brl': 73315.0, 'avg_profit_brl': 19.85, 'avg_win_brl': 28.55, 'avg_loss_brl': -82.23, 'profit_factor': 4.1841, 'max_drawdown_pct': 2.52, 'expected_payoff': 19.85, 'on_tester_value': 29040.886111}",COMPLETE
101,24757.022727,2026-03-26 02:02:17.596125,2026-03-26 02:02:21.778940,0 days 00:00:04.182815,10,True,True,True,True,True,565,0.2,840,6,3,0.27,1.0,0.1,"{'start_date': '2021-03-23', 'end_date': '2024-09-16', 'trading_days': 872, 'total_trades': 2805, 'win_rate': 0.9765, 'net_profit_brl': 30225.0, 'avg_profit_brl': 10.78, 'avg_win_brl': 12.21, 'avg_loss_brl': -78.78, 'profit_factor': 10.3576, 'max_drawdown_pct': 1.22, 'expected_payoff': 10.78, 'on_tester_value': 24757.022727}",COMPLETE
102,17029.692308,2026-03-26 02:02:21.778999,2026-03-26 02:02:25.723810,0 days 00:00:03.944811,23,True,True,True,True,True,715,0.2,785,3,4,0.15000000000000002,0.55,0.15000000000000002,"{'start_date': '2021-03-23', 'end_date': '2024-09-16', 'trading_days': 872, 'total_trades': 520, 'win_rate': 0.9654, 'net_profit_brl': 8675.0, 'avg_profit_brl': 16.68, 'avg_win_brl': 18.54, 'avg_loss_brl': -45.0, 'profit_factor': 14.7698, 'max_drawdown_pct': 0.51, 'expected_payoff': 16.68, 'on_tester_value': 17029.692308}",COMPLETE
103,26888.84434,2026-03-26 02:02:25.723879,2026-03-26 02:02:29.381220,0 days 00:00:03.657341,26,True,True,True,True,True,540,0.25,855,9,6,0.19,0.9,0.1,"{'start_date': '2021-03-23', 'end_date': '2024-09-16', 'trading_days': 872, 'total_trades': 5197, 'win_rate': 0.9594, 'net_profit_brl': 50375.0, 'avg_profit_brl': 9.69, 'avg_win_brl': 11.98, 'avg_loss_brl': -59.97, 'profit_factor': 6.3848, 'max_drawdown_pct': 1.87, 'expected_payoff': 9.69, 'on_tester_value': 26888.84434}",COMPLETE
104,12986.430769,2026-03-26 02:02:29.381285,2026-03-26 02:02:32.816125,0 days 00:00:03.434840,14,False,True,True,True,True,585,0.2,885,7,4,0.25,0.65,0.4,"{'start_date': '2021-03-23', 'end_date': '2024-09-16', 'trading_days': 872, 'total_trades': 1849, 'win_rate': 0.7664, 'net_profit_brl': 32560.0, 'avg_profit_brl': 17.61, 'avg_win_brl': 46.15, 'avg_loss_brl': -77.43, 'profit_factor': 1.9918, 'max_drawdown_pct': 2.51, 'expected_payoff': 17.61, 'on_tester_value': 12986.430769}",COMPLETE
105,10697.83,2026-03-26 02:02:32.816198,2026-03-26 02:02:36.010218,0 days 00:00:03.194020,21,True,True,True,True,True,635,0.15,840,10,3,0.13,0.55,0.30000000000000004,"{'start_date': '2021-03-23', 'end_date': '2024-09-16', 'trading_days': 872, 'total_trades': 2458, 'win_rate': 0.7941, 'net_profit_brl': 37405.0, 'avg_profit_brl': 15.22, 'avg_win_brl': 35.16, 'avg_loss_brl': -64.01, 'profit_factor': 2.1975, 'max_drawdown_pct': 3.5, 'expected_payoff': 15.22, 'on_tester_value': 10697.83}",COMPLETE
106,46337.673,2026-03-26 02:02:36.010270,2026-03-26 02:02:39.154629,0 days 00:00:03.144359,25,False,True,True,True,True,545,0.15,890,5,3,0.18,1.0,0.2,"{'start_date': '2021-03-23', 'end_date': '2024-09-16', 'trading_days': 872, 'total_trades': 5175, 'win_rate': 0.9285, 'net_profit_brl': 79865.0, 'avg_profit_brl': 15.43, 'avg_win_brl': 22.95, 'avg_loss_brl': -88.62, 'profit_factor': 3.6276, 'max_drawdown_pct': 1.72, 'expected_payoff': 15.43, 'on_tester_value': 46337.673}",COMPLETE
107,3374.670543,2026-03-26 02:02:39.154702,2026-03-26 02:02:41.995254,0 days 00:00:02.840552,38,False,True,False,True,False,620,0.4,800,8,4,0.11,0.9,0.35,"{'start_date': '2021-03-23', 'end_date': '2024-09-16', 'trading_days': 872, 'total_trades': 1166, 'win_rate': 0.8156, 'net_profit_brl': 16750.0, 'avg_profit_brl': 14.37, 'avg_win_brl': 39.55, 'avg_loss_brl': -98.4, 'profit_factor': 1.803, 'max_drawdown_pct': 4.96, 'expected_payoff': 14.37, 'on_tester_value': 3374.670543}",COMPLETE
108,22288.014706,2026-03-26 02:02:41.995321,2026-03-26 02:02:45.159817,0 days 00:00:03.164496,24,True,True,True,False,True,570,0.30000000000000004,885,8,4,0.25,1.1,0.2,"{'start_date': '2021-03-23', 'end_date': '2024-09-16', 'trading_days': 872, 'total_trades': 2180, 'win_rate': 0.9578, 'net_profit_brl': 39675.0, 'avg_profit_brl': 18.2, 'avg_win_brl': 23.32, 'avg_loss_brl': -121.82, 'profit_factor': 5.401, 'max_drawdown_pct': 1.78, 'expected_payoff': 18.2, 'on_tester_value': 22288.014706}",COMPLETE
109,60511.36,2026-03-26 02:02:45.159874,2026-03-26 02:02:48.556982,0 days 00:00:03.397108,29,False,False,True,True,True,550,0.2,865,4,3,0.21000000000000002,1.35,0.15000000000000002,"{'start_date': '2021-03-23', 'end_date': '2024-09-16', 'trading_days': 872, 'total_trades': 2882, 'win_rate': 0.9736, 'net_profit_brl': 41560.0, 'avg_profit_brl': 14.42, 'avg_win_brl': 17.23, 'avg_loss_brl': -104.38, 'profit_factor': 7.1253, 'max_drawdown_pct': 0.69, 'expected_payoff': 14.42, 'on_tester_value': 60511.36}",COMPLETE
110,12057.886628,2026-03-26 02:02:48.557044,2026-03-26 02:02:52.128846,0 days 00:00:03.571802,31,False,True,True,True,True,550,0.15,860,1,4,0.22,1.35,0.4,"{'start_date': '2021-03-23', 'end_date': '2024-09-16', 'trading_days': 872, 'total_trades': 3669, 'win_rate': 0.8403, 'net_profit_brl': 54075.0, 'avg_profit_brl': 14.74, 'avg_win_brl': 44.11, 'avg_loss_brl': -142.69, 'profit_factor': 1.6602, 'max_drawdown_pct': 4.48, 'expected_payoff': 14.74, 'on_tester_value': 12057.886628}",COMPLETE
111,13062.07027,2026-03-26 02:02:52.128902,2026-03-26 02:02:55.574646,0 days 00:00:03.445744,19,False,True,True,True,True,715,0.15,870,3,3,0.1,0.9,0.15000000000000002,"{'start_date': '2021-03-23', 'end_date': '2024-09-16', 'trading_days': 872, 'total_trades': 1070, 'win_rate': 0.9636, 'net_profit_brl': 16180.0, 'avg_profit_brl': 15.12, 'avg_win_brl': 18.75, 'avg_loss_brl': -82.89, 'profit_factor': 6.1365, 'max_drawdown_pct': 1.24, 'expected_payoff': 15.12, 'on_tester_value': 13062.07027}",COMPLETE
112,14060.203774,2026-03-26 02:02:55.574692,2026-03-26 02:02:59.046158,0 days 00:00:03.471466,31,False,False,True,True,True,620,0.2,855,13,3,0.18,1.25,0.2,"{'start_date': '2021-03-23', 'end_date': '2024-09-16', 'trading_days': 872, 'total_trades': 1300, 'win_rate': 0.9692, 'net_profit_brl': 24610.0, 'avg_profit_brl': 18.93, 'avg_win_brl': 23.29, 'avg_loss_brl': -135.29, 'profit_factor': 6.1975, 'max_drawdown_pct': 1.75, 'expected_payoff': 18.93, 'on_tester_value': 14060.203774}",COMPLETE
113,4613.21223,2026-03-26 02:02:59.046216,2026-03-26 02:03:02.369884,0 days 00:00:03.323668,19,False,True,True,True,False,590,0.15,780,6,3,0.14,1.05,0.4,"{'start_date': '2021-03-23', 'end_date': '2024-09-16', 'trading_days': 872, 'total_trades': 2131, 'win_rate': 0.7982, 'net_profit_brl': 28755.0, 'avg_profit_brl': 13.49, 'avg_win_brl': 46.33, 'avg_loss_brl': -118.03, 'profit_factor': 1.5746, 'max_drawdown_pct': 6.23, 'expected_payoff': 13.49, 'on_tester_value': 4613.21223}",COMPLETE
114,3883.878049,2026-03-26 02:03:02.369978,2026-03-26 02:03:05.703155,0 days 00:00:03.333177,21,False,False,True,True,True,625,0.2,835,6,3,0.37,1.4,0.1,"{'start_date': '2021-03-23', 'end_date': '2024-09-16', 'trading_days': 872, 'total_trades': 535, 'win_rate': 0.9888, 'net_profit_brl': 5780.0, 'avg_profit_brl': 10.8, 'avg_win_brl': 11.73, 'avg_loss_brl': -106.25, 'profit_factor': 14.6, 'max_drawdown_pct': 1.49, 'expected_payoff': 10.8, 'on_tester_value': 3883.878049}",COMPLETE
115,26239.01087,2026-03-26 02:03:05.703201,2026-03-26 02:03:09.113276,0 days 00:00:03.410075,29,False,False,True,True,True,560,0.25,805,2,4,0.18,1.1,0.2,"{'start_date': '2021-03-23', 'end_date': '2024-09-16', 'trading_days': 872, 'total_trades': 2596, 'win_rate': 0.9545, 'net_profit_brl': 46245.0, 'avg_profit_brl': 17.81, 'avg_win_brl': 22.92, 'avg_loss_brl': -104.46, 'profit_factor': 5.3834, 'max_drawdown_pct': 1.76, 'expected_payoff': 17.81, 'on_tester_value': 26239.01087}",COMPLETE
116,50558.696296,2026-03-26 02:03:09.113353,2026-03-26 02:03:12.683289,0 days 00:00:03.569936,25,False,True,True,True,True,540,0.15,885,4,4,0.22,0.95,0.15000000000000002,"{'start_date': '2021-03-23', 'end_date': '2024-09-16', 'trading_days': 872, 'total_trades': 4844, 'win_rate': 0.9354, 'net_profit_brl': 63670.0, 'avg_profit_brl': 13.14, 'avg_win_brl': 17.46, 'avg_loss_brl': -62.83, 'profit_factor': 5.1197, 'max_drawdown_pct': 1.26, 'expected_payoff': 13.14, 'on_tester_value': 50558.696296}",COMPLETE
117,55591.071429,2026-03-26 02:03:12.683351,2026-03-26 02:03:15.960509,0 days 00:00:03.277158,26,False,True,True,False,True,595,0.15,890,3,4,0.14,0.8500000000000001,0.15000000000000002,"{'start_date': '2021-03-23', 'end_date': '2024-09-16', 'trading_days': 872, 'total_trades': 2264, 'win_rate': 0.9695, 'net_profit_brl': 34590.0, 'avg_profit_brl': 15.28, 'avg_win_brl': 17.81, 'avg_loss_brl': -72.66, 'profit_factor': 8.6781, 'max_drawdown_pct': 0.62, 'expected_payoff': 15.28, 'on_tester_value': 55591.071429}",COMPLETE
118,22296.35625,2026-03-26 02:03:15.960562,2026-03-26 02:03:19.156922,0 days 00:00:03.196360,27,False,True,False,False,True,610,0.2,870,4,5,0.1,0.8,0.15000000000000002,"{'start_date': '2021-03-23', 'end_date': '2024-09-16', 'trading_days': 872, 'total_trades': 1665, 'win_rate': 0.9477, 'net_profit_brl': 23130.0, 'avg_profit_brl': 13.89, 'avg_win_brl': 18.03, 'avg_loss_brl': -64.1, 'profit_factor': 5.3477, 'max_drawdown_pct': 1.04, 'expected_payoff': 13.89, 'on_tester_value': 22296.35625}",COMPLETE
119,232.844037,2026-03-26 02:03:19.156974,2026-03-26 02:03:22.978688,0 days 00:00:03.821714,25,False,True,True,False,True,660,0.15,845,3,3,0.12000000000000001,0.75,0.55,"{'start_date': '2021-03-23', 'end_date': '2024-09-16', 'trading_days': 872, 'total_trades': 1101, 'win_rate': 0.5931, 'net_profit_brl': 3760.0, 'avg_profit_brl': 3.42, 'avg_win_brl': 65.26, 'avg_loss_brl': -87.91, 'profit_factor': 1.0968, 'max_drawdown_pct': 16.15, 'expected_payoff': 3.42, 'on_tester_value': 232.844037}",COMPLETE
120,5430.220149,2026-03-26 02:03:22.978755,2026-03-26 02:03:27.129912,0 days 00:00:04.151157,34,True,True,True,True,False,645,0.2,855,9,3,0.1,1.0,0.4,"{'start_date': '2021-03-23', 'end_date': '2024-09-16', 'trading_days': 872, 'total_trades': 2255, 'win_rate': 0.7743, 'net_profit_brl': 25895.0, 'avg_profit_brl': 11.48, 'avg_win_brl': 47.39, 'avg_loss_brl': -112.55, 'profit_factor': 1.4556, 'max_drawdown_pct': 4.77, 'expected_payoff': 11.48, 'on_tester_value': 5430.220149}",COMPLETE
121,32772.019231,2026-03-26 02:03:27.129982,2026-03-26 02:03:31.176762,0 days 00:00:04.046780,28,False,True,True,False,True,555,0.2,860,5,3,0.21000000000000002,1.15,0.1,"{'start_date': '2021-03-23', 'end_date': '2024-09-16', 'trading_days': 872, 'total_trades': 2507, 'win_rate': 0.9809, 'net_profit_brl': 25435.0, 'avg_profit_brl': 10.15, 'avg_win_brl': 11.67, 'avg_loss_brl': -81.38, 'profit_factor': 8.8141, 'max_drawdown_pct': 0.78, 'expected_payoff': 10.15, 'on_tester_value': 32772.019231}",COMPLETE
122,57444.75,2026-03-26 02:03:31.176816,2026-03-26 02:03:35.350007,0 days 00:00:04.173191,19,False,True,True,False,True,565,0.2,875,5,5,0.17,0.9,0.15000000000000002,"{'start_date': '2021-03-23', 'end_date': '2024-09-16', 'trading_days': 872, 'total_trades': 2677, 'win_rate': 0.9634, 'net_profit_brl': 39600.0, 'avg_profit_brl': 14.79, 'avg_win_brl': 17.81, 'avg_loss_brl': -79.06, 'profit_factor': 7.2609, 'max_drawdown_pct': 0.69, 'expected_payoff': 14.79, 'on_tester_value': 57444.75}",COMPLETE
123,31431.2625,2026-03-26 02:03:35.350074,2026-03-26 02:03:39.566588,0 days 00:00:04.216514,20,False,True,True,False,True,570,0.2,845,6,6,0.12000000000000001,0.9,0.1,"{'start_date': '2021-03-23', 'end_date': '2024-09-16', 'trading_days': 872, 'total_trades': 3400, 'win_rate': 0.9574, 'net_profit_brl': 34635.0, 'avg_profit_brl': 10.19, 'avg_win_brl': 12.92, 'avg_loss_brl': -61.28, 'profit_factor': 5.6709, 'max_drawdown_pct': 1.1, 'expected_payoff': 10.19, 'on_tester_value': 31431.2625}",COMPLETE
124,13853.214815,2026-03-26 02:03:39.566681,2026-03-26 02:03:43.846832,0 days 00:00:04.280151,35,True,False,True,True,True,680,0.15,870,6,3,0.14,0.8,0.1,"{'start_date': '2021-03-23', 'end_date': '2024-09-16', 'trading_days': 872, 'total_trades': 1134, 'win_rate': 0.9815, 'net_profit_brl': 12560.0, 'avg_profit_brl': 11.08, 'avg_win_brl': 12.22, 'avg_loss_brl': -52.0, 'profit_factor': 13.0769, 'max_drawdown_pct': 0.91, 'expected_payoff': 11.08, 'on_tester_value': 13853.214815}",COMPLETE
125,21274.033333,2026-03-26 02:03:43.846912,2026-03-26 02:03:48.022794,0 days 00:00:04.175882,23,False,True,True,False,True,585,0.2,790,7,3,0.26,1.0,0.15000000000000002,"{'start_date': '2021-03-23', 'end_date': '2024-09-16', 'trading_days': 872, 'total_trades': 1190, 'win_rate': 0.9882, 'net_profit_brl': 19185.0, 'avg_profit_brl': 16.12, 'avg_win_brl': 17.27, 'avg_loss_brl': -94.17, 'profit_factor': 17.9779, 'max_drawdown_pct': 0.9, 'expected_payoff': 16.12, 'on_tester_value': 21274.033333}",COMPLETE
126,3631.613139,2026-03-26 02:03:48.022866,2026-03-26 02:03:52.170337,0 days 00:00:04.147471,28,False,False,True,False,True,585,0.2,800,4,3,0.21000000000000002,1.4500000000000002,0.35,"{'start_date': '2021-03-23', 'end_date': '2024-09-16', 'trading_days': 872, 'total_trades': 1034, 'win_rate': 0.8946, 'net_profit_brl': 19450.0, 'avg_profit_brl': 18.81, 'avg_win_brl': 40.2, 'avg_loss_brl': -165.75, 'profit_factor': 2.0967, 'max_drawdown_pct': 5.36, 'expected_payoff': 18.81, 'on_tester_value': 3631.613139}",COMPLETE
127,90328.666667,2026-03-26 02:03:52.170408,2026-03-26 02:03:56.682163,0 days 00:00:04.511755,23,False,True,True,True,True,555,0.25,895,6,4,0.12000000000000001,1.0,0.15000000000000002,"{'start_date': '2021-03-23', 'end_date': '2024-09-16', 'trading_days': 872, 'total_trades': 5581, 'win_rate': 0.9459, 'net_profit_brl': 75350.0, 'avg_profit_brl': 13.5, 'avg_win_brl': 18.38, 'avg_loss_brl': -80.0, 'profit_factor': 4.4756, 'max_drawdown_pct': 0.83, 'expected_payoff': 13.5, 'on_tester_value': 90328.666667}",COMPLETE
128,14771.887255,2026-03-26 02:03:56.682213,2026-03-26 02:04:00.753271,0 days 00:00:04.071058,23,False,True,True,True,True,590,0.30000000000000004,870,5,5,0.12000000000000001,1.1,0.25,"{'start_date': '2021-03-23', 'end_date': '2024-09-16', 'trading_days': 872, 'total_trades': 3560, 'win_rate': 0.916, 'net_profit_brl': 60125.0, 'avg_profit_brl': 16.89, 'avg_win_brl': 29.17, 'avg_loss_brl': -121.12, 'profit_factor': 2.7176, 'max_drawdown_pct': 4.07, 'expected_payoff': 16.89, 'on_tester_value': 14771.887255}",COMPLETE
129,4084.5,2026-03-26 02:04:00.753331,2026-03-26 02:04:04.280427,0 days 00:00:03.527096,38,False,False,False,True,True,595,0.2,775,3,4,0.30000000000000004,1.35,0.1,"{'start_date': '2021-03-23', 'end_date': '2024-09-16', 'trading_days': 872, 'total_trades': 593, 'win_rate': 0.9916, 'net_profit_brl': 5835.0, 'avg_profit_brl': 9.84, 'avg_win_brl': 10.82, 'avg_loss_brl': -132.5, 'profit_factor': 12.0094, 'max_drawdown_pct': 1.43, 'expected_payoff': 9.84, 'on_tester_value': 4084.5}",COMPLETE
130,14409.675,2026-03-26 02:04:04.280499,2026-03-26 02:04:08.195983,0 days 00:00:03.915484,39,True,True,False,True,True,560,0.2,805,9,5,0.27,0.95,0.25,"{'start_date': '2021-03-23', 'end_date': '2024-09-16', 'trading_days': 872, 'total_trades': 2315, 'win_rate': 0.9313, 'net_profit_brl': 45745.0, 'avg_profit_brl': 19.76, 'avg_win_brl': 27.75, 'avg_loss_brl': -101.33, 'profit_factor': 4.2478, 'max_drawdown_pct': 3.17, 'expected_payoff': 19.76, 'on_tester_value': 14409.675}",COMPLETE
131,11041.686667,2026-03-26 02:04:08.196046,2026-03-26 02:04:12.025344,0 days 00:00:03.829298,39,False,False,False,True,True,570,0.4,890,8,3,0.17,0.65,0.25,"{'start_date': '2021-03-23', 'end_date': '2024-09-16', 'trading_days': 872, 'total_trades': 1331, 'win_rate': 0.8993, 'net_profit_brl': 24610.0, 'avg_profit_brl': 18.49, 'avg_win_brl': 27.38, 'avg_loss_brl': -66.93, 'profit_factor': 4.0141, 'max_drawdown_pct': 2.23, 'expected_payoff': 18.49, 'on_tester_value': 11041.686667}",COMPLETE
132,15820.8,2026-03-26 02:04:12.025403,2026-03-26 02:04:15.759365,0 days 00:00:03.733962,31,False,True,True,False,True,585,0.15,800,1,4,0.19,0.7,0.15000000000000002,"{'start_date': '2021-03-23', 'end_date': '2024-09-16', 'trading_days': 872, 'total_trades': 1688, 'win_rate': 0.9704, 'net_profit_brl': 25600.0, 'avg_profit_brl': 15.17, 'avg_win_brl': 17.16, 'avg_loss_brl': -61.34, 'profit_factor': 11.1789, 'max_drawdown_pct': 1.62, 'expected_payoff': 15.17, 'on_tester_value': 15820.8}",COMPLETE
133,11056.096552,2026-03-26 02:04:15.759424,2026-03-26 02:04:19.436801,0 days 00:00:03.677377,20,False,True,False,False,True,610,0.15,810,3,3,0.18,1.35,0.2,"{'start_date': '2021-03-23', 'end_date': '2024-09-16', 'trading_days': 872, 'total_trades': 859, 'win_rate': 0.9732, 'net_profit_brl': 15810.0, 'avg_profit_brl': 18.41, 'avg_win_brl': 22.76, 'avg_loss_brl': -140.0, 'profit_factor': 5.9099, 'max_drawdown_pct': 1.43, 'expected_payoff': 18.41, 'on_tester_value': 11056.096552}",COMPLETE
134,14577.107895,2026-03-26 02:04:19.436887,2026-03-26 02:04:22.537968,0 days 00:00:03.101081,13,False,False,True,False,True,555,0.2,875,3,4,0.19,1.0,0.30000000000000004,"{'start_date': '2021-03-23', 'end_date': '2024-09-16', 'trading_days': 872, 'total_trades': 1942, 'win_rate': 0.8728, 'net_profit_brl': 34095.0, 'avg_profit_brl': 17.56, 'avg_win_brl': 35.76, 'avg_loss_brl': -112.87, 'profit_factor': 2.2854, 'max_drawdown_pct': 2.34, 'expected_payoff': 17.56, 'on_tester_value': 14577.107895}",COMPLETE
135,25009.25,2026-03-26 02:04:22.538013,2026-03-26 02:04:25.659302,0 days 00:00:03.121289,37,False,True,True,False,True,565,0.25,755,4,4,0.2,1.4,0.15000000000000002,"{'start_date': '2021-03-23', 'end_date': '2024-09-16', 'trading_days': 872, 'total_trades': 1970, 'win_rate': 0.9802, 'net_profit_brl': 30380.0, 'avg_profit_brl': 15.42, 'avg_win_brl': 17.49, 'avg_loss_brl': -109.19, 'profit_factor': 9.9749, 'max_drawdown_pct': 1.21, 'expected_payoff': 15.42, 'on_tester_value': 25009.25}",COMPLETE
136,12777.09697,2026-03-26 02:04:25.659365,2026-03-26 02:04:28.946110,0 days 00:00:03.286745,26,False,True,True,True,True,545,0.15,880,3,4,0.13,0.55,0.35,"{'start_date': '2021-03-23', 'end_date': '2024-09-16', 'trading_days': 872, 'total_trades': 6483, 'win_rate': 0.6702, 'net_profit_brl': 60990.0, 'avg_profit_brl': 9.41, 'avg_win_brl': 38.78, 'avg_loss_brl': -54.17, 'profit_factor': 1.5672, 'max_drawdown_pct': 4.77, 'expected_payoff': 9.41, 'on_tester_value': 12777.09697}",COMPLETE
137,38591.118421,2026-03-26 02:04:28.946154,2026-03-26 02:04:32.084743,0 days 00:00:03.138589,38,False,True,True,True,True,590,0.4,835,5,4,0.19,0.75,0.15000000000000002,"{'start_date': '2021-03-23', 'end_date': '2024-09-16', 'trading_days': 872, 'total_trades': 1864, 'win_rate': 0.9753, 'net_profit_brl': 28475.0, 'avg_profit_brl': 15.28, 'avg_win_brl': 17.13, 'avg_loss_brl': -70.0, 'profit_factor': 11.7049, 'max_drawdown_pct': 0.74, 'expected_payoff': 15.28, 'on_tester_value': 38591.118421}",COMPLETE
138,13490.502273,2026-03-26 02:04:32.084788,2026-03-26 02:04:35.251359,0 days 00:00:03.166571,35,False,True,True,True,True,645,0.4,770,4,4,0.22,0.6,0.2,"{'start_date': '2021-03-23', 'end_date': '2024-09-16', 'trading_days': 872, 'total_trades': 746, 'win_rate': 0.9477, 'net_profit_brl': 13785.0, 'avg_profit_brl': 18.48, 'avg_win_brl': 22.86, 'avg_loss_brl': -65.97, 'profit_factor': 6.8042, 'max_drawdown_pct': 1.02, 'expected_payoff': 18.48, 'on_tester_value': 13490.502273}",COMPLETE
139,5002.185417,2026-03-26 02:04:35.251427,2026-03-26 02:04:38.335838,0 days 00:00:03.084411,39,False,True,True,True,True,630,0.4,765,13,3,0.13,0.9,0.30000000000000004,"{'start_date': '2021-03-23', 'end_date': '2024-09-16', 'trading_days': 872, 'total_trades': 1656, 'win_rate': 0.8593, 'net_profit_brl': 25790.0, 'avg_profit_brl': 15.57, 'avg_win_brl': 34.18, 'avg_loss_brl': -101.13, 'profit_factor': 2.1284, 'max_drawdown_pct': 5.16, 'expected_payoff': 15.57, 'on_tester_value': 5002.185417}",COMPLETE
140,5129.964486,2026-03-26 02:04:38.335899,2026-03-26 02:04:41.651270,0 days 00:00:03.315371,30,True,True,True,True,True,690,0.35,875,6,3,0.13,0.75,0.25,"{'start_date': '2021-03-23', 'end_date': '2024-09-16', 'trading_days': 872, 'total_trades': 1366, 'win_rate': 0.9026, 'net_profit_brl': 24905.0, 'avg_profit_brl': 18.23, 'avg_win_brl': 29.89, 'avg_loss_brl': -90.57, 'profit_factor': 3.0832, 'max_drawdown_pct': 4.85, 'expected_payoff': 18.23, 'on_tester_value': 5129.964486}",COMPLETE
141,10126.016667,2026-03-26 02:04:41.651328,2026-03-26 02:04:44.558678,0 days 00:00:02.907350,40,False,True,False,False,True,565,0.4,855,7,3,0.22,0.75,0.1,"{'start_date': '2021-03-23', 'end_date': '2024-09-16', 'trading_days': 872, 'total_trades': 938, 'win_rate': 0.9797, 'net_profit_brl': 9640.0, 'avg_profit_brl': 10.28, 'avg_win_brl': 11.38, 'avg_loss_brl': -58.21, 'profit_factor': 12.8282, 'max_drawdown_pct': 0.95, 'expected_payoff': 10.28, 'on_tester_value': 10126.016667}",COMPLETE
142,67741.847826,2026-03-26 02:04:44.558726,2026-03-26 02:04:47.744115,0 days 00:00:03.185389,27,False,True,True,True,True,560,0.15,885,9,3,0.16,1.05,0.15000000000000002,"{'start_date': '2021-03-23', 'end_date': '2024-09-16', 'trading_days': 872, 'total_trades': 4245, 'win_rate': 0.9625, 'net_profit_brl': 60625.0, 'avg_profit_brl': 14.28, 'avg_win_brl': 17.62, 'avg_loss_brl': -83.07, 'profit_factor': 6.3273, 'max_drawdown_pct': 0.89, 'expected_payoff': 14.28, 'on_tester_value': 67741.847826}",COMPLETE
143,1508.439024,2026-03-26 02:04:47.744158,2026-03-26 02:04:50.619271,0 days 00:00:02.875113,37,False,True,False,True,True,675,0.35,720,10,5,0.22,1.15,0.15000000000000002,"{'start_date': '2021-03-23', 'end_date': '2024-09-16', 'trading_days': 872, 'total_trades': 186, 'win_rate': 0.9839, 'net_profit_brl': 2675.0, 'avg_profit_brl': 14.38, 'avg_win_brl': 17.3, 'avg_loss_brl': -163.33, 'profit_factor': 6.4592, 'max_drawdown_pct': 1.77, 'expected_payoff': 14.38, 'on_tester_value': 1508.439024}",COMPLETE
144,7278.448649,2026-03-26 02:04:50.619313,2026-03-26 02:04:53.520044,0 days 00:00:02.900731,29,False,True,True,True,True,645,0.2,895,7,4,0.24000000000000002,0.95,0.1,"{'start_date': '2021-03-23', 'end_date': '2024-09-16', 'trading_days': 872, 'total_trades': 991, 'win_rate': 0.9889, 'net_profit_brl': 10430.0, 'avg_profit_brl': 10.52, 'avg_win_brl': 11.72, 'avg_loss_brl': -95.91, 'profit_factor': 10.8863, 'max_drawdown_pct': 1.43, 'expected_payoff': 10.52, 'on_tester_value': 7278.448649}",COMPLETE
145,96842.115789,2026-03-26 02:04:53.520107,2026-03-26 02:04:56.754410,0 days 00:00:03.234303,25,True,True,True,True,True,570,0.15,860,4,3,0.12000000000000001,0.6,0.1,"{'start_date': '2021-03-23', 'end_date': '2024-09-16', 'trading_days': 872, 'total_trades': 5977, 'win_rate': 0.9277, 'net_profit_brl': 55355.0, 'avg_profit_brl': 9.26, 'avg_win_brl': 12.21, 'avg_loss_brl': -38.53, 'profit_factor': 5.4895, 'max_drawdown_pct': 0.57, 'expected_payoff': 9.26, 'on_tester_value': 96842.115789}",COMPLETE
146,26889.852,2026-03-26 02:04:56.754488,2026-03-26 02:04:59.711020,0 days 00:00:02.956532,30,False,False,True,True,True,580,0.25,855,7,3,0.19,1.4,0.1,"{'start_date': '2021-03-23', 'end_date': '2024-09-16', 'trading_days': 872, 'total_trades': 1935, 'win_rate': 0.9928, 'net_profit_brl': 21505.0, 'avg_profit_brl': 11.11, 'avg_win_brl': 11.7, 'avg_loss_brl': -98.0, 'profit_factor': 22.9439, 'max_drawdown_pct': 0.8, 'expected_payoff': 11.11, 'on_tester_value': 26889.852}",COMPLETE
147,3104.867039,2026-03-26 02:04:59.711089,2026-03-26 02:05:02.480093,0 days 00:00:02.769004,34,False,False,True,True,False,555,0.2,900,7,3,0.31,1.2000000000000002,0.55,"{'start_date': '2021-03-23', 'end_date': '2024-09-16', 'trading_days': 872, 'total_trades': 1227, 'win_rate': 0.7522, 'net_profit_brl': 17905.0, 'avg_profit_brl': 14.59, 'avg_win_brl': 60.48, 'avg_loss_brl': -128.11, 'profit_factor': 1.4722, 'max_drawdown_pct': 5.77, 'expected_payoff': 14.59, 'on_tester_value': 3104.867039}",COMPLETE
148,23509.608434,2026-03-26 02:05:02.480137,2026-03-26 02:05:05.522786,0 days 00:00:03.042649,20,False,True,True,True,True,590,0.15,880,7,3,0.12000000000000001,1.35,0.15000000000000002,"{'start_date': '2021-03-23', 'end_date': '2024-09-16', 'trading_days': 872, 'total_trades': 3707, 'win_rate': 0.9744, 'net_profit_brl': 56625.0, 'avg_profit_brl': 15.28, 'avg_win_brl': 18.57, 'avg_loss_brl': -118.81, 'profit_factor': 6.4161, 'max_drawdown_pct': 2.41, 'expected_payoff': 15.28, 'on_tester_value': 23509.608434}",COMPLETE
149,45403.509375,2026-03-26 02:05:05.522825,2026-03-26 02:05:08.646128,0 days 00:00:03.123303,33,False,True,True,True,True,545,0.2,850,10,4,0.13,0.95,0.1,"{'start_date': '2021-03-23', 'end_date': '2024-09-16', 'trading_days': 872, 'total_trades': 6227, 'win_rate': 0.9457, 'net_profit_brl': 56910.0, 'avg_profit_brl': 9.14, 'avg_win_brl': 12.91, 'avg_loss_brl': -64.38, 'profit_factor': 3.9765, 'max_drawdown_pct': 1.25, 'expected_payoff': 9.14, 'on_tester_value': 45403.509375}",COMPLETE
150,106357.211667,2026-03-26 02:05:08.646186,2026-03-26 02:05:11.914875,0 days 00:00:03.268689,30,False,True,True,True,True,555,0.2,880,8,4,0.12000000000000001,0.95,0.15000000000000002,"{'start_date': '2021-03-23', 'end_date': '2024-09-16', 'trading_days': 872, 'total_trades': 5809, 'win_rate': 0.9372, 'net_profit_brl': 75235.0, 'avg_profit_brl': 12.95, 'avg_win_brl': 18.26, 'avg_loss_brl': -74.16, 'profit_factor': 4.1121, 'max_drawdown_pct': 0.71, 'expected_payoff': 12.95, 'on_tester_value': 106357.211667}",COMPLETE
151,21100.971429,2026-03-26 02:05:11.914937,2026-03-26 02:05:14.740518,0 days 00:00:02.825581,31,False,True,True,True,True,545,0.30000000000000004,740,11,5,0.19,0.8500000000000001,0.1,"{'start_date': '2021-03-23', 'end_date': '2024-09-16', 'trading_days': 872, 'total_trades': 3079, 'win_rate': 0.9678, 'net_profit_brl': 29660.0, 'avg_profit_brl': 9.63, 'avg_win_brl': 11.38, 'avg_loss_brl': -60.64, 'profit_factor': 7.987, 'max_drawdown_pct': 1.41, 'expected_payoff': 9.63, 'on_tester_value': 21100.971429}",COMPLETE
152,27408.715455,2026-03-26 02:05:14.740565,2026-03-26 02:05:17.753433,0 days 00:00:03.012868,30,False,True,True,True,True,585,0.25,810,8,3,0.11,0.8,0.25,"{'start_date': '2021-03-23', 'end_date': '2024-09-16', 'trading_days': 872, 'total_trades': 3858, 'win_rate': 0.8725, 'net_profit_brl': 58955.0, 'avg_profit_brl': 15.28, 'avg_win_brl': 28.92, 'avg_loss_brl': -80.8, 'profit_factor': 2.5361, 'max_drawdown_pct': 2.15, 'expected_payoff': 15.28, 'on_tester_value': 27408.715455}",COMPLETE
153,28837.337838,2026-03-26 02:05:17.753485,2026-03-26 02:05:20.891261,0 days 00:00:03.137776,32,False,True,True,True,True,545,0.15,815,8,6,0.18,1.1,0.2,"{'start_date': '2021-03-23', 'end_date': '2024-09-16', 'trading_days': 872, 'total_trades': 4955, 'win_rate': 0.9344, 'net_profit_brl': 77740.0, 'avg_profit_brl': 15.69, 'avg_win_brl': 23.16, 'avg_loss_brl': -97.38, 'profit_factor': 3.6348, 'max_drawdown_pct': 2.7, 'expected_payoff': 15.69, 'on_tester_value': 28837.337838}",COMPLETE
154,82908.984375,2026-03-26 02:05:20.891326,2026-03-26 02:05:24.888762,0 days 00:00:03.997436,21,True,True,True,True,True,610,0.15,850,1,3,0.12000000000000001,0.8500000000000001,0.1,"{'start_date': '2021-03-23', 'end_date': '2024-09-16', 'trading_days': 872, 'total_trades': 3570, 'win_rate': 0.9742, 'net_profit_brl': 39305.0, 'avg_profit_brl': 11.01, 'avg_win_brl': 12.54, 'avg_loss_brl': -56.51, 'profit_factor': 10.1513, 'max_drawdown_pct': 0.47, 'expected_payoff': 11.01, 'on_tester_value': 82908.984375}",COMPLETE
155,76119.696,2026-03-26 02:05:24.888944,2026-03-26 02:05:28.715163,0 days 00:00:03.826219,30,False,True,False,True,True,545,0.15,895,10,3,0.14,0.95,0.15000000000000002,"{'start_date': '2021-03-23', 'end_date': '2024-09-16', 'trading_days': 872, 'total_trades': 4800, 'win_rate': 0.9323, 'net_profit_brl': 58680.0, 'avg_profit_brl': 12.22, 'avg_win_brl': 18.02, 'avg_loss_brl': -73.49, 'profit_factor': 3.6703, 'max_drawdown_pct': 0.77, 'expected_payoff': 12.22, 'on_tester_value': 76119.696}",COMPLETE
156,26333.406452,2026-03-26 02:05:28.715223,2026-03-26 02:05:32.597176,0 days 00:00:03.881953,19,False,True,False,True,True,590,0.25,890,11,4,0.15000000000000002,1.2000000000000002,0.1,"{'start_date': '2021-03-23', 'end_date': '2024-09-16', 'trading_days': 872, 'total_trades': 2260, 'win_rate': 0.9889, 'net_profit_brl': 25180.0, 'avg_profit_brl': 11.14, 'avg_win_brl': 11.99, 'avg_loss_brl': -73.64, 'profit_factor': 16.5432, 'max_drawdown_pct': 0.96, 'expected_payoff': 11.14, 'on_tester_value': 26333.406452}",COMPLETE
157,18307.558824,2026-03-26 02:05:32.597232,2026-03-26 02:05:36.499028,0 days 00:00:03.901796,36,False,True,False,True,True,550,0.15,875,9,4,0.15000000000000002,1.1,0.1,"{'start_date': '2021-03-23', 'end_date': '2024-09-16', 'trading_days': 872, 'total_trades': 4022, 'win_rate': 0.9657, 'net_profit_brl': 39050.0, 'avg_profit_brl': 9.71, 'avg_win_brl': 12.34, 'avg_loss_brl': -71.61, 'profit_factor': 5.3975, 'max_drawdown_pct': 2.13, 'expected_payoff': 9.71, 'on_tester_value': 18307.558824}",COMPLETE
158,52857.819048,2026-03-26 02:05:36.499116,2026-03-26 02:05:40.523996,0 days 00:00:04.024880,20,True,True,True,True,False,615,0.15,835,1,5,0.11,0.8500000000000001,0.2,"{'start_date': '2021-03-23', 'end_date': '2024-09-16', 'trading_days': 872, 'total_trades': 2847, 'win_rate': 0.9347, 'net_profit_brl': 49510.0, 'avg_profit_brl': 17.39, 'avg_win_brl': 24.4, 'avg_loss_brl': -90.76, 'profit_factor': 4.2087, 'max_drawdown_pct': 0.94, 'expected_payoff': 17.39, 'on_tester_value': 52857.819048}",COMPLETE
159,10453.057576,2026-03-26 02:05:40.524057,2026-03-26 02:05:44.694865,0 days 00:00:04.170808,13,True,True,True,True,False,620,0.15,795,2,5,0.12000000000000001,0.9,0.30000000000000004,"{'start_date': '2021-03-23', 'end_date': '2024-09-16', 'trading_days': 872, 'total_trades': 2341, 'win_rate': 0.8518, 'net_profit_brl': 37590.0, 'avg_profit_brl': 16.06, 'avg_win_brl': 37.14, 'avg_loss_brl': -109.52, 'profit_factor': 2.0307, 'max_drawdown_pct': 3.6, 'expected_payoff': 16.06, 'on_tester_value': 10453.057576}",COMPLETE
160,14624.3,2026-03-26 02:05:44.694925,2026-03-26 02:05:48.702147,0 days 00:00:04.007222,16,True,True,False,True,True,625,0.15,900,1,3,0.13,0.55,0.25,"{'start_date': '2021-03-23', 'end_date': '2024-09-16', 'trading_days': 872, 'total_trades': 2430, 'win_rate': 0.8584, 'net_profit_brl': 40850.0, 'avg_profit_brl': 16.81, 'avg_win_brl': 29.17, 'avg_loss_brl': -62.52, 'profit_factor': 3.042, 'max_drawdown_pct': 2.79, 'expected_payoff': 16.81, 'on_tester_value': 14624.3}",COMPLETE
161,2121.636559,2026-03-26 02:05:48.702236,2026-03-26 02:05:52.692082,0 days 00:00:03.989846,24,False,True,False,True,True,570,0.15,835,11,4,0.18,0.8,0.5,"{'start_date': '2021-03-23', 'end_date': '2024-09-16', 'trading_days': 872, 'total_trades': 2291, 'win_rate': 0.677, 'net_profit_brl': 22270.0, 'avg_profit_brl': 9.72, 'avg_win_brl': 54.23, 'avg_loss_brl': -85.64, 'profit_factor': 1.3602, 'max_drawdown_pct': 10.5, 'expected_payoff': 9.72, 'on_tester_value': 2121.636559}",COMPLETE
162,6609.015625,2026-03-26 02:05:52.692243,2026-03-26 02:05:57.127537,0 days 00:00:04.435294,17,True,True,True,False,True,665,0.2,885,1,5,0.18,0.95,0.1,"{'start_date': '2021-03-23', 'end_date': '2024-09-16', 'trading_days': 872, 'total_trades': 1014, 'win_rate': 0.9911, 'net_profit_brl': 11815.0, 'avg_profit_brl': 11.65, 'avg_win_brl': 12.72, 'avg_loss_brl': -107.78, 'profit_factor': 13.1804, 'max_drawdown_pct': 1.79, 'expected_payoff': 11.65, 'on_tester_value': 6609.015625}",COMPLETE
163,73576.040909,2026-03-26 02:05:57.127613,2026-03-26 02:06:01.564449,0 days 00:00:04.436836,26,True,True,True,True,True,555,0.15,770,2,3,0.16,0.55,0.1,"{'start_date': '2021-03-23', 'end_date': '2024-09-16', 'trading_days': 872, 'total_trades': 5450, 'win_rate': 0.9317, 'net_profit_brl': 49790.0, 'avg_profit_brl': 9.14, 'avg_win_brl': 11.8, 'avg_loss_brl': -38.23, 'profit_factor': 5.9151, 'max_drawdown_pct': 0.68, 'expected_payoff': 9.14, 'on_tester_value': 73576.040909}",COMPLETE
164,57526.224074,2026-03-26 02:06:01.564523,2026-03-26 02:06:05.917110,0 days 00:00:04.352587,16,True,True,True,True,True,620,0.15,820,2,3,0.11,0.55,0.2,"{'start_date': '2021-03-23', 'end_date': '2024-09-16', 'trading_days': 872, 'total_trades': 3298, 'win_rate': 0.8951, 'net_profit_brl': 54365.0, 'avg_profit_brl': 16.48, 'avg_win_brl': 24.39, 'avg_loss_brl': -58.04, 'profit_factor': 4.081, 'max_drawdown_pct': 0.95, 'expected_payoff': 16.48, 'on_tester_value': 57526.224074}",COMPLETE
165,35324.797143,2026-03-26 02:06:05.917214,2026-03-26 02:06:09.871416,0 days 00:00:03.954202,29,True,True,True,True,True,590,0.15,770,1,3,0.18,0.8500000000000001,0.25,"{'start_date': '2021-03-23', 'end_date': '2024-09-16', 'trading_days': 872, 'total_trades': 2707, 'win_rate': 0.928, 'net_profit_brl': 54755.0, 'avg_profit_brl': 20.23, 'avg_win_brl': 28.36, 'avg_loss_brl': -92.67, 'profit_factor': 4.3195, 'max_drawdown_pct': 1.55, 'expected_payoff': 20.23, 'on_tester_value': 35324.797143}",COMPLETE
166,26803.125,2026-03-26 02:06:09.871467,2026-03-26 02:06:13.900243,0 days 00:00:04.028776,18,True,True,True,True,True,540,0.2,840,1,4,0.15000000000000002,0.55,0.35,"{'start_date': '2021-03-23', 'end_date': '2024-09-16', 'trading_days': 872, 'total_trades': 7269, 'win_rate': 0.6942, 'net_profit_brl': 85770.0, 'avg_profit_brl': 11.8, 'avg_win_brl': 39.33, 'avg_loss_brl': -56.51, 'profit_factor': 1.7612, 'max_drawdown_pct': 3.2, 'expected_payoff': 11.8, 'on_tester_value': 26803.125}",COMPLETE
167,106804.6875,2026-03-26 02:06:13.900322,2026-03-26 02:06:18.005811,0 days 00:00:04.105489,27,True,True,True,True,True,545,0.2,740,7,3,0.15000000000000002,0.6,0.1,"{'start_date': '2021-03-23', 'end_date': '2024-09-16', 'trading_days': 872, 'total_trades': 6467, 'win_rate': 0.9201, 'net_profit_brl': 56250.0, 'avg_profit_brl': 8.7, 'avg_win_brl': 11.96, 'avg_loss_brl': -38.99, 'profit_factor': 4.7663, 'max_drawdown_pct': 0.53, 'expected_payoff': 8.7, 'on_tester_value': 106804.6875}",COMPLETE
168,43764.0225,2026-03-26 02:06:18.005860,2026-03-26 02:06:22.044898,0 days 00:00:04.039038,29,True,True,True,True,False,620,0.15,845,1,4,0.11,0.7,0.2,"{'start_date': '2021-03-23', 'end_date': '2024-09-16', 'trading_days': 872, 'total_trades': 2733, 'win_rate': 0.9177, 'net_profit_brl': 44990.0, 'avg_profit_brl': 16.46, 'avg_win_brl': 23.76, 'avg_loss_brl': -71.95, 'profit_factor': 4.0805, 'max_drawdown_pct': 1.03, 'expected_payoff': 16.46, 'on_tester_value': 43764.0225}",COMPLETE
169,42506.77551,2026-03-26 02:06:22.044960,2026-03-26 02:06:26.022783,0 days 00:00:03.977823,28,True,True,True,True,True,555,0.30000000000000004,740,7,3,0.11,0.75,0.15000000000000002,"{'start_date': '2021-03-23', 'end_date': '2024-09-16', 'trading_days': 872, 'total_trades': 6058, 'win_rate': 0.9155, 'net_profit_brl': 74600.0, 'avg_profit_brl': 12.31, 'avg_win_brl': 18.15, 'avg_loss_brl': -60.45, 'profit_factor': 3.8632, 'max_drawdown_pct': 1.76, 'expected_payoff': 12.31, 'on_tester_value': 42506.77551}",COMPLETE
170,19254.576923,2026-03-26 02:06:26.022848,2026-03-26 02:06:29.700109,0 days 00:00:03.677261,30,False,True,False,True,False,555,0.25,895,14,4,0.14,1.0,0.15000000000000002,"{'start_date': '2021-03-23', 'end_date': '2024-09-16', 'trading_days': 872, 'total_trades': 2426, 'win_rate': 0.9571, 'net_profit_brl': 32550.0, 'avg_profit_brl': 13.42, 'avg_win_brl': 17.48, 'avg_loss_brl': -83.65, 'profit_factor': 5.0535, 'max_drawdown_pct': 1.69, 'expected_payoff': 13.42, 'on_tester_value': 19254.576923}",COMPLETE
171,3381.295816,2026-03-26 02:06:29.700179,2026-03-26 02:06:33.696106,0 days 00:00:03.995927,37,True,False,False,True,True,560,0.15,870,10,3,0.1,0.9,0.4,"{'start_date': '2021-03-23', 'end_date': '2024-09-16', 'trading_days': 872, 'total_trades': 4405, 'win_rate': 0.7196, 'net_profit_brl': 34565.0, 'avg_profit_brl': 7.85, 'avg_win_brl': 45.47, 'avg_loss_brl': -92.48, 'profit_factor': 1.3154, 'max_drawdown_pct': 10.22, 'expected_payoff': 7.85, 'on_tester_value': 3381.295816}",COMPLETE
172,23637.866667,2026-03-26 02:06:33.696176,2026-03-26 02:06:37.559043,0 days 00:00:03.862867,26,True,True,False,True,True,600,0.15,685,3,3,0.15000000000000002,0.7,0.2,"{'start_date': '2021-03-23', 'end_date': '2024-09-16', 'trading_days': 872, 'total_trades': 1677, 'win_rate': 0.9463, 'net_profit_brl': 30080.0, 'avg_profit_brl': 17.94, 'avg_win_brl': 22.31, 'avg_loss_brl': -70.07, 'profit_factor': 6.6488, 'max_drawdown_pct': 1.27, 'expected_payoff': 17.94, 'on_tester_value': 23637.866667}",COMPLETE
173,137059.390909,2026-03-26 02:06:37.559110,2026-03-26 02:06:41.700138,0 days 00:00:04.141028,32,False,True,True,True,True,545,0.25,850,10,5,0.12000000000000001,0.8500000000000001,0.15000000000000002,"{'start_date': '2021-03-23', 'end_date': '2024-09-16', 'trading_days': 872, 'total_trades': 6007, 'win_rate': 0.9294, 'net_profit_brl': 76980.0, 'avg_profit_brl': 12.82, 'avg_win_brl': 18.2, 'avg_loss_brl': -65.83, 'profit_factor': 4.1267, 'max_drawdown_pct': 0.56, 'expected_payoff': 12.82, 'on_tester_value': 137059.390909}",COMPLETE
174,54569.87027,2026-03-26 02:06:41.700218,2026-03-26 02:06:45.712953,0 days 00:00:04.012735,35,False,True,True,True,True,580,0.15,820,8,3,0.16,1.05,0.15000000000000002,"{'start_date': '2021-03-23', 'end_date': '2024-09-16', 'trading_days': 872, 'total_trades': 2966, 'win_rate': 0.9777, 'net_profit_brl': 45660.0, 'avg_profit_brl': 15.39, 'avg_win_brl': 17.43, 'avg_loss_brl': -85.79, 'profit_factor': 10.3374, 'max_drawdown_pct': 0.84, 'expected_payoff': 15.39, 'on_tester_value': 54569.87027}",COMPLETE
175,31272.573913,2026-03-26 02:06:45.713023,2026-03-26 02:06:49.579654,0 days 00:00:03.866631,39,False,True,True,True,True,600,0.15,760,5,3,0.18,0.9,0.15000000000000002,"{'start_date': '2021-03-23', 'end_date': '2024-09-16', 'trading_days': 872, 'total_trades': 1844, 'win_rate': 0.9789, 'net_profit_brl': 28340.0, 'avg_profit_brl': 15.37, 'avg_win_brl': 16.97, 'avg_loss_brl': -73.71, 'profit_factor': 13.4026, 'max_drawdown_pct': 0.91, 'expected_payoff': 15.37, 'on_tester_value': 31272.573913}",COMPLETE
176,18670.488889,2026-03-26 02:06:49.579794,2026-03-26 02:06:53.530305,0 days 00:00:03.950511,13,True,False,True,True,False,645,0.15,900,3,4,0.1,0.7,0.1,"{'start_date': '2021-03-23', 'end_date': '2024-09-16', 'trading_days': 872, 'total_trades': 1939, 'win_rate': 0.9727, 'net_profit_brl': 22345.0, 'avg_profit_brl': 11.52, 'avg_win_brl': 13.3, 'avg_loss_brl': -60.89, 'profit_factor': 9.1551, 'max_drawdown_pct': 1.2, 'expected_payoff': 11.52, 'on_tester_value': 18670.488889}",COMPLETE
177,33281.716279,2026-03-26 02:06:53.530374,2026-03-26 02:06:56.888666,0 days 00:00:03.358292,29,False,True,False,True,True,580,0.2,820,9,3,0.15000000000000002,0.8500000000000001,0.2,"{'start_date': '2021-03-23', 'end_date': '2024-09-16', 'trading_days': 872, 'total_trades': 2378, 'win_rate': 0.9529, 'net_profit_brl': 42580.0, 'avg_profit_brl': 17.91, 'avg_win_brl': 22.51, 'avg_loss_brl': -79.58, 'profit_factor': 6.048, 'max_drawdown_pct': 1.28, 'expected_payoff': 17.91, 'on_tester_value': 33281.716279}",COMPLETE
178,40418.4,2026-03-26 02:06:56.888719,2026-03-26 02:07:00.064280,0 days 00:00:03.175561,17,False,True,True,True,True,560,0.15,865,3,5,0.15000000000000002,1.05,0.1,"{'start_date': '2021-03-23', 'end_date': '2024-09-16', 'trading_days': 872, 'total_trades': 4474, 'win_rate': 0.9694, 'net_profit_brl': 45930.0, 'avg_profit_brl': 10.27, 'avg_win_brl': 12.44, 'avg_loss_brl': -68.46, 'profit_factor': 6.7341, 'max_drawdown_pct': 1.14, 'expected_payoff': 10.27, 'on_tester_value': 40418.4}",COMPLETE
179,33263.025,2026-03-26 02:07:00.064329,2026-03-26 02:07:03.297288,0 days 00:00:03.232959,21,True,True,True,True,True,560,0.15,645,2,5,0.2,0.5,0.15000000000000002,"{'start_date': '2021-03-23', 'end_date': '2024-09-16', 'trading_days': 872, 'total_trades': 2795, 'win_rate': 0.9195, 'net_profit_brl': 36245.0, 'avg_profit_brl': 12.97, 'avg_win_brl': 16.72, 'avg_loss_brl': -42.77, 'profit_factor': 6.3976, 'max_drawdown_pct': 1.09, 'expected_payoff': 12.97, 'on_tester_value': 33263.025}",COMPLETE
180,3354.71831,2026-03-26 02:07:03.297330,2026-03-26 02:07:06.239495,0 days 00:00:02.942165,30,False,True,True,False,True,615,0.4,855,11,5,0.13,0.65,0.35,"{'start_date': '2021-03-23', 'end_date': '2024-09-16', 'trading_days': 872, 'total_trades': 1672, 'win_rate': 0.75, 'net_profit_brl': 20100.0, 'avg_profit_brl': 12.02, 'avg_win_brl': 40.11, 'avg_loss_brl': -73.83, 'profit_factor': 1.6657, 'max_drawdown_pct': 5.99, 'expected_payoff': 12.02, 'on_tester_value': 3354.71831}",COMPLETE
181,39259.326316,2026-03-26 02:07:06.239559,2026-03-26 02:07:09.525417,0 days 00:00:03.285858,29,False,True,True,True,True,560,0.15,880,7,3,0.13,1.05,0.2,"{'start_date': '2021-03-23', 'end_date': '2024-09-16', 'trading_days': 872, 'total_trades': 5133, 'win_rate': 0.9264, 'net_profit_brl': 78560.0, 'avg_profit_brl': 15.3, 'avg_win_brl': 23.57, 'avg_loss_brl': -94.45, 'profit_factor': 3.343, 'max_drawdown_pct': 2.0, 'expected_payoff': 15.3, 'on_tester_value': 39259.326316}",COMPLETE
182,28416.388356,2026-03-26 02:07:09.525469,2026-03-26 02:07:12.761176,0 days 00:00:03.235707,35,False,True,True,True,True,565,0.25,855,14,4,0.11,0.9,0.25,"{'start_date': '2021-03-23', 'end_date': '2024-09-16', 'trading_days': 872, 'total_trades': 5209, 'win_rate': 0.8698, 'net_profit_brl': 74915.0, 'avg_profit_brl': 14.38, 'avg_win_brl': 29.01, 'avg_loss_brl': -88.02, 'profit_factor': 2.3257, 'max_drawdown_pct': 2.64, 'expected_payoff': 14.38, 'on_tester_value': 28416.388356}",COMPLETE
183,53057.69,2026-03-26 02:07:12.761264,2026-03-26 02:07:16.088063,0 days 00:00:03.326799,17,True,True,True,True,True,620,0.15,790,4,3,0.1,0.5,0.1,"{'start_date': '2021-03-23', 'end_date': '2024-09-16', 'trading_days': 872, 'total_trades': 3399, 'win_rate': 0.9341, 'net_profit_brl': 34055.0, 'avg_profit_brl': 10.02, 'avg_win_brl': 12.68, 'avg_loss_brl': -37.44, 'profit_factor': 6.4795, 'max_drawdown_pct': 0.64, 'expected_payoff': 10.02, 'on_tester_value': 53057.69}",COMPLETE
184,29874.0,2026-03-26 02:07:16.088124,2026-03-26 02:07:19.099042,0 days 00:00:03.010918,26,False,True,True,True,False,560,0.15,865,6,5,0.25,1.2000000000000002,0.1,"{'start_date': '2021-03-23', 'end_date': '2024-09-16', 'trading_days': 872, 'total_trades': 2012, 'win_rate': 0.9846, 'net_profit_brl': 20800.0, 'avg_profit_brl': 10.34, 'avg_win_brl': 11.35, 'avg_loss_brl': -80.48, 'profit_factor': 13.3077, 'max_drawdown_pct': 0.7, 'expected_payoff': 10.34, 'on_tester_value': 29874.0}",COMPLETE
185,15636.040769,2026-03-26 02:07:19.099105,2026-03-26 02:07:22.037162,0 days 00:00:02.938057,13,False,True,True,False,True,580,0.25,735,2,4,0.1,0.7,0.25,"{'start_date': '2021-03-23', 'end_date': '2024-09-16', 'trading_days': 872, 'total_trades': 2899, 'win_rate': 0.8237, 'net_profit_brl': 36415.0, 'avg_profit_brl': 12.56, 'avg_win_brl': 30.42, 'avg_loss_brl': -73.19, 'profit_factor': 2.0051, 'max_drawdown_pct': 2.33, 'expected_payoff': 12.56, 'on_tester_value': 15636.040769}",COMPLETE
186,22688.622,2026-03-26 02:07:22.037202,2026-03-26 02:07:24.846253,0 days 00:00:02.809051,25,False,True,True,False,False,625,0.15,900,3,5,0.13,0.95,0.15000000000000002,"{'start_date': '2021-03-23', 'end_date': '2024-09-16', 'trading_days': 872, 'total_trades': 1178, 'win_rate': 0.9694, 'net_profit_brl': 18315.0, 'avg_profit_brl': 15.55, 'avg_win_brl': 18.49, 'avg_loss_brl': -90.32, 'profit_factor': 7.5411, 'max_drawdown_pct': 0.81, 'expected_payoff': 15.55, 'on_tester_value': 22688.622}",COMPLETE
187,36051.19,2026-03-26 02:07:24.846295,2026-03-26 02:07:28.020272,0 days 00:00:03.173977,19,False,True,True,True,True,580,0.25,685,7,3,0.15000000000000002,0.5,0.1,"{'start_date': '2021-03-23', 'end_date': '2024-09-16', 'trading_days': 872, 'total_trades': 2252, 'win_rate': 0.9472, 'net_profit_brl': 21370.0, 'avg_profit_brl': 9.49, 'avg_win_brl': 11.53, 'avg_loss_brl': -33.3, 'profit_factor': 7.6161, 'max_drawdown_pct': 0.59, 'expected_payoff': 9.49, 'on_tester_value': 36051.19}",COMPLETE
188,59065.952632,2026-03-26 02:07:28.020357,2026-03-26 02:07:31.483021,0 days 00:00:03.462664,14,True,True,True,True,True,555,0.2,730,2,3,0.11,0.65,0.15000000000000002,"{'start_date': '2021-03-23', 'end_date': '2024-09-16', 'trading_days': 872, 'total_trades': 6882, 'win_rate': 0.8878, 'net_profit_brl': 81205.0, 'avg_profit_brl': 11.8, 'avg_win_brl': 18.55, 'avg_loss_brl': -49.51, 'profit_factor': 3.527, 'max_drawdown_pct': 1.37, 'expected_payoff': 11.8, 'on_tester_value': 59065.952632}",COMPLETE
189,96841.309091,2026-03-26 02:07:31.483092,2026-03-26 02:07:34.987445,0 days 00:00:03.504353,18,True,True,True,True,True,585,0.25,765,1,3,0.11,0.6,0.1,"{'start_date': '2021-03-23', 'end_date': '2024-09-16', 'trading_days': 872, 'total_trades': 4616, 'win_rate': 0.9437, 'net_profit_brl': 46235.0, 'avg_profit_brl': 10.02, 'avg_win_brl': 12.51, 'avg_loss_brl': -39.31, 'profit_factor': 6.6008, 'max_drawdown_pct': 0.48, 'expected_payoff': 10.02, 'on_tester_value': 96841.309091}",COMPLETE
190,29123.026667,2026-03-26 02:07:34.987495,2026-03-26 02:07:38.138842,0 days 00:00:03.151347,12,True,True,True,True,True,635,0.25,815,5,3,0.14,0.55,0.25,"{'start_date': '2021-03-23', 'end_date': '2024-09-16', 'trading_days': 872, 'total_trades': 2160, 'win_rate': 0.8569, 'net_profit_brl': 37210.0, 'avg_profit_brl': 17.23, 'avg_win_brl': 30.84, 'avg_loss_brl': -66.47, 'profit_factor': 2.8722, 'max_drawdown_pct': 1.28, 'expected_payoff': 17.23, 'on_tester_value': 29123.026667}",COMPLETE
191,43284.436364,2026-03-26 02:07:38.138885,2026-03-26 02:07:41.599926,0 days 00:00:03.461041,19,True,True,True,True,True,585,0.15,735,5,3,0.1,0.6,0.25,"{'start_date': '2021-03-23', 'end_date': '2024-09-16', 'trading_days': 872, 'total_trades': 4668, 'win_rate': 0.8141, 'net_profit_brl': 63315.0, 'avg_profit_brl': 13.56, 'avg_win_brl': 29.41, 'avg_loss_brl': -60.11, 'profit_factor': 2.3068, 'max_drawdown_pct': 1.46, 'expected_payoff': 13.56, 'on_tester_value': 43284.436364}",COMPLETE
192,18997.690385,2026-03-26 02:07:41.599996,2026-03-26 02:07:44.867182,0 days 00:00:03.267186,25,False,True,True,False,True,665,0.2,885,3,4,0.12000000000000001,0.95,0.15000000000000002,"{'start_date': '2021-03-23', 'end_date': '2024-09-16', 'trading_days': 872, 'total_trades': 1211, 'win_rate': 0.9727, 'net_profit_brl': 19005.0, 'avg_profit_brl': 15.69, 'avg_win_brl': 18.57, 'avg_loss_brl': -89.84, 'profit_factor': 7.6104, 'max_drawdown_pct': 1.0, 'expected_payoff': 15.69, 'on_tester_value': 18997.690385}",COMPLETE
193,6123.055556,2026-03-26 02:07:44.867262,2026-03-26 02:07:48.220027,0 days 00:00:03.352765,13,True,True,True,True,True,655,0.2,695,1,3,0.17,0.8500000000000001,0.15000000000000002,"{'start_date': '2021-03-23', 'end_date': '2024-09-16', 'trading_days': 872, 'total_trades': 533, 'win_rate': 0.9625, 'net_profit_brl': 8225.0, 'avg_profit_brl': 15.43, 'avg_win_brl': 18.7, 'avg_loss_brl': -76.11, 'profit_factor': 7.0036, 'max_drawdown_pct': 1.34, 'expected_payoff': 15.43, 'on_tester_value': 6123.055556}",COMPLETE
194,1855.956466,2026-03-26 02:07:48.220090,2026-03-26 02:07:51.375964,0 days 00:00:03.155874,10,False,True,True,False,True,580,0.25,855,5,6,0.22,0.8,0.45000000000000007,"{'start_date': '2021-03-23', 'end_date': '2024-09-16', 'trading_days': 872, 'total_trades': 1593, 'win_rate': 0.7194, 'net_profit_brl': 18935.0, 'avg_profit_brl': 11.89, 'avg_win_brl': 54.45, 'avg_loss_brl': -98.13, 'profit_factor': 1.4356, 'max_drawdown_pct': 10.2, 'expected_payoff': 11.89, 'on_tester_value': 1855.956466}",COMPLETE
195,86395.6125,2026-03-26 02:07:51.376005,2026-03-26 02:07:54.726767,0 days 00:00:03.350762,15,True,True,True,True,True,610,0.15,880,2,3,0.13,0.65,0.15000000000000002,"{'start_date': '2021-03-23', 'end_date': '2024-09-16', 'trading_days': 872, 'total_trades': 3441, 'win_rate': 0.9544, 'net_profit_brl': 52395.0, 'avg_profit_brl': 15.23, 'avg_win_brl': 18.36, 'avg_loss_brl': -57.98, 'profit_factor': 7.6449, 'max_drawdown_pct': 0.61, 'expected_payoff': 15.23, 'on_tester_value': 86395.6125}",COMPLETE
196,63685.96,2026-03-26 02:07:54.726835,2026-03-26 02:07:58.807560,0 days 00:00:04.080725,28,True,False,True,True,True,590,0.25,760,1,4,0.14,0.6,0.2,"{'start_date': '2021-03-23', 'end_date': '2024-09-16', 'trading_days': 872, 'total_trades': 2774, 'win_rate': 0.9185, 'net_profit_brl': 47105.0, 'avg_profit_brl': 16.98, 'avg_win_brl': 23.04, 'avg_loss_brl': -57.98, 'profit_factor': 5.0625, 'max_drawdown_pct': 0.74, 'expected_payoff': 16.98, 'on_tester_value': 63685.96}",COMPLETE
197,18050.050909,2026-03-26 02:07:58.807635,2026-03-26 02:08:02.794352,0 days 00:00:03.986717,27,False,False,False,True,True,550,0.2,890,11,3,0.1,1.0,0.15000000000000002,"{'start_date': '2021-03-23', 'end_date': '2024-09-16', 'trading_days': 872, 'total_trades': 3651, 'win_rate': 0.9176, 'net_profit_brl': 40620.0, 'avg_profit_brl': 11.13, 'avg_win_brl': 18.44, 'avg_loss_brl': -76.59, 'profit_factor': 2.9215, 'max_drawdown_pct': 2.25, 'expected_payoff': 11.13, 'on_tester_value': 18050.050909}",COMPLETE
198,26307.434211,2026-03-26 02:08:02.794406,2026-03-26 02:08:06.669074,0 days 00:00:03.874668,13,True,True,True,True,True,675,0.15,880,1,4,0.16,0.6,0.1,"{'start_date': '2021-03-23', 'end_date': '2024-09-16', 'trading_days': 872, 'total_trades': 1331, 'win_rate': 0.979, 'net_profit_brl': 15375.0, 'avg_profit_brl': 11.55, 'avg_win_brl': 12.71, 'avg_loss_brl': -47.4, 'profit_factor': 13.9747, 'max_drawdown_pct': 0.58, 'expected_payoff': 11.55, 'on_tester_value': 26307.434211}",COMPLETE
199,4207.185455,2026-03-26 02:08:06.669146,2026-03-26 02:08:10.507194,0 days 00:00:03.838048,14,True,False,True,True,True,565,0.25,710,2,3,0.1,0.65,0.35,"{'start_date': '2021-03-23', 'end_date': '2024-09-16', 'trading_days': 872, 'total_trades': 4465, 'win_rate': 0.6811, 'net_profit_brl': 34640.0, 'avg_profit_brl': 7.76, 'avg_win_brl': 41.21, 'avg_loss_brl': -68.27, 'profit_factor': 1.3821, 'max_drawdown_pct': 8.23, 'expected_payoff': 7.76, 'on_tester_value': 4207.185455}",COMPLETE
200,21045.325,2026-03-26 02:08:10.507256,2026-03-26 02:08:15.002630,0 days 00:00:04.495374,23,True,False,True,True,True,660,0.25,790,1,5,0.16,0.6,0.1,"{'start_date': '2021-03-23', 'end_date': '2024-09-16', 'trading_days': 872, 'total_trades': 1051, 'win_rate': 0.98, 'net_profit_brl': 12050.0, 'avg_profit_brl': 11.47, 'avg_win_brl': 12.51, 'avg_loss_brl': -49.12, 'profit_factor': 15.4311, 'max_drawdown_pct': 0.57, 'expected_payoff': 11.47, 'on_tester_value': 21045.325}",COMPLETE
201,35367.755172,2026-03-26 02:08:15.002716,2026-03-26 02:08:19.393194,0 days 00:00:04.390478,21,True,True,True,True,True,600,0.30000000000000004,675,2,3,0.13,0.65,0.15000000000000002,"{'start_date': '2021-03-23', 'end_date': '2024-09-16', 'trading_days': 872, 'total_trades': 2177, 'win_rate': 0.9444, 'net_profit_brl': 30810.0, 'avg_profit_brl': 14.15, 'avg_win_brl': 17.45, 'avg_loss_brl': -48.65, 'profit_factor': 7.0889, 'max_drawdown_pct': 0.87, 'expected_payoff': 14.15, 'on_tester_value': 35367.755172}",COMPLETE
202,34369.666364,2026-03-26 02:08:19.393257,2026-03-26 02:08:23.600737,0 days 00:00:04.207480,17,False,True,True,True,True,555,0.4,885,11,5,0.17,0.75,0.25,"{'start_date': '2021-03-23', 'end_date': '2024-09-16', 'trading_days': 872, 'total_trades': 2825, 'win_rate': 0.9019, 'net_profit_brl': 53505.0, 'avg_profit_brl': 18.94, 'avg_win_brl': 29.39, 'avg_loss_brl': -83.17, 'profit_factor': 3.5032, 'max_drawdown_pct': 1.56, 'expected_payoff': 18.94, 'on_tester_value': 34369.666364}",COMPLETE
203,16316.038462,2026-03-26 02:08:23.600962,2026-03-26 02:08:27.735249,0 days 00:00:04.134287,30,True,False,True,True,True,625,0.25,725,3,3,0.19,0.65,0.25,"{'start_date': '2021-03-23', 'end_date': '2024-09-16', 'trading_days': 872, 'total_trades': 1094, 'win_rate': 0.8967, 'net_profit_brl': 21225.0, 'avg_profit_brl': 19.4, 'avg_win_brl': 28.67, 'avg_loss_brl': -69.05, 'profit_factor': 4.0739, 'max_drawdown_pct': 1.3, 'expected_payoff': 19.4, 'on_tester_value': 16316.038462}",COMPLETE
204,86806.6,2026-03-26 02:08:27.735306,2026-03-26 02:08:32.218604,0 days 00:00:04.483298,13,True,True,True,True,True,555,0.15,860,1,3,0.15000000000000002,0.9,0.1,"{'start_date': '2021-03-23', 'end_date': '2024-09-16', 'trading_days': 872, 'total_trades': 6207, 'win_rate': 0.9581, 'net_profit_brl': 63460.0, 'avg_profit_brl': 10.22, 'avg_win_brl': 12.73, 'avg_loss_brl': -61.74, 'profit_factor': 6.191, 'max_drawdown_pct': 0.73, 'expected_payoff': 10.22, 'on_tester_value': 86806.6}",COMPLETE
205,14154.166667,2026-03-26 02:08:32.218669,2026-03-26 02:08:37.157945,0 days 00:00:04.939276,26,True,True,True,True,False,625,0.2,805,1,7,0.2,0.8,0.25,"{'start_date': '2021-03-23', 'end_date': '2024-09-16', 'trading_days': 872, 'total_trades': 1290, 'win_rate': 0.9248, 'net_profit_brl': 26875.0, 'avg_profit_brl': 20.83, 'avg_win_brl': 29.14, 'avg_loss_brl': -92.82, 'profit_factor': 4.4062, 'max_drawdown_pct': 1.9, 'expected_payoff': 20.83, 'on_tester_value': 14154.166667}",COMPLETE
206,37328.1875,2026-03-26 02:08:37.158024,2026-03-26 02:08:42.201947,0 days 00:00:05.043923,30,True,True,True,True,False,575,0.2,715,8,5,0.17,0.75,0.25,"{'start_date': '2021-03-23', 'end_date': '2024-09-16', 'trading_days': 872, 'total_trades': 2463, 'win_rate': 0.9156, 'net_profit_brl': 48955.0, 'avg_profit_brl': 19.88, 'avg_win_brl': 28.3, 'avg_loss_brl': -78.24, 'profit_factor': 4.2933, 'max_drawdown_pct': 1.31, 'expected_payoff': 19.88, 'on_tester_value': 37328.1875}",COMPLETE
207,18548.81,2026-03-26 02:08:42.202009,2026-03-26 02:08:46.412089,0 days 00:00:04.210080,26,False,False,True,True,True,580,0.2,700,1,5,0.12000000000000001,0.6,0.2,"{'start_date': '2021-03-23', 'end_date': '2024-09-16', 'trading_days': 872, 'total_trades': 2297, 'win_rate': 0.8803, 'net_profit_brl': 33005.0, 'avg_profit_brl': 14.37, 'avg_win_brl': 22.65, 'avg_loss_brl': -51.35, 'profit_factor': 3.5815, 'max_drawdown_pct': 1.78, 'expected_payoff': 14.37, 'on_tester_value': 18548.81}",COMPLETE
208,25680.478571,2026-03-26 02:08:46.412184,2026-03-26 02:08:50.803066,0 days 00:00:04.390882,26,True,True,True,False,True,565,0.15,825,1,4,0.11,0.95,0.1,"{'start_date': '2021-03-23', 'end_date': '2024-09-16', 'trading_days': 872, 'total_trades': 5305, 'win_rate': 0.9468, 'net_profit_brl': 51805.0, 'avg_profit_brl': 9.77, 'avg_win_brl': 13.36, 'avg_loss_brl': -66.01, 'profit_factor': 4.3826, 'max_drawdown_pct': 2.02, 'expected_payoff': 9.77, 'on_tester_value': 25680.478571}",COMPLETE
209,21840.521552,2026-03-26 02:08:50.803120,2026-03-26 02:08:55.388249,0 days 00:00:04.585129,12,True,True,True,True,True,545,0.2,775,1,3,0.11,1.15,0.2,"{'start_date': '2021-03-23', 'end_date': '2024-09-16', 'trading_days': 872, 'total_trades': 8510, 'win_rate': 0.9005, 'net_profit_brl': 112550.0, 'avg_profit_brl': 13.23, 'avg_win_brl': 25.7, 'avg_loss_brl': -105.46, 'profit_factor': 2.3341, 'max_drawdown_pct': 5.15, 'expected_payoff': 13.23, 'on_tester_value': 21840.521552}",COMPLETE
210,21619.060563,2026-03-26 02:08:55.388311,2026-03-26 02:08:59.585694,0 days 00:00:04.197383,31,False,True,True,True,False,545,0.30000000000000004,870,12,6,0.1,0.95,0.1,"{'start_date': '2021-03-23', 'end_date': '2024-09-16', 'trading_days': 872, 'total_trades': 4731, 'win_rate': 0.9461, 'net_profit_brl': 44790.0, 'avg_profit_brl': 9.47, 'avg_win_brl': 13.29, 'avg_loss_brl': -65.62, 'profit_factor': 4.0469, 'max_drawdown_pct': 2.07, 'expected_payoff': 9.47, 'on_tester_value': 21619.060563}",COMPLETE
211,59346.14,2026-03-26 02:08:59.585767,2026-03-26 02:09:04.082190,0 days 00:00:04.496423,25,True,True,True,True,True,550,0.15,750,1,3,0.21000000000000002,0.5,0.1,"{'start_date': '2021-03-23', 'end_date': '2024-09-16', 'trading_days': 872, 'total_trades': 4535, 'win_rate': 0.9319, 'net_profit_brl': 38890.0, 'avg_profit_brl': 8.58, 'avg_win_brl': 11.27, 'avg_loss_brl': -39.82, 'profit_factor': 5.4599, 'max_drawdown_pct': 0.66, 'expected_payoff': 8.58, 'on_tester_value': 59346.14}",COMPLETE
212,102290.557071,2026-03-26 02:09:04.082246,2026-03-26 02:09:08.422190,0 days 00:00:04.339944,18,True,True,True,True,True,570,0.2,895,2,3,0.1,0.55,0.15000000000000002,"{'start_date': '2021-03-23', 'end_date': '2024-09-16', 'trading_days': 872, 'total_trades': 7086, 'win_rate': 0.8868, 'net_profit_brl': 86635.0, 'avg_profit_brl': 12.23, 'avg_win_brl': 18.25, 'avg_loss_brl': -43.92, 'profit_factor': 4.0919, 'max_drawdown_pct': 0.85, 'expected_payoff': 12.23, 'on_tester_value': 102290.557071}",COMPLETE
213,87405.371429,2026-03-26 02:09:08.422266,2026-03-26 02:09:12.886549,0 days 00:00:04.464283,20,True,True,True,True,True,545,0.2,830,1,3,0.1,0.5,0.1,"{'start_date': '2021-03-23', 'end_date': '2024-09-16', 'trading_days': 872, 'total_trades': 9392, 'win_rate': 0.858, 'net_profit_brl': 69025.0, 'avg_profit_brl': 7.35, 'avg_win_brl': 12.58, 'avg_loss_brl': -32.25, 'profit_factor': 3.1337, 'max_drawdown_pct': 0.79, 'expected_payoff': 7.35, 'on_tester_value': 87405.371429}",COMPLETE
214,22592.411194,2026-03-26 02:09:12.886611,2026-03-26 02:09:17.231916,0 days 00:00:04.345305,13,True,True,True,True,True,580,0.15,880,3,3,0.12000000000000001,0.5,0.30000000000000004,"{'start_date': '2021-03-23', 'end_date': '2024-09-16', 'trading_days': 872, 'total_trades': 5212, 'win_rate': 0.7456, 'net_profit_brl': 67365.0, 'avg_profit_brl': 12.92, 'avg_win_brl': 35.47, 'avg_loss_brl': -56.15, 'profit_factor': 1.9559, 'max_drawdown_pct': 2.98, 'expected_payoff': 12.92, 'on_tester_value': 22592.411194}",COMPLETE
215,102754.647059,2026-03-26 02:09:17.232006,2026-03-26 02:09:21.528094,0 days 00:00:04.296088,11,True,True,True,True,True,555,0.25,900,3,3,0.12000000000000001,0.75,0.15000000000000002,"{'start_date': '2021-03-23', 'end_date': '2024-09-16', 'trading_days': 872, 'total_trades': 7144, 'win_rate': 0.9272, 'net_profit_brl': 97100.0, 'avg_profit_brl': 13.59, 'avg_win_brl': 18.95, 'avg_loss_brl': -63.46, 'profit_factor': 4.4154, 'max_drawdown_pct': 0.94, 'expected_payoff': 13.59, 'on_tester_value': 102754.647059}",COMPLETE
216,103337.166667,2026-03-26 02:09:21.528181,2026-03-26 02:09:25.812271,0 days 00:00:04.284090,10,True,True,True,True,True,595,0.30000000000000004,890,1,3,0.11,0.7,0.15000000000000002,"{'start_date': '2021-03-23', 'end_date': '2024-09-16', 'trading_days': 872, 'total_trades': 4764, 'win_rate': 0.9461, 'net_profit_brl': 70995.0, 'avg_profit_brl': 14.9, 'avg_win_brl': 19.33, 'avg_loss_brl': -68.08, 'profit_factor': 5.4001, 'max_drawdown_pct': 0.69, 'expected_payoff': 14.9, 'on_tester_value': 103337.166667}",COMPLETE
217,48722.625,2026-03-26 02:09:25.812445,2026-03-26 02:09:30.217134,0 days 00:00:04.404689,21,True,True,True,True,True,555,0.15,885,1,4,0.14,0.95,0.2,"{'start_date': '2021-03-23', 'end_date': '2024-09-16', 'trading_days': 872, 'total_trades': 6690, 'win_rate': 0.9197, 'net_profit_brl': 103565.0, 'avg_profit_brl': 15.48, 'avg_win_brl': 23.73, 'avg_loss_brl': -87.91, 'profit_factor': 3.4391, 'max_drawdown_pct': 2.13, 'expected_payoff': 15.48, 'on_tester_value': 48722.625}",COMPLETE
218,49620.653333,2026-03-26 02:09:30.217211,2026-03-26 02:09:34.159572,0 days 00:00:03.942361,40,False,False,True,True,True,575,0.25,865,9,6,0.12000000000000001,0.9,0.1,"{'start_date': '2021-03-23', 'end_date': '2024-09-16', 'trading_days': 872, 'total_trades': 3258, 'win_rate': 0.9638, 'net_profit_brl': 32110.0, 'avg_profit_brl': 9.86, 'avg_win_brl': 12.28, 'avg_loss_brl': -60.14, 'profit_factor': 5.9899, 'max_drawdown_pct': 0.65, 'expected_payoff': 9.86, 'on_tester_value': 49620.653333}",COMPLETE
219,76878.108333,2026-03-26 02:09:34.159671,2026-03-26 02:09:37.554900,0 days 00:00:03.395229,29,True,True,True,True,True,595,0.2,725,1,4,0.17,0.6,0.15000000000000002,"{'start_date': '2021-03-23', 'end_date': '2024-09-16', 'trading_days': 872, 'total_trades': 2388, 'win_rate': 0.964, 'net_profit_brl': 35785.0, 'avg_profit_brl': 14.99, 'avg_win_brl': 17.09, 'avg_loss_brl': -54.77, 'profit_factor': 11.052, 'max_drawdown_pct': 0.47, 'expected_payoff': 14.99, 'on_tester_value': 76878.108333}",COMPLETE
220,47923.647917,2026-03-26 02:09:37.554965,2026-03-26 02:09:40.894402,0 days 00:00:03.339437,10,True,True,True,True,True,580,0.35,885,1,4,0.11,0.75,0.2,"{'start_date': '2021-03-23', 'end_date': '2024-09-16', 'trading_days': 872, 'total_trades': 5153, 'win_rate': 0.9125, 'net_profit_brl': 84385.0, 'avg_profit_brl': 16.38, 'avg_win_brl': 25.46, 'avg_loss_brl': -82.01, 'profit_factor': 3.3875, 'max_drawdown_pct': 1.76, 'expected_payoff': 16.38, 'on_tester_value': 47923.647917}",COMPLETE
221,58360.6875,2026-03-26 02:09:40.894450,2026-03-26 02:09:44.316069,0 days 00:00:03.421619,29,True,True,True,True,True,575,0.15,775,2,4,0.1,0.65,0.1,"{'start_date': '2021-03-23', 'end_date': '2024-09-16', 'trading_days': 872, 'total_trades': 5812, 'win_rate': 0.9301, 'net_profit_brl': 53665.0, 'avg_profit_brl': 9.23, 'avg_win_brl': 12.58, 'avg_loss_brl': -41.35, 'profit_factor': 4.7397, 'max_drawdown_pct': 0.92, 'expected_payoff': 9.23, 'on_tester_value': 58360.6875}",COMPLETE
222,111326.731034,2026-03-26 02:09:44.316135,2026-03-26 02:09:47.539430,0 days 00:00:03.223295,26,True,True,True,True,True,540,0.2,800,2,3,0.16,0.65,0.15000000000000002,"{'start_date': '2021-03-23', 'end_date': '2024-09-16', 'trading_days': 872, 'total_trades': 6840, 'win_rate': 0.9072, 'net_profit_brl': 87540.0, 'avg_profit_brl': 12.8, 'avg_win_brl': 17.69, 'avg_loss_brl': -46.95, 'profit_factor': 4.9424, 'max_drawdown_pct': 0.79, 'expected_payoff': 12.8, 'on_tester_value': 111326.731034}",COMPLETE
223,185174.818182,2026-03-26 02:09:47.539478,2026-03-26 02:09:50.294496,0 days 00:00:02.755018,35,True,True,True,True,True,555,0.2,815,1,4,0.12000000000000001,0.55,0.15000000000000002,"{'start_date': '2021-03-23', 'end_date': '2024-09-16', 'trading_days': 872, 'total_trades': 7092, 'win_rate': 0.8897, 'net_profit_brl': 85585.0, 'avg_profit_brl': 12.07, 'avg_win_brl': 17.72, 'avg_loss_brl': -41.74, 'profit_factor': 4.2654, 'max_drawdown_pct': 0.46, 'expected_payoff': 12.07, 'on_tester_value': 185174.818182}",COMPLETE
224,24213.793103,2026-03-26 02:09:50.294573,2026-03-26 02:09:52.862102,0 days 00:00:02.567529,32,True,True,True,False,True,600,0.30000000000000004,755,3,3,0.19,0.55,0.1,"{'start_date': '2021-03-23', 'end_date': '2024-09-16', 'trading_days': 872, 'total_trades': 1697, 'win_rate': 0.9741, 'net_profit_brl': 17555.0, 'avg_profit_brl': 10.34, 'avg_win_brl': 11.62, 'avg_loss_brl': -53.06, 'profit_factor': 11.6717, 'max_drawdown_pct': 0.73, 'expected_payoff': 10.34, 'on_tester_value': 24213.793103}",COMPLETE
225,33828.321429,2026-03-26 02:09:52.862152,2026-03-26 02:09:55.613076,0 days 00:00:02.750924,26,True,True,True,True,True,575,0.15,845,2,4,0.27,0.55,0.30000000000000004,"{'start_date': '2021-03-23', 'end_date': '2024-09-16', 'trading_days': 872, 'total_trades': 2338, 'win_rate': 0.849, 'net_profit_brl': 44700.0, 'avg_profit_brl': 19.12, 'avg_win_brl': 33.45, 'avg_loss_brl': -64.2, 'profit_factor': 3.0599, 'max_drawdown_pct': 1.32, 'expected_payoff': 19.12, 'on_tester_value': 33828.321429}",COMPLETE
226,56850.6125,2026-03-26 02:09:55.613126,2026-03-26 02:09:58.265978,0 days 00:00:02.652852,28,True,True,True,True,True,565,0.2,715,5,3,0.22,0.5,0.2,"{'start_date': '2021-03-23', 'end_date': '2024-09-16', 'trading_days': 872, 'total_trades': 2966, 'win_rate': 0.9167, 'net_profit_brl': 50930.0, 'avg_profit_brl': 17.17, 'avg_win_brl': 22.16, 'avg_loss_brl': -49.63, 'profit_factor': 6.4587, 'max_drawdown_pct': 0.9, 'expected_payoff': 17.17, 'on_tester_value': 56850.6125}",COMPLETE
227,23094.5,2026-03-26 02:09:58.266025,2026-03-26 02:10:00.840803,0 days 00:00:02.574778,26,False,False,True,True,True,555,0.15,810,3,3,0.15000000000000002,1.4500000000000002,0.25,"{'start_date': '2021-03-23', 'end_date': '2024-09-16', 'trading_days': 872, 'total_trades': 3615, 'win_rate': 0.9223, 'net_profit_brl': 60775.0, 'avg_profit_brl': 16.81, 'avg_win_brl': 29.3, 'avg_loss_brl': -138.3, 'profit_factor': 2.6459, 'max_drawdown_pct': 2.63, 'expected_payoff': 16.81, 'on_tester_value': 23094.5}",COMPLETE
228,32715.306061,2026-03-26 02:10:00.840849,2026-03-26 02:10:03.777520,0 days 00:00:02.936671,38,True,True,True,True,True,600,0.2,765,1,3,0.14,0.65,0.25,"{'start_date': '2021-03-23', 'end_date': '2024-09-16', 'trading_days': 872, 'total_trades': 3092, 'win_rate': 0.8771, 'net_profit_brl': 51730.0, 'avg_profit_brl': 16.73, 'avg_win_brl': 28.19, 'avg_loss_brl': -69.24, 'profit_factor': 3.0926, 'max_drawdown_pct': 1.58, 'expected_payoff': 16.73, 'on_tester_value': 32715.306061}",COMPLETE
229,6487.730282,2026-03-26 02:10:03.777675,2026-03-26 02:10:06.452704,0 days 00:00:02.675029,10,True,False,True,True,True,630,0.35,895,4,3,0.13,0.9,0.30000000000000004,"{'start_date': '2021-03-23', 'end_date': '2024-09-16', 'trading_days': 872, 'total_trades': 2325, 'win_rate': 0.8434, 'net_profit_brl': 34045.0, 'avg_profit_brl': 14.64, 'avg_win_brl': 37.92, 'avg_loss_brl': -114.84, 'profit_factor': 1.8446, 'max_drawdown_pct': 5.25, 'expected_payoff': 14.64, 'on_tester_value': 6487.730282}",COMPLETE
230,34926.711111,2026-03-26 02:10:06.452763,2026-03-26 02:10:09.021321,0 days 00:00:02.568558,24,False,True,True,True,True,635,0.25,880,11,5,0.12000000000000001,0.9,0.2,"{'start_date': '2021-03-23', 'end_date': '2024-09-16', 'trading_days': 872, 'total_trades': 2277, 'win_rate': 0.9455, 'net_profit_brl': 39490.0, 'avg_profit_brl': 17.34, 'avg_win_brl': 23.58, 'avg_loss_brl': -93.96, 'profit_factor': 4.5024, 'max_drawdown_pct': 1.13, 'expected_payoff': 17.34, 'on_tester_value': 34926.711111}",COMPLETE
231,72007.0,2026-03-26 02:10:09.021368,2026-03-26 02:10:11.633543,0 days 00:00:02.612175,32,True,False,True,True,True,560,0.15,765,5,5,0.12000000000000001,0.6,0.15000000000000002,"{'start_date': '2021-03-23', 'end_date': '2024-09-16', 'trading_days': 872, 'total_trades': 5170, 'win_rate': 0.8928, 'net_profit_brl': 62075.0, 'avg_profit_brl': 12.01, 'avg_win_brl': 17.74, 'avg_loss_brl': -45.05, 'profit_factor': 4.1319, 'max_drawdown_pct': 0.86, 'expected_payoff': 12.01, 'on_tester_value': 72007.0}",COMPLETE
232,50146.035714,2026-03-26 02:10:11.633602,2026-03-26 02:10:14.326421,0 days 00:00:02.692819,20,True,True,True,True,False,555,0.2,900,4,3,0.11,0.55,0.25,"{'start_date': '2021-03-23', 'end_date': '2024-09-16', 'trading_days': 872, 'total_trades': 6444, 'win_rate': 0.7942, 'net_profit_brl': 85650.0, 'avg_profit_brl': 13.29, 'avg_win_brl': 29.1, 'avg_loss_brl': -53.64, 'profit_factor': 2.3532, 'max_drawdown_pct': 1.71, 'expected_payoff': 13.29, 'on_tester_value': 50146.035714}",COMPLETE
233,23839.757576,2026-03-26 02:10:14.326469,2026-03-26 02:10:17.479865,0 days 00:00:03.153396,11,True,True,True,True,True,575,0.25,865,2,3,0.11,0.9,0.25,"{'start_date': '2021-03-23', 'end_date': '2024-09-16', 'trading_days': 872, 'total_trades': 5831, 'win_rate': 0.8715, 'net_profit_brl': 84775.0, 'avg_profit_brl': 14.54, 'avg_win_brl': 31.09, 'avg_loss_brl': -100.14, 'profit_factor': 2.1581, 'max_drawdown_pct': 3.56, 'expected_payoff': 14.54, 'on_tester_value': 23839.757576}",COMPLETE
234,261502.941176,2026-03-26 02:10:17.479914,2026-03-26 02:10:20.905533,0 days 00:00:03.425619,26,True,True,True,True,True,550,0.2,780,3,3,0.13,0.7,0.15000000000000002,"{'start_date': '2021-03-23', 'end_date': '2024-09-16', 'trading_days': 872, 'total_trades': 6991, 'win_rate': 0.9143, 'net_profit_brl': 89000.0, 'avg_profit_brl': 12.73, 'avg_win_brl': 17.97, 'avg_loss_brl': -52.33, 'profit_factor': 4.4429, 'max_drawdown_pct': 0.34, 'expected_payoff': 12.73, 'on_tester_value': 261502.941176}",COMPLETE
235,34141.0875,2026-03-26 02:10:20.905629,2026-03-26 02:10:24.109961,0 days 00:00:03.204332,35,True,False,True,True,True,645,0.15,785,2,5,0.1,0.7,0.15000000000000002,"{'start_date': '2021-03-23', 'end_date': '2024-09-16', 'trading_days': 872, 'total_trades': 1998, 'win_rate': 0.9515, 'net_profit_brl': 29675.0, 'avg_profit_brl': 14.85, 'avg_win_brl': 18.26, 'avg_loss_brl': -60.0, 'profit_factor': 6.8879, 'max_drawdown_pct': 0.87, 'expected_payoff': 14.85, 'on_tester_value': 34141.0875}",COMPLETE
236,85178.52,2026-03-26 02:10:24.110026,2026-03-26 02:10:27.428384,0 days 00:00:03.318358,13,True,True,True,True,True,615,0.30000000000000004,895,2,3,0.11,0.5,0.15000000000000002,"{'start_date': '2021-03-23', 'end_date': '2024-09-16', 'trading_days': 872, 'total_trades': 3870, 'win_rate': 0.9318, 'net_profit_brl': 56335.0, 'avg_profit_brl': 14.56, 'avg_win_brl': 18.58, 'avg_loss_brl': -48.48, 'profit_factor': 6.2822, 'max_drawdown_pct': 0.66, 'expected_payoff': 14.56, 'on_tester_value': 85178.52}",COMPLETE
237,27646.441954,2026-03-26 02:10:27.428432,2026-03-26 02:10:30.189886,0 days 00:00:02.761454,29,True,True,True,True,True,590,0.25,820,2,3,0.14,0.7,0.30000000000000004,"{'start_date': '2021-03-23', 'end_date': '2024-09-16', 'trading_days': 872, 'total_trades': 3761, 'win_rate': 0.8391, 'net_profit_brl': 62915.0, 'avg_profit_brl': 16.73, 'avg_win_brl': 34.29, 'avg_loss_brl': -77.72, 'profit_factor': 2.3885, 'max_drawdown_pct': 2.28, 'expected_payoff': 16.73, 'on_tester_value': 27646.441954}",COMPLETE
238,181741.147059,2026-03-26 02:10:30.189936,2026-03-26 02:10:32.957903,0 days 00:00:02.767967,11,True,True,True,False,True,550,0.2,890,3,3,0.15000000000000002,0.65,0.15000000000000002,"{'start_date': '2021-03-23', 'end_date': '2024-09-16', 'trading_days': 872, 'total_trades': 5277, 'win_rate': 0.9265, 'net_profit_brl': 74100.0, 'avg_profit_brl': 14.04, 'avg_win_brl': 18.54, 'avg_loss_brl': -52.44, 'profit_factor': 5.4855, 'max_drawdown_pct': 0.41, 'expected_payoff': 14.04, 'on_tester_value': 181741.147059}",COMPLETE
239,14970.271186,2026-03-26 02:10:32.957953,2026-03-26 02:10:35.787470,0 days 00:00:02.829517,12,True,True,True,False,True,600,0.2,870,2,3,0.24000000000000002,0.65,0.30000000000000004,"{'start_date': '2021-03-23', 'end_date': '2024-09-16', 'trading_days': 872, 'total_trades': 1615, 'win_rate': 0.8563, 'net_profit_brl': 32200.0, 'avg_profit_brl': 19.94, 'avg_win_brl': 36.41, 'avg_loss_brl': -82.15, 'profit_factor': 2.7736, 'max_drawdown_pct': 2.15, 'expected_payoff': 19.94, 'on_tester_value': 14970.271186}",COMPLETE
240,106923.846154,2026-03-26 02:10:35.787523,2026-03-26 02:10:39.238183,0 days 00:00:03.450660,13,True,True,True,False,True,570,0.2,850,4,3,0.11,0.65,0.1,"{'start_date': '2021-03-23', 'end_date': '2024-09-16', 'trading_days': 872, 'total_trades': 5031, 'win_rate': 0.9276, 'net_profit_brl': 48500.0, 'avg_profit_brl': 9.64, 'avg_win_brl': 13.12, 'avg_loss_brl': -44.18, 'profit_factor': 4.8114, 'max_drawdown_pct': 0.45, 'expected_payoff': 9.64, 'on_tester_value': 106923.846154}",COMPLETE
241,32735.582759,2026-03-26 02:10:39.238252,2026-03-26 02:10:42.545837,0 days 00:00:03.307585,15,True,True,True,False,True,620,0.30000000000000004,885,3,4,0.13,0.65,0.1,"{'start_date': '2021-03-23', 'end_date': '2024-09-16', 'trading_days': 872, 'total_trades': 2429, 'win_rate': 0.9732, 'net_profit_brl': 27485.0, 'avg_profit_brl': 11.32, 'avg_win_brl': 12.6, 'avg_loss_brl': -45.1, 'profit_factor': 12.95, 'max_drawdown_pct': 0.84, 'expected_payoff': 11.32, 'on_tester_value': 32735.582759}",COMPLETE
242,27283.694595,2026-03-26 02:10:42.545896,2026-03-26 02:10:46.325625,0 days 00:00:03.779729,12,True,True,True,False,True,580,0.2,810,5,3,0.14,0.95,0.1,"{'start_date': '2021-03-23', 'end_date': '2024-09-16', 'trading_days': 872, 'total_trades': 3337, 'win_rate': 0.9769, 'net_profit_brl': 37710.0, 'avg_profit_brl': 11.3, 'avg_win_brl': 13.04, 'avg_loss_brl': -73.92, 'profit_factor': 8.8481, 'max_drawdown_pct': 1.38, 'expected_payoff': 11.3, 'on_tester_value': 27283.694595}",COMPLETE
243,29722.233333,2026-03-26 02:10:46.325686,2026-03-26 02:10:49.867877,0 days 00:00:03.542191,29,True,False,True,True,True,605,0.15,815,10,6,0.15000000000000002,0.75,0.15000000000000002,"{'start_date': '2021-03-23', 'end_date': '2024-09-16', 'trading_days': 872, 'total_trades': 2383, 'win_rate': 0.9698, 'net_profit_brl': 37465.0, 'avg_profit_brl': 15.72, 'avg_win_brl': 17.68, 'avg_loss_brl': -61.64, 'profit_factor': 12.0516, 'max_drawdown_pct': 1.26, 'expected_payoff': 15.72, 'on_tester_value': 29722.233333}",COMPLETE
244,29697.917308,2026-03-26 02:10:49.867948,2026-03-26 02:10:53.141014,0 days 00:00:03.273066,25,False,True,False,True,True,590,0.15,900,10,3,0.12000000000000001,0.8500000000000001,0.1,"{'start_date': '2021-03-23', 'end_date': '2024-09-16', 'trading_days': 872, 'total_trades': 2845, 'win_rate': 0.9722, 'net_profit_brl': 29505.0, 'avg_profit_brl': 10.37, 'avg_win_brl': 12.09, 'avg_loss_brl': -55.28, 'profit_factor': 8.5172, 'max_drawdown_pct': 0.99, 'expected_payoff': 10.37, 'on_tester_value': 29697.917308}",COMPLETE
245,56816.842105,2026-03-26 02:10:53.141060,2026-03-26 02:10:56.646405,0 days 00:00:03.505345,17,True,True,True,True,True,595,0.30000000000000004,830,2,3,0.14,0.7,0.1,"{'start_date': '2021-03-23', 'end_date': '2024-09-16', 'trading_days': 872, 'total_trades': 3522, 'win_rate': 0.9767, 'net_profit_brl': 39000.0, 'avg_profit_brl': 11.07, 'avg_win_brl': 12.3, 'avg_loss_brl': -51.72, 'profit_factor': 12.7825, 'max_drawdown_pct': 0.69, 'expected_payoff': 11.07, 'on_tester_value': 56816.842105}",COMPLETE
246,64356.22,2026-03-26 02:10:56.646478,2026-03-26 02:11:00.154474,0 days 00:00:03.507996,24,True,True,True,False,True,540,0.15,850,8,3,0.21000000000000002,0.6,0.1,"{'start_date': '2021-03-23', 'end_date': '2024-09-16', 'trading_days': 872, 'total_trades': 5003, 'win_rate': 0.9037, 'net_profit_brl': 41480.0, 'avg_profit_brl': 8.29, 'avg_win_brl': 11.94, 'avg_loss_brl': -40.7, 'profit_factor': 4.3197, 'max_drawdown_pct': 0.64, 'expected_payoff': 8.29, 'on_tester_value': 64356.22}",COMPLETE
247,60960.35,2026-03-26 02:11:00.154587,2026-03-26 02:11:03.364271,0 days 00:00:03.209684,23,True,False,True,False,True,565,0.2,755,3,3,0.15000000000000002,0.6,0.1,"{'start_date': '2021-03-23', 'end_date': '2024-09-16', 'trading_days': 872, 'total_trades': 2895, 'win_rate': 0.9351, 'net_profit_brl': 28060.0, 'avg_profit_brl': 9.69, 'avg_win_brl': 12.3, 'avg_loss_brl': -43.35, 'profit_factor': 6.3499, 'max_drawdown_pct': 0.46, 'expected_payoff': 9.69, 'on_tester_value': 60960.35}",COMPLETE
248,72868.085294,2026-03-26 02:11:03.364323,2026-03-26 02:11:06.734341,0 days 00:00:03.370018,33,True,False,True,True,True,540,0.2,715,2,7,0.16,0.5,0.2,"{'start_date': '2021-03-23', 'end_date': '2024-09-16', 'trading_days': 872, 'total_trades': 5072, 'win_rate': 0.8385, 'net_profit_brl': 70665.0, 'avg_profit_brl': 13.93, 'avg_win_brl': 22.71, 'avg_loss_brl': -41.98, 'profit_factor': 3.7284, 'max_drawdown_pct': 0.97, 'expected_payoff': 13.93, 'on_tester_value': 72868.085294}",COMPLETE
249,52870.778571,2026-03-26 02:11:06.734432,2026-03-26 02:11:10.207968,0 days 00:00:03.473536,14,True,True,True,False,True,600,0.15,760,3,4,0.13,0.5,0.15000000000000002,"{'start_date': '2021-03-23', 'end_date': '2024-09-16', 'trading_days': 872, 'total_trades': 2636, 'win_rate': 0.9336, 'net_profit_brl': 38565.0, 'avg_profit_brl': 14.63, 'avg_win_brl': 18.31, 'avg_loss_brl': -46.06, 'profit_factor': 6.9376, 'max_drawdown_pct': 0.73, 'expected_payoff': 14.63, 'on_tester_value': 52870.778571}",COMPLETE
250,21894.482143,2026-03-26 02:11:10.208020,2026-03-26 02:11:14.146630,0 days 00:00:03.938610,33,True,False,True,True,False,570,0.2,700,2,3,0.12000000000000001,0.6,0.1,"{'start_date': '2021-03-23', 'end_date': '2024-09-16', 'trading_days': 872, 'total_trades': 2883, 'win_rate': 0.9043, 'net_profit_brl': 24650.0, 'avg_profit_brl': 8.55, 'avg_win_brl': 12.21, 'avg_loss_brl': -37.64, 'profit_factor': 4.4284, 'max_drawdown_pct': 1.13, 'expected_payoff': 8.55, 'on_tester_value': 21894.482143}",COMPLETE
251,86863.338636,2026-03-26 02:11:14.146682,2026-03-26 02:11:17.894325,0 days 00:00:03.747643,34,True,True,True,True,True,540,0.15,850,4,4,0.19,0.65,0.1,"{'start_date': '2021-03-23', 'end_date': '2024-09-16', 'trading_days': 872, 'total_trades': 6869, 'win_rate': 0.9058, 'net_profit_brl': 56555.0, 'avg_profit_brl': 8.23, 'avg_win_brl': 12.02, 'avg_loss_brl': -41.36, 'profit_factor': 4.1006, 'max_drawdown_pct': 0.65, 'expected_payoff': 8.23, 'on_tester_value': 86863.338636}",COMPLETE
252,4015.793182,2026-03-26 02:11:17.894383,2026-03-26 02:11:21.125753,0 days 00:00:03.231370,38,True,False,False,True,True,590,0.2,580,1,8,0.18,0.6,0.25,"{'start_date': '2021-03-23', 'end_date': '2024-09-16', 'trading_days': 872, 'total_trades': 219, 'win_rate': 0.8858, 'net_profit_brl': 3985.0, 'avg_profit_brl': 18.2, 'avg_win_brl': 27.45, 'avg_loss_brl': -55.83, 'profit_factor': 3.9739, 'max_drawdown_pct': 0.99, 'expected_payoff': 18.2, 'on_tester_value': 4015.793182}",COMPLETE
253,9120.15,2026-03-26 02:11:21.125806,2026-03-26 02:11:24.513176,0 days 00:00:03.387370,40,True,False,True,True,True,575,0.30000000000000004,635,2,7,0.22,0.75,0.30000000000000004,"{'start_date': '2021-03-23', 'end_date': '2024-09-16', 'trading_days': 872, 'total_trades': 1076, 'win_rate': 0.8931, 'net_profit_brl': 23385.0, 'avg_profit_brl': 21.73, 'avg_win_brl': 33.28, 'avg_loss_brl': -80.37, 'profit_factor': 3.7192, 'max_drawdown_pct': 2.56, 'expected_payoff': 21.73, 'on_tester_value': 9120.15}",COMPLETE
254,57216.15,2026-03-26 02:11:24.513244,2026-03-26 02:11:27.966811,0 days 00:00:03.453567,31,True,False,True,True,True,580,0.25,735,5,8,0.1,0.5,0.2,"{'start_date': '2021-03-23', 'end_date': '2024-09-16', 'trading_days': 872, 'total_trades': 3980, 'win_rate': 0.8384, 'net_profit_brl': 52470.0, 'avg_profit_brl': 13.18, 'avg_win_brl': 23.1, 'avg_loss_brl': -44.59, 'profit_factor': 3.1316, 'max_drawdown_pct': 0.92, 'expected_payoff': 13.18, 'on_tester_value': 57216.15}",COMPLETE
255,83529.607895,2026-03-26 02:11:27.966863,2026-03-26 02:11:31.532769,0 days 00:00:03.565906,15,True,True,True,False,True,550,0.15,830,3,3,0.15000000000000002,0.65,0.1,"{'start_date': '2021-03-23', 'end_date': '2024-09-16', 'trading_days': 872, 'total_trades': 5323, 'win_rate': 0.9335, 'net_profit_brl': 50335.0, 'avg_profit_brl': 9.46, 'avg_win_brl': 12.47, 'avg_loss_brl': -42.36, 'profit_factor': 5.3206, 'max_drawdown_pct': 0.6, 'expected_payoff': 9.46, 'on_tester_value': 83529.607895}",COMPLETE
256,49596.543056,2026-03-26 02:11:31.532830,2026-03-26 02:11:35.082256,0 days 00:00:03.549426,10,True,True,True,False,True,585,0.2,840,1,3,0.12000000000000001,0.6,0.15000000000000002,"{'start_date': '2021-03-23', 'end_date': '2024-09-16', 'trading_days': 872, 'total_trades': 3756, 'win_rate': 0.9345, 'net_profit_brl': 55295.0, 'avg_profit_brl': 14.72, 'avg_win_brl': 19.21, 'avg_loss_brl': -55.11, 'profit_factor': 5.5604, 'max_drawdown_pct': 1.11, 'expected_payoff': 14.72, 'on_tester_value': 49596.543056}",COMPLETE
257,29790.719048,2026-03-26 02:11:35.082308,2026-03-26 02:11:38.817006,0 days 00:00:03.734698,37,True,True,True,True,True,585,0.2,875,4,5,0.15000000000000002,0.6,0.30000000000000004,"{'start_date': '2021-03-23', 'end_date': '2024-09-16', 'trading_days': 872, 'total_trades': 3954, 'win_rate': 0.8189, 'net_profit_brl': 64280.0, 'avg_profit_brl': 16.26, 'avg_win_brl': 33.79, 'avg_loss_brl': -65.68, 'profit_factor': 2.4245, 'max_drawdown_pct': 2.16, 'expected_payoff': 16.26, 'on_tester_value': 29790.719048}",COMPLETE
258,41814.0125,2026-03-26 02:11:38.817056,2026-03-26 02:11:42.419923,0 days 00:00:03.602867,38,True,True,True,True,True,555,0.15,660,8,3,0.21000000000000002,0.8,0.15000000000000002,"{'start_date': '2021-03-23', 'end_date': '2024-09-16', 'trading_days': 872, 'total_trades': 3286, 'win_rate': 0.9489, 'net_profit_brl': 44365.0, 'avg_profit_brl': 13.5, 'avg_win_brl': 16.93, 'avg_loss_brl': -64.85, 'profit_factor': 6.2628, 'max_drawdown_pct': 1.06, 'expected_payoff': 13.5, 'on_tester_value': 41814.0125}",COMPLETE
259,40071.675,2026-03-26 02:11:42.419988,2026-03-26 02:11:46.053923,0 days 00:00:03.633935,15,True,True,True,False,True,545,0.15,865,4,3,0.13,0.8,0.2,"{'start_date': '2021-03-23', 'end_date': '2024-09-16', 'trading_days': 872, 'total_trades': 6782, 'win_rate': 0.8786, 'net_profit_brl': 93155.0, 'avg_profit_brl': 13.74, 'avg_win_brl': 24.32, 'avg_loss_brl': -69.43, 'profit_factor': 2.7985, 'max_drawdown_pct': 2.32, 'expected_payoff': 13.74, 'on_tester_value': 40071.675}",COMPLETE
260,43367.595,2026-03-26 02:11:46.053999,2026-03-26 02:11:49.786122,0 days 00:00:03.732123,11,True,True,True,True,True,570,0.2,880,1,3,0.18,0.8,0.1,"{'start_date': '2021-03-23', 'end_date': '2024-09-16', 'trading_days': 872, 'total_trades': 4099, 'win_rate': 0.9685, 'net_profit_brl': 44755.0, 'avg_profit_brl': 10.92, 'avg_win_brl': 12.38, 'avg_loss_brl': -58.6, 'profit_factor': 11.1832, 'max_drawdown_pct': 1.03, 'expected_payoff': 10.92, 'on_tester_value': 43367.595}",COMPLETE
261,31231.474265,2026-03-26 02:11:49.786167,2026-03-26 02:11:53.329339,0 days 00:00:03.543172,24,True,False,True,True,True,560,0.15,830,6,3,0.12000000000000001,0.65,0.2,"{'start_date': '2021-03-23', 'end_date': '2024-09-16', 'trading_days': 872, 'total_trades': 5485, 'win_rate': 0.8693, 'net_profit_brl': 76975.0, 'avg_profit_brl': 14.03, 'avg_win_brl': 23.49, 'avg_loss_brl': -57.01, 'profit_factor': 3.199, 'max_drawdown_pct': 2.46, 'expected_payoff': 14.03, 'on_tester_value': 31231.474265}",COMPLETE
262,39963.826667,2026-03-26 02:11:53.329385,2026-03-26 02:11:56.868002,0 days 00:00:03.538617,14,True,True,False,False,True,545,0.2,810,1,3,0.19,0.65,0.15000000000000002,"{'start_date': '2021-03-23', 'end_date': '2024-09-16', 'trading_days': 872, 'total_trades': 3267, 'win_rate': 0.936, 'net_profit_brl': 44920.0, 'avg_profit_brl': 13.75, 'avg_win_brl': 17.34, 'avg_loss_brl': -50.59, 'profit_factor': 6.5491, 'max_drawdown_pct': 1.12, 'expected_payoff': 13.75, 'on_tester_value': 39963.826667}",COMPLETE
263,7108.453297,2026-03-26 02:11:56.868049,2026-03-26 02:12:00.330775,0 days 00:00:03.462726,11,True,True,True,True,False,705,0.25,875,2,3,0.11,0.7,0.25,"{'start_date': '2021-03-23', 'end_date': '2024-09-16', 'trading_days': 872, 'total_trades': 1139, 'win_rate': 0.8674, 'net_profit_brl': 18145.0, 'avg_profit_brl': 15.93, 'avg_win_brl': 31.35, 'avg_loss_brl': -86.07, 'profit_factor': 2.4148, 'max_drawdown_pct': 2.55, 'expected_payoff': 15.93, 'on_tester_value': 7108.453297}",COMPLETE
264,62041.1375,2026-03-26 02:12:00.330839,2026-03-26 02:12:03.571036,0 days 00:00:03.240197,23,True,True,True,True,True,590,0.15,825,2,3,0.1,0.55,0.1,"{'start_date': '2021-03-23', 'end_date': '2024-09-16', 'trading_days': 872, 'total_trades': 5151, 'win_rate': 0.9305, 'net_profit_brl': 49025.0, 'avg_profit_brl': 9.52, 'avg_win_brl': 12.43, 'avg_loss_brl': -37.61, 'profit_factor': 5.6557, 'max_drawdown_pct': 0.79, 'expected_payoff': 9.52, 'on_tester_value': 62041.1375}",COMPLETE
265,95970.0875,2026-03-26 02:12:03.571103,2026-03-26 02:12:06.383281,0 days 00:00:02.812178,12,True,True,True,False,True,610,0.2,885,8,4,0.11,0.55,0.1,"{'start_date': '2021-03-23', 'end_date': '2024-09-16', 'trading_days': 872, 'total_trades': 3213, 'win_rate': 0.953, 'net_profit_brl': 34615.0, 'avg_profit_brl': 10.77, 'avg_win_brl': 12.91, 'avg_loss_brl': -40.54, 'profit_factor': 8.0571, 'max_drawdown_pct': 0.36, 'expected_payoff': 10.77, 'on_tester_value': 95970.0875}",COMPLETE
266,106438.4775,2026-03-26 02:12:06.383323,2026-03-26 02:12:09.397283,0 days 00:00:03.013960,33,True,True,True,True,True,540,0.15,770,11,4,0.17,0.65,0.2,"{'start_date': '2021-03-23', 'end_date': '2024-09-16', 'trading_days': 872, 'total_trades': 7224, 'win_rate': 0.8565, 'net_profit_brl': 101515.0, 'avg_profit_brl': 14.05, 'avg_win_brl': 23.15, 'avg_loss_brl': -51.49, 'profit_factor': 3.4341, 'max_drawdown_pct': 0.95, 'expected_payoff': 14.05, 'on_tester_value': 106438.4775}",COMPLETE
267,35012.922764,2026-03-26 02:12:09.397349,2026-03-26 02:12:12.069335,0 days 00:00:02.671986,13,True,True,True,False,False,580,0.2,890,7,5,0.11,0.75,0.2,"{'start_date': '2021-03-23', 'end_date': '2024-09-16', 'trading_days': 872, 'total_trades': 3371, 'win_rate': 0.908, 'net_profit_brl': 54035.0, 'avg_profit_brl': 16.03, 'avg_win_brl': 25.17, 'avg_loss_brl': -78.53, 'profit_factor': 3.3483, 'max_drawdown_pct': 1.54, 'expected_payoff': 16.03, 'on_tester_value': 35012.922764}",COMPLETE
268,70039.031579,2026-03-26 02:12:12.069382,2026-03-26 02:12:15.177874,0 days 00:00:03.108492,33,True,True,True,True,True,555,0.15,750,9,4,0.17,0.5,0.1,"{'start_date': '2021-03-23', 'end_date': '2024-09-16', 'trading_days': 872, 'total_trades': 5009, 'win_rate': 0.9243, 'net_profit_brl': 43760.0, 'avg_profit_brl': 8.74, 'avg_win_brl': 11.58, 'avg_loss_brl': -36.75, 'profit_factor': 5.4426, 'max_drawdown_pct': 0.62, 'expected_payoff': 8.74, 'on_tester_value': 70039.031579}",COMPLETE
269,34548.015,2026-03-26 02:12:15.177927,2026-03-26 02:12:18.486688,0 days 00:00:03.308761,12,True,True,True,False,False,600,0.30000000000000004,875,2,3,0.17,0.8,0.15000000000000002,"{'start_date': '2021-03-23', 'end_date': '2024-09-16', 'trading_days': 872, 'total_trades': 1701, 'win_rate': 0.973, 'net_profit_brl': 28065.0, 'avg_profit_brl': 16.5, 'avg_win_brl': 18.89, 'avg_loss_brl': -91.29, 'profit_factor': 9.784, 'max_drawdown_pct': 0.81, 'expected_payoff': 16.5, 'on_tester_value': 34548.015}",COMPLETE
270,37613.991304,2026-03-26 02:12:18.486825,2026-03-26 02:12:21.870945,0 days 00:00:03.384120,13,True,True,True,False,True,625,0.30000000000000004,790,7,3,0.13,0.55,0.15000000000000002,"{'start_date': '2021-03-23', 'end_date': '2024-09-16', 'trading_days': 872, 'total_trades': 2001, 'win_rate': 0.9445, 'net_profit_brl': 30505.0, 'avg_profit_brl': 15.24, 'avg_win_brl': 18.71, 'avg_loss_brl': -51.7, 'profit_factor': 7.2767, 'max_drawdown_pct': 0.81, 'expected_payoff': 15.24, 'on_tester_value': 37613.991304}",COMPLETE
271,48074.514286,2026-03-26 02:12:21.871023,2026-03-26 02:12:25.436856,0 days 00:00:03.565833,10,True,True,True,True,True,610,0.30000000000000004,865,4,4,0.12000000000000001,0.6,0.2,"{'start_date': '2021-03-23', 'end_date': '2024-09-16', 'trading_days': 872, 'total_trades': 3594, 'win_rate': 0.9071, 'net_profit_brl': 61260.0, 'avg_profit_brl': 17.05, 'avg_win_brl': 25.23, 'avg_loss_brl': -67.31, 'profit_factor': 3.9171, 'max_drawdown_pct': 1.27, 'expected_payoff': 17.05, 'on_tester_value': 48074.514286}",COMPLETE
272,7491.295522,2026-03-26 02:12:25.436916,2026-03-26 02:12:29.145288,0 days 00:00:03.708372,15,True,True,False,False,True,615,0.15,860,7,6,0.23,0.8,0.30000000000000004,"{'start_date': '2021-03-23', 'end_date': '2024-09-16', 'trading_days': 872, 'total_trades': 1020, 'win_rate': 0.8863, 'net_profit_brl': 21340.0, 'avg_profit_brl': 20.92, 'avg_win_brl': 35.38, 'avg_loss_brl': -95.9, 'profit_factor': 3.0047, 'max_drawdown_pct': 2.85, 'expected_payoff': 20.92, 'on_tester_value': 7491.295522}",COMPLETE
273,102970.561538,2026-03-26 02:12:29.145366,2026-03-26 02:12:33.179929,0 days 00:00:04.034563,33,True,True,True,True,True,550,0.25,805,14,3,0.17,0.7,0.15000000000000002,"{'start_date': '2021-03-23', 'end_date': '2024-09-16', 'trading_days': 872, 'total_trades': 5116, 'win_rate': 0.9464, 'net_profit_brl': 71930.0, 'avg_profit_brl': 14.06, 'avg_win_brl': 17.36, 'avg_loss_brl': -58.09, 'profit_factor': 6.925, 'max_drawdown_pct': 0.7, 'expected_payoff': 14.06, 'on_tester_value': 102970.561538}",COMPLETE
274,36538.202564,2026-03-26 02:12:33.179988,2026-03-26 02:12:38.397833,0 days 00:00:05.217845,34,False,True,True,True,True,585,0.30000000000000004,860,7,6,0.1,0.65,0.25,"{'start_date': '2021-03-23', 'end_date': '2024-09-16', 'trading_days': 872, 'total_trades': 4295, 'win_rate': 0.8398, 'net_profit_brl': 60845.0, 'avg_profit_brl': 14.17, 'avg_win_brl': 28.55, 'avg_loss_brl': -64.64, 'profit_factor': 2.4437, 'max_drawdown_pct': 1.67, 'expected_payoff': 14.17, 'on_tester_value': 36538.202564}",COMPLETE
275,5733.782456,2026-03-26 02:12:38.397900,2026-03-26 02:12:44.546321,0 days 00:00:06.148421,38,True,True,True,True,True,660,0.2,775,11,4,0.12000000000000001,0.95,0.30000000000000004,"{'start_date': '2021-03-23', 'end_date': '2024-09-16', 'trading_days': 872, 'total_trades': 1616, 'win_rate': 0.8744, 'net_profit_brl': 28110.0, 'avg_profit_brl': 17.39, 'avg_win_brl': 35.29, 'avg_loss_brl': -109.32, 'profit_factor': 2.2921, 'max_drawdown_pct': 4.9, 'expected_payoff': 17.39, 'on_tester_value': 5733.782456}",COMPLETE
276,134698.736842,2026-03-26 02:12:44.546424,2026-03-26 02:12:49.441218,0 days 00:00:04.894794,37,True,True,True,True,True,585,0.30000000000000004,825,15,4,0.16,0.7,0.15000000000000002,"{'start_date': '2021-03-23', 'end_date': '2024-09-16', 'trading_days': 872, 'total_trades': 3395, 'win_rate': 0.9711, 'net_profit_brl': 52660.0, 'avg_profit_brl': 15.51, 'avg_win_brl': 17.35, 'avg_loss_brl': -56.88, 'profit_factor': 12.5736, 'max_drawdown_pct': 0.39, 'expected_payoff': 15.51, 'on_tester_value': 134698.736842}",COMPLETE
277,11211.610811,2026-03-26 02:12:49.441305,2026-03-26 02:12:53.041553,0 days 00:00:03.600248,35,True,True,True,True,True,650,0.25,845,15,4,0.32,0.65,0.2,"{'start_date': '2021-03-23', 'end_date': '2024-09-16', 'trading_days': 872, 'total_trades': 711, 'win_rate': 0.955, 'net_profit_brl': 13330.0, 'avg_profit_brl': 18.75, 'avg_win_brl': 23.13, 'avg_loss_brl': -76.61, 'profit_factor': 6.6126, 'max_drawdown_pct': 1.19, 'expected_payoff': 18.75, 'on_tester_value': 11211.610811}",COMPLETE
278,24850.716,2026-03-26 02:12:53.041624,2026-03-26 02:12:57.067867,0 days 00:00:04.026243,10,True,True,True,True,True,565,0.35,870,1,3,0.16,0.6,0.35,"{'start_date': '2021-03-23', 'end_date': '2024-09-16', 'trading_days': 872, 'total_trades': 4055, 'win_rate': 0.7499, 'net_profit_brl': 60730.0, 'avg_profit_brl': 14.98, 'avg_win_brl': 42.92, 'avg_loss_brl': -72.31, 'profit_factor': 1.8703, 'max_drawdown_pct': 2.44, 'expected_payoff': 14.98, 'on_tester_value': 24850.716}",COMPLETE
279,28459.321875,2026-03-26 02:12:57.067953,2026-03-26 02:13:01.430150,0 days 00:00:04.362197,40,True,True,True,True,True,555,0.2,805,13,4,0.2,0.8500000000000001,0.25,"{'start_date': '2021-03-23', 'end_date': '2024-09-16', 'trading_days': 872, 'total_trades': 4370, 'win_rate': 0.9149, 'net_profit_brl': 84795.0, 'avg_profit_brl': 19.4, 'avg_win_brl': 28.22, 'avg_loss_brl': -84.98, 'profit_factor': 4.0235, 'max_drawdown_pct': 2.98, 'expected_payoff': 19.4, 'on_tester_value': 28459.321875}",COMPLETE
280,7073.768824,2026-03-26 02:13:01.430214,2026-03-26 02:13:06.087658,0 days 00:00:04.657444,36,True,True,True,True,True,645,0.30000000000000004,835,13,3,0.19,0.7,0.30000000000000004,"{'start_date': '2021-03-23', 'end_date': '2024-09-16', 'trading_days': 872, 'total_trades': 1416, 'win_rate': 0.846, 'net_profit_brl': 24235.0, 'avg_profit_brl': 17.12, 'avg_win_brl': 34.7, 'avg_loss_brl': -81.03, 'profit_factor': 2.3976, 'max_drawdown_pct': 3.43, 'expected_payoff': 17.12, 'on_tester_value': 7073.768824}",COMPLETE
281,42134.505882,2026-03-26 02:13:06.087724,2026-03-26 02:13:11.283101,0 days 00:00:05.195377,16,True,True,True,True,True,645,0.30000000000000004,855,3,3,0.1,0.55,0.1,"{'start_date': '2021-03-23', 'end_date': '2024-09-16', 'trading_days': 872, 'total_trades': 2875, 'win_rate': 0.959, 'net_profit_brl': 31170.0, 'avg_profit_brl': 10.84, 'avg_win_brl': 12.81, 'avg_loss_brl': -44.26, 'profit_factor': 8.4928, 'max_drawdown_pct': 0.74, 'expected_payoff': 10.84, 'on_tester_value': 42134.505882}",COMPLETE
282,73743.965714,2026-03-26 02:13:11.283170,2026-03-26 02:13:15.884168,0 days 00:00:04.600998,39,True,True,True,True,True,540,0.25,815,15,3,0.19,0.6,0.30000000000000004,"{'start_date': '2021-03-23', 'end_date': '2024-09-16', 'trading_days': 872, 'total_trades': 5074, 'win_rate': 0.8203, 'net_profit_brl': 88940.0, 'avg_profit_brl': 17.53, 'avg_win_brl': 33.55, 'avg_loss_brl': -62.29, 'profit_factor': 2.7541, 'max_drawdown_pct': 1.21, 'expected_payoff': 17.53, 'on_tester_value': 73743.965714}",COMPLETE
283,94148.3375,2026-03-26 02:13:15.884247,2026-03-26 02:13:19.910727,0 days 00:00:04.026480,10,False,True,True,False,True,565,0.15,885,7,3,0.15000000000000002,0.6,0.1,"{'start_date': '2021-03-23', 'end_date': '2024-09-16', 'trading_days': 872, 'total_trades': 3106, 'win_rate': 0.9511, 'net_profit_brl': 32215.0, 'avg_profit_brl': 10.37, 'avg_win_brl': 12.52, 'avg_loss_brl': -40.85, 'profit_factor': 7.7395, 'max_drawdown_pct': 0.34, 'expected_payoff': 10.37, 'on_tester_value': 94148.3375}",COMPLETE
284,53176.75,2026-03-26 02:13:19.910776,2026-03-26 02:13:24.020039,0 days 00:00:04.109263,13,False,True,True,False,True,550,0.15,870,10,3,0.22,0.65,0.1,"{'start_date': '2021-03-23', 'end_date': '2024-09-16', 'trading_days': 872, 'total_trades': 2772, 'win_rate': 0.9618, 'net_profit_brl': 27450.0, 'avg_profit_brl': 9.9, 'avg_win_brl': 11.63, 'avg_loss_brl': -46.04, 'profit_factor': 8.7433, 'max_drawdown_pct': 0.52, 'expected_payoff': 9.9, 'on_tester_value': 53176.75}",COMPLETE
285,22787.288462,2026-03-26 02:13:24.020143,2026-03-26 02:13:27.283600,0 days 00:00:03.263457,12,True,True,True,False,True,610,0.15,890,11,4,0.18,0.8500000000000001,0.25,"{'start_date': '2021-03-23', 'end_date': '2024-09-16', 'trading_days': 872, 'total_trades': 1955, 'win_rate': 0.9115, 'net_profit_brl': 38150.0, 'avg_profit_brl': 19.51, 'avg_win_brl': 30.7, 'avg_loss_brl': -102.16, 'profit_factor': 3.3051, 'max_drawdown_pct': 1.67, 'expected_payoff': 19.51, 'on_tester_value': 22787.288462}",COMPLETE
286,15723.302174,2026-03-26 02:13:27.283667,2026-03-26 02:13:30.537247,0 days 00:00:03.253580,13,False,True,True,False,True,595,0.15,795,9,3,0.11,0.5,0.25,"{'start_date': '2021-03-23', 'end_date': '2024-09-16', 'trading_days': 872, 'total_trades': 2521, 'win_rate': 0.8005, 'net_profit_brl': 35230.0, 'avg_profit_brl': 13.97, 'avg_win_brl': 29.96, 'avg_loss_brl': -54.04, 'profit_factor': 2.3961, 'max_drawdown_pct': 2.24, 'expected_payoff': 13.97, 'on_tester_value': 15723.302174}",COMPLETE
287,122576.612903,2026-03-26 02:13:30.537308,2026-03-26 02:13:34.101170,0 days 00:00:03.563862,26,True,True,True,True,True,540,0.25,805,4,3,0.15000000000000002,0.7,0.2,"{'start_date': '2021-03-23', 'end_date': '2024-09-16', 'trading_days': 872, 'total_trades': 6332, 'win_rate': 0.9027, 'net_profit_brl': 101330.0, 'avg_profit_brl': 16.0, 'avg_win_brl': 23.25, 'avg_loss_brl': -61.29, 'profit_factor': 4.2102, 'max_drawdown_pct': 0.83, 'expected_payoff': 16.0, 'on_tester_value': 122576.612903}",COMPLETE
288,63594.6,2026-03-26 02:13:34.101222,2026-03-26 02:13:37.273958,0 days 00:00:03.172736,34,True,True,True,True,True,550,0.25,895,5,3,0.17,0.6,0.1,"{'start_date': '2021-03-23', 'end_date': '2024-09-16', 'trading_days': 872, 'total_trades': 5419, 'win_rate': 0.9483, 'net_profit_brl': 51080.0, 'avg_profit_brl': 9.43, 'avg_win_brl': 11.68, 'avg_loss_brl': -45.46, 'profit_factor': 6.7041, 'max_drawdown_pct': 0.8, 'expected_payoff': 9.43, 'on_tester_value': 63594.6}",COMPLETE
289,67553.578571,2026-03-26 02:13:37.274032,2026-03-26 02:13:40.250829,0 days 00:00:02.976797,31,True,True,True,True,True,565,0.30000000000000004,805,12,4,0.14,0.8,0.15000000000000002,"{'start_date': '2021-03-23', 'end_date': '2024-09-16', 'trading_days': 872, 'total_trades': 4845, 'win_rate': 0.9498, 'net_profit_brl': 69235.0, 'avg_profit_brl': 14.29, 'avg_win_brl': 17.72, 'avg_loss_brl': -65.88, 'profit_factor': 6.6197, 'max_drawdown_pct': 1.02, 'expected_payoff': 14.29, 'on_tester_value': 67553.578571}",COMPLETE
290,35394.1875,2026-03-26 02:13:40.250879,2026-03-26 02:13:43.200749,0 days 00:00:02.949870,11,False,True,True,False,True,595,0.15,870,5,5,0.21000000000000002,0.5,0.1,"{'start_date': '2021-03-23', 'end_date': '2024-09-16', 'trading_days': 872, 'total_trades': 1438, 'win_rate': 0.975, 'net_profit_brl': 15575.0, 'avg_profit_brl': 10.83, 'avg_win_brl': 12.03, 'avg_loss_brl': -47.78, 'profit_factor': 13.0736, 'max_drawdown_pct': 0.44, 'expected_payoff': 10.83, 'on_tester_value': 35394.1875}",COMPLETE
291,100765.88,2026-03-26 02:13:43.200802,2026-03-26 02:13:46.347081,0 days 00:00:03.146279,27,True,True,True,True,True,560,0.30000000000000004,830,3,5,0.11,0.55,0.1,"{'start_date': '2021-03-23', 'end_date': '2024-09-16', 'trading_days': 872, 'total_trades': 6410, 'win_rate': 0.9175, 'net_profit_brl': 57210.0, 'avg_profit_brl': 8.93, 'avg_win_brl': 12.22, 'avg_loss_brl': -37.05, 'profit_factor': 4.9091, 'max_drawdown_pct': 0.57, 'expected_payoff': 8.93, 'on_tester_value': 100765.88}",COMPLETE
292,23543.243056,2026-03-26 02:13:46.347122,2026-03-26 02:13:49.341848,0 days 00:00:02.994726,10,True,True,False,True,True,595,0.15,895,4,3,0.17,1.05,0.15000000000000002,"{'start_date': '2021-03-23', 'end_date': '2024-09-16', 'trading_days': 872, 'total_trades': 2512, 'win_rate': 0.9789, 'net_profit_brl': 40925.0, 'avg_profit_brl': 16.29, 'avg_win_brl': 18.47, 'avg_loss_brl': -97.93, 'profit_factor': 10.0844, 'max_drawdown_pct': 1.74, 'expected_payoff': 16.29, 'on_tester_value': 23543.243056}",COMPLETE
293,11074.809596,2026-03-26 02:13:49.341898,2026-03-26 02:13:52.492236,0 days 00:00:03.150338,26,True,True,True,True,True,545,0.35,785,2,5,0.12000000000000001,0.55,0.4,"{'start_date': '2021-03-23', 'end_date': '2024-09-16', 'trading_days': 872, 'total_trades': 5436, 'win_rate': 0.6462, 'net_profit_brl': 49935.0, 'avg_profit_brl': 9.19, 'avg_win_brl': 45.03, 'avg_loss_brl': -59.7, 'profit_factor': 1.4613, 'max_drawdown_pct': 4.51, 'expected_payoff': 9.19, 'on_tester_value': 11074.809596}",COMPLETE
294,38237.930435,2026-03-26 02:13:52.492288,2026-03-26 02:13:55.591703,0 days 00:00:03.099415,11,True,True,True,False,True,545,0.30000000000000004,890,8,3,0.15000000000000002,0.65,0.30000000000000004,"{'start_date': '2021-03-23', 'end_date': '2024-09-16', 'trading_days': 872, 'total_trades': 4553, 'win_rate': 0.8039, 'net_profit_brl': 71560.0, 'avg_profit_brl': 15.72, 'avg_win_brl': 36.39, 'avg_loss_brl': -74.15, 'profit_factor': 2.1614, 'max_drawdown_pct': 1.87, 'expected_payoff': 15.72, 'on_tester_value': 38237.930435}",COMPLETE
295,12590.0,2026-03-26 02:13:55.591748,2026-03-26 02:13:58.585574,0 days 00:00:02.993826,35,True,True,False,True,True,550,0.2,685,15,7,0.21000000000000002,0.5,0.4,"{'start_date': '2021-03-23', 'end_date': '2024-09-16', 'trading_days': 872, 'total_trades': 3020, 'win_rate': 0.6702, 'net_profit_brl': 37770.0, 'avg_profit_brl': 12.51, 'avg_win_brl': 43.04, 'avg_loss_brl': -52.89, 'profit_factor': 1.7653, 'max_drawdown_pct': 3.0, 'expected_payoff': 12.51, 'on_tester_value': 12590.0}",COMPLETE
296,15676.514474,2026-03-26 02:13:58.585641,2026-03-26 02:14:01.496037,0 days 00:00:02.910396,14,True,True,True,False,True,695,0.15,815,10,3,0.12000000000000001,0.7,0.15000000000000002,"{'start_date': '2021-03-23', 'end_date': '2024-09-16', 'trading_days': 872, 'total_trades': 904, 'win_rate': 0.9679, 'net_profit_brl': 15185.0, 'avg_profit_brl': 16.8, 'avg_win_brl': 19.51, 'avg_loss_brl': -75.4, 'profit_factor': 9.0557, 'max_drawdown_pct': 0.97, 'expected_payoff': 16.8, 'on_tester_value': 15676.514474}",COMPLETE
297,40157.489474,2026-03-26 02:14:01.496101,2026-03-26 02:14:04.567947,0 days 00:00:03.071846,34,True,True,True,True,True,590,0.35,785,15,5,0.2,0.55,0.1,"{'start_date': '2021-03-23', 'end_date': '2024-09-16', 'trading_days': 872, 'total_trades': 2250, 'win_rate': 0.9742, 'net_profit_brl': 23135.0, 'avg_profit_brl': 10.28, 'avg_win_brl': 11.49, 'avg_loss_brl': -50.12, 'profit_factor': 12.2579, 'max_drawdown_pct': 0.58, 'expected_payoff': 10.28, 'on_tester_value': 40157.489474}",COMPLETE
298,12321.662222,2026-03-26 02:14:04.568010,2026-03-26 02:14:07.588532,0 days 00:00:03.020522,19,True,True,True,True,False,600,0.25,695,1,4,0.19,0.55,0.30000000000000004,"{'start_date': '2021-03-23', 'end_date': '2024-09-16', 'trading_days': 872, 'total_trades': 1352, 'win_rate': 0.8521, 'net_profit_brl': 27395.0, 'avg_profit_brl': 20.26, 'avg_win_brl': 33.83, 'avg_loss_brl': -63.6, 'profit_factor': 3.3667, 'max_drawdown_pct': 2.22, 'expected_payoff': 20.26, 'on_tester_value': 12321.662222}",COMPLETE
299,42937.688889,2026-03-26 02:14:07.588601,2026-03-26 02:14:10.809851,0 days 00:00:03.221250,10,False,True,False,False,True,555,0.2,885,9,3,0.12000000000000001,0.8,0.15000000000000002,"{'start_date': '2021-03-23', 'end_date': '2024-09-16', 'trading_days': 872, 'total_trades': 2824, 'win_rate': 0.9313, 'net_profit_brl': 36560.0, 'avg_profit_brl': 12.95, 'avg_win_brl': 18.4, 'avg_loss_brl': -64.38, 'profit_factor': 4.0865, 'max_drawdown_pct': 0.85, 'expected_payoff': 12.95, 'on_tester_value': 42937.688889}",COMPLETE
