session_date,entry_time,exit_time,direction,entry_price,exit_price,pnl_points,pnl_brl,exit_reason
2021-03-30,2021-03-30 14:00:00-03:00,2021-03-31 06:15:00-03:00,long,5759.5,5743.5,-16.0,-164.0,stop_loss
2021-04-05,2021-04-05 12:30:00-03:00,2021-04-06 06:00:00-03:00,long,5679.5,5667.0,-12.5,-129.0,stop_loss
2021-04-07,2021-04-07 10:00:00-03:00,2021-04-07 10:15:00-03:00,long,5615.5,5641.5,26.0,256.0,take_profit
2021-04-08,2021-04-08 14:30:00-03:00,2021-04-09 06:00:00-03:00,long,5588.0,5608.0,20.0,196.0,take_profit
2021-04-12,2021-04-12 09:15:00-03:00,2021-04-12 12:30:00-03:00,long,5698.5,5720.5,22.0,216.0,take_profit
2021-04-13,2021-04-13 09:30:00-03:00,2021-04-13 11:00:00-03:00,short,5708.5,5681.0,27.5,271.0,take_profit
2021-04-13,2021-04-13 13:45:00-03:00,2021-04-13 14:15:00-03:00,long,5728.0,5712.0,-16.0,-164.0,stop_loss
2021-04-16,2021-04-16 09:15:00-03:00,2021-04-16 10:15:00-03:00,short,5615.0,5591.0,24.0,236.0,take_profit
2021-04-20,2021-04-20 12:30:00-03:00,2021-04-20 12:45:00-03:00,long,5540.0,5561.5,21.5,211.0,take_profit
2021-04-23,2021-04-26 06:00:00-03:00,2021-04-26 06:30:00-03:00,short,5458.0,5469.0,-11.0,-114.0,stop_loss
2021-04-27,2021-04-27 12:45:00-03:00,2021-04-28 06:00:00-03:00,long,5454.5,5441.0,-13.5,-139.0,stop_loss
2021-04-29,2021-04-29 12:00:00-03:00,2021-04-29 12:15:00-03:00,long,5370.5,5359.0,-11.5,-119.0,stop_loss
2021-04-29,2021-04-29 12:30:00-03:00,2021-04-29 13:30:00-03:00,short,5361.5,5344.0,17.5,171.0,take_profit
2021-05-03,2021-05-03 13:30:00-03:00,2021-05-03 14:15:00-03:00,long,5434.5,5454.0,19.5,191.0,take_profit
2021-05-04,2021-05-04 10:30:00-03:00,2021-05-04 11:45:00-03:00,short,5429.5,5445.5,-16.0,-164.0,stop_loss
2021-05-04,2021-05-05 06:00:00-03:00,2021-05-05 06:15:00-03:00,long,5450.5,5439.0,-11.5,-119.0,stop_loss
2021-05-07,2021-05-10 06:00:00-03:00,2021-05-10 06:15:00-03:00,long,5248.5,5239.5,-9.0,-94.0,stop_loss
2021-05-10,2021-05-10 10:45:00-03:00,2021-05-10 12:15:00-03:00,long,5236.0,5254.5,18.5,181.0,take_profit
2021-05-10,2021-05-11 06:00:00-03:00,2021-05-11 06:15:00-03:00,short,5247.5,5232.0,15.5,151.0,target_gap_open
2021-05-11,2021-05-11 09:15:00-03:00,2021-05-11 12:30:00-03:00,short,5228.0,5242.5,-14.5,-149.0,stop_loss
2021-05-13,2021-05-13 09:30:00-03:00,2021-05-13 10:00:00-03:00,long,5300.5,5282.0,-18.5,-189.0,stop_loss
2021-05-13,2021-05-13 10:15:00-03:00,2021-05-13 11:15:00-03:00,short,5282.5,5300.0,-17.5,-179.0,stop_loss
2021-05-13,2021-05-13 11:30:00-03:00,2021-05-13 11:45:00-03:00,long,5304.0,5331.0,27.0,266.0,target_gap_open
2021-05-14,2021-05-14 14:15:00-03:00,2021-05-14 14:30:00-03:00,long,5286.5,5276.0,-10.5,-109.0,stop_loss
2021-05-17,2021-05-18 06:00:00-03:00,2021-05-18 06:15:00-03:00,long,5270.0,5249.5,-20.5,-209.0,stop_gap_open
2021-05-18,2021-05-18 09:15:00-03:00,2021-05-18 11:30:00-03:00,short,5252.0,5265.5,-13.5,-139.0,stop_loss
2021-05-18,2021-05-18 14:30:00-03:00,2021-05-19 06:00:00-03:00,long,5263.0,5292.5,29.5,291.0,target_gap_open
2021-05-19,2021-05-19 10:30:00-03:00,2021-05-19 11:45:00-03:00,short,5274.5,5286.5,-12.0,-124.0,stop_loss
2021-05-19,2021-05-19 12:15:00-03:00,2021-05-19 12:30:00-03:00,long,5305.5,5292.5,-13.0,-134.0,stop_gap_open
2021-05-25,2021-05-25 11:45:00-03:00,2021-05-25 12:00:00-03:00,long,5322.5,5335.0,12.5,121.0,take_profit
2021-05-31,2021-05-31 12:15:00-03:00,2021-06-01 06:00:00-03:00,short,5233.5,5213.5,20.0,196.0,target_gap_open
2021-06-07,2021-06-07 09:15:00-03:00,2021-06-07 09:45:00-03:00,short,5055.5,5038.5,17.0,166.0,take_profit
2021-06-07,2021-06-08 06:00:00-03:00,2021-06-08 06:15:00-03:00,long,5055.0,5045.0,-10.0,-104.0,stop_gap_open
2021-06-08,2021-06-08 09:15:00-03:00,2021-06-08 12:30:00-03:00,short,5047.0,5058.0,-11.0,-114.0,stop_loss
2021-06-08,2021-06-08 14:30:00-03:00,2021-06-08 14:45:00-03:00,long,5053.5,5045.5,-8.0,-84.0,stop_loss
2021-06-08,2021-06-09 06:00:00-03:00,2021-06-09 06:15:00-03:00,short,5036.0,5044.0,-8.0,-84.0,stop_loss
2021-06-10,2021-06-10 09:15:00-03:00,2021-06-10 10:30:00-03:00,long,5081.5,5102.0,20.5,201.0,take_profit
2021-06-10,2021-06-10 14:45:00-03:00,2021-06-11 06:00:00-03:00,short,5077.0,5060.0,17.0,166.0,target_gap_open
2021-06-15,2021-06-15 11:45:00-03:00,2021-06-15 12:00:00-03:00,short,5080.0,5066.0,14.0,136.0,take_profit
2021-06-16,2021-06-16 12:30:00-03:00,2021-06-16 12:45:00-03:00,long,5053.5,5085.0,31.5,311.0,target_gap_open
2021-06-23,2021-06-23 12:30:00-03:00,2021-06-23 13:30:00-03:00,long,4977.0,4964.5,-12.5,-129.0,stop_loss
2021-06-23,2021-06-23 14:30:00-03:00,2021-06-24 06:00:00-03:00,short,4965.5,4951.0,14.5,141.0,take_profit
2021-06-25,2021-06-28 06:00:00-03:00,2021-06-28 06:15:00-03:00,short,4951.0,4969.5,-18.5,-189.0,stop_gap_open
2021-06-28,2021-06-28 09:30:00-03:00,2021-06-28 09:45:00-03:00,long,4963.5,4949.5,-14.0,-144.0,stop_loss
2021-06-28,2021-06-28 12:00:00-03:00,2021-06-28 13:15:00-03:00,short,4937.5,4920.5,17.0,166.0,take_profit
2021-06-29,2021-06-29 10:30:00-03:00,2021-06-29 11:30:00-03:00,short,4943.5,4929.0,14.5,141.0,take_profit
2021-06-29,2021-06-29 14:45:00-03:00,2021-06-30 06:00:00-03:00,long,4942.0,4977.0,35.0,346.0,target_gap_open
2021-06-30,2021-06-30 13:15:00-03:00,2021-06-30 14:00:00-03:00,short,5001.0,4983.5,17.5,171.0,take_profit
2021-07-07,2021-07-07 12:45:00-03:00,2021-07-08 06:00:00-03:00,short,5245.0,5290.0,-45.0,-454.0,stop_gap_open
2021-07-08,2021-07-08 10:00:00-03:00,2021-07-08 11:15:00-03:00,short,5248.5,5269.5,-21.0,-214.0,stop_loss
2021-07-08,2021-07-08 13:15:00-03:00,2021-07-12 06:00:00-03:00,long,5271.5,5293.5,22.0,216.0,take_profit
2021-07-13,2021-07-13 14:00:00-03:00,2021-07-13 14:30:00-03:00,long,5192.5,5181.0,-11.5,-119.0,stop_loss
2021-07-13,2021-07-14 06:00:00-03:00,2021-07-14 06:15:00-03:00,short,5163.0,5140.0,23.0,226.0,target_gap_open
2021-07-16,2021-07-16 12:30:00-03:00,2021-07-19 06:00:00-03:00,long,5118.0,5165.0,47.0,466.0,target_gap_open
2021-07-20,2021-07-20 09:30:00-03:00,2021-07-20 09:45:00-03:00,short,5236.5,5211.5,25.0,246.0,take_profit
2021-07-21,2021-07-21 10:00:00-03:00,2021-07-21 11:15:00-03:00,short,5237.0,5215.0,22.0,216.0,take_profit
2021-07-22,2021-07-22 11:00:00-03:00,2021-07-22 11:15:00-03:00,short,5197.0,5210.5,-13.5,-139.0,stop_loss
2021-07-22,2021-07-22 11:45:00-03:00,2021-07-23 06:00:00-03:00,long,5208.5,5196.0,-12.5,-129.0,stop_loss
2021-07-23,2021-07-23 11:30:00-03:00,2021-07-23 11:45:00-03:00,long,5188.5,5204.5,16.0,156.0,take_profit
2021-07-27,2021-07-27 11:45:00-03:00,2021-07-27 14:45:00-03:00,long,5178.0,5176.5,-1.5,-19.0,opposite_cross
2021-07-27,2021-07-28 06:00:00-03:00,2021-07-28 06:15:00-03:00,short,5173.5,5161.5,12.0,116.0,target_gap_open
2021-07-28,2021-07-28 11:00:00-03:00,2021-07-28 12:00:00-03:00,long,5169.0,5186.0,17.0,166.0,take_profit
2021-07-28,2021-07-28 12:45:00-03:00,2021-07-28 13:45:00-03:00,short,5133.5,5111.5,22.0,216.0,take_profit
2021-07-29,2021-07-29 13:45:00-03:00,2021-07-30 06:00:00-03:00,long,5079.5,5098.5,19.0,186.0,target_gap_open
2021-08-02,2021-08-02 13:00:00-03:00,2021-08-02 14:00:00-03:00,long,5177.5,5197.5,20.0,196.0,take_profit
2021-08-03,2021-08-03 12:45:00-03:00,2021-08-03 13:15:00-03:00,short,5225.5,5202.0,23.5,231.0,take_profit
2021-08-04,2021-08-04 12:00:00-03:00,2021-08-04 14:45:00-03:00,short,5211.0,5187.0,24.0,236.0,take_profit
2021-08-05,2021-08-05 10:15:00-03:00,2021-08-05 11:30:00-03:00,long,5203.0,5228.5,25.5,251.0,take_profit
2021-08-09,2021-08-09 11:45:00-03:00,2021-08-09 13:00:00-03:00,short,5237.5,5256.0,-18.5,-189.0,stop_loss
2021-08-12,2021-08-12 10:45:00-03:00,2021-08-12 12:15:00-03:00,short,5240.0,5253.0,-13.0,-134.0,stop_loss
2021-08-12,2021-08-12 12:45:00-03:00,2021-08-12 14:15:00-03:00,long,5256.0,5274.0,18.0,176.0,take_profit
2021-08-13,2021-08-13 09:30:00-03:00,2021-08-13 11:45:00-03:00,short,5238.5,5254.5,-16.0,-164.0,stop_loss
2021-08-13,2021-08-13 13:45:00-03:00,2021-08-16 06:00:00-03:00,long,5256.0,5286.0,30.0,296.0,target_gap_open
2021-08-16,2021-08-16 11:30:00-03:00,2021-08-16 12:30:00-03:00,long,5266.0,5284.0,18.0,176.0,take_profit
2021-08-17,2021-08-17 10:45:00-03:00,2021-08-17 11:45:00-03:00,long,5290.5,5313.0,22.5,221.0,take_profit
2021-08-19,2021-08-19 11:30:00-03:00,2021-08-19 11:45:00-03:00,short,5397.0,5418.0,-21.0,-214.0,stop_loss
2021-08-19,2021-08-19 12:00:00-03:00,2021-08-20 06:00:00-03:00,long,5423.0,5454.0,31.0,306.0,take_profit
2021-08-20,2021-08-20 09:15:00-03:00,2021-08-20 13:15:00-03:00,short,5412.5,5384.0,28.5,281.0,take_profit
2021-08-23,2021-08-23 09:30:00-03:00,2021-08-23 10:00:00-03:00,long,5405.5,5389.0,-16.5,-169.0,stop_loss
2021-08-23,2021-08-23 11:15:00-03:00,2021-08-23 11:30:00-03:00,short,5381.5,5395.5,-14.0,-144.0,stop_loss
2021-08-23,2021-08-23 13:00:00-03:00,2021-08-23 14:00:00-03:00,short,5382.5,5395.5,-13.0,-134.0,stop_loss
2021-08-23,2021-08-23 14:30:00-03:00,2021-08-24 06:00:00-03:00,long,5390.5,5368.5,-22.0,-224.0,stop_gap_open
2021-08-31,2021-08-31 11:15:00-03:00,2021-08-31 14:45:00-03:00,long,5187.0,5173.0,-14.0,-144.0,stop_loss
2021-08-31,2021-09-01 06:00:00-03:00,2021-09-01 07:15:00-03:00,short,5177.0,5188.5,-11.5,-119.0,stop_loss
2021-09-01,2021-09-01 09:45:00-03:00,2021-09-01 10:15:00-03:00,long,5200.5,5187.0,-13.5,-139.0,stop_loss
2021-09-02,2021-09-02 12:45:00-03:00,2021-09-03 06:00:00-03:00,long,5204.0,5192.5,-11.5,-119.0,stop_gap_open
2021-09-03,2021-09-03 10:00:00-03:00,2021-09-03 10:45:00-03:00,short,5188.5,5196.0,-7.5,-79.0,opposite_cross
2021-09-03,2021-09-03 11:00:00-03:00,2021-09-03 14:15:00-03:00,long,5197.5,5216.5,19.0,186.0,take_profit
2021-09-06,2021-09-06 13:45:00-03:00,2021-09-06 14:45:00-03:00,long,5193.5,5187.0,-6.5,-69.0,stop_loss
2021-09-06,2021-09-08 06:00:00-03:00,2021-09-08 06:15:00-03:00,short,5211.5,5236.5,-25.0,-254.0,stop_gap_open
2021-09-09,2021-09-09 12:00:00-03:00,2021-09-09 13:30:00-03:00,long,5322.0,5305.5,-16.5,-169.0,stop_loss
2021-09-09,2021-09-09 13:45:00-03:00,2021-09-10 06:00:00-03:00,short,5238.0,5179.0,59.0,586.0,target_gap_open
2021-09-10,2021-09-10 11:30:00-03:00,2021-09-13 06:00:00-03:00,long,5263.5,5247.0,-16.5,-169.0,stop_loss
2021-09-13,2021-09-13 12:30:00-03:00,2021-09-13 13:45:00-03:00,long,5249.5,5237.0,-12.5,-129.0,stop_loss
2021-09-13,2021-09-13 14:30:00-03:00,2021-09-14 06:00:00-03:00,short,5235.5,5250.0,-14.5,-149.0,stop_gap_open
2021-09-14,2021-09-14 09:45:00-03:00,2021-09-14 10:15:00-03:00,short,5233.0,5246.5,-13.5,-139.0,stop_loss
2021-09-14,2021-09-14 10:30:00-03:00,2021-09-14 13:00:00-03:00,long,5247.5,5267.0,19.5,191.0,take_profit
2021-09-15,2021-09-15 11:00:00-03:00,2021-09-15 11:15:00-03:00,short,5260.0,5270.5,-10.5,-109.0,stop_loss
2021-09-15,2021-09-15 11:30:00-03:00,2021-09-15 11:45:00-03:00,long,5271.5,5261.0,-10.5,-109.0,stop_loss
2021-09-15,2021-09-15 13:00:00-03:00,2021-09-15 13:30:00-03:00,short,5263.5,5247.5,16.0,156.0,take_profit
2021-09-17,2021-09-17 11:00:00-03:00,2021-09-17 11:45:00-03:00,short,5296.5,5308.5,-12.0,-124.0,stop_loss
2021-09-20,2021-09-20 14:45:00-03:00,2021-09-21 06:00:00-03:00,short,5339.5,5318.5,21.0,206.0,take_profit
2021-09-22,2021-09-22 13:00:00-03:00,2021-09-22 13:15:00-03:00,long,5316.0,5301.5,-14.5,-149.0,stop_loss
2021-09-29,2021-09-29 11:45:00-03:00,2021-09-29 12:45:00-03:00,long,5438.5,5427.0,-11.5,-119.0,stop_loss
2021-09-29,2021-09-29 14:45:00-03:00,2021-09-30 06:00:00-03:00,short,5421.0,5431.5,-10.5,-109.0,stop_gap_open
2021-10-06,2021-10-06 12:30:00-03:00,2021-10-07 06:00:00-03:00,short,5514.0,5491.5,22.5,221.0,target_gap_open
2021-10-07,2021-10-07 11:45:00-03:00,2021-10-07 12:45:00-03:00,short,5515.5,5526.5,-11.0,-114.0,stop_loss
2021-10-07,2021-10-07 14:00:00-03:00,2021-10-07 14:15:00-03:00,long,5534.5,5525.0,-9.5,-99.0,stop_loss
2021-10-08,2021-10-08 12:45:00-03:00,2021-10-08 13:30:00-03:00,short,5524.5,5535.5,-11.0,-114.0,stop_loss
2021-10-08,2021-10-08 14:15:00-03:00,2021-10-08 14:45:00-03:00,long,5537.0,5527.0,-10.0,-104.0,stop_loss
2021-10-13,2021-10-13 12:30:00-03:00,2021-10-13 14:45:00-03:00,short,5524.0,5538.0,-14.0,-144.0,stop_loss
2021-10-14,2021-10-14 10:30:00-03:00,2021-10-14 12:30:00-03:00,long,5525.0,5545.0,20.0,196.0,take_profit
2021-10-15,2021-10-18 06:00:00-03:00,2021-10-18 06:15:00-03:00,long,5480.0,5497.5,17.5,171.0,target_gap_open
2021-10-18,2021-10-18 12:45:00-03:00,2021-10-18 13:30:00-03:00,short,5520.0,5529.0,-9.0,-94.0,stop_loss
2021-10-18,2021-10-18 13:45:00-03:00,2021-10-19 06:00:00-03:00,long,5529.5,5555.0,25.5,251.0,target_gap_open
2021-10-20,2021-10-20 14:15:00-03:00,2021-10-20 14:30:00-03:00,long,5579.5,5599.5,20.0,196.0,take_profit
2021-10-22,2021-10-22 11:30:00-03:00,2021-10-22 13:00:00-03:00,short,5678.0,5648.0,30.0,296.0,take_profit
2021-10-26,2021-10-26 12:30:00-03:00,2021-10-27 06:00:00-03:00,short,5574.5,5556.5,18.0,176.0,take_profit
2021-10-27,2021-10-27 09:15:00-03:00,2021-10-27 10:15:00-03:00,long,5593.0,5578.0,-15.0,-154.0,stop_loss
2021-10-27,2021-10-27 12:30:00-03:00,2021-10-27 13:00:00-03:00,short,5562.5,5573.5,-11.0,-114.0,stop_loss
2021-10-29,2021-10-29 13:00:00-03:00,2021-10-29 13:15:00-03:00,short,5646.0,5664.0,-18.0,-184.0,stop_loss
2021-10-29,2021-10-29 13:30:00-03:00,2021-10-29 14:45:00-03:00,long,5680.5,5662.0,-18.5,-189.0,stop_loss
2021-11-04,2021-11-04 10:45:00-03:00,2021-11-04 14:15:00-03:00,long,5641.5,5626.0,-15.5,-159.0,stop_loss
2021-11-04,2021-11-05 06:00:00-03:00,2021-11-05 06:30:00-03:00,short,5624.0,5607.0,17.0,166.0,take_profit
2021-11-08,2021-11-08 09:45:00-03:00,2021-11-08 15:15:00-03:00,short,5572.0,5568.5,3.5,31.0,time_cutoff
2021-11-10,2021-11-10 10:30:00-03:00,2021-11-10 10:45:00-03:00,long,5501.0,5486.0,-15.0,-154.0,stop_loss
2021-11-19,2021-11-19 10:45:00-03:00,2021-11-19 11:30:00-03:00,long,5577.0,5596.5,19.5,191.0,take_profit
2021-11-22,2021-11-22 12:15:00-03:00,2021-11-22 12:30:00-03:00,long,5602.5,5590.0,-12.5,-129.0,stop_loss
2021-11-23,2021-11-23 12:45:00-03:00,2021-11-23 14:30:00-03:00,short,5622.0,5605.0,17.0,166.0,take_profit
2021-11-24,2021-11-24 09:15:00-03:00,2021-11-24 14:45:00-03:00,short,5599.5,5600.5,-1.0,-14.0,opposite_cross
2021-11-24,2021-11-24 15:00:00-03:00,2021-11-24 15:15:00-03:00,long,5606.0,5607.5,1.5,11.0,time_cutoff
2021-11-26,2021-11-26 11:30:00-03:00,2021-11-26 13:15:00-03:00,short,5588.0,5602.0,-14.0,-144.0,stop_loss
2021-11-26,2021-11-26 13:30:00-03:00,2021-11-26 15:15:00-03:00,long,5600.5,5609.5,9.0,86.0,time_cutoff
2021-11-29,2021-11-29 13:00:00-03:00,2021-11-29 13:15:00-03:00,short,5608.5,5619.0,-10.5,-109.0,stop_loss
2021-11-29,2021-11-29 14:15:00-03:00,2021-11-29 14:30:00-03:00,short,5606.5,5616.5,-10.0,-104.0,stop_loss
2021-11-30,2021-11-30 15:00:00-03:00,2021-11-30 15:15:00-03:00,short,5659.5,5639.5,20.0,196.0,take_profit
2021-12-01,2021-12-01 10:30:00-03:00,2021-12-01 11:30:00-03:00,long,5661.5,5678.5,17.0,166.0,take_profit
2021-12-02,2021-12-02 12:30:00-03:00,2021-12-02 14:30:00-03:00,long,5694.0,5681.0,-13.0,-134.0,stop_loss
2021-12-03,2021-12-03 09:15:00-03:00,2021-12-03 09:30:00-03:00,long,5709.5,5690.5,-19.0,-194.0,stop_gap_open
2021-12-14,2021-12-14 10:30:00-03:00,2021-12-14 11:45:00-03:00,long,5683.0,5701.0,18.0,176.0,take_profit
2021-12-15,2021-12-15 14:15:00-03:00,2021-12-15 15:15:00-03:00,short,5716.0,5703.0,13.0,126.0,time_cutoff
2021-12-16,2021-12-16 10:15:00-03:00,2021-12-16 10:30:00-03:00,short,5705.0,5678.0,27.0,266.0,target_gap_open
2021-12-16,2021-12-16 15:00:00-03:00,2021-12-16 15:15:00-03:00,long,5705.0,5705.5,0.5,1.0,time_cutoff
2021-12-17,2021-12-17 09:30:00-03:00,2021-12-17 10:15:00-03:00,short,5698.5,5679.0,19.5,191.0,take_profit
2021-12-17,2021-12-17 14:15:00-03:00,2021-12-17 14:30:00-03:00,long,5698.0,5701.0,3.0,26.0,opposite_cross
2021-12-17,2021-12-17 14:45:00-03:00,2021-12-17 15:00:00-03:00,short,5692.5,5702.0,-9.5,-99.0,stop_loss
2021-12-21,2021-12-21 13:45:00-03:00,2021-12-21 15:00:00-03:00,short,5749.0,5757.5,-8.5,-89.0,stop_loss
2021-12-23,2021-12-23 11:30:00-03:00,2021-12-23 15:15:00-03:00,short,5674.5,5683.0,-8.5,-89.0,time_cutoff
2021-12-28,2021-12-28 12:00:00-03:00,2021-12-28 12:15:00-03:00,long,5649.0,5639.5,-9.5,-99.0,stop_loss
2021-12-28,2021-12-28 13:00:00-03:00,2021-12-28 15:15:00-03:00,short,5636.5,5627.0,9.5,91.0,time_cutoff
2022-01-04,2022-01-04 09:15:00-03:00,2022-01-04 09:45:00-03:00,short,5684.5,5700.0,-15.5,-159.0,stop_loss
2022-01-04,2022-01-04 11:45:00-03:00,2022-01-04 13:45:00-03:00,long,5710.0,5730.5,20.5,201.0,take_profit
2022-01-05,2022-01-05 11:00:00-03:00,2022-01-05 11:15:00-03:00,long,5718.0,5706.0,-12.0,-124.0,stop_loss
2022-01-06,2022-01-06 10:30:00-03:00,2022-01-06 11:00:00-03:00,short,5727.5,5741.5,-14.0,-144.0,stop_loss
2022-01-06,2022-01-06 11:15:00-03:00,2022-01-06 11:30:00-03:00,long,5737.0,5724.0,-13.0,-134.0,stop_loss
2022-01-06,2022-01-06 11:45:00-03:00,2022-01-06 13:45:00-03:00,short,5725.0,5706.0,19.0,186.0,take_profit
2022-01-10,2022-01-10 13:45:00-03:00,2022-01-10 14:00:00-03:00,short,5698.0,5706.5,-8.5,-89.0,stop_loss
2022-01-13,2022-01-13 14:15:00-03:00,2022-01-13 14:30:00-03:00,long,5555.5,5545.5,-10.0,-104.0,stop_loss
2022-01-14,2022-01-14 13:00:00-03:00,2022-01-14 14:45:00-03:00,short,5541.0,5551.0,-10.0,-104.0,stop_loss
2022-01-17,2022-01-17 11:00:00-03:00,2022-01-17 11:15:00-03:00,long,5540.5,5531.0,-9.5,-99.0,stop_loss
2022-01-17,2022-01-17 11:45:00-03:00,2022-01-17 12:30:00-03:00,short,5530.0,5539.0,-9.0,-94.0,stop_loss
2022-01-17,2022-01-17 12:45:00-03:00,2022-01-17 15:15:00-03:00,long,5539.5,5531.0,-8.5,-89.0,stop_loss
2022-01-18,2022-01-18 09:30:00-03:00,2022-01-18 11:00:00-03:00,long,5545.5,5562.0,16.5,161.0,take_profit
2022-01-20,2022-01-20 14:30:00-03:00,2022-01-20 15:15:00-03:00,long,5438.5,5441.0,2.5,21.0,time_cutoff
2022-01-21,2022-01-21 12:00:00-03:00,2022-01-21 15:15:00-03:00,long,5456.5,5476.5,20.0,196.0,take_profit
2022-01-24,2022-01-24 15:15:00-03:00,2022-01-25 06:00:00-03:00,short,5495.0,5506.0,-11.0,-114.0,stop_gap_open
2022-01-26,2022-01-26 14:15:00-03:00,2022-01-26 15:00:00-03:00,long,5458.0,5442.0,-16.0,-164.0,stop_loss
2022-01-27,2022-01-27 10:30:00-03:00,2022-01-27 14:45:00-03:00,long,5426.0,5409.5,-16.5,-169.0,stop_loss
2022-01-27,2022-01-27 15:15:00-03:00,2022-01-28 06:00:00-03:00,short,5404.5,5430.0,-25.5,-259.0,stop_gap_open
2022-01-31,2022-01-31 09:15:00-03:00,2022-01-31 09:30:00-03:00,short,5389.5,5368.0,21.5,211.0,take_profit
2022-02-02,2022-02-02 13:00:00-03:00,2022-02-02 14:15:00-03:00,short,5317.0,5301.5,15.5,151.0,take_profit
2022-02-03,2022-02-03 09:45:00-03:00,2022-02-03 10:00:00-03:00,short,5307.5,5321.0,-13.5,-139.0,stop_gap_open
2022-02-03,2022-02-03 11:00:00-03:00,2022-02-03 13:00:00-03:00,long,5339.5,5326.0,-13.5,-139.0,stop_loss
2022-02-03,2022-02-03 13:30:00-03:00,2022-02-03 13:45:00-03:00,short,5327.0,5328.5,-1.5,-19.0,opposite_cross
2022-02-03,2022-02-03 14:00:00-03:00,2022-02-03 14:15:00-03:00,long,5329.5,5319.5,-10.0,-104.0,stop_loss
2022-02-04,2022-02-04 14:15:00-03:00,2022-02-04 15:15:00-03:00,short,5351.0,5360.5,-9.5,-99.0,stop_loss
2022-02-08,2022-02-08 09:30:00-03:00,2022-02-08 10:30:00-03:00,long,5305.0,5292.5,-12.5,-129.0,stop_loss
2022-02-08,2022-02-08 10:45:00-03:00,2022-02-08 11:00:00-03:00,short,5293.5,5297.0,-3.5,-39.0,opposite_cross
2022-02-08,2022-02-08 11:15:00-03:00,2022-02-08 12:45:00-03:00,long,5302.0,5291.5,-10.5,-109.0,stop_loss
2022-02-08,2022-02-08 13:00:00-03:00,2022-02-08 15:15:00-03:00,short,5293.0,5286.0,7.0,66.0,time_cutoff
2022-02-09,2022-02-09 10:15:00-03:00,2022-02-09 10:30:00-03:00,short,5289.0,5299.5,-10.5,-109.0,stop_loss
2022-02-10,2022-02-10 12:30:00-03:00,2022-02-10 14:00:00-03:00,long,5242.5,5268.0,25.5,251.0,take_profit
2022-02-11,2022-02-11 13:00:00-03:00,2022-02-11 14:00:00-03:00,long,5243.5,5267.5,24.0,236.0,take_profit
2022-02-14,2022-02-14 14:15:00-03:00,2022-02-14 15:15:00-03:00,long,5237.5,5234.5,-3.0,-34.0,time_cutoff
2022-02-18,2022-02-18 13:45:00-03:00,2022-02-18 15:15:00-03:00,long,5148.0,5147.0,-1.0,-14.0,time_cutoff
2022-02-21,2022-02-21 13:45:00-03:00,2022-02-21 15:15:00-03:00,long,5112.0,5108.0,-4.0,-44.0,time_cutoff
2022-02-24,2022-02-24 14:15:00-03:00,2022-02-24 14:30:00-03:00,short,5098.0,5115.5,-17.5,-179.0,stop_gap_open
2022-03-02,2022-03-02 11:30:00-03:00,2022-03-02 12:30:00-03:00,short,5190.0,5165.0,25.0,246.0,take_profit
2022-03-04,2022-03-04 12:15:00-03:00,2022-03-04 12:30:00-03:00,short,5098.0,5111.0,-13.0,-134.0,stop_loss
2022-03-04,2022-03-04 12:45:00-03:00,2022-03-04 14:45:00-03:00,long,5112.5,5109.5,-3.0,-34.0,opposite_cross
2022-03-04,2022-03-04 15:00:00-03:00,2022-03-04 15:15:00-03:00,short,5103.0,5100.0,3.0,26.0,time_cutoff
2022-03-07,2022-03-07 09:30:00-03:00,2022-03-07 11:45:00-03:00,long,5109.5,5130.0,20.5,201.0,take_profit
2022-03-08,2022-03-08 11:15:00-03:00,2022-03-08 12:00:00-03:00,short,5100.0,5080.0,20.0,196.0,take_profit
2022-03-09,2022-03-09 14:00:00-03:00,2022-03-09 14:15:00-03:00,long,5045.0,5035.5,-9.5,-99.0,stop_loss
2022-03-10,2022-03-10 12:30:00-03:00,2022-03-10 12:45:00-03:00,short,5064.5,5048.5,16.0,156.0,take_profit
2022-03-16,2022-03-16 12:30:00-03:00,2022-03-16 12:45:00-03:00,long,5163.5,5142.0,-21.5,-219.0,stop_gap_open
2022-03-18,2022-03-18 09:15:00-03:00,2022-03-18 09:30:00-03:00,short,5048.0,5061.5,-13.5,-139.0,stop_loss
2022-03-22,2022-03-22 10:30:00-03:00,2022-03-22 10:45:00-03:00,long,4952.5,4952.5,0.0,-4.0,opposite_cross
2022-03-22,2022-03-22 11:00:00-03:00,2022-03-22 12:30:00-03:00,short,4948.5,4931.5,17.0,166.0,take_profit
2022-03-24,2022-03-24 10:30:00-03:00,2022-03-24 11:45:00-03:00,long,4852.5,4835.0,-17.5,-179.0,stop_loss
2022-03-24,2022-03-24 13:15:00-03:00,2022-03-24 14:00:00-03:00,short,4832.0,4848.0,-16.0,-164.0,stop_loss
2022-03-24,2022-03-24 14:30:00-03:00,2022-03-25 06:00:00-03:00,long,4844.5,4830.0,-14.5,-149.0,stop_loss
2022-03-28,2022-03-28 11:45:00-03:00,2022-03-28 12:00:00-03:00,short,4784.5,4797.5,-13.0,-134.0,stop_gap_open
2022-03-28,2022-03-28 13:00:00-03:00,2022-03-28 13:30:00-03:00,short,4772.5,4786.5,-14.0,-144.0,stop_loss
2022-03-29,2022-03-29 11:00:00-03:00,2022-03-29 13:45:00-03:00,long,4771.5,4763.5,-8.0,-84.0,opposite_cross
2022-03-29,2022-03-29 14:00:00-03:00,2022-03-30 06:00:00-03:00,short,4761.0,4743.0,18.0,176.0,take_profit
2022-03-30,2022-03-30 09:15:00-03:00,2022-03-30 10:00:00-03:00,long,4782.5,4767.5,-15.0,-154.0,stop_loss
2022-03-31,2022-03-31 09:15:00-03:00,2022-03-31 09:45:00-03:00,long,4789.5,4773.5,-16.0,-164.0,stop_loss
2022-03-31,2022-03-31 10:00:00-03:00,2022-03-31 11:45:00-03:00,short,4763.0,4778.5,-15.5,-159.0,stop_loss
2022-03-31,2022-03-31 13:00:00-03:00,2022-03-31 14:15:00-03:00,long,4795.0,4784.5,-10.5,-109.0,stop_loss
2022-04-07,2022-04-07 13:45:00-03:00,2022-04-07 14:15:00-03:00,short,4764.0,4774.0,-10.0,-104.0,stop_loss
2022-04-07,2022-04-07 14:45:00-03:00,2022-04-08 06:00:00-03:00,long,4779.0,4769.0,-10.0,-104.0,stop_gap_open
2022-04-08,2022-04-08 10:15:00-03:00,2022-04-08 12:00:00-03:00,short,4769.0,4749.0,20.0,196.0,take_profit
2022-04-12,2022-04-12 10:45:00-03:00,2022-04-13 06:00:00-03:00,long,4700.5,4687.5,-13.0,-134.0,stop_loss
2022-04-13,2022-04-13 10:30:00-03:00,2022-04-13 11:45:00-03:00,short,4696.0,4707.5,-11.5,-119.0,stop_loss
2022-04-13,2022-04-13 13:30:00-03:00,2022-04-14 06:00:00-03:00,long,4705.5,4719.0,13.5,131.0,take_profit
2022-04-14,2022-04-14 12:00:00-03:00,2022-04-18 06:30:00-03:00,short,4713.0,4694.5,18.5,181.0,take_profit
2022-04-19,2022-04-19 14:30:00-03:00,2022-04-20 06:00:00-03:00,short,4685.0,4660.5,24.5,241.0,target_gap_open
2022-04-25,2022-04-25 13:00:00-03:00,2022-04-26 06:00:00-03:00,short,4887.5,4912.0,-24.5,-249.0,stop_gap_open
2022-04-27,2022-04-27 10:30:00-03:00,2022-04-27 11:00:00-03:00,short,4983.0,5002.0,-19.0,-194.0,stop_loss
2022-04-28,2022-04-28 10:30:00-03:00,2022-04-28 13:15:00-03:00,short,4977.5,4953.5,24.0,236.0,take_profit
2022-05-04,2022-05-04 10:45:00-03:00,2022-05-04 11:30:00-03:00,short,5038.0,5051.5,-13.5,-139.0,stop_loss
2022-05-04,2022-05-04 11:45:00-03:00,2022-05-04 12:00:00-03:00,long,5049.5,5036.5,-13.0,-134.0,stop_loss
2022-05-04,2022-05-04 12:15:00-03:00,2022-05-04 12:30:00-03:00,short,5020.0,5035.0,-15.0,-154.0,stop_loss
2022-05-06,2022-05-06 10:30:00-03:00,2022-05-06 11:15:00-03:00,short,5084.0,5105.0,-21.0,-214.0,stop_loss
2022-05-06,2022-05-06 11:45:00-03:00,2022-05-06 13:30:00-03:00,long,5115.5,5095.5,-20.0,-204.0,stop_loss
2022-05-10,2022-05-10 11:45:00-03:00,2022-05-11 06:00:00-03:00,short,5163.5,5130.0,33.5,331.0,target_gap_open
2022-05-11,2022-05-11 11:45:00-03:00,2022-05-11 14:15:00-03:00,long,5159.0,5183.0,24.0,236.0,take_profit
2022-05-12,2022-05-12 13:15:00-03:00,2022-05-12 13:30:00-03:00,long,5186.5,5171.5,-15.0,-154.0,stop_loss
2022-05-12,2022-05-12 14:30:00-03:00,2022-05-13 07:30:00-03:00,short,5161.0,5175.0,-14.0,-144.0,stop_loss
2022-05-16,2022-05-16 10:15:00-03:00,2022-05-16 12:00:00-03:00,long,5103.5,5084.5,-19.0,-194.0,stop_loss
2022-05-16,2022-05-16 12:30:00-03:00,2022-05-17 06:00:00-03:00,short,5075.0,5025.0,50.0,496.0,target_gap_open
2022-05-19,2022-05-19 14:15:00-03:00,2022-05-20 06:00:00-03:00,long,4940.0,4919.0,-21.0,-214.0,stop_gap_open
2022-05-20,2022-05-23 06:00:00-03:00,2022-05-23 06:15:00-03:00,long,4855.0,4843.5,-11.5,-119.0,stop_loss
2022-05-23,2022-05-23 14:30:00-03:00,2022-05-24 06:00:00-03:00,long,4826.0,4848.0,22.0,216.0,target_gap_open
2022-05-24,2022-05-24 09:15:00-03:00,2022-05-24 10:00:00-03:00,long,4852.0,4836.0,-16.0,-164.0,stop_loss
2022-05-24,2022-05-24 12:00:00-03:00,2022-05-24 12:45:00-03:00,short,4814.5,4828.0,-13.5,-139.0,stop_loss
2022-05-24,2022-05-24 13:30:00-03:00,2022-05-24 13:45:00-03:00,long,4829.0,4816.0,-13.0,-134.0,stop_loss
2022-05-24,2022-05-24 14:30:00-03:00,2022-05-25 06:00:00-03:00,long,4828.5,4850.0,21.5,211.0,target_gap_open
2022-05-25,2022-05-25 12:30:00-03:00,2022-05-25 12:45:00-03:00,short,4837.5,4818.0,19.5,191.0,take_profit
2022-05-30,2022-05-30 09:15:00-03:00,2022-05-30 12:45:00-03:00,long,4736.0,4754.5,18.5,181.0,take_profit
2022-06-02,2022-06-02 12:15:00-03:00,2022-06-03 06:00:00-03:00,long,4834.5,4860.0,25.5,251.0,target_gap_open
2022-06-03,2022-06-03 10:00:00-03:00,2022-06-03 10:30:00-03:00,long,4837.0,4825.0,-12.0,-124.0,stop_loss
2022-06-07,2022-06-07 12:15:00-03:00,2022-06-07 12:30:00-03:00,short,4894.5,4907.5,-13.0,-134.0,stop_loss
2022-06-07,2022-06-07 13:30:00-03:00,2022-06-08 06:15:00-03:00,long,4907.5,4925.0,17.5,171.0,take_profit
2022-06-08,2022-06-08 10:15:00-03:00,2022-06-08 11:30:00-03:00,long,4912.5,4934.5,22.0,216.0,take_profit
2022-06-09,2022-06-09 10:00:00-03:00,2022-06-09 12:45:00-03:00,short,4919.5,4929.5,-10.0,-104.0,opposite_cross
2022-06-09,2022-06-09 13:00:00-03:00,2022-06-09 13:45:00-03:00,long,4933.0,4951.5,18.5,181.0,take_profit
2022-06-14,2022-06-15 06:00:00-03:00,2022-06-15 06:45:00-03:00,short,5119.0,5131.0,-12.0,-124.0,stop_loss
2022-06-20,2022-06-20 10:15:00-03:00,2022-06-20 11:30:00-03:00,short,5166.5,5174.0,-7.5,-79.0,opposite_cross
2022-06-20,2022-06-20 11:45:00-03:00,2022-06-20 12:00:00-03:00,long,5176.5,5192.0,15.5,151.0,take_profit
2022-06-21,2022-06-21 13:15:00-03:00,2022-06-21 14:15:00-03:00,long,5166.0,5156.0,-10.0,-104.0,stop_loss
2022-06-21,2022-06-22 06:00:00-03:00,2022-06-22 06:30:00-03:00,short,5181.5,5167.5,14.0,136.0,take_profit
2022-06-22,2022-06-22 10:15:00-03:00,2022-06-22 11:45:00-03:00,long,5172.0,5158.0,-14.0,-144.0,stop_loss
2022-06-22,2022-06-22 12:00:00-03:00,2022-06-22 12:30:00-03:00,short,5158.5,5170.0,-11.5,-119.0,stop_loss
2022-06-22,2022-06-22 13:00:00-03:00,2022-06-22 14:00:00-03:00,long,5176.5,5194.0,17.5,171.0,take_profit
2022-06-27,2022-06-27 13:15:00-03:00,2022-06-28 06:00:00-03:00,long,5238.0,5227.0,-11.0,-114.0,stop_loss
2022-06-28,2022-06-28 09:30:00-03:00,2022-06-28 12:30:00-03:00,long,5256.5,5279.0,22.5,221.0,take_profit
2022-06-30,2022-06-30 10:45:00-03:00,2022-06-30 12:30:00-03:00,short,5238.5,5254.5,-16.0,-164.0,stop_loss
2022-06-30,2022-06-30 13:15:00-03:00,2022-06-30 14:30:00-03:00,long,5274.5,5295.0,20.5,201.0,take_profit
2022-07-04,2022-07-04 12:15:00-03:00,2022-07-04 14:45:00-03:00,long,5359.0,5373.0,14.0,136.0,take_profit
2022-07-06,2022-07-06 13:00:00-03:00,2022-07-06 14:45:00-03:00,short,5456.0,5469.5,-13.5,-139.0,stop_loss
2022-07-13,2022-07-13 13:45:00-03:00,2022-07-13 14:45:00-03:00,long,5433.5,5420.0,-13.5,-139.0,stop_loss
2022-07-14,2022-07-14 11:30:00-03:00,2022-07-15 06:45:00-03:00,short,5452.5,5426.5,26.0,256.0,take_profit
2022-07-15,2022-07-18 06:00:00-03:00,2022-07-18 06:30:00-03:00,long,5395.0,5386.0,-9.0,-94.0,stop_loss
2022-07-18,2022-07-18 12:00:00-03:00,2022-07-18 13:30:00-03:00,long,5428.0,5445.5,17.5,171.0,take_profit
2022-07-19,2022-07-19 13:00:00-03:00,2022-07-19 14:00:00-03:00,long,5420.5,5439.0,18.5,181.0,take_profit
2022-07-22,2022-07-22 11:30:00-03:00,2022-07-22 12:00:00-03:00,long,5492.5,5509.5,17.0,166.0,take_profit
2022-07-29,2022-07-29 13:30:00-03:00,2022-08-01 06:00:00-03:00,short,5226.5,5204.0,22.5,221.0,target_gap_open
2022-08-01,2022-08-01 11:15:00-03:00,2022-08-02 06:00:00-03:00,long,5227.5,5250.5,23.0,226.0,take_profit
2022-08-03,2022-08-03 10:45:00-03:00,2022-08-03 12:30:00-03:00,short,5310.0,5323.0,-13.0,-134.0,stop_loss
2022-08-03,2022-08-03 13:00:00-03:00,2022-08-03 13:45:00-03:00,long,5329.0,5317.5,-11.5,-119.0,stop_loss
2022-08-09,2022-08-09 14:45:00-03:00,2022-08-10 06:00:00-03:00,short,5161.5,5147.5,14.0,136.0,target_gap_open
2022-08-10,2022-08-10 12:45:00-03:00,2022-08-11 06:00:00-03:00,long,5118.0,5105.5,-12.5,-129.0,stop_loss
2022-08-15,2022-08-15 09:30:00-03:00,2022-08-15 11:45:00-03:00,short,5117.5,5131.0,-13.5,-139.0,stop_loss
2022-08-15,2022-08-15 12:15:00-03:00,2022-08-15 12:30:00-03:00,long,5136.5,5125.0,-11.5,-119.0,stop_loss
2022-08-15,2022-08-15 14:15:00-03:00,2022-08-16 06:00:00-03:00,short,5115.5,5143.5,-28.0,-284.0,stop_gap_open
2022-08-17,2022-08-17 12:15:00-03:00,2022-08-17 12:45:00-03:00,short,5171.5,5184.5,-13.0,-134.0,stop_loss
2022-08-18,2022-08-18 13:30:00-03:00,2022-08-19 06:00:00-03:00,short,5192.0,5219.0,-27.0,-274.0,stop_gap_open
2022-08-19,2022-08-19 11:00:00-03:00,2022-08-19 12:00:00-03:00,short,5206.0,5188.0,18.0,176.0,take_profit
2022-08-22,2022-08-22 09:45:00-03:00,2022-08-22 10:30:00-03:00,short,5191.5,5171.0,20.5,201.0,take_profit
2022-08-23,2022-08-23 14:45:00-03:00,2022-08-24 06:00:00-03:00,long,5118.5,5109.5,-9.0,-94.0,stop_loss
2022-08-24,2022-08-24 11:00:00-03:00,2022-08-25 06:00:00-03:00,long,5120.5,5101.0,-19.5,-199.0,stop_gap_open
2022-08-25,2022-08-25 09:45:00-03:00,2022-08-25 11:00:00-03:00,long,5133.5,5121.0,-12.5,-129.0,stop_loss
2022-08-25,2022-08-25 11:30:00-03:00,2022-08-25 12:15:00-03:00,short,5120.0,5132.0,-12.0,-124.0,stop_loss
2022-08-25,2022-08-25 12:45:00-03:00,2022-08-25 13:45:00-03:00,long,5131.0,5119.5,-11.5,-119.0,stop_loss
2022-08-25,2022-08-25 14:15:00-03:00,2022-08-26 06:30:00-03:00,short,5118.5,5103.0,15.5,151.0,take_profit
2022-09-08,2022-09-08 10:15:00-03:00,2022-09-08 10:30:00-03:00,long,5265.0,5249.0,-16.0,-164.0,stop_loss
2022-09-08,2022-09-08 11:15:00-03:00,2022-09-08 11:30:00-03:00,short,5248.5,5263.5,-15.0,-154.0,stop_loss
2022-09-08,2022-09-08 12:30:00-03:00,2022-09-09 06:00:00-03:00,short,5242.0,5212.0,30.0,296.0,target_gap_open
2022-09-14,2022-09-14 11:15:00-03:00,2022-09-14 14:15:00-03:00,long,5204.0,5201.0,-3.0,-34.0,opposite_cross
2022-09-14,2022-09-14 14:30:00-03:00,2022-09-15 06:00:00-03:00,short,5195.0,5204.5,-9.5,-99.0,stop_loss
2022-09-16,2022-09-16 13:00:00-03:00,2022-09-19 06:00:00-03:00,short,5277.0,5312.0,-35.0,-354.0,stop_gap_open
2022-09-21,2022-09-21 12:45:00-03:00,2022-09-21 13:00:00-03:00,short,5142.0,5159.5,-17.5,-179.0,stop_loss
2022-09-21,2022-09-21 14:45:00-03:00,2022-09-22 06:00:00-03:00,long,5184.0,5140.5,-43.5,-439.0,stop_gap_open
2022-09-22,2022-09-22 11:00:00-03:00,2022-09-22 11:30:00-03:00,short,5169.5,5149.0,20.5,201.0,take_profit
2022-09-27,2022-09-27 10:15:00-03:00,2022-09-27 12:00:00-03:00,long,5376.5,5359.0,-17.5,-179.0,stop_loss
2022-09-28,2022-09-28 14:30:00-03:00,2022-09-29 06:00:00-03:00,long,5363.5,5392.0,28.5,281.0,target_gap_open
2022-09-30,2022-09-30 11:45:00-03:00,2022-09-30 12:00:00-03:00,short,5383.0,5402.5,-19.5,-199.0,stop_loss
2022-09-30,2022-09-30 14:30:00-03:00,2022-10-03 06:00:00-03:00,long,5434.5,5300.0,-134.5,-1349.0,stop_gap_open
2022-10-04,2022-10-04 11:15:00-03:00,2022-10-04 12:00:00-03:00,long,5232.0,5214.0,-18.0,-184.0,stop_loss
2022-10-05,2022-10-05 11:45:00-03:00,2022-10-05 12:30:00-03:00,short,5229.5,5203.0,26.5,261.0,take_profit
2022-10-06,2022-10-06 09:15:00-03:00,2022-10-06 12:15:00-03:00,long,5228.5,5222.5,-6.0,-64.0,opposite_cross
2022-10-06,2022-10-06 12:30:00-03:00,2022-10-06 14:00:00-03:00,short,5223.5,5237.5,-14.0,-144.0,stop_loss
2022-10-07,2022-10-07 10:45:00-03:00,2022-10-07 12:30:00-03:00,short,5223.5,5239.0,-15.5,-159.0,stop_loss
2022-10-07,2022-10-07 13:30:00-03:00,2022-10-07 14:00:00-03:00,long,5248.5,5236.0,-12.5,-129.0,stop_loss
2022-10-07,2022-10-07 14:30:00-03:00,2022-10-10 06:00:00-03:00,short,5232.5,5215.0,17.5,171.0,target_gap_open
2022-10-10,2022-10-10 09:30:00-03:00,2022-10-10 09:45:00-03:00,long,5228.5,5221.0,-7.5,-79.0,opposite_cross
2022-10-10,2022-10-10 10:00:00-03:00,2022-10-10 10:15:00-03:00,short,5219.5,5223.5,-4.0,-44.0,opposite_cross
2022-10-10,2022-10-10 10:30:00-03:00,2022-10-10 11:45:00-03:00,long,5227.5,5214.5,-13.0,-134.0,stop_loss
2022-10-10,2022-10-10 12:00:00-03:00,2022-10-11 06:15:00-03:00,short,5214.5,5226.5,-12.0,-124.0,stop_loss
2022-10-13,2022-10-13 10:15:00-03:00,2022-10-13 11:15:00-03:00,short,5292.0,5254.0,38.0,376.0,take_profit
2022-10-13,2022-10-13 14:15:00-03:00,2022-10-13 14:45:00-03:00,long,5292.5,5287.0,-5.5,-59.0,opposite_cross
2022-10-13,2022-10-14 06:00:00-03:00,2022-10-14 06:15:00-03:00,short,5297.0,5312.0,-15.0,-154.0,stop_loss
2022-10-17,2022-10-17 12:15:00-03:00,2022-10-17 12:45:00-03:00,long,5313.0,5302.0,-11.0,-114.0,stop_loss
2022-10-18,2022-10-18 09:45:00-03:00,2022-10-18 11:15:00-03:00,long,5298.5,5284.0,-14.5,-149.0,stop_loss
2022-10-18,2022-10-18 11:30:00-03:00,2022-10-18 13:45:00-03:00,short,5283.5,5262.0,21.5,211.0,take_profit
2022-10-19,2022-10-19 12:30:00-03:00,2022-10-19 14:30:00-03:00,short,5282.5,5294.0,-11.5,-119.0,stop_loss
2022-10-25,2022-10-25 09:45:00-03:00,2022-10-25 10:45:00-03:00,short,5294.5,5310.5,-16.0,-164.0,stop_loss
2022-10-25,2022-10-25 12:00:00-03:00,2022-10-26 06:00:00-03:00,long,5316.0,5297.0,-19.0,-194.0,stop_gap_open
2022-10-27,2022-10-27 14:15:00-03:00,2022-10-27 14:30:00-03:00,long,5336.0,5364.0,28.0,276.0,take_profit
2022-10-28,2022-10-28 11:45:00-03:00,2022-10-28 13:00:00-03:00,short,5334.0,5308.0,26.0,256.0,take_profit
2022-11-01,2022-11-03 06:00:00-03:00,2022-11-03 06:30:00-03:00,long,5220.0,5253.5,33.5,331.0,take_profit
2022-11-03,2022-11-03 09:15:00-03:00,2022-11-04 06:00:00-03:00,short,5151.0,5090.0,61.0,606.0,target_gap_open
2022-11-04,2022-11-04 14:30:00-03:00,2022-11-07 06:00:00-03:00,long,5091.0,5112.0,21.0,206.0,take_profit
2022-11-08,2022-11-08 09:30:00-03:00,2022-11-08 12:15:00-03:00,short,5174.0,5193.5,-19.5,-199.0,stop_loss
2022-11-09,2022-11-09 10:15:00-03:00,2022-11-09 12:45:00-03:00,short,5177.0,5181.5,-4.5,-49.0,opposite_cross
2022-11-09,2022-11-09 13:00:00-03:00,2022-11-09 14:30:00-03:00,long,5185.5,5209.5,24.0,236.0,take_profit
2022-11-11,2022-11-11 11:45:00-03:00,2022-11-11 14:45:00-03:00,long,5368.5,5342.5,-26.0,-264.0,stop_loss
2022-11-14,2022-11-14 12:00:00-03:00,2022-11-14 13:00:00-03:00,short,5331.0,5342.5,-11.5,-119.0,opposite_cross
2022-11-14,2022-11-14 13:15:00-03:00,2022-11-14 13:30:00-03:00,long,5342.0,5326.0,-16.0,-164.0,stop_loss
2022-11-14,2022-11-14 13:45:00-03:00,2022-11-14 14:00:00-03:00,short,5305.0,5324.0,-19.0,-194.0,stop_loss
2022-11-14,2022-11-14 15:15:00-03:00,2022-11-16 06:00:00-03:00,long,5348.5,5375.5,27.0,266.0,take_profit
2022-11-16,2022-11-16 09:15:00-03:00,2022-11-16 09:30:00-03:00,long,5359.5,5336.5,-23.0,-234.0,stop_loss
2022-11-17,2022-11-17 13:15:00-03:00,2022-11-17 13:45:00-03:00,short,5457.5,5430.0,27.5,271.0,take_profit
2022-11-18,2022-11-18 14:00:00-03:00,2022-11-18 15:15:00-03:00,long,5389.5,5393.5,4.0,36.0,time_cutoff
2022-11-21,2022-11-21 09:45:00-03:00,2022-11-21 10:15:00-03:00,long,5369.0,5350.5,-18.5,-189.0,stop_loss
2022-11-21,2022-11-21 10:45:00-03:00,2022-11-21 12:00:00-03:00,short,5352.0,5325.0,27.0,266.0,take_profit
2022-11-23,2022-11-23 13:30:00-03:00,2022-11-23 15:15:00-03:00,short,5375.5,5361.5,14.0,136.0,time_cutoff
2022-11-30,2022-11-30 10:00:00-03:00,2022-11-30 12:00:00-03:00,short,5292.0,5268.5,23.5,231.0,take_profit
2022-12-01,2022-12-01 13:30:00-03:00,2022-12-01 15:00:00-03:00,long,5234.5,5219.5,-15.0,-154.0,stop_loss
2022-12-02,2022-12-02 09:30:00-03:00,2022-12-02 09:45:00-03:00,long,5236.0,5263.0,27.0,266.0,take_profit
2022-12-06,2022-12-06 12:15:00-03:00,2022-12-06 13:00:00-03:00,long,5289.5,5278.5,-11.0,-114.0,stop_loss
2022-12-06,2022-12-06 15:15:00-03:00,2022-12-07 06:00:00-03:00,short,5261.5,5291.0,-29.5,-299.0,stop_gap_open
2022-12-08,2022-12-08 12:15:00-03:00,2022-12-08 12:30:00-03:00,long,5242.5,5230.5,-12.0,-124.0,stop_loss
2022-12-09,2022-12-09 09:45:00-03:00,2022-12-09 10:45:00-03:00,short,5245.5,5260.5,-15.0,-154.0,stop_loss
2022-12-09,2022-12-09 11:30:00-03:00,2022-12-09 13:15:00-03:00,long,5273.0,5260.5,-12.5,-129.0,stop_loss
2022-12-12,2022-12-12 14:30:00-03:00,2022-12-12 15:00:00-03:00,short,5325.5,5336.0,-10.5,-109.0,stop_loss
2022-12-13,2022-12-13 13:00:00-03:00,2022-12-13 13:30:00-03:00,long,5319.5,5342.5,23.0,226.0,take_profit
2022-12-14,2022-12-14 10:45:00-03:00,2022-12-14 11:30:00-03:00,short,5321.0,5338.0,-17.0,-174.0,stop_loss
2022-12-15,2022-12-15 11:45:00-03:00,2022-12-15 13:00:00-03:00,short,5318.5,5336.0,-17.5,-179.0,stop_loss
2022-12-15,2022-12-15 14:15:00-03:00,2022-12-15 15:15:00-03:00,long,5336.0,5322.5,-13.5,-139.0,stop_loss
2022-12-16,2022-12-16 13:00:00-03:00,2022-12-16 15:00:00-03:00,long,5314.0,5329.5,15.5,151.0,take_profit
2022-12-19,2022-12-19 10:00:00-03:00,2022-12-19 11:00:00-03:00,short,5315.5,5328.5,-13.0,-134.0,stop_loss
2022-12-19,2022-12-19 11:30:00-03:00,2022-12-19 12:00:00-03:00,long,5325.5,5314.5,-11.0,-114.0,stop_loss
2022-12-19,2022-12-19 12:30:00-03:00,2022-12-19 13:30:00-03:00,short,5311.0,5323.5,-12.5,-129.0,stop_loss
2022-12-21,2022-12-21 09:30:00-03:00,2022-12-21 10:45:00-03:00,long,5215.0,5199.0,-16.0,-164.0,stop_loss
2022-12-21,2022-12-21 13:45:00-03:00,2022-12-21 15:15:00-03:00,long,5206.5,5209.0,2.5,21.0,time_cutoff
2022-12-22,2022-12-22 14:00:00-03:00,2022-12-22 14:15:00-03:00,long,5191.5,5180.5,-11.0,-114.0,stop_loss
2022-12-22,2022-12-22 14:30:00-03:00,2022-12-22 15:15:00-03:00,short,5183.5,5181.5,2.0,16.0,time_cutoff
2022-12-23,2022-12-23 12:30:00-03:00,2022-12-23 13:15:00-03:00,long,5172.5,5161.0,-11.5,-119.0,stop_loss
2022-12-28,2022-12-28 15:15:00-03:00,2022-12-29 06:00:00-03:00,long,5264.5,5280.0,15.5,151.0,target_gap_open
2022-12-29,2022-12-29 09:45:00-03:00,2022-12-29 11:00:00-03:00,long,5274.0,5294.5,20.5,201.0,take_profit
2023-01-04,2023-01-04 10:45:00-03:00,2023-01-04 11:15:00-03:00,short,5475.0,5491.5,-16.5,-169.0,stop_loss
2023-01-04,2023-01-04 12:30:00-03:00,2023-01-04 14:15:00-03:00,long,5481.0,5482.0,1.0,6.0,opposite_cross
2023-01-04,2023-01-04 14:30:00-03:00,2023-01-04 15:15:00-03:00,short,5474.0,5463.5,10.5,101.0,time_cutoff
2023-01-09,2023-01-09 11:30:00-03:00,2023-01-09 15:15:00-03:00,short,5283.5,5280.0,3.5,31.0,time_cutoff
2023-01-13,2023-01-13 14:15:00-03:00,2023-01-13 15:15:00-03:00,long,5122.0,5111.0,-11.0,-114.0,stop_loss
2023-01-18,2023-01-18 10:15:00-03:00,2023-01-18 11:00:00-03:00,long,5131.0,5152.0,21.0,206.0,take_profit
2023-01-19,2023-01-19 12:45:00-03:00,2023-01-19 13:15:00-03:00,short,5202.0,5179.5,22.5,221.0,take_profit
2023-01-20,2023-01-20 12:00:00-03:00,2023-01-20 12:30:00-03:00,short,5200.0,5214.0,-14.0,-144.0,stop_loss
2023-01-20,2023-01-20 14:00:00-03:00,2023-01-20 15:15:00-03:00,long,5219.0,5221.5,2.5,21.0,time_cutoff
2023-01-23,2023-01-23 13:30:00-03:00,2023-01-23 15:15:00-03:00,long,5205.5,5208.5,3.0,26.0,time_cutoff
2023-01-26,2023-01-26 09:30:00-03:00,2023-01-26 09:45:00-03:00,short,5074.5,5089.5,-15.0,-154.0,stop_loss
2023-01-30,2023-01-30 11:15:00-03:00,2023-01-30 11:30:00-03:00,long,5111.0,5127.0,16.0,156.0,target_gap_open
2023-02-01,2023-02-01 10:00:00-03:00,2023-02-01 11:15:00-03:00,long,5099.0,5114.5,15.5,151.0,take_profit
2023-02-01,2023-02-01 13:45:00-03:00,2023-02-01 15:15:00-03:00,short,5075.5,5071.0,4.5,41.0,time_cutoff
2023-02-02,2023-02-02 12:45:00-03:00,2023-02-02 13:30:00-03:00,long,5043.5,5064.5,21.0,206.0,take_profit
2023-02-06,2023-02-06 13:30:00-03:00,2023-02-06 14:30:00-03:00,short,5196.0,5180.5,15.5,151.0,take_profit
2023-02-07,2023-02-07 12:00:00-03:00,2023-02-07 12:15:00-03:00,short,5177.0,5196.0,-19.0,-194.0,stop_gap_open
2023-02-07,2023-02-07 12:30:00-03:00,2023-02-07 15:15:00-03:00,long,5213.0,5236.0,23.0,226.0,take_profit
2023-02-08,2023-02-08 12:45:00-03:00,2023-02-08 15:15:00-03:00,short,5214.0,5215.5,-1.5,-19.0,time_cutoff
2023-02-14,2023-02-14 11:00:00-03:00,2023-02-14 11:30:00-03:00,long,5185.0,5208.5,23.5,231.0,take_profit
2023-02-15,2023-02-15 15:15:00-03:00,2023-02-16 06:15:00-03:00,short,5222.0,5233.0,-11.0,-114.0,stop_loss
2023-02-16,2023-02-16 11:15:00-03:00,2023-02-16 12:00:00-03:00,short,5237.5,5219.5,18.0,176.0,take_profit
2023-02-22,2023-02-22 10:30:00-03:00,2023-02-22 11:15:00-03:00,long,5204.5,5194.5,-10.0,-104.0,stop_loss
2023-02-22,2023-02-22 12:45:00-03:00,2023-02-22 13:30:00-03:00,short,5167.5,5178.5,-11.0,-114.0,stop_loss
2023-02-27,2023-02-27 09:15:00-03:00,2023-02-27 09:30:00-03:00,short,5180.0,5194.0,-14.0,-144.0,stop_loss
2023-02-27,2023-02-27 10:30:00-03:00,2023-02-27 12:15:00-03:00,long,5203.0,5189.5,-13.5,-139.0,stop_loss
2023-02-27,2023-02-27 12:30:00-03:00,2023-02-27 12:45:00-03:00,short,5174.0,5189.5,-15.5,-159.0,stop_gap_open
2023-02-27,2023-02-27 14:00:00-03:00,2023-02-27 15:15:00-03:00,long,5208.5,5203.5,-5.0,-54.0,time_cutoff
2023-03-02,2023-03-02 11:45:00-03:00,2023-03-02 12:30:00-03:00,short,5235.0,5220.5,14.5,141.0,take_profit
2023-03-02,2023-03-02 14:15:00-03:00,2023-03-02 15:15:00-03:00,long,5238.0,5242.0,4.0,36.0,time_cutoff
2023-03-03,2023-03-03 12:00:00-03:00,2023-03-03 15:15:00-03:00,short,5232.5,5229.5,3.0,26.0,time_cutoff
2023-03-06,2023-03-06 09:15:00-03:00,2023-03-06 09:30:00-03:00,short,5220.0,5206.5,13.5,131.0,take_profit
2023-03-09,2023-03-09 09:45:00-03:00,2023-03-09 11:00:00-03:00,long,5164.5,5182.0,17.5,171.0,take_profit
2023-03-09,2023-03-09 12:45:00-03:00,2023-03-09 13:45:00-03:00,short,5154.0,5164.5,-10.5,-109.0,stop_loss
2023-03-09,2023-03-09 14:15:00-03:00,2023-03-09 14:30:00-03:00,long,5174.5,5191.0,16.5,161.0,target_gap_open
2023-03-10,2023-03-10 10:00:00-03:00,2023-03-10 10:15:00-03:00,short,5181.0,5195.5,-14.5,-149.0,stop_loss
2023-03-10,2023-03-10 10:30:00-03:00,2023-03-10 11:30:00-03:00,long,5198.0,5219.0,21.0,206.0,take_profit
2023-03-13,2023-03-13 09:30:00-03:00,2023-03-13 09:45:00-03:00,short,5236.5,5256.0,-19.5,-199.0,stop_gap_open
2023-03-14,2023-03-14 10:00:00-03:00,2023-03-14 10:30:00-03:00,long,5277.5,5264.5,-13.0,-134.0,stop_loss
2023-03-15,2023-03-15 13:30:00-03:00,2023-03-16 06:00:00-03:00,short,5312.0,5292.5,19.5,191.0,take_profit
2023-03-16,2023-03-16 10:00:00-03:00,2023-03-16 11:15:00-03:00,short,5299.0,5279.5,19.5,191.0,take_profit
2023-03-21,2023-03-21 10:15:00-03:00,2023-03-21 10:30:00-03:00,long,5256.0,5253.0,-3.0,-34.0,opposite_cross
2023-03-21,2023-03-21 10:45:00-03:00,2023-03-21 11:30:00-03:00,short,5250.0,5258.5,-8.5,-89.0,stop_loss
2023-03-21,2023-03-21 12:15:00-03:00,2023-03-21 12:30:00-03:00,long,5255.5,5256.0,0.5,1.0,opposite_cross
2023-03-21,2023-03-21 12:45:00-03:00,2023-03-21 13:30:00-03:00,short,5249.5,5256.5,-7.0,-74.0,stop_loss
2023-03-21,2023-03-21 14:00:00-03:00,2023-03-22 06:15:00-03:00,long,5257.0,5267.5,10.5,101.0,take_profit
2023-03-22,2023-03-22 12:15:00-03:00,2023-03-22 12:30:00-03:00,short,5254.5,5239.0,15.5,151.0,target_gap_open
2023-03-29,2023-03-29 13:00:00-03:00,2023-03-29 13:15:00-03:00,long,5154.5,5145.0,-9.5,-99.0,stop_loss
2023-03-30,2023-03-30 09:30:00-03:00,2023-03-30 13:45:00-03:00,short,5121.0,5095.0,26.0,256.0,take_profit
2023-03-31,2023-03-31 13:00:00-03:00,2023-03-31 13:15:00-03:00,long,5097.5,5098.0,0.5,1.0,opposite_cross
2023-03-31,2023-03-31 13:30:00-03:00,2023-04-03 06:00:00-03:00,short,5093.0,5078.5,14.5,141.0,target_gap_open
2023-04-03,2023-04-03 10:45:00-03:00,2023-04-03 11:00:00-03:00,long,5093.0,5083.5,-9.5,-99.0,stop_loss
2023-04-04,2023-04-04 14:30:00-03:00,2023-04-04 14:45:00-03:00,short,5097.0,5089.0,8.0,76.0,take_profit
2023-04-05,2023-04-05 13:00:00-03:00,2023-04-05 13:30:00-03:00,long,5081.5,5073.5,-8.0,-84.0,stop_loss
2023-04-05,2023-04-05 13:45:00-03:00,2023-04-05 14:45:00-03:00,short,5070.0,5059.0,11.0,106.0,take_profit
2023-04-06,2023-04-06 11:30:00-03:00,2023-04-10 06:00:00-03:00,short,5073.5,5062.0,11.5,111.0,take_profit
2023-04-10,2023-04-10 11:45:00-03:00,2023-04-10 12:30:00-03:00,short,5087.0,5093.0,-6.0,-64.0,stop_loss
2023-04-13,2023-04-13 13:00:00-03:00,2023-04-14 06:00:00-03:00,long,4941.0,4931.5,-9.5,-99.0,stop_loss
2023-04-14,2023-04-14 11:15:00-03:00,2023-04-14 14:30:00-03:00,short,4936.0,4920.5,15.5,151.0,take_profit
2023-04-17,2023-04-17 12:00:00-03:00,2023-04-17 12:15:00-03:00,short,4939.0,4928.0,11.0,106.0,target_gap_open
2023-04-17,2023-04-17 14:45:00-03:00,2023-04-18 06:00:00-03:00,long,4949.0,4927.5,-21.5,-219.0,stop_gap_open
2023-04-20,2023-04-20 13:45:00-03:00,2023-04-20 14:45:00-03:00,long,5062.5,5056.0,-6.5,-69.0,stop_loss
2023-04-24,2023-04-24 10:15:00-03:00,2023-04-24 12:15:00-03:00,short,5060.5,5045.5,15.0,146.0,take_profit
2023-04-25,2023-04-25 14:15:00-03:00,2023-04-26 06:00:00-03:00,short,5063.0,5050.0,13.0,126.0,target_gap_open
2023-04-26,2023-04-26 13:00:00-03:00,2023-04-26 14:45:00-03:00,long,5058.0,5049.5,-8.5,-89.0,stop_loss
2023-04-28,2023-04-28 12:15:00-03:00,2023-05-02 06:00:00-03:00,short,5015.0,5029.0,-14.0,-144.0,stop_gap_open
2023-05-04,2023-05-04 11:45:00-03:00,2023-05-05 06:30:00-03:00,short,5021.5,5031.5,-10.0,-104.0,stop_loss
2023-05-09,2023-05-09 09:30:00-03:00,2023-05-09 10:00:00-03:00,short,5018.0,5001.5,16.5,161.0,take_profit
2023-05-11,2023-05-11 10:15:00-03:00,2023-05-11 11:15:00-03:00,short,4976.0,4962.5,13.5,131.0,take_profit
2023-05-17,2023-05-17 10:15:00-03:00,2023-05-17 10:45:00-03:00,short,4953.5,4936.0,17.5,171.0,take_profit
2023-05-22,2023-05-22 14:30:00-03:00,2023-05-23 06:00:00-03:00,long,4977.5,4989.0,11.5,111.0,target_gap_open
2023-05-23,2023-05-23 12:45:00-03:00,2023-05-23 13:00:00-03:00,long,4985.0,4977.0,-8.0,-84.0,stop_loss
2023-05-24,2023-05-24 13:45:00-03:00,2023-05-24 14:45:00-03:00,long,4958.5,4968.0,9.5,91.0,take_profit
2023-05-30,2023-05-30 13:15:00-03:00,2023-05-31 06:00:00-03:00,short,5043.5,5085.0,-41.5,-419.0,stop_gap_open
2023-05-31,2023-05-31 12:45:00-03:00,2023-05-31 14:15:00-03:00,short,5107.5,5091.0,16.5,161.0,take_profit
2023-06-05,2023-06-05 14:15:00-03:00,2023-06-06 06:00:00-03:00,long,4955.0,4949.0,-6.0,-64.0,stop_loss
2023-06-07,2023-06-07 09:45:00-03:00,2023-06-07 11:00:00-03:00,short,4928.0,4937.5,-9.5,-99.0,stop_loss
2023-06-07,2023-06-07 11:30:00-03:00,2023-06-07 12:00:00-03:00,long,4943.5,4935.0,-8.5,-89.0,stop_loss
2023-06-12,2023-06-12 09:45:00-03:00,2023-06-13 06:00:00-03:00,short,4894.0,4880.0,14.0,136.0,take_profit
2023-06-13,2023-06-13 12:30:00-03:00,2023-06-14 06:00:00-03:00,long,4876.5,4869.5,-7.0,-74.0,stop_loss
2023-06-14,2023-06-14 12:30:00-03:00,2023-06-14 12:45:00-03:00,long,4878.5,4855.0,-23.5,-239.0,stop_gap_open
2023-06-16,2023-06-16 12:30:00-03:00,2023-06-16 14:45:00-03:00,short,4826.0,4834.0,-8.0,-84.0,stop_loss
2023-06-20,2023-06-20 13:15:00-03:00,2023-06-20 13:45:00-03:00,short,4797.5,4805.0,-7.5,-79.0,stop_loss
2023-06-20,2023-06-20 14:00:00-03:00,2023-06-20 14:30:00-03:00,long,4804.0,4798.5,-5.5,-59.0,opposite_cross
2023-06-20,2023-06-20 14:45:00-03:00,2023-06-21 06:00:00-03:00,short,4798.5,4789.0,9.5,91.0,take_profit
2023-06-22,2023-06-22 11:00:00-03:00,2023-06-22 11:15:00-03:00,short,4774.5,4782.0,-7.5,-79.0,stop_loss
2023-06-23,2023-06-23 09:15:00-03:00,2023-06-23 10:00:00-03:00,short,4777.5,4787.0,-9.5,-99.0,stop_loss
2023-06-23,2023-06-23 13:45:00-03:00,2023-06-23 14:45:00-03:00,long,4784.5,4793.5,9.0,86.0,take_profit
2023-06-28,2023-06-28 13:00:00-03:00,2023-06-28 13:30:00-03:00,short,4840.5,4848.0,-7.5,-79.0,stop_loss
2023-06-28,2023-06-28 13:45:00-03:00,2023-06-28 14:30:00-03:00,long,4850.5,4843.5,-7.0,-74.0,stop_loss
2023-06-29,2023-06-29 14:00:00-03:00,2023-06-29 14:45:00-03:00,short,4850.0,4858.5,-8.5,-89.0,stop_loss
2023-07-03,2023-07-03 10:30:00-03:00,2023-07-04 06:15:00-03:00,long,4824.5,4814.5,-10.0,-104.0,stop_loss
2023-07-05,2023-07-05 12:00:00-03:00,2023-07-05 12:15:00-03:00,short,4860.0,4869.5,-9.5,-99.0,stop_loss
2023-07-07,2023-07-10 06:00:00-03:00,2023-07-10 06:30:00-03:00,long,4888.0,4880.5,-7.5,-79.0,ambiguous_stop_first
2023-07-10,2023-07-10 10:45:00-03:00,2023-07-10 12:00:00-03:00,short,4888.0,4898.0,-10.0,-104.0,stop_loss
2023-07-10,2023-07-10 12:15:00-03:00,2023-07-10 14:00:00-03:00,long,4894.0,4907.5,13.5,131.0,take_profit
2023-07-11,2023-07-11 09:45:00-03:00,2023-07-11 11:30:00-03:00,short,4901.5,4886.0,15.5,151.0,take_profit
2023-07-12,2023-07-12 14:15:00-03:00,2023-07-13 06:00:00-03:00,long,4837.0,4816.0,-21.0,-214.0,stop_gap_open
2023-07-14,2023-07-14 09:30:00-03:00,2023-07-14 09:45:00-03:00,short,4805.0,4815.5,-10.5,-109.0,stop_loss
2023-07-14,2023-07-14 12:30:00-03:00,2023-07-14 14:00:00-03:00,short,4803.5,4812.5,-9.0,-94.0,stop_loss
2023-07-17,2023-07-17 11:15:00-03:00,2023-07-17 11:45:00-03:00,short,4827.0,4815.5,11.5,111.0,take_profit
2023-07-18,2023-07-18 11:30:00-03:00,2023-07-18 12:30:00-03:00,long,4828.0,4819.0,-9.0,-94.0,stop_loss
2023-07-21,2023-07-21 14:00:00-03:00,2023-07-21 14:15:00-03:00,long,4786.5,4781.0,-5.5,-59.0,stop_loss
2023-07-25,2023-07-25 09:45:00-03:00,2023-07-26 06:00:00-03:00,long,4748.5,4740.0,-8.5,-89.0,stop_loss
2023-07-26,2023-07-26 12:30:00-03:00,2023-07-26 12:45:00-03:00,long,4747.0,4727.5,-19.5,-199.0,stop_gap_open
2023-07-27,2023-07-27 12:30:00-03:00,2023-07-27 12:45:00-03:00,long,4737.0,4749.5,12.5,121.0,take_profit
2023-07-28,2023-07-28 10:15:00-03:00,2023-07-28 10:30:00-03:00,long,4742.5,4733.0,-9.5,-99.0,stop_loss
2023-07-28,2023-07-28 14:30:00-03:00,2023-07-28 14:45:00-03:00,short,4730.0,4731.5,-1.5,-19.0,opposite_cross
2023-07-28,2023-07-31 06:00:00-03:00,2023-07-31 06:15:00-03:00,long,4761.0,4748.0,-13.0,-134.0,stop_gap_open
2023-07-31,2023-07-31 13:15:00-03:00,2023-08-01 06:00:00-03:00,short,4757.5,4764.0,-6.5,-69.0,stop_loss
2023-08-04,2023-08-04 13:15:00-03:00,2023-08-07 06:15:00-03:00,long,4894.0,4906.0,12.0,116.0,take_profit
2023-08-07,2023-08-07 13:15:00-03:00,2023-08-07 14:30:00-03:00,short,4919.0,4925.0,-6.0,-64.0,stop_loss
2023-08-08,2023-08-08 10:15:00-03:00,2023-08-08 11:45:00-03:00,short,4923.5,4911.0,12.5,121.0,take_profit
2023-08-09,2023-08-10 06:00:00-03:00,2023-08-10 06:15:00-03:00,short,4909.5,4900.5,9.0,86.0,take_profit
2023-08-10,2023-08-10 12:30:00-03:00,2023-08-10 13:45:00-03:00,long,4892.5,4904.5,12.0,116.0,take_profit
2023-08-16,2023-08-16 12:15:00-03:00,2023-08-16 12:30:00-03:00,long,4997.0,4985.0,-12.0,-124.0,stop_gap_open
2023-08-16,2023-08-16 13:00:00-03:00,2023-08-17 06:00:00-03:00,long,4997.5,4987.0,-10.5,-109.0,stop_gap_open
2023-08-17,2023-08-17 11:00:00-03:00,2023-08-17 11:15:00-03:00,short,4987.5,4997.5,-10.0,-104.0,stop_loss
2023-08-17,2023-08-17 11:30:00-03:00,2023-08-17 14:45:00-03:00,long,4998.0,4995.5,-2.5,-29.0,opposite_cross
2023-08-17,2023-08-18 06:00:00-03:00,2023-08-18 06:15:00-03:00,short,4992.5,4999.5,-7.0,-74.0,stop_loss
2023-08-21,2023-08-21 13:00:00-03:00,2023-08-22 06:00:00-03:00,short,4991.5,4975.0,16.5,161.0,target_gap_open
2023-08-24,2023-08-24 09:15:00-03:00,2023-08-24 12:00:00-03:00,long,4882.0,4876.0,-6.0,-64.0,opposite_cross
2023-08-24,2023-08-24 12:15:00-03:00,2023-08-24 12:30:00-03:00,short,4878.5,4880.0,-1.5,-19.0,opposite_cross
2023-08-24,2023-08-24 12:45:00-03:00,2023-08-24 13:00:00-03:00,long,4884.0,4877.0,-7.0,-74.0,stop_loss
2023-08-24,2023-08-24 13:45:00-03:00,2023-08-25 06:00:00-03:00,long,4885.5,4878.5,-7.0,-74.0,stop_loss
2023-08-25,2023-08-25 10:15:00-03:00,2023-08-25 14:15:00-03:00,short,4880.0,4884.0,-4.0,-44.0,opposite_cross
2023-08-25,2023-08-25 14:30:00-03:00,2023-08-25 14:45:00-03:00,long,4883.0,4881.0,-2.0,-24.0,opposite_cross
2023-08-25,2023-08-28 06:00:00-03:00,2023-08-28 06:15:00-03:00,short,4880.5,4880.0,0.5,1.0,opposite_cross
2023-08-28,2023-08-28 12:45:00-03:00,2023-08-29 06:15:00-03:00,short,4885.0,4892.5,-7.5,-79.0,stop_loss
2023-08-30,2023-08-30 10:30:00-03:00,2023-08-30 12:00:00-03:00,short,4861.0,4869.5,-8.5,-89.0,stop_loss
2023-08-30,2023-08-30 12:30:00-03:00,2023-08-30 13:00:00-03:00,long,4871.0,4863.5,-7.5,-79.0,stop_loss
2023-09-01,2023-09-01 09:30:00-03:00,2023-09-04 06:00:00-03:00,long,4963.0,4951.0,-12.0,-124.0,stop_loss
2023-09-04,2023-09-04 12:30:00-03:00,2023-09-04 12:45:00-03:00,long,4946.5,4956.0,9.5,91.0,take_profit
2023-09-06,2023-09-06 11:00:00-03:00,2023-09-06 11:45:00-03:00,long,4997.0,4989.0,-8.0,-84.0,stop_loss
2023-09-06,2023-09-06 12:00:00-03:00,2023-09-06 12:15:00-03:00,short,4990.0,4997.5,-7.5,-79.0,stop_loss
2023-09-08,2023-09-08 10:15:00-03:00,2023-09-08 12:45:00-03:00,short,4995.5,5000.0,-4.5,-49.0,opposite_cross
2023-09-08,2023-09-08 13:00:00-03:00,2023-09-11 06:00:00-03:00,long,5001.0,4977.0,-24.0,-244.0,stop_gap_open
2023-09-12,2023-09-12 10:45:00-03:00,2023-09-12 11:15:00-03:00,short,4955.5,4962.5,-7.0,-74.0,stop_loss
2023-09-12,2023-09-12 12:00:00-03:00,2023-09-12 12:15:00-03:00,long,4962.0,4961.0,-1.0,-14.0,opposite_cross
2023-09-12,2023-09-12 12:30:00-03:00,2023-09-12 12:45:00-03:00,short,4957.5,4964.0,-6.5,-69.0,stop_loss
2023-09-15,2023-09-15 13:30:00-03:00,2023-09-15 14:45:00-03:00,long,4880.5,4875.0,-5.5,-59.0,stop_loss
2023-09-18,2023-09-18 14:00:00-03:00,2023-09-19 06:00:00-03:00,long,4864.5,4855.5,-9.0,-94.0,stop_gap_open
2023-09-20,2023-09-20 12:15:00-03:00,2023-09-20 12:30:00-03:00,long,4866.5,4860.5,-6.0,-64.0,stop_loss
2023-09-22,2023-09-22 11:15:00-03:00,2023-09-22 14:15:00-03:00,long,4930.0,4940.5,10.5,101.0,take_profit
2023-09-26,2023-09-26 09:15:00-03:00,2023-09-26 09:45:00-03:00,long,4971.0,4983.5,12.5,121.0,take_profit
2023-09-28,2023-09-28 09:30:00-03:00,2023-09-28 10:45:00-03:00,short,5041.5,5053.5,-12.0,-124.0,stop_loss
2023-09-28,2023-09-28 13:00:00-03:00,2023-09-28 13:15:00-03:00,long,5051.5,5042.0,-9.5,-99.0,stop_loss
2023-09-28,2023-09-28 13:30:00-03:00,2023-09-29 06:00:00-03:00,short,5037.0,5023.0,14.0,136.0,take_profit
2023-09-29,2023-09-29 11:30:00-03:00,2023-09-29 12:15:00-03:00,long,5036.0,5051.5,15.5,151.0,take_profit
2023-10-02,2023-10-02 14:45:00-03:00,2023-10-03 06:00:00-03:00,short,5080.0,5099.0,-19.0,-194.0,stop_gap_open
2023-10-04,2023-10-04 10:00:00-03:00,2023-10-04 11:30:00-03:00,short,5155.0,5167.5,-12.5,-129.0,stop_loss
2023-10-04,2023-10-04 12:15:00-03:00,2023-10-05 06:00:00-03:00,long,5169.5,5185.0,15.5,151.0,target_gap_open
2023-10-05,2023-10-05 14:45:00-03:00,2023-10-06 06:00:00-03:00,short,5183.0,5190.0,-7.0,-74.0,stop_loss
2023-10-06,2023-10-06 09:30:00-03:00,2023-10-06 14:45:00-03:00,short,5182.0,5162.0,20.0,196.0,take_profit
2023-10-09,2023-10-09 11:45:00-03:00,2023-10-09 12:00:00-03:00,short,5157.0,5143.0,14.0,136.0,take_profit
2023-10-11,2023-10-11 10:45:00-03:00,2023-10-11 12:30:00-03:00,long,5075.0,5066.5,-8.5,-89.0,stop_loss
2023-10-11,2023-10-11 13:30:00-03:00,2023-10-13 06:00:00-03:00,short,5066.5,5080.5,-14.0,-144.0,stop_gap_open
2023-10-17,2023-10-17 12:30:00-03:00,2023-10-17 13:15:00-03:00,long,5053.5,5045.0,-8.5,-89.0,stop_loss
2023-10-18,2023-10-18 12:00:00-03:00,2023-10-18 13:00:00-03:00,short,5053.0,5063.0,-10.0,-104.0,stop_loss
2023-10-18,2023-10-18 13:30:00-03:00,2023-10-19 06:00:00-03:00,long,5065.0,5087.0,22.0,216.0,target_gap_open
2023-10-19,2023-10-19 09:15:00-03:00,2023-10-19 10:00:00-03:00,short,5058.0,5044.5,13.5,131.0,take_profit
2023-10-19,2023-10-19 13:45:00-03:00,2023-10-20 06:15:00-03:00,long,5063.0,5078.0,15.0,146.0,take_profit
2023-10-23,2023-10-23 13:30:00-03:00,2023-10-23 14:30:00-03:00,long,5027.5,5019.5,-8.0,-84.0,stop_loss
2023-10-25,2023-10-25 09:30:00-03:00,2023-10-25 10:45:00-03:00,short,4995.0,5004.0,-9.0,-94.0,stop_loss
2023-10-25,2023-10-25 11:00:00-03:00,2023-10-25 14:15:00-03:00,long,5004.0,5002.5,-1.5,-19.0,opposite_cross
2023-10-25,2023-10-25 14:30:00-03:00,2023-10-26 06:00:00-03:00,short,5000.5,5007.0,-6.5,-69.0,stop_loss
2023-10-26,2023-10-26 11:45:00-03:00,2023-10-27 06:00:00-03:00,short,5000.0,4987.0,13.0,126.0,take_profit
2023-10-27,2023-10-27 11:15:00-03:00,2023-10-27 11:45:00-03:00,long,4989.5,5004.5,15.0,146.0,take_profit
2023-10-31,2023-10-31 12:15:00-03:00,2023-11-01 06:15:00-03:00,short,5059.5,5043.0,16.5,161.0,take_profit
2023-11-06,2023-11-06 10:00:00-03:00,2023-11-06 10:30:00-03:00,short,4906.0,4914.5,-8.5,-89.0,stop_loss
2023-11-07,2023-11-07 14:15:00-03:00,2023-11-07 15:15:00-03:00,long,4889.5,4884.0,-5.5,-59.0,stop_loss
2023-11-09,2023-11-09 11:15:00-03:00,2023-11-09 11:30:00-03:00,long,4917.5,4928.0,10.5,101.0,take_profit
2023-11-13,2023-11-13 10:00:00-03:00,2023-11-13 15:15:00-03:00,short,4924.5,4919.0,5.5,51.0,time_cutoff
2023-11-16,2023-11-16 10:30:00-03:00,2023-11-16 11:15:00-03:00,long,4886.0,4876.5,-9.5,-99.0,stop_loss
2023-11-22,2023-11-22 10:15:00-03:00,2023-11-22 10:30:00-03:00,long,4901.0,4893.5,-7.5,-79.0,stop_loss
2023-11-22,2023-11-22 10:45:00-03:00,2023-11-22 11:30:00-03:00,short,4893.0,4900.5,-7.5,-79.0,stop_loss
2023-11-22,2023-11-22 11:45:00-03:00,2023-11-22 12:00:00-03:00,long,4918.0,4910.0,-8.0,-84.0,stop_loss
2023-11-23,2023-11-23 11:45:00-03:00,2023-11-23 12:15:00-03:00,long,4899.5,4907.0,7.5,71.0,take_profit
2023-11-24,2023-11-24 10:30:00-03:00,2023-11-24 11:45:00-03:00,long,4903.0,4899.5,-3.5,-39.0,opposite_cross
2023-11-24,2023-11-24 12:00:00-03:00,2023-11-24 13:45:00-03:00,short,4897.5,4900.5,-3.0,-34.0,opposite_cross
2023-11-24,2023-11-24 14:00:00-03:00,2023-11-24 15:15:00-03:00,long,4900.5,4903.5,3.0,26.0,time_cutoff
2023-11-27,2023-11-27 09:15:00-03:00,2023-11-27 10:15:00-03:00,long,4918.5,4910.0,-8.5,-89.0,stop_loss
2023-11-27,2023-11-27 13:30:00-03:00,2023-11-27 15:15:00-03:00,short,4898.0,4900.0,-2.0,-24.0,time_cutoff
2023-11-29,2023-11-29 13:00:00-03:00,2023-11-29 14:00:00-03:00,short,4884.5,4892.0,-7.5,-79.0,stop_loss
2023-11-29,2023-11-29 14:15:00-03:00,2023-11-29 14:45:00-03:00,long,4892.5,4903.0,10.5,101.0,take_profit
2023-11-30,2023-11-30 13:15:00-03:00,2023-11-30 14:15:00-03:00,short,4932.0,4939.5,-7.5,-79.0,stop_loss
2023-12-01,2023-12-01 09:15:00-03:00,2023-12-01 10:00:00-03:00,short,4917.5,4904.0,13.5,131.0,take_profit
2023-12-05,2023-12-05 11:15:00-03:00,2023-12-05 15:15:00-03:00,short,4947.5,4942.0,5.5,51.0,time_cutoff
2023-12-11,2023-12-11 11:30:00-03:00,2023-12-11 11:45:00-03:00,short,4947.0,4953.5,-6.5,-69.0,stop_loss
2023-12-11,2023-12-11 12:00:00-03:00,2023-12-11 12:15:00-03:00,long,4952.5,4946.0,-6.5,-69.0,stop_loss
2023-12-11,2023-12-11 12:30:00-03:00,2023-12-11 15:15:00-03:00,short,4944.0,4942.5,1.5,11.0,time_cutoff
2023-12-13,2023-12-13 10:45:00-03:00,2023-12-13 13:00:00-03:00,long,4974.5,4967.0,-7.5,-79.0,stop_loss
2023-12-13,2023-12-13 13:15:00-03:00,2023-12-13 13:30:00-03:00,short,4941.0,4927.5,13.5,131.0,take_profit
2023-12-14,2023-12-14 13:00:00-03:00,2023-12-14 15:15:00-03:00,long,4912.0,4920.0,8.0,76.0,time_cutoff
2023-12-21,2023-12-21 12:00:00-03:00,2023-12-21 14:45:00-03:00,long,4888.0,4884.5,-3.5,-39.0,opposite_cross
2023-12-21,2023-12-21 15:00:00-03:00,2023-12-21 15:15:00-03:00,short,4881.0,4881.5,-0.5,-9.0,time_cutoff
2023-12-22,2023-12-22 15:00:00-03:00,2023-12-22 15:15:00-03:00,long,4860.0,4856.5,-3.5,-39.0,time_cutoff
2023-12-27,2023-12-27 10:15:00-03:00,2023-12-27 10:45:00-03:00,short,4819.0,4824.5,-5.5,-59.0,stop_loss
2023-12-27,2023-12-27 11:00:00-03:00,2023-12-27 11:15:00-03:00,long,4826.5,4819.0,-7.5,-79.0,stop_gap_open
2023-12-27,2023-12-27 13:00:00-03:00,2023-12-27 15:15:00-03:00,long,4828.0,4822.0,-6.0,-64.0,stop_loss
2024-01-03,2024-01-03 09:30:00-03:00,2024-01-03 09:45:00-03:00,short,4928.0,4938.5,-10.5,-109.0,stop_loss
2024-01-03,2024-01-03 10:00:00-03:00,2024-01-03 12:15:00-03:00,long,4939.0,4935.0,-4.0,-44.0,opposite_cross
2024-01-03,2024-01-03 12:30:00-03:00,2024-01-03 13:00:00-03:00,short,4932.5,4940.5,-8.0,-84.0,stop_loss
2024-01-03,2024-01-03 13:15:00-03:00,2024-01-03 13:30:00-03:00,long,4943.5,4928.0,-15.5,-159.0,stop_gap_open
2024-01-04,2024-01-04 10:15:00-03:00,2024-01-04 15:15:00-03:00,short,4928.0,4915.0,13.0,126.0,take_profit
2024-01-10,2024-01-10 09:45:00-03:00,2024-01-10 10:00:00-03:00,long,4911.5,4903.0,-8.5,-89.0,stop_gap_open
2024-01-11,2024-01-11 11:45:00-03:00,2024-01-11 13:15:00-03:00,long,4897.0,4893.0,-4.0,-44.0,opposite_cross
2024-01-11,2024-01-11 13:30:00-03:00,2024-01-11 15:15:00-03:00,short,4889.5,4883.5,6.0,56.0,time_cutoff
2024-01-12,2024-01-12 12:00:00-03:00,2024-01-12 13:15:00-03:00,long,4871.5,4866.5,-5.0,-54.0,opposite_cross
2024-01-12,2024-01-12 13:30:00-03:00,2024-01-12 15:15:00-03:00,short,4864.5,4865.0,-0.5,-9.0,time_cutoff
2024-01-15,2024-01-15 12:00:00-03:00,2024-01-15 15:15:00-03:00,short,4877.0,4874.0,3.0,26.0,time_cutoff
2024-01-17,2024-01-17 10:45:00-03:00,2024-01-17 11:15:00-03:00,short,4932.5,4941.5,-9.0,-94.0,stop_loss
2024-01-17,2024-01-17 12:30:00-03:00,2024-01-17 13:15:00-03:00,long,4944.0,4936.0,-8.0,-84.0,stop_loss
2024-01-17,2024-01-17 13:30:00-03:00,2024-01-17 15:00:00-03:00,short,4937.0,4944.0,-7.0,-74.0,stop_loss
2024-01-17,2024-01-17 15:15:00-03:00,2024-01-18 06:00:00-03:00,long,4943.5,4936.0,-7.5,-79.0,stop_gap_open
2024-01-18,2024-01-18 12:45:00-03:00,2024-01-18 15:15:00-03:00,short,4942.0,4938.5,3.5,31.0,time_cutoff
2024-01-19,2024-01-19 09:15:00-03:00,2024-01-19 09:30:00-03:00,long,4944.0,4935.5,-8.5,-89.0,stop_loss
2024-01-19,2024-01-19 11:30:00-03:00,2024-01-19 11:45:00-03:00,short,4926.0,4933.0,-7.0,-74.0,stop_loss
2024-01-19,2024-01-19 13:45:00-03:00,2024-01-19 14:00:00-03:00,long,4938.5,4933.0,-5.5,-59.0,stop_loss
2024-01-23,2024-01-23 09:45:00-03:00,2024-01-23 10:00:00-03:00,long,4989.0,4980.0,-9.0,-94.0,stop_loss
2024-01-23,2024-01-23 10:45:00-03:00,2024-01-23 11:15:00-03:00,short,4975.0,4984.0,-9.0,-94.0,stop_loss
2024-01-23,2024-01-23 11:45:00-03:00,2024-01-23 12:00:00-03:00,long,4981.0,4971.0,-10.0,-104.0,stop_gap_open
2024-01-24,2024-01-24 13:15:00-03:00,2024-01-24 14:30:00-03:00,long,4938.0,4931.5,-6.5,-69.0,stop_loss
2024-01-25,2024-01-25 11:15:00-03:00,2024-01-25 12:00:00-03:00,long,4933.0,4925.5,-7.5,-79.0,stop_loss
2024-01-25,2024-01-25 13:15:00-03:00,2024-01-25 14:00:00-03:00,short,4926.0,4927.0,-1.0,-14.0,opposite_cross
2024-01-25,2024-01-25 14:15:00-03:00,2024-01-25 14:45:00-03:00,long,4929.5,4924.0,-5.5,-59.0,stop_loss
2024-01-25,2024-01-25 15:00:00-03:00,2024-01-25 15:15:00-03:00,short,4921.0,4926.5,-5.5,-59.0,stop_loss
2024-01-30,2024-01-30 12:30:00-03:00,2024-01-30 12:45:00-03:00,short,4957.0,4947.0,10.0,96.0,take_profit
2024-01-31,2024-01-31 09:30:00-03:00,2024-01-31 13:15:00-03:00,short,4953.5,4963.0,-9.5,-99.0,stop_loss
2024-01-31,2024-01-31 13:30:00-03:00,2024-01-31 13:45:00-03:00,long,4959.0,4943.0,-16.0,-164.0,stop_gap_open
2024-01-31,2024-01-31 14:30:00-03:00,2024-01-31 15:15:00-03:00,long,4968.0,4969.0,1.0,6.0,time_cutoff
2024-02-05,2024-02-05 12:30:00-03:00,2024-02-05 13:15:00-03:00,short,5000.5,4991.5,9.0,86.0,take_profit
2024-02-07,2024-02-07 10:30:00-03:00,2024-02-07 12:00:00-03:00,long,4973.5,4982.5,9.0,86.0,take_profit
2024-02-14,2024-02-14 11:00:00-03:00,2024-02-14 11:15:00-03:00,long,4973.5,4982.0,8.5,81.0,target_gap_open
2024-02-15,2024-02-15 09:45:00-03:00,2024-02-15 11:00:00-03:00,long,4984.0,4978.0,-6.0,-64.0,stop_loss
2024-02-15,2024-02-15 13:15:00-03:00,2024-02-15 14:15:00-03:00,short,4976.0,4980.5,-4.5,-49.0,stop_loss
2024-02-15,2024-02-15 14:45:00-03:00,2024-02-15 15:15:00-03:00,long,4982.0,4981.0,-1.0,-14.0,time_cutoff
2024-02-16,2024-02-16 09:30:00-03:00,2024-02-16 10:45:00-03:00,short,4971.0,4977.5,-6.5,-69.0,stop_loss
2024-02-16,2024-02-16 12:30:00-03:00,2024-02-16 12:45:00-03:00,long,4978.5,4973.5,-5.0,-54.0,stop_loss
2024-02-19,2024-02-19 13:30:00-03:00,2024-02-19 14:00:00-03:00,long,4968.0,4967.0,-1.0,-14.0,opposite_cross
2024-02-19,2024-02-19 14:15:00-03:00,2024-02-19 15:15:00-03:00,short,4966.5,4965.5,1.0,6.0,time_cutoff
2024-02-21,2024-02-21 10:00:00-03:00,2024-02-21 10:15:00-03:00,long,4937.0,4931.5,-5.5,-59.0,stop_gap_open
2024-02-21,2024-02-21 10:30:00-03:00,2024-02-21 11:00:00-03:00,short,4932.0,4931.0,1.0,6.0,opposite_cross
2024-02-21,2024-02-21 11:15:00-03:00,2024-02-21 11:45:00-03:00,long,4934.0,4941.0,7.0,66.0,take_profit
2024-02-26,2024-02-26 11:15:00-03:00,2024-02-26 11:30:00-03:00,long,4991.5,4985.5,-6.0,-64.0,stop_loss
2024-02-26,2024-02-26 12:30:00-03:00,2024-02-26 15:15:00-03:00,short,4984.0,4982.0,2.0,16.0,time_cutoff
2024-02-29,2024-02-29 12:00:00-03:00,2024-02-29 13:30:00-03:00,short,4986.0,4986.5,-0.5,-9.0,opposite_cross
2024-02-29,2024-02-29 13:45:00-03:00,2024-02-29 14:00:00-03:00,long,4989.5,4986.5,-3.0,-34.0,opposite_cross
2024-02-29,2024-02-29 14:15:00-03:00,2024-02-29 15:15:00-03:00,short,4985.5,4983.0,2.5,21.0,time_cutoff
2024-03-01,2024-03-01 14:45:00-03:00,2024-03-01 15:15:00-03:00,long,4968.5,4970.5,2.0,16.0,time_cutoff
2024-03-04,2024-03-04 14:15:00-03:00,2024-03-04 15:15:00-03:00,long,4960.0,4956.5,-3.5,-39.0,stop_loss
2024-03-05,2024-03-05 09:30:00-03:00,2024-03-05 10:30:00-03:00,short,4956.0,4961.5,-5.5,-59.0,stop_loss
2024-03-05,2024-03-05 11:00:00-03:00,2024-03-05 15:15:00-03:00,long,4967.5,4968.5,1.0,6.0,time_cutoff
2024-03-06,2024-03-06 13:15:00-03:00,2024-03-06 15:15:00-03:00,long,4955.0,4956.0,1.0,6.0,time_cutoff
2024-03-11,2024-03-11 13:45:00-03:00,2024-03-11 15:15:00-03:00,long,4986.0,4984.0,-2.0,-24.0,time_cutoff
2024-03-12,2024-03-12 12:15:00-03:00,2024-03-12 12:30:00-03:00,short,4980.0,4971.0,9.0,86.0,take_profit
2024-03-13,2024-03-13 11:00:00-03:00,2024-03-13 11:15:00-03:00,short,4980.0,4973.0,7.0,66.0,take_profit
2024-03-15,2024-03-15 10:00:00-03:00,2024-03-15 15:15:00-03:00,long,4999.5,5000.0,0.5,1.0,time_cutoff
2024-03-19,2024-03-19 09:15:00-03:00,2024-03-19 09:30:00-03:00,short,5033.0,5023.0,10.0,96.0,take_profit
2024-03-19,2024-03-19 14:15:00-03:00,2024-03-19 15:00:00-03:00,long,5029.0,5037.5,8.5,81.0,take_profit
2024-03-21,2024-03-21 10:30:00-03:00,2024-03-21 11:00:00-03:00,short,4976.5,4982.5,-6.0,-64.0,stop_loss
2024-03-21,2024-03-21 13:45:00-03:00,2024-03-21 15:15:00-03:00,long,4981.0,4976.5,-4.5,-49.0,stop_loss
2024-03-26,2024-03-26 12:15:00-03:00,2024-03-26 15:15:00-03:00,short,4980.0,4977.0,3.0,26.0,time_cutoff
2024-03-27,2024-03-27 09:30:00-03:00,2024-03-27 09:45:00-03:00,short,4983.0,4975.0,8.0,76.0,take_profit
2024-03-27,2024-03-27 14:30:00-03:00,2024-03-27 15:15:00-03:00,long,4985.5,4991.5,6.0,56.0,take_profit
2024-04-02,2024-04-02 10:30:00-03:00,2024-04-02 15:00:00-03:00,long,5066.5,5077.5,11.0,106.0,take_profit
2024-04-03,2024-04-03 10:00:00-03:00,2024-04-03 10:30:00-03:00,short,5076.5,5065.5,11.0,106.0,take_profit
2024-04-04,2024-04-04 12:30:00-03:00,2024-04-04 12:45:00-03:00,long,5046.5,5056.0,9.5,91.0,take_profit
2024-04-12,2024-04-12 13:45:00-03:00,2024-04-12 15:15:00-03:00,short,5131.0,5127.5,3.5,31.0,time_cutoff
2024-04-17,2024-04-17 11:00:00-03:00,2024-04-17 11:15:00-03:00,long,5264.5,5251.5,-13.0,-134.0,stop_loss
2024-04-17,2024-04-17 15:00:00-03:00,2024-04-17 15:15:00-03:00,long,5249.0,5239.0,-10.0,-104.0,stop_gap_open
2024-04-18,2024-04-18 13:30:00-03:00,2024-04-18 15:15:00-03:00,short,5254.0,5249.0,5.0,46.0,time_cutoff
2024-04-24,2024-04-24 11:45:00-03:00,2024-04-24 12:15:00-03:00,short,5146.5,5154.0,-7.5,-79.0,stop_loss
2024-04-25,2024-04-25 11:45:00-03:00,2024-04-25 12:00:00-03:00,short,5156.0,5164.5,-8.5,-89.0,stop_loss
2024-04-25,2024-04-25 13:15:00-03:00,2024-04-25 14:15:00-03:00,long,5166.5,5164.0,-2.5,-29.0,opposite_cross
2024-04-25,2024-04-25 14:30:00-03:00,2024-04-25 15:15:00-03:00,short,5163.5,5161.5,2.0,16.0,time_cutoff
2024-04-29,2024-04-29 10:00:00-03:00,2024-04-29 10:30:00-03:00,long,5118.0,5110.5,-7.5,-79.0,stop_loss
2024-04-29,2024-04-29 10:45:00-03:00,2024-04-29 13:00:00-03:00,short,5111.0,5118.0,-7.0,-74.0,stop_loss
2024-04-29,2024-04-29 13:45:00-03:00,2024-04-29 15:15:00-03:00,long,5116.5,5119.0,2.5,21.0,time_cutoff
2024-05-06,2024-05-06 13:45:00-03:00,2024-05-06 15:15:00-03:00,long,5086.5,5087.5,1.0,6.0,time_cutoff
2024-05-07,2024-05-07 12:00:00-03:00,2024-05-07 13:15:00-03:00,long,5084.0,5078.5,-5.5,-59.0,stop_loss
2024-05-09,2024-05-09 13:15:00-03:00,2024-05-09 15:15:00-03:00,short,5152.0,5148.5,3.5,31.0,time_cutoff
2024-05-13,2024-05-13 09:30:00-03:00,2024-05-13 12:15:00-03:00,long,5167.0,5159.0,-8.0,-84.0,stop_loss
2024-05-13,2024-05-13 14:00:00-03:00,2024-05-13 15:15:00-03:00,short,5159.5,5164.0,-4.5,-49.0,stop_loss
2024-05-15,2024-05-15 09:30:00-03:00,2024-05-15 10:00:00-03:00,short,5130.5,5140.5,-10.0,-104.0,stop_loss
2024-05-15,2024-05-15 12:45:00-03:00,2024-05-15 15:00:00-03:00,long,5147.0,5143.5,-3.5,-39.0,opposite_cross
2024-05-15,2024-05-15 15:15:00-03:00,2024-05-16 06:00:00-03:00,short,5142.0,5134.0,8.0,76.0,take_profit
2024-05-16,2024-05-16 11:30:00-03:00,2024-05-16 15:15:00-03:00,long,5137.5,5138.5,1.0,6.0,time_cutoff
2024-05-20,2024-05-20 12:15:00-03:00,2024-05-20 13:45:00-03:00,long,5115.0,5109.5,-5.5,-59.0,stop_loss
2024-05-20,2024-05-20 14:30:00-03:00,2024-05-20 15:15:00-03:00,short,5109.5,5108.5,1.0,6.0,time_cutoff
2024-05-21,2024-05-21 09:15:00-03:00,2024-05-21 10:15:00-03:00,long,5111.0,5122.0,11.0,106.0,take_profit
2024-05-23,2024-05-23 14:45:00-03:00,2024-05-23 15:15:00-03:00,short,5149.0,5145.5,3.5,31.0,time_cutoff
2024-05-28,2024-05-28 11:45:00-03:00,2024-05-28 13:30:00-03:00,long,5162.0,5156.5,-5.5,-59.0,stop_loss
2024-05-28,2024-05-28 14:00:00-03:00,2024-05-28 14:15:00-03:00,short,5153.5,5159.5,-6.0,-64.0,stop_gap_open
2024-06-03,2024-06-03 14:30:00-03:00,2024-06-03 14:45:00-03:00,long,5249.5,5259.5,10.0,96.0,take_profit
2024-06-10,2024-06-10 13:30:00-03:00,2024-06-10 15:15:00-03:00,short,5363.5,5365.0,-1.5,-19.0,time_cutoff
2024-06-11,2024-06-11 10:15:00-03:00,2024-06-11 11:15:00-03:00,long,5367.0,5380.5,13.5,131.0,take_profit
2024-06-12,2024-06-12 11:45:00-03:00,2024-06-12 12:30:00-03:00,short,5385.0,5365.5,19.5,191.0,take_profit
2024-06-12,2024-06-12 13:30:00-03:00,2024-06-12 15:15:00-03:00,long,5416.0,5419.0,3.0,26.0,time_cutoff
2024-06-13,2024-06-13 09:30:00-03:00,2024-06-13 15:15:00-03:00,short,5387.5,5372.0,15.5,151.0,time_cutoff
2024-06-14,2024-06-14 11:00:00-03:00,2024-06-14 12:00:00-03:00,long,5378.5,5392.5,14.0,136.0,take_profit
2024-06-18,2024-06-18 12:15:00-03:00,2024-06-18 13:00:00-03:00,long,5421.5,5433.5,12.0,116.0,take_profit
2024-06-19,2024-06-19 13:30:00-03:00,2024-06-19 13:45:00-03:00,short,5451.5,5441.0,10.5,101.0,take_profit
2024-06-20,2024-06-20 09:45:00-03:00,2024-06-20 10:15:00-03:00,long,5452.5,5470.5,18.0,176.0,take_profit
2024-06-21,2024-06-21 09:30:00-03:00,2024-06-21 10:30:00-03:00,long,5462.5,5452.5,-10.0,-104.0,stop_loss
2024-06-21,2024-06-21 11:15:00-03:00,2024-06-21 11:30:00-03:00,short,5439.5,5448.5,-9.0,-94.0,stop_loss
2024-06-27,2024-06-27 13:00:00-03:00,2024-06-27 13:30:00-03:00,short,5496.5,5506.5,-10.0,-104.0,stop_loss
2024-07-02,2024-07-02 13:30:00-03:00,2024-07-02 13:45:00-03:00,short,5667.5,5679.0,-11.5,-119.0,stop_loss
2024-07-05,2024-07-05 09:30:00-03:00,2024-07-05 12:45:00-03:00,short,5494.5,5474.5,20.0,196.0,take_profit
2024-07-08,2024-07-08 09:45:00-03:00,2024-07-08 12:30:00-03:00,short,5479.5,5488.5,-9.0,-94.0,stop_loss
2024-07-08,2024-07-08 13:00:00-03:00,2024-07-08 15:00:00-03:00,long,5490.5,5483.5,-7.0,-74.0,stop_loss
2024-07-08,2024-07-08 15:15:00-03:00,2024-07-09 06:00:00-03:00,short,5483.5,5489.0,-5.5,-59.0,ambiguous_stop_first
2024-07-10,2024-07-10 11:00:00-03:00,2024-07-10 11:15:00-03:00,long,5433.5,5425.5,-8.0,-84.0,stop_loss
2024-07-12,2024-07-12 11:15:00-03:00,2024-07-12 11:45:00-03:00,short,5451.0,5437.5,13.5,131.0,take_profit
2024-07-15,2024-07-15 10:00:00-03:00,2024-07-15 10:15:00-03:00,short,5450.5,5459.5,-9.0,-94.0,stop_loss
2024-07-15,2024-07-15 11:30:00-03:00,2024-07-15 12:00:00-03:00,long,5467.5,5458.5,-9.0,-94.0,stop_loss
2024-07-15,2024-07-15 12:30:00-03:00,2024-07-15 15:15:00-03:00,short,5454.5,5457.0,-2.5,-29.0,time_cutoff
2024-07-16,2024-07-16 10:00:00-03:00,2024-07-16 11:15:00-03:00,long,5466.0,5455.0,-11.0,-114.0,stop_loss
2024-07-16,2024-07-16 12:30:00-03:00,2024-07-16 15:15:00-03:00,short,5436.5,5439.0,-2.5,-29.0,time_cutoff
2024-07-19,2024-07-19 09:45:00-03:00,2024-07-19 10:45:00-03:00,long,5567.0,5588.0,21.0,206.0,take_profit
2024-07-22,2024-07-22 13:00:00-03:00,2024-07-22 15:15:00-03:00,long,5576.0,5582.5,6.5,61.0,time_cutoff
2024-07-23,2024-07-23 10:45:00-03:00,2024-07-23 11:00:00-03:00,long,5588.0,5577.0,-11.0,-114.0,stop_loss
2024-07-25,2024-07-25 12:45:00-03:00,2024-07-25 13:00:00-03:00,long,5656.5,5645.5,-11.0,-114.0,stop_loss
2024-07-26,2024-07-26 14:45:00-03:00,2024-07-26 15:15:00-03:00,short,5657.0,5664.5,-7.5,-79.0,stop_loss
2024-07-29,2024-07-29 10:15:00-03:00,2024-07-29 12:00:00-03:00,short,5644.0,5628.5,15.5,151.0,take_profit
2024-07-30,2024-07-30 11:45:00-03:00,2024-07-30 14:45:00-03:00,short,5629.0,5615.0,14.0,136.0,take_profit
2024-07-31,2024-07-31 13:15:00-03:00,2024-07-31 13:30:00-03:00,short,5660.0,5680.5,-20.5,-209.0,stop_gap_open
2024-08-02,2024-08-02 09:15:00-03:00,2024-08-02 10:00:00-03:00,long,5763.5,5745.0,-18.5,-189.0,stop_loss
2024-08-02,2024-08-02 10:45:00-03:00,2024-08-02 15:15:00-03:00,short,5740.5,5742.5,-2.0,-24.0,time_cutoff
2024-08-05,2024-08-05 10:15:00-03:00,2024-08-05 11:30:00-03:00,short,5760.5,5730.5,30.0,296.0,take_profit
2024-08-06,2024-08-06 15:15:00-03:00,2024-08-07 06:00:00-03:00,long,5675.0,5632.0,-43.0,-434.0,stop_gap_open
2024-08-07,2024-08-07 12:45:00-03:00,2024-08-07 15:15:00-03:00,long,5637.5,5654.0,16.5,161.0,take_profit
2024-08-12,2024-08-12 09:45:00-03:00,2024-08-12 10:00:00-03:00,long,5531.0,5518.0,-13.0,-134.0,stop_gap_open
2024-08-12,2024-08-12 14:00:00-03:00,2024-08-12 15:15:00-03:00,short,5510.0,5509.0,1.0,6.0,time_cutoff
2024-08-14,2024-08-14 10:15:00-03:00,2024-08-14 11:00:00-03:00,long,5478.5,5496.5,18.0,176.0,take_profit
2024-08-15,2024-08-15 11:30:00-03:00,2024-08-15 12:00:00-03:00,long,5486.0,5500.5,14.5,141.0,take_profit
2024-08-16,2024-08-16 09:15:00-03:00,2024-08-16 10:15:00-03:00,long,5485.5,5475.5,-10.0,-104.0,stop_loss
2024-08-16,2024-08-16 10:45:00-03:00,2024-08-16 11:00:00-03:00,short,5474.0,5482.5,-8.5,-89.0,stop_loss
2024-08-16,2024-08-16 11:15:00-03:00,2024-08-16 12:45:00-03:00,long,5485.0,5476.5,-8.5,-89.0,stop_loss
2024-08-16,2024-08-16 13:30:00-03:00,2024-08-16 14:45:00-03:00,short,5477.5,5485.5,-8.0,-84.0,stop_loss
2024-08-16,2024-08-16 15:00:00-03:00,2024-08-16 15:15:00-03:00,long,5484.0,5483.0,-1.0,-14.0,time_cutoff
2024-08-21,2024-08-21 10:30:00-03:00,2024-08-21 11:00:00-03:00,long,5487.0,5504.5,17.5,171.0,take_profit
2024-08-21,2024-08-21 13:30:00-03:00,2024-08-21 14:15:00-03:00,short,5480.5,5490.5,-10.0,-104.0,stop_loss
2024-08-21,2024-08-21 14:30:00-03:00,2024-08-21 15:15:00-03:00,long,5492.0,5488.5,-3.5,-39.0,time_cutoff
2024-08-26,2024-08-26 09:15:00-03:00,2024-08-26 09:45:00-03:00,long,5511.0,5498.0,-13.0,-134.0,stop_loss
2024-08-26,2024-08-26 11:15:00-03:00,2024-08-26 13:45:00-03:00,short,5484.5,5496.0,-11.5,-119.0,stop_loss
2024-08-26,2024-08-26 14:15:00-03:00,2024-08-26 15:15:00-03:00,long,5500.5,5502.5,2.0,16.0,time_cutoff
2024-08-27,2024-08-27 09:30:00-03:00,2024-08-27 09:45:00-03:00,long,5505.0,5521.0,16.0,156.0,take_profit
2024-08-30,2024-08-30 14:00:00-03:00,2024-08-30 14:15:00-03:00,short,5652.5,5627.5,25.0,246.0,take_profit
2024-09-02,2024-09-02 09:45:00-03:00,2024-09-02 15:15:00-03:00,short,5642.0,5631.5,10.5,101.0,time_cutoff
2024-09-04,2024-09-04 10:15:00-03:00,2024-09-04 11:15:00-03:00,long,5663.0,5651.0,-12.0,-124.0,stop_loss
2024-09-04,2024-09-04 12:15:00-03:00,2024-09-04 13:45:00-03:00,short,5648.0,5657.5,-9.5,-99.0,stop_loss
2024-09-04,2024-09-04 14:00:00-03:00,2024-09-04 15:15:00-03:00,long,5654.0,5658.0,4.0,36.0,time_cutoff
2024-09-09,2024-09-09 10:00:00-03:00,2024-09-09 11:15:00-03:00,short,5617.5,5601.0,16.5,161.0,take_profit
2024-09-11,2024-09-11 10:45:00-03:00,2024-09-11 11:30:00-03:00,short,5646.0,5659.5,-13.5,-139.0,stop_loss
2024-09-11,2024-09-11 12:15:00-03:00,2024-09-11 12:30:00-03:00,long,5659.0,5655.5,-3.5,-39.0,opposite_cross
2024-09-11,2024-09-11 12:45:00-03:00,2024-09-11 13:30:00-03:00,short,5653.0,5665.0,-12.0,-124.0,stop_loss
2024-09-12,2024-09-12 10:15:00-03:00,2024-09-12 12:45:00-03:00,short,5654.0,5635.5,18.5,181.0,take_profit
2024-09-18,2024-09-18 11:00:00-03:00,2024-09-18 11:15:00-03:00,long,5490.5,5481.0,-9.5,-99.0,stop_loss
2024-09-18,2024-09-18 11:45:00-03:00,2024-09-18 12:00:00-03:00,short,5477.5,5463.5,14.0,136.0,take_profit
2024-09-19,2024-09-19 13:00:00-03:00,2024-09-19 15:15:00-03:00,long,5432.0,5432.0,0.0,-4.0,time_cutoff
2024-09-23,2024-09-23 11:30:00-03:00,2024-09-23 14:15:00-03:00,short,5534.0,5545.5,-11.5,-119.0,stop_loss
2024-09-25,2024-09-25 13:30:00-03:00,2024-09-25 14:00:00-03:00,short,5479.0,5477.0,2.0,16.0,opposite_cross
2024-09-25,2024-09-25 14:15:00-03:00,2024-09-25 14:45:00-03:00,long,5483.0,5476.0,-7.0,-74.0,stop_loss
2024-09-25,2024-09-25 15:00:00-03:00,2024-09-25 15:15:00-03:00,short,5476.0,5474.0,2.0,16.0,time_cutoff
2024-09-26,2024-09-26 13:30:00-03:00,2024-09-26 14:30:00-03:00,long,5450.0,5441.5,-8.5,-89.0,stop_loss
2024-09-26,2024-09-26 15:00:00-03:00,2024-09-26 15:15:00-03:00,short,5440.0,5440.0,-0.0,-4.0,time_cutoff
2024-10-01,2024-10-01 10:30:00-03:00,2024-10-01 10:45:00-03:00,short,5468.0,5482.0,-14.0,-144.0,stop_gap_open
2024-10-01,2024-10-01 15:00:00-03:00,2024-10-01 15:15:00-03:00,short,5456.5,5440.5,16.0,156.0,take_profit
2024-10-02,2024-10-02 10:45:00-03:00,2024-10-02 14:30:00-03:00,long,5463.5,5454.0,-9.5,-99.0,stop_loss
2024-10-03,2024-10-03 12:45:00-03:00,2024-10-03 13:45:00-03:00,short,5485.0,5493.5,-8.5,-89.0,stop_loss
2024-10-10,2024-10-10 11:00:00-03:00,2024-10-10 11:45:00-03:00,long,5602.0,5596.5,-5.5,-59.0,opposite_cross
2024-10-10,2024-10-10 12:00:00-03:00,2024-10-10 14:00:00-03:00,short,5594.0,5604.0,-10.0,-104.0,stop_loss
2024-10-10,2024-10-10 14:15:00-03:00,2024-10-10 14:45:00-03:00,long,5600.5,5599.0,-1.5,-19.0,opposite_cross
2024-10-10,2024-10-10 15:00:00-03:00,2024-10-10 15:15:00-03:00,short,5597.0,5596.5,0.5,1.0,time_cutoff
2024-10-11,2024-10-11 14:00:00-03:00,2024-10-11 15:15:00-03:00,short,5626.0,5623.0,3.0,26.0,time_cutoff
2024-10-14,2024-10-14 15:00:00-03:00,2024-10-14 15:15:00-03:00,long,5606.5,5598.5,-8.0,-84.0,stop_loss
2024-10-16,2024-10-16 10:00:00-03:00,2024-10-16 12:15:00-03:00,short,5669.0,5681.5,-12.5,-129.0,stop_loss
2024-10-16,2024-10-16 13:15:00-03:00,2024-10-16 15:15:00-03:00,long,5675.0,5673.5,-1.5,-19.0,time_cutoff
2024-10-17,2024-10-17 12:15:00-03:00,2024-10-17 14:00:00-03:00,short,5676.0,5664.0,12.0,116.0,take_profit
2024-10-21,2024-10-21 10:00:00-03:00,2024-10-21 13:45:00-03:00,short,5710.0,5694.0,16.0,156.0,take_profit
2024-10-22,2024-10-22 12:00:00-03:00,2024-10-22 14:00:00-03:00,long,5709.5,5700.5,-9.0,-94.0,stop_loss
2024-10-22,2024-10-22 14:30:00-03:00,2024-10-22 15:15:00-03:00,short,5698.5,5696.0,2.5,21.0,time_cutoff
2024-10-23,2024-10-23 10:15:00-03:00,2024-10-23 10:45:00-03:00,short,5708.5,5717.5,-9.0,-94.0,stop_loss
2024-10-24,2024-10-24 11:30:00-03:00,2024-10-24 11:45:00-03:00,short,5688.5,5697.5,-9.0,-94.0,stop_loss
2024-10-28,2024-10-28 10:00:00-03:00,2024-10-28 11:15:00-03:00,long,5708.0,5700.0,-8.0,-84.0,stop_loss
2024-10-28,2024-10-28 11:45:00-03:00,2024-10-28 12:00:00-03:00,short,5693.5,5701.0,-7.5,-79.0,stop_loss
2024-10-28,2024-10-28 13:30:00-03:00,2024-10-28 15:15:00-03:00,long,5710.0,5713.5,3.5,31.0,time_cutoff
2024-10-29,2024-10-29 09:45:00-03:00,2024-10-29 10:15:00-03:00,long,5732.0,5747.0,15.0,146.0,take_profit
2024-10-30,2024-10-30 12:15:00-03:00,2024-10-30 15:15:00-03:00,short,5766.5,5765.0,1.5,11.0,time_cutoff
2024-11-04,2024-11-04 14:45:00-03:00,2024-11-04 15:15:00-03:00,long,5802.5,5802.5,0.0,-4.0,time_cutoff
2024-11-05,2024-11-05 11:00:00-03:00,2024-11-05 11:15:00-03:00,short,5787.0,5769.0,18.0,176.0,take_profit
2024-11-06,2024-11-06 09:15:00-03:00,2024-11-06 09:45:00-03:00,short,5763.5,5735.5,28.0,276.0,take_profit
2024-11-07,2024-11-07 10:30:00-03:00,2024-11-07 12:45:00-03:00,long,5710.5,5692.5,-18.0,-184.0,stop_loss
2024-11-07,2024-11-07 14:00:00-03:00,2024-11-07 14:45:00-03:00,short,5687.0,5705.0,-18.0,-184.0,stop_loss
2024-11-07,2024-11-07 15:15:00-03:00,2024-11-08 06:00:00-03:00,long,5710.5,5743.5,33.0,326.0,target_gap_open
2024-11-08,2024-11-08 13:45:00-03:00,2024-11-08 14:15:00-03:00,short,5753.5,5735.0,18.5,181.0,take_profit
2024-11-11,2024-11-11 11:00:00-03:00,2024-11-11 14:15:00-03:00,short,5784.0,5766.5,17.5,171.0,take_profit
2024-11-12,2024-11-12 09:30:00-03:00,2024-11-12 12:30:00-03:00,long,5788.5,5775.0,-13.5,-139.0,stop_loss
2024-11-12,2024-11-12 12:45:00-03:00,2024-11-12 15:00:00-03:00,short,5775.0,5756.5,18.5,181.0,take_profit
2024-11-14,2024-11-14 14:15:00-03:00,2024-11-14 14:30:00-03:00,long,5806.0,5795.0,-11.0,-114.0,stop_loss
2024-11-19,2024-11-19 11:15:00-03:00,2024-11-19 11:45:00-03:00,short,5767.0,5779.0,-12.0,-124.0,stop_loss
2024-11-19,2024-11-19 12:00:00-03:00,2024-11-19 14:00:00-03:00,long,5782.0,5774.5,-7.5,-79.0,opposite_cross
2024-11-19,2024-11-19 14:15:00-03:00,2024-11-19 14:45:00-03:00,short,5772.0,5781.0,-9.0,-94.0,stop_loss
2024-11-22,2024-11-22 10:15:00-03:00,2024-11-22 11:30:00-03:00,short,5810.5,5822.0,-11.5,-119.0,stop_loss
2024-11-22,2024-11-22 12:00:00-03:00,2024-11-22 12:15:00-03:00,long,5824.5,5814.5,-10.0,-104.0,stop_loss
2024-11-22,2024-11-22 12:30:00-03:00,2024-11-22 12:45:00-03:00,long,5819.5,5819.5,0.0,-4.0,opposite_cross
2024-11-22,2024-11-22 13:00:00-03:00,2024-11-22 14:00:00-03:00,short,5815.0,5818.5,-3.5,-39.0,opposite_cross
2024-11-22,2024-11-22 14:15:00-03:00,2024-11-22 14:30:00-03:00,long,5819.0,5817.5,-1.5,-19.0,opposite_cross
2024-11-22,2024-11-22 14:45:00-03:00,2024-11-22 15:00:00-03:00,short,5815.0,5804.0,11.0,106.0,take_profit
2024-11-25,2024-11-25 10:15:00-03:00,2024-11-25 13:45:00-03:00,long,5813.5,5801.0,-12.5,-129.0,stop_loss
2024-11-25,2024-11-25 15:15:00-03:00,2024-11-26 06:00:00-03:00,short,5806.5,5815.5,-9.0,-94.0,stop_gap_open
2024-11-26,2024-11-26 10:15:00-03:00,2024-11-26 14:15:00-03:00,long,5810.5,5826.5,16.0,156.0,take_profit
2024-11-29,2024-11-29 09:45:00-03:00,2024-11-29 10:15:00-03:00,short,5998.5,6023.5,-25.0,-254.0,stop_loss
2024-12-03,2024-12-03 10:15:00-03:00,2024-12-03 11:15:00-03:00,short,6075.5,6089.5,-14.0,-144.0,stop_loss
2024-12-03,2024-12-03 11:45:00-03:00,2024-12-03 12:30:00-03:00,long,6094.5,6082.0,-12.5,-129.0,stop_loss
2024-12-03,2024-12-03 13:00:00-03:00,2024-12-03 13:15:00-03:00,short,6058.5,6076.0,-17.5,-179.0,stop_gap_open
2024-12-05,2024-12-05 12:45:00-03:00,2024-12-05 15:15:00-03:00,long,6016.5,6024.5,8.0,76.0,time_cutoff
2024-12-09,2024-12-09 10:30:00-03:00,2024-12-09 12:45:00-03:00,long,6078.5,6096.5,18.0,176.0,take_profit
2024-12-10,2024-12-10 12:00:00-03:00,2024-12-10 13:45:00-03:00,long,6074.5,6063.0,-11.5,-119.0,stop_loss
2024-12-10,2024-12-10 14:00:00-03:00,2024-12-10 15:15:00-03:00,short,6058.5,6066.0,-7.5,-79.0,time_cutoff
2024-12-12,2024-12-12 09:45:00-03:00,2024-12-12 11:00:00-03:00,long,6002.5,6035.5,33.0,326.0,take_profit
2024-12-13,2024-12-13 14:00:00-03:00,2024-12-13 14:15:00-03:00,short,6038.0,6048.5,-10.5,-109.0,opposite_cross
2024-12-13,2024-12-13 14:30:00-03:00,2024-12-13 15:15:00-03:00,long,6051.0,6034.0,-17.0,-174.0,stop_loss
2024-12-17,2024-12-17 11:00:00-03:00,2024-12-17 12:00:00-03:00,short,6122.5,6090.5,32.0,316.0,take_profit
2024-12-26,2024-12-26 13:15:00-03:00,2024-12-26 15:15:00-03:00,long,6183.5,6183.5,0.0,-4.0,time_cutoff
2024-12-27,2024-12-27 13:30:00-03:00,2024-12-27 14:30:00-03:00,short,6192.5,6176.5,16.0,156.0,take_profit
2024-12-30,2024-12-30 12:15:00-03:00,2024-12-30 15:15:00-03:00,short,6212.5,6209.0,3.5,31.0,time_cutoff
2025-01-02,2025-01-02 10:15:00-03:00,2025-01-02 14:15:00-03:00,short,6200.5,6178.5,22.0,216.0,take_profit
2025-01-03,2025-01-03 10:45:00-03:00,2025-01-03 15:15:00-03:00,long,6202.5,6215.5,13.0,126.0,time_cutoff
2025-01-07,2025-01-07 12:45:00-03:00,2025-01-07 15:15:00-03:00,long,6129.5,6131.5,2.0,16.0,time_cutoff
2025-01-08,2025-01-08 12:30:00-03:00,2025-01-08 13:15:00-03:00,short,6147.5,6130.0,17.5,171.0,take_profit
2025-01-13,2025-01-13 10:30:00-03:00,2025-01-13 10:45:00-03:00,short,6116.0,6131.0,-15.0,-154.0,stop_gap_open
2025-01-15,2025-01-15 11:00:00-03:00,2025-01-15 11:30:00-03:00,long,6065.0,6051.5,-13.5,-139.0,stop_loss
2025-01-15,2025-01-15 12:00:00-03:00,2025-01-15 12:30:00-03:00,short,6059.0,6040.0,19.0,186.0,take_profit
2025-01-16,2025-01-16 09:15:00-03:00,2025-01-16 09:30:00-03:00,short,6024.5,6038.0,-13.5,-139.0,stop_loss
2025-01-16,2025-01-16 10:30:00-03:00,2025-01-16 12:15:00-03:00,long,6059.5,6079.0,19.5,191.0,take_profit
2025-01-17,2025-01-17 09:30:00-03:00,2025-01-17 11:30:00-03:00,short,6053.5,6067.5,-14.0,-144.0,stop_loss
2025-01-17,2025-01-17 12:15:00-03:00,2025-01-17 15:15:00-03:00,long,6077.0,6085.5,8.5,81.0,time_cutoff
2025-01-21,2025-01-21 09:15:00-03:00,2025-01-21 12:30:00-03:00,short,6048.5,6029.0,19.5,191.0,take_profit
2025-01-23,2025-01-23 14:15:00-03:00,2025-01-23 15:15:00-03:00,long,5932.5,5934.0,1.5,11.0,time_cutoff
2025-01-24,2025-01-24 12:30:00-03:00,2025-01-24 13:30:00-03:00,long,5907.0,5924.0,17.0,166.0,take_profit
2025-01-27,2025-01-27 11:30:00-03:00,2025-01-27 15:15:00-03:00,short,5914.5,5902.0,12.5,121.0,time_cutoff
2025-01-29,2025-01-29 10:30:00-03:00,2025-01-29 14:00:00-03:00,long,5875.0,5870.0,-5.0,-54.0,opposite_cross
2025-01-29,2025-01-29 14:15:00-03:00,2025-01-29 15:15:00-03:00,short,5869.0,5853.5,15.5,151.0,take_profit
2025-01-30,2025-01-30 10:00:00-03:00,2025-01-30 10:45:00-03:00,short,5886.0,5902.0,-16.0,-164.0,stop_loss
2025-01-31,2025-01-31 12:30:00-03:00,2025-01-31 15:15:00-03:00,long,5879.0,5873.0,-6.0,-64.0,time_cutoff
2025-02-03,2025-02-03 10:00:00-03:00,2025-02-03 14:00:00-03:00,short,5855.0,5828.5,26.5,261.0,take_profit
2025-02-05,2025-02-05 12:00:00-03:00,2025-02-05 12:30:00-03:00,short,5797.5,5808.5,-11.0,-114.0,stop_loss
2025-02-05,2025-02-05 14:00:00-03:00,2025-02-05 14:15:00-03:00,long,5819.0,5832.5,13.5,131.0,take_profit
2025-02-07,2025-02-07 10:30:00-03:00,2025-02-07 12:45:00-03:00,long,5802.0,5824.5,22.5,221.0,take_profit
2025-02-10,2025-02-10 14:00:00-03:00,2025-02-10 15:15:00-03:00,long,5806.0,5808.5,2.5,21.0,time_cutoff
2025-02-12,2025-02-12 09:15:00-03:00,2025-02-12 09:30:00-03:00,long,5792.0,5780.0,-12.0,-124.0,stop_loss
2025-02-12,2025-02-12 10:45:00-03:00,2025-02-12 12:15:00-03:00,short,5779.0,5762.5,16.5,161.0,take_profit
2025-02-13,2025-02-13 10:00:00-03:00,2025-02-13 11:45:00-03:00,short,5774.5,5785.5,-11.0,-114.0,stop_loss
2025-02-13,2025-02-13 12:30:00-03:00,2025-02-13 13:00:00-03:00,long,5792.5,5782.0,-10.5,-109.0,stop_loss
2025-02-13,2025-02-13 13:45:00-03:00,2025-02-13 15:15:00-03:00,short,5781.5,5779.0,2.5,21.0,time_cutoff
2025-02-17,2025-02-17 09:45:00-03:00,2025-02-17 15:15:00-03:00,long,5720.5,5724.0,3.5,31.0,time_cutoff
2025-02-19,2025-02-19 09:30:00-03:00,2025-02-19 10:15:00-03:00,short,5704.0,5714.0,-10.0,-104.0,stop_loss
2025-02-19,2025-02-19 10:30:00-03:00,2025-02-19 13:30:00-03:00,long,5716.5,5731.5,15.0,146.0,take_profit
2025-02-20,2025-02-20 13:30:00-03:00,2025-02-20 14:00:00-03:00,long,5714.5,5707.0,-7.5,-79.0,stop_loss
2025-02-21,2025-02-21 12:15:00-03:00,2025-02-21 15:15:00-03:00,long,5733.5,5737.0,3.5,31.0,time_cutoff
2025-02-25,2025-02-25 10:00:00-03:00,2025-02-25 10:15:00-03:00,short,5761.5,5772.5,-11.0,-114.0,stop_loss
2025-03-05,2025-03-05 10:15:00-03:00,2025-03-05 12:45:00-03:00,short,5834.5,5807.0,27.5,271.0,take_profit
2025-03-06,2025-03-06 10:45:00-03:00,2025-03-06 11:15:00-03:00,long,5808.0,5794.0,-14.0,-144.0,stop_loss
2025-03-06,2025-03-06 13:15:00-03:00,2025-03-06 14:15:00-03:00,short,5787.5,5789.0,-1.5,-19.0,opposite_cross
2025-03-06,2025-03-06 14:30:00-03:00,2025-03-06 15:15:00-03:00,long,5794.5,5789.5,-5.0,-54.0,time_cutoff
2025-03-10,2025-03-10 10:00:00-03:00,2025-03-10 10:15:00-03:00,long,5823.0,5837.5,14.5,141.0,take_profit
2025-03-12,2025-03-12 09:15:00-03:00,2025-03-12 12:00:00-03:00,short,5841.0,5823.5,17.5,171.0,take_profit
2025-03-13,2025-03-13 09:15:00-03:00,2025-03-13 13:45:00-03:00,short,5830.5,5816.0,14.5,141.0,take_profit
2025-03-14,2025-03-14 14:00:00-03:00,2025-03-14 15:15:00-03:00,long,5764.5,5763.0,-1.5,-19.0,time_cutoff
2025-03-20,2025-03-20 12:15:00-03:00,2025-03-20 12:30:00-03:00,short,5668.0,5677.0,-9.0,-94.0,stop_loss
2025-03-20,2025-03-20 13:00:00-03:00,2025-03-20 13:30:00-03:00,long,5685.5,5676.5,-9.0,-94.0,stop_loss
2025-03-24,2025-03-24 11:15:00-03:00,2025-03-24 11:30:00-03:00,short,5739.5,5749.5,-10.0,-104.0,stop_gap_open
2025-03-25,2025-03-25 14:30:00-03:00,2025-03-25 15:00:00-03:00,long,5712.5,5706.5,-6.0,-64.0,opposite_cross
2025-03-25,2025-03-25 15:15:00-03:00,2025-03-26 06:00:00-03:00,short,5706.5,5713.5,-7.0,-74.0,stop_loss
2025-03-27,2025-03-27 09:30:00-03:00,2025-03-27 11:45:00-03:00,short,5744.5,5754.0,-9.5,-99.0,stop_loss
2025-03-27,2025-03-27 12:15:00-03:00,2025-03-27 13:15:00-03:00,long,5746.5,5760.5,14.0,136.0,take_profit
2025-03-28,2025-03-28 12:00:00-03:00,2025-03-28 15:15:00-03:00,short,5759.5,5761.0,-1.5,-19.0,time_cutoff
2025-04-02,2025-04-02 12:45:00-03:00,2025-04-02 13:45:00-03:00,short,5715.0,5723.5,-8.5,-89.0,stop_loss
2025-04-02,2025-04-02 14:00:00-03:00,2025-04-02 14:15:00-03:00,long,5724.0,5703.0,-21.0,-214.0,stop_gap_open
2025-04-03,2025-04-03 13:45:00-03:00,2025-04-03 15:15:00-03:00,long,5649.0,5660.5,11.5,111.0,time_cutoff
2025-04-09,2025-04-09 11:00:00-03:00,2025-04-09 11:15:00-03:00,short,6035.5,6007.5,28.0,276.0,take_profit
2025-04-10,2025-04-10 12:45:00-03:00,2025-04-10 13:30:00-03:00,short,5908.5,5928.5,-20.0,-204.0,stop_loss
2025-04-11,2025-04-11 09:45:00-03:00,2025-04-11 15:15:00-03:00,short,5894.0,5881.5,12.5,121.0,time_cutoff
2025-04-14,2025-04-14 10:15:00-03:00,2025-04-14 10:30:00-03:00,long,5882.5,5869.5,-13.0,-134.0,stop_loss
2025-04-14,2025-04-14 13:00:00-03:00,2025-04-14 15:15:00-03:00,short,5867.5,5871.0,-3.5,-39.0,time_cutoff
2025-04-23,2025-04-23 11:15:00-03:00,2025-04-23 15:15:00-03:00,long,5720.0,5716.0,-4.0,-44.0,time_cutoff
2025-04-24,2025-04-24 13:15:00-03:00,2025-04-24 15:15:00-03:00,long,5690.0,5688.0,-2.0,-24.0,time_cutoff
2025-04-25,2025-04-25 12:45:00-03:00,2025-04-25 15:15:00-03:00,long,5693.0,5693.0,0.0,-4.0,time_cutoff
2025-04-28,2025-04-28 10:15:00-03:00,2025-04-28 10:45:00-03:00,long,5688.5,5678.5,-10.0,-104.0,stop_loss
2025-04-28,2025-04-28 11:45:00-03:00,2025-04-28 13:30:00-03:00,short,5664.5,5650.0,14.5,141.0,take_profit
2025-05-02,2025-05-02 11:15:00-03:00,2025-05-02 15:15:00-03:00,long,5691.5,5695.5,4.0,36.0,time_cutoff
2025-05-05,2025-05-05 09:15:00-03:00,2025-05-05 10:00:00-03:00,long,5696.0,5709.0,13.0,126.0,take_profit
2025-05-06,2025-05-06 11:45:00-03:00,2025-05-06 14:00:00-03:00,short,5737.0,5746.5,-9.5,-99.0,stop_loss
2025-05-06,2025-05-06 14:15:00-03:00,2025-05-06 14:30:00-03:00,long,5746.0,5757.0,11.0,106.0,take_profit
2025-05-09,2025-05-09 14:15:00-03:00,2025-05-09 15:15:00-03:00,long,5684.0,5677.5,-6.5,-69.0,stop_loss
2025-05-12,2025-05-12 14:15:00-03:00,2025-05-12 15:15:00-03:00,short,5708.5,5697.0,11.5,111.0,take_profit
2025-05-14,2025-05-14 09:15:00-03:00,2025-05-14 09:30:00-03:00,long,5640.0,5630.0,-10.0,-104.0,stop_loss
2025-05-16,2025-05-16 10:00:00-03:00,2025-05-16 12:45:00-03:00,short,5697.5,5681.0,16.5,161.0,take_profit
2025-05-22,2025-05-22 13:15:00-03:00,2025-05-22 14:15:00-03:00,long,5654.0,5675.5,21.5,211.0,take_profit
2025-05-23,2025-05-23 09:30:00-03:00,2025-05-23 13:00:00-03:00,short,5684.0,5655.0,29.0,286.0,take_profit
2025-05-28,2025-05-28 15:15:00-03:00,2025-05-29 06:00:00-03:00,short,5691.0,5700.5,-9.5,-99.0,stop_gap_open
2025-05-29,2025-05-29 14:00:00-03:00,2025-05-29 15:15:00-03:00,long,5668.0,5667.0,-1.0,-14.0,time_cutoff
2025-06-02,2025-06-02 10:30:00-03:00,2025-06-02 12:15:00-03:00,long,5734.5,5723.0,-11.5,-119.0,stop_loss
2025-06-02,2025-06-02 12:30:00-03:00,2025-06-02 15:15:00-03:00,short,5722.0,5710.0,12.0,116.0,time_cutoff
2025-06-04,2025-06-04 10:00:00-03:00,2025-06-04 14:30:00-03:00,long,5671.5,5669.0,-2.5,-29.0,opposite_cross
2025-06-04,2025-06-04 14:45:00-03:00,2025-06-04 15:15:00-03:00,short,5665.0,5667.0,-2.0,-24.0,time_cutoff
2025-06-06,2025-06-06 10:45:00-03:00,2025-06-06 12:15:00-03:00,short,5608.0,5591.0,17.0,166.0,take_profit
2025-06-09,2025-06-09 10:30:00-03:00,2025-06-09 12:30:00-03:00,short,5601.5,5585.5,16.0,156.0,take_profit
2025-06-10,2025-06-10 10:15:00-03:00,2025-06-10 15:15:00-03:00,long,5588.5,5597.0,8.5,81.0,time_cutoff
2025-06-11,2025-06-11 13:45:00-03:00,2025-06-11 14:45:00-03:00,long,5563.0,5555.5,-7.5,-79.0,stop_loss
2025-06-12,2025-06-12 09:15:00-03:00,2025-06-12 09:30:00-03:00,long,5562.0,5576.0,14.0,136.0,take_profit
2025-06-12,2025-06-12 13:00:00-03:00,2025-06-12 15:15:00-03:00,short,5563.0,5555.5,7.5,71.0,time_cutoff
2025-06-13,2025-06-13 09:30:00-03:00,2025-06-13 10:00:00-03:00,short,5560.0,5570.0,-10.0,-104.0,stop_loss
2025-06-17,2025-06-17 11:45:00-03:00,2025-06-17 12:30:00-03:00,long,5507.5,5520.5,13.0,126.0,take_profit
2025-06-18,2025-06-18 10:30:00-03:00,2025-06-18 12:00:00-03:00,long,5512.0,5504.0,-8.0,-84.0,stop_loss
2025-06-18,2025-06-18 14:45:00-03:00,2025-06-18 15:15:00-03:00,short,5503.5,5503.0,0.5,1.0,time_cutoff
2025-06-20,2025-06-20 09:15:00-03:00,2025-06-20 12:30:00-03:00,long,5518.0,5533.0,15.0,146.0,take_profit
2025-06-23,2025-06-23 11:00:00-03:00,2025-06-23 11:15:00-03:00,long,5530.0,5519.0,-11.0,-114.0,stop_loss
2025-06-24,2025-06-24 10:15:00-03:00,2025-06-24 11:30:00-03:00,long,5512.0,5502.5,-9.5,-99.0,stop_loss
2025-06-27,2025-06-27 12:30:00-03:00,2025-06-27 13:45:00-03:00,long,5494.0,5483.5,-10.5,-109.0,stop_loss
2025-06-27,2025-06-27 15:15:00-03:00,2025-06-30 06:00:00-03:00,short,5481.5,5525.5,-44.0,-444.0,stop_gap_open
2025-06-30,2025-06-30 09:15:00-03:00,2025-06-30 09:45:00-03:00,short,5487.5,5468.5,19.0,186.0,take_profit
2025-07-04,2025-07-04 11:15:00-03:00,2025-07-04 12:00:00-03:00,long,5451.0,5459.0,8.0,76.0,take_profit
2025-07-09,2025-07-09 10:30:00-03:00,2025-07-09 11:30:00-03:00,short,5484.5,5492.5,-8.0,-84.0,stop_loss
2025-07-09,2025-07-09 11:45:00-03:00,2025-07-09 12:00:00-03:00,long,5512.0,5526.0,14.0,136.0,take_profit
2025-07-10,2025-07-10 10:30:00-03:00,2025-07-10 10:45:00-03:00,short,5562.0,5582.0,-20.0,-204.0,stop_loss
2025-07-10,2025-07-10 13:45:00-03:00,2025-07-10 15:15:00-03:00,short,5571.0,5562.5,8.5,81.0,time_cutoff
2025-07-11,2025-07-11 11:45:00-03:00,2025-07-11 12:15:00-03:00,short,5586.0,5571.0,15.0,146.0,take_profit
2025-07-11,2025-07-11 15:15:00-03:00,2025-07-14 06:00:00-03:00,long,5591.0,5583.5,-7.5,-79.0,stop_loss
2025-07-15,2025-07-15 10:30:00-03:00,2025-07-15 11:00:00-03:00,long,5620.0,5607.0,-13.0,-134.0,stop_loss
2025-07-15,2025-07-15 12:30:00-03:00,2025-07-15 15:15:00-03:00,short,5582.5,5575.0,7.5,71.0,time_cutoff
2025-07-16,2025-07-16 09:30:00-03:00,2025-07-16 11:00:00-03:00,short,5584.5,5566.5,18.0,176.0,take_profit
2025-07-16,2025-07-16 14:30:00-03:00,2025-07-16 15:15:00-03:00,long,5587.5,5583.5,-4.0,-44.0,time_cutoff
2025-07-18,2025-07-18 09:45:00-03:00,2025-07-18 10:15:00-03:00,long,5575.5,5590.5,15.0,146.0,take_profit
2025-07-21,2025-07-21 13:30:00-03:00,2025-07-21 15:15:00-03:00,long,5582.0,5581.5,-0.5,-9.0,time_cutoff
2025-07-22,2025-07-22 09:30:00-03:00,2025-07-22 12:45:00-03:00,short,5576.0,5580.5,-4.5,-49.0,opposite_cross
2025-07-22,2025-07-22 13:00:00-03:00,2025-07-22 14:00:00-03:00,long,5578.5,5578.5,0.0,-4.0,opposite_cross
2025-07-22,2025-07-22 14:15:00-03:00,2025-07-22 15:15:00-03:00,short,5574.5,5574.5,-0.0,-4.0,time_cutoff
2025-07-24,2025-07-24 09:30:00-03:00,2025-07-24 10:00:00-03:00,long,5537.5,5529.0,-8.5,-89.0,stop_loss
2025-07-24,2025-07-24 12:00:00-03:00,2025-07-24 12:15:00-03:00,long,5539.5,5531.5,-8.0,-84.0,stop_loss
2025-07-28,2025-07-28 15:00:00-03:00,2025-07-28 15:15:00-03:00,short,5594.5,5594.0,0.5,1.0,time_cutoff
2025-07-29,2025-07-29 15:15:00-03:00,2025-07-30 06:15:00-03:00,long,5583.0,5592.5,9.5,91.0,take_profit
2025-07-30,2025-07-30 12:45:00-03:00,2025-07-30 13:00:00-03:00,short,5557.5,5575.0,-17.5,-179.0,stop_loss
2025-08-07,2025-08-07 10:00:00-03:00,2025-08-07 10:45:00-03:00,short,5488.5,5496.5,-8.0,-84.0,stop_loss
2025-08-08,2025-08-08 12:45:00-03:00,2025-08-08 15:15:00-03:00,long,5465.5,5464.5,-1.0,-14.0,time_cutoff
2025-08-11,2025-08-11 10:30:00-03:00,2025-08-11 10:45:00-03:00,short,5466.0,5474.0,-8.0,-84.0,stop_gap_open
2025-08-11,2025-08-11 12:30:00-03:00,2025-08-11 15:15:00-03:00,short,5469.0,5470.0,-1.0,-14.0,time_cutoff
2025-08-13,2025-08-13 09:45:00-03:00,2025-08-13 11:15:00-03:00,long,5425.0,5417.0,-8.0,-84.0,stop_loss
2025-08-15,2025-08-15 12:45:00-03:00,2025-08-15 13:30:00-03:00,long,5423.5,5418.0,-5.5,-59.0,stop_loss
2025-08-15,2025-08-15 14:00:00-03:00,2025-08-15 14:45:00-03:00,short,5420.0,5421.5,-1.5,-19.0,opposite_cross
2025-08-15,2025-08-15 15:00:00-03:00,2025-08-15 15:15:00-03:00,long,5422.0,5417.5,-4.5,-49.0,stop_loss
2025-08-20,2025-08-20 14:30:00-03:00,2025-08-20 15:15:00-03:00,long,5496.5,5490.0,-6.5,-69.0,stop_loss
2025-08-21,2025-08-21 11:45:00-03:00,2025-08-21 15:15:00-03:00,short,5488.0,5487.5,0.5,1.0,time_cutoff
2025-08-25,2025-08-25 14:15:00-03:00,2025-08-25 15:00:00-03:00,long,5423.5,5419.0,-4.5,-49.0,stop_loss
2025-08-25,2025-08-25 15:15:00-03:00,2025-08-26 06:00:00-03:00,short,5418.5,5410.0,8.5,81.0,target_gap_open
2025-08-26,2025-08-26 15:00:00-03:00,2025-08-26 15:15:00-03:00,short,5438.0,5440.0,-2.0,-24.0,time_cutoff
2025-08-27,2025-08-27 10:00:00-03:00,2025-08-27 10:45:00-03:00,short,5439.0,5428.0,11.0,106.0,take_profit
2025-08-28,2025-08-28 15:00:00-03:00,2025-08-28 15:15:00-03:00,long,5416.0,5415.0,-1.0,-14.0,time_cutoff
2025-09-01,2025-09-01 15:00:00-03:00,2025-09-01 15:15:00-03:00,short,5479.5,5481.0,-1.5,-19.0,time_cutoff
2025-09-02,2025-09-02 10:15:00-03:00,2025-09-02 11:45:00-03:00,short,5488.0,5497.5,-9.5,-99.0,stop_loss
2025-09-02,2025-09-02 12:45:00-03:00,2025-09-02 14:30:00-03:00,long,5511.5,5503.0,-8.5,-89.0,stop_loss
2025-09-03,2025-09-03 10:30:00-03:00,2025-09-03 12:15:00-03:00,long,5498.0,5490.0,-8.0,-84.0,stop_loss
2025-09-03,2025-09-03 14:00:00-03:00,2025-09-03 15:15:00-03:00,short,5488.5,5486.5,2.0,16.0,time_cutoff
2025-09-04,2025-09-04 12:15:00-03:00,2025-09-04 14:00:00-03:00,short,5477.5,5484.5,-7.0,-74.0,stop_loss
2025-09-05,2025-09-05 13:30:00-03:00,2025-09-05 14:00:00-03:00,long,5450.0,5443.5,-6.5,-69.0,stop_loss
2025-09-08,2025-09-08 12:45:00-03:00,2025-09-08 15:15:00-03:00,short,5451.5,5449.5,2.0,16.0,time_cutoff
2025-09-09,2025-09-09 10:00:00-03:00,2025-09-09 10:15:00-03:00,long,5457.0,5466.5,9.5,91.0,take_profit
2025-09-11,2025-09-11 13:30:00-03:00,2025-09-11 14:15:00-03:00,long,5416.5,5411.0,-5.5,-59.0,stop_loss
2025-09-17,2025-09-17 09:30:00-03:00,2025-09-17 11:45:00-03:00,long,5322.0,5316.5,-5.5,-59.0,stop_loss
2025-09-17,2025-09-17 12:15:00-03:00,2025-09-17 12:30:00-03:00,short,5306.0,5313.0,-7.0,-74.0,stop_loss
2025-09-17,2025-09-17 15:00:00-03:00,2025-09-17 15:15:00-03:00,long,5321.5,5323.0,1.5,11.0,time_cutoff
2025-09-18,2025-09-18 11:30:00-03:00,2025-09-18 12:15:00-03:00,short,5310.5,5318.0,-7.5,-79.0,stop_loss
2025-09-18,2025-09-18 12:45:00-03:00,2025-09-18 13:30:00-03:00,long,5316.5,5326.0,9.5,91.0,take_profit
2025-09-19,2025-09-19 13:00:00-03:00,2025-09-19 14:30:00-03:00,short,5332.0,5337.0,-5.0,-54.0,stop_loss
2025-09-19,2025-09-19 14:45:00-03:00,2025-09-19 15:15:00-03:00,long,5337.5,5344.0,6.5,61.0,take_profit
2025-09-22,2025-09-22 11:45:00-03:00,2025-09-22 15:15:00-03:00,short,5344.5,5344.5,-0.0,-4.0,time_cutoff
2025-09-29,2025-09-29 15:15:00-03:00,2025-09-30 06:00:00-03:00,long,5323.5,5355.0,31.5,311.0,target_gap_open
2025-10-01,2025-10-01 09:15:00-03:00,2025-10-01 13:00:00-03:00,long,5366.5,5362.0,-4.5,-49.0,opposite_cross
2025-10-01,2025-10-01 13:15:00-03:00,2025-10-01 13:45:00-03:00,short,5362.0,5368.0,-6.0,-64.0,stop_loss
2025-10-01,2025-10-01 14:15:00-03:00,2025-10-01 15:15:00-03:00,long,5370.5,5368.5,-2.0,-24.0,time_cutoff
2025-10-02,2025-10-02 13:00:00-03:00,2025-10-02 15:15:00-03:00,short,5379.0,5378.5,0.5,1.0,time_cutoff
2025-10-03,2025-10-03 11:00:00-03:00,2025-10-03 13:00:00-03:00,short,5377.5,5366.5,11.0,106.0,take_profit
2025-10-08,2025-10-08 10:15:00-03:00,2025-10-08 12:00:00-03:00,long,5378.0,5388.0,10.0,96.0,take_profit
2025-10-08,2025-10-08 14:00:00-03:00,2025-10-08 15:00:00-03:00,short,5373.5,5365.0,8.5,81.0,take_profit
2025-10-13,2025-10-13 14:30:00-03:00,2025-10-13 15:15:00-03:00,long,5487.5,5489.0,1.5,11.0,time_cutoff
2025-10-14,2025-10-14 10:45:00-03:00,2025-10-14 14:30:00-03:00,short,5493.5,5505.0,-11.5,-119.0,stop_loss
2025-10-14,2025-10-14 15:00:00-03:00,2025-10-14 15:15:00-03:00,long,5505.5,5503.0,-2.5,-29.0,time_cutoff
2025-10-15,2025-10-15 13:00:00-03:00,2025-10-15 15:00:00-03:00,long,5479.0,5471.0,-8.0,-84.0,stop_loss
2025-10-16,2025-10-16 11:45:00-03:00,2025-10-16 15:15:00-03:00,long,5466.5,5469.5,3.0,26.0,time_cutoff
2025-10-21,2025-10-21 09:45:00-03:00,2025-10-21 10:00:00-03:00,short,5388.5,5395.5,-7.0,-74.0,stop_loss
2025-10-21,2025-10-21 12:00:00-03:00,2025-10-21 15:15:00-03:00,long,5398.0,5404.0,6.0,56.0,time_cutoff
2025-10-22,2025-10-22 14:45:00-03:00,2025-10-22 15:15:00-03:00,short,5410.0,5412.0,-2.0,-24.0,time_cutoff
2025-10-24,2025-10-24 09:30:00-03:00,2025-10-24 15:15:00-03:00,long,5396.0,5398.5,2.5,21.0,time_cutoff
2025-10-29,2025-10-29 12:45:00-03:00,2025-10-29 15:15:00-03:00,long,5364.0,5361.0,-3.0,-34.0,time_cutoff
2025-10-30,2025-10-30 13:15:00-03:00,2025-10-30 13:30:00-03:00,short,5381.5,5381.0,0.5,1.0,opposite_cross
2025-10-30,2025-10-30 13:45:00-03:00,2025-10-30 15:15:00-03:00,long,5382.5,5383.5,1.0,6.0,time_cutoff
2025-10-31,2025-10-31 15:00:00-03:00,2025-10-31 15:15:00-03:00,short,5410.5,5410.5,-0.0,-4.0,time_cutoff
2025-11-06,2025-11-06 10:00:00-03:00,2025-11-06 12:30:00-03:00,long,5382.5,5375.0,-7.5,-79.0,stop_loss
2025-11-06,2025-11-06 13:15:00-03:00,2025-11-06 15:15:00-03:00,short,5379.5,5377.5,2.0,16.0,time_cutoff
2025-11-12,2025-11-12 15:00:00-03:00,2025-11-12 15:15:00-03:00,short,5310.0,5314.5,-4.5,-49.0,stop_gap_open
2025-11-13,2025-11-13 12:00:00-03:00,2025-11-13 12:30:00-03:00,long,5308.5,5317.0,8.5,81.0,take_profit
2025-11-14,2025-11-14 13:00:00-03:00,2025-11-14 15:15:00-03:00,long,5314.5,5316.5,2.0,16.0,time_cutoff
2025-11-18,2025-11-18 11:00:00-03:00,2025-11-18 11:15:00-03:00,short,5333.0,5340.5,-7.5,-79.0,stop_loss
2025-11-19,2025-11-19 14:45:00-03:00,2025-11-19 15:15:00-03:00,short,5345.5,5337.5,8.0,76.0,take_profit
2025-11-25,2025-11-25 12:00:00-03:00,2025-11-25 13:00:00-03:00,short,5386.5,5374.0,12.5,121.0,take_profit
2025-11-27,2025-11-27 10:30:00-03:00,2025-11-27 10:45:00-03:00,short,5342.0,5347.5,-5.5,-59.0,stop_loss
2025-11-27,2025-11-27 11:45:00-03:00,2025-11-27 12:00:00-03:00,long,5352.0,5347.0,-5.0,-54.0,stop_loss
2025-11-28,2025-11-28 12:45:00-03:00,2025-11-28 15:15:00-03:00,short,5369.0,5372.0,-3.0,-34.0,time_cutoff
2025-12-03,2025-12-03 14:00:00-03:00,2025-12-03 15:15:00-03:00,long,5345.5,5340.0,-5.5,-59.0,stop_loss
2025-12-04,2025-12-04 11:30:00-03:00,2025-12-04 12:15:00-03:00,long,5336.5,5345.0,8.5,81.0,take_profit
2025-12-08,2025-12-08 09:15:00-03:00,2025-12-08 09:30:00-03:00,long,5468.5,5495.0,26.5,261.0,take_profit
2025-12-08,2025-12-08 12:45:00-03:00,2025-12-08 14:45:00-03:00,short,5448.5,5462.0,-13.5,-139.0,stop_loss
2025-12-08,2025-12-08 15:15:00-03:00,2025-12-09 06:00:00-03:00,long,5463.0,5449.0,-14.0,-144.0,stop_gap_open
2025-12-09,2025-12-09 10:00:00-03:00,2025-12-09 11:45:00-03:00,short,5458.5,5472.5,-14.0,-144.0,stop_loss
2025-12-10,2025-12-10 14:15:00-03:00,2025-12-10 14:30:00-03:00,short,5484.0,5494.5,-10.5,-109.0,stop_loss
2025-12-12,2025-12-12 10:00:00-03:00,2025-12-12 10:45:00-03:00,long,5437.5,5427.0,-10.5,-109.0,stop_loss
2025-12-12,2025-12-12 12:00:00-03:00,2025-12-12 13:00:00-03:00,short,5422.5,5432.5,-10.0,-104.0,stop_loss
2025-12-12,2025-12-12 13:15:00-03:00,2025-12-12 15:00:00-03:00,long,5431.0,5444.5,13.5,131.0,take_profit
2025-12-15,2025-12-15 09:30:00-03:00,2025-12-15 09:45:00-03:00,long,5429.5,5420.5,-9.0,-94.0,stop_loss
2025-12-15,2025-12-15 10:15:00-03:00,2025-12-15 10:45:00-03:00,short,5417.0,5425.5,-8.5,-89.0,stop_loss
2025-12-15,2025-12-15 11:00:00-03:00,2025-12-15 12:15:00-03:00,long,5425.0,5437.5,12.5,121.0,take_profit
2025-12-18,2025-12-18 09:45:00-03:00,2025-12-18 11:15:00-03:00,short,5530.5,5543.0,-12.5,-129.0,stop_loss
2025-12-18,2025-12-18 14:30:00-03:00,2025-12-18 15:15:00-03:00,long,5534.0,5535.0,1.0,6.0,time_cutoff
2025-12-19,2025-12-19 12:00:00-03:00,2025-12-19 14:45:00-03:00,long,5540.5,5553.0,12.5,121.0,take_profit
2025-12-26,2025-12-26 12:30:00-03:00,2025-12-26 15:00:00-03:00,long,5549.0,5541.0,-8.0,-84.0,stop_loss
2025-12-29,2025-12-29 14:30:00-03:00,2025-12-29 15:15:00-03:00,short,5571.5,5575.0,-3.5,-39.0,time_cutoff
2026-01-05,2026-01-05 09:30:00-03:00,2026-01-05 11:15:00-03:00,short,5454.5,5440.0,14.5,141.0,take_profit
2026-01-07,2026-01-07 13:00:00-03:00,2026-01-07 15:15:00-03:00,short,5418.5,5421.5,-3.0,-34.0,time_cutoff
2026-01-08,2026-01-08 09:15:00-03:00,2026-01-08 09:30:00-03:00,short,5417.0,5424.5,-7.5,-79.0,stop_gap_open
2026-01-08,2026-01-08 11:00:00-03:00,2026-01-08 12:30:00-03:00,short,5417.5,5424.0,-6.5,-69.0,stop_loss
2026-01-08,2026-01-08 12:45:00-03:00,2026-01-08 13:30:00-03:00,long,5424.5,5419.0,-5.5,-59.0,stop_loss
2026-01-08,2026-01-08 15:00:00-03:00,2026-01-08 15:15:00-03:00,short,5419.0,5419.0,-0.0,-4.0,time_cutoff
2026-01-09,2026-01-09 15:15:00-03:00,2026-01-12 06:00:00-03:00,long,5397.5,5388.0,-9.5,-99.0,stop_gap_open
2026-01-12,2026-01-12 10:15:00-03:00,2026-01-12 11:15:00-03:00,short,5390.0,5398.5,-8.5,-89.0,stop_loss
2026-01-12,2026-01-12 12:30:00-03:00,2026-01-12 15:15:00-03:00,long,5397.0,5399.5,2.5,21.0,time_cutoff
2026-01-13,2026-01-13 09:30:00-03:00,2026-01-13 09:45:00-03:00,long,5414.0,5406.5,-7.5,-79.0,stop_gap_open
2026-01-13,2026-01-13 13:45:00-03:00,2026-01-13 15:15:00-03:00,short,5403.0,5396.5,6.5,61.0,time_cutoff
2026-01-14,2026-01-14 09:15:00-03:00,2026-01-14 12:45:00-03:00,long,5403.5,5421.0,17.5,171.0,take_profit
2026-01-15,2026-01-15 09:15:00-03:00,2026-01-15 09:45:00-03:00,short,5405.5,5392.0,13.5,131.0,take_profit
2026-01-16,2026-01-16 11:15:00-03:00,2026-01-16 15:15:00-03:00,short,5389.0,5388.5,0.5,1.0,time_cutoff
2026-01-19,2026-01-19 13:30:00-03:00,2026-01-19 15:15:00-03:00,long,5380.5,5388.5,8.0,76.0,take_profit
2026-01-20,2026-01-20 09:30:00-03:00,2026-01-20 11:30:00-03:00,short,5376.5,5385.5,-9.0,-94.0,stop_loss
2026-01-20,2026-01-20 12:45:00-03:00,2026-01-20 15:15:00-03:00,long,5392.0,5391.0,-1.0,-14.0,time_cutoff
2026-01-23,2026-01-23 09:30:00-03:00,2026-01-23 10:00:00-03:00,short,5295.5,5303.5,-8.0,-84.0,stop_loss
2026-01-26,2026-01-26 13:15:00-03:00,2026-01-26 14:30:00-03:00,long,5288.5,5282.0,-6.5,-69.0,stop_loss
2026-01-28,2026-01-28 10:00:00-03:00,2026-01-28 14:00:00-03:00,long,5214.5,5203.0,-11.5,-119.0,stop_loss
2026-01-28,2026-01-28 14:45:00-03:00,2026-01-28 15:15:00-03:00,short,5201.0,5200.0,1.0,6.0,time_cutoff
2026-01-29,2026-01-29 09:30:00-03:00,2026-01-29 09:45:00-03:00,long,5249.0,5235.5,-13.5,-139.0,stop_loss
2026-01-29,2026-01-29 12:30:00-03:00,2026-01-29 15:15:00-03:00,short,5199.5,5191.5,8.0,76.0,time_cutoff
2026-02-02,2026-02-02 11:30:00-03:00,2026-02-02 12:00:00-03:00,short,5286.5,5297.0,-10.5,-109.0,stop_loss
2026-02-02,2026-02-02 12:15:00-03:00,2026-02-02 14:00:00-03:00,long,5294.5,5288.0,-6.5,-69.0,opposite_cross
2026-02-02,2026-02-02 14:15:00-03:00,2026-02-02 15:15:00-03:00,short,5288.0,5288.0,-0.0,-4.0,time_cutoff
2026-02-03,2026-02-03 12:30:00-03:00,2026-02-03 13:45:00-03:00,long,5266.5,5280.5,14.0,136.0,take_profit
2026-02-04,2026-02-04 09:15:00-03:00,2026-02-04 09:30:00-03:00,long,5268.5,5282.5,14.0,136.0,take_profit
2026-02-04,2026-02-04 15:00:00-03:00,2026-02-04 15:15:00-03:00,short,5268.5,5268.0,0.5,1.0,time_cutoff
2026-02-05,2026-02-05 09:45:00-03:00,2026-02-05 10:15:00-03:00,long,5301.5,5290.5,-11.0,-114.0,stop_loss
2026-02-05,2026-02-05 12:15:00-03:00,2026-02-05 14:15:00-03:00,short,5279.0,5289.5,-10.5,-109.0,stop_loss
2026-02-05,2026-02-05 14:30:00-03:00,2026-02-05 15:00:00-03:00,long,5289.0,5301.0,12.0,116.0,take_profit
2026-02-10,2026-02-10 09:15:00-03:00,2026-02-10 10:30:00-03:00,long,5224.0,5215.0,-9.0,-94.0,stop_loss
2026-02-10,2026-02-10 14:00:00-03:00,2026-02-10 15:15:00-03:00,short,5215.5,5212.0,3.5,31.0,time_cutoff
2026-02-11,2026-02-11 13:45:00-03:00,2026-02-11 15:00:00-03:00,long,5204.0,5200.5,-3.5,-39.0,opposite_cross
2026-02-11,2026-02-11 15:15:00-03:00,2026-02-12 06:00:00-03:00,short,5199.0,5190.5,8.5,81.0,take_profit
2026-02-12,2026-02-12 10:30:00-03:00,2026-02-12 10:45:00-03:00,long,5216.5,5204.0,-12.5,-129.0,stop_gap_open
2026-02-13,2026-02-13 15:15:00-03:00,2026-02-18 10:00:00-03:00,short,5233.0,5218.0,15.0,146.0,target_gap_open
2026-02-18,2026-02-18 12:00:00-03:00,2026-02-18 12:15:00-03:00,long,5239.5,5253.0,13.5,131.0,take_profit
2026-02-19,2026-02-19 13:15:00-03:00,2026-02-19 14:30:00-03:00,long,5239.0,5232.0,-7.0,-74.0,stop_loss
2026-02-19,2026-02-19 14:45:00-03:00,2026-02-19 15:15:00-03:00,short,5228.0,5226.0,2.0,16.0,time_cutoff
2026-02-23,2026-02-23 13:00:00-03:00,2026-02-23 15:15:00-03:00,long,5174.0,5173.5,-0.5,-9.0,time_cutoff
2026-02-24,2026-02-24 09:15:00-03:00,2026-02-24 09:45:00-03:00,short,5169.5,5158.0,11.5,111.0,take_profit
2026-02-24,2026-02-24 14:45:00-03:00,2026-02-24 15:00:00-03:00,long,5161.5,5161.0,-0.5,-9.0,opposite_cross
2026-02-24,2026-02-24 15:15:00-03:00,2026-02-25 06:00:00-03:00,short,5160.5,5144.0,16.5,161.0,target_gap_open
2026-02-25,2026-02-25 09:30:00-03:00,2026-02-25 09:45:00-03:00,long,5164.5,5155.5,-9.0,-94.0,stop_loss
2026-02-25,2026-02-25 10:30:00-03:00,2026-02-25 11:30:00-03:00,short,5143.0,5128.5,14.5,141.0,take_profit
2026-02-26,2026-02-26 13:30:00-03:00,2026-02-26 15:15:00-03:00,short,5145.5,5139.5,6.0,56.0,time_cutoff
2026-02-27,2026-02-27 10:45:00-03:00,2026-02-27 12:15:00-03:00,short,5175.0,5185.0,-10.0,-104.0,stop_loss
2026-02-27,2026-02-27 14:00:00-03:00,2026-02-27 14:30:00-03:00,short,5175.5,5165.0,10.5,101.0,take_profit
2026-03-02,2026-03-02 12:15:00-03:00,2026-03-02 14:00:00-03:00,short,5210.5,5222.5,-12.0,-124.0,stop_loss
2026-03-03,2026-03-03 13:15:00-03:00,2026-03-03 15:15:00-03:00,short,5305.5,5322.0,-16.5,-169.0,stop_loss
2026-03-04,2026-03-04 15:00:00-03:00,2026-03-04 15:15:00-03:00,long,5267.0,5265.0,-2.0,-24.0,time_cutoff
2026-03-06,2026-03-06 10:15:00-03:00,2026-03-06 13:15:00-03:00,short,5305.5,5281.5,24.0,236.0,take_profit
2026-03-10,2026-03-10 14:15:00-03:00,2026-03-10 15:15:00-03:00,long,5184.5,5192.0,7.5,71.0,time_cutoff
2026-03-11,2026-03-11 11:15:00-03:00,2026-03-11 14:00:00-03:00,long,5188.5,5184.0,-4.5,-49.0,opposite_cross
2026-03-11,2026-03-11 14:15:00-03:00,2026-03-11 15:15:00-03:00,short,5185.0,5183.5,1.5,11.0,time_cutoff
2026-03-18,2026-03-18 09:30:00-03:00,2026-03-18 12:15:00-03:00,short,5219.5,5230.5,-11.0,-114.0,stop_loss
2026-03-18,2026-03-18 12:30:00-03:00,2026-03-18 13:15:00-03:00,long,5226.5,5242.0,15.5,151.0,take_profit
2026-03-19,2026-03-19 09:30:00-03:00,2026-03-19 13:00:00-03:00,short,5267.5,5237.0,30.5,301.0,take_profit
2026-03-24,2026-03-24 13:30:00-03:00,2026-03-24 14:15:00-03:00,short,5264.0,5246.5,17.5,171.0,take_profit
2026-03-25,2026-03-25 15:00:00-03:00,2026-03-25 15:15:00-03:00,long,5234.0,5235.5,1.5,11.0,time_cutoff
2026-03-27,2026-03-27 11:30:00-03:00,2026-03-27 11:45:00-03:00,long,5254.0,5243.5,-10.5,-109.0,stop_loss
2026-03-27,2026-03-27 14:00:00-03:00,2026-03-27 15:15:00-03:00,short,5240.5,5242.5,-2.0,-24.0,time_cutoff
