session_date,entry_time,exit_time,direction,entry_price,exit_price,volume,pnl_brl,balance_after_brl,entry_comment,exit_comment
2021-04-01,2021-04-01 11:11:21,2021-04-01 11:16:05,long,5691.5,5697.0,1.0,55.0,10055.0,WDOStalkerV101-L,tp 5697.000
2021-04-05,2021-04-05 10:19:20,2021-04-05 10:20:21,short,5660.5,5656.5,1.0,40.0,10095.0,WDOStalkerV101-S,tp 5656.000
2021-04-05,2021-04-05 10:33:16,2021-04-05 10:35:41,short,5657.0,5653.0,1.0,40.0,10135.0,WDOStalkerV101-S,tp 5652.500
2021-04-05,2021-04-05 11:22:32,2021-04-05 11:50:59,short,5654.5,5668.5,1.0,-140.0,9995.0,WDOStalkerV101-S,sl 5667.500
2021-04-06,2021-04-06 14:25:43,2021-04-06 14:33:38,short,5632.5,5629.0,1.0,35.0,10030.0,WDOStalkerV101-S,tp 5628.500
2021-04-07,2021-04-07 12:53:17,2021-04-07 12:56:09,long,5609.0,5614.5,1.0,55.0,10085.0,WDOStalkerV101-L,tp 5614.500
2021-04-07,2021-04-07 13:49:03,2021-04-07 13:50:41,long,5620.5,5626.0,1.0,55.0,10140.0,WDOStalkerV101-L,tp 5626.000
2021-04-08,2021-04-08 10:06:21,2021-04-08 10:09:00,short,5598.0,5593.5,1.0,45.0,10185.0,WDOStalkerV101-S,tp 5593.000
2021-04-08,2021-04-08 10:21:05,2021-04-08 10:23:43,short,5591.5,5587.0,1.0,45.0,10230.0,WDOStalkerV101-S,tp 5586.500
2021-04-08,2021-04-08 10:29:41,2021-04-08 10:31:43,short,5589.5,5585.0,1.0,45.0,10275.0,WDOStalkerV101-S,tp 5584.500
2021-04-08,2021-04-08 11:24:16,2021-04-08 11:27:40,long,5613.5,5619.0,1.0,55.0,10330.0,WDOStalkerV101-L,tp 5619.000
2021-04-08,2021-04-08 12:58:38,2021-04-08 12:59:41,short,5585.5,5580.5,1.0,50.0,10380.0,WDOStalkerV101-S,tp 5580.000
2021-04-09,2021-04-09 11:24:43,2021-04-09 11:26:05,long,5643.0,5647.5,1.0,45.0,10425.0,WDOStalkerV101-L,tp 5647.500
2021-04-09,2021-04-09 12:50:41,2021-04-09 12:51:21,long,5660.5,5665.0,1.0,45.0,10470.0,WDOStalkerV101-L,tp 5665.000
2021-04-12,2021-04-12 13:52:43,2021-04-12 14:10:32,long,5695.0,5699.5,1.0,45.0,10515.0,WDOStalkerV101-L,tp 5699.500
2021-04-13,2021-04-13 13:20:32,2021-04-13 13:42:21,short,5710.5,5704.5,1.0,60.0,10575.0,WDOStalkerV101-S,tp 5704.500
2021-04-16,2021-04-16 10:34:43,2021-04-16 10:36:32,long,5666.5,5671.0,1.0,45.0,10620.0,WDOStalkerV101-L,tp 5670.500
2021-04-16,2021-04-16 12:33:43,2021-04-16 12:51:08,short,5617.5,5613.0,1.0,45.0,10665.0,WDOStalkerV101-S,tp 5612.500
2021-04-19,2021-04-19 10:43:21,2021-04-19 10:52:43,long,5610.0,5597.0,1.0,-130.0,10535.0,WDOStalkerV101-L,sl 5597.500
2021-04-19,2021-04-19 11:56:20,2021-04-19 11:58:16,short,5565.5,5560.5,1.0,50.0,10585.0,WDOStalkerV101-S,tp 5560.000
2021-04-20,2021-04-20 10:29:02,2021-04-20 10:33:05,short,5541.5,5537.5,1.0,40.0,10625.0,WDOStalkerV101-S,tp 5537.000
2021-04-20,2021-04-20 12:23:20,2021-04-20 12:24:32,short,5528.0,5524.0,1.0,40.0,10665.0,WDOStalkerV101-S,tp 5523.500
2021-04-22,2021-04-22 11:59:21,2021-04-22 12:08:41,short,5502.5,5498.0,1.0,45.0,10710.0,WDOStalkerV101-S,tp 5497.500
2021-04-23,2021-04-23 10:12:21,2021-04-23 10:16:05,long,5456.5,5462.0,1.0,55.0,10765.0,WDOStalkerV101-L,tp 5461.000
2021-04-23,2021-04-23 10:31:20,2021-04-23 10:51:20,long,5462.5,5467.0,1.0,45.0,10810.0,WDOStalkerV101-L,tp 5467.000
2021-04-23,2021-04-23 12:54:43,2021-04-23 13:00:41,long,5501.5,5507.0,1.0,55.0,10865.0,WDOStalkerV101-L,tp 5506.500
2021-04-26,2021-04-26 10:49:05,2021-04-26 10:49:43,long,5480.0,5483.5,1.0,35.0,10900.0,WDOStalkerV101-L,tp 5483.500
2021-04-26,2021-04-26 11:29:05,2021-04-26 11:29:43,short,5453.5,5449.5,1.0,40.0,10940.0,WDOStalkerV101-S,tp 5449.500
2021-04-27,2021-04-27 10:06:21,2021-04-27 10:19:17,long,5447.5,5451.0,1.0,35.0,10975.0,WDOStalkerV101-L,tp 5451.000
2021-04-27,2021-04-27 10:37:00,2021-04-27 10:48:21,long,5454.5,5444.0,1.0,-105.0,10870.0,WDOStalkerV101-L,sl 5444.000
2021-04-27,2021-04-27 14:25:32,2021-04-27 15:05:43,short,5426.0,5439.0,1.0,-130.0,10740.0,WDOStalkerV101-S,sl 5438.000
2021-04-29,2021-04-29 10:41:43,2021-04-29 11:04:16,long,5371.0,5375.5,1.0,45.0,10785.0,WDOStalkerV101-L,tp 5375.500
2021-04-30,2021-04-30 10:12:58,2021-04-30 10:16:43,long,5377.5,5382.0,1.0,45.0,10830.0,WDOStalkerV101-L,tp 5381.500
2021-05-03,2021-05-03 12:02:16,2021-05-03 12:04:21,short,5422.5,5418.0,1.0,45.0,10875.0,WDOStalkerV101-S,tp 5417.500
2021-05-03,2021-05-03 13:00:59,2021-05-03 13:07:05,short,5407.0,5402.5,1.0,45.0,10920.0,WDOStalkerV101-S,tp 5402.000
2021-05-04,2021-05-04 10:22:23,2021-05-04 10:26:43,short,5472.0,5468.0,1.0,40.0,10960.0,WDOStalkerV101-S,tp 5468.000
2021-05-04,2021-05-04 10:33:21,2021-05-04 10:34:00,short,5470.5,5467.0,1.0,35.0,10995.0,WDOStalkerV101-S,tp 5466.500
2021-05-04,2021-05-04 10:51:21,2021-05-04 10:52:21,short,5457.5,5453.5,1.0,40.0,11035.0,WDOStalkerV101-S,tp 5453.000
2021-05-04,2021-05-04 11:12:21,2021-05-04 11:26:21,short,5455.5,5468.5,1.0,-130.0,10905.0,WDOStalkerV101-S,sl 5468.000
2021-05-04,2021-05-04 14:25:21,2021-05-04 14:26:32,short,5442.0,5438.0,1.0,40.0,10945.0,WDOStalkerV101-S,tp 5437.500
2021-05-06,2021-05-06 10:02:14,2021-05-06 10:03:21,short,5343.0,5337.5,1.0,55.0,11000.0,WDOStalkerV101-S,tp 5339.000
2021-05-06,2021-05-06 10:06:14,2021-05-06 10:07:41,short,5340.0,5336.0,1.0,40.0,11040.0,WDOStalkerV101-S,tp 5336.000
2021-05-06,2021-05-06 13:32:16,2021-05-06 14:10:43,short,5298.5,5294.5,1.0,40.0,11080.0,WDOStalkerV101-S,tp 5294.000
2021-05-07,2021-05-07 10:07:14,2021-05-07 10:13:21,short,5260.0,5256.0,1.0,40.0,11120.0,WDOStalkerV101-S,tp 5256.000
2021-05-07,2021-05-07 13:36:43,2021-05-07 13:41:41,short,5237.0,5233.0,1.0,40.0,11160.0,WDOStalkerV101-S,tp 5232.500
2021-05-10,2021-05-10 10:38:10,2021-05-10 10:44:10,short,5233.0,5230.5,1.0,25.0,11185.0,WDOStalkerV101-S,tp 5230.000
2021-05-10,2021-05-10 11:30:16,2021-05-10 11:53:20,short,5220.5,5231.0,1.0,-105.0,11080.0,WDOStalkerV101-S,sl 5230.500
2021-05-11,2021-05-11 10:36:10,2021-05-11 10:39:21,long,5275.0,5278.5,1.0,35.0,11115.0,WDOStalkerV101-L,tp 5278.500
2021-05-11,2021-05-11 13:11:29,2021-05-11 13:15:41,short,5232.0,5227.5,1.0,45.0,11160.0,WDOStalkerV101-S,tp 5227.500
2021-05-12,2021-05-12 12:42:41,2021-05-12 13:13:43,long,5265.0,5270.0,1.0,50.0,11210.0,WDOStalkerV101-L,tp 5270.000
2021-05-13,2021-05-13 11:29:08,2021-05-13 11:34:43,short,5278.5,5274.0,1.0,45.0,11255.0,WDOStalkerV101-S,tp 5273.500
2021-05-14,2021-05-14 10:24:41,2021-05-14 10:30:02,short,5279.5,5274.5,1.0,50.0,11305.0,WDOStalkerV101-S,tp 5274.500
2021-05-14,2021-05-14 10:51:21,2021-05-14 10:52:43,short,5275.5,5271.5,1.0,40.0,11345.0,WDOStalkerV101-S,tp 5271.000
2021-05-14,2021-05-14 11:04:16,2021-05-14 11:14:32,short,5273.5,5269.0,1.0,45.0,11390.0,WDOStalkerV101-S,tp 5268.500
2021-05-14,2021-05-14 13:00:05,2021-05-14 13:05:05,short,5270.0,5265.5,1.0,45.0,11435.0,WDOStalkerV101-S,tp 5265.000
2021-05-17,2021-05-17 10:02:10,2021-05-17 10:05:10,long,5316.5,5307.0,1.0,-95.0,11340.0,WDOStalkerV101-L,sl 5307.000
2021-05-17,2021-05-17 12:32:43,2021-05-17 12:35:05,short,5275.0,5271.0,1.0,40.0,11380.0,WDOStalkerV101-S,tp 5270.500
2021-05-17,2021-05-17 14:28:41,2021-05-17 14:46:32,short,5271.0,5267.0,1.0,40.0,11420.0,WDOStalkerV101-S,tp 5266.500
2021-05-18,2021-05-18 11:13:32,2021-05-18 11:16:43,long,5277.5,5281.0,1.0,35.0,11455.0,WDOStalkerV101-L,tp 5281.000
2021-05-18,2021-05-18 13:02:10,2021-05-18 13:19:05,short,5249.5,5262.0,1.0,-125.0,11330.0,WDOStalkerV101-S,sl 5261.500
2021-05-19,2021-05-19 11:14:21,2021-05-19 11:15:32,long,5302.0,5305.5,1.0,35.0,11365.0,WDOStalkerV101-L,tp 5305.500
2021-05-20,2021-05-20 10:34:20,2021-05-20 10:45:21,short,5292.5,5287.5,1.0,50.0,11415.0,WDOStalkerV101-S,tp 5288.000
2021-05-20,2021-05-20 12:51:43,2021-05-20 13:04:41,short,5288.5,5284.5,1.0,40.0,11455.0,WDOStalkerV101-S,tp 5285.000
2021-05-21,2021-05-21 10:11:21,2021-05-21 10:13:41,short,5285.0,5283.0,1.0,20.0,11475.0,WDOStalkerV101-S,tp 5282.500
2021-05-21,2021-05-21 11:28:32,2021-05-21 11:36:59,long,5307.5,5310.5,1.0,30.0,11505.0,WDOStalkerV101-L,tp 5310.500
2021-05-21,2021-05-21 11:44:16,2021-05-21 11:45:43,long,5312.0,5315.5,1.0,35.0,11540.0,WDOStalkerV101-L,tp 5315.500
2021-05-24,2021-05-24 13:24:21,2021-05-24 13:26:43,short,5330.0,5327.5,1.0,25.0,11565.0,WDOStalkerV101-S,tp 5327.000
2021-05-25,2021-05-25 10:44:14,2021-05-25 10:51:17,long,5316.5,5319.0,1.0,25.0,11590.0,WDOStalkerV101-L,tp 5319.000
2021-05-25,2021-05-25 11:00:21,2021-05-25 11:01:32,long,5320.5,5323.0,1.0,25.0,11615.0,WDOStalkerV101-L,tp 5323.000
2021-05-26,2021-05-26 10:38:20,2021-05-26 10:39:08,long,5334.0,5337.0,1.0,30.0,11645.0,WDOStalkerV101-L,tp 5337.000
2021-05-27,2021-05-27 13:04:59,2021-05-27 13:10:29,short,5273.5,5271.0,1.0,25.0,11670.0,WDOStalkerV101-S,tp 5270.500
2021-05-28,2021-05-28 10:06:05,2021-05-28 10:06:43,short,5244.0,5241.0,1.0,30.0,11700.0,WDOStalkerV101-S,tp 5240.500
2021-05-28,2021-05-28 10:10:02,2021-05-28 10:10:21,short,5240.5,5237.5,1.0,30.0,11730.0,WDOStalkerV101-S,tp 5237.000
2021-05-28,2021-05-28 10:22:05,2021-05-28 10:23:41,short,5235.0,5231.5,1.0,35.0,11765.0,WDOStalkerV101-S,tp 5231.500
2021-05-28,2021-05-28 10:37:59,2021-05-28 10:50:30,short,5235.0,5232.0,1.0,30.0,11795.0,WDOStalkerV101-S,tp 5231.500
2021-05-28,2021-05-28 13:35:32,2021-05-28 14:02:32,short,5230.5,5228.0,1.0,25.0,11820.0,WDOStalkerV101-S,tp 5227.500
2021-05-31,2021-05-31 10:08:13,2021-05-31 10:16:05,short,5234.0,5232.0,1.0,20.0,11840.0,WDOStalkerV101-S,tp 5231.500
2021-05-31,2021-05-31 10:46:41,2021-05-31 11:00:07,short,5222.5,5230.5,1.0,-80.0,11760.0,WDOStalkerV101-S,sl 5230.000
2021-05-31,2021-05-31 13:48:32,2021-05-31 14:01:32,long,5260.5,5251.5,1.0,-90.0,11670.0,WDOStalkerV101-L,sl 5251.500
2021-06-01,2021-06-01 10:55:00,2021-06-01 10:56:05,short,5175.5,5172.5,1.0,30.0,11700.0,WDOStalkerV101-S,tp 5172.000
2021-06-02,2021-06-02 10:19:00,2021-06-02 10:24:05,long,5181.5,5184.0,1.0,25.0,11725.0,WDOStalkerV101-L,tp 5184.000
2021-06-04,2021-06-04 11:50:07,2021-06-04 11:59:06,short,5080.5,5077.0,1.0,35.0,11760.0,WDOStalkerV101-S,tp 5076.500
2021-06-07,2021-06-07 10:21:43,2021-06-07 10:41:59,long,5069.0,5060.0,1.0,-90.0,11670.0,WDOStalkerV101-L,sl 5061.000
2021-06-07,2021-06-07 13:13:21,2021-06-07 13:39:41,short,5045.0,5055.5,1.0,-105.0,11565.0,WDOStalkerV101-S,sl 5055.000
2021-06-08,2021-06-08 10:15:21,2021-06-08 10:21:10,long,5064.0,5067.0,1.0,30.0,11595.0,WDOStalkerV101-L,tp 5067.000
2021-06-08,2021-06-08 11:06:21,2021-06-08 11:07:59,long,5069.5,5073.0,1.0,35.0,11630.0,WDOStalkerV101-L,tp 5072.500
2021-06-08,2021-06-08 12:50:41,2021-06-08 13:04:43,short,5045.0,5055.0,1.0,-100.0,11530.0,WDOStalkerV101-S,sl 5054.500
2021-06-09,2021-06-09 10:17:43,2021-06-09 10:22:21,long,5053.5,5046.0,1.0,-75.0,11455.0,WDOStalkerV101-L,sl 5046.000
2021-06-10,2021-06-10 12:37:59,2021-06-10 13:09:32,long,5079.5,5083.5,1.0,40.0,11495.0,WDOStalkerV101-L,tp 5083.500
2021-06-10,2021-06-10 13:50:32,2021-06-10 14:30:00,long,5087.0,5091.5,1.0,45.0,11540.0,WDOStalkerV101-L,tp 5091.500
2021-06-11,2021-06-11 14:18:32,2021-06-11 14:21:43,long,5125.0,5129.0,1.0,40.0,11580.0,WDOStalkerV101-L,tp 5128.500
2021-06-14,2021-06-14 10:41:41,2021-06-14 10:45:41,short,5094.5,5092.5,1.0,20.0,11600.0,WDOStalkerV101-S,tp 5092.000
2021-06-14,2021-06-14 11:07:43,2021-06-14 11:08:32,short,5094.0,5092.0,1.0,20.0,11620.0,WDOStalkerV101-S,tp 5091.500
2021-06-15,2021-06-15 11:34:16,2021-06-15 11:35:32,long,5101.5,5104.5,1.0,30.0,11650.0,WDOStalkerV101-L,tp 5104.500
2021-06-17,2021-06-17 10:44:59,2021-06-17 11:07:02,short,5041.0,5035.5,1.0,55.0,11705.0,WDOStalkerV101-S,tp 5035.000
2021-06-17,2021-06-17 12:06:21,2021-06-17 12:08:43,short,5039.0,5035.0,1.0,40.0,11745.0,WDOStalkerV101-S,tp 5034.500
2021-06-17,2021-06-17 12:48:05,2021-06-17 13:22:32,short,5032.0,5028.0,1.0,40.0,11785.0,WDOStalkerV101-S,tp 5027.500
2021-06-18,2021-06-18 10:02:16,2021-06-18 10:04:16,short,5010.0,5007.5,1.0,25.0,11810.0,WDOStalkerV101-S,tp 5007.000
2021-06-18,2021-06-18 10:08:16,2021-06-18 10:13:05,short,5007.0,5004.5,1.0,25.0,11835.0,WDOStalkerV101-S,tp 5004.000
2021-06-18,2021-06-18 10:36:20,2021-06-18 10:46:10,short,4999.5,5009.0,1.0,-95.0,11740.0,WDOStalkerV101-S,sl 5008.500
2021-06-18,2021-06-18 11:38:47,2021-06-18 11:46:19,long,5044.5,5048.5,1.0,40.0,11780.0,WDOStalkerV101-L,tp 5048.500
2021-06-21,2021-06-21 10:46:02,2021-06-21 11:01:17,short,5052.5,5049.0,1.0,35.0,11815.0,WDOStalkerV101-S,tp 5048.500
2021-06-21,2021-06-21 11:13:20,2021-06-21 11:15:10,short,5051.0,5047.5,1.0,35.0,11850.0,WDOStalkerV101-S,tp 5047.000
2021-06-22,2021-06-22 12:43:16,2021-06-22 12:44:35,short,5017.5,5014.0,1.0,35.0,11885.0,WDOStalkerV101-S,tp 5013.500
2021-06-23,2021-06-23 10:20:20,2021-06-23 10:21:38,long,4964.5,4968.0,1.0,35.0,11920.0,WDOStalkerV101-L,tp 4968.000
2021-06-23,2021-06-23 11:58:01,2021-06-23 11:58:21,long,4972.5,4977.0,1.0,45.0,11965.0,WDOStalkerV101-L,tp 4976.500
2021-06-25,2021-06-25 12:39:59,2021-06-25 13:49:32,long,4934.5,4938.0,1.0,35.0,12000.0,WDOStalkerV101-L,tp 4938.000
2021-06-28,2021-06-28 10:14:43,2021-06-28 10:21:32,short,4947.5,4944.0,1.0,35.0,12035.0,WDOStalkerV101-S,tp 4943.500
2021-06-28,2021-06-28 10:40:21,2021-06-28 11:15:02,short,4939.5,4951.5,1.0,-120.0,11915.0,WDOStalkerV101-S,sl 4951.000
2021-06-29,2021-06-29 11:15:14,2021-06-29 11:16:00,long,4956.0,4959.0,1.0,30.0,11945.0,WDOStalkerV101-L,tp 4959.000
2021-06-29,2021-06-29 11:28:03,2021-06-29 11:28:43,long,4961.5,4964.5,1.0,30.0,11975.0,WDOStalkerV101-L,tp 4964.500
2021-06-30,2021-06-30 10:39:43,2021-06-30 10:46:05,long,5012.0,5016.0,1.0,40.0,12015.0,WDOStalkerV101-L,tp 5015.500
2021-06-30,2021-06-30 13:01:43,2021-06-30 13:04:05,long,5021.0,5025.5,1.0,45.0,12060.0,WDOStalkerV101-L,tp 5025.500
2021-07-01,2021-07-01 10:08:32,2021-07-01 10:19:59,short,4969.5,4966.5,1.0,30.0,12090.0,WDOStalkerV101-S,tp 4966.500
2021-07-01,2021-07-01 10:47:02,2021-07-01 10:48:43,long,4995.5,4999.0,1.0,35.0,12125.0,WDOStalkerV101-L,tp 4998.500
2021-07-02,2021-07-02 10:39:43,2021-07-02 10:41:21,short,5020.5,5033.0,1.0,-125.0,12000.0,WDOStalkerV101-S,sl 5032.500
2021-07-02,2021-07-02 11:18:16,2021-07-02 11:18:43,long,5067.0,5072.5,1.0,55.0,12055.0,WDOStalkerV101-L,tp 5072.500
2021-07-05,2021-07-05 10:04:43,2021-07-05 10:05:16,long,5080.5,5083.0,1.0,25.0,12080.0,WDOStalkerV101-L,tp 5083.000
2021-07-05,2021-07-05 11:16:05,2021-07-05 11:20:41,long,5090.0,5093.0,1.0,30.0,12110.0,WDOStalkerV101-L,tp 5093.000
2021-07-05,2021-07-05 12:02:16,2021-07-05 12:08:41,long,5090.5,5093.5,1.0,30.0,12140.0,WDOStalkerV101-L,tp 5093.500
2021-07-05,2021-07-05 12:33:59,2021-07-05 12:47:06,long,5096.5,5099.5,1.0,30.0,12170.0,WDOStalkerV101-L,tp 5099.500
2021-07-07,2021-07-07 10:16:02,2021-07-07 10:17:16,long,5217.0,5221.0,1.0,40.0,12210.0,WDOStalkerV101-L,tp 5221.000
2021-07-07,2021-07-07 12:44:40,2021-07-07 12:46:41,long,5267.0,5272.0,1.0,50.0,12260.0,WDOStalkerV101-L,tp 5272.000
2021-07-08,2021-07-08 10:30:02,2021-07-08 10:30:16,short,5282.0,5276.5,1.0,55.0,12315.0,WDOStalkerV101-S,tp 5276.000
2021-07-08,2021-07-08 10:36:21,2021-07-08 10:46:21,short,5280.5,5298.0,1.0,-175.0,12140.0,WDOStalkerV101-S,sl 5296.500
2021-07-08,2021-07-08 11:25:16,2021-07-08 11:33:59,long,5307.0,5313.0,1.0,60.0,12200.0,WDOStalkerV101-L,tp 5312.500
2021-07-08,2021-07-08 12:07:14,2021-07-08 12:14:40,short,5283.0,5277.5,1.0,55.0,12255.0,WDOStalkerV101-S,tp 5277.000
2021-07-08,2021-07-08 14:17:59,2021-07-08 14:34:17,short,5266.5,5260.5,1.0,60.0,12315.0,WDOStalkerV101-S,tp 5260.000
2021-07-12,2021-07-12 10:15:21,2021-07-12 10:16:32,short,5258.0,5254.5,1.0,35.0,12350.0,WDOStalkerV101-S,tp 5254.000
2021-07-12,2021-07-12 10:38:15,2021-07-12 10:39:16,short,5256.5,5253.0,1.0,35.0,12385.0,WDOStalkerV101-S,tp 5252.500
2021-07-13,2021-07-13 10:02:43,2021-07-13 10:03:05,long,5220.0,5224.0,1.0,40.0,12425.0,WDOStalkerV101-L,tp 5223.500
2021-07-13,2021-07-13 11:33:43,2021-07-13 11:41:21,short,5183.5,5179.0,1.0,45.0,12470.0,WDOStalkerV101-S,tp 5179.000
2021-07-13,2021-07-13 14:18:43,2021-07-13 14:23:05,short,5181.5,5177.0,1.0,45.0,12515.0,WDOStalkerV101-S,tp 5176.500
2021-07-15,2021-07-15 10:33:20,2021-07-15 10:34:32,long,5096.0,5100.0,1.0,40.0,12555.0,WDOStalkerV101-L,tp 5100.000
2021-07-15,2021-07-15 10:58:41,2021-07-15 11:01:16,long,5103.0,5108.5,1.0,55.0,12610.0,WDOStalkerV101-L,tp 5107.500
2021-07-15,2021-07-15 13:38:02,2021-07-15 13:42:43,long,5115.5,5121.0,1.0,55.0,12665.0,WDOStalkerV101-L,tp 5120.500
2021-07-16,2021-07-16 10:56:32,2021-07-16 11:05:05,long,5123.0,5112.0,1.0,-110.0,12555.0,WDOStalkerV101-L,sl 5112.000
2021-07-16,2021-07-16 12:04:43,2021-07-16 12:05:41,short,5096.5,5092.5,1.0,40.0,12595.0,WDOStalkerV101-S,tp 5092.000
2021-07-19,2021-07-19 11:34:05,2021-07-19 11:34:43,long,5203.0,5209.0,1.0,60.0,12655.0,WDOStalkerV101-L,tp 5208.000
2021-07-20,2021-07-20 10:47:29,2021-07-20 10:55:02,long,5285.5,5274.5,1.0,-110.0,12545.0,WDOStalkerV101-L,sl 5275.000
2021-07-20,2021-07-20 11:28:14,2021-07-20 11:29:05,short,5253.0,5249.0,1.0,40.0,12585.0,WDOStalkerV101-S,tp 5248.500
2021-07-20,2021-07-20 13:05:16,2021-07-20 13:35:05,short,5232.0,5227.0,1.0,50.0,12635.0,WDOStalkerV101-S,tp 5226.500
2021-07-21,2021-07-21 10:00:14,2021-07-21 10:01:21,long,5264.0,5268.0,1.0,40.0,12675.0,WDOStalkerV101-L,tp 5267.500
2021-07-21,2021-07-21 11:40:32,2021-07-21 11:57:43,long,5271.0,5259.0,1.0,-120.0,12555.0,WDOStalkerV101-L,sl 5259.500
2021-07-22,2021-07-22 10:43:40,2021-07-22 10:56:16,long,5206.5,5210.5,1.0,40.0,12595.0,WDOStalkerV101-L,tp 5210.500
2021-07-22,2021-07-22 11:17:32,2021-07-22 11:40:20,long,5214.0,5219.5,1.0,55.0,12650.0,WDOStalkerV101-L,tp 5218.500
2021-07-22,2021-07-22 12:54:47,2021-07-22 13:17:59,long,5216.0,5203.0,1.0,-130.0,12520.0,WDOStalkerV101-L,sl 5203.500
2021-07-23,2021-07-23 10:08:05,2021-07-23 10:08:43,short,5173.5,5171.0,1.0,25.0,12545.0,WDOStalkerV101-S,tp 5170.500
2021-07-23,2021-07-23 12:09:43,2021-07-23 12:23:14,short,5172.5,5182.5,1.0,-100.0,12445.0,WDOStalkerV101-S,sl 5182.000
2021-07-26,2021-07-26 12:27:05,2021-07-26 12:31:32,short,5183.5,5180.0,1.0,35.0,12480.0,WDOStalkerV101-S,tp 5179.500
2021-07-27,2021-07-27 11:19:43,2021-07-27 11:21:21,short,5173.0,5170.0,1.0,30.0,12510.0,WDOStalkerV101-S,tp 5169.500
2021-07-27,2021-07-27 12:35:05,2021-07-27 12:59:43,short,5166.0,5162.5,1.0,35.0,12545.0,WDOStalkerV101-S,tp 5162.000
2021-07-29,2021-07-29 11:18:21,2021-07-29 11:21:41,short,5069.0,5065.0,1.0,40.0,12585.0,WDOStalkerV101-S,tp 5064.500
2021-07-29,2021-07-29 13:44:17,2021-07-29 14:06:05,short,5056.0,5067.0,1.0,-110.0,12475.0,WDOStalkerV101-S,sl 5066.500
2021-08-02,2021-08-02 12:09:59,2021-08-02 12:18:41,short,5161.0,5156.5,1.0,45.0,12520.0,WDOStalkerV101-S,tp 5156.000
2021-08-02,2021-08-02 13:04:43,2021-08-02 13:10:42,short,5155.5,5151.0,1.0,45.0,12565.0,WDOStalkerV101-S,tp 5150.500
2021-08-03,2021-08-03 12:05:10,2021-08-03 12:19:43,long,5262.5,5268.5,1.0,60.0,12625.0,WDOStalkerV101-L,tp 5268.500
2021-08-04,2021-08-04 11:42:43,2021-08-04 11:44:42,long,5238.0,5243.5,1.0,55.0,12680.0,WDOStalkerV101-L,tp 5243.500
2021-08-04,2021-08-04 13:13:17,2021-08-04 13:20:43,long,5245.0,5251.0,1.0,60.0,12740.0,WDOStalkerV101-L,tp 5251.000
2021-08-05,2021-08-05 10:47:14,2021-08-05 10:57:21,short,5142.5,5138.0,1.0,45.0,12785.0,WDOStalkerV101-S,tp 5138.000
2021-08-06,2021-08-06 10:32:14,2021-08-06 10:45:29,short,5239.5,5257.0,1.0,-175.0,12610.0,WDOStalkerV101-S,sl 5256.500
2021-08-09,2021-08-09 12:22:05,2021-08-09 12:23:43,long,5296.5,5301.5,1.0,50.0,12660.0,WDOStalkerV101-L,tp 5301.500
2021-08-10,2021-08-10 10:18:02,2021-08-10 10:18:16,short,5245.0,5241.0,1.0,40.0,12700.0,WDOStalkerV101-S,tp 5240.500
2021-08-10,2021-08-10 12:00:21,2021-08-10 12:01:59,short,5241.5,5237.0,1.0,45.0,12745.0,WDOStalkerV101-S,tp 5236.500
2021-08-10,2021-08-10 13:16:17,2021-08-10 13:20:16,short,5224.0,5218.5,1.0,55.0,12800.0,WDOStalkerV101-S,tp 5218.500
2021-08-10,2021-08-10 14:25:43,2021-08-10 14:26:05,short,5220.0,5215.0,1.0,50.0,12850.0,WDOStalkerV101-S,tp 5214.500
2021-08-11,2021-08-11 11:50:05,2021-08-11 11:57:02,long,5231.5,5236.0,1.0,45.0,12895.0,WDOStalkerV101-L,tp 5236.000
2021-08-12,2021-08-12 10:17:21,2021-08-12 10:18:32,long,5254.0,5257.0,1.0,30.0,12925.0,WDOStalkerV101-L,tp 5257.000
2021-08-12,2021-08-12 11:47:21,2021-08-12 12:00:43,long,5257.0,5261.0,1.0,40.0,12965.0,WDOStalkerV101-L,tp 5261.000
2021-08-12,2021-08-12 12:13:00,2021-08-12 12:15:05,long,5259.5,5263.5,1.0,40.0,13005.0,WDOStalkerV101-L,tp 5263.500
2021-08-12,2021-08-12 14:25:43,2021-08-12 14:29:32,short,5234.5,5231.0,1.0,35.0,13040.0,WDOStalkerV101-S,tp 5230.500
2021-08-13,2021-08-13 10:51:59,2021-08-13 10:54:00,long,5278.0,5282.0,1.0,40.0,13080.0,WDOStalkerV101-L,tp 5282.000
2021-08-13,2021-08-13 11:35:43,2021-08-13 11:47:02,long,5281.0,5269.0,1.0,-120.0,12960.0,WDOStalkerV101-L,sl 5269.000
2021-08-13,2021-08-13 12:46:43,2021-08-13 12:48:38,short,5251.5,5247.0,1.0,45.0,13005.0,WDOStalkerV101-S,tp 5246.500
2021-08-16,2021-08-16 10:32:02,2021-08-16 10:32:59,short,5271.0,5266.5,1.0,45.0,13050.0,WDOStalkerV101-S,tp 5267.500
2021-08-16,2021-08-16 12:06:21,2021-08-16 12:09:43,short,5257.5,5253.0,1.0,45.0,13095.0,WDOStalkerV101-S,tp 5253.500
2021-08-17,2021-08-17 10:25:14,2021-08-17 10:30:14,long,5298.5,5289.0,1.0,-95.0,13000.0,WDOStalkerV101-L,sl 5289.000
2021-08-17,2021-08-17 10:42:21,2021-08-17 10:44:16,short,5271.5,5267.5,1.0,40.0,13040.0,WDOStalkerV101-S,tp 5267.500
2021-08-17,2021-08-17 11:34:43,2021-08-17 11:36:32,short,5269.0,5265.0,1.0,40.0,13080.0,WDOStalkerV101-S,tp 5264.500
2021-08-17,2021-08-17 12:38:43,2021-08-17 12:44:43,short,5262.0,5257.5,1.0,45.0,13125.0,WDOStalkerV101-S,tp 5257.500
2021-08-18,2021-08-18 11:47:10,2021-08-18 11:49:14,long,5318.0,5322.5,1.0,45.0,13170.0,WDOStalkerV101-L,tp 5322.500
2021-08-18,2021-08-18 14:22:59,2021-08-18 14:30:21,long,5341.0,5346.5,1.0,55.0,13225.0,WDOStalkerV101-L,tp 5346.500
2021-08-19,2021-08-19 10:36:20,2021-08-19 10:37:21,short,5421.0,5415.5,1.0,55.0,13280.0,WDOStalkerV101-S,tp 5415.000
2021-08-19,2021-08-19 11:00:14,2021-08-19 11:01:43,short,5419.0,5413.0,1.0,60.0,13340.0,WDOStalkerV101-S,tp 5412.500
2021-08-19,2021-08-19 11:21:32,2021-08-19 11:36:43,short,5411.0,5429.5,1.0,-185.0,13155.0,WDOStalkerV101-S,sl 5428.500
2021-08-20,2021-08-20 10:06:43,2021-08-20 10:11:02,long,5471.0,5476.0,1.0,50.0,13205.0,WDOStalkerV101-L,tp 5476.000
2021-08-20,2021-08-20 11:41:02,2021-08-20 11:41:21,short,5441.0,5436.5,1.0,45.0,13250.0,WDOStalkerV101-S,tp 5436.000
2021-08-23,2021-08-23 10:45:02,2021-08-23 10:45:16,long,5384.0,5389.5,1.0,55.0,13305.0,WDOStalkerV101-L,tp 5388.500
2021-08-23,2021-08-23 12:58:41,2021-08-23 13:35:29,long,5391.5,5377.0,1.0,-145.0,13160.0,WDOStalkerV101-L,sl 5377.000
2021-08-25,2021-08-25 10:38:13,2021-08-25 10:39:03,long,5264.0,5267.5,1.0,35.0,13195.0,WDOStalkerV101-L,tp 5267.500
2021-08-26,2021-08-26 12:10:21,2021-08-26 12:33:43,long,5251.0,5254.0,1.0,30.0,13225.0,WDOStalkerV101-L,tp 5254.000
2021-08-27,2021-08-27 10:59:16,2021-08-27 11:00:03,short,5235.5,5246.0,1.0,-105.0,13120.0,WDOStalkerV101-S,sl 5245.500
2021-08-27,2021-08-27 11:04:05,2021-08-27 11:04:32,short,5227.0,5223.5,1.0,35.0,13155.0,WDOStalkerV101-S,tp 5223.000
2021-08-27,2021-08-27 11:21:16,2021-08-27 11:33:27,short,5224.0,5220.5,1.0,35.0,13190.0,WDOStalkerV101-S,tp 5220.000
2021-08-27,2021-08-27 14:14:03,2021-08-27 15:16:30,short,5210.5,5206.5,1.0,40.0,13230.0,WDOStalkerV101-S,tp 5206.000
2021-08-30,2021-08-30 11:10:32,2021-08-30 11:11:32,short,5202.5,5199.5,1.0,30.0,13260.0,WDOStalkerV101-S,tp 5199.500
2021-08-30,2021-08-30 12:26:17,2021-08-30 12:28:05,short,5194.5,5191.5,1.0,30.0,13290.0,WDOStalkerV101-S,tp 5191.500
2021-08-31,2021-08-31 10:55:30,2021-08-31 10:56:19,short,5179.0,5176.5,1.0,25.0,13315.0,WDOStalkerV101-S,tp 5176.000
2021-08-31,2021-08-31 11:07:16,2021-08-31 11:07:32,short,5174.0,5171.0,1.0,30.0,13345.0,WDOStalkerV101-S,tp 5170.500
2021-08-31,2021-08-31 12:35:43,2021-08-31 12:36:32,short,5158.5,5154.5,1.0,40.0,13385.0,WDOStalkerV101-S,tp 5154.500
2021-09-01,2021-09-01 10:27:35,2021-09-01 10:29:41,long,5185.0,5188.5,1.0,35.0,13420.0,WDOStalkerV101-L,tp 5188.500
2021-09-01,2021-09-01 13:02:05,2021-09-01 13:29:43,long,5197.5,5186.0,1.0,-115.0,13305.0,WDOStalkerV101-L,sl 5186.500
2021-09-02,2021-09-02 10:12:20,2021-09-02 10:15:43,long,5210.5,5214.5,1.0,40.0,13345.0,WDOStalkerV101-L,tp 5214.000
2021-09-02,2021-09-02 11:47:39,2021-09-02 11:51:05,short,5184.5,5181.0,1.0,35.0,13380.0,WDOStalkerV101-S,tp 5180.500
2021-09-02,2021-09-02 12:21:16,2021-09-02 12:27:43,short,5176.0,5172.5,1.0,35.0,13415.0,WDOStalkerV101-S,tp 5172.000
2021-09-03,2021-09-03 10:50:16,2021-09-03 10:55:21,long,5192.5,5197.5,1.0,50.0,13465.0,WDOStalkerV101-L,tp 5197.000
2021-09-03,2021-09-03 11:38:16,2021-09-03 11:40:17,long,5194.5,5199.0,1.0,45.0,13510.0,WDOStalkerV101-L,tp 5199.000
2021-09-06,2021-09-06 12:53:32,2021-09-06 12:54:29,short,5187.5,5185.0,1.0,25.0,13535.0,WDOStalkerV101-S,tp 5184.500
2021-09-08,2021-09-08 10:25:16,2021-09-08 10:33:19,long,5239.5,5242.5,1.0,30.0,13565.0,WDOStalkerV101-L,tp 5242.500
2021-09-08,2021-09-08 13:03:40,2021-09-08 13:25:32,long,5298.0,5302.5,1.0,45.0,13610.0,WDOStalkerV101-L,tp 5302.500
2021-09-09,2021-09-09 10:17:10,2021-09-09 10:19:21,short,5314.0,5309.5,1.0,45.0,13655.0,WDOStalkerV101-S,tp 5309.000
2021-09-09,2021-09-09 10:55:43,2021-09-09 11:01:14,short,5301.5,5296.0,1.0,55.0,13710.0,WDOStalkerV101-S,tp 5296.500
2021-09-09,2021-09-09 11:48:43,2021-09-09 11:53:32,short,5296.5,5291.5,1.0,50.0,13760.0,WDOStalkerV101-S,tp 5291.000
2021-09-10,2021-09-10 10:40:43,2021-09-10 10:54:21,long,5226.0,5234.5,1.0,85.0,13845.0,WDOStalkerV101-L,tp 5233.500
2021-09-10,2021-09-10 12:25:43,2021-09-10 14:05:29,long,5235.0,5242.5,1.0,75.0,13920.0,WDOStalkerV101-L,tp 5242.500
2021-09-13,2021-09-13 12:49:43,2021-09-13 14:27:17,short,5226.5,5240.5,1.0,-140.0,13780.0,WDOStalkerV101-S,sl 5240.000
2021-09-14,2021-09-14 11:06:14,2021-09-14 11:18:14,long,5253.0,5243.5,1.0,-95.0,13685.0,WDOStalkerV101-L,sl 5243.500
2021-09-15,2021-09-15 10:16:10,2021-09-15 10:32:41,long,5271.5,5275.5,1.0,40.0,13725.0,WDOStalkerV101-L,tp 5275.000
2021-09-15,2021-09-15 10:45:20,2021-09-15 11:12:16,long,5274.5,5278.0,1.0,35.0,13760.0,WDOStalkerV101-L,tp 5278.000
2021-09-16,2021-09-16 10:22:43,2021-09-16 10:24:41,long,5272.0,5276.0,1.0,40.0,13800.0,WDOStalkerV101-L,tp 5275.500
2021-09-16,2021-09-16 11:09:05,2021-09-16 11:09:43,long,5278.5,5282.0,1.0,35.0,13835.0,WDOStalkerV101-L,tp 5282.000
2021-09-17,2021-09-17 11:50:41,2021-09-17 11:51:43,long,5334.0,5337.5,1.0,35.0,13870.0,WDOStalkerV101-L,tp 5337.500
2021-09-20,2021-09-20 10:19:10,2021-09-20 10:23:59,short,5330.0,5326.5,1.0,35.0,13905.0,WDOStalkerV101-S,tp 5326.000
2021-09-20,2021-09-20 10:30:16,2021-09-20 10:31:17,short,5326.0,5322.5,1.0,35.0,13940.0,WDOStalkerV101-S,tp 5322.000
2021-09-20,2021-09-20 14:17:43,2021-09-20 14:29:21,long,5357.5,5346.0,1.0,-115.0,13825.0,WDOStalkerV101-L,sl 5346.000
2021-09-21,2021-09-21 11:29:59,2021-09-21 12:04:40,long,5335.0,5321.0,1.0,-140.0,13685.0,WDOStalkerV101-L,sl 5321.000
2021-09-22,2021-09-22 10:16:43,2021-09-22 10:19:32,long,5284.0,5287.5,1.0,35.0,13720.0,WDOStalkerV101-L,tp 5287.500
2021-09-23,2021-09-23 10:22:21,2021-09-23 10:25:05,long,5299.5,5304.5,1.0,50.0,13770.0,WDOStalkerV101-L,tp 5304.500
2021-09-23,2021-09-23 11:43:43,2021-09-23 12:02:00,long,5303.0,5290.5,1.0,-125.0,13645.0,WDOStalkerV101-L,sl 5290.500
2021-09-24,2021-09-24 10:17:43,2021-09-24 10:30:43,long,5348.5,5351.0,1.0,25.0,13670.0,WDOStalkerV101-L,tp 5351.000
2021-09-24,2021-09-24 11:30:41,2021-09-24 11:31:43,long,5350.0,5353.0,1.0,30.0,13700.0,WDOStalkerV101-L,tp 5353.000
2021-09-27,2021-09-27 10:27:32,2021-09-27 10:33:08,long,5345.5,5348.5,1.0,30.0,13730.0,WDOStalkerV101-L,tp 5348.500
2021-09-27,2021-09-27 13:24:05,2021-09-27 13:25:47,long,5354.5,5358.0,1.0,35.0,13765.0,WDOStalkerV101-L,tp 5358.000
2021-09-28,2021-09-28 10:24:59,2021-09-28 10:44:47,short,5397.5,5407.0,1.0,-95.0,13670.0,WDOStalkerV101-S,sl 5406.500
2021-09-28,2021-09-28 10:58:43,2021-09-28 11:08:30,long,5419.0,5422.5,1.0,35.0,13705.0,WDOStalkerV101-L,tp 5422.500
2021-09-28,2021-09-28 13:16:32,2021-09-28 13:18:21,long,5427.5,5431.0,1.0,35.0,13740.0,WDOStalkerV101-L,tp 5431.000
2021-09-29,2021-09-29 10:50:01,2021-09-29 10:56:14,long,5436.0,5426.5,1.0,-95.0,13645.0,WDOStalkerV101-L,sl 5426.500
2021-09-30,2021-09-30 10:32:21,2021-09-30 10:38:32,long,5446.0,5450.5,1.0,45.0,13690.0,WDOStalkerV101-L,tp 5450.500
2021-09-30,2021-09-30 12:09:14,2021-09-30 12:29:05,long,5461.5,5447.0,1.0,-145.0,13545.0,WDOStalkerV101-L,sl 5447.000
2021-10-01,2021-10-01 10:39:21,2021-10-01 10:41:35,short,5418.0,5414.5,1.0,35.0,13580.0,WDOStalkerV101-S,tp 5414.000
2021-10-01,2021-10-01 11:23:32,2021-10-01 11:26:29,short,5415.0,5411.0,1.0,40.0,13620.0,WDOStalkerV101-S,tp 5410.500
2021-10-01,2021-10-01 11:42:20,2021-10-01 12:01:05,short,5411.5,5407.5,1.0,40.0,13660.0,WDOStalkerV101-S,tp 5407.000
2021-10-01,2021-10-01 13:36:17,2021-10-01 13:49:21,short,5402.0,5398.0,1.0,40.0,13700.0,WDOStalkerV101-S,tp 5397.500
2021-10-04,2021-10-04 10:22:16,2021-10-04 10:28:00,long,5424.5,5428.0,1.0,35.0,13735.0,WDOStalkerV101-L,tp 5428.000
2021-10-04,2021-10-04 11:10:05,2021-10-04 11:11:17,long,5433.0,5436.5,1.0,35.0,13770.0,WDOStalkerV101-L,tp 5436.500
2021-10-05,2021-10-05 10:16:43,2021-10-05 10:31:43,long,5472.5,5476.0,1.0,35.0,13805.0,WDOStalkerV101-L,tp 5476.000
2021-10-05,2021-10-05 10:53:40,2021-10-05 10:58:30,long,5482.0,5486.0,1.0,40.0,13845.0,WDOStalkerV101-L,tp 5486.000
2021-10-05,2021-10-05 12:15:41,2021-10-05 12:19:32,long,5484.0,5473.0,1.0,-110.0,13735.0,WDOStalkerV101-L,sl 5473.000
2021-10-05,2021-10-05 14:11:41,2021-10-05 14:21:21,long,5486.5,5490.5,1.0,40.0,13775.0,WDOStalkerV101-L,tp 5490.500
2021-10-06,2021-10-06 11:08:14,2021-10-06 11:10:14,long,5535.0,5539.5,1.0,45.0,13820.0,WDOStalkerV101-L,tp 5539.000
2021-10-06,2021-10-06 14:17:42,2021-10-06 14:58:43,long,5544.5,5531.0,1.0,-135.0,13685.0,WDOStalkerV101-L,sl 5531.000
2021-10-07,2021-10-07 11:25:02,2021-10-07 11:25:59,long,5529.5,5533.0,1.0,35.0,13720.0,WDOStalkerV101-L,tp 5533.000
2021-10-08,2021-10-08 11:32:43,2021-10-08 11:34:43,long,5533.5,5538.0,1.0,45.0,13765.0,WDOStalkerV101-L,tp 5537.500
2021-10-08,2021-10-08 11:52:08,2021-10-08 12:19:43,long,5535.0,5523.5,1.0,-115.0,13650.0,WDOStalkerV101-L,sl 5523.500
2021-10-11,2021-10-11 10:50:05,2021-10-11 10:51:41,long,5534.0,5537.0,1.0,30.0,13680.0,WDOStalkerV101-L,tp 5537.000
2021-10-11,2021-10-11 12:07:32,2021-10-11 12:10:43,long,5535.5,5539.0,1.0,35.0,13715.0,WDOStalkerV101-L,tp 5538.500
2021-10-11,2021-10-11 12:33:05,2021-10-11 12:59:14,long,5537.0,5528.0,1.0,-90.0,13625.0,WDOStalkerV101-L,sl 5528.000
2021-10-13,2021-10-13 11:25:41,2021-10-13 11:32:14,long,5563.0,5566.5,1.0,35.0,13660.0,WDOStalkerV101-L,tp 5566.500
2021-10-13,2021-10-13 12:53:41,2021-10-13 12:58:59,long,5566.5,5570.5,1.0,40.0,13700.0,WDOStalkerV101-L,tp 5570.500
2021-10-14,2021-10-14 10:24:10,2021-10-14 10:32:05,long,5509.0,5513.5,1.0,45.0,13745.0,WDOStalkerV101-L,tp 5513.500
2021-10-14,2021-10-14 10:54:43,2021-10-14 11:06:05,long,5510.0,5515.0,1.0,50.0,13795.0,WDOStalkerV101-L,tp 5515.000
2021-10-14,2021-10-14 11:47:17,2021-10-14 11:48:10,long,5514.0,5518.0,1.0,40.0,13835.0,WDOStalkerV101-L,tp 5518.000
2021-10-14,2021-10-14 12:38:43,2021-10-14 13:53:41,long,5527.5,5515.0,1.0,-125.0,13710.0,WDOStalkerV101-L,sl 5515.500
2021-10-15,2021-10-15 10:21:05,2021-10-15 10:23:17,long,5511.0,5514.0,1.0,30.0,13740.0,WDOStalkerV101-L,tp 5514.000
2021-10-18,2021-10-18 11:03:10,2021-10-18 11:07:16,long,5535.0,5538.0,1.0,30.0,13770.0,WDOStalkerV101-L,tp 5538.000
2021-10-19,2021-10-19 11:03:14,2021-10-19 11:04:29,short,5556.0,5553.0,1.0,30.0,13800.0,WDOStalkerV101-S,tp 5552.500
2021-10-19,2021-10-19 12:22:32,2021-10-19 12:55:32,long,5576.5,5564.5,1.0,-120.0,13680.0,WDOStalkerV101-L,sl 5564.500
2021-10-21,2021-10-21 11:00:15,2021-10-21 11:04:43,short,5643.0,5637.5,1.0,55.0,13735.0,WDOStalkerV101-S,tp 5637.500
2021-10-22,2021-10-22 10:15:20,2021-10-22 10:29:59,long,5714.0,5719.5,1.0,55.0,13790.0,WDOStalkerV101-L,tp 5719.000
2021-10-22,2021-10-22 11:41:21,2021-10-22 11:42:43,long,5723.0,5729.0,1.0,60.0,13850.0,WDOStalkerV101-L,tp 5728.500
2021-10-22,2021-10-22 11:50:21,2021-10-22 11:57:08,long,5724.5,5731.0,1.0,65.0,13915.0,WDOStalkerV101-L,tp 5729.500
2021-10-22,2021-10-22 12:41:21,2021-10-22 13:00:32,long,5741.5,5726.5,1.0,-150.0,13765.0,WDOStalkerV101-L,sl 5726.500
2021-10-25,2021-10-25 10:28:21,2021-10-25 10:31:32,short,5624.5,5620.0,1.0,45.0,13810.0,WDOStalkerV101-S,tp 5619.500
2021-10-25,2021-10-25 11:25:43,2021-10-25 11:41:59,short,5607.0,5602.0,1.0,50.0,13860.0,WDOStalkerV101-S,tp 5602.000
2021-10-25,2021-10-25 12:28:32,2021-10-25 13:03:41,short,5606.0,5602.0,1.0,40.0,13900.0,WDOStalkerV101-S,tp 5601.500
2021-10-26,2021-10-26 10:21:05,2021-10-26 10:21:32,long,5575.5,5579.5,1.0,40.0,13940.0,WDOStalkerV101-L,tp 5579.000
2021-10-26,2021-10-26 10:41:43,2021-10-26 10:42:40,long,5579.5,5583.0,1.0,35.0,13975.0,WDOStalkerV101-L,tp 5583.000
2021-10-26,2021-10-26 11:00:16,2021-10-26 11:07:40,long,5586.0,5576.0,1.0,-100.0,13875.0,WDOStalkerV101-L,sl 5576.000
2021-10-26,2021-10-26 13:59:43,2021-10-26 14:15:43,long,5597.0,5585.0,1.0,-120.0,13755.0,WDOStalkerV101-L,sl 5585.000
2021-10-27,2021-10-27 13:08:47,2021-10-27 14:19:43,long,5580.5,5585.0,1.0,45.0,13800.0,WDOStalkerV101-L,tp 5584.500
2021-10-28,2021-10-28 12:45:16,2021-10-28 13:29:21,long,5616.0,5620.5,1.0,45.0,13845.0,WDOStalkerV101-L,tp 5620.500
2021-10-29,2021-10-29 10:00:00,2021-10-29 10:01:19,short,5669.0,5665.0,1.0,40.0,13885.0,WDOStalkerV101-S,tp 5664.500
2021-10-29,2021-10-29 10:07:59,2021-10-29 10:13:43,short,5664.5,5659.0,1.0,55.0,13940.0,WDOStalkerV101-S,tp 5660.000
2021-10-29,2021-10-29 10:19:59,2021-10-29 10:28:43,short,5658.5,5653.0,1.0,55.0,13995.0,WDOStalkerV101-S,tp 5654.000
2021-10-29,2021-10-29 10:32:43,2021-10-29 10:38:10,short,5658.0,5670.5,1.0,-125.0,13870.0,WDOStalkerV101-S,sl 5670.000
2021-10-29,2021-10-29 11:08:32,2021-10-29 11:29:27,long,5683.5,5670.0,1.0,-135.0,13735.0,WDOStalkerV101-L,sl 5670.000
2021-11-01,2021-11-01 13:38:41,2021-11-01 13:44:05,long,5702.5,5706.0,1.0,35.0,13770.0,WDOStalkerV101-L,tp 5706.000
2021-11-03,2021-11-03 10:09:43,2021-11-03 10:13:29,long,5711.5,5703.0,1.0,-85.0,13685.0,WDOStalkerV101-L,sl 5703.000
2021-11-03,2021-11-03 11:06:05,2021-11-03 11:06:43,long,5715.5,5719.0,1.0,35.0,13720.0,WDOStalkerV101-L,tp 5719.000
2021-11-04,2021-11-04 11:41:29,2021-11-04 12:04:47,short,5604.0,5618.5,1.0,-145.0,13575.0,WDOStalkerV101-S,sl 5618.000
2021-11-04,2021-11-04 14:30:08,2021-11-04 14:33:05,long,5634.5,5639.5,1.0,50.0,13625.0,WDOStalkerV101-L,tp 5639.500
2021-11-05,2021-11-05 11:19:41,2021-11-05 11:25:43,short,5569.0,5581.0,1.0,-120.0,13505.0,WDOStalkerV101-S,sl 5580.500
2021-11-08,2021-11-08 12:46:43,2021-11-08 12:55:32,short,5577.0,5573.5,1.0,35.0,13540.0,WDOStalkerV101-S,tp 5573.000
2021-11-09,2021-11-09 10:25:05,2021-11-09 10:26:39,short,5541.5,5539.0,1.0,25.0,13565.0,WDOStalkerV101-S,tp 5538.500
2021-11-09,2021-11-09 11:27:38,2021-11-09 11:28:41,short,5518.5,5515.0,1.0,35.0,13600.0,WDOStalkerV101-S,tp 5515.000
2021-11-09,2021-11-09 12:10:32,2021-11-09 12:12:19,short,5512.5,5523.0,1.0,-105.0,13495.0,WDOStalkerV101-S,sl 5522.500
2021-11-11,2021-11-11 10:47:59,2021-11-11 10:48:40,short,5463.0,5460.0,1.0,30.0,13525.0,WDOStalkerV101-S,tp 5459.500
2021-11-12,2021-11-12 12:57:59,2021-11-12 12:59:21,long,5438.5,5442.0,1.0,35.0,13560.0,WDOStalkerV101-L,tp 5442.000
2021-11-16,2021-11-16 10:02:21,2021-11-16 10:03:43,short,5453.5,5451.0,1.0,25.0,13585.0,WDOStalkerV101-S,tp 5450.500
2021-11-16,2021-11-16 10:08:10,2021-11-16 10:15:41,short,5453.0,5449.5,1.0,35.0,13620.0,WDOStalkerV101-S,tp 5449.500
2021-11-16,2021-11-16 11:38:41,2021-11-16 11:39:43,long,5488.5,5493.5,1.0,50.0,13670.0,WDOStalkerV101-L,tp 5492.500
2021-11-17,2021-11-17 10:39:10,2021-11-17 10:46:32,long,5504.0,5507.0,1.0,30.0,13700.0,WDOStalkerV101-L,tp 5507.000
2021-11-17,2021-11-17 11:26:10,2021-11-17 11:30:05,long,5519.0,5523.0,1.0,40.0,13740.0,WDOStalkerV101-L,tp 5522.500
2021-11-18,2021-11-18 10:32:21,2021-11-18 10:33:43,long,5561.5,5565.0,1.0,35.0,13775.0,WDOStalkerV101-L,tp 5564.500
2021-11-18,2021-11-18 10:38:43,2021-11-18 11:03:17,long,5563.0,5566.0,1.0,30.0,13805.0,WDOStalkerV101-L,tp 5566.000
2021-11-18,2021-11-18 11:12:43,2021-11-18 11:19:29,long,5564.5,5568.0,1.0,35.0,13840.0,WDOStalkerV101-L,tp 5568.000
2021-11-18,2021-11-18 12:24:41,2021-11-18 12:31:32,long,5568.0,5557.5,1.0,-105.0,13735.0,WDOStalkerV101-L,sl 5558.000
2021-11-19,2021-11-19 10:38:43,2021-11-19 10:40:03,short,5562.0,5559.5,1.0,25.0,13760.0,WDOStalkerV101-S,tp 5559.000
2021-11-19,2021-11-19 11:47:41,2021-11-19 11:48:32,short,5546.0,5543.0,1.0,30.0,13790.0,WDOStalkerV101-S,tp 5542.500
2021-11-22,2021-11-22 10:11:32,2021-11-22 10:12:30,short,5602.5,5600.0,1.0,25.0,13815.0,WDOStalkerV101-S,tp 5599.500
2021-11-22,2021-11-22 11:00:10,2021-11-22 11:01:21,short,5585.0,5582.0,1.0,30.0,13845.0,WDOStalkerV101-S,tp 5581.500
2021-11-23,2021-11-23 13:50:40,2021-11-23 13:53:17,long,5652.5,5656.0,1.0,35.0,13880.0,WDOStalkerV101-L,tp 5656.000
2021-11-24,2021-11-24 11:25:32,2021-11-24 11:29:43,long,5608.0,5612.5,1.0,45.0,13925.0,WDOStalkerV101-L,tp 5612.500
2021-11-25,2021-11-25 10:43:29,2021-11-25 10:48:17,long,5595.0,5598.0,1.0,30.0,13955.0,WDOStalkerV101-L,tp 5598.000
2021-11-25,2021-11-25 11:23:32,2021-11-25 11:42:35,long,5596.0,5587.0,1.0,-90.0,13865.0,WDOStalkerV101-L,sl 5587.000
2021-11-25,2021-11-25 11:46:43,2021-11-25 11:47:47,short,5578.5,5575.0,1.0,35.0,13900.0,WDOStalkerV101-S,tp 5575.000
2021-11-25,2021-11-25 13:07:41,2021-11-25 13:12:43,short,5565.5,5562.5,1.0,30.0,13930.0,WDOStalkerV101-S,tp 5562.000
2021-11-26,2021-11-26 10:19:32,2021-11-26 10:21:41,short,5615.0,5611.5,1.0,35.0,13965.0,WDOStalkerV101-S,tp 5611.000
2021-11-26,2021-11-26 11:45:32,2021-11-26 11:50:32,short,5605.0,5600.5,1.0,45.0,14010.0,WDOStalkerV101-S,tp 5601.000
2021-11-26,2021-11-26 12:18:29,2021-11-26 12:20:27,short,5603.5,5599.5,1.0,40.0,14050.0,WDOStalkerV101-S,tp 5599.000
2021-11-29,2021-11-29 10:44:43,2021-11-29 10:45:29,long,5604.5,5608.0,1.0,35.0,14085.0,WDOStalkerV101-L,tp 5608.000
2021-11-29,2021-11-29 11:33:59,2021-11-29 11:46:41,short,5589.0,5599.0,1.0,-100.0,13985.0,WDOStalkerV101-S,sl 5598.500
2021-11-29,2021-11-29 11:54:21,2021-11-29 11:58:08,long,5615.0,5619.0,1.0,40.0,14025.0,WDOStalkerV101-L,tp 5618.500
2021-11-29,2021-11-29 12:29:43,2021-11-29 12:31:17,long,5626.5,5630.5,1.0,40.0,14065.0,WDOStalkerV101-L,tp 5630.500
2021-11-30,2021-11-30 11:34:00,2021-11-30 11:47:21,short,5628.0,5624.5,1.0,35.0,14100.0,WDOStalkerV101-S,tp 5624.000
2021-11-30,2021-11-30 12:31:29,2021-11-30 12:36:05,short,5624.5,5639.5,1.0,-150.0,13950.0,WDOStalkerV101-S,sl 5637.500
2021-11-30,2021-11-30 13:27:16,2021-11-30 13:36:43,long,5684.0,5689.5,1.0,55.0,14005.0,WDOStalkerV101-L,tp 5689.500
2021-12-01,2021-12-01 12:01:59,2021-12-01 12:15:43,long,5651.0,5654.5,1.0,35.0,14040.0,WDOStalkerV101-L,tp 5654.500
2021-12-02,2021-12-02 11:16:11,2021-12-02 11:34:21,short,5670.0,5682.0,1.0,-120.0,13920.0,WDOStalkerV101-S,sl 5681.000
2021-12-03,2021-12-03 10:34:20,2021-12-03 10:35:23,short,5658.5,5654.5,1.0,40.0,13960.0,WDOStalkerV101-S,tp 5654.500
2021-12-03,2021-12-03 11:13:43,2021-12-03 11:14:38,short,5651.5,5648.0,1.0,35.0,13995.0,WDOStalkerV101-S,tp 5647.500
2021-12-03,2021-12-03 12:24:16,2021-12-03 12:41:39,long,5694.0,5699.0,1.0,50.0,14045.0,WDOStalkerV101-L,tp 5699.000
2021-12-03,2021-12-03 14:19:43,2021-12-03 14:43:04,long,5694.5,5679.0,1.0,-155.0,13890.0,WDOStalkerV101-L,sl 5679.000
2021-12-06,2021-12-06 11:52:17,2021-12-06 11:53:17,long,5717.5,5721.5,1.0,40.0,13930.0,WDOStalkerV101-L,tp 5721.500
2021-12-07,2021-12-07 10:24:16,2021-12-07 10:27:16,short,5666.5,5663.5,1.0,30.0,13960.0,WDOStalkerV101-S,tp 5663.500
2021-12-09,2021-12-09 10:20:21,2021-12-09 10:21:49,long,5566.0,5569.0,1.0,30.0,13990.0,WDOStalkerV101-L,tp 5569.000
2021-12-09,2021-12-09 11:07:43,2021-12-09 11:21:43,long,5581.0,5584.0,1.0,30.0,14020.0,WDOStalkerV101-L,tp 5584.000
2021-12-10,2021-12-10 10:26:32,2021-12-10 10:29:32,long,5610.5,5613.0,1.0,25.0,14045.0,WDOStalkerV101-L,tp 5613.000
2021-12-10,2021-12-10 11:01:16,2021-12-10 11:04:02,long,5612.0,5615.5,1.0,35.0,14080.0,WDOStalkerV101-L,tp 5615.000
2021-12-10,2021-12-10 11:36:04,2021-12-10 11:36:06,long,5641.0,5630.0,1.0,-110.0,13970.0,WDOStalkerV101-L,sl 5631.000
2021-12-13,2021-12-13 10:21:21,2021-12-13 10:24:21,short,5632.5,5641.5,1.0,-90.0,13880.0,WDOStalkerV101-S,sl 5640.000
2021-12-13,2021-12-13 10:57:05,2021-12-13 10:57:57,long,5650.5,5653.5,1.0,30.0,13910.0,WDOStalkerV101-L,tp 5653.500
2021-12-13,2021-12-13 11:59:43,2021-12-13 12:02:21,long,5655.5,5659.0,1.0,35.0,13945.0,WDOStalkerV101-L,tp 5659.000
2021-12-13,2021-12-13 13:10:03,2021-12-13 13:10:05,long,5682.5,5669.0,1.0,-135.0,13810.0,WDOStalkerV101-L,sl 5671.500
2021-12-14,2021-12-14 10:39:41,2021-12-14 10:46:21,short,5655.0,5665.5,1.0,-105.0,13705.0,WDOStalkerV101-S,sl 5664.000
2021-12-15,2021-12-15 10:30:14,2021-12-15 10:30:16,long,5727.0,5730.5,1.0,35.0,13740.0,WDOStalkerV101-L,tp 5730.500
2021-12-15,2021-12-15 13:16:05,2021-12-15 13:16:43,long,5731.5,5736.5,1.0,50.0,13790.0,WDOStalkerV101-L,tp 5736.000
2021-12-16,2021-12-16 12:15:14,2021-12-16 12:16:05,long,5725.5,5730.5,1.0,50.0,13840.0,WDOStalkerV101-L,tp 5730.500
2021-12-17,2021-12-17 11:55:00,2021-12-17 11:59:32,short,5708.0,5704.5,1.0,35.0,13875.0,WDOStalkerV101-S,tp 5704.000
2021-12-17,2021-12-17 12:08:17,2021-12-17 12:16:05,short,5706.5,5703.0,1.0,35.0,13910.0,WDOStalkerV101-S,tp 5702.500
2021-12-17,2021-12-17 12:56:43,2021-12-17 12:57:32,short,5692.0,5688.5,1.0,35.0,13945.0,WDOStalkerV101-S,tp 5688.000
2021-12-20,2021-12-20 10:01:01,2021-12-20 10:01:15,short,5715.5,5713.0,1.0,25.0,13970.0,WDOStalkerV101-S,tp 5712.500
2021-12-20,2021-12-20 10:02:43,2021-12-20 10:04:05,short,5714.0,5711.0,1.0,30.0,14000.0,WDOStalkerV101-S,tp 5711.000
2021-12-20,2021-12-20 10:10:05,2021-12-20 10:10:32,short,5712.5,5710.0,1.0,25.0,14025.0,WDOStalkerV101-S,tp 5709.500
2021-12-20,2021-12-20 10:29:43,2021-12-20 10:30:32,short,5710.0,5707.5,1.0,25.0,14050.0,WDOStalkerV101-S,tp 5707.000
2021-12-20,2021-12-20 12:56:32,2021-12-20 12:58:17,long,5734.5,5738.5,1.0,40.0,14090.0,WDOStalkerV101-L,tp 5738.500
2021-12-21,2021-12-21 11:07:32,2021-12-21 11:08:43,long,5753.0,5756.0,1.0,30.0,14120.0,WDOStalkerV101-L,tp 5756.000
2021-12-23,2021-12-23 13:13:09,2021-12-23 13:14:59,long,5703.5,5694.0,1.0,-95.0,14025.0,WDOStalkerV101-L,sl 5694.000
2021-12-27,2021-12-27 11:33:43,2021-12-27 11:40:00,short,5665.5,5662.0,1.0,35.0,14060.0,WDOStalkerV101-S,tp 5661.500
2021-12-27,2021-12-27 12:34:41,2021-12-27 12:36:47,short,5664.0,5659.5,1.0,45.0,14105.0,WDOStalkerV101-S,tp 5659.500
2021-12-28,2021-12-28 10:08:16,2021-12-28 10:13:16,long,5653.5,5647.5,1.0,-60.0,14045.0,WDOStalkerV101-L,sl 5647.500
2021-12-29,2021-12-29 10:17:05,2021-12-29 10:23:21,long,5643.5,5646.0,1.0,25.0,14070.0,WDOStalkerV101-L,tp 5646.000
2021-12-29,2021-12-29 10:51:59,2021-12-29 11:01:43,long,5651.0,5653.5,1.0,25.0,14095.0,WDOStalkerV101-L,tp 5653.500
2021-12-30,2021-12-30 11:15:16,2021-12-30 11:17:42,short,5625.5,5621.5,1.0,40.0,14135.0,WDOStalkerV101-S,tp 5621.000
2022-01-03,2022-01-03 10:21:19,2022-01-03 10:24:29,long,5629.0,5633.0,1.0,40.0,14175.0,WDOStalkerV101-L,tp 5632.500
2022-01-04,2022-01-04 10:47:43,2022-01-04 10:48:43,long,5734.0,5737.5,1.0,35.0,14210.0,WDOStalkerV101-L,tp 5737.000
2022-01-04,2022-01-04 12:47:32,2022-01-04 12:56:20,short,5691.0,5705.0,1.0,-140.0,14070.0,WDOStalkerV101-S,sl 5704.500
2022-01-06,2022-01-06 12:16:16,2022-01-06 12:33:43,long,5747.5,5734.5,1.0,-130.0,13940.0,WDOStalkerV101-L,sl 5735.000
2022-01-07,2022-01-07 12:49:43,2022-01-07 12:54:21,short,5689.5,5686.0,1.0,35.0,13975.0,WDOStalkerV101-S,tp 5685.500
2022-01-10,2022-01-10 10:37:41,2022-01-10 10:38:43,long,5681.5,5684.0,1.0,25.0,14000.0,WDOStalkerV101-L,tp 5684.000
2022-01-10,2022-01-10 12:58:32,2022-01-10 12:59:21,long,5703.5,5706.0,1.0,25.0,14025.0,WDOStalkerV101-L,tp 5706.000
2022-01-11,2022-01-11 10:25:43,2022-01-11 10:36:02,short,5669.5,5667.0,1.0,25.0,14050.0,WDOStalkerV101-S,tp 5666.500
2022-01-13,2022-01-13 11:29:32,2022-01-13 11:35:20,short,5542.0,5538.5,1.0,35.0,14085.0,WDOStalkerV101-S,tp 5538.500
2022-01-13,2022-01-13 12:01:21,2022-01-13 12:02:32,short,5535.0,5531.5,1.0,35.0,14120.0,WDOStalkerV101-S,tp 5531.000
2022-01-14,2022-01-14 11:03:47,2022-01-14 11:04:43,long,5563.0,5567.5,1.0,45.0,14165.0,WDOStalkerV101-L,tp 5566.000
2022-01-14,2022-01-14 11:35:43,2022-01-14 11:44:16,long,5564.5,5555.5,1.0,-90.0,14075.0,WDOStalkerV101-L,sl 5555.500
2022-01-17,2022-01-17 10:43:40,2022-01-17 10:52:29,short,5524.0,5521.5,1.0,25.0,14100.0,WDOStalkerV101-S,tp 5521.000
2022-01-18,2022-01-18 10:15:41,2022-01-18 10:24:41,short,5543.0,5551.5,1.0,-85.0,14015.0,WDOStalkerV101-S,sl 5550.500
2022-01-18,2022-01-18 10:46:43,2022-01-18 10:56:43,short,5535.5,5533.0,1.0,25.0,14040.0,WDOStalkerV101-S,tp 5532.500
2022-01-18,2022-01-18 11:15:59,2022-01-18 11:19:02,short,5532.5,5530.0,1.0,25.0,14065.0,WDOStalkerV101-S,tp 5529.500
2022-01-20,2022-01-20 10:10:43,2022-01-20 10:11:43,short,5451.0,5449.0,1.0,20.0,14085.0,WDOStalkerV101-S,tp 5448.500
2022-01-20,2022-01-20 11:36:02,2022-01-20 11:43:43,short,5428.5,5437.0,1.0,-85.0,14000.0,WDOStalkerV101-S,sl 5436.500
2022-01-21,2022-01-21 10:21:03,2022-01-21 10:30:29,long,5473.0,5461.0,1.0,-120.0,13880.0,WDOStalkerV101-L,sl 5461.000
2022-01-21,2022-01-21 11:56:16,2022-01-21 11:58:05,short,5436.5,5432.5,1.0,40.0,13920.0,WDOStalkerV101-S,tp 5432.000
2022-01-24,2022-01-24 11:11:16,2022-01-24 11:33:05,long,5495.0,5498.5,1.0,35.0,13955.0,WDOStalkerV101-L,tp 5498.500
2022-01-24,2022-01-24 11:56:05,2022-01-24 11:57:47,long,5501.0,5504.5,1.0,35.0,13990.0,WDOStalkerV101-L,tp 5504.500
2022-01-24,2022-01-24 12:15:03,2022-01-24 12:19:30,long,5512.5,5516.0,1.0,35.0,14025.0,WDOStalkerV101-L,tp 5516.000
2022-01-25,2022-01-25 11:07:38,2022-01-25 11:14:59,short,5508.0,5505.5,1.0,25.0,14050.0,WDOStalkerV101-S,tp 5505.000
2022-01-25,2022-01-25 11:34:43,2022-01-25 11:35:43,short,5501.5,5498.5,1.0,30.0,14080.0,WDOStalkerV101-S,tp 5498.500
2022-01-25,2022-01-25 13:13:41,2022-01-25 13:16:05,short,5495.0,5491.5,1.0,35.0,14115.0,WDOStalkerV101-S,tp 5491.500
2022-01-26,2022-01-26 11:25:21,2022-01-26 11:33:10,long,5445.5,5449.5,1.0,40.0,14155.0,WDOStalkerV101-L,tp 5449.500
2022-01-26,2022-01-26 11:53:16,2022-01-26 12:19:08,long,5452.0,5440.5,1.0,-115.0,14040.0,WDOStalkerV101-L,sl 5440.500
2022-01-27,2022-01-27 11:23:16,2022-01-27 11:49:00,short,5376.5,5371.5,1.0,50.0,14090.0,WDOStalkerV101-S,tp 5371.000
2022-01-28,2022-01-28 10:21:05,2022-01-28 10:24:05,short,5402.5,5399.5,1.0,30.0,14120.0,WDOStalkerV101-S,tp 5399.000
2022-01-28,2022-01-28 10:48:21,2022-01-28 10:49:32,short,5391.0,5388.0,1.0,30.0,14150.0,WDOStalkerV101-S,tp 5387.500
2022-01-31,2022-01-31 11:54:43,2022-01-31 12:04:21,short,5401.5,5398.0,1.0,35.0,14185.0,WDOStalkerV101-S,tp 5397.500
2022-02-01,2022-02-01 10:41:47,2022-02-01 10:45:10,long,5342.5,5333.5,1.0,-90.0,14095.0,WDOStalkerV101-L,sl 5333.500
2022-02-02,2022-02-02 10:39:59,2022-02-02 10:44:16,long,5316.5,5319.0,1.0,25.0,14120.0,WDOStalkerV101-L,tp 5319.000
2022-02-02,2022-02-02 11:06:59,2022-02-02 11:09:43,long,5320.0,5323.0,1.0,30.0,14150.0,WDOStalkerV101-L,tp 5322.500
2022-02-02,2022-02-02 12:31:32,2022-02-02 12:35:59,long,5335.0,5338.0,1.0,30.0,14180.0,WDOStalkerV101-L,tp 5338.000
2022-02-03,2022-02-03 10:07:43,2022-02-03 10:08:30,long,5334.5,5337.5,1.0,30.0,14210.0,WDOStalkerV101-L,tp 5337.500
2022-02-03,2022-02-03 11:04:43,2022-02-03 11:05:27,long,5342.5,5345.5,1.0,30.0,14240.0,WDOStalkerV101-L,tp 5345.500
2022-02-03,2022-02-03 12:53:32,2022-02-03 13:08:43,short,5317.5,5314.0,1.0,35.0,14275.0,WDOStalkerV101-S,tp 5313.500
2022-02-04,2022-02-04 10:26:05,2022-02-04 10:26:32,long,5335.0,5338.0,1.0,30.0,14305.0,WDOStalkerV101-L,tp 5338.000
2022-02-04,2022-02-04 11:06:21,2022-02-04 11:15:21,long,5356.5,5347.0,1.0,-95.0,14210.0,WDOStalkerV101-L,sl 5347.000
2022-02-04,2022-02-04 13:40:16,2022-02-04 16:55:00,long,5363.0,5351.5,1.0,-115.0,14095.0,WDOStalkerV101-L,sl 5351.500
2022-02-07,2022-02-07 10:24:16,2022-02-07 10:30:32,short,5323.5,5331.5,1.0,-80.0,14015.0,WDOStalkerV101-S,sl 5331.000
2022-02-08,2022-02-08 10:11:41,2022-02-08 10:13:16,long,5304.0,5307.0,1.0,30.0,14045.0,WDOStalkerV101-L,tp 5307.000
2022-02-09,2022-02-09 10:09:14,2022-02-09 10:12:59,long,5289.5,5293.0,1.0,35.0,14080.0,WDOStalkerV101-L,tp 5292.000
2022-02-09,2022-02-09 11:14:05,2022-02-09 11:15:17,long,5301.5,5304.5,1.0,30.0,14110.0,WDOStalkerV101-L,tp 5304.500
2022-02-10,2022-02-10 10:04:43,2022-02-10 10:06:10,short,5251.0,5247.5,1.0,35.0,14145.0,WDOStalkerV101-S,tp 5247.500
2022-02-10,2022-02-10 10:18:05,2022-02-10 10:21:05,short,5244.5,5242.0,1.0,25.0,14170.0,WDOStalkerV101-S,tp 5241.500
2022-02-10,2022-02-10 10:29:42,2022-02-10 10:30:06,short,5243.5,5256.0,1.0,-125.0,14045.0,WDOStalkerV101-S,sl 5252.500
2022-02-10,2022-02-10 10:37:16,2022-02-10 10:42:08,long,5261.5,5265.0,1.0,35.0,14080.0,WDOStalkerV101-L,tp 5265.000
2022-02-10,2022-02-10 12:52:59,2022-02-10 13:07:43,short,5213.0,5208.5,1.0,45.0,14125.0,WDOStalkerV101-S,tp 5208.000
2022-02-11,2022-02-11 10:22:32,2022-02-11 10:38:16,short,5218.0,5231.5,1.0,-135.0,13990.0,WDOStalkerV101-S,sl 5231.000
2022-02-14,2022-02-14 11:31:40,2022-02-14 11:49:21,short,5231.5,5224.5,1.0,70.0,14060.0,WDOStalkerV101-S,tp 5225.500
2022-02-15,2022-02-15 10:42:41,2022-02-15 10:49:47,short,5214.0,5211.0,1.0,30.0,14090.0,WDOStalkerV101-S,tp 5210.500
2022-02-15,2022-02-15 11:46:43,2022-02-15 11:54:21,short,5195.0,5205.5,1.0,-105.0,13985.0,WDOStalkerV101-S,sl 5205.000
2022-02-17,2022-02-17 12:06:08,2022-02-17 12:11:59,long,5178.5,5182.0,1.0,35.0,14020.0,WDOStalkerV101-L,tp 5182.000
2022-02-18,2022-02-18 10:26:17,2022-02-18 10:28:05,short,5151.0,5149.0,1.0,20.0,14040.0,WDOStalkerV101-S,tp 5148.500
2022-02-18,2022-02-18 11:00:02,2022-02-18 11:00:20,short,5147.5,5145.0,1.0,25.0,14065.0,WDOStalkerV101-S,tp 5144.500
2022-02-18,2022-02-18 12:41:21,2022-02-18 12:45:17,short,5138.5,5136.0,1.0,25.0,14090.0,WDOStalkerV101-S,tp 5135.500
2022-02-18,2022-02-18 14:15:59,2022-02-18 14:17:32,short,5129.5,5126.5,1.0,30.0,14120.0,WDOStalkerV101-S,tp 5126.000
2022-02-21,2022-02-21 13:56:16,2022-02-21 14:00:59,short,5102.0,5098.5,1.0,35.0,14155.0,WDOStalkerV101-S,tp 5098.500
2022-02-22,2022-02-22 11:15:23,2022-02-22 11:37:21,short,5071.5,5068.5,1.0,30.0,14185.0,WDOStalkerV101-S,tp 5068.500
2022-02-22,2022-02-22 13:32:32,2022-02-22 13:38:43,short,5068.0,5065.5,1.0,25.0,14210.0,WDOStalkerV101-S,tp 5065.000
2022-02-24,2022-02-24 10:34:21,2022-02-24 10:36:39,long,5083.0,5087.0,1.0,40.0,14250.0,WDOStalkerV101-L,tp 5087.000
2022-02-24,2022-02-24 13:15:16,2022-02-24 13:37:41,long,5123.5,5129.5,1.0,60.0,14310.0,WDOStalkerV101-L,tp 5129.000
2022-02-25,2022-02-25 10:23:43,2022-02-25 10:25:43,long,5164.5,5171.5,1.0,70.0,14380.0,WDOStalkerV101-L,tp 5170.500
2022-02-25,2022-02-25 11:43:08,2022-02-25 11:54:21,long,5178.5,5186.0,1.0,75.0,14455.0,WDOStalkerV101-L,tp 5184.500
2022-03-03,2022-03-03 11:48:14,2022-03-03 12:02:29,short,5088.0,5084.0,1.0,40.0,14495.0,WDOStalkerV101-S,tp 5083.500
2022-03-04,2022-03-04 10:00:16,2022-03-04 10:01:00,long,5090.0,5093.0,1.0,30.0,14525.0,WDOStalkerV101-L,tp 5093.000
2022-03-04,2022-03-04 10:30:08,2022-03-04 10:32:01,long,5098.0,5088.5,1.0,-95.0,14430.0,WDOStalkerV101-L,sl 5088.500
2022-03-04,2022-03-04 11:18:03,2022-03-04 11:19:32,long,5116.5,5120.5,1.0,40.0,14470.0,WDOStalkerV101-L,tp 5120.500
2022-03-04,2022-03-04 12:00:02,2022-03-04 12:12:43,long,5120.5,5124.5,1.0,40.0,14510.0,WDOStalkerV101-L,tp 5124.500
2022-03-07,2022-03-07 10:59:43,2022-03-07 11:06:10,short,5084.0,5081.0,1.0,30.0,14540.0,WDOStalkerV101-S,tp 5080.500
2022-03-08,2022-03-08 10:52:02,2022-03-08 10:56:43,long,5126.0,5130.0,1.0,40.0,14580.0,WDOStalkerV101-L,tp 5130.000
2022-03-08,2022-03-08 14:22:16,2022-03-08 14:34:16,short,5096.0,5091.5,1.0,45.0,14625.0,WDOStalkerV101-S,tp 5091.500
2022-03-10,2022-03-10 10:30:21,2022-03-10 10:31:02,long,5081.0,5084.5,1.0,35.0,14660.0,WDOStalkerV101-L,tp 5084.000
2022-03-10,2022-03-10 11:00:20,2022-03-10 11:01:05,long,5086.5,5089.5,1.0,30.0,14690.0,WDOStalkerV101-L,tp 5089.500
2022-03-10,2022-03-10 11:52:20,2022-03-10 11:56:32,long,5091.5,5082.5,1.0,-90.0,14600.0,WDOStalkerV101-L,sl 5082.500
2022-03-11,2022-03-11 10:04:21,2022-03-11 10:05:21,long,5033.5,5036.0,1.0,25.0,14625.0,WDOStalkerV101-L,tp 5036.000
2022-03-14,2022-03-14 10:09:41,2022-03-14 10:12:10,short,5072.0,5069.0,1.0,30.0,14655.0,WDOStalkerV101-S,tp 5069.000
2022-03-14,2022-03-14 10:59:05,2022-03-14 11:01:03,long,5094.0,5097.5,1.0,35.0,14690.0,WDOStalkerV101-L,tp 5097.500
2022-03-15,2022-03-15 10:39:16,2022-03-15 10:42:16,long,5162.5,5166.5,1.0,40.0,14730.0,WDOStalkerV101-L,tp 5166.500
2022-03-17,2022-03-17 11:11:05,2022-03-17 11:54:17,long,5119.0,5105.0,1.0,-140.0,14590.0,WDOStalkerV101-L,sl 5105.000
2022-03-18,2022-03-18 10:36:09,2022-03-18 10:38:47,long,5084.0,5087.0,1.0,30.0,14620.0,WDOStalkerV101-L,tp 5087.000
2022-03-18,2022-03-18 12:21:43,2022-03-18 12:36:32,short,5056.5,5053.0,1.0,35.0,14655.0,WDOStalkerV101-S,tp 5052.500
2022-03-21,2022-03-21 13:58:43,2022-03-21 14:19:23,short,4972.5,4984.0,1.0,-115.0,14540.0,WDOStalkerV101-S,sl 4983.500
2022-03-22,2022-03-22 10:24:43,2022-03-22 10:36:21,short,4929.0,4926.5,1.0,25.0,14565.0,WDOStalkerV101-S,tp 4926.000
2022-03-22,2022-03-22 12:45:41,2022-03-22 12:58:05,long,4954.0,4958.0,1.0,40.0,14605.0,WDOStalkerV101-L,tp 4958.000
2022-03-24,2022-03-24 10:17:59,2022-03-24 10:19:21,long,4838.5,4842.0,1.0,35.0,14640.0,WDOStalkerV101-L,tp 4841.500
2022-03-24,2022-03-24 11:08:43,2022-03-24 11:12:32,short,4812.0,4808.5,1.0,35.0,14675.0,WDOStalkerV101-S,tp 4808.000
2022-03-24,2022-03-24 11:44:21,2022-03-24 11:50:10,short,4794.0,4790.5,1.0,35.0,14710.0,WDOStalkerV101-S,tp 4790.000
2022-03-25,2022-03-25 10:12:16,2022-03-25 10:12:43,short,4796.5,4792.0,1.0,45.0,14755.0,WDOStalkerV101-S,tp 4792.000
2022-03-25,2022-03-25 12:13:15,2022-03-25 12:17:59,short,4780.0,4775.5,1.0,45.0,14800.0,WDOStalkerV101-S,tp 4775.500
2022-03-25,2022-03-25 13:40:43,2022-03-25 13:44:59,short,4773.0,4768.0,1.0,50.0,14850.0,WDOStalkerV101-S,tp 4768.000
2022-03-28,2022-03-28 12:09:29,2022-03-28 12:35:32,long,4801.0,4805.0,1.0,40.0,14890.0,WDOStalkerV101-L,tp 4805.000
2022-03-29,2022-03-29 10:33:03,2022-03-29 10:33:59,long,4758.5,4764.5,1.0,60.0,14950.0,WDOStalkerV101-L,tp 4763.500
2022-03-29,2022-03-29 10:47:20,2022-03-29 10:51:59,long,4763.5,4747.5,1.0,-160.0,14790.0,WDOStalkerV101-L,sl 4749.000
2022-03-30,2022-03-30 12:48:41,2022-03-30 13:58:41,long,4775.5,4779.5,1.0,40.0,14830.0,WDOStalkerV101-L,tp 4779.500
2022-03-31,2022-03-31 10:10:10,2022-03-31 10:11:02,short,4795.5,4790.5,1.0,50.0,14880.0,WDOStalkerV101-S,tp 4791.000
2022-03-31,2022-03-31 11:13:59,2022-03-31 11:18:38,short,4786.0,4782.0,1.0,40.0,14920.0,WDOStalkerV101-S,tp 4781.500
2022-04-04,2022-04-04 11:34:16,2022-04-04 11:50:17,short,4655.5,4652.5,1.0,30.0,14950.0,WDOStalkerV101-S,tp 4652.000
2022-04-05,2022-04-05 10:40:16,2022-04-05 10:52:16,long,4657.5,4661.0,1.0,35.0,14985.0,WDOStalkerV101-L,tp 4660.500
2022-04-05,2022-04-05 13:52:21,2022-04-05 14:48:43,long,4682.0,4687.0,1.0,50.0,15035.0,WDOStalkerV101-L,tp 4686.500
2022-04-06,2022-04-06 10:21:41,2022-04-06 10:22:58,long,4714.5,4718.0,1.0,35.0,15070.0,WDOStalkerV101-L,tp 4718.000
2022-04-06,2022-04-06 11:13:43,2022-04-06 11:20:05,long,4727.0,4730.5,1.0,35.0,15105.0,WDOStalkerV101-L,tp 4730.500
2022-04-07,2022-04-07 10:13:21,2022-04-07 10:20:21,long,4746.0,4750.5,1.0,45.0,15150.0,WDOStalkerV101-L,tp 4750.500
2022-04-07,2022-04-07 10:33:14,2022-04-07 10:36:13,long,4756.0,4761.0,1.0,50.0,15200.0,WDOStalkerV101-L,tp 4761.000
2022-04-07,2022-04-07 14:01:03,2022-04-07 15:29:16,long,4779.5,4784.0,1.0,45.0,15245.0,WDOStalkerV101-L,tp 4784.000
2022-04-08,2022-04-08 10:24:21,2022-04-08 10:24:59,long,4777.5,4781.0,1.0,35.0,15280.0,WDOStalkerV101-L,tp 4781.000
2022-04-08,2022-04-08 11:00:08,2022-04-08 11:02:09,long,4799.5,4787.5,1.0,-120.0,15160.0,WDOStalkerV101-L,sl 4788.000
2022-04-12,2022-04-12 10:21:10,2022-04-12 10:24:41,short,4661.5,4658.5,1.0,30.0,15190.0,WDOStalkerV101-S,tp 4658.000
2022-04-13,2022-04-13 10:22:21,2022-04-13 10:23:16,long,4706.0,4710.0,1.0,40.0,15230.0,WDOStalkerV101-L,tp 4709.500
2022-04-13,2022-04-13 11:13:05,2022-04-13 11:20:59,long,4709.5,4699.5,1.0,-100.0,15130.0,WDOStalkerV101-L,sl 4699.500
2022-04-14,2022-04-14 10:57:21,2022-04-14 10:59:32,long,4746.5,4749.5,1.0,30.0,15160.0,WDOStalkerV101-L,tp 4749.500
2022-04-18,2022-04-18 11:06:10,2022-04-18 11:35:05,short,4686.5,4696.0,1.0,-95.0,15065.0,WDOStalkerV101-S,sl 4695.500
2022-04-19,2022-04-19 10:08:21,2022-04-19 10:10:08,long,4678.5,4681.5,1.0,30.0,15095.0,WDOStalkerV101-L,tp 4681.500
2022-04-19,2022-04-19 10:55:22,2022-04-19 11:05:13,short,4661.5,4671.5,1.0,-100.0,14995.0,WDOStalkerV101-S,sl 4671.000
2022-04-19,2022-04-19 12:40:32,2022-04-19 12:45:59,long,4687.0,4690.5,1.0,35.0,15030.0,WDOStalkerV101-L,tp 4690.500
2022-04-25,2022-04-25 10:03:17,2022-04-25 10:12:16,short,4824.0,4842.0,1.0,-180.0,14850.0,WDOStalkerV101-S,sl 4841.000
2022-04-25,2022-04-25 10:22:16,2022-04-25 10:27:16,long,4855.0,4862.0,1.0,70.0,14920.0,WDOStalkerV101-L,tp 4862.000
2022-04-25,2022-04-25 10:41:16,2022-04-25 11:00:21,long,4866.0,4873.0,1.0,70.0,14990.0,WDOStalkerV101-L,tp 4873.000
2022-04-25,2022-04-25 13:45:32,2022-04-25 14:25:10,long,4921.0,4901.0,1.0,-200.0,14790.0,WDOStalkerV101-L,sl 4901.000
2022-04-26,2022-04-26 11:45:08,2022-04-26 11:45:59,long,4979.0,4985.0,1.0,60.0,14850.0,WDOStalkerV101-L,tp 4983.500
2022-04-28,2022-04-28 11:06:21,2022-04-28 11:11:21,long,5022.0,5028.0,1.0,60.0,14910.0,WDOStalkerV101-L,tp 5027.000
2022-04-28,2022-04-28 11:56:21,2022-04-28 12:06:21,long,5028.0,5013.5,1.0,-145.0,14765.0,WDOStalkerV101-L,sl 5014.000
2022-04-29,2022-04-29 10:47:43,2022-04-29 10:56:32,long,4953.5,4939.5,1.0,-140.0,14625.0,WDOStalkerV101-L,sl 4939.500
2022-04-29,2022-04-29 12:18:43,2022-04-29 12:19:43,long,4982.0,4989.0,1.0,70.0,14695.0,WDOStalkerV101-L,tp 4988.000
2022-05-02,2022-05-02 11:24:07,2022-05-02 11:37:05,long,5062.5,5067.5,1.0,50.0,14745.0,WDOStalkerV101-L,tp 5067.500
2022-05-02,2022-05-02 13:23:43,2022-05-02 13:25:41,long,5069.5,5075.0,1.0,55.0,14800.0,WDOStalkerV101-L,tp 5074.500
2022-05-03,2022-05-03 11:05:59,2022-05-03 11:31:05,short,5066.0,5061.5,1.0,45.0,14845.0,WDOStalkerV101-S,tp 5061.000
2022-05-03,2022-05-03 12:05:16,2022-05-03 12:07:43,short,5062.0,5056.5,1.0,55.0,14900.0,WDOStalkerV101-S,tp 5057.000
2022-05-03,2022-05-03 12:39:43,2022-05-03 12:48:43,short,5052.5,5047.5,1.0,50.0,14950.0,WDOStalkerV101-S,tp 5047.000
2022-05-03,2022-05-03 13:06:32,2022-05-03 13:09:43,short,5052.0,5047.0,1.0,50.0,15000.0,WDOStalkerV101-S,tp 5046.500
2022-05-04,2022-05-04 10:25:21,2022-05-04 10:28:21,long,5049.5,5054.5,1.0,50.0,15050.0,WDOStalkerV101-L,tp 5053.500
2022-05-04,2022-05-04 11:16:20,2022-05-04 11:27:20,long,5054.0,5058.0,1.0,40.0,15090.0,WDOStalkerV101-L,tp 5058.000
2022-05-05,2022-05-05 14:06:08,2022-05-05 14:11:41,long,5066.5,5072.5,1.0,60.0,15150.0,WDOStalkerV101-L,tp 5072.500
2022-05-06,2022-05-06 11:01:13,2022-05-06 11:03:10,long,5125.5,5130.5,1.0,50.0,15200.0,WDOStalkerV101-L,tp 5130.500
2022-05-09,2022-05-09 10:13:03,2022-05-09 10:19:14,short,5160.5,5154.5,1.0,60.0,15260.0,WDOStalkerV101-S,tp 5155.000
2022-05-10,2022-05-10 10:23:21,2022-05-10 10:29:42,short,5160.0,5156.5,1.0,35.0,15295.0,WDOStalkerV101-S,tp 5156.000
2022-05-10,2022-05-10 11:56:21,2022-05-10 12:03:16,long,5185.5,5190.0,1.0,45.0,15340.0,WDOStalkerV101-L,tp 5190.000
2022-05-11,2022-05-11 10:07:00,2022-05-11 10:18:07,long,5184.0,5171.0,1.0,-130.0,15210.0,WDOStalkerV101-L,sl 5171.500
2022-05-12,2022-05-12 10:27:21,2022-05-12 10:32:10,short,5197.5,5210.5,1.0,-130.0,15080.0,WDOStalkerV101-S,sl 5210.000
2022-05-12,2022-05-12 12:48:05,2022-05-12 13:27:03,short,5160.0,5155.0,1.0,50.0,15130.0,WDOStalkerV101-S,tp 5154.500
2022-05-13,2022-05-13 10:05:16,2022-05-13 10:06:43,long,5166.5,5171.0,1.0,45.0,15175.0,WDOStalkerV101-L,tp 5170.500
2022-05-13,2022-05-13 11:11:16,2022-05-13 11:11:43,short,5146.0,5141.5,1.0,45.0,15220.0,WDOStalkerV101-S,tp 5141.500
2022-05-13,2022-05-13 11:43:08,2022-05-13 11:56:05,short,5126.0,5121.5,1.0,45.0,15265.0,WDOStalkerV101-S,tp 5121.500
2022-05-13,2022-05-13 12:42:43,2022-05-13 12:44:40,short,5115.5,5111.0,1.0,45.0,15310.0,WDOStalkerV101-S,tp 5110.500
2022-05-16,2022-05-16 10:16:23,2022-05-16 10:24:16,short,5094.5,5090.5,1.0,40.0,15350.0,WDOStalkerV101-S,tp 5090.500
2022-05-16,2022-05-16 10:36:06,2022-05-16 10:37:00,short,5086.5,5083.0,1.0,35.0,15385.0,WDOStalkerV101-S,tp 5082.500
2022-05-16,2022-05-16 10:46:01,2022-05-16 10:50:21,short,5076.5,5089.0,1.0,-125.0,15260.0,WDOStalkerV101-S,sl 5088.500
2022-05-16,2022-05-16 11:34:05,2022-05-16 11:36:05,short,5073.0,5068.5,1.0,45.0,15305.0,WDOStalkerV101-S,tp 5068.000
2022-05-17,2022-05-17 10:10:08,2022-05-17 10:12:43,short,4993.5,4989.0,1.0,45.0,15350.0,WDOStalkerV101-S,tp 4989.000
2022-05-18,2022-05-18 10:35:08,2022-05-18 10:35:21,long,4976.5,4981.0,1.0,45.0,15395.0,WDOStalkerV101-L,tp 4980.500
2022-05-18,2022-05-18 11:52:43,2022-05-18 11:56:40,long,4982.0,4986.0,1.0,40.0,15435.0,WDOStalkerV101-L,tp 4986.000
2022-05-18,2022-05-18 13:44:47,2022-05-18 13:45:40,long,4983.5,4987.5,1.0,40.0,15475.0,WDOStalkerV101-L,tp 4987.500
2022-05-19,2022-05-19 10:03:21,2022-05-19 10:04:17,short,4942.5,4939.0,1.0,35.0,15510.0,WDOStalkerV101-S,tp 4938.500
2022-05-19,2022-05-19 10:25:00,2022-05-19 10:31:02,short,4939.0,4935.0,1.0,40.0,15550.0,WDOStalkerV101-S,tp 4934.500
2022-05-19,2022-05-19 10:59:05,2022-05-19 11:00:10,short,4936.5,4932.0,1.0,45.0,15595.0,WDOStalkerV101-S,tp 4932.000
2022-05-19,2022-05-19 11:08:42,2022-05-19 11:11:42,short,4936.0,4932.0,1.0,40.0,15635.0,WDOStalkerV101-S,tp 4931.500
2022-05-19,2022-05-19 11:30:14,2022-05-19 11:38:10,short,4935.5,4950.0,1.0,-145.0,15490.0,WDOStalkerV101-S,sl 4948.000
2022-05-19,2022-05-19 13:21:05,2022-05-19 13:22:43,short,4926.0,4921.5,1.0,45.0,15535.0,WDOStalkerV101-S,tp 4921.000
2022-05-20,2022-05-20 10:12:19,2022-05-20 10:16:02,short,4912.0,4908.5,1.0,35.0,15570.0,WDOStalkerV101-S,tp 4908.000
2022-05-20,2022-05-20 10:55:10,2022-05-20 10:57:43,short,4909.0,4905.0,1.0,40.0,15610.0,WDOStalkerV101-S,tp 4904.500
2022-05-20,2022-05-20 11:12:20,2022-05-20 11:13:41,short,4902.0,4898.0,1.0,40.0,15650.0,WDOStalkerV101-S,tp 4897.500
2022-05-20,2022-05-20 12:13:32,2022-05-20 12:29:16,short,4887.5,4883.5,1.0,40.0,15690.0,WDOStalkerV101-S,tp 4883.000
2022-05-20,2022-05-20 13:02:21,2022-05-20 13:03:21,short,4884.5,4880.0,1.0,45.0,15735.0,WDOStalkerV101-S,tp 4879.500
2022-05-23,2022-05-23 10:38:59,2022-05-23 10:42:43,short,4824.5,4821.0,1.0,35.0,15770.0,WDOStalkerV101-S,tp 4820.500
2022-05-23,2022-05-23 11:08:16,2022-05-23 11:11:29,short,4816.5,4812.5,1.0,40.0,15810.0,WDOStalkerV101-S,tp 4812.000
2022-05-24,2022-05-24 10:36:19,2022-05-24 10:42:21,short,4804.5,4802.0,1.0,25.0,15835.0,WDOStalkerV101-S,tp 4801.500
2022-05-24,2022-05-24 11:10:21,2022-05-24 11:15:09,short,4801.0,4811.0,1.0,-100.0,15735.0,WDOStalkerV101-S,sl 4810.500
2022-05-24,2022-05-24 12:46:16,2022-05-24 12:50:16,long,4843.0,4848.0,1.0,50.0,15785.0,WDOStalkerV101-L,tp 4848.000
2022-05-26,2022-05-26 10:15:10,2022-05-26 10:28:21,short,4822.5,4835.0,1.0,-125.0,15660.0,WDOStalkerV101-S,sl 4834.000
2022-05-26,2022-05-26 11:09:14,2022-05-26 11:10:59,short,4813.5,4810.0,1.0,35.0,15695.0,WDOStalkerV101-S,tp 4809.500
2022-05-27,2022-05-27 10:31:02,2022-05-27 10:40:41,long,4775.0,4778.5,1.0,35.0,15730.0,WDOStalkerV101-L,tp 4778.500
2022-05-27,2022-05-27 13:13:21,2022-05-27 14:14:43,short,4734.0,4746.5,1.0,-125.0,15605.0,WDOStalkerV101-S,sl 4746.000
2022-05-30,2022-05-30 12:19:21,2022-05-30 12:21:05,long,4731.5,4735.0,1.0,35.0,15640.0,WDOStalkerV101-L,tp 4735.000
2022-05-31,2022-05-31 11:11:17,2022-05-31 11:22:02,short,4760.5,4754.5,1.0,60.0,15700.0,WDOStalkerV101-S,tp 4756.000
2022-06-01,2022-06-01 10:43:43,2022-06-01 10:57:16,long,4793.5,4797.0,1.0,35.0,15735.0,WDOStalkerV101-L,tp 4797.000
2022-06-02,2022-06-02 10:39:16,2022-06-02 10:42:21,long,4840.5,4829.0,1.0,-115.0,15620.0,WDOStalkerV101-L,sl 4830.000
2022-06-03,2022-06-03 10:14:10,2022-06-03 10:19:17,short,4838.0,4835.0,1.0,30.0,15650.0,WDOStalkerV101-S,tp 4834.500
2022-06-03,2022-06-03 10:37:21,2022-06-03 10:38:21,short,4837.0,4834.0,1.0,30.0,15680.0,WDOStalkerV101-S,tp 4833.500
2022-06-03,2022-06-03 11:05:59,2022-06-03 11:06:32,short,4829.0,4826.0,1.0,30.0,15710.0,WDOStalkerV101-S,tp 4825.500
2022-06-03,2022-06-03 14:30:41,2022-06-03 15:51:41,short,4827.5,4823.0,1.0,45.0,15755.0,WDOStalkerV101-S,tp 4823.500
2022-06-06,2022-06-06 10:55:20,2022-06-06 11:02:43,long,4814.5,4817.5,1.0,30.0,15785.0,WDOStalkerV101-L,tp 4817.500
2022-06-06,2022-06-06 12:07:43,2022-06-06 12:09:49,long,4825.0,4828.5,1.0,35.0,15820.0,WDOStalkerV101-L,tp 4828.500
2022-06-07,2022-06-07 11:53:16,2022-06-07 11:57:21,long,4935.0,4941.0,1.0,60.0,15880.0,WDOStalkerV101-L,tp 4939.500
2022-06-09,2022-06-09 10:17:43,2022-06-09 10:19:17,long,4928.5,4931.5,1.0,30.0,15910.0,WDOStalkerV101-L,tp 4931.500
2022-06-09,2022-06-09 10:38:20,2022-06-09 10:41:43,long,4936.0,4940.0,1.0,40.0,15950.0,WDOStalkerV101-L,tp 4939.500
2022-06-13,2022-06-13 10:33:16,2022-06-13 10:39:21,long,5101.5,5106.0,1.0,45.0,15995.0,WDOStalkerV101-L,tp 5106.000
2022-06-13,2022-06-13 12:35:21,2022-06-13 12:37:14,long,5133.0,5138.0,1.0,50.0,16045.0,WDOStalkerV101-L,tp 5138.000
2022-06-14,2022-06-14 10:34:20,2022-06-14 10:35:21,long,5142.0,5147.0,1.0,50.0,16095.0,WDOStalkerV101-L,tp 5147.000
2022-06-14,2022-06-14 12:26:43,2022-06-14 12:38:43,long,5146.0,5152.0,1.0,60.0,16155.0,WDOStalkerV101-L,tp 5151.000
2022-06-14,2022-06-14 14:06:59,2022-06-14 14:19:05,long,5161.0,5146.5,1.0,-145.0,16010.0,WDOStalkerV101-L,sl 5146.500
2022-06-15,2022-06-15 10:19:16,2022-06-15 10:22:40,long,5138.0,5142.0,1.0,40.0,16050.0,WDOStalkerV101-L,tp 5142.000
2022-06-15,2022-06-15 10:39:16,2022-06-15 10:49:21,long,5143.0,5147.0,1.0,40.0,16090.0,WDOStalkerV101-L,tp 5147.000
2022-06-20,2022-06-20 10:18:41,2022-06-20 10:23:16,long,5189.0,5192.5,1.0,35.0,16125.0,WDOStalkerV101-L,tp 5192.500
2022-06-20,2022-06-20 11:07:43,2022-06-20 11:15:43,long,5192.5,5196.5,1.0,40.0,16165.0,WDOStalkerV101-L,tp 5196.000
2022-06-21,2022-06-21 10:02:20,2022-06-21 10:03:05,long,5194.5,5197.5,1.0,30.0,16195.0,WDOStalkerV101-L,tp 5197.500
2022-06-21,2022-06-21 10:43:21,2022-06-21 10:45:02,short,5173.0,5170.0,1.0,30.0,16225.0,WDOStalkerV101-S,tp 5169.500
2022-06-21,2022-06-21 12:29:32,2022-06-21 12:31:05,short,5151.0,5147.5,1.0,35.0,16260.0,WDOStalkerV101-S,tp 5147.000
2022-06-22,2022-06-22 10:33:21,2022-06-22 10:34:16,long,5187.0,5191.5,1.0,45.0,16305.0,WDOStalkerV101-L,tp 5190.500
2022-06-23,2022-06-23 10:07:21,2022-06-23 10:08:43,short,5191.5,5187.5,1.0,40.0,16345.0,WDOStalkerV101-S,tp 5188.000
2022-06-23,2022-06-23 11:07:05,2022-06-23 11:07:43,short,5190.5,5187.0,1.0,35.0,16380.0,WDOStalkerV101-S,tp 5186.500
2022-06-24,2022-06-24 10:07:14,2022-06-24 10:16:10,long,5237.0,5240.5,1.0,35.0,16415.0,WDOStalkerV101-L,tp 5240.500
2022-06-24,2022-06-24 11:00:07,2022-06-24 11:01:10,long,5268.5,5258.0,1.0,-105.0,16310.0,WDOStalkerV101-L,sl 5258.000
2022-06-27,2022-06-27 11:11:42,2022-06-27 11:13:40,short,5239.0,5235.0,1.0,40.0,16350.0,WDOStalkerV101-S,tp 5234.500
2022-06-27,2022-06-27 14:06:08,2022-06-27 14:23:43,short,5229.0,5225.0,1.0,40.0,16390.0,WDOStalkerV101-S,tp 5224.500
2022-06-28,2022-06-28 10:24:17,2022-06-28 10:29:43,short,5208.0,5205.0,1.0,30.0,16420.0,WDOStalkerV101-S,tp 5204.500
2022-06-28,2022-06-28 13:13:16,2022-06-28 13:14:43,long,5252.0,5256.5,1.0,45.0,16465.0,WDOStalkerV101-L,tp 5256.500
2022-06-30,2022-06-30 10:21:21,2022-06-30 10:48:21,long,5299.0,5303.5,1.0,45.0,16510.0,WDOStalkerV101-L,tp 5303.500
2022-07-01,2022-07-01 10:26:59,2022-07-01 10:28:20,long,5355.5,5359.5,1.0,40.0,16550.0,WDOStalkerV101-L,tp 5359.500
2022-07-01,2022-07-01 11:49:01,2022-07-01 11:50:16,long,5364.5,5369.0,1.0,45.0,16595.0,WDOStalkerV101-L,tp 5369.000
2022-07-04,2022-07-04 13:00:16,2022-07-04 13:06:41,short,5340.5,5337.0,1.0,35.0,16630.0,WDOStalkerV101-S,tp 5337.000
2022-07-05,2022-07-05 11:11:21,2022-07-05 11:12:32,long,5428.5,5431.5,1.0,30.0,16660.0,WDOStalkerV101-L,tp 5431.500
2022-07-06,2022-07-06 11:06:02,2022-07-06 11:12:14,long,5455.0,5444.5,1.0,-105.0,16555.0,WDOStalkerV101-L,sl 5445.000
2022-07-06,2022-07-06 13:58:13,2022-07-06 14:24:43,long,5483.0,5471.0,1.0,-120.0,16435.0,WDOStalkerV101-L,sl 5471.000
2022-07-07,2022-07-07 10:24:19,2022-07-07 10:26:05,short,5419.0,5415.5,1.0,35.0,16470.0,WDOStalkerV101-S,tp 5415.000
2022-07-07,2022-07-07 12:38:05,2022-07-07 12:45:05,short,5387.5,5384.0,1.0,35.0,16505.0,WDOStalkerV101-S,tp 5383.500
2022-07-08,2022-07-08 10:47:42,2022-07-08 10:50:14,short,5352.0,5364.5,1.0,-125.0,16380.0,WDOStalkerV101-S,sl 5362.500
2022-07-08,2022-07-08 13:05:59,2022-07-08 13:16:32,short,5336.5,5332.5,1.0,40.0,16420.0,WDOStalkerV101-S,tp 5332.000
2022-07-11,2022-07-11 10:57:21,2022-07-11 11:18:32,long,5376.5,5380.5,1.0,40.0,16460.0,WDOStalkerV101-L,tp 5380.500
2022-07-12,2022-07-12 10:38:21,2022-07-12 10:39:42,long,5444.0,5447.5,1.0,35.0,16495.0,WDOStalkerV101-L,tp 5447.500
2022-07-14,2022-07-14 10:50:16,2022-07-14 11:00:21,long,5502.0,5507.0,1.0,50.0,16545.0,WDOStalkerV101-L,tp 5507.000
2022-07-14,2022-07-14 11:59:41,2022-07-14 12:00:04,short,5474.0,5468.5,1.0,55.0,16600.0,WDOStalkerV101-S,tp 5468.000
2022-07-14,2022-07-14 12:13:43,2022-07-14 12:17:21,short,5467.5,5461.0,1.0,65.0,16665.0,WDOStalkerV101-S,tp 5461.500
2022-07-14,2022-07-14 13:01:43,2022-07-14 13:48:20,short,5458.0,5476.5,1.0,-185.0,16480.0,WDOStalkerV101-S,sl 5476.000
2022-07-15,2022-07-15 10:02:23,2022-07-15 10:08:20,short,5431.0,5441.0,1.0,-100.0,16380.0,WDOStalkerV101-S,sl 5440.500
2022-07-15,2022-07-15 10:45:08,2022-07-15 10:45:29,long,5455.0,5459.0,1.0,40.0,16420.0,WDOStalkerV101-L,tp 5459.000
2022-07-15,2022-07-15 11:00:08,2022-07-15 11:07:21,long,5458.5,5446.0,1.0,-125.0,16295.0,WDOStalkerV101-L,sl 5447.000
2022-07-15,2022-07-15 13:15:59,2022-07-15 14:22:20,short,5415.5,5431.0,1.0,-155.0,16140.0,WDOStalkerV101-S,sl 5429.000
2022-07-18,2022-07-18 10:14:43,2022-07-18 10:20:14,long,5405.5,5408.5,1.0,30.0,16170.0,WDOStalkerV101-L,tp 5408.500
2022-07-18,2022-07-18 10:45:17,2022-07-18 10:57:08,short,5388.5,5385.5,1.0,30.0,16200.0,WDOStalkerV101-S,tp 5385.000
2022-07-18,2022-07-18 11:21:21,2022-07-18 11:24:43,short,5383.5,5380.5,1.0,30.0,16230.0,WDOStalkerV101-S,tp 5380.000
2022-07-18,2022-07-18 12:02:21,2022-07-18 12:04:32,short,5382.0,5379.0,1.0,30.0,16260.0,WDOStalkerV101-S,tp 5378.500
2022-07-19,2022-07-19 10:03:07,2022-07-19 10:07:16,short,5415.0,5411.5,1.0,35.0,16295.0,WDOStalkerV101-S,tp 5411.000
2022-07-19,2022-07-19 10:24:43,2022-07-19 10:26:05,short,5409.0,5405.5,1.0,35.0,16330.0,WDOStalkerV101-S,tp 5405.000
2022-07-19,2022-07-19 10:53:14,2022-07-19 10:59:41,short,5405.0,5401.5,1.0,35.0,16365.0,WDOStalkerV101-S,tp 5401.000
2022-07-21,2022-07-21 10:33:21,2022-07-21 10:34:21,long,5484.5,5489.0,1.0,45.0,16410.0,WDOStalkerV101-L,tp 5488.500
2022-07-22,2022-07-22 10:11:43,2022-07-22 10:12:41,short,5470.5,5468.0,1.0,25.0,16435.0,WDOStalkerV101-S,tp 5467.500
2022-07-22,2022-07-22 10:23:21,2022-07-22 10:24:43,short,5467.5,5464.0,1.0,35.0,16470.0,WDOStalkerV101-S,tp 5464.000
2022-07-22,2022-07-22 10:59:16,2022-07-22 11:03:10,short,5460.5,5457.5,1.0,30.0,16500.0,WDOStalkerV101-S,tp 5457.000
2022-07-22,2022-07-22 11:25:43,2022-07-22 11:31:16,short,5459.0,5456.0,1.0,30.0,16530.0,WDOStalkerV101-S,tp 5455.500
2022-07-25,2022-07-25 10:18:21,2022-07-25 10:22:00,short,5448.0,5445.5,1.0,25.0,16555.0,WDOStalkerV101-S,tp 5445.000
2022-07-25,2022-07-25 11:47:29,2022-07-25 11:48:43,short,5426.5,5424.0,1.0,25.0,16580.0,WDOStalkerV101-S,tp 5423.500
2022-07-26,2022-07-26 11:01:19,2022-07-26 11:02:21,short,5355.5,5350.5,1.0,50.0,16630.0,WDOStalkerV101-S,tp 5351.000
2022-07-28,2022-07-28 10:52:16,2022-07-28 11:22:19,short,5202.5,5217.5,1.0,-150.0,16480.0,WDOStalkerV101-S,sl 5217.000
2022-07-29,2022-07-29 10:06:02,2022-07-29 10:06:21,long,5229.5,5235.5,1.0,60.0,16540.0,WDOStalkerV101-L,tp 5234.000
2022-07-29,2022-07-29 10:13:20,2022-07-29 10:14:16,long,5237.5,5242.5,1.0,50.0,16590.0,WDOStalkerV101-L,tp 5242.500
2022-07-29,2022-07-29 10:26:32,2022-07-29 10:27:16,long,5240.5,5246.5,1.0,60.0,16650.0,WDOStalkerV101-L,tp 5245.500
2022-08-01,2022-08-01 10:09:16,2022-08-01 10:11:16,long,5221.0,5226.0,1.0,50.0,16700.0,WDOStalkerV101-L,tp 5225.000
2022-08-01,2022-08-01 10:52:21,2022-08-01 11:00:00,long,5225.5,5235.0,1.0,95.0,16795.0,WDOStalkerV101-L,tp 5229.500
2022-08-02,2022-08-02 10:13:16,2022-08-02 10:14:32,short,5243.0,5240.0,1.0,30.0,16825.0,WDOStalkerV101-S,tp 5239.500
2022-08-02,2022-08-02 10:45:14,2022-08-02 10:47:21,long,5268.0,5273.0,1.0,50.0,16875.0,WDOStalkerV101-L,tp 5272.000
2022-08-02,2022-08-02 10:58:41,2022-08-02 10:59:44,long,5270.5,5274.5,1.0,40.0,16915.0,WDOStalkerV101-L,tp 5274.500
2022-08-02,2022-08-02 11:15:21,2022-08-02 11:16:16,long,5278.5,5282.5,1.0,40.0,16955.0,WDOStalkerV101-L,tp 5282.500
2022-08-03,2022-08-03 10:38:14,2022-08-03 10:39:00,long,5321.0,5324.0,1.0,30.0,16985.0,WDOStalkerV101-L,tp 5324.000
2022-08-03,2022-08-03 12:14:21,2022-08-03 12:15:58,long,5338.0,5341.5,1.0,35.0,17020.0,WDOStalkerV101-L,tp 5341.500
2022-08-04,2022-08-04 10:20:21,2022-08-04 10:21:21,short,5299.0,5296.5,1.0,25.0,17045.0,WDOStalkerV101-S,tp 5296.000
2022-08-04,2022-08-04 11:04:02,2022-08-04 11:04:20,short,5289.5,5286.5,1.0,30.0,17075.0,WDOStalkerV101-S,tp 5286.000
2022-08-05,2022-08-05 12:25:40,2022-08-05 12:52:59,short,5246.5,5241.5,1.0,50.0,17125.0,WDOStalkerV101-S,tp 5241.500
2022-08-08,2022-08-08 10:55:59,2022-08-08 11:08:01,short,5151.0,5160.5,1.0,-95.0,17030.0,WDOStalkerV101-S,sl 5160.000
2022-08-09,2022-08-09 10:09:21,2022-08-09 10:10:17,short,5135.5,5133.0,1.0,25.0,17055.0,WDOStalkerV101-S,tp 5132.500
2022-08-09,2022-08-09 11:50:02,2022-08-09 11:51:10,long,5168.5,5172.0,1.0,35.0,17090.0,WDOStalkerV101-L,tp 5172.000
2022-08-11,2022-08-11 10:25:19,2022-08-11 10:26:59,long,5115.5,5119.5,1.0,40.0,17130.0,WDOStalkerV101-L,tp 5119.500
2022-08-11,2022-08-11 13:19:13,2022-08-11 13:32:47,long,5164.5,5169.5,1.0,50.0,17180.0,WDOStalkerV101-L,tp 5169.500
2022-08-12,2022-08-12 11:00:14,2022-08-12 11:01:21,short,5145.0,5141.5,1.0,35.0,17215.0,WDOStalkerV101-S,tp 5142.000
2022-08-15,2022-08-15 10:09:21,2022-08-15 10:13:21,short,5135.0,5131.5,1.0,35.0,17250.0,WDOStalkerV101-S,tp 5131.500
2022-08-15,2022-08-15 11:12:21,2022-08-15 11:31:29,short,5133.0,5129.5,1.0,35.0,17285.0,WDOStalkerV101-S,tp 5129.000
2022-08-15,2022-08-15 11:56:05,2022-08-15 11:57:32,short,5125.5,5121.5,1.0,40.0,17325.0,WDOStalkerV101-S,tp 5121.000
2022-08-16,2022-08-16 11:29:20,2022-08-16 11:37:20,long,5162.5,5166.0,1.0,35.0,17360.0,WDOStalkerV101-L,tp 5166.000
2022-08-16,2022-08-16 12:07:43,2022-08-16 12:09:41,long,5165.5,5169.5,1.0,40.0,17400.0,WDOStalkerV101-L,tp 5169.500
2022-08-18,2022-08-18 11:45:43,2022-08-18 11:46:43,long,5201.0,5205.5,1.0,45.0,17445.0,WDOStalkerV101-L,tp 5205.500
2022-08-19,2022-08-19 12:00:10,2022-08-19 12:04:21,long,5224.5,5229.0,1.0,45.0,17490.0,WDOStalkerV101-L,tp 5229.000
2022-08-22,2022-08-22 10:01:14,2022-08-22 10:05:05,short,5189.0,5186.5,1.0,25.0,17515.0,WDOStalkerV101-S,tp 5186.000
2022-08-22,2022-08-22 10:09:59,2022-08-22 10:13:21,short,5185.5,5195.0,1.0,-95.0,17420.0,WDOStalkerV101-S,sl 5194.500
2022-08-22,2022-08-22 10:44:21,2022-08-22 10:49:32,long,5202.0,5205.5,1.0,35.0,17455.0,WDOStalkerV101-L,tp 5205.500
2022-08-22,2022-08-22 11:36:21,2022-08-22 11:45:08,long,5209.0,5213.0,1.0,40.0,17495.0,WDOStalkerV101-L,tp 5213.000
2022-08-23,2022-08-23 10:44:59,2022-08-23 10:45:01,short,5139.5,5135.0,1.0,45.0,17540.0,WDOStalkerV101-S,tp 5136.000
2022-08-23,2022-08-23 11:45:27,2022-08-23 11:50:56,short,5111.5,5108.0,1.0,35.0,17575.0,WDOStalkerV101-S,tp 5107.500
2022-08-23,2022-08-23 14:17:32,2022-08-23 14:39:43,short,5104.0,5100.5,1.0,35.0,17610.0,WDOStalkerV101-S,tp 5100.000
2022-08-25,2022-08-25 10:44:59,2022-08-25 10:45:20,long,5138.0,5141.0,1.0,30.0,17640.0,WDOStalkerV101-L,tp 5141.000
2022-08-26,2022-08-26 10:18:21,2022-08-26 10:23:38,short,5086.5,5083.5,1.0,30.0,17670.0,WDOStalkerV101-S,tp 5083.000
2022-08-26,2022-08-26 11:13:21,2022-08-26 11:14:16,short,5081.0,5077.5,1.0,35.0,17705.0,WDOStalkerV101-S,tp 5077.000
2022-08-29,2022-08-29 11:13:21,2022-08-29 11:16:16,short,5063.0,5059.5,1.0,35.0,17740.0,WDOStalkerV101-S,tp 5059.000
2022-08-29,2022-08-29 11:40:43,2022-08-29 11:49:43,short,5056.5,5053.0,1.0,35.0,17775.0,WDOStalkerV101-S,tp 5052.500
2022-08-30,2022-08-30 12:00:08,2022-08-30 12:00:16,long,5063.0,5067.0,1.0,40.0,17815.0,WDOStalkerV101-L,tp 5066.500
2022-08-31,2022-08-31 10:45:14,2022-08-31 10:47:21,long,5219.5,5205.5,1.0,-140.0,17675.0,WDOStalkerV101-L,sl 5205.500
2022-08-31,2022-08-31 11:21:17,2022-08-31 11:40:21,long,5224.0,5208.0,1.0,-160.0,17515.0,WDOStalkerV101-L,sl 5209.000
2022-09-01,2022-09-01 10:31:59,2022-09-01 10:39:21,short,5205.0,5200.0,1.0,50.0,17565.0,WDOStalkerV101-S,tp 5200.500
2022-09-01,2022-09-01 12:05:21,2022-09-01 12:11:32,long,5246.0,5251.5,1.0,55.0,17620.0,WDOStalkerV101-L,tp 5251.500
2022-09-02,2022-09-02 13:32:21,2022-09-02 13:45:30,short,5224.0,5239.5,1.0,-155.0,17465.0,WDOStalkerV101-S,sl 5239.000
2022-09-05,2022-09-05 10:20:12,2022-09-05 10:30:16,short,5204.5,5216.0,1.0,-115.0,17350.0,WDOStalkerV101-S,sl 5215.500
2022-09-05,2022-09-05 13:20:21,2022-09-05 13:26:42,short,5201.0,5197.5,1.0,35.0,17385.0,WDOStalkerV101-S,tp 5197.000
2022-09-06,2022-09-06 11:26:10,2022-09-06 11:27:05,long,5256.0,5259.0,1.0,30.0,17415.0,WDOStalkerV101-L,tp 5259.000
2022-09-08,2022-09-08 10:09:10,2022-09-08 10:11:10,long,5244.5,5248.5,1.0,40.0,17455.0,WDOStalkerV101-L,tp 5248.500
2022-09-08,2022-09-08 10:26:00,2022-09-08 10:30:02,long,5253.5,5257.5,1.0,40.0,17495.0,WDOStalkerV101-L,tp 5257.500
2022-09-09,2022-09-09 10:09:21,2022-09-09 10:10:00,short,5208.5,5205.5,1.0,30.0,17525.0,WDOStalkerV101-S,tp 5205.000
2022-09-09,2022-09-09 10:32:21,2022-09-09 10:46:10,long,5225.5,5215.5,1.0,-100.0,17425.0,WDOStalkerV101-L,sl 5215.500
2022-09-09,2022-09-09 11:13:02,2022-09-09 11:15:22,short,5205.5,5202.0,1.0,35.0,17460.0,WDOStalkerV101-S,tp 5201.500
2022-09-09,2022-09-09 12:20:43,2022-09-09 12:26:43,short,5187.0,5183.5,1.0,35.0,17495.0,WDOStalkerV101-S,tp 5183.000
2022-09-12,2022-09-12 13:02:43,2022-09-12 13:18:29,short,5141.0,5138.0,1.0,30.0,17525.0,WDOStalkerV101-S,tp 5137.500
2022-09-13,2022-09-13 10:44:04,2022-09-13 10:50:21,long,5201.0,5187.0,1.0,-140.0,17385.0,WDOStalkerV101-L,sl 5187.500
2022-09-14,2022-09-14 10:28:05,2022-09-14 10:34:21,long,5210.0,5213.5,1.0,35.0,17420.0,WDOStalkerV101-L,tp 5213.500
2022-09-15,2022-09-15 10:08:15,2022-09-15 10:15:21,long,5223.5,5215.0,1.0,-85.0,17335.0,WDOStalkerV101-L,sl 5215.000
2022-09-15,2022-09-15 10:40:14,2022-09-15 10:45:21,long,5231.0,5234.5,1.0,35.0,17370.0,WDOStalkerV101-L,tp 5234.500
2022-09-15,2022-09-15 14:08:05,2022-09-15 14:10:32,long,5247.5,5251.5,1.0,40.0,17410.0,WDOStalkerV101-L,tp 5251.500
2022-09-16,2022-09-16 10:26:21,2022-09-16 10:30:43,long,5302.5,5305.5,1.0,30.0,17440.0,WDOStalkerV101-L,tp 5305.000
2022-09-16,2022-09-16 11:06:16,2022-09-16 11:08:21,long,5313.5,5304.5,1.0,-90.0,17350.0,WDOStalkerV101-L,sl 5305.500
2022-09-19,2022-09-19 10:15:20,2022-09-19 10:16:42,short,5296.5,5293.5,1.0,30.0,17380.0,WDOStalkerV101-S,tp 5293.000
2022-09-19,2022-09-19 11:00:59,2022-09-19 11:01:23,short,5293.0,5290.0,1.0,30.0,17410.0,WDOStalkerV101-S,tp 5289.500
2022-09-19,2022-09-19 11:19:32,2022-09-19 11:20:43,short,5286.5,5283.0,1.0,35.0,17445.0,WDOStalkerV101-S,tp 5282.500
2022-09-20,2022-09-20 10:06:16,2022-09-20 10:09:10,short,5206.0,5202.5,1.0,35.0,17480.0,WDOStalkerV101-S,tp 5202.000
2022-09-20,2022-09-20 10:14:43,2022-09-20 10:15:40,short,5197.5,5194.0,1.0,35.0,17515.0,WDOStalkerV101-S,tp 5193.500
2022-09-20,2022-09-20 13:28:43,2022-09-20 13:52:29,short,5178.0,5173.0,1.0,50.0,17565.0,WDOStalkerV101-S,tp 5172.500
2022-09-21,2022-09-21 10:34:21,2022-09-21 10:35:43,long,5165.0,5169.5,1.0,45.0,17610.0,WDOStalkerV101-L,tp 5169.000
2022-09-22,2022-09-22 12:51:35,2022-09-22 12:57:41,long,5180.0,5185.0,1.0,50.0,17660.0,WDOStalkerV101-L,tp 5184.500
2022-09-23,2022-09-23 13:53:59,2022-09-23 13:55:29,long,5240.5,5245.0,1.0,45.0,17705.0,WDOStalkerV101-L,tp 5245.000
2022-09-27,2022-09-27 10:34:16,2022-09-27 10:36:10,long,5341.0,5347.0,1.0,60.0,17765.0,WDOStalkerV101-L,tp 5346.500
2022-09-27,2022-09-27 11:22:21,2022-09-27 11:27:43,long,5366.0,5372.5,1.0,65.0,17830.0,WDOStalkerV101-L,tp 5372.000
2022-09-29,2022-09-29 10:13:32,2022-09-29 10:21:21,short,5388.0,5401.0,1.0,-130.0,17700.0,WDOStalkerV101-S,sl 5400.500
2022-09-29,2022-09-29 11:21:21,2022-09-29 11:22:43,long,5418.0,5424.0,1.0,60.0,17760.0,WDOStalkerV101-L,tp 5423.000
2022-09-30,2022-09-30 10:31:21,2022-09-30 10:33:19,long,5445.5,5449.5,1.0,40.0,17800.0,WDOStalkerV101-L,tp 5449.500
2022-09-30,2022-09-30 13:36:05,2022-09-30 14:19:43,long,5452.0,5435.0,1.0,-170.0,17630.0,WDOStalkerV101-L,sl 5435.500
2022-10-03,2022-10-03 10:30:16,2022-10-03 10:43:14,short,5281.0,5273.5,1.0,75.0,17705.0,WDOStalkerV101-S,tp 5273.500
2022-10-04,2022-10-04 11:00:14,2022-10-04 11:01:05,long,5191.0,5195.5,1.0,45.0,17750.0,WDOStalkerV101-L,tp 5195.500
2022-10-05,2022-10-05 11:38:14,2022-10-05 11:51:21,long,5259.0,5265.0,1.0,60.0,17810.0,WDOStalkerV101-L,tp 5264.500
2022-10-06,2022-10-06 10:31:16,2022-10-06 10:36:14,long,5232.5,5218.0,1.0,-145.0,17665.0,WDOStalkerV101-L,sl 5219.500
2022-10-06,2022-10-06 11:14:20,2022-10-06 11:21:14,long,5235.0,5221.0,1.0,-140.0,17525.0,WDOStalkerV101-L,sl 5221.000
2022-10-07,2022-10-07 11:31:05,2022-10-07 11:31:43,short,5233.0,5228.0,1.0,50.0,17575.0,WDOStalkerV101-S,tp 5228.500
2022-10-10,2022-10-10 12:24:59,2022-10-10 12:34:05,long,5228.0,5232.5,1.0,45.0,17620.0,WDOStalkerV101-L,tp 5232.500
2022-10-11,2022-10-11 11:18:08,2022-10-11 11:19:20,long,5239.0,5242.5,1.0,35.0,17655.0,WDOStalkerV101-L,tp 5242.500
2022-10-14,2022-10-14 10:11:21,2022-10-14 10:16:07,short,5273.5,5287.5,1.0,-140.0,17515.0,WDOStalkerV101-S,sl 5286.000
2022-10-17,2022-10-17 10:19:20,2022-10-17 10:25:21,short,5287.5,5284.5,1.0,30.0,17545.0,WDOStalkerV101-S,tp 5284.000
2022-10-17,2022-10-17 10:43:21,2022-10-17 10:56:07,short,5281.5,5293.0,1.0,-115.0,17430.0,WDOStalkerV101-S,sl 5292.500
2022-10-18,2022-10-18 10:40:21,2022-10-18 10:54:09,short,5264.5,5275.0,1.0,-105.0,17325.0,WDOStalkerV101-S,sl 5274.500
2022-10-18,2022-10-18 11:34:16,2022-10-18 11:39:16,long,5291.5,5296.0,1.0,45.0,17370.0,WDOStalkerV101-L,tp 5295.500
2022-10-18,2022-10-18 12:46:43,2022-10-18 12:47:43,long,5297.5,5302.0,1.0,45.0,17415.0,WDOStalkerV101-L,tp 5302.000
2022-10-20,2022-10-20 10:02:00,2022-10-20 10:02:43,long,5257.5,5261.5,1.0,40.0,17455.0,WDOStalkerV101-L,tp 5261.500
2022-10-20,2022-10-20 11:35:43,2022-10-20 11:40:10,short,5232.5,5228.5,1.0,40.0,17495.0,WDOStalkerV101-S,tp 5228.000
2022-10-20,2022-10-20 12:21:03,2022-10-20 12:38:05,short,5220.5,5216.0,1.0,45.0,17540.0,WDOStalkerV101-S,tp 5215.500
2022-10-21,2022-10-21 10:03:10,2022-10-21 10:04:00,short,5248.5,5245.5,1.0,30.0,17570.0,WDOStalkerV101-S,tp 5245.000
2022-10-21,2022-10-21 10:11:59,2022-10-21 10:13:13,short,5240.0,5251.0,1.0,-110.0,17460.0,WDOStalkerV101-S,sl 5250.500
2022-10-21,2022-10-21 11:24:16,2022-10-21 11:34:14,short,5207.0,5221.0,1.0,-140.0,17320.0,WDOStalkerV101-S,sl 5220.500
2022-10-24,2022-10-24 12:11:05,2022-10-24 12:42:59,long,5283.5,5289.5,1.0,60.0,17380.0,WDOStalkerV101-L,tp 5289.000
2022-10-25,2022-10-25 13:43:05,2022-10-25 13:44:43,short,5305.0,5300.5,1.0,45.0,17425.0,WDOStalkerV101-S,tp 5300.000
2022-10-26,2022-10-26 10:32:20,2022-10-26 10:37:01,long,5325.5,5314.5,1.0,-110.0,17315.0,WDOStalkerV101-L,sl 5314.500
2022-10-26,2022-10-26 12:00:58,2022-10-26 12:09:20,long,5327.5,5332.5,1.0,50.0,17365.0,WDOStalkerV101-L,tp 5332.000
2022-10-28,2022-10-28 11:02:16,2022-10-28 11:26:20,short,5340.5,5333.5,1.0,70.0,17435.0,WDOStalkerV101-S,tp 5333.000
2022-10-28,2022-10-28 14:21:43,2022-10-28 14:22:59,short,5333.0,5327.5,1.0,55.0,17490.0,WDOStalkerV101-S,tp 5327.000
2022-10-31,2022-10-31 10:28:16,2022-10-31 10:32:05,short,5364.5,5357.5,1.0,70.0,17560.0,WDOStalkerV101-S,tp 5357.500
2022-10-31,2022-10-31 12:31:14,2022-10-31 12:36:20,short,5289.5,5281.0,1.0,85.0,17645.0,WDOStalkerV101-S,tp 5280.500
2022-11-01,2022-11-01 11:57:47,2022-11-01 12:02:43,short,5176.5,5169.5,1.0,70.0,17715.0,WDOStalkerV101-S,tp 5169.500
2022-11-01,2022-11-01 13:55:41,2022-11-01 14:05:43,short,5165.0,5158.0,1.0,70.0,17785.0,WDOStalkerV101-S,tp 5158.000
2022-11-04,2022-11-04 10:44:15,2022-11-04 10:53:20,short,5076.0,5071.0,1.0,50.0,17835.0,WDOStalkerV101-S,tp 5071.000
2022-11-04,2022-11-04 11:35:02,2022-11-04 11:37:10,short,5074.5,5069.0,1.0,55.0,17890.0,WDOStalkerV101-S,tp 5069.000
2022-11-04,2022-11-04 12:49:43,2022-11-04 13:00:43,short,5072.5,5067.0,1.0,55.0,17945.0,WDOStalkerV101-S,tp 5066.500
2022-11-07,2022-11-07 11:08:14,2022-11-07 11:10:39,short,5086.0,5081.0,1.0,50.0,17995.0,WDOStalkerV101-S,tp 5080.500
2022-11-07,2022-11-07 12:09:59,2022-11-07 12:21:21,long,5120.0,5126.0,1.0,60.0,18055.0,WDOStalkerV101-L,tp 5126.000
2022-11-08,2022-11-08 10:25:28,2022-11-08 10:26:21,short,5210.5,5205.5,1.0,50.0,18105.0,WDOStalkerV101-S,tp 5205.000
2022-11-10,2022-11-10 11:52:16,2022-11-10 12:14:43,long,5351.5,5362.0,1.0,105.0,18210.0,WDOStalkerV101-L,tp 5361.000
2022-11-11,2022-11-11 10:27:10,2022-11-11 10:28:14,short,5326.5,5318.5,1.0,80.0,18290.0,WDOStalkerV101-S,tp 5318.000
2022-11-11,2022-11-11 13:04:07,2022-11-11 13:10:21,short,5308.5,5335.0,1.0,-265.0,18025.0,WDOStalkerV101-S,sl 5334.000
2022-11-17,2022-11-17 10:01:14,2022-11-17 10:20:13,short,5485.5,5503.5,1.0,-180.0,17845.0,WDOStalkerV101-S,sl 5503.000
2022-11-17,2022-11-17 12:11:32,2022-11-17 12:23:41,short,5475.5,5468.0,1.0,75.0,17920.0,WDOStalkerV101-S,tp 5468.000
2022-11-18,2022-11-18 10:11:58,2022-11-18 10:37:21,short,5360.0,5379.5,1.0,-195.0,17725.0,WDOStalkerV101-S,sl 5378.000
2022-11-21,2022-11-21 10:49:20,2022-11-21 10:55:03,short,5332.5,5327.5,1.0,50.0,17775.0,WDOStalkerV101-S,tp 5327.000
2022-11-22,2022-11-22 10:41:14,2022-11-22 10:43:43,long,5337.0,5341.5,1.0,45.0,17820.0,WDOStalkerV101-L,tp 5341.500
2022-11-22,2022-11-22 11:53:39,2022-11-22 12:04:21,long,5355.5,5340.0,1.0,-155.0,17665.0,WDOStalkerV101-L,sl 5341.000
2022-11-23,2022-11-23 10:19:19,2022-11-23 10:24:21,long,5388.0,5393.0,1.0,50.0,17715.0,WDOStalkerV101-L,tp 5392.500
2022-11-23,2022-11-23 11:05:43,2022-11-23 11:07:43,long,5403.0,5407.5,1.0,45.0,17760.0,WDOStalkerV101-L,tp 5407.500
2022-11-24,2022-11-24 11:52:16,2022-11-24 12:04:41,short,5316.0,5311.0,1.0,50.0,17810.0,WDOStalkerV101-S,tp 5311.000
2022-11-25,2022-11-25 11:05:32,2022-11-25 11:07:21,long,5355.0,5360.0,1.0,50.0,17860.0,WDOStalkerV101-L,tp 5358.500
2022-11-25,2022-11-25 13:03:42,2022-11-25 13:16:21,long,5360.5,5364.5,1.0,40.0,17900.0,WDOStalkerV101-L,tp 5364.500
2022-11-25,2022-11-25 14:25:21,2022-11-25 14:35:32,long,5393.0,5397.5,1.0,45.0,17945.0,WDOStalkerV101-L,tp 5397.500
2022-11-28,2022-11-28 10:03:21,2022-11-28 10:04:16,short,5385.5,5380.5,1.0,50.0,17995.0,WDOStalkerV101-S,tp 5380.500
2022-11-29,2022-11-29 12:44:17,2022-11-29 12:48:41,short,5304.5,5300.5,1.0,40.0,18035.0,WDOStalkerV101-S,tp 5300.000
2022-11-30,2022-11-30 10:18:40,2022-11-30 10:19:43,long,5330.5,5335.0,1.0,45.0,18080.0,WDOStalkerV101-L,tp 5334.500
2022-12-01,2022-12-01 11:33:16,2022-12-01 11:40:16,short,5214.0,5210.0,1.0,40.0,18120.0,WDOStalkerV101-S,tp 5209.500
2022-12-01,2022-12-01 11:56:05,2022-12-01 11:59:40,short,5207.5,5203.5,1.0,40.0,18160.0,WDOStalkerV101-S,tp 5203.000
2022-12-02,2022-12-02 10:31:21,2022-12-02 10:32:00,long,5233.5,5237.0,1.0,35.0,18195.0,WDOStalkerV101-L,tp 5237.000
2022-12-02,2022-12-02 10:40:07,2022-12-02 10:42:21,long,5248.5,5252.5,1.0,40.0,18235.0,WDOStalkerV101-L,tp 5252.500
2022-12-02,2022-12-02 13:12:43,2022-12-02 13:15:05,long,5251.5,5257.0,1.0,55.0,18290.0,WDOStalkerV101-L,tp 5257.000
2022-12-05,2022-12-05 12:06:21,2022-12-05 12:08:41,long,5272.5,5276.5,1.0,40.0,18330.0,WDOStalkerV101-L,tp 5276.000
2022-12-05,2022-12-05 14:24:17,2022-12-05 14:26:43,long,5278.5,5282.5,1.0,40.0,18370.0,WDOStalkerV101-L,tp 5282.500
2022-12-06,2022-12-06 10:10:16,2022-12-06 10:11:08,short,5260.0,5257.5,1.0,25.0,18395.0,WDOStalkerV101-S,tp 5257.000
2022-12-08,2022-12-08 10:20:20,2022-12-08 10:21:43,short,5247.5,5244.5,1.0,30.0,18425.0,WDOStalkerV101-S,tp 5244.000
2022-12-08,2022-12-08 10:50:16,2022-12-08 10:51:14,short,5239.0,5236.0,1.0,30.0,18455.0,WDOStalkerV101-S,tp 5235.500
2022-12-08,2022-12-08 12:40:21,2022-12-08 12:52:41,short,5233.5,5244.5,1.0,-110.0,18345.0,WDOStalkerV101-S,sl 5244.000
2022-12-08,2022-12-08 14:22:43,2022-12-08 14:30:38,short,5231.5,5242.0,1.0,-105.0,18240.0,WDOStalkerV101-S,sl 5241.500
2022-12-09,2022-12-09 10:19:17,2022-12-09 10:25:20,long,5269.5,5273.0,1.0,35.0,18275.0,WDOStalkerV101-L,tp 5273.000
2022-12-09,2022-12-09 11:09:43,2022-12-09 11:12:43,long,5286.0,5290.5,1.0,45.0,18320.0,WDOStalkerV101-L,tp 5290.000
2022-12-09,2022-12-09 13:13:17,2022-12-09 13:15:05,short,5257.5,5253.0,1.0,45.0,18365.0,WDOStalkerV101-S,tp 5252.500
2022-12-12,2022-12-12 14:07:59,2022-12-12 14:16:10,long,5343.0,5347.5,1.0,45.0,18410.0,WDOStalkerV101-L,tp 5347.500
2022-12-13,2022-12-13 10:12:30,2022-12-13 10:15:05,short,5313.5,5310.0,1.0,35.0,18445.0,WDOStalkerV101-S,tp 5309.500
2022-12-13,2022-12-13 10:34:13,2022-12-13 10:35:01,short,5284.0,5278.0,1.0,60.0,18505.0,WDOStalkerV101-S,tp 5279.500
2022-12-15,2022-12-15 11:32:19,2022-12-15 12:09:32,long,5342.5,5349.0,1.0,65.0,18570.0,WDOStalkerV101-L,tp 5349.000
2022-12-15,2022-12-15 12:59:58,2022-12-15 13:01:43,long,5349.5,5355.5,1.0,60.0,18630.0,WDOStalkerV101-L,tp 5355.000
2022-12-16,2022-12-16 10:22:59,2022-12-16 10:23:43,short,5316.0,5312.5,1.0,35.0,18665.0,WDOStalkerV101-S,tp 5312.500
2022-12-16,2022-12-16 10:30:21,2022-12-16 10:31:32,short,5315.0,5312.0,1.0,30.0,18695.0,WDOStalkerV101-S,tp 5311.500
2022-12-16,2022-12-16 11:17:21,2022-12-16 11:18:43,short,5302.0,5299.0,1.0,30.0,18725.0,WDOStalkerV101-S,tp 5298.500
2022-12-19,2022-12-19 12:49:40,2022-12-19 12:56:32,short,5321.0,5317.5,1.0,35.0,18760.0,WDOStalkerV101-S,tp 5317.000
2022-12-20,2022-12-20 14:28:59,2022-12-20 14:46:29,short,5225.5,5240.0,1.0,-145.0,18615.0,WDOStalkerV101-S,sl 5239.500
2022-12-21,2022-12-21 11:18:16,2022-12-21 11:23:21,long,5212.5,5217.5,1.0,50.0,18665.0,WDOStalkerV101-L,tp 5217.000
2022-12-22,2022-12-22 10:03:10,2022-12-22 10:04:43,short,5202.5,5212.0,1.0,-95.0,18570.0,WDOStalkerV101-S,sl 5211.000
2022-12-22,2022-12-22 10:31:20,2022-12-22 10:33:43,long,5222.5,5226.0,1.0,35.0,18605.0,WDOStalkerV101-L,tp 5226.000
2022-12-22,2022-12-22 11:57:43,2022-12-22 12:06:17,short,5182.0,5178.5,1.0,35.0,18640.0,WDOStalkerV101-S,tp 5178.000
2022-12-23,2022-12-23 13:41:41,2022-12-23 13:55:32,short,5136.5,5133.0,1.0,35.0,18675.0,WDOStalkerV101-S,tp 5132.500
2022-12-27,2022-12-27 11:41:05,2022-12-27 11:41:43,long,5271.0,5274.5,1.0,35.0,18710.0,WDOStalkerV101-L,tp 5274.500
2022-12-28,2022-12-28 10:04:21,2022-12-28 10:07:59,long,5275.5,5279.0,1.0,35.0,18745.0,WDOStalkerV101-L,tp 5279.000
2022-12-28,2022-12-28 10:54:32,2022-12-28 10:57:47,long,5281.0,5271.5,1.0,-95.0,18650.0,WDOStalkerV101-L,sl 5271.500
2022-12-29,2022-12-29 11:14:43,2022-12-29 11:15:29,short,5243.5,5240.5,1.0,30.0,18680.0,WDOStalkerV101-S,tp 5240.000
2023-01-02,2023-01-02 11:56:40,2023-01-02 11:58:43,long,5377.0,5383.0,1.0,60.0,18740.0,WDOStalkerV101-L,tp 5381.500
2023-01-03,2023-01-03 12:43:14,2023-01-03 12:45:32,long,5427.0,5431.5,1.0,45.0,18785.0,WDOStalkerV101-L,tp 5431.500
2023-01-04,2023-01-04 12:16:20,2023-01-04 12:49:31,long,5496.0,5500.5,1.0,45.0,18830.0,WDOStalkerV101-L,tp 5500.500
2023-01-06,2023-01-06 10:09:05,2023-01-06 10:10:19,short,5370.0,5367.5,1.0,25.0,18855.0,WDOStalkerV101-S,tp 5367.000
2023-01-06,2023-01-06 10:27:43,2023-01-06 10:28:21,short,5368.0,5365.5,1.0,25.0,18880.0,WDOStalkerV101-S,tp 5365.000
2023-01-06,2023-01-06 10:32:08,2023-01-06 10:32:16,short,5367.0,5364.5,1.0,25.0,18905.0,WDOStalkerV101-S,tp 5364.000
2023-01-06,2023-01-06 10:37:20,2023-01-06 10:37:23,short,5359.5,5356.0,1.0,35.0,18940.0,WDOStalkerV101-S,tp 5356.000
2023-01-06,2023-01-06 11:45:11,2023-01-06 11:50:43,short,5322.5,5318.0,1.0,45.0,18985.0,WDOStalkerV101-S,tp 5318.500
2023-01-09,2023-01-09 11:04:21,2023-01-09 11:23:43,long,5318.0,5322.5,1.0,45.0,19030.0,WDOStalkerV101-L,tp 5322.000
2023-01-09,2023-01-09 12:48:16,2023-01-09 13:18:20,long,5319.0,5305.0,1.0,-140.0,18890.0,WDOStalkerV101-L,sl 5306.000
2023-01-10,2023-01-10 12:17:58,2023-01-10 12:21:32,short,5256.5,5267.5,1.0,-110.0,18780.0,WDOStalkerV101-S,sl 5266.500
2023-01-12,2023-01-12 10:39:13,2023-01-12 10:40:01,short,5156.0,5151.0,1.0,50.0,18830.0,WDOStalkerV101-S,tp 5152.000
2023-01-12,2023-01-12 11:04:05,2023-01-12 11:04:43,short,5149.5,5145.0,1.0,45.0,18875.0,WDOStalkerV101-S,tp 5145.000
2023-01-13,2023-01-13 10:53:42,2023-01-13 11:18:05,short,5130.5,5125.5,1.0,50.0,18925.0,WDOStalkerV101-S,tp 5125.500
2023-01-13,2023-01-13 12:19:05,2023-01-13 12:39:43,short,5123.5,5118.5,1.0,50.0,18975.0,WDOStalkerV101-S,tp 5118.500
2023-01-17,2023-01-17 10:18:43,2023-01-17 10:21:21,short,5145.5,5142.5,1.0,30.0,19005.0,WDOStalkerV101-S,tp 5142.000
2023-01-17,2023-01-17 10:43:10,2023-01-17 10:52:16,short,5141.5,5138.5,1.0,30.0,19035.0,WDOStalkerV101-S,tp 5138.000
2023-01-17,2023-01-17 11:20:10,2023-01-17 11:27:02,short,5138.0,5135.0,1.0,30.0,19065.0,WDOStalkerV101-S,tp 5134.500
2023-01-17,2023-01-17 12:50:43,2023-01-17 12:51:05,short,5133.5,5130.0,1.0,35.0,19100.0,WDOStalkerV101-S,tp 5129.500
2023-01-19,2023-01-19 10:31:21,2023-01-19 10:32:16,short,5222.0,5217.0,1.0,50.0,19150.0,WDOStalkerV101-S,tp 5217.500
2023-01-19,2023-01-19 10:50:21,2023-01-19 10:53:16,short,5214.5,5210.5,1.0,40.0,19190.0,WDOStalkerV101-S,tp 5210.000
2023-01-19,2023-01-19 11:38:43,2023-01-19 11:40:43,short,5213.5,5209.5,1.0,40.0,19230.0,WDOStalkerV101-S,tp 5209.000
2023-01-20,2023-01-20 11:06:43,2023-01-20 11:44:47,long,5232.0,5219.5,1.0,-125.0,19105.0,WDOStalkerV101-L,sl 5219.500
2023-01-23,2023-01-23 10:21:32,2023-01-23 10:28:43,short,5200.5,5197.5,1.0,30.0,19135.0,WDOStalkerV101-S,tp 5197.000
2023-01-23,2023-01-23 12:33:21,2023-01-23 12:33:24,short,5197.0,5193.5,1.0,35.0,19170.0,WDOStalkerV101-S,tp 5193.000
2023-01-23,2023-01-23 13:32:43,2023-01-23 13:34:05,short,5191.0,5187.5,1.0,35.0,19205.0,WDOStalkerV101-S,tp 5187.000
2023-01-24,2023-01-24 10:29:00,2023-01-24 10:45:16,short,5187.5,5196.0,1.0,-85.0,19120.0,WDOStalkerV101-S,sl 5195.500
2023-01-24,2023-01-24 12:00:43,2023-01-24 12:01:29,short,5180.0,5177.5,1.0,25.0,19145.0,WDOStalkerV101-S,tp 5177.000
2023-01-26,2023-01-26 10:08:21,2023-01-26 10:11:41,long,5103.0,5095.5,1.0,-75.0,19070.0,WDOStalkerV101-L,sl 5095.500
2023-01-26,2023-01-26 11:00:16,2023-01-26 11:03:59,long,5110.5,5114.0,1.0,35.0,19105.0,WDOStalkerV101-L,tp 5114.000
2023-01-26,2023-01-26 12:31:27,2023-01-26 12:48:32,short,5079.0,5092.0,1.0,-130.0,18975.0,WDOStalkerV101-S,sl 5091.500
2023-01-27,2023-01-27 10:03:21,2023-01-27 10:04:06,short,5069.5,5067.0,1.0,25.0,19000.0,WDOStalkerV101-S,tp 5066.500
2023-01-27,2023-01-27 13:28:59,2023-01-27 14:47:21,long,5095.5,5099.5,1.0,40.0,19040.0,WDOStalkerV101-L,tp 5099.500
2023-01-30,2023-01-30 10:00:43,2023-01-30 10:01:30,short,5105.0,5103.0,1.0,20.0,19060.0,WDOStalkerV101-S,tp 5102.500
2023-01-30,2023-01-30 10:53:08,2023-01-30 11:06:59,short,5103.0,5100.5,1.0,25.0,19085.0,WDOStalkerV101-S,tp 5100.000
2023-01-30,2023-01-30 11:41:41,2023-01-30 11:47:05,short,5096.0,5093.5,1.0,25.0,19110.0,WDOStalkerV101-S,tp 5093.000
2023-01-31,2023-01-31 10:21:21,2023-01-31 10:30:08,short,5143.5,5140.5,1.0,30.0,19140.0,WDOStalkerV101-S,tp 5140.000
2023-01-31,2023-01-31 10:33:14,2023-01-31 10:35:59,short,5139.0,5134.5,1.0,45.0,19185.0,WDOStalkerV101-S,tp 5135.500
2023-01-31,2023-01-31 12:27:21,2023-01-31 12:33:59,short,5118.5,5114.5,1.0,40.0,19225.0,WDOStalkerV101-S,tp 5114.500
2023-02-01,2023-02-01 11:32:10,2023-02-01 11:44:32,long,5095.5,5098.5,1.0,30.0,19255.0,WDOStalkerV101-L,tp 5098.500
2023-02-01,2023-02-01 12:04:20,2023-02-01 12:04:59,long,5104.0,5107.0,1.0,30.0,19285.0,WDOStalkerV101-L,tp 5107.000
2023-02-02,2023-02-02 10:43:21,2023-02-02 11:02:59,short,4987.5,5004.0,1.0,-165.0,19120.0,WDOStalkerV101-S,sl 5003.000
2023-02-03,2023-02-03 10:31:00,2023-02-03 10:31:00,short,5118.5,5119.5,1.0,-10.0,19110.0,WDOStalkerV101-S,sl 5104.000
2023-02-06,2023-02-06 10:09:21,2023-02-06 10:10:43,short,5180.5,5178.0,1.0,25.0,19135.0,WDOStalkerV101-S,tp 5177.500
2023-02-06,2023-02-06 11:31:00,2023-02-06 11:52:24,long,5200.0,5203.5,1.0,35.0,19170.0,WDOStalkerV101-L,tp 5203.500
2023-02-06,2023-02-06 12:58:39,2023-02-06 13:33:43,long,5214.5,5218.5,1.0,40.0,19210.0,WDOStalkerV101-L,tp 5218.500
2023-02-07,2023-02-07 10:08:07,2023-02-07 10:09:05,short,5158.0,5169.5,1.0,-115.0,19095.0,WDOStalkerV101-S,sl 5167.500
2023-02-07,2023-02-07 10:30:02,2023-02-07 10:31:16,long,5187.0,5191.0,1.0,40.0,19135.0,WDOStalkerV101-L,tp 5191.000
2023-02-07,2023-02-07 12:59:32,2023-02-07 13:21:20,long,5207.5,5195.0,1.0,-125.0,19010.0,WDOStalkerV101-L,sl 5195.000
2023-02-08,2023-02-08 10:31:16,2023-02-08 10:33:42,long,5208.0,5212.0,1.0,40.0,19050.0,WDOStalkerV101-L,tp 5212.000
2023-02-08,2023-02-08 11:09:41,2023-02-08 11:15:41,long,5210.0,5213.5,1.0,35.0,19085.0,WDOStalkerV101-L,tp 5213.500
2023-02-08,2023-02-08 12:06:05,2023-02-08 12:06:32,long,5217.0,5220.5,1.0,35.0,19120.0,WDOStalkerV101-L,tp 5220.500
2023-02-08,2023-02-08 13:44:41,2023-02-08 13:47:43,long,5242.5,5231.0,1.0,-115.0,19005.0,WDOStalkerV101-L,sl 5231.000
2023-02-09,2023-02-09 11:21:14,2023-02-09 11:22:35,long,5232.5,5237.0,1.0,45.0,19050.0,WDOStalkerV101-L,tp 5237.000
2023-02-09,2023-02-09 13:41:16,2023-02-09 14:25:41,long,5268.0,5253.0,1.0,-150.0,18900.0,WDOStalkerV101-L,sl 5253.500
2023-02-10,2023-02-10 11:29:32,2023-02-10 11:33:21,short,5263.0,5259.0,1.0,40.0,18940.0,WDOStalkerV101-S,tp 5259.000
2023-02-13,2023-02-13 10:08:21,2023-02-13 10:09:05,short,5213.0,5209.5,1.0,35.0,18975.0,WDOStalkerV101-S,tp 5209.500
2023-02-13,2023-02-13 13:20:30,2023-02-13 13:35:32,short,5190.0,5201.0,1.0,-110.0,18865.0,WDOStalkerV101-S,sl 5200.000
2023-02-14,2023-02-14 10:34:14,2023-02-14 10:35:21,short,5152.0,5148.5,1.0,35.0,18900.0,WDOStalkerV101-S,tp 5148.500
2023-02-14,2023-02-14 11:36:10,2023-02-14 11:39:20,long,5180.0,5184.5,1.0,45.0,18945.0,WDOStalkerV101-L,tp 5184.500
2023-02-15,2023-02-15 10:29:05,2023-02-15 10:30:07,long,5236.5,5242.0,1.0,55.0,19000.0,WDOStalkerV101-L,tp 5241.000
2023-02-15,2023-02-15 10:37:21,2023-02-15 10:39:41,long,5237.5,5242.0,1.0,45.0,19045.0,WDOStalkerV101-L,tp 5242.000
2023-02-17,2023-02-17 10:06:38,2023-02-17 10:10:47,short,5231.5,5228.0,1.0,35.0,19080.0,WDOStalkerV101-S,tp 5227.500
2023-02-17,2023-02-17 11:53:38,2023-02-17 11:57:43,short,5220.5,5217.0,1.0,35.0,19115.0,WDOStalkerV101-S,tp 5217.000
2023-02-22,2023-02-22 13:52:10,2023-02-22 13:59:40,long,5209.0,5201.5,1.0,-75.0,19040.0,WDOStalkerV101-L,sl 5201.500
2023-02-23,2023-02-23 10:37:59,2023-02-23 10:42:21,long,5171.0,5160.5,1.0,-105.0,18935.0,WDOStalkerV101-L,sl 5161.500
2023-02-23,2023-02-23 12:05:08,2023-02-23 12:11:42,short,5132.0,5128.5,1.0,35.0,18970.0,WDOStalkerV101-S,tp 5128.000
2023-02-24,2023-02-24 10:54:05,2023-02-24 10:54:32,long,5177.5,5180.5,1.0,30.0,19000.0,WDOStalkerV101-L,tp 5180.500
2023-02-24,2023-02-24 12:05:43,2023-02-24 12:07:32,long,5188.5,5192.0,1.0,35.0,19035.0,WDOStalkerV101-L,tp 5192.000
2023-02-27,2023-02-27 11:25:10,2023-02-27 11:57:41,long,5205.0,5194.5,1.0,-105.0,18930.0,WDOStalkerV101-L,sl 5195.000
2023-02-27,2023-02-27 12:20:16,2023-02-27 12:36:14,short,5183.0,5195.5,1.0,-125.0,18805.0,WDOStalkerV101-S,sl 5195.000
2023-02-27,2023-02-27 13:37:41,2023-02-27 13:55:29,long,5204.5,5209.5,1.0,50.0,18855.0,WDOStalkerV101-L,tp 5209.500
2023-02-28,2023-02-28 10:34:02,2023-02-28 10:35:42,short,5228.0,5224.5,1.0,35.0,18890.0,WDOStalkerV101-S,tp 5224.000
2023-02-28,2023-02-28 10:45:21,2023-02-28 10:48:43,short,5224.5,5220.0,1.0,45.0,18935.0,WDOStalkerV101-S,tp 5220.000
2023-02-28,2023-02-28 13:05:43,2023-02-28 13:06:41,long,5250.0,5255.0,1.0,50.0,18985.0,WDOStalkerV101-L,tp 5254.500
2023-02-28,2023-02-28 13:49:41,2023-02-28 14:37:05,long,5260.5,5266.0,1.0,55.0,19040.0,WDOStalkerV101-L,tp 5265.500
2023-03-01,2023-03-01 12:16:43,2023-03-01 12:35:43,long,5253.5,5240.0,1.0,-135.0,18905.0,WDOStalkerV101-L,sl 5241.000
2023-03-02,2023-03-02 11:59:43,2023-03-02 12:03:43,long,5245.5,5248.5,1.0,30.0,18935.0,WDOStalkerV101-L,tp 5248.500
2023-03-03,2023-03-03 11:45:05,2023-03-03 11:45:40,long,5240.5,5243.5,1.0,30.0,18965.0,WDOStalkerV101-L,tp 5243.500
2023-03-03,2023-03-03 12:11:32,2023-03-03 12:23:20,long,5249.0,5239.0,1.0,-100.0,18865.0,WDOStalkerV101-L,sl 5239.000
2023-03-06,2023-03-06 12:13:40,2023-03-06 12:14:32,short,5222.5,5220.5,1.0,20.0,18885.0,WDOStalkerV101-S,tp 5220.000
2023-03-06,2023-03-06 12:59:03,2023-03-06 13:03:43,short,5205.0,5202.0,1.0,30.0,18915.0,WDOStalkerV101-S,tp 5202.000
2023-03-07,2023-03-07 11:12:16,2023-03-07 11:14:59,long,5205.5,5208.5,1.0,30.0,18945.0,WDOStalkerV101-L,tp 5208.000
2023-03-07,2023-03-07 12:14:05,2023-03-07 12:14:43,long,5220.5,5223.5,1.0,30.0,18975.0,WDOStalkerV101-L,tp 5223.500
2023-03-09,2023-03-09 11:02:21,2023-03-09 11:03:43,short,5142.5,5139.5,1.0,30.0,19005.0,WDOStalkerV101-S,tp 5139.500
2023-03-09,2023-03-09 12:30:41,2023-03-09 12:35:17,long,5161.0,5164.5,1.0,35.0,19040.0,WDOStalkerV101-L,tp 5164.500
2023-03-10,2023-03-10 10:30:07,2023-03-10 10:32:21,long,5212.0,5216.0,1.0,40.0,19080.0,WDOStalkerV101-L,tp 5215.000
2023-03-14,2023-03-14 11:43:00,2023-03-14 12:34:32,short,5249.5,5261.0,1.0,-115.0,18965.0,WDOStalkerV101-S,sl 5260.500
2023-03-16,2023-03-16 10:09:41,2023-03-16 10:15:21,long,5304.5,5309.5,1.0,50.0,19015.0,WDOStalkerV101-L,tp 5308.000
2023-03-16,2023-03-16 11:51:57,2023-03-16 12:01:06,long,5313.0,5316.5,1.0,35.0,19050.0,WDOStalkerV101-L,tp 5316.500
2023-03-16,2023-03-16 12:11:05,2023-03-16 12:13:47,long,5317.5,5321.0,1.0,35.0,19085.0,WDOStalkerV101-L,tp 5321.000
2023-03-17,2023-03-17 10:58:05,2023-03-17 10:58:59,long,5275.0,5278.5,1.0,35.0,19120.0,WDOStalkerV101-L,tp 5278.000
2023-03-17,2023-03-17 13:31:32,2023-03-17 13:33:43,long,5283.5,5286.5,1.0,30.0,19150.0,WDOStalkerV101-L,tp 5286.500
2023-03-20,2023-03-20 10:35:10,2023-03-20 10:49:16,short,5264.0,5261.5,1.0,25.0,19175.0,WDOStalkerV101-S,tp 5261.000
2023-03-20,2023-03-20 12:43:02,2023-03-20 13:22:05,short,5259.0,5256.5,1.0,25.0,19200.0,WDOStalkerV101-S,tp 5256.000
2023-03-21,2023-03-21 11:29:16,2023-03-21 11:36:02,long,5251.5,5253.5,1.0,20.0,19220.0,WDOStalkerV101-L,tp 5253.500
2023-03-22,2023-03-22 11:19:20,2023-03-22 11:27:43,long,5278.5,5281.5,1.0,30.0,19250.0,WDOStalkerV101-L,tp 5281.000
2023-03-22,2023-03-22 11:42:41,2023-03-22 11:55:32,long,5279.5,5282.0,1.0,25.0,19275.0,WDOStalkerV101-L,tp 5282.000
2023-03-23,2023-03-23 12:26:43,2023-03-23 12:34:59,long,5270.0,5274.5,1.0,45.0,19320.0,WDOStalkerV101-L,tp 5274.000
2023-03-24,2023-03-24 10:32:43,2023-03-24 10:35:41,short,5324.5,5321.0,1.0,35.0,19355.0,WDOStalkerV101-S,tp 5321.000
2023-03-27,2023-03-27 11:24:32,2023-03-27 11:32:43,short,5231.0,5238.5,1.0,-75.0,19280.0,WDOStalkerV101-S,sl 5238.000
2023-03-28,2023-03-28 10:41:21,2023-03-28 10:42:40,short,5163.0,5160.5,1.0,25.0,19305.0,WDOStalkerV101-S,tp 5160.000
2023-03-30,2023-03-30 10:12:43,2023-03-30 10:15:09,long,5106.5,5095.0,1.0,-115.0,19190.0,WDOStalkerV101-L,sl 5095.000
2023-03-30,2023-03-30 11:39:10,2023-03-30 11:45:43,long,5139.5,5126.0,1.0,-135.0,19055.0,WDOStalkerV101-L,sl 5126.000
2023-03-31,2023-03-31 12:44:41,2023-03-31 12:46:43,short,5092.5,5089.0,1.0,35.0,19090.0,WDOStalkerV101-S,tp 5088.500
2023-04-03,2023-04-03 10:12:43,2023-04-03 10:17:41,long,5083.5,5086.5,1.0,30.0,19120.0,WDOStalkerV101-L,tp 5086.000
2023-04-03,2023-04-03 10:34:21,2023-04-03 10:38:32,long,5089.0,5092.0,1.0,30.0,19150.0,WDOStalkerV101-L,tp 5091.500
2023-04-04,2023-04-04 11:00:04,2023-04-04 11:01:02,long,5095.0,5089.0,1.0,-60.0,19090.0,WDOStalkerV101-L,sl 5089.000
2023-04-04,2023-04-04 13:14:05,2023-04-04 13:18:47,long,5108.0,5110.5,1.0,25.0,19115.0,WDOStalkerV101-L,tp 5110.500
2023-04-06,2023-04-06 11:11:59,2023-04-06 11:18:05,long,5091.0,5093.5,1.0,25.0,19140.0,WDOStalkerV101-L,tp 5093.500
2023-04-10,2023-04-10 11:44:43,2023-04-10 11:47:00,long,5095.0,5097.5,1.0,25.0,19165.0,WDOStalkerV101-L,tp 5097.500
2023-04-11,2023-04-11 10:37:32,2023-04-11 10:43:05,short,5021.0,5029.0,1.0,-80.0,19085.0,WDOStalkerV101-S,sl 5028.500
2023-04-13,2023-04-13 10:51:13,2023-04-13 10:56:14,short,4921.5,4918.0,1.0,35.0,19120.0,WDOStalkerV101-S,tp 4918.000
2023-04-13,2023-04-13 11:01:05,2023-04-13 11:01:43,short,4921.5,4918.5,1.0,30.0,19150.0,WDOStalkerV101-S,tp 4918.000
2023-04-13,2023-04-13 13:00:43,2023-04-13 15:31:43,short,4917.0,4929.5,1.0,-125.0,19025.0,WDOStalkerV101-S,sl 4928.000
2023-04-14,2023-04-14 12:53:33,2023-04-14 13:09:17,long,4957.5,4947.0,1.0,-105.0,18920.0,WDOStalkerV101-L,sl 4947.000
2023-04-17,2023-04-17 14:26:41,2023-04-17 14:42:59,long,4951.0,4944.0,1.0,-70.0,18850.0,WDOStalkerV101-L,sl 4944.000
2023-04-18,2023-04-18 10:38:16,2023-04-18 10:39:28,long,4978.5,4981.5,1.0,30.0,18880.0,WDOStalkerV101-L,tp 4981.500
2023-04-19,2023-04-19 10:09:20,2023-04-19 10:10:32,long,5036.0,5039.0,1.0,30.0,18910.0,WDOStalkerV101-L,tp 5039.000
2023-04-19,2023-04-19 11:11:20,2023-04-19 11:19:08,long,5055.0,5046.0,1.0,-90.0,18820.0,WDOStalkerV101-L,sl 5046.000
2023-04-20,2023-04-20 10:16:16,2023-04-20 10:24:00,short,5067.5,5065.5,1.0,20.0,18840.0,WDOStalkerV101-S,tp 5065.000
2023-04-20,2023-04-20 12:16:43,2023-04-20 12:20:29,short,5057.0,5054.0,1.0,30.0,18870.0,WDOStalkerV101-S,tp 5053.500
2023-04-20,2023-04-20 13:41:32,2023-04-20 13:43:05,short,5055.0,5052.0,1.0,30.0,18900.0,WDOStalkerV101-S,tp 5051.500
2023-04-24,2023-04-24 10:02:08,2023-04-24 10:03:21,short,5068.0,5066.5,1.0,15.0,18915.0,WDOStalkerV101-S,tp 5066.000
2023-04-24,2023-04-24 10:07:41,2023-04-24 10:07:47,short,5066.5,5065.0,1.0,15.0,18930.0,WDOStalkerV101-S,tp 5064.500
2023-04-24,2023-04-24 10:27:21,2023-04-24 10:30:11,short,5062.0,5069.0,1.0,-70.0,18860.0,WDOStalkerV101-S,sl 5068.500
2023-04-24,2023-04-24 10:51:05,2023-04-24 10:51:58,long,5081.5,5084.0,1.0,25.0,18885.0,WDOStalkerV101-L,tp 5084.000
2023-04-25,2023-04-25 10:03:02,2023-04-25 10:03:23,short,5043.5,5041.5,1.0,20.0,18905.0,WDOStalkerV101-S,tp 5041.000
2023-04-25,2023-04-25 10:14:10,2023-04-25 10:17:10,short,5042.5,5050.0,1.0,-75.0,18830.0,WDOStalkerV101-S,sl 5049.500
2023-04-25,2023-04-25 10:44:21,2023-04-25 10:45:20,long,5064.5,5067.5,1.0,30.0,18860.0,WDOStalkerV101-L,tp 5067.500
2023-04-25,2023-04-25 11:15:59,2023-04-25 11:21:05,long,5072.0,5075.0,1.0,30.0,18890.0,WDOStalkerV101-L,tp 5075.000
2023-04-27,2023-04-27 10:05:20,2023-04-27 10:07:10,short,5026.0,5023.5,1.0,25.0,18915.0,WDOStalkerV101-S,tp 5023.000
2023-04-27,2023-04-27 10:40:02,2023-04-27 10:40:16,short,5022.5,5020.0,1.0,25.0,18940.0,WDOStalkerV101-S,tp 5019.500
2023-04-27,2023-04-27 11:22:17,2023-04-27 11:34:41,short,5020.5,5017.0,1.0,35.0,18975.0,WDOStalkerV101-S,tp 5017.000
2023-04-27,2023-04-27 12:21:20,2023-04-27 12:25:43,short,5013.5,5010.5,1.0,30.0,19005.0,WDOStalkerV101-S,tp 5010.000
2023-04-28,2023-04-28 10:07:21,2023-04-28 10:08:43,short,5022.5,5019.5,1.0,30.0,19035.0,WDOStalkerV101-S,tp 5019.000
2023-05-02,2023-05-02 11:40:43,2023-05-02 11:42:00,long,5062.5,5065.5,1.0,30.0,19065.0,WDOStalkerV101-L,tp 5065.500
2023-05-03,2023-05-03 10:02:10,2023-05-03 10:05:32,long,5071.0,5073.0,1.0,20.0,19085.0,WDOStalkerV101-L,tp 5073.000
2023-05-04,2023-05-04 10:32:21,2023-05-04 10:37:59,long,5023.5,5028.0,1.0,45.0,19130.0,WDOStalkerV101-L,tp 5027.500
2023-05-04,2023-05-04 11:46:43,2023-05-04 11:57:43,long,5045.0,5049.5,1.0,45.0,19175.0,WDOStalkerV101-L,tp 5049.000
2023-05-05,2023-05-05 10:21:41,2023-05-05 10:24:29,short,4999.0,4996.5,1.0,25.0,19200.0,WDOStalkerV101-S,tp 4996.000
2023-05-05,2023-05-05 11:50:41,2023-05-05 11:51:43,short,4993.0,4990.0,1.0,30.0,19230.0,WDOStalkerV101-S,tp 4989.500
2023-05-08,2023-05-08 11:07:43,2023-05-08 11:08:43,long,4991.0,4994.0,1.0,30.0,19260.0,WDOStalkerV101-L,tp 4993.500
2023-05-08,2023-05-08 12:11:16,2023-05-08 12:13:29,long,4994.0,4997.0,1.0,30.0,19290.0,WDOStalkerV101-L,tp 4997.000
2023-05-09,2023-05-09 11:08:21,2023-05-09 11:15:05,short,5026.0,5023.5,1.0,25.0,19315.0,WDOStalkerV101-S,tp 5023.000
2023-05-11,2023-05-11 10:33:32,2023-05-11 10:40:21,long,4995.0,4997.5,1.0,25.0,19340.0,WDOStalkerV101-L,tp 4997.500
2023-05-12,2023-05-12 10:37:59,2023-05-12 10:48:41,short,4947.0,4945.0,1.0,20.0,19360.0,WDOStalkerV101-S,tp 4944.500
2023-05-12,2023-05-12 11:04:19,2023-05-12 11:13:00,short,4937.0,4934.5,1.0,25.0,19385.0,WDOStalkerV101-S,tp 4934.000
2023-05-15,2023-05-15 10:41:02,2023-05-15 10:42:00,long,4937.0,4939.0,1.0,20.0,19405.0,WDOStalkerV101-L,tp 4939.000
2023-05-15,2023-05-15 10:48:38,2023-05-15 10:50:32,long,4941.5,4943.5,1.0,20.0,19425.0,WDOStalkerV101-L,tp 4943.500
2023-05-16,2023-05-16 12:52:35,2023-05-16 13:15:43,long,4934.0,4937.0,1.0,30.0,19455.0,WDOStalkerV101-L,tp 4937.000
2023-05-18,2023-05-18 12:05:20,2023-05-18 13:05:00,long,4983.0,4975.0,1.0,-80.0,19375.0,WDOStalkerV101-L,sl 4975.000
2023-05-18,2023-05-18 14:21:32,2023-05-18 14:30:41,long,4986.5,4989.0,1.0,25.0,19400.0,WDOStalkerV101-L,tp 4989.000
2023-05-19,2023-05-19 11:32:43,2023-05-19 11:33:32,long,4996.5,4999.0,1.0,25.0,19425.0,WDOStalkerV101-L,tp 4999.000
2023-05-22,2023-05-22 10:25:41,2023-05-22 10:26:21,short,4993.0,4991.0,1.0,20.0,19445.0,WDOStalkerV101-S,tp 4990.500
2023-05-22,2023-05-22 11:09:14,2023-05-22 11:15:16,short,4982.0,4979.0,1.0,30.0,19475.0,WDOStalkerV101-S,tp 4979.500
2023-05-23,2023-05-23 10:37:32,2023-05-23 10:46:05,short,4982.0,4988.5,1.0,-65.0,19410.0,WDOStalkerV101-S,sl 4988.000
2023-05-23,2023-05-23 11:55:43,2023-05-23 11:56:32,short,4974.5,4972.5,1.0,20.0,19430.0,WDOStalkerV101-S,tp 4972.000
2023-05-23,2023-05-23 13:39:29,2023-05-23 13:51:59,short,4970.0,4968.0,1.0,20.0,19450.0,WDOStalkerV101-S,tp 4967.500
2023-05-25,2023-05-25 10:06:01,2023-05-25 10:06:20,long,4986.0,4988.5,1.0,25.0,19475.0,WDOStalkerV101-L,tp 4988.500
2023-05-29,2023-05-29 10:11:05,2023-05-29 10:11:43,short,4986.5,4984.5,1.0,20.0,19495.0,WDOStalkerV101-S,tp 4984.000
2023-05-29,2023-05-29 10:27:59,2023-05-29 10:38:16,short,4984.5,4992.0,1.0,-75.0,19420.0,WDOStalkerV101-S,sl 4991.500
2023-05-29,2023-05-29 12:46:05,2023-05-29 14:14:00,long,5006.5,5009.5,1.0,30.0,19450.0,WDOStalkerV101-L,tp 5009.500
2023-05-30,2023-05-30 10:48:16,2023-05-30 10:49:20,long,5051.5,5044.0,1.0,-75.0,19375.0,WDOStalkerV101-L,sl 5044.000
2023-05-31,2023-05-31 11:05:20,2023-05-31 11:06:32,long,5113.5,5117.5,1.0,40.0,19415.0,WDOStalkerV101-L,tp 5117.500
2023-05-31,2023-05-31 12:09:43,2023-05-31 12:11:41,long,5138.0,5142.5,1.0,45.0,19460.0,WDOStalkerV101-L,tp 5142.500
2023-06-01,2023-06-01 10:23:08,2023-06-01 10:28:21,long,5076.5,5067.0,1.0,-95.0,19365.0,WDOStalkerV101-L,sl 5067.000
2023-06-01,2023-06-01 13:41:41,2023-06-01 13:51:05,short,5053.0,5049.5,1.0,35.0,19400.0,WDOStalkerV101-S,tp 5049.000
2023-06-02,2023-06-02 10:12:21,2023-06-02 10:13:32,short,4991.5,4989.0,1.0,25.0,19425.0,WDOStalkerV101-S,tp 4988.500
2023-06-02,2023-06-02 10:47:02,2023-06-02 10:47:16,short,4987.5,4985.0,1.0,25.0,19450.0,WDOStalkerV101-S,tp 4984.500
2023-06-02,2023-06-02 11:23:32,2023-06-02 11:46:16,short,4987.0,4984.0,1.0,30.0,19480.0,WDOStalkerV101-S,tp 4983.500
2023-06-05,2023-06-05 10:17:05,2023-06-05 10:17:43,short,4969.0,4967.0,1.0,20.0,19500.0,WDOStalkerV101-S,tp 4966.500
2023-06-05,2023-06-05 11:16:32,2023-06-05 11:23:43,short,4956.5,4954.5,1.0,20.0,19520.0,WDOStalkerV101-S,tp 4954.000
2023-06-06,2023-06-06 10:44:19,2023-06-06 10:45:43,long,4968.5,4971.0,1.0,25.0,19545.0,WDOStalkerV101-L,tp 4971.000
2023-06-07,2023-06-07 11:45:20,2023-06-07 12:09:21,long,4946.5,4938.5,1.0,-80.0,19465.0,WDOStalkerV101-L,sl 4938.500
2023-06-09,2023-06-09 10:04:35,2023-06-09 10:07:32,short,4930.0,4928.5,1.0,15.0,19480.0,WDOStalkerV101-S,tp 4928.000
2023-06-09,2023-06-09 11:32:21,2023-06-09 11:53:43,short,4894.0,4903.0,1.0,-90.0,19390.0,WDOStalkerV101-S,sl 4901.500
2023-06-12,2023-06-12 10:29:41,2023-06-12 10:31:43,short,4889.5,4887.5,1.0,20.0,19410.0,WDOStalkerV101-S,tp 4887.000
2023-06-12,2023-06-12 10:53:43,2023-06-12 10:54:43,long,4910.5,4913.5,1.0,30.0,19440.0,WDOStalkerV101-L,tp 4913.000
2023-06-13,2023-06-13 10:17:10,2023-06-13 10:27:10,short,4871.0,4870.0,1.0,10.0,19450.0,WDOStalkerV101-S,tp 4869.500
2023-06-13,2023-06-13 11:19:16,2023-06-13 11:24:16,long,4888.0,4882.0,1.0,-60.0,19390.0,WDOStalkerV101-L,sl 4882.000
2023-06-15,2023-06-15 10:33:32,2023-06-15 11:10:22,short,4832.0,4828.0,1.0,40.0,19430.0,WDOStalkerV101-S,tp 4827.500
2023-06-15,2023-06-15 11:17:41,2023-06-15 11:21:59,short,4831.0,4826.0,1.0,50.0,19480.0,WDOStalkerV101-S,tp 4826.500
2023-06-15,2023-06-15 11:38:32,2023-06-15 12:17:14,short,4830.0,4826.0,1.0,40.0,19520.0,WDOStalkerV101-S,tp 4825.500
2023-06-15,2023-06-15 13:00:43,2023-06-15 13:38:02,short,4826.5,4823.0,1.0,35.0,19555.0,WDOStalkerV101-S,tp 4823.000
2023-06-16,2023-06-16 10:21:21,2023-06-16 10:23:29,long,4851.0,4853.0,1.0,20.0,19575.0,WDOStalkerV101-L,tp 4853.000
2023-06-20,2023-06-20 10:45:20,2023-06-20 10:46:43,long,4800.0,4802.0,1.0,20.0,19595.0,WDOStalkerV101-L,tp 4802.000
2023-06-20,2023-06-20 11:11:14,2023-06-20 11:26:41,long,4803.0,4805.5,1.0,25.0,19620.0,WDOStalkerV101-L,tp 4805.500
2023-06-20,2023-06-20 14:02:47,2023-06-20 14:06:21,long,4805.5,4808.5,1.0,30.0,19650.0,WDOStalkerV101-L,tp 4808.500
2023-06-22,2023-06-22 11:13:35,2023-06-22 11:17:00,long,4781.5,4783.5,1.0,20.0,19670.0,WDOStalkerV101-L,tp 4783.500
2023-06-23,2023-06-23 10:08:16,2023-06-23 10:14:21,short,4795.0,4802.5,1.0,-75.0,19595.0,WDOStalkerV101-S,sl 4802.000
2023-06-23,2023-06-23 10:47:16,2023-06-23 10:47:21,short,4794.0,4792.0,1.0,20.0,19615.0,WDOStalkerV101-S,tp 4791.500
2023-06-23,2023-06-23 11:13:32,2023-06-23 11:21:05,short,4792.5,4800.5,1.0,-80.0,19535.0,WDOStalkerV101-S,sl 4800.000
2023-06-23,2023-06-23 12:51:59,2023-06-23 13:02:21,short,4781.0,4778.5,1.0,25.0,19560.0,WDOStalkerV101-S,tp 4778.000
2023-06-26,2023-06-26 10:58:21,2023-06-26 11:03:41,short,4768.0,4766.5,1.0,15.0,19575.0,WDOStalkerV101-S,tp 4766.000
2023-06-27,2023-06-27 11:27:59,2023-06-27 11:29:32,long,4786.0,4789.0,1.0,30.0,19605.0,WDOStalkerV101-L,tp 4788.500
2023-06-29,2023-06-29 12:05:16,2023-06-29 12:12:43,long,4865.0,4869.0,1.0,40.0,19645.0,WDOStalkerV101-L,tp 4868.000
2023-06-30,2023-06-30 10:38:43,2023-06-30 10:40:43,short,4859.0,4856.5,1.0,25.0,19670.0,WDOStalkerV101-S,tp 4856.000
2023-06-30,2023-06-30 11:37:47,2023-06-30 11:45:17,short,4850.0,4847.0,1.0,30.0,19700.0,WDOStalkerV101-S,tp 4846.500
2023-07-06,2023-07-06 14:21:05,2023-07-06 14:27:59,long,4946.0,4950.0,1.0,40.0,19740.0,WDOStalkerV101-L,tp 4950.000
2023-07-10,2023-07-10 10:54:43,2023-07-10 10:55:47,long,4896.0,4899.0,1.0,30.0,19770.0,WDOStalkerV101-L,tp 4899.000
2023-07-10,2023-07-10 11:47:16,2023-07-10 11:54:17,long,4901.0,4893.0,1.0,-80.0,19690.0,WDOStalkerV101-L,sl 4893.000
2023-07-13,2023-07-13 10:17:16,2023-07-13 10:24:05,short,4819.0,4827.5,1.0,-85.0,19605.0,WDOStalkerV101-S,sl 4826.500
2023-07-14,2023-07-14 10:17:14,2023-07-14 10:20:05,short,4799.5,4797.5,1.0,20.0,19625.0,WDOStalkerV101-S,tp 4797.000
2023-07-14,2023-07-14 14:01:59,2023-07-14 14:03:41,long,4819.5,4823.0,1.0,35.0,19660.0,WDOStalkerV101-L,tp 4823.000
2023-07-17,2023-07-17 11:03:41,2023-07-17 11:04:29,long,4850.0,4852.5,1.0,25.0,19685.0,WDOStalkerV101-L,tp 4852.500
2023-07-18,2023-07-18 12:02:41,2023-07-18 12:04:43,short,4814.5,4811.5,1.0,30.0,19715.0,WDOStalkerV101-S,tp 4811.000
2023-07-20,2023-07-20 10:13:43,2023-07-20 10:16:05,short,4792.0,4790.5,1.0,15.0,19730.0,WDOStalkerV101-S,tp 4790.000
2023-07-20,2023-07-20 10:34:59,2023-07-20 10:36:07,short,4790.0,4796.0,1.0,-60.0,19670.0,WDOStalkerV101-S,sl 4795.500
2023-07-20,2023-07-20 11:17:32,2023-07-20 11:25:59,short,4786.5,4793.0,1.0,-65.0,19605.0,WDOStalkerV101-S,sl 4792.500
2023-07-20,2023-07-20 12:00:40,2023-07-20 12:34:40,long,4809.0,4811.5,1.0,25.0,19630.0,WDOStalkerV101-L,tp 4811.500
2023-07-20,2023-07-20 13:19:43,2023-07-20 13:25:59,long,4809.5,4812.5,1.0,30.0,19660.0,WDOStalkerV101-L,tp 4812.500
2023-07-21,2023-07-21 11:35:32,2023-07-21 11:40:00,short,4783.0,4780.5,1.0,25.0,19685.0,WDOStalkerV101-S,tp 4780.000
2023-07-25,2023-07-25 10:21:59,2023-07-25 10:24:41,long,4754.0,4748.0,1.0,-60.0,19625.0,WDOStalkerV101-L,sl 4748.500
2023-07-27,2023-07-27 10:11:08,2023-07-27 10:11:16,short,4718.5,4715.5,1.0,30.0,19655.0,WDOStalkerV101-S,tp 4715.500
2023-07-28,2023-07-28 10:56:40,2023-07-28 11:13:59,long,4725.5,4729.0,1.0,35.0,19690.0,WDOStalkerV101-L,tp 4729.000
2023-07-28,2023-07-28 13:30:05,2023-07-28 13:30:43,long,4732.5,4735.5,1.0,30.0,19720.0,WDOStalkerV101-L,tp 4735.500
2023-07-31,2023-07-31 10:25:21,2023-07-31 10:27:21,long,4764.5,4767.0,1.0,25.0,19745.0,WDOStalkerV101-L,tp 4767.000
2023-07-31,2023-07-31 10:35:02,2023-07-31 10:40:41,long,4766.0,4769.0,1.0,30.0,19775.0,WDOStalkerV101-L,tp 4768.500
2023-07-31,2023-07-31 11:22:32,2023-07-31 11:24:32,long,4769.5,4772.0,1.0,25.0,19800.0,WDOStalkerV101-L,tp 4772.000
2023-07-31,2023-07-31 12:51:59,2023-07-31 14:39:42,long,4773.0,4765.0,1.0,-80.0,19720.0,WDOStalkerV101-L,sl 4765.000
2023-08-01,2023-08-01 11:00:08,2023-08-01 11:02:40,long,4792.0,4794.0,1.0,20.0,19740.0,WDOStalkerV101-L,tp 4794.000
2023-08-01,2023-08-01 11:41:59,2023-08-01 11:45:32,long,4796.5,4799.0,1.0,25.0,19765.0,WDOStalkerV101-L,tp 4799.000
2023-08-02,2023-08-02 11:07:43,2023-08-02 11:19:32,long,4830.5,4833.0,1.0,25.0,19790.0,WDOStalkerV101-L,tp 4833.000
2023-08-02,2023-08-02 12:29:41,2023-08-02 12:31:43,long,4836.5,4839.0,1.0,25.0,19815.0,WDOStalkerV101-L,tp 4839.000
2023-08-03,2023-08-03 10:07:21,2023-08-03 10:09:32,long,4891.5,4894.5,1.0,30.0,19845.0,WDOStalkerV101-L,tp 4894.500
2023-08-03,2023-08-03 11:42:10,2023-08-03 11:45:32,long,4904.0,4907.0,1.0,30.0,19875.0,WDOStalkerV101-L,tp 4907.000
2023-08-04,2023-08-04 10:58:17,2023-08-04 11:10:20,short,4894.0,4891.0,1.0,30.0,19905.0,WDOStalkerV101-S,tp 4890.500
2023-08-07,2023-08-07 11:19:43,2023-08-07 11:20:43,long,4926.0,4928.5,1.0,25.0,19930.0,WDOStalkerV101-L,tp 4928.500
2023-08-08,2023-08-08 10:14:05,2023-08-08 10:14:32,short,4944.5,4943.0,1.0,15.0,19945.0,WDOStalkerV101-S,tp 4942.500
2023-08-08,2023-08-08 10:35:47,2023-08-08 10:40:20,short,4941.5,4939.5,1.0,20.0,19965.0,WDOStalkerV101-S,tp 4939.000
2023-08-09,2023-08-09 10:59:21,2023-08-09 11:12:05,long,4920.5,4923.0,1.0,25.0,19990.0,WDOStalkerV101-L,tp 4923.000
2023-08-10,2023-08-10 13:33:32,2023-08-10 13:37:32,short,4874.0,4871.5,1.0,25.0,20015.0,WDOStalkerV101-S,tp 4871.000
2023-08-11,2023-08-11 10:37:43,2023-08-11 10:40:05,long,4915.0,4918.5,1.0,35.0,20050.0,WDOStalkerV101-L,tp 4918.000
2023-08-14,2023-08-14 11:12:39,2023-08-14 11:58:32,long,4968.5,4970.5,1.0,20.0,20070.0,WDOStalkerV101-L,tp 4970.500
2023-08-15,2023-08-15 10:14:05,2023-08-15 10:21:10,short,4984.0,4994.0,1.0,-100.0,19970.0,WDOStalkerV101-S,sl 4992.500
2023-08-15,2023-08-15 10:50:21,2023-08-15 11:04:43,long,5004.5,5008.5,1.0,40.0,20010.0,WDOStalkerV101-L,tp 5008.000
2023-08-16,2023-08-16 10:25:20,2023-08-16 10:26:16,long,4998.5,5000.5,1.0,20.0,20030.0,WDOStalkerV101-L,tp 5000.500
2023-08-17,2023-08-17 10:45:59,2023-08-17 10:55:41,short,4980.0,4989.5,1.0,-95.0,19935.0,WDOStalkerV101-S,sl 4989.000
2023-08-17,2023-08-17 11:42:24,2023-08-17 11:53:41,long,5002.0,4993.0,1.0,-90.0,19845.0,WDOStalkerV101-L,sl 4993.000
2023-08-18,2023-08-18 11:32:43,2023-08-18 11:34:41,short,4987.5,4985.0,1.0,25.0,19870.0,WDOStalkerV101-S,tp 4985.000
2023-08-18,2023-08-18 14:22:59,2023-08-18 14:30:43,short,4981.0,4978.5,1.0,25.0,19895.0,WDOStalkerV101-S,tp 4978.500
2023-08-21,2023-08-21 11:00:02,2023-08-21 11:00:21,long,4996.0,4998.5,1.0,25.0,19920.0,WDOStalkerV101-L,tp 4998.000
2023-08-21,2023-08-21 11:41:32,2023-08-21 11:42:41,long,4998.0,5000.0,1.0,20.0,19940.0,WDOStalkerV101-L,tp 5000.000
2023-08-22,2023-08-22 11:28:00,2023-08-22 11:29:32,short,4948.0,4946.0,1.0,20.0,19960.0,WDOStalkerV101-S,tp 4945.500
2023-08-22,2023-08-22 12:47:59,2023-08-22 12:50:43,short,4944.5,4942.0,1.0,25.0,19985.0,WDOStalkerV101-S,tp 4941.500
2023-08-24,2023-08-24 10:38:16,2023-08-24 10:40:43,long,4888.0,4891.0,1.0,30.0,20015.0,WDOStalkerV101-L,tp 4890.500
2023-08-24,2023-08-24 11:02:10,2023-08-24 11:14:43,short,4870.0,4868.0,1.0,20.0,20035.0,WDOStalkerV101-S,tp 4867.500
2023-08-25,2023-08-25 10:47:20,2023-08-25 10:48:32,long,4888.0,4890.5,1.0,25.0,20060.0,WDOStalkerV101-L,tp 4890.500
2023-08-25,2023-08-25 12:00:10,2023-08-25 12:25:29,long,4895.5,4886.5,1.0,-90.0,19970.0,WDOStalkerV101-L,sl 4886.500
2023-08-28,2023-08-28 10:43:59,2023-08-28 10:46:47,long,4895.0,4897.0,1.0,20.0,19990.0,WDOStalkerV101-L,tp 4897.000
2023-08-29,2023-08-29 10:41:20,2023-08-29 10:48:05,long,4898.5,4900.5,1.0,20.0,20010.0,WDOStalkerV101-L,tp 4900.500
2023-08-29,2023-08-29 11:37:08,2023-08-29 12:12:41,short,4872.0,4869.5,1.0,25.0,20035.0,WDOStalkerV101-S,tp 4869.500
2023-08-29,2023-08-29 13:06:41,2023-08-29 13:22:30,short,4866.0,4875.0,1.0,-90.0,19945.0,WDOStalkerV101-S,sl 4874.500
2023-08-30,2023-08-30 10:21:42,2023-08-30 10:26:05,long,4859.0,4861.0,1.0,20.0,19965.0,WDOStalkerV101-L,tp 4861.000
2023-08-30,2023-08-30 10:31:02,2023-08-30 10:31:10,long,4859.5,4861.5,1.0,20.0,19985.0,WDOStalkerV101-L,tp 4861.500
2023-08-30,2023-08-30 10:34:05,2023-08-30 10:34:43,long,4860.0,4862.5,1.0,25.0,20010.0,WDOStalkerV101-L,tp 4862.000
2023-08-30,2023-08-30 12:17:59,2023-08-30 12:22:41,long,4874.5,4877.0,1.0,25.0,20035.0,WDOStalkerV101-L,tp 4877.000
2023-08-31,2023-08-31 12:27:05,2023-08-31 12:28:43,long,4955.0,4958.5,1.0,35.0,20070.0,WDOStalkerV101-L,tp 4958.500
2023-09-01,2023-09-01 10:40:41,2023-09-01 10:50:32,short,4931.0,4941.0,1.0,-100.0,19970.0,WDOStalkerV101-S,sl 4940.500
2023-09-01,2023-09-01 13:31:59,2023-09-01 13:36:41,long,4954.0,4958.0,1.0,40.0,20010.0,WDOStalkerV101-L,tp 4958.000
2023-09-04,2023-09-04 10:39:43,2023-09-04 10:40:41,short,4941.5,4940.0,1.0,15.0,20025.0,WDOStalkerV101-S,tp 4939.500
2023-09-05,2023-09-05 10:25:14,2023-09-05 10:33:17,long,4992.0,4994.0,1.0,20.0,20045.0,WDOStalkerV101-L,tp 4994.000
2023-09-08,2023-09-08 10:15:41,2023-09-08 10:22:00,long,4998.0,5000.0,1.0,20.0,20065.0,WDOStalkerV101-L,tp 5000.000
2023-09-08,2023-09-08 10:36:21,2023-09-08 10:36:59,long,4999.5,5001.5,1.0,20.0,20085.0,WDOStalkerV101-L,tp 5001.500
2023-09-08,2023-09-08 11:00:43,2023-09-08 11:05:43,long,5004.5,4998.5,1.0,-60.0,20025.0,WDOStalkerV101-L,sl 4998.500
2023-09-11,2023-09-11 10:46:20,2023-09-11 10:47:21,short,4956.5,4955.0,1.0,15.0,20040.0,WDOStalkerV101-S,tp 4954.500
2023-09-11,2023-09-11 11:57:41,2023-09-11 11:59:05,short,4955.0,4953.0,1.0,20.0,20060.0,WDOStalkerV101-S,tp 4952.500
2023-09-12,2023-09-12 10:35:32,2023-09-12 10:39:47,long,4973.0,4967.5,1.0,-55.0,20005.0,WDOStalkerV101-L,sl 4967.500
2023-09-14,2023-09-14 11:02:43,2023-09-14 11:02:48,short,4896.0,4894.0,1.0,20.0,20025.0,WDOStalkerV101-S,tp 4893.500
2023-09-15,2023-09-15 11:00:00,2023-09-15 11:00:04,long,4885.0,4878.5,1.0,-65.0,19960.0,WDOStalkerV101-L,sl 4879.500
2023-09-18,2023-09-18 10:49:08,2023-09-18 10:50:10,short,4866.0,4871.5,1.0,-55.0,19905.0,WDOStalkerV101-S,sl 4871.000
2023-09-19,2023-09-19 10:23:32,2023-09-19 10:31:32,long,4863.0,4857.5,1.0,-55.0,19850.0,WDOStalkerV101-L,sl 4857.500
2023-09-19,2023-09-19 11:41:43,2023-09-19 11:51:05,long,4866.0,4868.0,1.0,20.0,19870.0,WDOStalkerV101-L,tp 4868.000
2023-09-22,2023-09-22 10:45:15,2023-09-22 10:58:30,long,4930.5,4924.0,1.0,-65.0,19805.0,WDOStalkerV101-L,sl 4924.000
2023-09-22,2023-09-22 11:09:17,2023-09-22 11:14:10,short,4915.5,4923.0,1.0,-75.0,19730.0,WDOStalkerV101-S,sl 4922.500
2023-09-25,2023-09-25 10:01:40,2023-09-25 10:03:00,long,4953.5,4955.0,1.0,15.0,19745.0,WDOStalkerV101-L,tp 4955.000
2023-09-25,2023-09-25 10:40:08,2023-09-25 10:44:43,long,4963.5,4965.5,1.0,20.0,19765.0,WDOStalkerV101-L,tp 4965.500
2023-09-25,2023-09-25 14:13:05,2023-09-25 15:25:16,long,4968.5,4971.0,1.0,25.0,19790.0,WDOStalkerV101-L,tp 4971.000
2023-09-27,2023-09-27 11:24:43,2023-09-27 11:31:00,long,5018.5,5021.0,1.0,25.0,19815.0,WDOStalkerV101-L,tp 5021.000
2023-09-28,2023-09-28 10:04:13,2023-09-28 10:08:40,long,5050.5,5054.0,1.0,35.0,19850.0,WDOStalkerV101-L,tp 5054.000
2023-09-28,2023-09-28 11:00:43,2023-09-28 11:32:32,long,5057.0,5061.0,1.0,40.0,19890.0,WDOStalkerV101-L,tp 5060.500
2023-09-29,2023-09-29 10:55:29,2023-09-29 10:58:16,long,5034.0,5026.5,1.0,-75.0,19815.0,WDOStalkerV101-L,sl 5026.500
2023-09-29,2023-09-29 11:30:41,2023-09-29 11:35:30,long,5041.5,5044.5,1.0,30.0,19845.0,WDOStalkerV101-L,tp 5044.500
2023-09-29,2023-09-29 12:35:43,2023-09-29 13:10:05,short,5020.0,5030.0,1.0,-100.0,19745.0,WDOStalkerV101-S,sl 5029.500
2023-10-02,2023-10-02 12:14:59,2023-10-02 12:46:05,long,5085.5,5088.5,1.0,30.0,19775.0,WDOStalkerV101-L,tp 5088.500
2023-10-02,2023-10-02 14:05:32,2023-10-02 15:18:05,long,5089.5,5093.0,1.0,35.0,19810.0,WDOStalkerV101-L,tp 5093.000
2023-10-03,2023-10-03 11:00:04,2023-10-03 11:00:06,short,5097.0,5107.5,1.0,-105.0,19705.0,WDOStalkerV101-S,sl 5105.000
2023-10-03,2023-10-03 11:35:20,2023-10-03 11:38:02,long,5122.5,5126.0,1.0,35.0,19740.0,WDOStalkerV101-L,tp 5126.000
2023-10-04,2023-10-04 11:00:14,2023-10-04 11:00:59,long,5174.5,5178.5,1.0,40.0,19780.0,WDOStalkerV101-L,tp 5178.000
2023-10-04,2023-10-04 11:13:22,2023-10-04 11:16:10,long,5183.5,5187.0,1.0,35.0,19815.0,WDOStalkerV101-L,tp 5187.000
2023-10-05,2023-10-05 10:05:05,2023-10-05 10:06:05,short,5180.0,5177.5,1.0,25.0,19840.0,WDOStalkerV101-S,tp 5177.000
2023-10-05,2023-10-05 10:35:03,2023-10-05 10:45:02,short,5178.5,5175.5,1.0,30.0,19870.0,WDOStalkerV101-S,tp 5175.500
2023-10-05,2023-10-05 11:00:10,2023-10-05 11:04:43,short,5175.5,5184.5,1.0,-90.0,19780.0,WDOStalkerV101-S,sl 5184.000
2023-10-05,2023-10-05 12:24:41,2023-10-05 12:27:43,long,5191.5,5195.5,1.0,40.0,19820.0,WDOStalkerV101-L,tp 5195.000
2023-10-05,2023-10-05 12:56:43,2023-10-05 12:57:40,long,5196.5,5200.0,1.0,35.0,19855.0,WDOStalkerV101-L,tp 5200.000
2023-10-06,2023-10-06 13:21:06,2023-10-06 13:26:41,short,5181.0,5177.0,1.0,40.0,19895.0,WDOStalkerV101-S,tp 5176.500
2023-10-11,2023-10-11 11:24:32,2023-10-11 11:33:16,long,5067.0,5070.0,1.0,30.0,19925.0,WDOStalkerV101-L,tp 5070.000
2023-10-11,2023-10-11 14:11:43,2023-10-11 14:16:41,long,5073.0,5077.0,1.0,40.0,19965.0,WDOStalkerV101-L,tp 5076.500
2023-10-13,2023-10-13 11:00:08,2023-10-13 11:01:03,short,5066.0,5064.0,1.0,20.0,19985.0,WDOStalkerV101-S,tp 5063.500
2023-10-13,2023-10-13 13:15:32,2023-10-13 13:50:41,long,5085.0,5088.0,1.0,30.0,20015.0,WDOStalkerV101-L,tp 5088.000
2023-10-16,2023-10-16 11:35:05,2023-10-16 11:40:59,short,5067.0,5064.5,1.0,25.0,20040.0,WDOStalkerV101-S,tp 5064.500
2023-10-16,2023-10-16 11:57:41,2023-10-16 12:00:32,short,5066.5,5064.5,1.0,20.0,20060.0,WDOStalkerV101-S,tp 5064.000
2023-10-17,2023-10-17 12:27:43,2023-10-17 12:35:43,short,5036.5,5034.0,1.0,25.0,20085.0,WDOStalkerV101-S,tp 5033.500
2023-10-18,2023-10-18 11:15:05,2023-10-18 11:15:59,long,5062.0,5065.0,1.0,30.0,20115.0,WDOStalkerV101-L,tp 5064.500
2023-10-18,2023-10-18 12:25:41,2023-10-18 12:40:16,long,5072.0,5074.5,1.0,25.0,20140.0,WDOStalkerV101-L,tp 5074.500
2023-10-19,2023-10-19 13:00:01,2023-10-19 13:00:05,short,5059.0,5057.0,1.0,20.0,20160.0,WDOStalkerV101-S,tp 5056.500
2023-10-20,2023-10-20 11:15:00,2023-10-20 11:16:30,short,5067.0,5064.5,1.0,25.0,20185.0,WDOStalkerV101-S,tp 5064.000
2023-10-23,2023-10-23 10:13:41,2023-10-23 10:14:00,short,5039.0,5037.0,1.0,20.0,20205.0,WDOStalkerV101-S,tp 5036.500
2023-10-23,2023-10-23 10:40:05,2023-10-23 10:41:00,short,5038.5,5036.5,1.0,20.0,20225.0,WDOStalkerV101-S,tp 5036.000
2023-10-24,2023-10-24 10:41:43,2023-10-24 10:43:43,short,5017.0,5015.0,1.0,20.0,20245.0,WDOStalkerV101-S,tp 5014.500
2023-10-24,2023-10-24 11:04:08,2023-10-24 11:05:43,short,5012.5,5010.5,1.0,20.0,20265.0,WDOStalkerV101-S,tp 5010.000
2023-10-24,2023-10-24 11:42:20,2023-10-24 11:43:57,short,5004.5,5002.0,1.0,25.0,20290.0,WDOStalkerV101-S,tp 5001.500
2023-10-25,2023-10-25 11:21:43,2023-10-25 11:23:05,long,5015.0,5017.5,1.0,25.0,20315.0,WDOStalkerV101-L,tp 5017.500
2023-10-26,2023-10-26 11:27:41,2023-10-26 11:37:20,long,5015.0,5008.0,1.0,-70.0,20245.0,WDOStalkerV101-L,sl 5008.000
2023-10-27,2023-10-27 10:43:21,2023-10-27 10:48:00,short,4948.0,4946.0,1.0,20.0,20265.0,WDOStalkerV101-S,tp 4945.500
2023-10-30,2023-10-30 11:36:05,2023-10-30 11:36:32,long,4999.5,5003.0,1.0,35.0,20300.0,WDOStalkerV101-L,tp 5003.000
2023-10-30,2023-10-30 11:53:21,2023-10-30 11:58:57,long,5018.0,5007.0,1.0,-110.0,20190.0,WDOStalkerV101-L,sl 5007.000
2023-10-31,2023-10-31 10:20:43,2023-10-31 10:24:32,long,5073.5,5077.0,1.0,35.0,20225.0,WDOStalkerV101-L,tp 5077.000
2023-11-06,2023-11-06 10:47:41,2023-11-06 10:48:05,long,4920.5,4922.5,1.0,20.0,20245.0,WDOStalkerV101-L,tp 4922.500
2023-11-07,2023-11-07 11:37:16,2023-11-07 11:37:43,short,4884.5,4883.0,1.0,15.0,20260.0,WDOStalkerV101-S,tp 4882.500
2023-11-09,2023-11-09 10:10:00,2023-11-09 10:13:47,short,4912.5,4918.5,1.0,-60.0,20200.0,WDOStalkerV101-S,sl 4918.000
2023-11-09,2023-11-09 10:32:21,2023-11-09 10:38:32,short,4911.5,4910.0,1.0,15.0,20215.0,WDOStalkerV101-S,tp 4909.500
2023-11-09,2023-11-09 12:00:23,2023-11-09 12:08:05,short,4910.5,4917.0,1.0,-65.0,20150.0,WDOStalkerV101-S,sl 4916.500
2023-11-10,2023-11-10 11:18:43,2023-11-10 11:28:32,short,4935.0,4932.5,1.0,25.0,20175.0,WDOStalkerV101-S,tp 4932.000
2023-11-13,2023-11-13 11:46:00,2023-11-13 12:01:21,long,4942.5,4937.0,1.0,-55.0,20120.0,WDOStalkerV101-L,sl 4937.500
2023-11-14,2023-11-14 10:22:41,2023-11-14 10:23:00,short,4900.5,4899.5,1.0,10.0,20130.0,WDOStalkerV101-S,tp 4899.000
2023-11-14,2023-11-14 10:51:00,2023-11-14 10:52:10,short,4871.5,4870.0,1.0,15.0,20145.0,WDOStalkerV101-S,tp 4869.500
2023-11-16,2023-11-16 10:31:32,2023-11-16 10:32:43,short,4858.0,4856.5,1.0,15.0,20160.0,WDOStalkerV101-S,tp 4856.000
2023-11-16,2023-11-16 11:00:32,2023-11-16 11:04:20,short,4852.5,4859.0,1.0,-65.0,20095.0,WDOStalkerV101-S,sl 4858.500
2023-11-16,2023-11-16 14:11:43,2023-11-16 14:28:05,long,4882.5,4873.5,1.0,-90.0,20005.0,WDOStalkerV101-L,sl 4873.500
2023-11-17,2023-11-17 11:01:21,2023-11-17 11:06:35,long,4892.5,4895.0,1.0,25.0,20030.0,WDOStalkerV101-L,tp 4895.000
2023-11-17,2023-11-17 14:14:39,2023-11-17 14:25:59,long,4897.0,4900.0,1.0,30.0,20060.0,WDOStalkerV101-L,tp 4900.000
2023-11-21,2023-11-21 10:26:00,2023-11-21 10:33:05,long,4878.5,4880.5,1.0,20.0,20080.0,WDOStalkerV101-L,tp 4880.500
2023-11-24,2023-11-24 10:06:56,2023-11-24 10:08:43,short,4890.5,4889.5,1.0,10.0,20090.0,WDOStalkerV101-S,tp 4889.000
2023-11-24,2023-11-24 13:02:41,2023-11-24 13:09:59,long,4902.5,4905.0,1.0,25.0,20115.0,WDOStalkerV101-L,tp 4905.000
2023-11-27,2023-11-27 10:00:47,2023-11-27 10:00:53,short,4893.5,4892.5,1.0,10.0,20125.0,WDOStalkerV101-S,tp 4892.000
2023-11-27,2023-11-27 11:05:03,2023-11-27 11:05:32,short,4882.0,4881.0,1.0,10.0,20135.0,WDOStalkerV101-S,tp 4880.500
2023-11-27,2023-11-27 13:27:05,2023-11-27 13:31:41,long,4910.5,4913.5,1.0,30.0,20165.0,WDOStalkerV101-L,tp 4913.000
2023-11-28,2023-11-28 10:51:32,2023-11-28 10:52:43,long,4903.0,4905.5,1.0,25.0,20190.0,WDOStalkerV101-L,tp 4905.000
2023-11-29,2023-11-29 10:30:14,2023-11-29 10:31:02,long,4892.5,4888.0,1.0,-45.0,20145.0,WDOStalkerV101-L,sl 4888.000
2023-11-29,2023-11-29 11:32:23,2023-11-29 11:42:41,long,4893.5,4888.5,1.0,-50.0,20095.0,WDOStalkerV101-L,sl 4888.500
2023-11-30,2023-11-30 10:19:23,2023-11-30 10:25:59,long,4952.0,4943.5,1.0,-85.0,20010.0,WDOStalkerV101-L,sl 4944.000
2023-11-30,2023-11-30 11:54:05,2023-11-30 12:17:41,long,4952.0,4942.0,1.0,-100.0,19910.0,WDOStalkerV101-L,sl 4942.000
2023-12-01,2023-12-01 11:35:43,2023-12-01 12:00:00,long,4942.0,4935.5,1.0,-65.0,19845.0,WDOStalkerV101-L,sl 4935.500
2023-12-01,2023-12-01 12:25:41,2023-12-01 12:27:59,short,4919.5,4916.5,1.0,30.0,19875.0,WDOStalkerV101-S,tp 4916.500
2023-12-04,2023-12-04 11:36:03,2023-12-04 11:36:41,long,4923.5,4925.5,1.0,20.0,19895.0,WDOStalkerV101-L,tp 4925.500
2023-12-05,2023-12-05 12:05:21,2023-12-05 12:06:16,short,4954.5,4952.0,1.0,25.0,19920.0,WDOStalkerV101-S,tp 4951.500
2023-12-07,2023-12-07 10:12:05,2023-12-07 10:22:00,short,4897.5,4896.0,1.0,15.0,19935.0,WDOStalkerV101-S,tp 4895.500
2023-12-07,2023-12-07 12:00:43,2023-12-07 12:09:40,long,4916.5,4919.0,1.0,25.0,19960.0,WDOStalkerV101-L,tp 4919.000
2023-12-08,2023-12-08 10:24:43,2023-12-08 10:28:21,long,4921.5,4923.0,1.0,15.0,19975.0,WDOStalkerV101-L,tp 4923.000
2023-12-11,2023-12-11 10:57:43,2023-12-11 11:02:00,long,4959.0,4953.5,1.0,-55.0,19920.0,WDOStalkerV101-L,sl 4953.500
2023-12-12,2023-12-12 10:22:41,2023-12-12 10:26:41,long,4941.5,4944.0,1.0,25.0,19945.0,WDOStalkerV101-L,tp 4943.500
2023-12-12,2023-12-12 10:49:43,2023-12-12 10:53:43,long,4945.5,4948.0,1.0,25.0,19970.0,WDOStalkerV101-L,tp 4947.500
2023-12-12,2023-12-12 12:03:43,2023-12-12 12:07:00,long,4956.5,4959.0,1.0,25.0,19995.0,WDOStalkerV101-L,tp 4959.000
2023-12-13,2023-12-13 10:30:10,2023-12-13 10:33:42,long,4973.0,4975.0,1.0,20.0,20015.0,WDOStalkerV101-L,tp 4975.000
2023-12-14,2023-12-14 10:39:43,2023-12-14 10:51:14,long,4904.0,4908.0,1.0,40.0,20055.0,WDOStalkerV101-L,tp 4908.000
2023-12-14,2023-12-14 11:58:21,2023-12-14 12:20:32,short,4888.5,4899.5,1.0,-110.0,19945.0,WDOStalkerV101-S,sl 4899.000
2023-12-15,2023-12-15 10:30:20,2023-12-15 10:31:00,long,4937.0,4939.0,1.0,20.0,19965.0,WDOStalkerV101-L,tp 4939.000
2023-12-18,2023-12-18 10:29:32,2023-12-18 10:31:43,long,4949.0,4944.0,1.0,-50.0,19915.0,WDOStalkerV101-L,sl 4944.000
2023-12-18,2023-12-18 10:51:14,2023-12-18 10:52:43,short,4935.5,4934.0,1.0,15.0,19930.0,WDOStalkerV101-S,tp 4933.500
2023-12-19,2023-12-19 10:21:32,2023-12-19 10:24:32,short,4870.5,4868.5,1.0,20.0,19950.0,WDOStalkerV101-S,tp 4868.000
2023-12-19,2023-12-19 11:25:43,2023-12-19 11:26:29,short,4868.0,4866.0,1.0,20.0,19970.0,WDOStalkerV101-S,tp 4865.500
2023-12-19,2023-12-19 13:50:16,2023-12-19 13:54:05,short,4863.0,4861.0,1.0,20.0,19990.0,WDOStalkerV101-S,tp 4860.500
2023-12-20,2023-12-20 11:23:32,2023-12-20 11:27:42,long,4870.0,4871.5,1.0,15.0,20005.0,WDOStalkerV101-L,tp 4871.500
2023-12-20,2023-12-20 12:39:43,2023-12-20 12:42:59,long,4873.0,4875.0,1.0,20.0,20025.0,WDOStalkerV101-L,tp 4875.000
2023-12-20,2023-12-20 13:05:16,2023-12-20 13:11:43,long,4875.5,4878.0,1.0,25.0,20050.0,WDOStalkerV101-L,tp 4877.500
2023-12-21,2023-12-21 10:43:23,2023-12-21 10:49:43,short,4882.0,4879.5,1.0,25.0,20075.0,WDOStalkerV101-S,tp 4879.500
2023-12-21,2023-12-21 11:09:32,2023-12-21 11:24:14,short,4880.5,4878.5,1.0,20.0,20095.0,WDOStalkerV101-S,tp 4878.000
2023-12-21,2023-12-21 11:47:40,2023-12-21 12:07:43,short,4874.5,4883.5,1.0,-90.0,20005.0,WDOStalkerV101-S,sl 4883.000
2023-12-22,2023-12-22 10:04:59,2023-12-22 10:05:41,short,4865.5,4864.0,1.0,15.0,20020.0,WDOStalkerV101-S,tp 4863.500
2023-12-22,2023-12-22 10:15:59,2023-12-22 10:28:00,short,4864.5,4863.0,1.0,15.0,20035.0,WDOStalkerV101-S,tp 4862.500
2023-12-22,2023-12-22 11:33:00,2023-12-22 11:36:43,short,4863.0,4861.5,1.0,15.0,20050.0,WDOStalkerV101-S,tp 4861.000
2023-12-22,2023-12-22 12:26:32,2023-12-22 12:44:05,short,4858.0,4856.5,1.0,15.0,20065.0,WDOStalkerV101-S,tp 4856.000
2023-12-26,2023-12-26 10:04:05,2023-12-26 10:04:11,short,4845.5,4844.5,1.0,10.0,20075.0,WDOStalkerV101-S,tp 4844.000
2023-12-26,2023-12-26 10:28:00,2023-12-26 10:30:05,short,4841.5,4840.0,1.0,15.0,20090.0,WDOStalkerV101-S,tp 4839.500
2023-12-26,2023-12-26 10:35:41,2023-12-26 10:53:43,short,4841.0,4839.5,1.0,15.0,20105.0,WDOStalkerV101-S,tp 4839.000
2023-12-26,2023-12-26 11:04:41,2023-12-26 11:06:05,short,4839.0,4837.5,1.0,15.0,20120.0,WDOStalkerV101-S,tp 4837.000
2023-12-27,2023-12-27 14:07:29,2023-12-27 14:11:41,long,4825.0,4819.0,1.0,-60.0,20060.0,WDOStalkerV101-L,sl 4819.500
2023-12-28,2023-12-28 11:29:59,2023-12-28 11:38:32,long,4860.5,4853.5,1.0,-70.0,19990.0,WDOStalkerV101-L,sl 4853.500
2024-01-02,2024-01-02 11:25:59,2024-01-02 11:30:05,long,4904.5,4907.5,1.0,30.0,20020.0,WDOStalkerV101-L,tp 4907.500
2024-01-04,2024-01-04 10:53:43,2024-01-04 11:07:39,long,4939.5,4942.0,1.0,25.0,20045.0,WDOStalkerV101-L,tp 4942.000
2024-01-04,2024-01-04 11:37:17,2024-01-04 11:39:41,long,4945.5,4948.0,1.0,25.0,20070.0,WDOStalkerV101-L,tp 4948.000
2024-01-05,2024-01-05 10:31:00,2024-01-05 10:31:21,long,4948.5,4942.5,1.0,-60.0,20010.0,WDOStalkerV101-L,sl 4942.500
2024-01-08,2024-01-08 12:01:59,2024-01-08 12:03:59,short,4897.0,4895.5,1.0,15.0,20025.0,WDOStalkerV101-S,tp 4895.000
2024-01-09,2024-01-09 10:13:32,2024-01-09 10:15:59,long,4903.5,4905.5,1.0,20.0,20045.0,WDOStalkerV101-L,tp 4905.500
2024-01-09,2024-01-09 10:39:21,2024-01-09 10:42:43,long,4904.0,4906.0,1.0,20.0,20065.0,WDOStalkerV101-L,tp 4906.000
2024-01-09,2024-01-09 11:15:43,2024-01-09 11:19:16,long,4906.5,4901.5,1.0,-50.0,20015.0,WDOStalkerV101-L,sl 4901.500
2024-01-09,2024-01-09 13:17:00,2024-01-09 13:32:32,long,4913.5,4915.5,1.0,20.0,20035.0,WDOStalkerV101-L,tp 4915.500
2024-01-11,2024-01-11 10:09:32,2024-01-11 10:09:38,short,4893.0,4892.0,1.0,10.0,20045.0,WDOStalkerV101-S,tp 4891.500
2024-01-11,2024-01-11 10:38:16,2024-01-11 10:40:21,short,4887.5,4885.0,1.0,25.0,20070.0,WDOStalkerV101-S,tp 4885.500
2024-01-11,2024-01-11 10:49:09,2024-01-11 10:51:05,short,4887.0,4892.5,1.0,-55.0,20015.0,WDOStalkerV101-S,sl 4892.000
2024-01-11,2024-01-11 11:42:43,2024-01-11 11:47:43,short,4880.0,4888.5,1.0,-85.0,19930.0,WDOStalkerV101-S,sl 4887.500
2024-01-12,2024-01-12 10:18:43,2024-01-12 10:19:21,short,4874.0,4873.0,1.0,10.0,19940.0,WDOStalkerV101-S,tp 4872.500
2024-01-12,2024-01-12 10:32:23,2024-01-12 10:35:02,short,4867.0,4866.0,1.0,10.0,19950.0,WDOStalkerV101-S,tp 4865.500
2024-01-12,2024-01-12 10:42:00,2024-01-12 10:42:05,short,4856.5,4855.0,1.0,15.0,19965.0,WDOStalkerV101-S,tp 4854.500
2024-01-12,2024-01-12 12:00:58,2024-01-12 12:06:41,short,4854.0,4852.5,1.0,15.0,19980.0,WDOStalkerV101-S,tp 4852.000
2024-01-15,2024-01-15 13:25:42,2024-01-15 13:41:05,long,4885.5,4887.0,1.0,15.0,19995.0,WDOStalkerV101-L,tp 4887.000
2024-01-16,2024-01-16 10:12:00,2024-01-16 10:15:21,short,4900.5,4906.0,1.0,-55.0,19940.0,WDOStalkerV101-S,sl 4905.500
2024-01-16,2024-01-16 12:00:05,2024-01-16 12:00:43,long,4913.5,4916.0,1.0,25.0,19965.0,WDOStalkerV101-L,tp 4916.000
2024-01-16,2024-01-16 12:57:00,2024-01-16 12:58:00,long,4923.5,4926.0,1.0,25.0,19990.0,WDOStalkerV101-L,tp 4926.000
2024-01-16,2024-01-16 13:05:32,2024-01-16 13:07:43,long,4927.0,4930.5,1.0,35.0,20025.0,WDOStalkerV101-L,tp 4930.000
2024-01-18,2024-01-18 10:03:32,2024-01-18 10:17:43,long,4934.5,4936.0,1.0,15.0,20040.0,WDOStalkerV101-L,tp 4936.000
2024-01-18,2024-01-18 10:28:38,2024-01-18 10:30:10,long,4935.0,4936.5,1.0,15.0,20055.0,WDOStalkerV101-L,tp 4936.500
2024-01-18,2024-01-18 11:10:59,2024-01-18 11:15:59,long,4944.0,4946.5,1.0,25.0,20080.0,WDOStalkerV101-L,tp 4946.000
2024-01-18,2024-01-18 12:37:16,2024-01-18 12:39:16,long,4954.5,4948.0,1.0,-65.0,20015.0,WDOStalkerV101-L,sl 4948.000
2024-01-19,2024-01-19 10:05:10,2024-01-19 10:09:05,short,4918.0,4916.5,1.0,15.0,20030.0,WDOStalkerV101-S,tp 4916.000
2024-01-19,2024-01-19 10:22:21,2024-01-19 10:22:24,short,4915.0,4913.5,1.0,15.0,20045.0,WDOStalkerV101-S,tp 4913.000
2024-01-19,2024-01-19 10:58:05,2024-01-19 10:58:59,long,4926.0,4928.0,1.0,20.0,20065.0,WDOStalkerV101-L,tp 4928.000
2024-01-19,2024-01-19 11:53:59,2024-01-19 11:58:42,long,4935.0,4937.0,1.0,20.0,20085.0,WDOStalkerV101-L,tp 4937.000
2024-01-22,2024-01-22 11:45:41,2024-01-22 12:07:57,long,4956.5,4959.0,1.0,25.0,20110.0,WDOStalkerV101-L,tp 4959.000
2024-01-23,2024-01-23 10:53:14,2024-01-23 10:57:41,short,4973.5,4971.5,1.0,20.0,20130.0,WDOStalkerV101-S,tp 4971.500
2024-01-25,2024-01-25 10:41:05,2024-01-25 10:41:59,short,4925.5,4923.0,1.0,25.0,20155.0,WDOStalkerV101-S,tp 4923.500
2024-01-25,2024-01-25 12:32:41,2024-01-25 12:38:05,short,4920.5,4919.0,1.0,15.0,20170.0,WDOStalkerV101-S,tp 4918.500
2024-01-26,2024-01-26 10:49:32,2024-01-26 10:50:43,short,4910.0,4908.5,1.0,15.0,20185.0,WDOStalkerV101-S,tp 4908.000
2024-01-26,2024-01-26 11:33:56,2024-01-26 11:36:30,long,4919.0,4921.0,1.0,20.0,20205.0,WDOStalkerV101-L,tp 4921.000
2024-01-29,2024-01-29 10:06:05,2024-01-29 10:06:32,short,4912.5,4911.5,1.0,10.0,20215.0,WDOStalkerV101-S,tp 4911.000
2024-01-29,2024-01-29 11:55:05,2024-01-29 11:57:41,long,4927.5,4929.0,1.0,15.0,20230.0,WDOStalkerV101-L,tp 4929.000
2024-01-29,2024-01-29 13:06:05,2024-01-29 13:06:32,long,4943.5,4945.5,1.0,20.0,20250.0,WDOStalkerV101-L,tp 4945.500
2024-01-30,2024-01-30 11:09:32,2024-01-30 11:26:05,long,4963.5,4957.5,1.0,-60.0,20190.0,WDOStalkerV101-L,sl 4957.500
2024-01-30,2024-01-30 12:36:59,2024-01-30 12:43:05,long,4971.0,4973.5,1.0,25.0,20215.0,WDOStalkerV101-L,tp 4973.500
2024-01-31,2024-01-31 10:15:16,2024-01-31 10:17:00,long,4973.5,4968.0,1.0,-55.0,20160.0,WDOStalkerV101-L,sl 4968.000
2024-02-01,2024-02-01 12:00:20,2024-02-01 12:00:59,short,4950.5,4947.5,1.0,30.0,20190.0,WDOStalkerV101-S,tp 4947.000
2024-02-02,2024-02-02 10:41:21,2024-02-02 10:42:43,long,4954.0,4956.5,1.0,25.0,20215.0,WDOStalkerV101-L,tp 4956.000
2024-02-02,2024-02-02 11:43:40,2024-02-02 11:50:17,long,4958.0,4960.5,1.0,25.0,20240.0,WDOStalkerV101-L,tp 4960.500
2024-02-05,2024-02-05 13:19:59,2024-02-05 13:20:43,long,5017.0,5019.0,1.0,20.0,20260.0,WDOStalkerV101-L,tp 5019.000
2024-02-06,2024-02-06 10:28:58,2024-02-06 10:43:43,short,4975.5,4981.0,1.0,-55.0,20205.0,WDOStalkerV101-S,sl 4980.000
2024-02-06,2024-02-06 11:33:40,2024-02-06 11:37:16,long,4986.0,4981.0,1.0,-50.0,20155.0,WDOStalkerV101-L,sl 4981.000
2024-02-06,2024-02-06 12:02:32,2024-02-06 12:03:32,short,4974.0,4972.5,1.0,15.0,20170.0,WDOStalkerV101-S,tp 4972.000
2024-02-06,2024-02-06 13:03:43,2024-02-06 13:23:59,short,4968.5,4967.0,1.0,15.0,20185.0,WDOStalkerV101-S,tp 4966.500
2024-02-08,2024-02-08 11:44:41,2024-02-08 11:46:41,long,4994.0,4989.5,1.0,-45.0,20140.0,WDOStalkerV101-L,sl 4989.500
2024-02-08,2024-02-08 12:53:41,2024-02-08 12:59:05,long,5002.0,4996.0,1.0,-60.0,20080.0,WDOStalkerV101-L,sl 4996.000
2024-02-08,2024-02-08 13:59:03,2024-02-08 14:00:59,long,5004.5,5006.5,1.0,20.0,20100.0,WDOStalkerV101-L,tp 5006.500
2024-02-09,2024-02-09 10:09:05,2024-02-09 10:09:43,short,4989.5,4988.5,1.0,10.0,20110.0,WDOStalkerV101-S,tp 4988.000
2024-02-09,2024-02-09 10:34:59,2024-02-09 10:41:43,short,4975.0,4980.5,1.0,-55.0,20055.0,WDOStalkerV101-S,sl 4980.000
2024-02-14,2024-02-14 14:08:41,2024-02-14 14:42:59,long,4983.0,4978.0,1.0,-50.0,20005.0,WDOStalkerV101-L,sl 4978.000
2024-02-15,2024-02-15 10:13:43,2024-02-15 10:14:43,long,4976.5,4977.5,1.0,10.0,20015.0,WDOStalkerV101-L,tp 4977.500
2024-02-15,2024-02-15 10:31:00,2024-02-15 10:31:00,short,4972.0,4973.0,1.0,-10.0,20005.0,WDOStalkerV101-S,sl 4972.000
2024-02-15,2024-02-15 13:21:32,2024-02-15 14:05:41,long,4983.5,4978.5,1.0,-50.0,19955.0,WDOStalkerV101-L,sl 4978.500
2024-02-16,2024-02-16 10:31:42,2024-02-16 10:33:41,long,4985.5,4987.0,1.0,15.0,19970.0,WDOStalkerV101-L,tp 4986.500
2024-02-16,2024-02-16 10:46:32,2024-02-16 10:55:05,long,4989.0,4985.0,1.0,-40.0,19930.0,WDOStalkerV101-L,sl 4985.500
2024-02-16,2024-02-16 11:26:47,2024-02-16 11:33:00,long,4989.5,4985.5,1.0,-40.0,19890.0,WDOStalkerV101-L,sl 4985.500
2024-02-16,2024-02-16 12:21:43,2024-02-16 12:21:49,short,4972.5,4971.5,1.0,10.0,19900.0,WDOStalkerV101-S,tp 4971.000
2024-02-19,2024-02-19 11:28:57,2024-02-19 11:47:59,short,4962.0,4966.0,1.0,-40.0,19860.0,WDOStalkerV101-S,sl 4965.500
2024-02-20,2024-02-20 10:04:58,2024-02-20 10:11:21,short,4958.0,4957.5,1.0,5.0,19865.0,WDOStalkerV101-S,tp 4957.000
2024-02-20,2024-02-20 12:37:29,2024-02-20 12:37:35,short,4941.0,4940.0,1.0,10.0,19875.0,WDOStalkerV101-S,tp 4939.500
2024-02-21,2024-02-21 13:00:43,2024-02-21 13:04:03,long,4936.0,4937.5,1.0,15.0,19890.0,WDOStalkerV101-L,tp 4937.500
2024-02-22,2024-02-22 11:47:02,2024-02-22 11:47:43,long,4946.5,4948.5,1.0,20.0,19910.0,WDOStalkerV101-L,tp 4948.000
2024-02-23,2024-02-23 10:02:43,2024-02-23 10:03:32,long,4971.0,4972.5,1.0,15.0,19925.0,WDOStalkerV101-L,tp 4972.500
2024-02-23,2024-02-23 10:09:59,2024-02-23 10:12:43,long,4971.5,4967.5,1.0,-40.0,19885.0,WDOStalkerV101-L,sl 4967.500
2024-02-23,2024-02-23 11:21:32,2024-02-23 11:31:32,long,4986.0,4988.0,1.0,20.0,19905.0,WDOStalkerV101-L,tp 4988.000
2024-02-23,2024-02-23 12:22:00,2024-02-23 12:23:41,long,4990.0,4992.5,1.0,25.0,19930.0,WDOStalkerV101-L,tp 4992.000
2024-02-26,2024-02-26 10:06:00,2024-02-26 10:13:00,long,4988.5,4990.0,1.0,15.0,19945.0,WDOStalkerV101-L,tp 4990.000
2024-02-26,2024-02-26 10:36:59,2024-02-26 10:45:32,long,4993.0,4988.5,1.0,-45.0,19900.0,WDOStalkerV101-L,sl 4988.500
2024-02-26,2024-02-26 11:55:00,2024-02-26 11:59:00,short,4978.0,4976.5,1.0,15.0,19915.0,WDOStalkerV101-S,tp 4976.000
2024-02-27,2024-02-27 11:26:59,2024-02-27 11:33:41,short,4963.5,4962.5,1.0,10.0,19925.0,WDOStalkerV101-S,tp 4962.000
2024-02-28,2024-02-28 11:04:05,2024-02-28 11:04:32,long,4954.5,4956.0,1.0,15.0,19940.0,WDOStalkerV101-L,tp 4956.000
2024-02-28,2024-02-28 11:25:16,2024-02-28 11:30:05,long,4956.0,4957.5,1.0,15.0,19955.0,WDOStalkerV101-L,tp 4957.500
2024-02-28,2024-02-28 11:41:41,2024-02-28 11:45:41,long,4957.5,4959.0,1.0,15.0,19970.0,WDOStalkerV101-L,tp 4959.000
2024-02-29,2024-02-29 10:30:21,2024-02-29 10:30:59,long,5002.5,5005.0,1.0,25.0,19995.0,WDOStalkerV101-L,tp 5005.000
2024-03-01,2024-03-01 10:19:41,2024-03-01 10:20:29,long,4977.5,4979.0,1.0,15.0,20010.0,WDOStalkerV101-L,tp 4979.000
2024-03-01,2024-03-01 10:40:20,2024-03-01 10:45:05,long,4982.5,4977.5,1.0,-50.0,19960.0,WDOStalkerV101-L,sl 4978.000
2024-03-01,2024-03-01 11:25:05,2024-03-01 11:40:05,short,4971.5,4969.5,1.0,20.0,19980.0,WDOStalkerV101-S,tp 4969.500
2024-03-01,2024-03-01 12:19:59,2024-03-01 12:20:32,short,4968.5,4967.0,1.0,15.0,19995.0,WDOStalkerV101-S,tp 4966.500
2024-03-04,2024-03-04 10:47:41,2024-03-04 10:48:05,short,4960.0,4959.0,1.0,10.0,20005.0,WDOStalkerV101-S,tp 4958.500
2024-03-04,2024-03-04 10:57:00,2024-03-04 11:00:05,short,4958.5,4957.5,1.0,10.0,20015.0,WDOStalkerV101-S,tp 4957.000
2024-03-04,2024-03-04 11:21:59,2024-03-04 11:50:41,short,4957.5,4961.5,1.0,-40.0,19975.0,WDOStalkerV101-S,sl 4961.000
2024-03-05,2024-03-05 10:25:05,2024-03-05 10:25:10,short,4961.0,4960.5,1.0,5.0,19980.0,WDOStalkerV101-S,tp 4960.000
2024-03-05,2024-03-05 12:00:04,2024-03-05 12:00:05,long,4968.0,4963.0,1.0,-50.0,19930.0,WDOStalkerV101-L,sl 4964.500
2024-03-05,2024-03-05 12:01:23,2024-03-05 12:06:43,short,4957.0,4961.5,1.0,-45.0,19885.0,WDOStalkerV101-S,sl 4961.000
2024-03-05,2024-03-05 12:17:59,2024-03-05 12:18:41,short,4956.0,4955.0,1.0,10.0,19895.0,WDOStalkerV101-S,tp 4954.500
2024-03-05,2024-03-05 14:00:04,2024-03-05 14:01:43,long,4967.5,4969.5,1.0,20.0,19915.0,WDOStalkerV101-L,tp 4969.500
2024-03-08,2024-03-08 10:30:10,2024-03-08 10:30:59,long,4981.5,4975.5,1.0,-60.0,19855.0,WDOStalkerV101-L,sl 4976.500
2024-03-08,2024-03-08 11:24:59,2024-03-08 11:31:00,long,4990.0,4992.5,1.0,25.0,19880.0,WDOStalkerV101-L,tp 4992.500
2024-03-11,2024-03-11 12:25:32,2024-03-11 12:50:17,short,4977.0,4976.0,1.0,10.0,19890.0,WDOStalkerV101-S,tp 4975.500
2024-03-12,2024-03-12 10:50:21,2024-03-12 10:53:05,long,4991.0,4993.0,1.0,20.0,19910.0,WDOStalkerV101-L,tp 4993.000
2024-03-13,2024-03-13 11:14:43,2024-03-13 11:17:17,long,4985.0,4986.5,1.0,15.0,19925.0,WDOStalkerV101-L,tp 4986.500
2024-03-14,2024-03-14 10:16:29,2024-03-14 10:24:59,long,4971.5,4973.0,1.0,15.0,19940.0,WDOStalkerV101-L,tp 4973.000
2024-03-14,2024-03-14 10:40:43,2024-03-14 10:43:32,long,4978.5,4980.0,1.0,15.0,19955.0,WDOStalkerV101-L,tp 4980.000
2024-03-14,2024-03-14 11:05:41,2024-03-14 11:09:00,long,4979.5,4981.0,1.0,15.0,19970.0,WDOStalkerV101-L,tp 4981.000
2024-03-14,2024-03-14 13:20:59,2024-03-14 13:22:42,long,4980.0,4982.0,1.0,20.0,19990.0,WDOStalkerV101-L,tp 4982.000
2024-03-15,2024-03-15 10:13:20,2024-03-15 10:16:00,long,5000.5,4996.5,1.0,-40.0,19950.0,WDOStalkerV101-L,sl 4996.500
2024-03-18,2024-03-18 11:10:05,2024-03-18 11:10:59,long,5009.0,5010.5,1.0,15.0,19965.0,WDOStalkerV101-L,tp 5010.500
2024-03-18,2024-03-18 12:59:59,2024-03-18 13:07:00,long,5022.5,5024.5,1.0,20.0,19985.0,WDOStalkerV101-L,tp 5024.500
2024-03-19,2024-03-19 10:36:43,2024-03-19 10:39:05,short,5045.0,5043.5,1.0,15.0,20000.0,WDOStalkerV101-S,tp 5043.500
2024-03-19,2024-03-19 10:47:05,2024-03-19 10:51:05,short,5043.5,5042.5,1.0,10.0,20010.0,WDOStalkerV101-S,tp 5042.000
2024-03-19,2024-03-19 11:22:59,2024-03-19 11:26:56,short,5038.5,5037.0,1.0,15.0,20025.0,WDOStalkerV101-S,tp 5036.500
2024-03-19,2024-03-19 12:04:41,2024-03-19 12:10:27,short,5032.5,5031.0,1.0,15.0,20040.0,WDOStalkerV101-S,tp 5030.500
2024-03-21,2024-03-21 10:43:43,2024-03-21 10:45:32,long,4975.0,4977.5,1.0,25.0,20065.0,WDOStalkerV101-L,tp 4977.500
2024-03-21,2024-03-21 11:15:21,2024-03-21 11:16:59,long,4979.0,4981.5,1.0,25.0,20090.0,WDOStalkerV101-L,tp 4981.500
2024-03-22,2024-03-22 11:22:59,2024-03-22 11:24:21,short,4989.0,4987.5,1.0,15.0,20105.0,WDOStalkerV101-S,tp 4987.000
2024-03-25,2024-03-25 10:02:43,2024-03-25 10:03:16,long,5000.5,5002.0,1.0,15.0,20120.0,WDOStalkerV101-L,tp 5002.000
2024-03-25,2024-03-25 10:19:17,2024-03-25 10:19:59,short,4985.5,4984.5,1.0,10.0,20130.0,WDOStalkerV101-S,tp 4984.000
2024-03-25,2024-03-25 10:45:41,2024-03-25 10:51:23,short,4984.0,4982.5,1.0,15.0,20145.0,WDOStalkerV101-S,tp 4982.000
2024-03-25,2024-03-25 11:31:05,2024-03-25 11:37:05,short,4982.5,4981.0,1.0,15.0,20160.0,WDOStalkerV101-S,tp 4980.500
2024-03-26,2024-03-26 13:27:17,2024-03-26 13:32:05,long,4985.0,4986.5,1.0,15.0,20175.0,WDOStalkerV101-L,tp 4986.500
2024-03-27,2024-03-27 10:31:43,2024-03-27 10:35:21,long,4987.5,4989.0,1.0,15.0,20190.0,WDOStalkerV101-L,tp 4989.000
2024-03-28,2024-03-28 10:19:41,2024-03-28 10:21:05,long,5018.5,5020.0,1.0,15.0,20205.0,WDOStalkerV101-L,tp 5020.000
2024-03-28,2024-03-28 10:52:43,2024-03-28 10:53:59,short,5004.5,5002.5,1.0,20.0,20225.0,WDOStalkerV101-S,tp 5002.500
2024-03-28,2024-03-28 11:28:21,2024-03-28 11:32:00,short,5002.5,5001.0,1.0,15.0,20240.0,WDOStalkerV101-S,tp 5000.500
2024-03-28,2024-03-28 13:21:41,2024-03-28 13:22:43,long,5016.0,5018.0,1.0,20.0,20260.0,WDOStalkerV101-L,tp 5018.000
2024-04-02,2024-04-02 10:32:43,2024-04-02 10:33:29,long,5062.0,5064.0,1.0,20.0,20280.0,WDOStalkerV101-L,tp 5064.000
2024-04-02,2024-04-02 11:58:05,2024-04-02 12:05:47,long,5067.5,5061.0,1.0,-65.0,20215.0,WDOStalkerV101-L,sl 5061.000
2024-04-03,2024-04-03 11:00:01,2024-04-03 11:00:09,long,5099.0,5093.5,1.0,-55.0,20160.0,WDOStalkerV101-L,sl 5094.500
2024-04-04,2024-04-04 11:30:43,2024-04-04 11:31:05,short,5036.5,5035.0,1.0,15.0,20175.0,WDOStalkerV101-S,tp 5034.500
2024-04-04,2024-04-04 13:57:59,2024-04-04 14:23:43,short,5029.5,5037.0,1.0,-75.0,20100.0,WDOStalkerV101-S,sl 5036.500
2024-04-05,2024-04-05 13:54:05,2024-04-05 14:02:05,long,5075.0,5078.0,1.0,30.0,20130.0,WDOStalkerV101-L,tp 5078.000
2024-04-08,2024-04-08 10:06:43,2024-04-08 10:19:41,short,5072.5,5071.0,1.0,15.0,20145.0,WDOStalkerV101-S,tp 5071.000
2024-04-09,2024-04-09 10:19:32,2024-04-09 10:19:38,short,5021.0,5020.0,1.0,10.0,20155.0,WDOStalkerV101-S,tp 5019.500
2024-04-09,2024-04-09 11:34:05,2024-04-09 11:35:32,short,5017.5,5016.5,1.0,10.0,20165.0,WDOStalkerV101-S,tp 5016.000
2024-04-12,2024-04-12 10:12:16,2024-04-12 10:14:47,long,5137.0,5132.0,1.0,-50.0,20115.0,WDOStalkerV101-L,sl 5132.000
2024-04-12,2024-04-12 12:44:00,2024-04-12 13:01:59,long,5147.5,5141.0,1.0,-65.0,20050.0,WDOStalkerV101-L,sl 5141.500
2024-04-16,2024-04-16 13:14:29,2024-04-16 13:31:41,long,5272.5,5276.5,1.0,40.0,20090.0,WDOStalkerV101-L,tp 5276.500
2024-04-18,2024-04-18 12:54:58,2024-04-18 13:01:05,long,5262.0,5265.0,1.0,30.0,20120.0,WDOStalkerV101-L,tp 5265.000
2024-04-19,2024-04-19 10:15:32,2024-04-19 10:17:27,short,5257.5,5255.5,1.0,20.0,20140.0,WDOStalkerV101-S,tp 5255.000
2024-04-22,2024-04-22 10:06:41,2024-04-22 10:08:30,long,5214.5,5216.5,1.0,20.0,20160.0,WDOStalkerV101-L,tp 5216.500
2024-04-22,2024-04-22 10:41:05,2024-04-22 10:41:43,long,5216.0,5218.5,1.0,25.0,20185.0,WDOStalkerV101-L,tp 5218.000
2024-04-22,2024-04-22 11:34:02,2024-04-22 11:39:59,short,5200.5,5198.0,1.0,25.0,20210.0,WDOStalkerV101-S,tp 5198.000
2024-04-22,2024-04-22 11:59:43,2024-04-22 12:17:05,short,5199.0,5196.5,1.0,25.0,20235.0,WDOStalkerV101-S,tp 5196.500
2024-04-23,2024-04-23 10:23:38,2024-04-23 10:33:40,long,5186.5,5188.0,1.0,15.0,20250.0,WDOStalkerV101-L,tp 5188.000
2024-04-23,2024-04-23 10:46:21,2024-04-23 10:47:00,short,5173.5,5172.0,1.0,15.0,20265.0,WDOStalkerV101-S,tp 5171.500
2024-04-23,2024-04-23 10:47:43,2024-04-23 10:48:21,short,5173.0,5171.5,1.0,15.0,20280.0,WDOStalkerV101-S,tp 5171.000
2024-04-23,2024-04-23 11:46:06,2024-04-23 11:54:59,short,5157.5,5155.5,1.0,20.0,20300.0,WDOStalkerV101-S,tp 5155.000
2024-04-24,2024-04-24 12:08:29,2024-04-24 12:47:00,long,5162.0,5164.0,1.0,20.0,20320.0,WDOStalkerV101-L,tp 5164.000
2024-04-25,2024-04-25 10:31:43,2024-04-25 10:32:21,long,5175.0,5178.0,1.0,30.0,20350.0,WDOStalkerV101-L,tp 5178.000
2024-04-26,2024-04-26 10:21:41,2024-04-26 10:26:35,short,5134.0,5132.5,1.0,15.0,20365.0,WDOStalkerV101-S,tp 5132.000
2024-04-26,2024-04-26 11:41:43,2024-04-26 12:08:00,short,5127.0,5125.0,1.0,20.0,20385.0,WDOStalkerV101-S,tp 5124.500
2024-04-29,2024-04-29 11:52:43,2024-04-29 11:54:05,long,5117.5,5120.0,1.0,25.0,20410.0,WDOStalkerV101-L,tp 5120.000
2024-04-30,2024-04-30 10:41:21,2024-04-30 10:44:32,long,5169.0,5171.5,1.0,25.0,20435.0,WDOStalkerV101-L,tp 5171.500
2024-05-07,2024-05-07 10:25:59,2024-05-07 10:27:05,short,5073.5,5072.5,1.0,10.0,20445.0,WDOStalkerV101-S,tp 5072.000
2024-05-07,2024-05-07 12:12:21,2024-05-07 12:32:05,short,5068.5,5074.5,1.0,-60.0,20385.0,WDOStalkerV101-S,sl 5074.000
2024-05-09,2024-05-09 11:16:43,2024-05-09 11:25:04,long,5177.5,5169.0,1.0,-85.0,20300.0,WDOStalkerV101-L,sl 5169.000
2024-05-10,2024-05-10 10:12:29,2024-05-10 10:21:40,long,5147.5,5141.5,1.0,-60.0,20240.0,WDOStalkerV101-L,sl 5141.500
2024-05-13,2024-05-13 10:11:05,2024-05-13 10:11:32,short,5141.0,5139.5,1.0,15.0,20255.0,WDOStalkerV101-S,tp 5139.000
2024-05-13,2024-05-13 10:25:16,2024-05-13 10:33:00,short,5140.0,5138.5,1.0,15.0,20270.0,WDOStalkerV101-S,tp 5138.000
2024-05-13,2024-05-13 10:40:43,2024-05-13 10:40:48,short,5139.0,5137.5,1.0,15.0,20285.0,WDOStalkerV101-S,tp 5137.000
2024-05-13,2024-05-13 10:52:21,2024-05-13 11:04:32,short,5138.0,5144.0,1.0,-60.0,20225.0,WDOStalkerV101-S,sl 5143.500
2024-05-17,2024-05-17 10:24:32,2024-05-17 10:31:43,short,5126.5,5125.5,1.0,10.0,20235.0,WDOStalkerV101-S,tp 5125.000
2024-05-17,2024-05-17 11:41:41,2024-05-17 11:43:41,short,5119.5,5118.0,1.0,15.0,20250.0,WDOStalkerV101-S,tp 5117.500
2024-05-20,2024-05-20 12:12:59,2024-05-20 12:16:00,short,5104.5,5103.0,1.0,15.0,20265.0,WDOStalkerV101-S,tp 5102.500
2024-05-21,2024-05-21 10:01:00,2024-05-21 10:01:14,long,5105.5,5107.0,1.0,15.0,20280.0,WDOStalkerV101-L,tp 5107.000
2024-05-21,2024-05-21 10:02:43,2024-05-21 10:05:16,long,5106.0,5102.5,1.0,-35.0,20245.0,WDOStalkerV101-L,sl 5102.500
2024-05-21,2024-05-21 10:13:43,2024-05-21 10:13:48,short,5093.0,5092.0,1.0,10.0,20255.0,WDOStalkerV101-S,tp 5091.500
2024-05-21,2024-05-21 12:20:57,2024-05-21 12:23:35,long,5108.0,5110.0,1.0,20.0,20275.0,WDOStalkerV101-L,tp 5110.000
2024-05-22,2024-05-22 10:04:41,2024-05-22 10:05:05,long,5147.5,5149.0,1.0,15.0,20290.0,WDOStalkerV101-L,tp 5149.000
2024-05-22,2024-05-22 10:23:08,2024-05-22 10:28:43,long,5149.5,5151.0,1.0,15.0,20305.0,WDOStalkerV101-L,tp 5151.000
2024-05-22,2024-05-22 11:12:40,2024-05-22 11:13:59,long,5152.5,5154.0,1.0,15.0,20320.0,WDOStalkerV101-L,tp 5154.000
2024-05-22,2024-05-22 11:53:41,2024-05-22 12:03:14,long,5159.0,5154.0,1.0,-50.0,20270.0,WDOStalkerV101-L,sl 5154.000
2024-05-23,2024-05-23 10:38:43,2024-05-23 10:44:00,short,5132.0,5130.5,1.0,15.0,20285.0,WDOStalkerV101-S,tp 5130.000
2024-05-23,2024-05-23 11:39:39,2024-05-23 11:52:41,long,5150.5,5152.5,1.0,20.0,20305.0,WDOStalkerV101-L,tp 5152.500
2024-05-24,2024-05-24 10:28:29,2024-05-24 10:31:32,long,5147.5,5149.0,1.0,15.0,20320.0,WDOStalkerV101-L,tp 5149.000
2024-05-27,2024-05-27 10:04:59,2024-05-27 10:25:43,short,5159.5,5158.0,1.0,15.0,20335.0,WDOStalkerV101-S,tp 5158.000
2024-05-27,2024-05-27 11:48:32,2024-05-27 11:53:32,long,5178.0,5180.0,1.0,20.0,20355.0,WDOStalkerV101-L,tp 5180.000
2024-05-28,2024-05-28 10:48:32,2024-05-28 10:48:37,short,5143.5,5142.5,1.0,10.0,20365.0,WDOStalkerV101-S,tp 5142.000
2024-05-29,2024-05-29 11:14:43,2024-05-29 11:20:16,long,5193.0,5195.0,1.0,20.0,20385.0,WDOStalkerV101-L,tp 5195.000
2024-05-31,2024-05-31 10:10:00,2024-05-31 10:10:32,long,5236.0,5238.0,1.0,20.0,20405.0,WDOStalkerV101-L,tp 5238.000
2024-05-31,2024-05-31 11:19:16,2024-05-31 11:19:41,long,5244.5,5247.0,1.0,25.0,20430.0,WDOStalkerV101-L,tp 5247.000
2024-05-31,2024-05-31 12:11:43,2024-05-31 12:12:42,long,5255.5,5258.5,1.0,30.0,20460.0,WDOStalkerV101-L,tp 5258.500
2024-06-03,2024-06-03 10:03:29,2024-06-03 10:04:21,short,5259.0,5257.0,1.0,20.0,20480.0,WDOStalkerV101-S,tp 5256.500
2024-06-03,2024-06-03 10:18:43,2024-06-03 10:22:10,short,5258.5,5266.0,1.0,-75.0,20405.0,WDOStalkerV101-S,sl 5265.500
2024-06-03,2024-06-03 11:01:00,2024-06-03 11:02:10,short,5261.5,5266.5,1.0,-50.0,20355.0,WDOStalkerV101-S,sl 5266.000
2024-06-03,2024-06-03 11:52:30,2024-06-03 12:01:41,short,5244.5,5242.0,1.0,25.0,20380.0,WDOStalkerV101-S,tp 5241.500
2024-06-04,2024-06-04 10:01:16,2024-06-04 10:05:04,short,5272.0,5279.0,1.0,-70.0,20310.0,WDOStalkerV101-S,sl 5278.500
2024-06-04,2024-06-04 10:54:43,2024-06-04 11:00:10,short,5269.0,5266.5,1.0,25.0,20335.0,WDOStalkerV101-S,tp 5266.500
2024-06-04,2024-06-04 11:04:16,2024-06-04 11:06:16,short,5268.5,5277.0,1.0,-85.0,20250.0,WDOStalkerV101-S,sl 5276.500
2024-06-04,2024-06-04 12:19:41,2024-06-04 12:33:32,long,5285.0,5288.0,1.0,30.0,20280.0,WDOStalkerV101-L,tp 5288.000
2024-06-04,2024-06-04 13:20:43,2024-06-04 13:22:32,long,5295.5,5299.0,1.0,35.0,20315.0,WDOStalkerV101-L,tp 5299.000
2024-06-04,2024-06-04 13:48:41,2024-06-04 13:53:05,long,5297.0,5300.5,1.0,35.0,20350.0,WDOStalkerV101-L,tp 5300.500
2024-06-05,2024-06-05 10:25:08,2024-06-05 10:35:43,long,5289.5,5283.5,1.0,-60.0,20290.0,WDOStalkerV101-L,sl 5284.000
2024-06-05,2024-06-05 10:59:43,2024-06-05 11:00:01,long,5290.5,5293.5,1.0,30.0,20320.0,WDOStalkerV101-L,tp 5292.500
2024-06-05,2024-06-05 11:20:43,2024-06-05 11:23:17,long,5304.5,5298.0,1.0,-65.0,20255.0,WDOStalkerV101-L,sl 5298.000
2024-06-06,2024-06-06 10:12:32,2024-06-06 10:15:05,short,5297.5,5296.0,1.0,15.0,20270.0,WDOStalkerV101-S,tp 5295.500
2024-06-06,2024-06-06 10:58:43,2024-06-06 11:03:41,short,5285.0,5282.0,1.0,30.0,20300.0,WDOStalkerV101-S,tp 5282.500
2024-06-10,2024-06-10 10:36:21,2024-06-10 10:41:10,long,5381.0,5385.5,1.0,45.0,20345.0,WDOStalkerV101-L,tp 5385.500
2024-06-11,2024-06-11 10:21:59,2024-06-11 10:23:00,short,5359.0,5357.0,1.0,20.0,20365.0,WDOStalkerV101-S,tp 5356.500
2024-06-11,2024-06-11 11:31:00,2024-06-11 11:43:43,short,5355.0,5353.0,1.0,20.0,20385.0,WDOStalkerV101-S,tp 5352.500
2024-06-12,2024-06-12 10:41:10,2024-06-12 10:42:02,long,5403.5,5407.5,1.0,40.0,20425.0,WDOStalkerV101-L,tp 5407.000
2024-06-12,2024-06-12 10:52:20,2024-06-12 10:53:00,long,5413.5,5417.5,1.0,40.0,20465.0,WDOStalkerV101-L,tp 5417.500
2024-06-12,2024-06-12 11:20:43,2024-06-12 11:21:43,long,5415.0,5420.5,1.0,55.0,20520.0,WDOStalkerV101-L,tp 5419.000
2024-06-13,2024-06-13 12:51:41,2024-06-13 12:52:43,short,5387.0,5383.5,1.0,35.0,20555.0,WDOStalkerV101-S,tp 5383.000
2024-06-13,2024-06-13 14:18:29,2024-06-13 14:54:17,short,5384.5,5381.0,1.0,35.0,20590.0,WDOStalkerV101-S,tp 5380.500
2024-06-17,2024-06-17 13:16:05,2024-06-17 13:27:41,long,5419.0,5411.5,1.0,-75.0,20515.0,WDOStalkerV101-L,sl 5411.500
2024-06-18,2024-06-18 10:20:43,2024-06-18 10:30:05,short,5423.0,5420.5,1.0,25.0,20540.0,WDOStalkerV101-S,tp 5420.500
2024-06-18,2024-06-18 11:10:43,2024-06-18 11:27:59,short,5410.0,5407.0,1.0,30.0,20570.0,WDOStalkerV101-S,tp 5407.500
2024-06-19,2024-06-19 12:50:43,2024-06-19 12:56:41,long,5463.5,5466.0,1.0,25.0,20595.0,WDOStalkerV101-L,tp 5466.000
2024-06-20,2024-06-20 10:47:59,2024-06-20 10:59:10,long,5415.0,5418.5,1.0,35.0,20630.0,WDOStalkerV101-L,tp 5418.500
2024-06-20,2024-06-20 14:18:43,2024-06-20 14:31:32,long,5451.0,5455.0,1.0,40.0,20670.0,WDOStalkerV101-L,tp 5455.000
2024-06-21,2024-06-21 11:09:43,2024-06-21 11:10:43,short,5434.0,5431.0,1.0,30.0,20700.0,WDOStalkerV101-S,tp 5431.000
2024-06-21,2024-06-21 13:02:41,2024-06-21 13:05:16,long,5455.0,5458.0,1.0,30.0,20730.0,WDOStalkerV101-L,tp 5458.000
2024-06-24,2024-06-24 11:49:41,2024-06-24 12:11:43,short,5393.5,5402.5,1.0,-90.0,20640.0,WDOStalkerV101-S,sl 5402.000
2024-06-25,2024-06-25 10:46:05,2024-06-25 10:46:32,long,5425.5,5427.5,1.0,20.0,20660.0,WDOStalkerV101-L,tp 5427.500
2024-06-25,2024-06-25 11:04:43,2024-06-25 11:05:43,long,5429.5,5432.0,1.0,25.0,20685.0,WDOStalkerV101-L,tp 5432.000
2024-06-25,2024-06-25 11:59:43,2024-06-25 12:01:32,long,5434.0,5436.5,1.0,25.0,20710.0,WDOStalkerV101-L,tp 5436.500
2024-06-25,2024-06-25 12:45:43,2024-06-25 12:48:32,long,5437.5,5440.5,1.0,30.0,20740.0,WDOStalkerV101-L,tp 5440.500
2024-06-26,2024-06-26 11:02:10,2024-06-26 11:21:59,long,5506.0,5498.5,1.0,-75.0,20665.0,WDOStalkerV101-L,sl 5498.500
2024-06-27,2024-06-27 11:28:29,2024-06-27 11:49:29,long,5518.0,5521.0,1.0,30.0,20695.0,WDOStalkerV101-L,tp 5521.000
2024-06-27,2024-06-27 14:21:42,2024-06-27 14:46:05,long,5524.0,5514.0,1.0,-100.0,20595.0,WDOStalkerV101-L,sl 5514.500
2024-06-28,2024-06-28 11:47:03,2024-06-28 11:49:43,long,5579.0,5583.5,1.0,45.0,20640.0,WDOStalkerV101-L,tp 5583.000
2024-07-01,2024-07-01 10:44:41,2024-07-01 10:45:32,short,5594.0,5591.5,1.0,25.0,20665.0,WDOStalkerV101-S,tp 5591.000
2024-07-02,2024-07-02 10:35:16,2024-07-02 10:41:16,long,5679.5,5670.0,1.0,-95.0,20570.0,WDOStalkerV101-L,sl 5670.000
2024-07-02,2024-07-02 11:34:20,2024-07-02 11:48:43,long,5689.0,5677.5,1.0,-115.0,20455.0,WDOStalkerV101-L,sl 5678.000
2024-07-05,2024-07-05 11:12:17,2024-07-05 11:13:00,long,5532.5,5536.5,1.0,40.0,20495.0,WDOStalkerV101-L,tp 5536.500
2024-07-08,2024-07-08 11:00:20,2024-07-08 11:06:05,long,5499.0,5492.5,1.0,-65.0,20430.0,WDOStalkerV101-L,sl 5492.500
2024-07-09,2024-07-09 10:24:41,2024-07-09 10:24:47,short,5462.0,5460.5,1.0,15.0,20445.0,WDOStalkerV101-S,tp 5460.000
2024-07-09,2024-07-09 11:05:16,2024-07-09 11:09:41,short,5458.0,5456.0,1.0,20.0,20465.0,WDOStalkerV101-S,tp 5455.500
2024-07-12,2024-07-12 10:06:05,2024-07-12 10:06:32,long,5446.0,5448.5,1.0,25.0,20490.0,WDOStalkerV101-L,tp 5448.500
2024-07-12,2024-07-12 11:00:08,2024-07-12 11:00:10,long,5465.0,5468.0,1.0,30.0,20520.0,WDOStalkerV101-L,tp 5468.000
2024-07-15,2024-07-15 13:15:16,2024-07-15 13:17:35,short,5457.0,5454.5,1.0,25.0,20545.0,WDOStalkerV101-S,tp 5454.000
2024-07-16,2024-07-16 10:15:00,2024-07-16 10:17:39,short,5433.5,5432.0,1.0,15.0,20560.0,WDOStalkerV101-S,tp 5431.500
2024-07-16,2024-07-16 10:36:59,2024-07-16 10:37:59,short,5426.0,5423.0,1.0,30.0,20590.0,WDOStalkerV101-S,tp 5423.500
2024-07-16,2024-07-16 10:52:16,2024-07-16 10:52:32,short,5424.0,5422.0,1.0,20.0,20610.0,WDOStalkerV101-S,tp 5421.500
2024-07-16,2024-07-16 14:20:05,2024-07-16 14:26:14,long,5456.5,5460.0,1.0,35.0,20645.0,WDOStalkerV101-L,tp 5460.000
2024-07-17,2024-07-17 10:42:59,2024-07-17 10:44:43,long,5473.5,5476.5,1.0,30.0,20675.0,WDOStalkerV101-L,tp 5475.500
2024-07-17,2024-07-17 11:31:00,2024-07-17 11:38:43,long,5474.0,5476.5,1.0,25.0,20700.0,WDOStalkerV101-L,tp 5476.500
2024-07-19,2024-07-19 10:14:32,2024-07-19 10:21:32,long,5565.5,5554.0,1.0,-115.0,20585.0,WDOStalkerV101-L,sl 5554.000
2024-07-19,2024-07-19 12:40:47,2024-07-19 13:06:16,long,5569.0,5574.0,1.0,50.0,20635.0,WDOStalkerV101-L,tp 5574.000
2024-07-23,2024-07-23 11:55:29,2024-07-23 11:57:40,short,5576.5,5573.5,1.0,30.0,20665.0,WDOStalkerV101-S,tp 5573.000
2024-07-24,2024-07-24 10:40:43,2024-07-24 10:41:32,long,5640.5,5643.0,1.0,25.0,20690.0,WDOStalkerV101-L,tp 5643.000
2024-07-25,2024-07-25 10:36:16,2024-07-25 10:44:41,short,5652.5,5649.5,1.0,30.0,20720.0,WDOStalkerV101-S,tp 5649.000
2024-07-25,2024-07-25 14:16:14,2024-07-25 14:17:59,short,5647.5,5644.0,1.0,35.0,20755.0,WDOStalkerV101-S,tp 5643.500
2024-07-26,2024-07-26 12:56:43,2024-07-26 12:59:41,long,5657.0,5660.5,1.0,35.0,20790.0,WDOStalkerV101-L,tp 5660.500
2024-07-29,2024-07-29 12:56:17,2024-07-29 13:03:08,long,5659.5,5651.5,1.0,-80.0,20710.0,WDOStalkerV101-L,sl 5651.500
2024-07-30,2024-07-30 10:13:43,2024-07-30 10:16:21,long,5651.5,5645.0,1.0,-65.0,20645.0,WDOStalkerV101-L,sl 5646.000
2024-07-31,2024-07-31 10:11:21,2024-07-31 10:13:43,long,5682.0,5685.0,1.0,30.0,20675.0,WDOStalkerV101-L,tp 5685.000
2024-08-01,2024-08-01 11:31:39,2024-08-01 11:40:35,short,5666.5,5679.0,1.0,-125.0,20550.0,WDOStalkerV101-S,sl 5678.500
2024-08-02,2024-08-02 10:31:10,2024-08-02 10:33:21,short,5745.0,5758.5,1.0,-135.0,20415.0,WDOStalkerV101-S,sl 5757.500
2024-08-05,2024-08-05 10:26:21,2024-08-05 10:28:41,short,5804.5,5798.5,1.0,60.0,20475.0,WDOStalkerV101-S,tp 5798.500
2024-08-06,2024-08-06 10:23:20,2024-08-06 10:36:21,short,5679.0,5691.5,1.0,-125.0,20350.0,WDOStalkerV101-S,sl 5691.000
2024-08-08,2024-08-08 10:25:10,2024-08-08 10:32:05,short,5645.5,5643.0,1.0,25.0,20375.0,WDOStalkerV101-S,tp 5642.500
2024-08-08,2024-08-08 12:13:41,2024-08-08 12:20:59,short,5630.0,5627.0,1.0,30.0,20405.0,WDOStalkerV101-S,tp 5626.500
2024-08-09,2024-08-09 12:13:32,2024-08-09 12:25:00,short,5521.0,5517.5,1.0,35.0,20440.0,WDOStalkerV101-S,tp 5517.000
2024-08-12,2024-08-12 10:20:43,2024-08-12 10:26:05,short,5492.5,5501.5,1.0,-90.0,20350.0,WDOStalkerV101-S,sl 5501.000
2024-08-12,2024-08-12 12:55:05,2024-08-12 13:12:43,long,5520.0,5524.0,1.0,40.0,20390.0,WDOStalkerV101-L,tp 5524.000
2024-08-13,2024-08-13 10:20:10,2024-08-13 10:30:16,long,5504.5,5507.5,1.0,30.0,20420.0,WDOStalkerV101-L,tp 5507.500
2024-08-14,2024-08-14 14:25:41,2024-08-14 14:26:39,long,5482.0,5486.0,1.0,40.0,20460.0,WDOStalkerV101-L,tp 5486.000
2024-08-15,2024-08-15 12:44:43,2024-08-15 12:46:05,short,5469.5,5466.5,1.0,30.0,20490.0,WDOStalkerV101-S,tp 5466.000
2024-08-16,2024-08-16 10:13:43,2024-08-16 10:14:32,short,5457.5,5455.5,1.0,20.0,20510.0,WDOStalkerV101-S,tp 5455.000
2024-08-16,2024-08-16 13:10:00,2024-08-16 13:20:41,long,5482.5,5474.5,1.0,-80.0,20430.0,WDOStalkerV101-L,sl 5474.500
2024-08-19,2024-08-19 10:09:21,2024-08-19 10:09:24,short,5460.0,5458.0,1.0,20.0,20450.0,WDOStalkerV101-S,tp 5457.500
2024-08-19,2024-08-19 10:40:21,2024-08-19 10:42:32,short,5453.0,5451.0,1.0,20.0,20470.0,WDOStalkerV101-S,tp 5450.500
2024-08-19,2024-08-19 13:23:32,2024-08-19 13:26:32,short,5427.5,5424.5,1.0,30.0,20500.0,WDOStalkerV101-S,tp 5424.000
2024-08-20,2024-08-20 11:34:59,2024-08-20 11:36:59,long,5466.0,5470.0,1.0,40.0,20540.0,WDOStalkerV101-L,tp 5469.500
2024-08-22,2024-08-22 10:46:43,2024-08-22 10:56:15,long,5545.0,5548.5,1.0,35.0,20575.0,WDOStalkerV101-L,tp 5548.500
2024-08-23,2024-08-23 10:42:29,2024-08-23 10:59:59,short,5563.0,5559.5,1.0,35.0,20610.0,WDOStalkerV101-S,tp 5559.000
2024-08-23,2024-08-23 11:37:43,2024-08-23 11:41:10,short,5519.5,5515.5,1.0,40.0,20650.0,WDOStalkerV101-S,tp 5515.000
2024-08-26,2024-08-26 10:27:20,2024-08-26 10:28:05,long,5500.0,5503.0,1.0,30.0,20680.0,WDOStalkerV101-L,tp 5503.000
2024-08-26,2024-08-26 12:24:35,2024-08-26 12:53:05,long,5506.5,5495.5,1.0,-110.0,20570.0,WDOStalkerV101-L,sl 5495.500
2024-08-27,2024-08-27 12:57:43,2024-08-27 13:04:41,long,5511.5,5502.0,1.0,-95.0,20475.0,WDOStalkerV101-L,sl 5502.000
2024-08-28,2024-08-28 13:53:05,2024-08-28 14:07:41,long,5544.0,5547.5,1.0,35.0,20510.0,WDOStalkerV101-L,tp 5547.500
2024-08-29,2024-08-29 12:38:43,2024-08-29 12:49:41,long,5637.5,5641.5,1.0,40.0,20550.0,WDOStalkerV101-L,tp 5641.500
2024-08-30,2024-08-30 10:33:43,2024-08-30 10:37:16,long,5679.5,5684.5,1.0,50.0,20600.0,WDOStalkerV101-L,tp 5684.000
2024-09-02,2024-09-02 10:36:21,2024-09-02 10:45:43,long,5662.0,5667.0,1.0,50.0,20650.0,WDOStalkerV101-L,tp 5667.000
2024-09-02,2024-09-02 11:25:43,2024-09-02 11:48:59,long,5665.5,5671.0,1.0,55.0,20705.0,WDOStalkerV101-L,tp 5671.000
2024-09-03,2024-09-03 10:12:16,2024-09-03 10:16:21,short,5608.5,5617.5,1.0,-90.0,20615.0,WDOStalkerV101-S,sl 5617.000
2024-09-03,2024-09-03 11:58:19,2024-09-03 12:02:40,long,5650.0,5654.0,1.0,40.0,20655.0,WDOStalkerV101-L,tp 5654.000
2024-09-05,2024-09-05 10:31:21,2024-09-05 10:32:05,short,5626.0,5623.5,1.0,25.0,20680.0,WDOStalkerV101-S,tp 5623.000
2024-09-06,2024-09-06 12:00:05,2024-09-06 12:00:08,long,5593.5,5581.5,1.0,-120.0,20560.0,WDOStalkerV101-L,sl 5581.500
2024-09-06,2024-09-06 12:33:05,2024-09-06 12:52:08,long,5596.0,5601.0,1.0,50.0,20610.0,WDOStalkerV101-L,tp 5601.000
2024-09-10,2024-09-10 10:19:15,2024-09-10 10:22:20,long,5612.0,5615.5,1.0,35.0,20645.0,WDOStalkerV101-L,tp 5614.500
2024-09-11,2024-09-11 11:27:16,2024-09-11 11:29:08,long,5660.5,5665.0,1.0,45.0,20690.0,WDOStalkerV101-L,tp 5664.500
2024-09-11,2024-09-11 12:01:43,2024-09-11 12:10:41,long,5668.5,5673.0,1.0,45.0,20735.0,WDOStalkerV101-L,tp 5673.000
2024-09-12,2024-09-12 10:28:21,2024-09-12 10:29:32,long,5668.0,5671.0,1.0,30.0,20765.0,WDOStalkerV101-L,tp 5671.000
2024-09-12,2024-09-12 11:40:43,2024-09-12 11:43:05,long,5674.0,5677.5,1.0,35.0,20800.0,WDOStalkerV101-L,tp 5677.500
2024-09-12,2024-09-12 12:01:59,2024-09-12 12:07:59,long,5677.0,5680.5,1.0,35.0,20835.0,WDOStalkerV101-L,tp 5680.500
2024-09-13,2024-09-13 10:45:39,2024-09-13 10:46:47,short,5600.5,5598.0,1.0,25.0,20860.0,WDOStalkerV101-S,tp 5597.500
2024-09-13,2024-09-13 11:18:41,2024-09-13 11:20:02,short,5588.5,5585.5,1.0,30.0,20890.0,WDOStalkerV101-S,tp 5585.000
2024-09-16,2024-09-16 11:12:16,2024-09-16 11:15:10,short,5527.0,5524.0,1.0,30.0,20920.0,WDOStalkerV101-S,tp 5523.500
2024-09-17,2024-09-17 11:54:40,2024-09-17 12:26:30,long,5516.0,5507.5,1.0,-85.0,20835.0,WDOStalkerV101-L,sl 5507.500
2024-09-19,2024-09-19 10:01:16,2024-09-19 10:22:21,long,5436.0,5420.0,1.0,-160.0,20675.0,WDOStalkerV101-L,sl 5420.500
2024-09-23,2024-09-23 10:18:05,2024-09-23 10:19:17,short,5559.0,5555.5,1.0,35.0,20710.0,WDOStalkerV101-S,tp 5555.000
2024-09-23,2024-09-23 13:11:16,2024-09-23 13:36:32,short,5550.5,5546.5,1.0,40.0,20750.0,WDOStalkerV101-S,tp 5546.000
2024-09-24,2024-09-24 11:46:41,2024-09-24 11:47:43,short,5468.5,5465.5,1.0,30.0,20780.0,WDOStalkerV101-S,tp 5465.000
2024-09-25,2024-09-25 12:52:05,2024-09-25 13:08:00,long,5483.5,5475.0,1.0,-85.0,20695.0,WDOStalkerV101-L,sl 5475.000
2024-09-26,2024-09-26 11:11:03,2024-09-26 11:12:43,long,5440.0,5443.0,1.0,30.0,20725.0,WDOStalkerV101-L,tp 5443.000
2024-09-30,2024-09-30 11:32:05,2024-09-30 11:35:06,long,5472.0,5475.0,1.0,30.0,20755.0,WDOStalkerV101-L,tp 5475.000
2024-10-02,2024-10-02 10:19:43,2024-10-02 10:20:23,long,5445.5,5448.5,1.0,30.0,20785.0,WDOStalkerV101-L,tp 5448.500
2024-10-02,2024-10-02 10:50:59,2024-10-02 10:54:21,long,5447.5,5450.5,1.0,30.0,20815.0,WDOStalkerV101-L,tp 5450.500
2024-10-02,2024-10-02 13:00:21,2024-10-02 13:03:00,long,5454.0,5457.5,1.0,35.0,20850.0,WDOStalkerV101-L,tp 5457.500
2024-10-03,2024-10-03 10:43:05,2024-10-03 10:47:43,long,5499.0,5502.0,1.0,30.0,20880.0,WDOStalkerV101-L,tp 5501.500
2024-10-03,2024-10-03 11:33:05,2024-10-03 11:33:43,long,5514.5,5517.5,1.0,30.0,20910.0,WDOStalkerV101-L,tp 5517.500
2024-10-04,2024-10-04 12:27:43,2024-10-04 12:36:41,short,5487.0,5484.0,1.0,30.0,20940.0,WDOStalkerV101-S,tp 5483.500
2024-10-08,2024-10-08 10:04:43,2024-10-08 10:08:16,short,5518.0,5525.0,1.0,-70.0,20870.0,WDOStalkerV101-S,sl 5524.500
2024-10-08,2024-10-08 11:55:29,2024-10-08 11:57:05,long,5540.0,5543.0,1.0,30.0,20900.0,WDOStalkerV101-L,tp 5542.500
2024-10-08,2024-10-08 14:25:43,2024-10-08 14:52:05,long,5542.5,5545.5,1.0,30.0,20930.0,WDOStalkerV101-L,tp 5545.500
2024-10-09,2024-10-09 10:45:05,2024-10-09 10:50:40,long,5585.5,5588.0,1.0,25.0,20955.0,WDOStalkerV101-L,tp 5588.000
2024-10-09,2024-10-09 12:09:21,2024-10-09 12:25:17,long,5589.5,5592.0,1.0,25.0,20980.0,WDOStalkerV101-L,tp 5592.000
2024-10-10,2024-10-10 10:12:05,2024-10-10 10:12:43,short,5589.5,5587.0,1.0,25.0,21005.0,WDOStalkerV101-S,tp 5586.500
2024-10-11,2024-10-11 11:17:59,2024-10-11 11:19:16,long,5642.5,5646.0,1.0,35.0,21040.0,WDOStalkerV101-L,tp 5645.500
2024-10-14,2024-10-14 11:03:05,2024-10-14 11:03:32,short,5619.0,5616.5,1.0,25.0,21065.0,WDOStalkerV101-S,tp 5616.000
2024-10-15,2024-10-15 12:32:43,2024-10-15 12:42:05,long,5648.5,5651.5,1.0,30.0,21095.0,WDOStalkerV101-L,tp 5651.500
2024-10-17,2024-10-17 10:32:10,2024-10-17 10:40:43,short,5681.5,5678.0,1.0,35.0,21130.0,WDOStalkerV101-S,tp 5678.500
2024-10-17,2024-10-17 10:56:16,2024-10-17 11:01:32,short,5678.0,5686.5,1.0,-85.0,21045.0,WDOStalkerV101-S,sl 5686.000
2024-10-18,2024-10-18 10:22:59,2024-10-18 10:29:41,long,5661.5,5664.0,1.0,25.0,21070.0,WDOStalkerV101-L,tp 5664.000
2024-10-18,2024-10-18 11:07:32,2024-10-18 11:10:32,long,5670.0,5672.5,1.0,25.0,21095.0,WDOStalkerV101-L,tp 5672.500
2024-10-21,2024-10-21 11:14:05,2024-10-21 11:15:43,short,5713.0,5710.0,1.0,30.0,21125.0,WDOStalkerV101-S,tp 5709.500
2024-10-21,2024-10-21 12:22:59,2024-10-21 12:29:05,short,5710.0,5707.0,1.0,30.0,21155.0,WDOStalkerV101-S,tp 5706.500
2024-10-22,2024-10-22 10:40:16,2024-10-22 10:44:05,short,5691.0,5699.0,1.0,-80.0,21075.0,WDOStalkerV101-S,sl 5698.500
2024-10-23,2024-10-23 11:32:19,2024-10-23 11:34:05,long,5729.0,5731.5,1.0,25.0,21100.0,WDOStalkerV101-L,tp 5731.500
2024-10-24,2024-10-24 10:50:21,2024-10-24 10:54:35,long,5713.0,5715.5,1.0,25.0,21125.0,WDOStalkerV101-L,tp 5715.500
2024-10-25,2024-10-25 10:28:05,2024-10-25 10:28:32,long,5696.0,5698.5,1.0,25.0,21150.0,WDOStalkerV101-L,tp 5698.500
2024-10-25,2024-10-25 10:41:21,2024-10-25 10:56:41,long,5699.0,5701.5,1.0,25.0,21175.0,WDOStalkerV101-L,tp 5701.500
2024-10-25,2024-10-25 13:36:59,2024-10-25 13:59:40,long,5700.5,5703.5,1.0,30.0,21205.0,WDOStalkerV101-L,tp 5703.500
2024-10-28,2024-10-28 10:15:16,2024-10-28 10:17:00,short,5696.5,5695.0,1.0,15.0,21220.0,WDOStalkerV101-S,tp 5694.500
2024-10-29,2024-10-29 11:06:21,2024-10-29 11:08:14,short,5710.5,5708.5,1.0,20.0,21240.0,WDOStalkerV101-S,tp 5708.000
2024-10-29,2024-10-29 11:31:43,2024-10-29 11:32:41,short,5708.5,5705.5,1.0,30.0,21270.0,WDOStalkerV101-S,tp 5705.500
2024-10-29,2024-10-29 14:05:17,2024-10-29 14:07:59,long,5745.0,5749.0,1.0,40.0,21310.0,WDOStalkerV101-L,tp 5748.500
2024-10-31,2024-10-31 10:06:41,2024-10-31 10:09:32,short,5776.5,5774.5,1.0,20.0,21330.0,WDOStalkerV101-S,tp 5774.000
2024-10-31,2024-10-31 10:33:20,2024-10-31 10:40:32,long,5790.5,5793.0,1.0,25.0,21355.0,WDOStalkerV101-L,tp 5793.000
2024-10-31,2024-10-31 13:59:16,2024-10-31 14:06:35,long,5801.0,5804.0,1.0,30.0,21385.0,WDOStalkerV101-L,tp 5804.000
2024-11-01,2024-11-01 10:30:16,2024-11-01 10:31:09,long,5817.5,5820.5,1.0,30.0,21415.0,WDOStalkerV101-L,tp 5820.500
2024-11-05,2024-11-05 10:08:32,2024-11-05 10:14:00,short,5799.5,5808.5,1.0,-90.0,21325.0,WDOStalkerV101-S,sl 5808.000
2024-11-05,2024-11-05 10:34:20,2024-11-05 10:51:05,short,5795.5,5793.0,1.0,25.0,21350.0,WDOStalkerV101-S,tp 5792.500
2024-11-05,2024-11-05 14:26:43,2024-11-05 14:28:59,short,5775.5,5772.0,1.0,35.0,21385.0,WDOStalkerV101-S,tp 5771.500
2024-11-07,2024-11-07 10:22:43,2024-11-07 10:25:21,short,5670.5,5664.5,1.0,60.0,21445.0,WDOStalkerV101-S,tp 5665.000
2024-11-07,2024-11-07 11:15:20,2024-11-07 12:27:43,short,5664.5,5659.0,1.0,55.0,21500.0,WDOStalkerV101-S,tp 5659.000
2024-11-07,2024-11-07 13:26:21,2024-11-07 13:31:29,long,5706.0,5712.5,1.0,65.0,21565.0,WDOStalkerV101-L,tp 5712.500
2024-11-08,2024-11-08 10:26:16,2024-11-08 11:40:32,long,5768.5,5773.5,1.0,50.0,21615.0,WDOStalkerV101-L,tp 5773.500
2024-11-08,2024-11-08 14:26:05,2024-11-08 14:26:59,long,5785.5,5789.0,1.0,35.0,21650.0,WDOStalkerV101-L,tp 5789.000
2024-11-12,2024-11-12 10:20:41,2024-11-12 10:28:43,short,5772.0,5781.5,1.0,-95.0,21555.0,WDOStalkerV101-S,sl 5781.000
2024-11-14,2024-11-14 10:30:21,2024-11-14 10:32:59,short,5811.5,5808.0,1.0,35.0,21590.0,WDOStalkerV101-S,tp 5808.000
2024-11-14,2024-11-14 10:36:02,2024-11-14 10:36:21,short,5808.5,5803.5,1.0,50.0,21640.0,WDOStalkerV101-S,tp 5804.500
2024-11-14,2024-11-14 11:51:05,2024-11-14 11:51:43,short,5798.0,5794.0,1.0,40.0,21680.0,WDOStalkerV101-S,tp 5794.000
2024-11-14,2024-11-14 12:54:35,2024-11-14 13:07:05,short,5789.0,5785.5,1.0,35.0,21715.0,WDOStalkerV101-S,tp 5785.000
2024-11-18,2024-11-18 10:47:10,2024-11-18 10:51:43,short,5781.0,5777.5,1.0,35.0,21750.0,WDOStalkerV101-S,tp 5777.000
2024-11-18,2024-11-18 13:34:21,2024-11-18 13:43:43,short,5760.5,5757.0,1.0,35.0,21785.0,WDOStalkerV101-S,tp 5756.500
2024-11-19,2024-11-19 10:35:16,2024-11-19 10:37:43,long,5791.5,5794.5,1.0,30.0,21815.0,WDOStalkerV101-L,tp 5794.500
2024-11-21,2024-11-21 14:14:17,2024-11-21 14:47:32,long,5827.5,5817.0,1.0,-105.0,21710.0,WDOStalkerV101-L,sl 5817.000
2024-11-22,2024-11-22 10:52:21,2024-11-22 10:53:29,long,5824.5,5827.5,1.0,30.0,21740.0,WDOStalkerV101-L,tp 5827.500
2024-11-25,2024-11-25 10:02:59,2024-11-25 10:03:59,long,5805.0,5808.5,1.0,35.0,21775.0,WDOStalkerV101-L,tp 5808.000
2024-11-25,2024-11-25 11:25:07,2024-11-25 11:25:16,short,5788.0,5785.0,1.0,30.0,21805.0,WDOStalkerV101-S,tp 5784.500
2024-11-25,2024-11-25 13:03:14,2024-11-25 13:18:05,long,5812.0,5816.0,1.0,40.0,21845.0,WDOStalkerV101-L,tp 5816.000
2024-11-27,2024-11-27 12:50:43,2024-11-27 12:58:47,long,5838.5,5842.0,1.0,35.0,21880.0,WDOStalkerV101-L,tp 5842.000
2024-11-27,2024-11-27 13:48:05,2024-11-27 13:48:10,long,5863.0,5868.5,1.0,55.0,21935.0,WDOStalkerV101-L,tp 5867.000
2024-11-27,2024-11-27 13:54:14,2024-11-27 14:01:16,long,5878.5,5883.0,1.0,45.0,21980.0,WDOStalkerV101-L,tp 5883.000
2024-11-28,2024-11-28 13:44:32,2024-11-28 13:50:03,long,5992.0,5997.5,1.0,55.0,22035.0,WDOStalkerV101-L,tp 5997.500
2024-11-29,2024-11-29 11:28:21,2024-11-29 11:29:08,long,6101.5,6106.5,1.0,50.0,22085.0,WDOStalkerV101-L,tp 6106.500
2024-11-29,2024-11-29 13:12:14,2024-11-29 13:13:41,short,6017.5,6009.5,1.0,80.0,22165.0,WDOStalkerV101-S,tp 6009.000
2024-12-02,2024-12-02 13:22:43,2024-12-02 13:35:05,long,6088.5,6093.5,1.0,50.0,22215.0,WDOStalkerV101-L,tp 6093.500
2024-12-03,2024-12-03 10:09:43,2024-12-03 10:10:03,long,6087.5,6091.5,1.0,40.0,22255.0,WDOStalkerV101-L,tp 6091.500
2024-12-03,2024-12-03 11:54:43,2024-12-03 12:00:20,long,6097.0,6102.5,1.0,55.0,22310.0,WDOStalkerV101-L,tp 6101.000
2024-12-05,2024-12-05 10:05:21,2024-12-05 10:06:59,short,6017.0,6013.0,1.0,40.0,22350.0,WDOStalkerV101-S,tp 6013.500
2024-12-05,2024-12-05 11:25:43,2024-12-05 11:28:17,short,6004.5,6001.5,1.0,30.0,22380.0,WDOStalkerV101-S,tp 6001.000
2024-12-05,2024-12-05 12:29:59,2024-12-05 12:31:05,short,5995.0,5992.0,1.0,30.0,22410.0,WDOStalkerV101-S,tp 5991.500
2024-12-06,2024-12-06 10:31:05,2024-12-06 10:31:07,short,6016.5,6014.0,1.0,25.0,22435.0,WDOStalkerV101-S,tp 6013.500
2024-12-06,2024-12-06 10:34:21,2024-12-06 10:35:05,short,6011.5,6008.5,1.0,30.0,22465.0,WDOStalkerV101-S,tp 6008.500
2024-12-06,2024-12-06 10:46:21,2024-12-06 10:59:17,short,6010.0,6019.5,1.0,-95.0,22370.0,WDOStalkerV101-S,sl 6019.000
2024-12-09,2024-12-09 10:17:48,2024-12-09 10:54:38,short,6064.0,6073.5,1.0,-95.0,22275.0,WDOStalkerV101-S,sl 6073.000
2024-12-09,2024-12-09 11:59:41,2024-12-09 12:19:59,short,6062.0,6072.5,1.0,-105.0,22170.0,WDOStalkerV101-S,sl 6072.000
2024-12-12,2024-12-12 10:37:42,2024-12-12 10:41:59,long,5916.5,5924.5,1.0,80.0,22250.0,WDOStalkerV101-L,tp 5923.500
2024-12-16,2024-12-16 10:16:21,2024-12-16 10:17:05,short,6051.0,6045.5,1.0,55.0,22305.0,WDOStalkerV101-S,tp 6045.000
2024-12-17,2024-12-17 10:36:02,2024-12-17 10:36:23,long,6164.0,6170.0,1.0,60.0,22365.0,WDOStalkerV101-L,tp 6169.000
2024-12-17,2024-12-17 12:17:04,2024-12-17 12:17:06,long,6189.0,6171.0,1.0,-180.0,22185.0,WDOStalkerV101-L,sl 6173.000
2024-12-18,2024-12-18 11:31:14,2024-12-18 11:32:19,long,6143.5,6149.0,1.0,55.0,22240.0,WDOStalkerV101-L,tp 6149.000
2024-12-19,2024-12-19 10:18:10,2024-12-19 10:22:04,long,6291.5,6265.0,1.0,-265.0,21975.0,WDOStalkerV101-L,sl 6269.500
2024-12-19,2024-12-19 10:26:10,2024-12-19 10:35:10,short,6255.5,6246.5,1.0,90.0,22065.0,WDOStalkerV101-S,tp 6246.500
2024-12-19,2024-12-19 10:41:08,2024-12-19 10:41:21,short,6249.5,6240.5,1.0,90.0,22155.0,WDOStalkerV101-S,tp 6240.500
2024-12-19,2024-12-19 10:49:08,2024-12-19 10:54:09,short,6243.0,6233.5,1.0,95.0,22250.0,WDOStalkerV101-S,tp 6233.000
2024-12-19,2024-12-19 11:08:21,2024-12-19 11:14:21,short,6188.0,6176.0,1.0,120.0,22370.0,WDOStalkerV101-S,tp 6177.000
2024-12-20,2024-12-20 10:28:10,2024-12-20 10:36:01,long,6105.5,6113.0,1.0,75.0,22445.0,WDOStalkerV101-L,tp 6112.000
2024-12-23,2024-12-23 11:23:43,2024-12-23 11:34:43,long,6159.0,6164.0,1.0,50.0,22495.0,WDOStalkerV101-L,tp 6163.500
2024-12-26,2024-12-26 13:13:43,2024-12-26 13:22:32,short,6163.5,6159.0,1.0,45.0,22540.0,WDOStalkerV101-S,tp 6158.500
2024-12-30,2024-12-30 10:58:21,2024-12-30 11:08:43,short,6203.5,6199.0,1.0,45.0,22585.0,WDOStalkerV101-S,tp 6199.000
2024-12-30,2024-12-30 13:56:05,2024-12-30 13:56:08,long,6255.0,6236.5,1.0,-185.0,22400.0,WDOStalkerV101-L,sl 6238.500
2025-01-02,2025-01-02 14:28:41,2025-01-02 14:56:15,short,6203.5,6200.0,1.0,35.0,22435.0,WDOStalkerV101-S,tp 6199.500
2025-01-03,2025-01-03 10:36:01,2025-01-03 10:50:16,short,6183.0,6179.5,1.0,35.0,22470.0,WDOStalkerV101-S,tp 6179.000
2025-01-06,2025-01-06 10:51:41,2025-01-06 10:52:59,short,6135.5,6131.5,1.0,40.0,22510.0,WDOStalkerV101-S,tp 6131.500
2025-01-06,2025-01-06 11:29:00,2025-01-06 11:42:10,long,6168.0,6173.0,1.0,50.0,22560.0,WDOStalkerV101-L,tp 6172.500
2025-01-07,2025-01-07 10:48:32,2025-01-07 10:51:21,short,6107.0,6104.0,1.0,30.0,22590.0,WDOStalkerV101-S,tp 6103.500
2025-01-07,2025-01-07 11:17:59,2025-01-07 11:24:01,short,6104.5,6101.5,1.0,30.0,22620.0,WDOStalkerV101-S,tp 6101.000
2025-01-07,2025-01-07 13:23:16,2025-01-07 13:31:16,short,6099.0,6094.5,1.0,45.0,22665.0,WDOStalkerV101-S,tp 6094.500
2025-01-08,2025-01-08 10:46:10,2025-01-08 10:52:43,long,6174.0,6178.0,1.0,40.0,22705.0,WDOStalkerV101-L,tp 6178.000
2025-01-09,2025-01-09 11:51:43,2025-01-09 11:52:38,short,6119.5,6116.5,1.0,30.0,22735.0,WDOStalkerV101-S,tp 6116.000
2025-01-09,2025-01-09 12:01:16,2025-01-09 12:01:42,short,6112.0,6109.0,1.0,30.0,22765.0,WDOStalkerV101-S,tp 6108.500
2025-01-09,2025-01-09 13:01:47,2025-01-09 13:08:08,short,6097.5,6094.0,1.0,35.0,22800.0,WDOStalkerV101-S,tp 6093.500
2025-01-10,2025-01-10 10:31:14,2025-01-10 10:32:16,long,6126.5,6131.5,1.0,50.0,22850.0,WDOStalkerV101-L,tp 6130.000
2025-01-14,2025-01-14 10:22:59,2025-01-14 10:30:05,short,6093.5,6090.0,1.0,35.0,22885.0,WDOStalkerV101-S,tp 6090.500
2025-01-14,2025-01-14 10:31:02,2025-01-14 10:31:10,short,6088.0,6085.5,1.0,25.0,22910.0,WDOStalkerV101-S,tp 6085.000
2025-01-14,2025-01-14 10:51:07,2025-01-14 10:54:10,short,6074.5,6071.5,1.0,30.0,22940.0,WDOStalkerV101-S,tp 6071.000
2025-01-15,2025-01-15 10:21:14,2025-01-15 10:22:05,long,6078.5,6081.5,1.0,30.0,22970.0,WDOStalkerV101-L,tp 6081.500
2025-01-16,2025-01-16 10:30:10,2025-01-16 10:30:12,long,6048.5,6052.5,1.0,40.0,23010.0,WDOStalkerV101-L,tp 6052.000
2025-01-16,2025-01-16 14:19:41,2025-01-16 14:29:43,long,6053.5,6058.0,1.0,45.0,23055.0,WDOStalkerV101-L,tp 6058.000
2025-01-17,2025-01-17 10:46:02,2025-01-17 10:52:32,long,6083.0,6086.0,1.0,30.0,23085.0,WDOStalkerV101-L,tp 6086.000
2025-01-17,2025-01-17 11:25:03,2025-01-17 11:30:05,long,6089.0,6079.5,1.0,-95.0,22990.0,WDOStalkerV101-L,sl 6079.500
2025-01-20,2025-01-20 10:36:59,2025-01-20 10:37:21,short,6070.5,6067.5,1.0,30.0,23020.0,WDOStalkerV101-S,tp 6067.000
2025-01-20,2025-01-20 11:11:32,2025-01-20 11:17:43,short,6066.5,6063.5,1.0,30.0,23050.0,WDOStalkerV101-S,tp 6063.000
2025-01-20,2025-01-20 12:45:43,2025-01-20 12:47:05,short,6057.0,6053.5,1.0,35.0,23085.0,WDOStalkerV101-S,tp 6053.000
2025-01-21,2025-01-21 10:00:09,2025-01-21 10:17:43,short,6060.5,6057.5,1.0,30.0,23115.0,WDOStalkerV101-S,tp 6057.000
2025-01-21,2025-01-21 12:42:06,2025-01-21 12:56:17,short,6049.0,6045.5,1.0,35.0,23150.0,WDOStalkerV101-S,tp 6045.000
2025-01-23,2025-01-23 11:53:16,2025-01-23 11:56:42,short,5955.5,5953.0,1.0,25.0,23175.0,WDOStalkerV101-S,tp 5952.500
2025-01-23,2025-01-23 13:06:43,2025-01-23 13:07:43,short,5935.0,5932.0,1.0,30.0,23205.0,WDOStalkerV101-S,tp 5932.000
2025-01-24,2025-01-24 10:32:43,2025-01-24 10:47:32,short,5891.5,5888.0,1.0,35.0,23240.0,WDOStalkerV101-S,tp 5887.500
2025-01-24,2025-01-24 10:56:43,2025-01-24 10:57:41,short,5890.0,5886.0,1.0,40.0,23280.0,WDOStalkerV101-S,tp 5885.500
2025-01-24,2025-01-24 12:28:59,2025-01-24 13:24:32,short,5886.5,5881.5,1.0,50.0,23330.0,WDOStalkerV101-S,tp 5882.000
2025-01-27,2025-01-27 10:25:03,2025-01-27 10:26:40,short,5927.5,5924.5,1.0,30.0,23360.0,WDOStalkerV101-S,tp 5924.000
2025-01-27,2025-01-27 11:06:32,2025-01-27 11:10:43,short,5922.0,5919.0,1.0,30.0,23390.0,WDOStalkerV101-S,tp 5918.500
2025-01-29,2025-01-29 11:00:16,2025-01-29 11:06:59,long,5879.5,5882.5,1.0,30.0,23420.0,WDOStalkerV101-L,tp 5882.500
2025-01-31,2025-01-31 10:11:47,2025-01-31 10:16:00,short,5873.0,5869.0,1.0,40.0,23460.0,WDOStalkerV101-S,tp 5868.500
2025-01-31,2025-01-31 10:23:43,2025-01-31 10:29:30,short,5870.5,5866.5,1.0,40.0,23500.0,WDOStalkerV101-S,tp 5866.000
2025-01-31,2025-01-31 11:13:19,2025-01-31 11:47:32,short,5858.0,5853.5,1.0,45.0,23545.0,WDOStalkerV101-S,tp 5853.000
2025-02-03,2025-02-03 10:07:21,2025-02-03 10:08:43,short,5884.5,5881.0,1.0,35.0,23580.0,WDOStalkerV101-S,tp 5880.500
2025-02-03,2025-02-03 10:45:10,2025-02-03 10:47:41,long,5911.5,5915.5,1.0,40.0,23620.0,WDOStalkerV101-L,tp 5915.500
2025-02-03,2025-02-03 12:21:17,2025-02-03 12:22:08,long,5916.0,5904.5,1.0,-115.0,23505.0,WDOStalkerV101-L,sl 5904.500
2025-02-04,2025-02-04 11:23:05,2025-02-04 11:23:32,short,5832.5,5830.0,1.0,25.0,23530.0,WDOStalkerV101-S,tp 5829.500
2025-02-04,2025-02-04 14:16:16,2025-02-04 14:17:20,short,5801.0,5797.5,1.0,35.0,23565.0,WDOStalkerV101-S,tp 5797.000
2025-02-05,2025-02-05 11:39:43,2025-02-05 12:00:09,long,5827.0,5819.0,1.0,-80.0,23485.0,WDOStalkerV101-L,sl 5819.000
2025-02-06,2025-02-06 10:06:16,2025-02-06 10:19:21,short,5828.5,5837.5,1.0,-90.0,23395.0,WDOStalkerV101-S,sl 5837.000
2025-02-06,2025-02-06 11:03:20,2025-02-06 11:05:59,short,5820.0,5817.5,1.0,25.0,23420.0,WDOStalkerV101-S,tp 5817.000
2025-02-06,2025-02-06 11:58:43,2025-02-06 12:12:16,short,5803.5,5814.5,1.0,-110.0,23310.0,WDOStalkerV101-S,sl 5814.000
2025-02-07,2025-02-07 10:31:00,2025-02-07 10:31:00,short,5788.0,5789.0,1.0,-10.0,23300.0,WDOStalkerV101-S,sl 5779.000
2025-02-07,2025-02-07 12:28:32,2025-02-07 12:34:59,short,5769.0,5766.0,1.0,30.0,23330.0,WDOStalkerV101-S,tp 5765.500
2025-02-07,2025-02-07 14:07:16,2025-02-07 14:16:10,long,5799.5,5804.5,1.0,50.0,23380.0,WDOStalkerV101-L,tp 5804.500
2025-02-10,2025-02-10 10:39:10,2025-02-10 10:54:21,short,5800.5,5797.0,1.0,35.0,23415.0,WDOStalkerV101-S,tp 5797.000
2025-02-11,2025-02-11 10:17:07,2025-02-11 10:20:17,long,5819.0,5821.5,1.0,25.0,23440.0,WDOStalkerV101-L,tp 5821.500
2025-02-11,2025-02-11 11:37:21,2025-02-11 11:40:43,short,5793.0,5790.0,1.0,30.0,23470.0,WDOStalkerV101-S,tp 5790.000
2025-02-12,2025-02-12 10:06:21,2025-02-12 10:07:13,long,5790.5,5783.5,1.0,-70.0,23400.0,WDOStalkerV101-L,sl 5784.500
2025-02-12,2025-02-12 10:34:21,2025-02-12 10:36:21,long,5795.0,5786.5,1.0,-85.0,23315.0,WDOStalkerV101-L,sl 5787.000
2025-02-13,2025-02-13 10:20:21,2025-02-13 10:25:21,long,5798.5,5801.5,1.0,30.0,23345.0,WDOStalkerV101-L,tp 5801.500
2025-02-13,2025-02-13 11:35:20,2025-02-13 11:38:17,long,5803.0,5806.0,1.0,30.0,23375.0,WDOStalkerV101-L,tp 5806.000
2025-02-14,2025-02-14 10:43:32,2025-02-14 10:48:43,short,5745.5,5742.5,1.0,30.0,23405.0,WDOStalkerV101-S,tp 5742.500
2025-02-14,2025-02-14 12:28:05,2025-02-14 12:35:16,short,5736.0,5733.5,1.0,25.0,23430.0,WDOStalkerV101-S,tp 5733.000
2025-02-17,2025-02-17 10:27:57,2025-02-17 10:34:59,short,5717.5,5715.5,1.0,20.0,23450.0,WDOStalkerV101-S,tp 5715.000
2025-02-17,2025-02-17 10:47:59,2025-02-17 11:08:43,short,5714.5,5712.0,1.0,25.0,23475.0,WDOStalkerV101-S,tp 5712.000
2025-02-18,2025-02-18 10:04:35,2025-02-18 10:04:41,short,5716.0,5715.0,1.0,10.0,23485.0,WDOStalkerV101-S,tp 5714.500
2025-02-18,2025-02-18 11:11:05,2025-02-18 11:11:32,long,5729.0,5731.0,1.0,20.0,23505.0,WDOStalkerV101-L,tp 5731.000
2025-02-18,2025-02-18 11:51:32,2025-02-18 11:52:41,short,5715.5,5713.5,1.0,20.0,23525.0,WDOStalkerV101-S,tp 5713.500
2025-02-18,2025-02-18 13:39:41,2025-02-18 13:45:59,short,5698.5,5696.5,1.0,20.0,23545.0,WDOStalkerV101-S,tp 5696.000
2025-02-19,2025-02-19 10:30:21,2025-02-19 10:31:32,long,5729.5,5732.0,1.0,25.0,23570.0,WDOStalkerV101-L,tp 5732.000
2025-02-20,2025-02-20 11:55:21,2025-02-20 11:56:59,short,5705.5,5702.5,1.0,30.0,23600.0,WDOStalkerV101-S,tp 5702.500
2025-02-20,2025-02-20 12:10:05,2025-02-20 12:11:29,short,5705.0,5702.5,1.0,25.0,23625.0,WDOStalkerV101-S,tp 5702.000
2025-02-20,2025-02-20 12:48:37,2025-02-20 14:23:43,short,5705.0,5701.5,1.0,35.0,23660.0,WDOStalkerV101-S,tp 5702.000
2025-02-21,2025-02-21 11:02:05,2025-02-21 11:06:29,short,5711.0,5718.0,1.0,-70.0,23590.0,WDOStalkerV101-S,sl 5717.500
2025-02-21,2025-02-21 11:33:59,2025-02-21 11:45:43,short,5709.5,5706.0,1.0,35.0,23625.0,WDOStalkerV101-S,tp 5707.000
2025-02-21,2025-02-21 11:50:16,2025-02-21 11:50:32,short,5709.0,5707.0,1.0,20.0,23645.0,WDOStalkerV101-S,tp 5706.500
2025-02-21,2025-02-21 12:07:40,2025-02-21 12:08:41,short,5708.5,5706.5,1.0,20.0,23665.0,WDOStalkerV101-S,tp 5706.000
2025-02-21,2025-02-21 12:35:16,2025-02-21 12:36:43,short,5706.5,5704.5,1.0,20.0,23685.0,WDOStalkerV101-S,tp 5704.000
2025-02-24,2025-02-24 10:23:43,2025-02-24 10:28:32,long,5727.0,5730.0,1.0,30.0,23715.0,WDOStalkerV101-L,tp 5730.000
2025-02-24,2025-02-24 11:31:43,2025-02-24 11:35:06,long,5732.0,5734.5,1.0,25.0,23740.0,WDOStalkerV101-L,tp 5734.500
2025-02-24,2025-02-24 12:36:05,2025-02-24 12:47:41,long,5734.0,5737.0,1.0,30.0,23770.0,WDOStalkerV101-L,tp 5736.500
2025-02-24,2025-02-24 13:36:29,2025-02-24 13:39:16,long,5737.0,5739.5,1.0,25.0,23795.0,WDOStalkerV101-L,tp 5739.500
2025-02-25,2025-02-25 13:32:32,2025-02-25 13:37:40,short,5775.5,5772.5,1.0,30.0,23825.0,WDOStalkerV101-S,tp 5772.000
2025-02-26,2025-02-26 12:49:32,2025-02-26 12:56:43,long,5788.5,5780.0,1.0,-85.0,23740.0,WDOStalkerV101-L,sl 5780.000
2025-02-27,2025-02-27 11:01:28,2025-02-27 11:04:17,long,5821.5,5824.5,1.0,30.0,23770.0,WDOStalkerV101-L,tp 5824.500
2025-02-27,2025-02-27 12:05:41,2025-02-27 12:07:43,long,5826.0,5829.5,1.0,35.0,23805.0,WDOStalkerV101-L,tp 5829.500
2025-02-27,2025-02-27 14:01:43,2025-02-27 14:33:41,long,5828.5,5832.5,1.0,40.0,23845.0,WDOStalkerV101-L,tp 5832.000
2025-02-28,2025-02-28 10:16:43,2025-02-28 10:20:32,short,5865.0,5862.0,1.0,30.0,23875.0,WDOStalkerV101-S,tp 5861.500
2025-02-28,2025-02-28 13:04:13,2025-02-28 13:09:59,long,5893.0,5897.0,1.0,40.0,23915.0,WDOStalkerV101-L,tp 5897.000
2025-02-28,2025-02-28 14:06:32,2025-02-28 14:44:43,long,5908.5,5913.5,1.0,50.0,23965.0,WDOStalkerV101-L,tp 5913.000
2025-03-06,2025-03-06 10:04:41,2025-03-06 10:16:08,short,5778.0,5775.0,1.0,30.0,23995.0,WDOStalkerV101-S,tp 5774.500
2025-03-06,2025-03-06 10:30:16,2025-03-06 10:39:05,short,5773.0,5770.0,1.0,30.0,24025.0,WDOStalkerV101-S,tp 5769.500
2025-03-06,2025-03-06 11:07:05,2025-03-06 11:08:05,short,5770.5,5767.5,1.0,30.0,24055.0,WDOStalkerV101-S,tp 5767.000
2025-03-06,2025-03-06 11:52:21,2025-03-06 12:05:21,long,5789.0,5778.0,1.0,-110.0,23945.0,WDOStalkerV101-L,sl 5779.000
2025-03-06,2025-03-06 14:03:59,2025-03-06 14:06:00,long,5798.5,5802.5,1.0,40.0,23985.0,WDOStalkerV101-L,tp 5802.500
2025-03-07,2025-03-07 10:30:07,2025-03-07 10:30:13,long,5799.5,5792.5,1.0,-70.0,23915.0,WDOStalkerV101-L,sl 5792.500
2025-03-07,2025-03-07 11:28:43,2025-03-07 11:31:59,long,5802.5,5805.5,1.0,30.0,23945.0,WDOStalkerV101-L,tp 5805.500
2025-03-07,2025-03-07 12:23:43,2025-03-07 12:48:32,long,5804.5,5795.0,1.0,-95.0,23850.0,WDOStalkerV101-L,sl 5795.500
2025-03-07,2025-03-07 14:23:43,2025-03-07 14:30:32,long,5813.0,5816.5,1.0,35.0,23885.0,WDOStalkerV101-L,tp 5816.500
2025-03-10,2025-03-10 11:19:59,2025-03-10 11:21:21,short,5814.0,5812.0,1.0,20.0,23905.0,WDOStalkerV101-S,tp 5811.500
2025-03-10,2025-03-10 11:36:16,2025-03-10 11:37:43,short,5812.5,5810.5,1.0,20.0,23925.0,WDOStalkerV101-S,tp 5810.000
2025-03-10,2025-03-10 12:05:41,2025-03-10 12:06:41,short,5808.5,5806.5,1.0,20.0,23945.0,WDOStalkerV101-S,tp 5806.000
2025-03-11,2025-03-11 10:20:02,2025-03-11 10:24:20,short,5856.5,5865.5,1.0,-90.0,23855.0,WDOStalkerV101-S,sl 5865.000
2025-03-11,2025-03-11 10:54:21,2025-03-11 10:56:30,short,5853.5,5851.0,1.0,25.0,23880.0,WDOStalkerV101-S,tp 5850.500
2025-03-12,2025-03-12 10:15:59,2025-03-12 10:19:17,long,5858.5,5861.5,1.0,30.0,23910.0,WDOStalkerV101-L,tp 5861.500
2025-03-13,2025-03-13 10:17:00,2025-03-13 10:20:23,long,5847.0,5850.0,1.0,30.0,23940.0,WDOStalkerV101-L,tp 5850.000
2025-03-13,2025-03-13 10:27:59,2025-03-13 10:44:05,long,5851.5,5854.5,1.0,30.0,23970.0,WDOStalkerV101-L,tp 5854.500
2025-03-13,2025-03-13 12:37:59,2025-03-13 12:44:05,short,5827.5,5825.0,1.0,25.0,23995.0,WDOStalkerV101-S,tp 5824.500
2025-03-14,2025-03-14 10:14:21,2025-03-14 10:16:47,short,5782.0,5780.0,1.0,20.0,24015.0,WDOStalkerV101-S,tp 5779.500
2025-03-18,2025-03-18 10:07:05,2025-03-18 10:08:21,short,5705.5,5703.5,1.0,20.0,24035.0,WDOStalkerV101-S,tp 5703.000
2025-03-18,2025-03-18 10:28:43,2025-03-18 10:29:05,short,5704.5,5702.0,1.0,25.0,24060.0,WDOStalkerV101-S,tp 5701.500
2025-03-20,2025-03-20 10:36:43,2025-03-20 10:38:17,long,5683.5,5686.0,1.0,25.0,24085.0,WDOStalkerV101-L,tp 5686.000
2025-03-20,2025-03-20 10:42:47,2025-03-20 10:43:43,long,5684.0,5686.5,1.0,25.0,24110.0,WDOStalkerV101-L,tp 5686.500
2025-03-20,2025-03-20 13:26:59,2025-03-20 13:47:32,long,5686.5,5679.0,1.0,-75.0,24035.0,WDOStalkerV101-L,sl 5679.000
2025-03-21,2025-03-21 10:08:43,2025-03-21 10:09:05,long,5724.5,5727.5,1.0,30.0,24065.0,WDOStalkerV101-L,tp 5727.500
2025-03-21,2025-03-21 13:04:10,2025-03-21 13:13:05,long,5732.5,5735.5,1.0,30.0,24095.0,WDOStalkerV101-L,tp 5735.500
2025-03-25,2025-03-25 10:07:05,2025-03-25 10:10:43,short,5738.5,5736.5,1.0,20.0,24115.0,WDOStalkerV101-S,tp 5736.000
2025-03-25,2025-03-25 13:48:43,2025-03-25 13:54:41,short,5704.0,5701.5,1.0,25.0,24140.0,WDOStalkerV101-S,tp 5701.000
2025-03-26,2025-03-26 10:08:16,2025-03-26 10:09:43,long,5728.5,5731.0,1.0,25.0,24165.0,WDOStalkerV101-L,tp 5731.000
2025-03-26,2025-03-26 10:47:21,2025-03-26 10:51:32,long,5731.5,5734.0,1.0,25.0,24190.0,WDOStalkerV101-L,tp 5734.000
2025-03-26,2025-03-26 13:38:29,2025-03-26 14:16:30,long,5739.0,5742.0,1.0,30.0,24220.0,WDOStalkerV101-L,tp 5742.000
2025-03-27,2025-03-27 10:43:21,2025-03-27 10:51:20,long,5763.0,5756.0,1.0,-70.0,24150.0,WDOStalkerV101-L,sl 5756.500
2025-03-28,2025-03-28 11:29:43,2025-03-28 11:44:29,long,5775.5,5766.0,1.0,-95.0,24055.0,WDOStalkerV101-L,sl 5766.000
2025-03-31,2025-03-31 10:00:08,2025-03-31 10:00:16,short,5792.5,5789.5,1.0,30.0,24085.0,WDOStalkerV101-S,tp 5789.500
2025-03-31,2025-03-31 10:38:58,2025-03-31 10:46:05,short,5778.0,5775.5,1.0,25.0,24110.0,WDOStalkerV101-S,tp 5775.000
2025-03-31,2025-03-31 12:07:43,2025-03-31 12:11:32,short,5769.0,5765.0,1.0,40.0,24150.0,WDOStalkerV101-S,tp 5765.000
2025-04-01,2025-04-01 10:11:03,2025-04-01 10:11:59,long,5755.0,5758.0,1.0,30.0,24180.0,WDOStalkerV101-L,tp 5757.500
2025-04-01,2025-04-01 11:34:16,2025-04-01 11:34:41,short,5739.5,5737.0,1.0,25.0,24205.0,WDOStalkerV101-S,tp 5736.500
2025-04-02,2025-04-02 11:55:16,2025-04-02 11:57:32,long,5728.5,5731.5,1.0,30.0,24235.0,WDOStalkerV101-L,tp 5731.500
2025-04-03,2025-04-03 10:48:20,2025-04-03 11:03:17,short,5637.0,5630.5,1.0,65.0,24300.0,WDOStalkerV101-S,tp 5630.000
2025-04-03,2025-04-03 12:10:48,2025-04-03 15:30:21,short,5632.5,5653.5,1.0,-210.0,24090.0,WDOStalkerV101-S,sl 5653.000
2025-04-04,2025-04-04 10:30:08,2025-04-04 10:31:33,long,5768.5,5773.0,1.0,45.0,24135.0,WDOStalkerV101-L,tp 5773.000
2025-04-04,2025-04-04 12:02:14,2025-04-04 12:04:21,long,5817.5,5823.5,1.0,60.0,24195.0,WDOStalkerV101-L,tp 5823.500
2025-04-04,2025-04-04 12:42:32,2025-04-04 12:50:47,long,5818.0,5824.5,1.0,65.0,24260.0,WDOStalkerV101-L,tp 5824.500
2025-04-07,2025-04-07 10:31:19,2025-04-07 10:32:21,long,5916.5,5921.0,1.0,45.0,24305.0,WDOStalkerV101-L,tp 5921.000
2025-04-07,2025-04-07 11:12:09,2025-04-07 11:13:08,short,5865.0,5857.0,1.0,80.0,24385.0,WDOStalkerV101-S,tp 5859.500
2025-04-07,2025-04-07 11:19:16,2025-04-07 11:23:16,short,5863.0,5879.5,1.0,-165.0,24220.0,WDOStalkerV101-S,sl 5878.500
2025-04-07,2025-04-07 14:00:09,2025-04-07 14:02:32,long,5929.0,5937.0,1.0,80.0,24300.0,WDOStalkerV101-L,tp 5937.000
2025-04-08,2025-04-08 10:09:08,2025-04-08 10:18:15,long,5920.5,5909.0,1.0,-115.0,24185.0,WDOStalkerV101-L,sl 5909.000
2025-04-10,2025-04-10 10:30:21,2025-04-10 10:52:21,long,5908.0,5914.0,1.0,60.0,24245.0,WDOStalkerV101-L,tp 5913.500
2025-04-10,2025-04-10 14:02:13,2025-04-10 14:02:59,long,5942.0,5949.5,1.0,75.0,24320.0,WDOStalkerV101-L,tp 5948.000
2025-04-11,2025-04-11 10:39:21,2025-04-11 10:53:02,long,5910.0,5893.5,1.0,-165.0,24155.0,WDOStalkerV101-L,sl 5893.500
2025-04-14,2025-04-14 13:38:43,2025-04-14 14:00:05,long,5874.0,5863.5,1.0,-105.0,24050.0,WDOStalkerV101-L,sl 5863.500
2025-04-15,2025-04-15 10:54:03,2025-04-15 10:54:43,long,5876.5,5879.0,1.0,25.0,24075.0,WDOStalkerV101-L,tp 5879.000
2025-04-15,2025-04-15 11:53:41,2025-04-15 11:54:43,long,5891.0,5895.0,1.0,40.0,24115.0,WDOStalkerV101-L,tp 5894.000
2025-04-15,2025-04-15 12:51:05,2025-04-15 13:04:38,long,5893.5,5897.0,1.0,35.0,24150.0,WDOStalkerV101-L,tp 5897.000
2025-04-17,2025-04-17 10:37:32,2025-04-17 10:41:21,short,5873.0,5870.5,1.0,25.0,24175.0,WDOStalkerV101-S,tp 5870.000
2025-04-17,2025-04-17 11:06:41,2025-04-17 11:08:43,short,5870.0,5867.0,1.0,30.0,24205.0,WDOStalkerV101-S,tp 5867.000
2025-04-22,2025-04-22 10:08:16,2025-04-22 10:09:32,short,5782.5,5780.0,1.0,25.0,24230.0,WDOStalkerV101-S,tp 5779.500
2025-04-22,2025-04-22 11:31:40,2025-04-22 11:37:59,short,5772.5,5770.0,1.0,25.0,24255.0,WDOStalkerV101-S,tp 5769.500
2025-04-23,2025-04-23 12:58:43,2025-04-23 13:26:32,long,5704.5,5708.5,1.0,40.0,24295.0,WDOStalkerV101-L,tp 5708.500
2025-04-24,2025-04-24 10:40:14,2025-04-24 10:42:20,short,5679.5,5688.0,1.0,-85.0,24210.0,WDOStalkerV101-S,sl 5687.500
2025-04-24,2025-04-24 12:58:32,2025-04-24 13:01:05,short,5678.5,5675.5,1.0,30.0,24240.0,WDOStalkerV101-S,tp 5675.000
2025-04-25,2025-04-25 11:01:43,2025-04-25 11:05:43,short,5689.0,5686.5,1.0,25.0,24265.0,WDOStalkerV101-S,tp 5686.000
2025-04-25,2025-04-25 12:05:05,2025-04-25 12:38:41,short,5688.0,5685.5,1.0,25.0,24290.0,WDOStalkerV101-S,tp 5685.000
2025-04-28,2025-04-28 10:24:06,2025-04-28 10:24:59,short,5673.5,5671.0,1.0,25.0,24315.0,WDOStalkerV101-S,tp 5671.000
2025-04-28,2025-04-28 11:16:05,2025-04-28 11:18:43,short,5663.0,5661.0,1.0,20.0,24335.0,WDOStalkerV101-S,tp 5660.500
2025-04-29,2025-04-29 12:34:05,2025-04-29 13:18:43,short,5631.5,5629.0,1.0,25.0,24360.0,WDOStalkerV101-S,tp 5628.500
2025-04-30,2025-04-30 10:43:29,2025-04-30 10:45:41,long,5699.5,5703.0,1.0,35.0,24395.0,WDOStalkerV101-L,tp 5703.000
2025-05-02,2025-05-02 10:18:40,2025-05-02 10:20:15,short,5683.0,5680.5,1.0,25.0,24420.0,WDOStalkerV101-S,tp 5680.000
2025-05-02,2025-05-02 11:04:20,2025-05-02 11:22:42,short,5677.0,5674.5,1.0,25.0,24445.0,WDOStalkerV101-S,tp 5674.000
2025-05-06,2025-05-06 11:10:21,2025-05-06 11:24:17,long,5760.5,5763.0,1.0,25.0,24470.0,WDOStalkerV101-L,tp 5763.000
2025-05-07,2025-05-07 10:25:05,2025-05-07 10:26:43,long,5761.5,5764.0,1.0,25.0,24495.0,WDOStalkerV101-L,tp 5764.000
2025-05-07,2025-05-07 11:03:19,2025-05-07 11:08:43,long,5764.0,5767.0,1.0,30.0,24525.0,WDOStalkerV101-L,tp 5766.500
2025-05-07,2025-05-07 12:03:59,2025-05-07 12:08:00,long,5764.5,5767.5,1.0,30.0,24555.0,WDOStalkerV101-L,tp 5767.500
2025-05-07,2025-05-07 14:12:05,2025-05-07 14:19:41,long,5769.0,5772.0,1.0,30.0,24585.0,WDOStalkerV101-L,tp 5772.000
2025-05-08,2025-05-08 13:10:29,2025-05-08 13:32:00,short,5714.5,5711.5,1.0,30.0,24615.0,WDOStalkerV101-S,tp 5711.000
2025-05-09,2025-05-09 12:10:05,2025-05-09 12:16:21,short,5677.0,5685.5,1.0,-85.0,24530.0,WDOStalkerV101-S,sl 5685.000
2025-05-09,2025-05-09 12:36:41,2025-05-09 14:22:19,short,5674.5,5683.5,1.0,-90.0,24440.0,WDOStalkerV101-S,sl 5683.000
2025-05-12,2025-05-12 10:47:29,2025-05-12 10:54:08,short,5696.5,5705.0,1.0,-85.0,24355.0,WDOStalkerV101-S,sl 5704.500
2025-05-13,2025-05-13 10:19:00,2025-05-13 10:22:10,short,5667.0,5665.0,1.0,20.0,24375.0,WDOStalkerV101-S,tp 5664.500
2025-05-13,2025-05-13 11:00:00,2025-05-13 11:00:02,short,5659.5,5657.5,1.0,20.0,24395.0,WDOStalkerV101-S,tp 5657.000
2025-05-14,2025-05-14 11:49:41,2025-05-14 11:51:48,long,5631.0,5634.0,1.0,30.0,24425.0,WDOStalkerV101-L,tp 5634.000
2025-05-14,2025-05-14 12:24:41,2025-05-14 12:41:43,long,5633.5,5636.5,1.0,30.0,24455.0,WDOStalkerV101-L,tp 5636.500
2025-05-15,2025-05-15 12:42:17,2025-05-15 12:50:41,long,5664.0,5666.5,1.0,25.0,24480.0,WDOStalkerV101-L,tp 5666.500
2025-05-16,2025-05-16 10:09:05,2025-05-16 10:58:43,long,5722.0,5711.0,1.0,-110.0,24370.0,WDOStalkerV101-L,sl 5711.500
2025-05-19,2025-05-19 14:19:21,2025-05-19 15:54:05,short,5664.5,5662.0,1.0,25.0,24395.0,WDOStalkerV101-S,tp 5661.500
2025-05-20,2025-05-20 10:29:05,2025-05-20 10:29:32,long,5675.0,5677.5,1.0,25.0,24420.0,WDOStalkerV101-L,tp 5677.500
2025-05-20,2025-05-20 10:34:13,2025-05-20 10:37:32,long,5676.5,5679.0,1.0,25.0,24445.0,WDOStalkerV101-L,tp 5679.000
2025-05-20,2025-05-20 11:27:43,2025-05-20 11:29:35,long,5679.5,5682.5,1.0,30.0,24475.0,WDOStalkerV101-L,tp 5682.500
2025-05-22,2025-05-22 10:20:02,2025-05-22 10:21:30,short,5663.5,5661.5,1.0,20.0,24495.0,WDOStalkerV101-S,tp 5661.000
2025-05-22,2025-05-22 10:50:08,2025-05-22 10:51:32,short,5659.0,5657.0,1.0,20.0,24515.0,WDOStalkerV101-S,tp 5656.500
2025-05-22,2025-05-22 11:28:05,2025-05-22 11:40:23,short,5656.5,5654.0,1.0,25.0,24540.0,WDOStalkerV101-S,tp 5653.500
2025-05-22,2025-05-22 14:13:05,2025-05-22 14:17:05,short,5641.0,5638.0,1.0,30.0,24570.0,WDOStalkerV101-S,tp 5637.500
2025-05-23,2025-05-23 10:28:21,2025-05-23 10:58:32,long,5737.0,5714.5,1.0,-225.0,24345.0,WDOStalkerV101-L,sl 5715.000
2025-05-26,2025-05-26 10:24:32,2025-05-26 10:30:43,long,5665.5,5668.0,1.0,25.0,24370.0,WDOStalkerV101-L,tp 5668.000
2025-05-26,2025-05-26 12:07:05,2025-05-26 12:09:35,long,5669.0,5672.0,1.0,30.0,24400.0,WDOStalkerV101-L,tp 5672.000
2025-05-26,2025-05-26 14:02:59,2025-05-26 14:08:16,long,5672.0,5675.0,1.0,30.0,24430.0,WDOStalkerV101-L,tp 5675.000
2025-05-28,2025-05-28 10:34:16,2025-05-28 10:42:43,long,5679.5,5682.0,1.0,25.0,24455.0,WDOStalkerV101-L,tp 5682.000
2025-05-28,2025-05-28 14:14:56,2025-05-28 14:27:41,long,5702.0,5692.5,1.0,-95.0,24360.0,WDOStalkerV101-L,sl 5693.000
2025-05-29,2025-05-29 10:27:21,2025-05-29 10:27:59,short,5672.5,5670.5,1.0,20.0,24380.0,WDOStalkerV101-S,tp 5670.000
2025-05-29,2025-05-29 14:09:05,2025-05-29 14:11:29,short,5660.5,5658.0,1.0,25.0,24405.0,WDOStalkerV101-S,tp 5657.500
2025-05-30,2025-05-30 10:14:21,2025-05-30 10:16:30,long,5721.5,5725.0,1.0,35.0,24440.0,WDOStalkerV101-L,tp 5725.000
2025-05-30,2025-05-30 12:05:02,2025-05-30 12:46:21,long,5757.0,5761.0,1.0,40.0,24480.0,WDOStalkerV101-L,tp 5761.000
2025-06-02,2025-06-02 10:02:08,2025-06-02 10:09:41,short,5720.5,5717.5,1.0,30.0,24510.0,WDOStalkerV101-S,tp 5717.500
2025-06-02,2025-06-02 10:32:35,2025-06-02 10:53:20,short,5712.5,5722.5,1.0,-100.0,24410.0,WDOStalkerV101-S,sl 5722.000
2025-06-04,2025-06-04 12:36:41,2025-06-04 12:45:17,long,5668.0,5671.0,1.0,30.0,24440.0,WDOStalkerV101-L,tp 5671.000
2025-06-05,2025-06-05 10:54:43,2025-06-05 10:55:05,short,5631.5,5629.5,1.0,20.0,24460.0,WDOStalkerV101-S,tp 5629.000
2025-06-06,2025-06-06 12:38:59,2025-06-06 12:41:16,long,5628.0,5631.5,1.0,35.0,24495.0,WDOStalkerV101-L,tp 5631.500
2025-06-09,2025-06-09 10:37:21,2025-06-09 10:39:41,long,5613.0,5616.0,1.0,30.0,24525.0,WDOStalkerV101-L,tp 5616.000
2025-06-10,2025-06-10 10:36:43,2025-06-10 10:45:58,short,5574.5,5581.0,1.0,-65.0,24460.0,WDOStalkerV101-S,sl 5580.500
2025-06-10,2025-06-10 11:20:23,2025-06-10 11:22:05,short,5570.0,5568.0,1.0,20.0,24480.0,WDOStalkerV101-S,tp 5567.500
2025-06-10,2025-06-10 13:43:29,2025-06-10 14:21:05,long,5589.0,5592.0,1.0,30.0,24510.0,WDOStalkerV101-L,tp 5592.000
2025-06-12,2025-06-12 11:55:00,2025-06-12 11:56:10,long,5569.0,5573.5,1.0,45.0,24555.0,WDOStalkerV101-L,tp 5573.000
2025-06-13,2025-06-13 10:11:20,2025-06-13 10:13:32,long,5603.0,5605.5,1.0,25.0,24580.0,WDOStalkerV101-L,tp 5605.500
2025-06-13,2025-06-13 12:03:43,2025-06-13 12:05:43,short,5575.5,5573.0,1.0,25.0,24605.0,WDOStalkerV101-S,tp 5572.500
2025-06-13,2025-06-13 13:05:41,2025-06-13 13:15:48,short,5569.0,5566.5,1.0,25.0,24630.0,WDOStalkerV101-S,tp 5566.000
2025-06-16,2025-06-16 11:15:05,2025-06-16 11:15:59,short,5525.5,5523.0,1.0,25.0,24655.0,WDOStalkerV101-S,tp 5522.500
2025-06-16,2025-06-16 12:04:32,2025-06-16 12:13:14,short,5523.0,5531.5,1.0,-85.0,24570.0,WDOStalkerV101-S,sl 5531.000
2025-06-17,2025-06-17 11:16:17,2025-06-17 11:17:47,short,5490.0,5488.0,1.0,20.0,24590.0,WDOStalkerV101-S,tp 5487.500
2025-06-23,2025-06-23 10:01:32,2025-06-23 10:04:20,short,5534.0,5532.0,1.0,20.0,24610.0,WDOStalkerV101-S,tp 5531.500
2025-06-23,2025-06-23 10:29:21,2025-06-23 10:40:21,short,5528.0,5525.5,1.0,25.0,24635.0,WDOStalkerV101-S,tp 5525.500
2025-06-23,2025-06-23 11:39:10,2025-06-23 11:45:43,short,5526.5,5524.0,1.0,25.0,24660.0,WDOStalkerV101-S,tp 5523.500
2025-06-23,2025-06-23 12:42:43,2025-06-23 13:02:43,short,5517.0,5527.0,1.0,-100.0,24560.0,WDOStalkerV101-S,sl 5526.500
2025-06-24,2025-06-24 14:23:17,2025-06-24 14:56:43,long,5507.5,5511.0,1.0,35.0,24595.0,WDOStalkerV101-L,tp 5510.500
2025-06-25,2025-06-25 12:32:41,2025-06-25 13:03:43,long,5563.0,5553.5,1.0,-95.0,24500.0,WDOStalkerV101-L,sl 5554.000
2025-06-27,2025-06-27 11:38:43,2025-06-27 12:04:27,long,5495.0,5483.0,1.0,-120.0,24380.0,WDOStalkerV101-L,sl 5483.000
2025-06-30,2025-06-30 10:09:40,2025-06-30 10:11:05,short,5517.5,5514.0,1.0,35.0,24415.0,WDOStalkerV101-S,tp 5514.000
2025-06-30,2025-06-30 10:29:41,2025-06-30 10:37:43,short,5515.5,5526.5,1.0,-110.0,24305.0,WDOStalkerV101-S,sl 5525.000
2025-07-01,2025-07-01 10:08:16,2025-07-01 10:10:16,long,5475.5,5477.5,1.0,20.0,24325.0,WDOStalkerV101-L,tp 5477.500
2025-07-01,2025-07-01 10:50:05,2025-07-01 10:50:43,long,5485.5,5488.0,1.0,25.0,24350.0,WDOStalkerV101-L,tp 5487.500
2025-07-01,2025-07-01 11:49:41,2025-07-01 11:51:05,long,5488.0,5490.5,1.0,25.0,24375.0,WDOStalkerV101-L,tp 5490.500
2025-07-01,2025-07-01 13:28:05,2025-07-01 14:10:43,long,5496.0,5498.5,1.0,25.0,24400.0,WDOStalkerV101-L,tp 5498.500
2025-07-03,2025-07-03 10:19:29,2025-07-03 10:20:43,short,5463.0,5460.5,1.0,25.0,24425.0,WDOStalkerV101-S,tp 5461.000
2025-07-03,2025-07-03 10:59:39,2025-07-03 11:00:17,short,5450.5,5448.5,1.0,20.0,24445.0,WDOStalkerV101-S,tp 5448.000
2025-07-04,2025-07-04 10:25:08,2025-07-04 10:29:41,short,5446.5,5445.5,1.0,10.0,24455.0,WDOStalkerV101-S,tp 5445.000
2025-07-04,2025-07-04 10:58:59,2025-07-04 11:02:32,short,5443.0,5441.5,1.0,15.0,24470.0,WDOStalkerV101-S,tp 5441.000
2025-07-07,2025-07-07 10:22:32,2025-07-07 10:26:47,long,5486.0,5488.0,1.0,20.0,24490.0,WDOStalkerV101-L,tp 5488.000
2025-07-07,2025-07-07 11:52:08,2025-07-07 12:05:41,long,5494.0,5496.5,1.0,25.0,24515.0,WDOStalkerV101-L,tp 5496.500
2025-07-07,2025-07-07 13:14:23,2025-07-07 13:20:05,long,5495.5,5498.5,1.0,30.0,24545.0,WDOStalkerV101-L,tp 5498.500
2025-07-08,2025-07-08 10:14:43,2025-07-08 10:25:32,short,5487.5,5494.0,1.0,-65.0,24480.0,WDOStalkerV101-S,sl 5493.500
2025-07-10,2025-07-10 10:06:14,2025-07-10 10:14:59,short,5587.5,5579.5,1.0,80.0,24560.0,WDOStalkerV101-S,tp 5579.500
2025-07-10,2025-07-10 11:00:16,2025-07-10 11:11:15,short,5579.5,5571.5,1.0,80.0,24640.0,WDOStalkerV101-S,tp 5571.000
2025-07-11,2025-07-11 10:43:43,2025-07-11 10:45:59,long,5600.5,5603.5,1.0,30.0,24670.0,WDOStalkerV101-L,tp 5603.500
2025-07-11,2025-07-11 11:00:43,2025-07-11 11:01:10,long,5608.5,5612.0,1.0,35.0,24705.0,WDOStalkerV101-L,tp 5612.000
2025-07-14,2025-07-14 10:08:32,2025-07-14 10:09:43,short,5576.5,5574.5,1.0,20.0,24725.0,WDOStalkerV101-S,tp 5574.000
2025-07-15,2025-07-15 10:19:29,2025-07-15 10:23:32,short,5573.0,5570.5,1.0,25.0,24750.0,WDOStalkerV101-S,tp 5570.000
2025-07-15,2025-07-15 14:07:43,2025-07-15 14:08:08,long,5609.5,5596.0,1.0,-135.0,24615.0,WDOStalkerV101-L,sl 5597.000
2025-07-16,2025-07-16 10:14:02,2025-07-16 10:21:43,long,5597.0,5600.5,1.0,35.0,24650.0,WDOStalkerV101-L,tp 5600.000
2025-07-16,2025-07-16 10:57:43,2025-07-16 11:15:32,long,5604.5,5596.5,1.0,-80.0,24570.0,WDOStalkerV101-L,sl 5596.500
2025-07-17,2025-07-17 10:12:17,2025-07-17 10:14:59,short,5604.5,5602.0,1.0,25.0,24595.0,WDOStalkerV101-S,tp 5601.500
2025-07-17,2025-07-17 10:51:21,2025-07-17 10:52:29,short,5603.5,5601.0,1.0,25.0,24620.0,WDOStalkerV101-S,tp 5600.500
2025-07-17,2025-07-17 13:04:17,2025-07-17 13:10:39,short,5589.0,5586.0,1.0,30.0,24650.0,WDOStalkerV101-S,tp 5585.500
2025-07-18,2025-07-18 10:09:00,2025-07-18 10:09:21,short,5565.5,5563.0,1.0,25.0,24675.0,WDOStalkerV101-S,tp 5562.500
2025-07-18,2025-07-18 10:31:15,2025-07-18 10:34:43,short,5556.0,5553.5,1.0,25.0,24700.0,WDOStalkerV101-S,tp 5553.500
2025-07-18,2025-07-18 11:17:07,2025-07-18 11:27:16,short,5551.0,5559.0,1.0,-80.0,24620.0,WDOStalkerV101-S,sl 5558.500
2025-07-21,2025-07-21 10:30:41,2025-07-21 10:35:17,short,5584.0,5582.0,1.0,20.0,24640.0,WDOStalkerV101-S,tp 5581.500
2025-07-22,2025-07-22 11:16:16,2025-07-22 11:19:32,long,5596.0,5598.5,1.0,25.0,24665.0,WDOStalkerV101-L,tp 5598.500
2025-07-22,2025-07-22 13:56:41,2025-07-22 14:28:41,short,5574.5,5584.0,1.0,-95.0,24570.0,WDOStalkerV101-S,sl 5583.000
2025-07-24,2025-07-24 10:04:43,2025-07-24 10:04:59,short,5532.0,5530.5,1.0,15.0,24585.0,WDOStalkerV101-S,tp 5530.000
2025-07-25,2025-07-25 10:16:16,2025-07-25 10:18:41,long,5547.5,5540.5,1.0,-70.0,24515.0,WDOStalkerV101-L,sl 5541.000
2025-07-25,2025-07-25 12:49:32,2025-07-25 12:57:38,long,5568.0,5571.0,1.0,30.0,24545.0,WDOStalkerV101-L,tp 5571.000
2025-07-28,2025-07-28 10:05:41,2025-07-28 10:05:47,short,5580.0,5578.5,1.0,15.0,24560.0,WDOStalkerV101-S,tp 5578.000
2025-07-28,2025-07-28 10:52:02,2025-07-28 10:52:59,long,5602.0,5605.0,1.0,30.0,24590.0,WDOStalkerV101-L,tp 5604.500
2025-07-29,2025-07-29 10:11:17,2025-07-29 10:11:59,short,5590.5,5589.0,1.0,15.0,24605.0,WDOStalkerV101-S,tp 5588.500
2025-07-29,2025-07-29 11:26:01,2025-07-29 11:26:21,short,5581.5,5579.5,1.0,20.0,24625.0,WDOStalkerV101-S,tp 5579.000
2025-07-30,2025-07-30 10:34:20,2025-07-30 10:38:14,long,5595.0,5597.0,1.0,20.0,24645.0,WDOStalkerV101-L,tp 5597.000
2025-07-30,2025-07-30 10:56:32,2025-07-30 10:58:05,long,5599.5,5601.5,1.0,20.0,24665.0,WDOStalkerV101-L,tp 5601.500
2025-07-30,2025-07-30 11:32:47,2025-07-30 11:35:43,long,5607.0,5610.0,1.0,30.0,24695.0,WDOStalkerV101-L,tp 5609.500
2025-07-30,2025-07-30 13:43:12,2025-07-30 13:44:01,long,5619.0,5610.5,1.0,-85.0,24610.0,WDOStalkerV101-L,sl 5610.500
2025-07-31,2025-07-31 11:12:59,2025-07-31 11:28:29,long,5651.0,5634.5,1.0,-165.0,24445.0,WDOStalkerV101-L,sl 5634.500
2025-08-01,2025-08-01 10:46:16,2025-08-01 10:48:41,short,5593.5,5590.0,1.0,35.0,24480.0,WDOStalkerV101-S,tp 5590.000
2025-08-04,2025-08-04 10:07:41,2025-08-04 10:10:59,short,5559.5,5557.0,1.0,25.0,24505.0,WDOStalkerV101-S,tp 5556.500
2025-08-04,2025-08-04 11:55:21,2025-08-04 12:53:21,short,5546.5,5543.0,1.0,35.0,24540.0,WDOStalkerV101-S,tp 5543.500
2025-08-05,2025-08-05 10:55:43,2025-08-05 10:58:16,short,5544.5,5542.0,1.0,25.0,24565.0,WDOStalkerV101-S,tp 5542.000
2025-08-07,2025-08-07 10:09:59,2025-08-07 10:31:14,short,5489.5,5488.0,1.0,15.0,24580.0,WDOStalkerV101-S,tp 5487.500
2025-08-07,2025-08-07 10:36:59,2025-08-07 10:42:59,short,5489.0,5495.0,1.0,-60.0,24520.0,WDOStalkerV101-S,sl 5494.500
2025-08-07,2025-08-07 11:15:43,2025-08-07 11:17:05,long,5501.5,5503.5,1.0,20.0,24540.0,WDOStalkerV101-L,tp 5503.500
2025-08-07,2025-08-07 12:17:41,2025-08-07 12:26:05,long,5503.0,5505.5,1.0,25.0,24565.0,WDOStalkerV101-L,tp 5505.500
2025-08-08,2025-08-08 10:42:32,2025-08-08 10:56:43,short,5451.0,5459.0,1.0,-80.0,24485.0,WDOStalkerV101-S,sl 5458.000
2025-08-11,2025-08-11 11:53:29,2025-08-11 12:08:21,long,5481.0,5483.5,1.0,25.0,24510.0,WDOStalkerV101-L,tp 5483.500
2025-08-11,2025-08-11 12:24:32,2025-08-11 12:34:47,long,5481.5,5475.0,1.0,-65.0,24445.0,WDOStalkerV101-L,sl 5475.000
2025-08-12,2025-08-12 10:14:21,2025-08-12 10:14:24,short,5440.5,5439.0,1.0,15.0,24460.0,WDOStalkerV101-S,tp 5438.500
2025-08-13,2025-08-13 10:28:21,2025-08-13 10:38:43,long,5421.5,5424.0,1.0,25.0,24485.0,WDOStalkerV101-L,tp 5424.000
2025-08-13,2025-08-13 12:47:59,2025-08-13 12:53:21,long,5423.0,5425.5,1.0,25.0,24510.0,WDOStalkerV101-L,tp 5425.500
2025-08-13,2025-08-13 13:05:32,2025-08-13 14:01:19,long,5427.5,5420.0,1.0,-75.0,24435.0,WDOStalkerV101-L,sl 5420.000
2025-08-14,2025-08-14 11:11:32,2025-08-14 11:15:16,long,5439.5,5434.0,1.0,-55.0,24380.0,WDOStalkerV101-L,sl 5434.000
2025-08-14,2025-08-14 14:05:05,2025-08-14 14:06:05,long,5440.5,5443.5,1.0,30.0,24410.0,WDOStalkerV101-L,tp 5443.500
2025-08-15,2025-08-15 10:18:58,2025-08-15 10:21:05,short,5411.5,5410.0,1.0,15.0,24425.0,WDOStalkerV101-S,tp 5409.500
2025-08-18,2025-08-18 11:51:00,2025-08-18 12:48:43,long,5436.5,5438.5,1.0,20.0,24445.0,WDOStalkerV101-L,tp 5438.500
2025-08-18,2025-08-18 14:27:32,2025-08-18 15:01:41,long,5450.0,5452.5,1.0,25.0,24470.0,WDOStalkerV101-L,tp 5452.000
2025-08-19,2025-08-19 10:49:19,2025-08-19 10:56:43,long,5491.5,5493.5,1.0,20.0,24490.0,WDOStalkerV101-L,tp 5493.500
2025-08-21,2025-08-21 10:04:16,2025-08-21 10:06:05,short,5496.0,5494.5,1.0,15.0,24505.0,WDOStalkerV101-S,tp 5494.000
2025-08-21,2025-08-21 10:09:16,2025-08-21 10:14:43,short,5495.0,5493.0,1.0,20.0,24525.0,WDOStalkerV101-S,tp 5493.000
2025-08-21,2025-08-21 10:24:16,2025-08-21 10:24:40,short,5491.5,5490.0,1.0,15.0,24540.0,WDOStalkerV101-S,tp 5489.500
2025-08-21,2025-08-21 10:40:16,2025-08-21 10:42:59,short,5487.5,5486.0,1.0,15.0,24555.0,WDOStalkerV101-S,tp 5485.500
2025-08-22,2025-08-22 11:00:00,2025-08-22 11:00:00,long,5484.5,5477.0,1.0,-75.0,24480.0,WDOStalkerV101-L,sl 5479.500
2025-08-22,2025-08-22 11:01:01,2025-08-22 11:01:02,short,5458.0,5456.0,1.0,20.0,24500.0,WDOStalkerV101-S,tp 5455.500
2025-08-22,2025-08-22 11:02:21,2025-08-22 11:02:24,short,5454.5,5452.5,1.0,20.0,24520.0,WDOStalkerV101-S,tp 5452.000
2025-08-22,2025-08-22 11:23:41,2025-08-22 11:24:40,short,5450.5,5448.5,1.0,20.0,24540.0,WDOStalkerV101-S,tp 5448.000
2025-08-25,2025-08-25 10:01:00,2025-08-25 10:01:05,short,5434.5,5433.5,1.0,10.0,24550.0,WDOStalkerV101-S,tp 5433.000
2025-08-25,2025-08-25 10:52:43,2025-08-25 10:53:00,short,5434.0,5433.0,1.0,10.0,24560.0,WDOStalkerV101-S,tp 5432.500
2025-08-25,2025-08-25 12:09:43,2025-08-25 12:11:32,short,5419.5,5418.0,1.0,15.0,24575.0,WDOStalkerV101-S,tp 5417.500
2025-08-26,2025-08-26 10:45:59,2025-08-26 10:47:40,long,5420.5,5422.0,1.0,15.0,24590.0,WDOStalkerV101-L,tp 5422.000
2025-08-27,2025-08-27 11:52:43,2025-08-27 11:55:16,long,5455.0,5449.0,1.0,-60.0,24530.0,WDOStalkerV101-L,sl 5449.000
2025-08-28,2025-08-28 10:11:58,2025-08-28 10:19:32,long,5418.0,5419.5,1.0,15.0,24545.0,WDOStalkerV101-L,tp 5419.500
2025-08-28,2025-08-28 10:46:21,2025-08-28 10:49:47,long,5427.0,5422.0,1.0,-50.0,24495.0,WDOStalkerV101-L,sl 5422.000
2025-08-29,2025-08-29 11:02:29,2025-08-29 11:07:08,short,5460.0,5469.5,1.0,-95.0,24400.0,WDOStalkerV101-S,sl 5469.000
2025-09-01,2025-09-01 10:25:41,2025-09-01 10:34:05,long,5470.5,5466.0,1.0,-45.0,24355.0,WDOStalkerV101-L,sl 5466.000
2025-09-01,2025-09-01 12:28:35,2025-09-01 12:34:32,long,5480.5,5482.5,1.0,20.0,24375.0,WDOStalkerV101-L,tp 5482.500
2025-09-02,2025-09-02 12:16:20,2025-09-02 12:18:43,short,5503.5,5500.5,1.0,30.0,24405.0,WDOStalkerV101-S,tp 5500.500
2025-09-03,2025-09-03 13:39:29,2025-09-03 13:41:41,long,5495.5,5498.0,1.0,25.0,24430.0,WDOStalkerV101-L,tp 5498.000
2025-09-04,2025-09-04 12:20:56,2025-09-04 12:41:32,long,5497.0,5499.0,1.0,20.0,24450.0,WDOStalkerV101-L,tp 5499.000
2025-09-05,2025-09-05 11:19:05,2025-09-05 11:19:32,short,5429.5,5427.5,1.0,20.0,24470.0,WDOStalkerV101-S,tp 5427.000
2025-09-08,2025-09-08 10:25:59,2025-09-08 10:26:59,long,5446.0,5448.5,1.0,25.0,24495.0,WDOStalkerV101-L,tp 5447.500
2025-09-08,2025-09-08 12:05:56,2025-09-08 12:08:43,long,5467.0,5461.0,1.0,-60.0,24435.0,WDOStalkerV101-L,sl 5461.500
2025-09-09,2025-09-09 10:13:43,2025-09-09 10:27:41,long,5462.0,5457.5,1.0,-45.0,24390.0,WDOStalkerV101-L,sl 5458.000
2025-09-09,2025-09-09 10:55:29,2025-09-09 10:57:41,short,5451.5,5450.5,1.0,10.0,24400.0,WDOStalkerV101-S,tp 5450.000
2025-09-09,2025-09-09 11:01:40,2025-09-09 11:02:21,short,5447.5,5452.5,1.0,-50.0,24350.0,WDOStalkerV101-S,sl 5452.000
2025-09-09,2025-09-09 13:33:32,2025-09-09 13:50:21,long,5461.0,5463.0,1.0,20.0,24370.0,WDOStalkerV101-L,tp 5463.000
2025-09-11,2025-09-11 10:33:08,2025-09-11 10:33:15,short,5425.0,5423.5,1.0,15.0,24385.0,WDOStalkerV101-S,tp 5423.000
2025-09-15,2025-09-15 10:07:21,2025-09-15 10:08:39,short,5349.0,5347.5,1.0,15.0,24400.0,WDOStalkerV101-S,tp 5347.000
2025-09-16,2025-09-16 11:06:43,2025-09-16 11:09:59,long,5334.0,5336.5,1.0,25.0,24425.0,WDOStalkerV101-L,tp 5336.000
2025-09-17,2025-09-17 13:00:59,2025-09-17 13:08:17,long,5321.5,5323.0,1.0,15.0,24440.0,WDOStalkerV101-L,tp 5323.000
2025-09-17,2025-09-17 13:59:59,2025-09-17 14:18:32,long,5323.0,5324.5,1.0,15.0,24455.0,WDOStalkerV101-L,tp 5324.500
2025-09-18,2025-09-18 10:16:16,2025-09-18 10:19:16,long,5309.5,5313.0,1.0,35.0,24490.0,WDOStalkerV101-L,tp 5313.000
2025-09-18,2025-09-18 11:02:41,2025-09-18 11:06:21,long,5318.0,5307.5,1.0,-105.0,24385.0,WDOStalkerV101-L,sl 5308.500
2025-09-22,2025-09-22 10:24:48,2025-09-22 10:30:00,long,5351.5,5346.5,1.0,-50.0,24335.0,WDOStalkerV101-L,sl 5346.500
2025-09-22,2025-09-22 11:20:41,2025-09-22 11:21:29,long,5362.0,5364.0,1.0,20.0,24355.0,WDOStalkerV101-L,tp 5364.000
2025-09-23,2025-09-23 10:20:28,2025-09-23 10:31:16,short,5336.0,5335.0,1.0,10.0,24365.0,WDOStalkerV101-S,tp 5334.500
2025-09-23,2025-09-23 12:06:43,2025-09-23 12:07:43,short,5304.0,5302.0,1.0,20.0,24385.0,WDOStalkerV101-S,tp 5301.500
2025-09-24,2025-09-24 11:28:00,2025-09-24 11:29:21,long,5318.0,5313.0,1.0,-50.0,24335.0,WDOStalkerV101-L,sl 5313.000
2025-09-25,2025-09-25 11:31:47,2025-09-25 11:39:47,long,5347.5,5350.5,1.0,30.0,24365.0,WDOStalkerV101-L,tp 5350.500
2025-09-25,2025-09-25 13:29:43,2025-09-25 13:47:56,long,5349.0,5352.5,1.0,35.0,24400.0,WDOStalkerV101-L,tp 5352.500
2025-09-26,2025-09-26 10:17:21,2025-09-26 10:20:32,short,5347.5,5346.0,1.0,15.0,24415.0,WDOStalkerV101-S,tp 5345.500
2025-09-29,2025-09-29 10:51:08,2025-09-29 11:20:16,short,5316.5,5323.0,1.0,-65.0,24350.0,WDOStalkerV101-S,sl 5322.500
2025-09-30,2025-09-30 12:02:20,2025-09-30 12:10:47,long,5365.0,5367.5,1.0,25.0,24375.0,WDOStalkerV101-L,tp 5367.500
2025-09-30,2025-09-30 13:01:32,2025-09-30 13:54:41,long,5368.5,5360.5,1.0,-80.0,24295.0,WDOStalkerV101-L,sl 5360.500
2025-10-01,2025-10-01 10:05:16,2025-10-01 10:05:43,long,5351.5,5354.0,1.0,25.0,24320.0,WDOStalkerV101-L,tp 5353.500
2025-10-01,2025-10-01 11:51:05,2025-10-01 11:52:43,long,5358.5,5361.0,1.0,25.0,24345.0,WDOStalkerV101-L,tp 5361.000
2025-10-02,2025-10-02 10:48:57,2025-10-02 10:50:35,long,5369.0,5371.0,1.0,20.0,24365.0,WDOStalkerV101-L,tp 5371.000
2025-10-02,2025-10-02 13:16:16,2025-10-02 13:34:59,long,5396.5,5388.5,1.0,-80.0,24285.0,WDOStalkerV101-L,sl 5388.500
2025-10-03,2025-10-03 11:06:21,2025-10-03 11:08:32,long,5385.0,5387.5,1.0,25.0,24310.0,WDOStalkerV101-L,tp 5387.000
2025-10-03,2025-10-03 12:26:00,2025-10-03 12:36:43,long,5389.5,5383.0,1.0,-65.0,24245.0,WDOStalkerV101-L,sl 5383.500
2025-10-06,2025-10-06 10:32:06,2025-10-06 10:32:35,short,5361.5,5360.0,1.0,15.0,24260.0,WDOStalkerV101-S,tp 5359.500
2025-10-06,2025-10-06 11:04:43,2025-10-06 11:09:59,short,5358.0,5356.5,1.0,15.0,24275.0,WDOStalkerV101-S,tp 5356.000
2025-10-09,2025-10-09 10:30:35,2025-10-09 10:36:41,long,5372.0,5374.5,1.0,25.0,24300.0,WDOStalkerV101-L,tp 5374.000
2025-10-10,2025-10-10 10:59:10,2025-10-10 11:00:10,long,5489.0,5477.5,1.0,-115.0,24185.0,WDOStalkerV101-L,sl 5479.000
2025-10-14,2025-10-14 10:55:10,2025-10-14 11:17:39,long,5534.0,5525.5,1.0,-85.0,24100.0,WDOStalkerV101-L,sl 5525.500
2025-10-14,2025-10-14 13:12:43,2025-10-14 13:17:00,short,5511.0,5507.5,1.0,35.0,24135.0,WDOStalkerV101-S,tp 5507.000
2025-10-16,2025-10-16 11:00:17,2025-10-16 11:01:00,short,5460.0,5458.5,1.0,15.0,24150.0,WDOStalkerV101-S,tp 5458.000
2025-10-16,2025-10-16 11:25:32,2025-10-16 11:27:43,short,5453.5,5452.0,1.0,15.0,24165.0,WDOStalkerV101-S,tp 5451.500
2025-10-16,2025-10-16 12:25:59,2025-10-16 12:38:59,short,5450.0,5457.0,1.0,-70.0,24095.0,WDOStalkerV101-S,sl 5456.500
2025-10-16,2025-10-16 13:55:08,2025-10-16 14:00:05,long,5470.0,5463.0,1.0,-70.0,24025.0,WDOStalkerV101-L,sl 5463.000
2025-10-17,2025-10-17 10:10:05,2025-10-17 10:12:59,long,5469.5,5472.0,1.0,25.0,24050.0,WDOStalkerV101-L,tp 5471.500
2025-10-17,2025-10-17 10:26:43,2025-10-17 10:27:38,long,5472.0,5474.0,1.0,20.0,24070.0,WDOStalkerV101-L,tp 5474.000
2025-10-17,2025-10-17 11:57:43,2025-10-17 12:00:32,short,5450.0,5448.0,1.0,20.0,24090.0,WDOStalkerV101-S,tp 5447.500
2025-10-20,2025-10-20 10:56:41,2025-10-20 10:57:21,short,5397.5,5396.5,1.0,10.0,24100.0,WDOStalkerV101-S,tp 5396.000
2025-10-20,2025-10-20 11:29:41,2025-10-20 11:30:00,short,5394.5,5393.0,1.0,15.0,24115.0,WDOStalkerV101-S,tp 5392.500
2025-10-21,2025-10-21 10:15:32,2025-10-21 10:24:32,long,5407.0,5408.5,1.0,15.0,24130.0,WDOStalkerV101-L,tp 5408.500
2025-10-21,2025-10-21 10:55:21,2025-10-21 10:56:47,long,5412.5,5414.5,1.0,20.0,24150.0,WDOStalkerV101-L,tp 5414.500
2025-10-21,2025-10-21 13:02:13,2025-10-21 13:02:59,short,5393.0,5390.0,1.0,30.0,24180.0,WDOStalkerV101-S,tp 5390.500
2025-10-22,2025-10-22 11:49:43,2025-10-22 11:50:43,long,5408.0,5410.0,1.0,20.0,24200.0,WDOStalkerV101-L,tp 5410.000
2025-10-22,2025-10-22 13:33:21,2025-10-22 13:45:43,long,5417.0,5409.5,1.0,-75.0,24125.0,WDOStalkerV101-L,sl 5410.000
2025-10-23,2025-10-23 11:10:41,2025-10-23 11:11:43,short,5396.5,5395.0,1.0,15.0,24140.0,WDOStalkerV101-S,tp 5394.500
2025-10-24,2025-10-24 10:15:00,2025-10-24 10:15:05,short,5379.5,5378.5,1.0,10.0,24150.0,WDOStalkerV101-S,tp 5378.000
2025-10-27,2025-10-27 11:30:59,2025-10-27 11:32:00,long,5387.0,5389.0,1.0,20.0,24170.0,WDOStalkerV101-L,tp 5389.000
2025-10-28,2025-10-28 10:52:32,2025-10-28 11:13:05,short,5376.0,5381.0,1.0,-50.0,24120.0,WDOStalkerV101-S,sl 5380.500
2025-10-30,2025-10-30 10:18:59,2025-10-30 10:32:59,long,5390.0,5383.5,1.0,-65.0,24055.0,WDOStalkerV101-L,sl 5383.500
2025-10-31,2025-10-31 12:28:59,2025-10-31 12:46:43,long,5427.0,5419.5,1.0,-75.0,23980.0,WDOStalkerV101-L,sl 5419.500
2025-11-03,2025-11-03 10:07:43,2025-11-03 10:13:59,short,5392.0,5390.0,1.0,20.0,24000.0,WDOStalkerV101-S,tp 5390.000
2025-11-03,2025-11-03 11:28:43,2025-11-03 11:30:43,short,5389.5,5387.5,1.0,20.0,24020.0,WDOStalkerV101-S,tp 5387.500
2025-11-03,2025-11-03 12:20:21,2025-11-03 12:25:21,short,5388.0,5394.0,1.0,-60.0,23960.0,WDOStalkerV101-S,sl 5393.500
2025-11-04,2025-11-04 10:09:00,2025-11-04 10:16:17,short,5417.0,5423.0,1.0,-60.0,23900.0,WDOStalkerV101-S,sl 5422.500
2025-11-04,2025-11-04 12:36:59,2025-11-04 12:39:59,short,5416.0,5414.0,1.0,20.0,23920.0,WDOStalkerV101-S,tp 5413.500
2025-11-06,2025-11-06 10:07:32,2025-11-06 10:07:38,short,5369.0,5368.0,1.0,10.0,23930.0,WDOStalkerV101-S,tp 5367.500
2025-11-06,2025-11-06 10:59:17,2025-11-06 10:59:23,short,5365.5,5364.5,1.0,10.0,23940.0,WDOStalkerV101-S,tp 5364.000
2025-11-06,2025-11-06 12:55:41,2025-11-06 13:27:41,long,5384.0,5387.0,1.0,30.0,23970.0,WDOStalkerV101-L,tp 5386.500
2025-11-07,2025-11-07 12:49:41,2025-11-07 12:50:32,short,5372.5,5371.0,1.0,15.0,23985.0,WDOStalkerV101-S,tp 5370.500
2025-11-10,2025-11-10 10:43:32,2025-11-10 10:44:21,long,5342.0,5343.5,1.0,15.0,24000.0,WDOStalkerV101-L,tp 5343.500
2025-11-11,2025-11-11 11:13:59,2025-11-11 11:20:41,short,5295.5,5294.0,1.0,15.0,24015.0,WDOStalkerV101-S,tp 5293.500
2025-11-11,2025-11-11 12:17:59,2025-11-11 12:37:43,short,5295.0,5301.5,1.0,-65.0,23950.0,WDOStalkerV101-S,sl 5301.000
2025-11-12,2025-11-12 14:16:05,2025-11-12 14:17:32,long,5313.5,5315.5,1.0,20.0,23970.0,WDOStalkerV101-L,tp 5315.500
2025-11-14,2025-11-14 11:33:35,2025-11-14 11:35:41,short,5315.0,5313.0,1.0,20.0,23990.0,WDOStalkerV101-S,tp 5312.500
2025-11-14,2025-11-14 11:40:41,2025-11-14 11:41:00,short,5314.0,5312.0,1.0,20.0,24010.0,WDOStalkerV101-S,tp 5311.500
2025-11-14,2025-11-14 13:37:21,2025-11-14 14:08:59,short,5300.0,5298.0,1.0,20.0,24030.0,WDOStalkerV101-S,tp 5297.500
2025-11-17,2025-11-17 11:16:05,2025-11-17 11:24:42,long,5321.5,5323.0,1.0,15.0,24045.0,WDOStalkerV101-L,tp 5323.000
2025-11-17,2025-11-17 12:22:05,2025-11-17 12:59:32,long,5323.5,5325.0,1.0,15.0,24060.0,WDOStalkerV101-L,tp 5325.000
2025-11-18,2025-11-18 10:37:59,2025-11-18 10:40:21,short,5340.0,5338.5,1.0,15.0,24075.0,WDOStalkerV101-S,tp 5338.000
2025-11-18,2025-11-18 10:59:59,2025-11-18 11:00:17,short,5336.0,5334.5,1.0,15.0,24090.0,WDOStalkerV101-S,tp 5334.000
2025-11-19,2025-11-19 10:04:21,2025-11-19 10:10:32,long,5347.0,5348.5,1.0,15.0,24105.0,WDOStalkerV101-L,tp 5348.500
2025-11-19,2025-11-19 11:35:05,2025-11-19 11:39:41,long,5349.5,5351.0,1.0,15.0,24120.0,WDOStalkerV101-L,tp 5351.000
2025-11-21,2025-11-21 12:49:43,2025-11-21 12:50:43,long,5422.5,5426.5,1.0,40.0,24160.0,WDOStalkerV101-L,tp 5426.000
2025-11-24,2025-11-24 10:34:23,2025-11-24 10:40:41,long,5405.0,5407.5,1.0,25.0,24185.0,WDOStalkerV101-L,tp 5407.500
2025-11-24,2025-11-24 11:22:59,2025-11-24 11:26:17,long,5408.0,5401.5,1.0,-65.0,24120.0,WDOStalkerV101-L,sl 5401.500
2025-11-25,2025-11-25 10:10:08,2025-11-25 10:10:11,short,5372.5,5371.5,1.0,10.0,24130.0,WDOStalkerV101-S,tp 5371.000
2025-11-25,2025-11-25 10:34:00,2025-11-25 10:34:05,short,5367.0,5366.0,1.0,10.0,24140.0,WDOStalkerV101-S,tp 5365.500
2025-11-25,2025-11-25 11:58:43,2025-11-25 12:08:40,long,5401.5,5395.0,1.0,-65.0,24075.0,WDOStalkerV101-L,sl 5395.000
2025-11-27,2025-11-27 12:16:38,2025-11-27 12:30:16,long,5349.5,5351.0,1.0,15.0,24090.0,WDOStalkerV101-L,tp 5351.000
2025-11-28,2025-11-28 10:06:06,2025-11-28 10:06:59,short,5378.0,5376.5,1.0,15.0,24105.0,WDOStalkerV101-S,tp 5376.000
2025-11-28,2025-11-28 11:08:32,2025-11-28 11:11:59,short,5370.0,5368.0,1.0,20.0,24125.0,WDOStalkerV101-S,tp 5367.500
2025-12-01,2025-12-01 10:10:10,2025-12-01 10:14:47,long,5379.5,5381.0,1.0,15.0,24140.0,WDOStalkerV101-L,tp 5381.000
2025-12-02,2025-12-02 11:28:21,2025-12-02 11:36:00,short,5377.0,5375.5,1.0,15.0,24155.0,WDOStalkerV101-S,tp 5375.000
2025-12-02,2025-12-02 12:09:00,2025-12-02 12:12:16,short,5375.0,5373.5,1.0,15.0,24170.0,WDOStalkerV101-S,tp 5373.000
2025-12-04,2025-12-04 10:30:02,2025-12-04 10:30:16,short,5325.0,5323.0,1.0,20.0,24190.0,WDOStalkerV101-S,tp 5323.500
2025-12-04,2025-12-04 11:35:43,2025-12-04 11:36:41,short,5324.5,5323.5,1.0,10.0,24200.0,WDOStalkerV101-S,tp 5323.000
2025-12-05,2025-12-05 12:09:21,2025-12-05 12:25:17,long,5365.5,5367.5,1.0,20.0,24220.0,WDOStalkerV101-L,tp 5367.500
2025-12-05,2025-12-05 13:21:59,2025-12-05 13:23:15,long,5412.0,5415.5,1.0,35.0,24255.0,WDOStalkerV101-L,tp 5415.500
2025-12-05,2025-12-05 14:01:21,2025-12-05 14:07:05,long,5427.5,5432.0,1.0,45.0,24300.0,WDOStalkerV101-L,tp 5432.000
2025-12-08,2025-12-08 11:34:43,2025-12-08 11:48:05,short,5427.0,5445.0,1.0,-180.0,24120.0,WDOStalkerV101-S,sl 5444.500
2025-12-08,2025-12-08 12:51:59,2025-12-08 13:18:05,long,5475.0,5460.5,1.0,-145.0,23975.0,WDOStalkerV101-L,sl 5461.000
2025-12-09,2025-12-09 10:17:21,2025-12-09 10:18:59,long,5484.5,5487.5,1.0,30.0,24005.0,WDOStalkerV101-L,tp 5487.500
2025-12-09,2025-12-09 10:47:17,2025-12-09 10:51:59,long,5503.0,5493.5,1.0,-95.0,23910.0,WDOStalkerV101-L,sl 5493.500
2025-12-10,2025-12-10 10:48:21,2025-12-10 10:49:39,long,5480.5,5483.0,1.0,25.0,23935.0,WDOStalkerV101-L,tp 5483.000
2025-12-10,2025-12-10 13:41:32,2025-12-10 13:50:43,long,5497.0,5500.0,1.0,30.0,23965.0,WDOStalkerV101-L,tp 5500.000
2025-12-11,2025-12-11 10:07:03,2025-12-11 10:07:59,short,5472.5,5469.5,1.0,30.0,23995.0,WDOStalkerV101-S,tp 5469.500
2025-12-12,2025-12-12 10:10:00,2025-12-12 10:11:41,short,5422.0,5420.5,1.0,15.0,24010.0,WDOStalkerV101-S,tp 5420.000
2025-12-12,2025-12-12 10:32:43,2025-12-12 10:33:05,short,5409.5,5407.5,1.0,20.0,24030.0,WDOStalkerV101-S,tp 5407.500
2025-12-12,2025-12-12 12:42:59,2025-12-12 12:58:14,long,5434.5,5437.5,1.0,30.0,24060.0,WDOStalkerV101-L,tp 5437.500
2025-12-15,2025-12-15 10:07:00,2025-12-15 10:09:43,short,5407.0,5405.0,1.0,20.0,24080.0,WDOStalkerV101-S,tp 5404.500
2025-12-16,2025-12-16 13:57:38,2025-12-16 14:03:16,long,5477.0,5466.5,1.0,-105.0,23975.0,WDOStalkerV101-L,sl 5466.500
2025-12-17,2025-12-17 13:19:41,2025-12-17 13:27:43,long,5533.5,5538.0,1.0,45.0,24020.0,WDOStalkerV101-L,tp 5538.000
2025-12-18,2025-12-18 13:00:21,2025-12-18 13:01:15,short,5529.0,5525.5,1.0,35.0,24055.0,WDOStalkerV101-S,tp 5525.000
2025-12-19,2025-12-19 10:48:43,2025-12-19 10:48:48,short,5536.5,5534.5,1.0,20.0,24075.0,WDOStalkerV101-S,tp 5534.000
2025-12-19,2025-12-19 11:05:47,2025-12-19 11:07:03,short,5525.5,5523.5,1.0,20.0,24095.0,WDOStalkerV101-S,tp 5523.000
2025-12-19,2025-12-19 12:11:32,2025-12-19 12:18:32,short,5520.0,5518.0,1.0,20.0,24115.0,WDOStalkerV101-S,tp 5517.500
2025-12-22,2025-12-22 10:09:05,2025-12-22 10:09:13,short,5532.0,5539.5,1.0,-75.0,24040.0,WDOStalkerV101-S,sl 5539.000
2025-12-22,2025-12-22 11:43:41,2025-12-22 11:46:32,long,5551.5,5554.0,1.0,25.0,24065.0,WDOStalkerV101-L,tp 5554.000
2025-12-23,2025-12-23 10:51:43,2025-12-23 11:04:41,short,5582.5,5580.0,1.0,25.0,24090.0,WDOStalkerV101-S,tp 5579.500
2025-12-26,2025-12-26 11:55:43,2025-12-26 11:56:47,short,5548.5,5546.5,1.0,20.0,24110.0,WDOStalkerV101-S,tp 5546.000
2025-12-26,2025-12-26 12:26:00,2025-12-26 12:27:00,short,5535.0,5532.5,1.0,25.0,24135.0,WDOStalkerV101-S,tp 5532.000
2025-12-29,2025-12-29 11:22:17,2025-12-29 11:23:05,long,5572.0,5574.0,1.0,20.0,24155.0,WDOStalkerV101-L,tp 5574.000
2026-01-02,2026-01-02 10:09:41,2026-01-02 10:11:00,short,5477.5,5475.5,1.0,20.0,24175.0,WDOStalkerV101-S,tp 5475.000
2026-01-02,2026-01-02 11:01:05,2026-01-02 11:04:43,short,5471.5,5469.5,1.0,20.0,24195.0,WDOStalkerV101-S,tp 5469.000
2026-01-02,2026-01-02 11:33:59,2026-01-02 11:41:30,short,5470.0,5478.5,1.0,-85.0,24110.0,WDOStalkerV101-S,sl 5478.000
2026-01-05,2026-01-05 10:09:21,2026-01-05 10:13:21,long,5479.5,5481.5,1.0,20.0,24130.0,WDOStalkerV101-L,tp 5481.500
2026-01-05,2026-01-05 10:43:29,2026-01-05 10:44:59,long,5481.0,5483.5,1.0,25.0,24155.0,WDOStalkerV101-L,tp 5483.000
2026-01-05,2026-01-05 12:36:05,2026-01-05 12:38:56,short,5461.0,5458.5,1.0,25.0,24180.0,WDOStalkerV101-S,tp 5458.000
2026-01-06,2026-01-06 10:29:32,2026-01-06 10:33:43,short,5428.0,5426.5,1.0,15.0,24195.0,WDOStalkerV101-S,tp 5426.000
2026-01-06,2026-01-06 12:23:59,2026-01-06 12:25:05,short,5411.0,5409.0,1.0,20.0,24215.0,WDOStalkerV101-S,tp 5408.500
2026-01-07,2026-01-07 10:15:20,2026-01-07 10:15:59,long,5418.5,5420.5,1.0,20.0,24235.0,WDOStalkerV101-L,tp 5420.500
2026-01-07,2026-01-07 11:45:43,2026-01-07 11:52:59,long,5424.5,5427.0,1.0,25.0,24260.0,WDOStalkerV101-L,tp 5427.000
2026-01-08,2026-01-08 10:06:10,2026-01-08 10:10:41,short,5412.0,5410.5,1.0,15.0,24275.0,WDOStalkerV101-S,tp 5410.500
2026-01-08,2026-01-08 11:18:41,2026-01-08 11:19:32,long,5423.0,5424.5,1.0,15.0,24290.0,WDOStalkerV101-L,tp 5424.500
2026-01-09,2026-01-09 10:30:10,2026-01-09 10:30:13,short,5405.0,5410.0,1.0,-50.0,24240.0,WDOStalkerV101-S,sl 5409.500
2026-01-09,2026-01-09 10:33:21,2026-01-09 10:33:24,short,5399.5,5398.0,1.0,15.0,24255.0,WDOStalkerV101-S,tp 5397.500
2026-01-09,2026-01-09 10:50:41,2026-01-09 10:51:05,short,5395.0,5393.5,1.0,15.0,24270.0,WDOStalkerV101-S,tp 5393.000
2026-01-12,2026-01-12 10:06:05,2026-01-12 10:06:43,long,5403.5,5405.5,1.0,20.0,24290.0,WDOStalkerV101-L,tp 5405.500
2026-01-13,2026-01-13 10:31:05,2026-01-13 10:31:10,short,5395.5,5394.5,1.0,10.0,24300.0,WDOStalkerV101-S,tp 5394.000
2026-01-13,2026-01-13 10:36:32,2026-01-13 10:40:43,short,5395.5,5400.5,1.0,-50.0,24250.0,WDOStalkerV101-S,sl 5400.000
2026-01-13,2026-01-13 11:40:41,2026-01-13 11:44:05,short,5394.0,5392.5,1.0,15.0,24265.0,WDOStalkerV101-S,tp 5392.000
2026-01-13,2026-01-13 12:35:32,2026-01-13 12:56:32,long,5408.0,5401.5,1.0,-65.0,24200.0,WDOStalkerV101-L,sl 5401.500
2026-01-13,2026-01-13 13:33:21,2026-01-13 15:36:56,long,5411.5,5404.0,1.0,-75.0,24125.0,WDOStalkerV101-L,sl 5404.000
2026-01-14,2026-01-14 11:10:08,2026-01-14 11:10:09,long,5429.5,5435.0,1.0,55.0,24180.0,WDOStalkerV101-L,tp 5432.000
2026-01-15,2026-01-15 10:04:00,2026-01-15 10:07:43,short,5401.0,5407.5,1.0,-65.0,24115.0,WDOStalkerV101-S,sl 5407.000
2026-01-15,2026-01-15 10:29:32,2026-01-15 10:30:43,long,5410.5,5413.5,1.0,30.0,24145.0,WDOStalkerV101-L,tp 5413.000
2026-01-15,2026-01-15 10:50:45,2026-01-15 10:56:15,long,5417.0,5419.5,1.0,25.0,24170.0,WDOStalkerV101-L,tp 5419.500
2026-01-16,2026-01-16 11:36:43,2026-01-16 11:46:43,long,5405.0,5399.0,1.0,-60.0,24110.0,WDOStalkerV101-L,sl 5399.500
2026-01-19,2026-01-19 10:15:16,2026-01-19 10:15:21,short,5381.5,5380.5,1.0,10.0,24120.0,WDOStalkerV101-S,tp 5380.000
2026-01-20,2026-01-20 10:36:32,2026-01-20 10:37:43,long,5413.5,5415.5,1.0,20.0,24140.0,WDOStalkerV101-L,tp 5415.500
2026-01-22,2026-01-22 12:34:32,2026-01-22 12:37:05,short,5319.0,5317.5,1.0,15.0,24155.0,WDOStalkerV101-S,tp 5317.000
2026-01-23,2026-01-23 10:10:21,2026-01-23 10:13:05,short,5291.5,5297.5,1.0,-60.0,24095.0,WDOStalkerV101-S,sl 5297.000
2026-01-23,2026-01-23 11:23:59,2026-01-23 11:35:35,long,5306.5,5308.5,1.0,20.0,24115.0,WDOStalkerV101-L,tp 5308.500
2026-01-23,2026-01-23 11:51:43,2026-01-23 11:52:32,long,5307.5,5309.5,1.0,20.0,24135.0,WDOStalkerV101-L,tp 5309.500
2026-01-26,2026-01-26 12:14:15,2026-01-26 12:25:32,short,5280.0,5278.0,1.0,20.0,24155.0,WDOStalkerV101-S,tp 5277.500
2026-01-26,2026-01-26 13:09:41,2026-01-26 14:11:59,short,5275.5,5283.5,1.0,-80.0,24075.0,WDOStalkerV101-S,sl 5283.000
2026-01-27,2026-01-27 11:19:05,2026-01-27 11:19:59,short,5257.5,5256.0,1.0,15.0,24090.0,WDOStalkerV101-S,tp 5255.500
2026-01-28,2026-01-28 12:10:16,2026-01-28 12:17:59,long,5199.0,5202.5,1.0,35.0,24125.0,WDOStalkerV101-L,tp 5202.500
2026-01-28,2026-01-28 12:23:43,2026-01-28 12:27:59,long,5201.0,5205.0,1.0,40.0,24165.0,WDOStalkerV101-L,tp 5204.500
2026-01-28,2026-01-28 13:07:29,2026-01-28 13:10:27,long,5205.5,5209.5,1.0,40.0,24205.0,WDOStalkerV101-L,tp 5209.500
2026-01-29,2026-01-29 11:51:59,2026-01-29 11:53:20,short,5177.0,5186.0,1.0,-90.0,24115.0,WDOStalkerV101-S,sl 5184.500
2026-01-29,2026-01-29 12:21:14,2026-01-29 12:25:32,long,5231.5,5235.5,1.0,40.0,24155.0,WDOStalkerV101-L,tp 5235.500
2026-01-30,2026-01-30 10:03:43,2026-01-30 10:06:41,long,5253.5,5256.5,1.0,30.0,24185.0,WDOStalkerV101-L,tp 5256.500
2026-01-30,2026-01-30 11:06:21,2026-01-30 11:14:43,long,5263.5,5254.5,1.0,-90.0,24095.0,WDOStalkerV101-L,sl 5254.500
2026-02-02,2026-02-02 11:32:32,2026-02-02 11:37:41,long,5300.5,5291.5,1.0,-90.0,24005.0,WDOStalkerV101-L,sl 5291.500
2026-02-03,2026-02-03 10:21:19,2026-02-03 10:38:43,short,5258.5,5257.0,1.0,15.0,24020.0,WDOStalkerV101-S,tp 5256.500
2026-02-03,2026-02-03 11:05:29,2026-02-03 11:09:00,short,5249.0,5247.0,1.0,20.0,24040.0,WDOStalkerV101-S,tp 5246.500
2026-02-03,2026-02-03 11:47:17,2026-02-03 11:48:40,short,5246.0,5244.0,1.0,20.0,24060.0,WDOStalkerV101-S,tp 5243.500
2026-02-04,2026-02-04 11:45:03,2026-02-04 11:53:56,long,5265.0,5267.5,1.0,25.0,24085.0,WDOStalkerV101-L,tp 5267.500
2026-02-04,2026-02-04 12:40:43,2026-02-04 12:42:21,long,5272.5,5275.0,1.0,25.0,24110.0,WDOStalkerV101-L,tp 5275.000
2026-02-04,2026-02-04 13:57:29,2026-02-04 14:09:43,long,5274.5,5266.5,1.0,-80.0,24030.0,WDOStalkerV101-L,sl 5266.500
2026-02-05,2026-02-05 11:32:10,2026-02-05 11:35:05,short,5273.5,5271.5,1.0,20.0,24050.0,WDOStalkerV101-S,tp 5271.000
2026-02-05,2026-02-05 11:57:43,2026-02-05 12:00:02,short,5270.5,5268.0,1.0,25.0,24075.0,WDOStalkerV101-S,tp 5268.000
2026-02-05,2026-02-05 12:53:17,2026-02-05 13:05:21,long,5300.5,5305.0,1.0,45.0,24120.0,WDOStalkerV101-L,tp 5304.000
2026-02-06,2026-02-06 10:03:16,2026-02-06 10:04:08,long,5271.0,5263.0,1.0,-80.0,24040.0,WDOStalkerV101-L,sl 5263.500
2026-02-06,2026-02-06 11:52:40,2026-02-06 12:03:41,short,5245.0,5255.0,1.0,-100.0,23940.0,WDOStalkerV101-S,sl 5254.500
2026-02-09,2026-02-09 10:15:03,2026-02-09 10:17:05,short,5217.5,5215.0,1.0,25.0,23965.0,WDOStalkerV101-S,tp 5215.000
2026-02-09,2026-02-09 10:28:29,2026-02-09 10:38:59,short,5216.5,5224.5,1.0,-80.0,23885.0,WDOStalkerV101-S,sl 5223.500
2026-02-09,2026-02-09 11:50:32,2026-02-09 11:56:05,short,5214.5,5212.5,1.0,20.0,23905.0,WDOStalkerV101-S,tp 5212.000
2026-02-09,2026-02-09 13:30:32,2026-02-09 14:10:00,short,5210.5,5208.0,1.0,25.0,23930.0,WDOStalkerV101-S,tp 5207.500
2026-02-10,2026-02-10 10:14:29,2026-02-10 10:21:17,long,5223.5,5225.5,1.0,20.0,23950.0,WDOStalkerV101-L,tp 5225.500
2026-02-10,2026-02-10 11:35:59,2026-02-10 11:42:59,short,5208.5,5215.5,1.0,-70.0,23880.0,WDOStalkerV101-S,sl 5214.500
2026-02-10,2026-02-10 12:19:43,2026-02-10 12:25:21,long,5224.0,5226.5,1.0,25.0,23905.0,WDOStalkerV101-L,tp 5226.500
2026-02-11,2026-02-11 10:32:32,2026-02-11 10:33:07,long,5212.5,5214.5,1.0,20.0,23925.0,WDOStalkerV101-L,tp 5214.500
2026-02-11,2026-02-11 10:35:59,2026-02-11 10:38:43,long,5213.0,5215.0,1.0,20.0,23945.0,WDOStalkerV101-L,tp 5215.000
2026-02-12,2026-02-12 10:41:59,2026-02-12 10:57:17,short,5188.0,5186.5,1.0,15.0,23960.0,WDOStalkerV101-S,tp 5186.000
2026-02-12,2026-02-12 11:23:00,2026-02-12 11:23:43,short,5181.0,5179.5,1.0,15.0,23975.0,WDOStalkerV101-S,tp 5179.000
2026-02-12,2026-02-12 12:10:41,2026-02-12 12:12:32,short,5180.0,5178.5,1.0,15.0,23990.0,WDOStalkerV101-S,tp 5178.000
2026-02-12,2026-02-12 12:26:05,2026-02-12 12:32:59,short,5178.5,5185.0,1.0,-65.0,23925.0,WDOStalkerV101-S,sl 5184.500
2026-02-12,2026-02-12 13:36:59,2026-02-12 13:37:41,long,5207.5,5210.5,1.0,30.0,23955.0,WDOStalkerV101-L,tp 5210.500
2026-02-13,2026-02-13 10:00:32,2026-02-13 10:04:05,short,5231.0,5228.5,1.0,25.0,23980.0,WDOStalkerV101-S,tp 5228.500
2026-02-13,2026-02-13 10:31:58,2026-02-13 10:35:43,short,5224.5,5222.5,1.0,20.0,24000.0,WDOStalkerV101-S,tp 5222.000
2026-02-13,2026-02-13 11:44:21,2026-02-13 11:46:42,long,5252.5,5243.5,1.0,-90.0,23910.0,WDOStalkerV101-L,sl 5243.500
2026-02-13,2026-02-13 12:09:10,2026-02-13 12:16:40,long,5253.0,5256.5,1.0,35.0,23945.0,WDOStalkerV101-L,tp 5256.500
2026-02-18,2026-02-18 13:19:43,2026-02-18 13:20:29,long,5224.0,5226.0,1.0,20.0,23965.0,WDOStalkerV101-L,tp 5226.000
2026-02-18,2026-02-18 14:06:43,2026-02-18 14:09:29,long,5227.0,5229.5,1.0,25.0,23990.0,WDOStalkerV101-L,tp 5229.500
2026-02-19,2026-02-19 11:13:59,2026-02-19 11:15:32,short,5237.0,5235.0,1.0,20.0,24010.0,WDOStalkerV101-S,tp 5234.500
2026-02-20,2026-02-20 11:04:29,2026-02-20 11:04:47,short,5217.5,5216.0,1.0,15.0,24025.0,WDOStalkerV101-S,tp 5215.500
2026-02-20,2026-02-20 11:57:32,2026-02-20 11:59:41,short,5208.5,5207.0,1.0,15.0,24040.0,WDOStalkerV101-S,tp 5206.500
2026-02-20,2026-02-20 12:03:02,2026-02-20 12:03:21,short,5202.0,5200.0,1.0,20.0,24060.0,WDOStalkerV101-S,tp 5199.500
2026-02-23,2026-02-23 10:56:43,2026-02-23 11:00:21,short,5176.5,5175.0,1.0,15.0,24075.0,WDOStalkerV101-S,tp 5174.500
2026-02-23,2026-02-23 12:32:32,2026-02-23 12:33:40,short,5158.5,5157.0,1.0,15.0,24090.0,WDOStalkerV101-S,tp 5156.500
2026-02-24,2026-02-24 12:09:05,2026-02-24 12:09:32,short,5173.5,5172.0,1.0,15.0,24105.0,WDOStalkerV101-S,tp 5171.500
2026-02-25,2026-02-25 11:16:05,2026-02-25 11:34:43,long,5150.0,5142.5,1.0,-75.0,24030.0,WDOStalkerV101-L,sl 5143.000
2026-02-25,2026-02-25 12:53:00,2026-02-25 12:53:13,long,5158.5,5149.5,1.0,-90.0,23940.0,WDOStalkerV101-L,sl 5150.000
2026-02-26,2026-02-26 10:04:32,2026-02-26 10:07:41,short,5128.5,5127.5,1.0,10.0,23950.0,WDOStalkerV101-S,tp 5127.000
2026-02-26,2026-02-26 11:33:43,2026-02-26 11:37:17,long,5143.5,5145.5,1.0,20.0,23970.0,WDOStalkerV101-L,tp 5145.500
2026-02-26,2026-02-26 12:00:05,2026-02-26 12:01:16,long,5147.0,5149.5,1.0,25.0,23995.0,WDOStalkerV101-L,tp 5149.000
2026-02-26,2026-02-26 12:30:05,2026-02-26 12:30:40,long,5153.0,5155.0,1.0,20.0,24015.0,WDOStalkerV101-L,tp 5155.000
2026-02-27,2026-02-27 10:50:05,2026-02-27 10:50:42,long,5201.5,5204.5,1.0,30.0,24045.0,WDOStalkerV101-L,tp 5204.500
2026-02-27,2026-02-27 13:49:43,2026-02-27 17:02:35,short,5177.5,5174.5,1.0,30.0,24075.0,WDOStalkerV101-S,tp 5174.000
2026-03-02,2026-03-02 10:23:16,2026-03-02 10:27:35,long,5231.5,5234.5,1.0,30.0,24105.0,WDOStalkerV101-L,tp 5234.500
2026-03-02,2026-03-02 11:08:43,2026-03-02 11:16:14,long,5236.0,5240.0,1.0,40.0,24145.0,WDOStalkerV101-L,tp 5239.500
2026-03-03,2026-03-03 12:31:21,2026-03-03 12:33:14,long,5355.0,5360.5,1.0,55.0,24200.0,WDOStalkerV101-L,tp 5360.500
2026-03-05,2026-03-05 11:30:23,2026-03-05 11:33:43,long,5290.5,5280.5,1.0,-100.0,24100.0,WDOStalkerV101-L,sl 5281.000
2026-03-05,2026-03-05 12:08:21,2026-03-05 12:21:21,short,5271.0,5282.0,1.0,-110.0,23990.0,WDOStalkerV101-S,sl 5281.500
2026-03-05,2026-03-05 13:32:43,2026-03-05 13:59:32,long,5307.5,5294.5,1.0,-130.0,23860.0,WDOStalkerV101-L,sl 5294.500
2026-03-06,2026-03-06 10:21:43,2026-03-06 10:28:43,short,5317.0,5312.5,1.0,45.0,23905.0,WDOStalkerV101-S,tp 5312.500
2026-03-06,2026-03-06 10:40:43,2026-03-06 10:43:43,short,5313.0,5308.5,1.0,45.0,23950.0,WDOStalkerV101-S,tp 5308.500
2026-03-06,2026-03-06 11:12:20,2026-03-06 11:33:02,long,5341.0,5327.5,1.0,-135.0,23815.0,WDOStalkerV101-L,sl 5327.500
2026-03-09,2026-03-09 11:11:16,2026-03-09 11:14:41,short,5257.5,5254.0,1.0,35.0,23850.0,WDOStalkerV101-S,tp 5253.500
2026-03-09,2026-03-09 12:50:16,2026-03-09 12:51:21,short,5253.5,5249.5,1.0,40.0,23890.0,WDOStalkerV101-S,tp 5249.000
2026-03-10,2026-03-10 10:24:05,2026-03-10 10:33:08,long,5205.0,5210.0,1.0,50.0,23940.0,WDOStalkerV101-L,tp 5209.000
2026-03-10,2026-03-10 13:20:47,2026-03-10 13:31:29,short,5180.5,5177.5,1.0,30.0,23970.0,WDOStalkerV101-S,tp 5177.000
2026-03-12,2026-03-12 10:24:05,2026-03-12 10:24:43,long,5206.5,5209.5,1.0,30.0,24000.0,WDOStalkerV101-L,tp 5209.500
2026-03-12,2026-03-12 10:50:32,2026-03-12 10:52:20,long,5219.0,5222.0,1.0,30.0,24030.0,WDOStalkerV101-L,tp 5222.000
2026-03-12,2026-03-12 11:01:32,2026-03-12 11:06:43,long,5228.0,5232.5,1.0,45.0,24075.0,WDOStalkerV101-L,tp 5231.000
2026-03-12,2026-03-12 12:34:41,2026-03-12 12:35:59,long,5242.5,5246.5,1.0,40.0,24115.0,WDOStalkerV101-L,tp 5246.500
2026-03-13,2026-03-13 10:49:29,2026-03-13 10:53:17,short,5246.0,5242.5,1.0,35.0,24150.0,WDOStalkerV101-S,tp 5242.500
2026-03-13,2026-03-13 10:57:43,2026-03-13 10:58:43,short,5245.5,5242.5,1.0,30.0,24180.0,WDOStalkerV101-S,tp 5242.000
2026-03-13,2026-03-13 12:08:43,2026-03-13 12:17:32,long,5271.5,5276.5,1.0,50.0,24230.0,WDOStalkerV101-L,tp 5275.500
2026-03-13,2026-03-13 12:47:13,2026-03-13 12:49:21,long,5299.0,5305.0,1.0,60.0,24290.0,WDOStalkerV101-L,tp 5304.000
2026-03-16,2026-03-16 11:04:43,2026-03-16 11:06:59,short,5280.5,5276.5,1.0,40.0,24330.0,WDOStalkerV101-S,tp 5276.500
2026-03-17,2026-03-17 10:53:43,2026-03-17 10:54:40,short,5224.0,5221.5,1.0,25.0,24355.0,WDOStalkerV101-S,tp 5221.000
2026-03-17,2026-03-17 11:17:59,2026-03-17 11:18:48,short,5221.0,5218.5,1.0,25.0,24380.0,WDOStalkerV101-S,tp 5218.000
2026-03-18,2026-03-18 10:29:43,2026-03-18 10:54:43,long,5235.5,5239.0,1.0,35.0,24415.0,WDOStalkerV101-L,tp 5238.500
2026-03-19,2026-03-19 10:16:19,2026-03-19 10:19:08,long,5311.5,5296.5,1.0,-150.0,24265.0,WDOStalkerV101-L,sl 5296.500
2026-03-19,2026-03-19 12:26:43,2026-03-19 12:56:01,short,5268.0,5261.5,1.0,65.0,24330.0,WDOStalkerV101-S,tp 5261.500
